event_id,recording,start_s,force_peak_s,end_s,reason
2026-08-08_142130_319119_1_R1_TEST1__P106,2026-08-08_142130_319119_1_R1_TEST1,92.3529868,92.5278858,92.7125579,fewer_than_3_camera_samples
2026-08-08_142130_319119_1_R1_TEST1__P128,2026-08-08_142130_319119_1_R1_TEST1,105.0233059,105.1111783,105.2983326,fewer_than_3_camera_samples
2026-08-08_142130_319119_1_R1_TEST1__P129,2026-08-08_142130_319119_1_R1_TEST1,105.2983326,105.3869835,105.5734975,fewer_than_3_camera_samples
2026-08-08_152554_893849_1_R1_TEST2__P069,2026-08-08_152554_893849_1_R1_TEST2,45.226374,45.4084629,45.5918448,fewer_than_3_camera_samples
2026-08-08_152554_893849_1_R1_TEST2__P074,2026-08-08_152554_893849_1_R1_TEST2,47.2451144,47.4287628,47.6126518,fewer_than_3_camera_samples
2026-08-08_153239_266323_1_R1_TEST3__P067,2026-08-08_153239_266323_1_R1_TEST3,56.5864227,56.7738265,56.8636704,fewer_than_3_camera_samples
2026-08-08_153239_266323_1_R1_TEST3__P069,2026-08-08_153239_266323_1_R1_TEST3,57.3235696,57.5073957,57.5968468,fewer_than_3_camera_samples
2026-08-08_153239_266323_1_R1_TEST3__P071,2026-08-08_153239_266323_1_R1_TEST3,57.9692207,58.0575331,58.2396743,fewer_than_3_camera_samples
2026-08-08_153239_266323_1_R1_TEST3__P079,2026-08-08_153239_266323_1_R1_TEST3,61.2812161,61.3682699,61.5477336,fewer_than_3_camera_samples
2026-08-08_153239_266323_1_R1_TEST3__P088,2026-08-08_153239_266323_1_R1_TEST3,65.1311142,65.2229719,65.4068153,fewer_than_3_camera_samples
2026-08-08_153239_266323_1_R1_TEST3__P091,2026-08-08_153239_266323_1_R1_TEST3,66.3280919,66.5093371,66.693281,fewer_than_3_camera_samples
2026-08-08_153748_136127_1_R1_TEST4__P035,2026-08-08_153748_136127_1_R1_TEST4,20.8273289,21.0059515,21.1897862,fewer_than_3_camera_samples
2026-08-08_153748_136127_1_R1_TEST4__P051,2026-08-08_153748_136127_1_R1_TEST4,27.9019525,28.0815397,28.2651307,fewer_than_3_camera_samples
2026-08-08_153748_136127_1_R1_TEST4__P056,2026-08-08_153748_136127_1_R1_TEST4,30.0175416,30.1949745,30.3787747,fewer_than_3_camera_samples
2026-08-08_153748_136127_1_R1_TEST4__P058,2026-08-08_153748_136127_1_R1_TEST4,30.8399352,31.0219808,31.2069954,fewer_than_3_camera_samples
2026-08-08_153748_136127_1_R1_TEST4__P061,2026-08-08_153748_136127_1_R1_TEST4,31.9412237,32.1246171,32.2283536,fewer_than_3_camera_samples
2026-08-08_153748_136127_1_R1_TEST4__P063,2026-08-08_153748_136127_1_R1_TEST4,32.5860566,32.6760536,32.8624796,fewer_than_3_camera_samples
2026-08-08_153748_136127_1_R1_TEST4__P064,2026-08-08_153748_136127_1_R1_TEST4,32.8624796,33.0476867,33.2275396,fewer_than_3_camera_samples
2026-08-08_153748_136127_1_R1_TEST4__P070,2026-08-08_153748_136127_1_R1_TEST4,35.2499449,35.4327873,35.6173071,fewer_than_3_camera_samples
2026-08-08_153748_136127_1_R1_TEST4__P073,2026-08-08_153748_136127_1_R1_TEST4,36.445562,36.6371153,36.811471,fewer_than_3_camera_samples
2026-08-08_154344_572251_1_R1_TEST6__P059,2026-08-08_154344_572251_1_R1_TEST6,32.0241235,32.2172066,32.3950352,fewer_than_3_camera_samples
2026-08-08_170648_802374_1_R1_TEST7__P005,2026-08-08_170648_802374_1_R1_TEST7,3.773357,3.939969,4.1340272,fewer_than_3_camera_samples
2026-08-08_170648_802374_1_R1_TEST7__P013,2026-08-08_170648_802374_1_R1_TEST7,7.0797267,7.2617143,7.446394,fewer_than_3_camera_samples
2026-08-08_170648_802374_1_R1_TEST7__P016,2026-08-08_170648_802374_1_R1_TEST7,8.2709192,8.4682558,8.6310234,fewer_than_3_camera_samples
2026-08-08_170648_802374_1_R1_TEST7__P019,2026-08-08_170648_802374_1_R1_TEST7,9.3753981,9.575464,9.7309968,fewer_than_3_camera_samples
2026-08-08_170648_802374_1_R1_TEST7__P022,2026-08-08_170648_802374_1_R1_TEST7,10.5618836,10.6540134,10.8349236,fewer_than_3_camera_samples
2026-08-08_170648_802374_1_R1_TEST7__P026,2026-08-08_170648_802374_1_R1_TEST7,12.0317618,12.2129572,12.4087822,fewer_than_3_camera_samples
2026-08-08_170648_802374_1_R1_TEST7__P031,2026-08-08_170648_802374_1_R1_TEST7,13.8717721,14.0631028,14.235242,fewer_than_3_camera_samples
2026-08-08_170648_802374_1_R1_TEST7__P033,2026-08-08_170648_802374_1_R1_TEST7,14.7138479,14.8945842,15.0820755,fewer_than_3_camera_samples
2026-08-08_170648_802374_1_R1_TEST7__P037,2026-08-08_170648_802374_1_R1_TEST7,16.1741398,16.3492349,16.5362132,fewer_than_3_camera_samples
2026-08-08_170648_802374_1_R1_TEST7__P040,2026-08-08_170648_802374_1_R1_TEST7,17.2795111,17.4743028,17.5622811,fewer_than_3_camera_samples
2026-08-08_170648_802374_1_R1_TEST7__P043,2026-08-08_170648_802374_1_R1_TEST7,18.2876458,18.484384,18.578159,fewer_than_3_camera_samples
2026-08-08_170648_802374_1_R1_TEST7__P045,2026-08-08_170648_802374_1_R1_TEST7,18.9483811,19.1153534,19.2119493,fewer_than_3_camera_samples
2026-08-08_170648_802374_1_R1_TEST7__P047,2026-08-08_170648_802374_1_R1_TEST7,19.6705891,19.8424014,19.9459197,fewer_than_3_camera_samples
2026-08-08_174349_809996_1_R1_TEST1_v2__P023,2026-08-08_174349_809996_1_R1_TEST1_v2,14.2911639,14.4727301,14.6614657,fewer_than_3_camera_samples
2026-08-08_174349_809996_1_R1_TEST1_v2__P026,2026-08-08_174349_809996_1_R1_TEST1_v2,15.4852674,15.5758052,15.7609313,fewer_than_3_camera_samples
2026-08-08_174349_809996_1_R1_TEST1_v2__P027,2026-08-08_174349_809996_1_R1_TEST1_v2,15.7609313,15.9434749,16.1274625,fewer_than_3_camera_samples
2026-08-08_174349_809996_1_R1_TEST1_v2__P030,2026-08-08_174349_809996_1_R1_TEST1_v2,16.9544927,17.1380753,17.3221743,fewer_than_3_camera_samples
2026-08-08_174349_809996_1_R1_TEST1_v2__P035,2026-08-08_174349_809996_1_R1_TEST1_v2,18.8845963,18.9762785,19.1601252,fewer_than_3_camera_samples
2026-08-08_174349_809996_1_R1_TEST1_v2__P037,2026-08-08_174349_809996_1_R1_TEST1_v2,19.5277122,19.6213224,19.8036827,fewer_than_3_camera_samples
2026-08-08_174349_809996_1_R1_TEST1_v2__P039,2026-08-08_174349_809996_1_R1_TEST1_v2,20.1730938,20.3549223,20.5390574,fewer_than_3_camera_samples
2026-08-08_174349_809996_1_R1_TEST1_v2__P041,2026-08-08_174349_809996_1_R1_TEST1_v2,20.9062978,21.0955201,21.182306,fewer_than_3_camera_samples
2026-08-08_174349_809996_1_R1_TEST1_v2__P044,2026-08-08_174349_809996_1_R1_TEST1_v2,21.9207606,22.0094794,22.1931682,fewer_than_3_camera_samples
2026-08-08_174349_809996_1_R1_TEST1_v2__P046,2026-08-08_174349_809996_1_R1_TEST1_v2,22.5639828,22.6576585,22.8430413,fewer_than_3_camera_samples
2026-08-08_174349_809996_1_R1_TEST1_v2__P047,2026-08-08_174349_809996_1_R1_TEST1_v2,22.8430413,23.0203404,23.1122098,fewer_than_3_camera_samples
2026-08-08_174349_809996_1_R1_TEST1_v2__P048,2026-08-08_174349_809996_1_R1_TEST1_v2,23.1122098,23.2961823,23.4802263,fewer_than_3_camera_samples
2026-08-08_174349_809996_1_R1_TEST1_v2__P050,2026-08-08_174349_809996_1_R1_TEST1_v2,23.7585918,23.9393169,24.1235922,fewer_than_3_camera_samples
2026-08-08_174349_809996_1_R1_TEST1_v2__P051,2026-08-08_174349_809996_1_R1_TEST1_v2,24.1235922,24.3099515,24.4034808,fewer_than_3_camera_samples
2026-08-08_174349_809996_1_R1_TEST1_v2__P053,2026-08-08_174349_809996_1_R1_TEST1_v2,24.7667351,24.8622827,25.0424905,fewer_than_3_camera_samples
2026-08-08_174349_809996_1_R1_TEST1_v2__P055,2026-08-08_174349_809996_1_R1_TEST1_v2,25.409954,25.5940563,25.6859053,fewer_than_3_camera_samples
2026-08-08_174349_809996_1_R1_TEST1_v2__P057,2026-08-08_174349_809996_1_R1_TEST1_v2,26.0593917,26.2376188,26.3308851,fewer_than_3_camera_samples
2026-08-08_174349_809996_1_R1_TEST1_v2__P059,2026-08-08_174349_809996_1_R1_TEST1_v2,26.7030923,26.7888182,26.9724109,fewer_than_3_camera_samples
2026-08-08_174349_809996_1_R1_TEST1_v2__P060,2026-08-08_174349_809996_1_R1_TEST1_v2,26.9724109,27.1562692,27.2503469,fewer_than_3_camera_samples
2026-08-08_174349_809996_1_R1_TEST1_v2__P062,2026-08-08_174349_809996_1_R1_TEST1_v2,27.616432,27.7079245,27.9071573,fewer_than_3_camera_samples
2026-08-08_174349_809996_1_R1_TEST1_v2__P063,2026-08-08_174349_809996_1_R1_TEST1_v2,27.9071573,27.9836818,28.1683827,fewer_than_3_camera_samples
2026-08-08_174349_809996_1_R1_TEST1_v2__P064,2026-08-08_174349_809996_1_R1_TEST1_v2,28.1683827,28.2594699,28.4447329,fewer_than_3_camera_samples
2026-08-08_174349_809996_1_R1_TEST1_v2__P065,2026-08-08_174349_809996_1_R1_TEST1_v2,28.4447329,28.5352816,28.7187675,fewer_than_3_camera_samples
2026-08-08_174349_809996_1_R1_TEST1_v2__P066,2026-08-08_174349_809996_1_R1_TEST1_v2,28.7187675,28.8107443,28.9996065,fewer_than_3_camera_samples
2026-08-08_174349_809996_1_R1_TEST1_v2__P067,2026-08-08_174349_809996_1_R1_TEST1_v2,28.9996065,29.1783874,29.2701523,fewer_than_3_camera_samples
2026-08-08_174349_809996_1_R1_TEST1_v2__P068,2026-08-08_174349_809996_1_R1_TEST1_v2,29.2701523,29.4542803,29.5549174,fewer_than_3_camera_samples
2026-08-08_174349_809996_1_R1_TEST1_v2__P069,2026-08-08_174349_809996_1_R1_TEST1_v2,29.5549174,29.7303633,29.8219797,fewer_than_3_camera_samples
2026-08-08_174349_809996_1_R1_TEST1_v2__P070,2026-08-08_174349_809996_1_R1_TEST1_v2,29.8219797,30.0057387,30.0973102,fewer_than_3_camera_samples
2026-08-08_174349_809996_1_R1_TEST1_v2__P071,2026-08-08_174349_809996_1_R1_TEST1_v2,30.0973102,30.2815827,30.3734367,fewer_than_3_camera_samples
2026-08-08_174349_809996_1_R1_TEST1_v2__P072,2026-08-08_174349_809996_1_R1_TEST1_v2,30.3734367,30.5571235,30.6551419,fewer_than_3_camera_samples
2026-08-08_174349_809996_1_R1_TEST1_v2__P073,2026-08-08_174349_809996_1_R1_TEST1_v2,30.6551419,30.8346374,30.924977,fewer_than_3_camera_samples
2026-08-08_174349_809996_1_R1_TEST1_v2__P074,2026-08-08_174349_809996_1_R1_TEST1_v2,30.924977,31.0163968,31.2004938,fewer_than_3_camera_samples
2026-08-08_174349_809996_1_R1_TEST1_v2__P075,2026-08-08_174349_809996_1_R1_TEST1_v2,31.2004938,31.2932229,31.3855353,fewer_than_3_camera_samples
2026-08-08_174349_809996_1_R1_TEST1_v2__P076,2026-08-08_174349_809996_1_R1_TEST1_v2,31.3855353,31.5681897,31.6617912,fewer_than_3_camera_samples
2026-08-08_174349_809996_1_R1_TEST1_v2__P080,2026-08-08_174349_809996_1_R1_TEST1_v2,33.2226177,33.3144097,33.51264,fewer_than_3_camera_samples
2026-08-08_174349_809996_1_R1_TEST1_v2__P081,2026-08-08_174349_809996_1_R1_TEST1_v2,33.51264,33.6820766,33.7760882,fewer_than_3_camera_samples
2026-08-08_174349_809996_1_R1_TEST1_v2__P082,2026-08-08_174349_809996_1_R1_TEST1_v2,33.7760882,33.9577055,34.0527219,fewer_than_3_camera_samples
2026-08-08_174349_809996_1_R1_TEST1_v2__P083,2026-08-08_174349_809996_1_R1_TEST1_v2,34.0527219,34.2337437,34.3252178,fewer_than_3_camera_samples
2026-08-08_174349_809996_1_R1_TEST1_v2__P085,2026-08-08_174349_809996_1_R1_TEST1_v2,34.7073202,34.7849767,34.9697864,fewer_than_3_camera_samples
2026-08-08_174349_809996_1_R1_TEST1_v2__P086,2026-08-08_174349_809996_1_R1_TEST1_v2,34.9697864,35.0609478,35.2504148,fewer_than_3_camera_samples
2026-08-08_174349_809996_1_R1_TEST1_v2__P087,2026-08-08_174349_809996_1_R1_TEST1_v2,35.2504148,35.3364879,35.5201792,fewer_than_3_camera_samples
2026-08-08_174349_809996_1_R1_TEST1_v2__P088,2026-08-08_174349_809996_1_R1_TEST1_v2,35.5201792,35.7042673,35.8013505,fewer_than_3_camera_samples
2026-08-08_174349_809996_1_R1_TEST1_v2__P089,2026-08-08_174349_809996_1_R1_TEST1_v2,35.8013505,35.9800185,36.0715753,fewer_than_3_camera_samples
2026-08-08_174349_809996_1_R1_TEST1_v2__P091,2026-08-08_174349_809996_1_R1_TEST1_v2,36.4392549,36.531326,36.7165245,fewer_than_3_camera_samples
2026-08-08_174349_809996_1_R1_TEST1_v2__P092,2026-08-08_174349_809996_1_R1_TEST1_v2,36.7165245,36.8070171,36.9907743,fewer_than_3_camera_samples
2026-08-08_174349_809996_1_R1_TEST1_v2__P093,2026-08-08_174349_809996_1_R1_TEST1_v2,36.9907743,37.1748498,37.2664407,fewer_than_3_camera_samples
2026-08-08_174349_809996_1_R1_TEST1_v2__P095,2026-08-08_174349_809996_1_R1_TEST1_v2,37.6343402,37.7262457,37.9143093,fewer_than_3_camera_samples
2026-08-08_174349_809996_1_R1_TEST1_v2__P096,2026-08-08_174349_809996_1_R1_TEST1_v2,37.9143093,38.0937264,38.2776886,fewer_than_3_camera_samples
2026-08-08_174349_809996_1_R1_TEST1_v2__P097,2026-08-08_174349_809996_1_R1_TEST1_v2,38.2776886,38.3692787,38.5532457,fewer_than_3_camera_samples
2026-08-08_174349_809996_1_R1_TEST1_v2__P099,2026-08-08_174349_809996_1_R1_TEST1_v2,39.1964934,39.2978488,39.472361,fewer_than_3_camera_samples
2026-08-08_142601_715359_1_R2_TEST1__P034,2026-08-08_142601_715359_1_R2_TEST1,30.8452931,30.9371552,31.2129906,fewer_than_3_camera_samples
2026-08-08_142601_715359_1_R2_TEST1__P037,2026-08-08_142601_715359_1_R2_TEST1,32.3226494,32.4072002,32.4988478,fewer_than_3_camera_samples
2026-08-08_142601_715359_1_R2_TEST1__P039,2026-08-08_142601_715359_1_R2_TEST1,32.9652127,33.0502408,33.1417618,fewer_than_3_camera_samples
2026-08-08_142601_715359_1_R2_TEST1__P041,2026-08-08_142601_715359_1_R2_TEST1,33.6009307,33.6927243,33.7883388,fewer_than_3_camera_samples
2026-08-08_142601_715359_1_R2_TEST1__P043,2026-08-08_142601_715359_1_R2_TEST1,34.2441643,34.4289846,34.5227768,fewer_than_3_camera_samples
2026-08-08_142601_715359_1_R2_TEST1__P044,2026-08-08_142601_715359_1_R2_TEST1,34.5227768,34.6115026,34.7142036,fewer_than_3_camera_samples
2026-08-08_142601_715359_1_R2_TEST1__P045,2026-08-08_142601_715359_1_R2_TEST1,34.7142036,34.7952486,34.9855098,fewer_than_3_camera_samples
2026-08-08_142601_715359_1_R2_TEST1__P046,2026-08-08_142601_715359_1_R2_TEST1,34.9855098,35.0707882,35.1623412,fewer_than_3_camera_samples
2026-08-08_142601_715359_1_R2_TEST1__P047,2026-08-08_142601_715359_1_R2_TEST1,35.1623412,35.2543454,35.347014,fewer_than_3_camera_samples
2026-08-08_142601_715359_1_R2_TEST1__P048,2026-08-08_142601_715359_1_R2_TEST1,35.347014,35.5346619,35.6219248,fewer_than_3_camera_samples
2026-08-08_142601_715359_1_R2_TEST1__P050,2026-08-08_142601_715359_1_R2_TEST1,36.0810592,36.1827078,36.3566538,fewer_than_3_camera_samples
2026-08-08_142601_715359_1_R2_TEST1__P051,2026-08-08_142601_715359_1_R2_TEST1,36.3566538,36.4487378,36.5404487,fewer_than_3_camera_samples
2026-08-08_142601_715359_1_R2_TEST1__P052,2026-08-08_142601_715359_1_R2_TEST1,36.5404487,36.6323289,36.8159786,fewer_than_3_camera_samples
2026-08-08_142601_715359_1_R2_TEST1__P132,2026-08-08_142601_715359_1_R2_TEST1,95.0562694,95.1469603,95.3258597,fewer_than_3_camera_samples
2026-08-08_142601_715359_1_R2_TEST1__P133,2026-08-08_142601_715359_1_R2_TEST1,95.3258597,95.4185755,95.6026401,fewer_than_3_camera_samples
2026-08-08_142601_715359_1_R2_TEST1__P136,2026-08-08_142601_715359_1_R2_TEST1,96.3388115,96.5199365,96.6228941,fewer_than_3_camera_samples
2026-08-08_142601_715359_1_R2_TEST1__P138,2026-08-08_142601_715359_1_R2_TEST1,96.9801087,97.1660077,97.3493407,fewer_than_3_camera_samples
2026-08-08_142601_715359_1_R2_TEST1__P144,2026-08-08_142601_715359_1_R2_TEST1,99.276805,99.4592603,99.6431783,fewer_than_3_camera_samples
2026-08-08_142601_715359_1_R2_TEST1__P146,2026-08-08_142601_715359_1_R2_TEST1,100.0100306,100.1019442,100.2858771,fewer_than_3_camera_samples
2026-08-08_142601_715359_1_R2_TEST1__P148,2026-08-08_142601_715359_1_R2_TEST1,100.6531585,100.7521479,100.9286691,fewer_than_3_camera_samples
2026-08-08_142601_715359_1_R2_TEST1__P149,2026-08-08_142601_715359_1_R2_TEST1,100.9286691,101.1125264,101.2044155,fewer_than_3_camera_samples
2026-08-08_142601_715359_1_R2_TEST1__P151,2026-08-08_142601_715359_1_R2_TEST1,101.5716713,101.6659356,101.8553999,fewer_than_3_camera_samples
2026-08-08_142601_715359_1_R2_TEST1__P152,2026-08-08_142601_715359_1_R2_TEST1,101.8553999,101.9396396,102.1227502,fewer_than_3_camera_samples
2026-08-08_142601_715359_1_R2_TEST1__P153,2026-08-08_142601_715359_1_R2_TEST1,102.1227502,102.3062858,102.4019677,fewer_than_3_camera_samples
2026-08-08_142601_715359_1_R2_TEST1__P154,2026-08-08_142601_715359_1_R2_TEST1,102.4019677,102.5820681,102.6740603,fewer_than_3_camera_samples
2026-08-08_142601_715359_1_R2_TEST1__P160,2026-08-08_142601_715359_1_R2_TEST1,104.8782608,105.0621112,105.245536,fewer_than_3_camera_samples
2026-08-08_142601_715359_1_R2_TEST1__P164,2026-08-08_142601_715359_1_R2_TEST1,106.3498283,106.5318665,106.7155881,fewer_than_3_camera_samples
2026-08-08_154647_413072_1_R2_TEST3__P006,2026-08-08_154647_413072_1_R2_TEST3,4.5664717,4.7420348,4.9305541,fewer_than_3_camera_samples
2026-08-08_155028_937924_1_R2_TEST4__P073,2026-08-08_155028_937924_1_R2_TEST4,40.8458124,41.0265565,41.2118075,fewer_than_3_camera_samples
2026-08-08_155132_412966_1_R2_TEST5__P009,2026-08-08_155132_412966_1_R2_TEST5,5.2229608,5.4048431,5.5886256,fewer_than_3_camera_samples
2026-08-08_155132_412966_1_R2_TEST5__P020,2026-08-08_155132_412966_1_R2_TEST5,9.8161398,10.0180143,10.092813,fewer_than_3_camera_samples
2026-08-08_155132_412966_1_R2_TEST5__P023,2026-08-08_155132_412966_1_R2_TEST5,10.8302054,11.0109682,11.1946381,fewer_than_3_camera_samples
2026-08-08_155132_412966_1_R2_TEST5__P027,2026-08-08_155132_412966_1_R2_TEST5,12.2995853,12.4811823,12.6654803,fewer_than_3_camera_samples
2026-08-08_155132_412966_1_R2_TEST5__P030,2026-08-08_155132_412966_1_R2_TEST5,13.4002631,13.4944742,13.6758404,fewer_than_3_camera_samples
2026-08-08_155132_412966_1_R2_TEST5__P033,2026-08-08_155132_412966_1_R2_TEST5,14.4126375,14.5948403,14.7787409,fewer_than_3_camera_samples
2026-08-08_155132_412966_1_R2_TEST5__P036,2026-08-08_155132_412966_1_R2_TEST5,15.6062947,15.7896931,15.9738924,fewer_than_3_camera_samples
2026-08-08_155132_412966_1_R2_TEST5__P039,2026-08-08_155132_412966_1_R2_TEST5,16.80094,16.9874901,17.1684259,fewer_than_3_camera_samples
2026-08-08_155132_412966_1_R2_TEST5__P042,2026-08-08_155132_412966_1_R2_TEST5,17.90616,18.0899632,18.2710267,fewer_than_3_camera_samples
2026-08-08_155132_412966_1_R2_TEST5__P045,2026-08-08_155132_412966_1_R2_TEST5,19.0061195,19.1005628,19.2818513,fewer_than_3_camera_samples
2026-08-08_155132_412966_1_R2_TEST5__P047,2026-08-08_155132_412966_1_R2_TEST5,19.7505185,19.9250552,20.1088065,fewer_than_3_camera_samples
2026-08-08_155132_412966_1_R2_TEST5__P049,2026-08-08_155132_412966_1_R2_TEST5,20.4764327,20.6603006,20.7521362,fewer_than_3_camera_samples
2026-08-08_155430_315930_1_R2_TEST6__P026,2026-08-08_155430_315930_1_R2_TEST6,14.5462591,14.7280993,14.9131029,fewer_than_3_camera_samples
2026-08-08_155430_315930_1_R2_TEST6__P033,2026-08-08_155430_315930_1_R2_TEST6,17.4852912,17.6692247,17.8528489,fewer_than_3_camera_samples
2026-08-08_155430_315930_1_R2_TEST6__P046,2026-08-08_155430_315930_1_R2_TEST6,22.8165663,22.9993818,23.1873205,fewer_than_3_camera_samples
2026-08-08_155430_315930_1_R2_TEST6__P049,2026-08-08_155430_315930_1_R2_TEST6,24.0122444,24.1938054,24.3855537,fewer_than_3_camera_samples
2026-08-08_155430_315930_1_R2_TEST6__P052,2026-08-08_155430_315930_1_R2_TEST6,25.206524,25.391843,25.5727368,fewer_than_3_camera_samples
2026-08-08_155430_315930_1_R2_TEST6__P070,2026-08-08_155430_315930_1_R2_TEST6,32.5702338,32.7410312,32.925283,fewer_than_3_camera_samples
2026-08-08_155430_315930_1_R2_TEST6__P074,2026-08-08_155430_315930_1_R2_TEST6,34.0294129,34.2114204,34.3954252,fewer_than_3_camera_samples
2026-08-08_170743_098612_1_R2_TEST7__P002,2026-08-08_170743_098612_1_R2_TEST7,2.1485181,2.3157259,2.50303,fewer_than_3_camera_samples
2026-08-08_170743_098612_1_R2_TEST7__P003,2026-08-08_170743_098612_1_R2_TEST7,2.50303,2.6972769,2.7928373,fewer_than_3_camera_samples
2026-08-08_170743_098612_1_R2_TEST7__P004,2026-08-08_170743_098612_1_R2_TEST7,2.7928373,2.9624937,3.0527438,fewer_than_3_camera_samples
2026-08-08_170743_098612_1_R2_TEST7__P006,2026-08-08_170743_098612_1_R2_TEST7,3.4145622,3.6014681,3.6966375,fewer_than_3_camera_samples
2026-08-08_170743_098612_1_R2_TEST7__P008,2026-08-08_170743_098612_1_R2_TEST7,4.0580976,4.2427202,4.3468382,fewer_than_3_camera_samples
2026-08-08_170743_098612_1_R2_TEST7__P010,2026-08-08_170743_098612_1_R2_TEST7,4.7067078,4.9039769,5.069894,fewer_than_3_camera_samples
2026-08-08_170743_098612_1_R2_TEST7__P012,2026-08-08_170743_098612_1_R2_TEST7,5.4524275,5.5478366,5.7127644,fewer_than_3_camera_samples
2026-08-08_170743_098612_1_R2_TEST7__P014,2026-08-08_170743_098612_1_R2_TEST7,6.0960511,6.2928041,6.356039,fewer_than_3_camera_samples
2026-08-08_170743_098612_1_R2_TEST7__P016,2026-08-08_170743_098612_1_R2_TEST7,6.7348896,6.8339106,7.0170682,fewer_than_3_camera_samples
2026-08-08_170743_098612_1_R2_TEST7__P018,2026-08-08_170743_098612_1_R2_TEST7,7.3745811,7.4678648,7.6606926,fewer_than_3_camera_samples
2026-08-08_170743_098612_1_R2_TEST7__P019,2026-08-08_170743_098612_1_R2_TEST7,7.6606926,7.827384,7.9238657,fewer_than_3_camera_samples
2026-08-08_170743_098612_1_R2_TEST7__P021,2026-08-08_170743_098612_1_R2_TEST7,8.3098577,8.378495,8.5738242,fewer_than_3_camera_samples
2026-08-08_170743_098612_1_R2_TEST7__P022,2026-08-08_170743_098612_1_R2_TEST7,8.5738242,8.7679122,8.9399029,fewer_than_3_camera_samples
2026-08-08_170743_098612_1_R2_TEST7__P024,2026-08-08_170743_098612_1_R2_TEST7,9.2294305,9.4019594,9.492161,fewer_than_3_camera_samples
2026-08-08_170743_098612_1_R2_TEST7__P025,2026-08-08_170743_098612_1_R2_TEST7,9.492161,9.6904351,9.8647971,fewer_than_3_camera_samples
2026-08-08_170743_098612_1_R2_TEST7__P027,2026-08-08_170743_098612_1_R2_TEST7,10.1446343,10.3141402,10.4188899,fewer_than_3_camera_samples
2026-08-08_170743_098612_1_R2_TEST7__P028,2026-08-08_170743_098612_1_R2_TEST7,10.4188899,10.5980859,10.7838853,fewer_than_3_camera_samples
2026-08-08_170743_098612_1_R2_TEST7__P029,2026-08-08_170743_098612_1_R2_TEST7,10.7838853,10.8705294,11.0630555,fewer_than_3_camera_samples
2026-08-08_170743_098612_1_R2_TEST7__P031,2026-08-08_170743_098612_1_R2_TEST7,11.4115568,11.5217807,11.6873559,fewer_than_3_camera_samples
2026-08-08_170743_098612_1_R2_TEST7__P032,2026-08-08_170743_098612_1_R2_TEST7,11.6873559,11.8886633,11.9854019,fewer_than_3_camera_samples
2026-08-08_170743_098612_1_R2_TEST7__P033,2026-08-08_170743_098612_1_R2_TEST7,11.9854019,12.1512127,12.2497038,fewer_than_3_camera_samples
2026-08-08_170743_098612_1_R2_TEST7__P035,2026-08-08_170743_098612_1_R2_TEST7,12.6067568,12.6999688,12.8842518,fewer_than_3_camera_samples
2026-08-08_170743_098612_1_R2_TEST7__P036,2026-08-08_170743_098612_1_R2_TEST7,12.8842518,13.0797287,13.174347,fewer_than_3_camera_samples
2026-08-08_170743_098612_1_R2_TEST7__P037,2026-08-08_170743_098612_1_R2_TEST7,13.174347,13.356248,13.4467289,fewer_than_3_camera_samples
2026-08-08_170743_098612_1_R2_TEST7__P039,2026-08-08_170743_098612_1_R2_TEST7,13.7445794,13.9044513,13.993302,fewer_than_3_camera_samples
2026-08-08_170743_098612_1_R2_TEST7__P041,2026-08-08_170743_098612_1_R2_TEST7,14.2876499,14.3530938,14.4449509,fewer_than_3_camera_samples
2026-08-08_170743_098612_1_R2_TEST7__P044,2026-08-08_170743_098612_1_R2_TEST7,15.3695034,15.4789419,15.548042,fewer_than_3_camera_samples
2026-08-08_174516_188167_1_R2_TEST1_v2__P004,2026-08-08_174516_188167_1_R2_TEST1_v2,3.3349366,3.5182995,3.7023671,fewer_than_3_camera_samples
2026-08-08_174516_188167_1_R2_TEST1_v2__P022,2026-08-08_174516_188167_1_R2_TEST1_v2,10.69329,10.8710516,11.0549318,fewer_than_3_camera_samples
2026-08-08_174516_188167_1_R2_TEST1_v2__P025,2026-08-08_174516_188167_1_R2_TEST1_v2,11.8821285,12.0666049,12.2498624,fewer_than_3_camera_samples
2026-08-08_174516_188167_1_R2_TEST1_v2__P036,2026-08-08_174516_188167_1_R2_TEST1_v2,16.2991853,16.4773158,16.6668744,fewer_than_3_camera_samples
2026-08-08_174516_188167_1_R2_TEST1_v2__P040,2026-08-08_174516_188167_1_R2_TEST1_v2,17.7673956,17.9479044,18.0395199,fewer_than_3_camera_samples
2026-08-08_174516_188167_1_R2_TEST1_v2__P042,2026-08-08_174516_188167_1_R2_TEST1_v2,18.417831,18.5911603,18.7749821,fewer_than_3_camera_samples
2026-08-08_174516_188167_1_R2_TEST1_v2__P046,2026-08-08_174516_188167_1_R2_TEST1_v2,19.8783537,20.0614406,20.2453736,fewer_than_3_camera_samples
2026-08-08_174516_188167_1_R2_TEST1_v2__P050,2026-08-08_174516_188167_1_R2_TEST1_v2,21.3483573,21.4401983,21.6259525,fewer_than_3_camera_samples
2026-08-08_174516_188167_1_R2_TEST1_v2__P051,2026-08-08_174516_188167_1_R2_TEST1_v2,21.6259525,21.8075729,21.9919034,fewer_than_3_camera_samples
2026-08-08_174516_188167_1_R2_TEST1_v2__P053,2026-08-08_174516_188167_1_R2_TEST1_v2,22.3592514,22.543327,22.6349693,fewer_than_3_camera_samples
2026-08-08_174516_188167_1_R2_TEST1_v2__P056,2026-08-08_174516_188167_1_R2_TEST1_v2,23.3718845,23.5538589,23.7379477,fewer_than_3_camera_samples
2026-08-08_174516_188167_1_R2_TEST1_v2__P058,2026-08-08_174516_188167_1_R2_TEST1_v2,24.105469,24.2023009,24.3814166,fewer_than_3_camera_samples
2026-08-08_174516_188167_1_R2_TEST1_v2__P060,2026-08-08_174516_188167_1_R2_TEST1_v2,24.7488732,24.8429205,25.0243738,fewer_than_3_camera_samples
2026-08-08_174516_188167_1_R2_TEST1_v2__P061,2026-08-08_174516_188167_1_R2_TEST1_v2,25.0243738,25.2136376,25.30036,fewer_than_3_camera_samples
2026-08-08_174516_188167_1_R2_TEST1_v2__P063,2026-08-08_174516_188167_1_R2_TEST1_v2,25.6678216,25.8518741,25.9433952,fewer_than_3_camera_samples
2026-08-08_174516_188167_1_R2_TEST1_v2__P066,2026-08-08_174516_188167_1_R2_TEST1_v2,26.6798387,26.7706843,26.970759,fewer_than_3_camera_samples
2026-08-08_174516_188167_1_R2_TEST1_v2__P067,2026-08-08_174516_188167_1_R2_TEST1_v2,26.970759,27.1383968,27.2418846,fewer_than_3_camera_samples
2026-08-08_174516_188167_1_R2_TEST1_v2__P068,2026-08-08_174516_188167_1_R2_TEST1_v2,27.2418846,27.4139895,27.5977668,fewer_than_3_camera_samples
2026-08-08_174516_188167_1_R2_TEST1_v2__P070,2026-08-08_174516_188167_1_R2_TEST1_v2,27.8738575,28.0572398,28.2413333,fewer_than_3_camera_samples
2026-08-08_174516_188167_1_R2_TEST1_v2__P071,2026-08-08_174516_188167_1_R2_TEST1_v2,28.2413333,28.333023,28.5166471,fewer_than_3_camera_samples
2026-08-08_174516_188167_1_R2_TEST1_v2__P073,2026-08-08_174516_188167_1_R2_TEST1_v2,28.8844422,28.9765843,29.1603234,fewer_than_3_camera_samples
2026-08-08_174516_188167_1_R2_TEST1_v2__P075,2026-08-08_174516_188167_1_R2_TEST1_v2,29.5277601,29.7120207,29.8035535,fewer_than_3_camera_samples
2026-08-08_174516_188167_1_R2_TEST1_v2__P077,2026-08-08_174516_188167_1_R2_TEST1_v2,30.1710058,30.3562694,30.5389052,fewer_than_3_camera_samples
2026-08-08_174516_188167_1_R2_TEST1_v2__P078,2026-08-08_174516_188167_1_R2_TEST1_v2,30.5389052,30.7224095,30.8145841,fewer_than_3_camera_samples
2026-08-08_174516_188167_1_R2_TEST1_v2__P081,2026-08-08_174516_188167_1_R2_TEST1_v2,31.5503374,31.7336867,31.8254076,fewer_than_3_camera_samples
2026-08-08_174516_188167_1_R2_TEST1_v2__P082,2026-08-08_174516_188167_1_R2_TEST1_v2,31.8254076,32.0185967,32.1019598,fewer_than_3_camera_samples
2026-08-08_174516_188167_1_R2_TEST1_v2__P084,2026-08-08_174516_188167_1_R2_TEST1_v2,32.4788445,32.5723318,32.7443932,fewer_than_3_camera_samples
2026-08-08_174516_188167_1_R2_TEST1_v2__P086,2026-08-08_174516_188167_1_R2_TEST1_v2,33.1151673,33.2090665,33.3878012,fewer_than_3_camera_samples
2026-08-08_174516_188167_1_R2_TEST1_v2__P087,2026-08-08_174516_188167_1_R2_TEST1_v2,33.3878012,33.5719198,33.6732489,fewer_than_3_camera_samples
2026-08-08_174516_188167_1_R2_TEST1_v2__P089,2026-08-08_174516_188167_1_R2_TEST1_v2,34.0410588,34.1232094,34.3180113,fewer_than_3_camera_samples
2026-08-08_174516_188167_1_R2_TEST1_v2__P090,2026-08-08_174516_188167_1_R2_TEST1_v2,34.3180113,34.4065756,34.5826245,fewer_than_3_camera_samples
2026-08-08_174516_188167_1_R2_TEST1_v2__P091,2026-08-08_174516_188167_1_R2_TEST1_v2,34.5826245,34.674572,34.8751978,fewer_than_3_camera_samples
2026-08-08_174516_188167_1_R2_TEST1_v2__P092,2026-08-08_174516_188167_1_R2_TEST1_v2,34.8751978,35.0422065,35.1340133,fewer_than_3_camera_samples
2026-08-08_174516_188167_1_R2_TEST1_v2__P094,2026-08-08_174516_188167_1_R2_TEST1_v2,35.505921,35.6002689,35.7785462,fewer_than_3_camera_samples
2026-08-08_174516_188167_1_R2_TEST1_v2__P095,2026-08-08_174516_188167_1_R2_TEST1_v2,35.7785462,35.8693508,36.0604571,fewer_than_3_camera_samples
2026-08-08_174516_188167_1_R2_TEST1_v2__P096,2026-08-08_174516_188167_1_R2_TEST1_v2,36.0604571,36.2369095,36.328994,fewer_than_3_camera_samples
2026-08-08_174516_188167_1_R2_TEST1_v2__P098,2026-08-08_174516_188167_1_R2_TEST1_v2,36.7018143,36.880198,37.0641044,fewer_than_3_camera_samples
2026-08-08_143408_738677_1_R3_TEST1__P024,2026-08-08_143408_738677_1_R3_TEST1,15.3764137,15.448606,15.5401967,fewer_than_3_camera_samples
2026-08-08_143408_738677_1_R3_TEST1__P025,2026-08-08_143408_738677_1_R3_TEST1,15.5401967,15.723913,15.8158341,fewer_than_3_camera_samples
2026-08-08_143408_738677_1_R3_TEST1__P026,2026-08-08_143408_738677_1_R3_TEST1,15.8158341,15.9170811,15.9996878,fewer_than_3_camera_samples
2026-08-08_143408_738677_1_R3_TEST1__P028,2026-08-08_143408_738677_1_R3_TEST1,16.3672772,16.5506723,16.6425497,fewer_than_3_camera_samples
2026-08-08_143408_738677_1_R3_TEST1__P032,2026-08-08_143408_738677_1_R3_TEST1,17.8367351,17.9283083,18.0212298,fewer_than_3_camera_samples
2026-08-08_143408_738677_1_R3_TEST1__P062,2026-08-08_143408_738677_1_R3_TEST1,39.7892499,39.9730332,40.157092,fewer_than_3_camera_samples
2026-08-08_143408_738677_1_R3_TEST1__P099,2026-08-08_143408_738677_1_R3_TEST1,63.6766535,63.8546061,64.0384065,fewer_than_3_camera_samples
2026-08-08_143408_738677_1_R3_TEST1__P102,2026-08-08_143408_738677_1_R3_TEST1,64.869649,65.0485666,65.2323337,fewer_than_3_camera_samples
2026-08-08_143408_738677_1_R3_TEST1__P189,2026-08-08_143408_738677_1_R3_TEST1,110.2397515,110.4235222,110.6074373,fewer_than_3_camera_samples
2026-08-08_155939_090816_1_R3_TEST2__P014,2026-08-08_155939_090816_1_R3_TEST2,8.9708887,9.1479791,9.3319385,fewer_than_3_camera_samples
2026-08-08_155939_090816_1_R3_TEST2__P018,2026-08-08_155939_090816_1_R3_TEST2,10.7108177,10.8943296,11.0783206,fewer_than_3_camera_samples
2026-08-08_155939_090816_1_R3_TEST2__P021,2026-08-08_155939_090816_1_R3_TEST2,11.9076448,12.0889905,12.2728755,fewer_than_3_camera_samples
2026-08-08_155939_090816_1_R3_TEST2__P024,2026-08-08_155939_090816_1_R3_TEST2,13.1032182,13.2839134,13.4679251,fewer_than_3_camera_samples
2026-08-08_155939_090816_1_R3_TEST2__P027,2026-08-08_155939_090816_1_R3_TEST2,14.2947921,14.4786916,14.6629314,fewer_than_3_camera_samples
2026-08-08_155939_090816_1_R3_TEST2__P030,2026-08-08_155939_090816_1_R3_TEST2,15.4943372,15.6736287,15.8574036,fewer_than_3_camera_samples
2026-08-08_155939_090816_1_R3_TEST2__P034,2026-08-08_155939_090816_1_R3_TEST2,17.0523518,17.1443753,17.3281824,fewer_than_3_camera_samples
2026-08-08_155939_090816_1_R3_TEST2__P036,2026-08-08_155939_090816_1_R3_TEST2,17.7043676,17.7911902,17.9715133,fewer_than_3_camera_samples
2026-08-08_155939_090816_1_R3_TEST2__P038,2026-08-08_155939_090816_1_R3_TEST2,18.3389279,18.5231986,18.6148471,fewer_than_3_camera_samples
2026-08-08_155939_090816_1_R3_TEST2__P041,2026-08-08_155939_090816_1_R3_TEST2,19.3554803,19.5339726,19.6286708,fewer_than_3_camera_samples
2026-08-08_155939_090816_1_R3_TEST2__P042,2026-08-08_155939_090816_1_R3_TEST2,19.6286708,19.8097671,19.995588,fewer_than_3_camera_samples
2026-08-08_155939_090816_1_R3_TEST2__P044,2026-08-08_155939_090816_1_R3_TEST2,20.3611141,20.5449529,20.6368854,fewer_than_3_camera_samples
2026-08-08_155939_090816_1_R3_TEST2__P047,2026-08-08_155939_090816_1_R3_TEST2,21.3731361,21.5559892,21.7398768,fewer_than_3_camera_samples
2026-08-08_155939_090816_1_R3_TEST2__P048,2026-08-08_155939_090816_1_R3_TEST2,21.7398768,21.8318774,22.0154529,fewer_than_3_camera_samples
2026-08-08_155939_090816_1_R3_TEST2__P052,2026-08-08_155939_090816_1_R3_TEST2,23.1213376,23.3065087,23.4864689,fewer_than_3_camera_samples
2026-08-08_155939_090816_1_R3_TEST2__P059,2026-08-08_155939_090816_1_R3_TEST2,25.7846806,25.8759278,26.0705913,fewer_than_3_camera_samples
2026-08-08_155939_090816_1_R3_TEST2__P061,2026-08-08_155939_090816_1_R3_TEST2,26.5191887,26.6110492,26.7951511,fewer_than_3_camera_samples
2026-08-08_155939_090816_1_R3_TEST2__P065,2026-08-08_155939_090816_1_R3_TEST2,27.9045067,28.0817616,28.2656759,fewer_than_3_camera_samples
2026-08-08_155939_090816_1_R3_TEST2__P067,2026-08-08_155939_090816_1_R3_TEST2,28.633315,28.7250637,28.9091636,fewer_than_3_camera_samples
2026-08-08_155939_090816_1_R3_TEST2__P070,2026-08-08_155939_090816_1_R3_TEST2,29.6464563,29.8280952,30.0121937,fewer_than_3_camera_samples
2026-08-08_155939_090816_1_R3_TEST2__P072,2026-08-08_155939_090816_1_R3_TEST2,30.2881926,30.4736438,30.6584145,fewer_than_3_camera_samples
2026-08-08_155939_090816_1_R3_TEST2__P073,2026-08-08_155939_090816_1_R3_TEST2,30.6584145,30.8424749,30.9310135,fewer_than_3_camera_samples
2026-08-08_155939_090816_1_R3_TEST2__P074,2026-08-08_155939_090816_1_R3_TEST2,30.9310135,31.1178516,31.2066157,fewer_than_3_camera_samples
2026-08-08_155939_090816_1_R3_TEST2__P077,2026-08-08_155939_090816_1_R3_TEST2,31.9419266,32.0386406,32.2193274,fewer_than_3_camera_samples
2026-08-08_155939_090816_1_R3_TEST2__P078,2026-08-08_155939_090816_1_R3_TEST2,32.2193274,32.3113125,32.4934399,fewer_than_3_camera_samples
2026-08-08_155939_090816_1_R3_TEST2__P079,2026-08-08_155939_090816_1_R3_TEST2,32.4934399,32.5878379,32.7692191,fewer_than_3_camera_samples
2026-08-08_155939_090816_1_R3_TEST2__P080,2026-08-08_155939_090816_1_R3_TEST2,32.7692191,32.9534622,33.0449361,fewer_than_3_camera_samples
2026-08-08_155939_090816_1_R3_TEST2__P083,2026-08-08_155939_090816_1_R3_TEST2,33.7808511,33.9638913,34.0580198,fewer_than_3_camera_samples
2026-08-08_155939_090816_1_R3_TEST2__P084,2026-08-08_155939_090816_1_R3_TEST2,34.0580198,34.2397091,34.4238307,fewer_than_3_camera_samples
2026-08-08_155939_090816_1_R3_TEST2__P086,2026-08-08_155939_090816_1_R3_TEST2,34.6999997,34.7911433,34.9764964,fewer_than_3_camera_samples
2026-08-08_155939_090816_1_R3_TEST2__P087,2026-08-08_155939_090816_1_R3_TEST2,34.9764964,35.0668697,35.2530279,fewer_than_3_camera_samples
2026-08-08_155939_090816_1_R3_TEST2__P088,2026-08-08_155939_090816_1_R3_TEST2,35.2530279,35.3430433,35.5264203,fewer_than_3_camera_samples
2026-08-08_155939_090816_1_R3_TEST2__P089,2026-08-08_155939_090816_1_R3_TEST2,35.5264203,35.6182908,35.8022672,fewer_than_3_camera_samples
2026-08-08_155939_090816_1_R3_TEST2__P090,2026-08-08_155939_090816_1_R3_TEST2,35.8022672,35.8998521,36.0779001,fewer_than_3_camera_samples
2026-08-08_155939_090816_1_R3_TEST2__P091,2026-08-08_155939_090816_1_R3_TEST2,36.0779001,36.2616866,36.3535921,fewer_than_3_camera_samples
2026-08-08_155939_090816_1_R3_TEST2__P093,2026-08-08_155939_090816_1_R3_TEST2,36.721207,36.8130872,36.9973338,fewer_than_3_camera_samples
2026-08-08_155939_090816_1_R3_TEST2__P095,2026-08-08_155939_090816_1_R3_TEST2,37.3657286,37.4569343,37.6485808,fewer_than_3_camera_samples
2026-08-08_155939_090816_1_R3_TEST2__P096,2026-08-08_155939_090816_1_R3_TEST2,37.6485808,37.824285,37.9189952,fewer_than_3_camera_samples
2026-08-08_155939_090816_1_R3_TEST2__P097,2026-08-08_155939_090816_1_R3_TEST2,37.9189952,38.0999007,38.1940648,fewer_than_3_camera_samples
2026-08-08_160034_704902_1_R3_TEST3__P004,2026-08-08_160034_704902_1_R3_TEST3,2.9545846,3.1361093,3.3206616,fewer_than_3_camera_samples
2026-08-08_160034_704902_1_R3_TEST3__P006,2026-08-08_160034_704902_1_R3_TEST3,3.5970945,3.7796567,3.9634523,fewer_than_3_camera_samples
2026-08-08_160034_704902_1_R3_TEST3__P007,2026-08-08_160034_704902_1_R3_TEST3,3.9634523,4.057864,4.2392645,fewer_than_3_camera_samples
2026-08-08_160034_704902_1_R3_TEST3__P011,2026-08-08_160034_704902_1_R3_TEST3,5.6196642,5.8017844,5.8964244,fewer_than_3_camera_samples
2026-08-08_160034_704902_1_R3_TEST3__P013,2026-08-08_160034_704902_1_R3_TEST3,6.2744114,6.3561363,6.5375116,fewer_than_3_camera_samples
2026-08-08_160034_704902_1_R3_TEST3__P014,2026-08-08_160034_704902_1_R3_TEST3,6.5375116,6.7207227,6.9045623,fewer_than_3_camera_samples
2026-08-08_160034_704902_1_R3_TEST3__P016,2026-08-08_160034_704902_1_R3_TEST3,7.2725879,7.3658569,7.5479232,fewer_than_3_camera_samples
2026-08-08_160034_704902_1_R3_TEST3__P017,2026-08-08_160034_704902_1_R3_TEST3,7.5479232,7.7317021,7.8236421,fewer_than_3_camera_samples
2026-08-08_160034_704902_1_R3_TEST3__P019,2026-08-08_160034_704902_1_R3_TEST3,8.1914558,8.3749926,8.4669903,fewer_than_3_camera_samples
2026-08-08_160034_704902_1_R3_TEST3__P020,2026-08-08_160034_704902_1_R3_TEST3,8.4669903,8.6512033,8.7428027,fewer_than_3_camera_samples
2026-08-08_160034_704902_1_R3_TEST3__P021,2026-08-08_160034_704902_1_R3_TEST3,8.7428027,8.9266934,9.0222598,fewer_than_3_camera_samples
2026-08-08_160034_704902_1_R3_TEST3__P022,2026-08-08_160034_704902_1_R3_TEST3,9.0222598,9.2043954,9.2942182,fewer_than_3_camera_samples
2026-08-08_160034_704902_1_R3_TEST3__P024,2026-08-08_160034_704902_1_R3_TEST3,9.7596033,9.9375262,10.1245737,fewer_than_3_camera_samples
2026-08-08_160034_704902_1_R3_TEST3__P025,2026-08-08_160034_704902_1_R3_TEST3,10.1245737,10.2132329,10.3973721,fewer_than_3_camera_samples
2026-08-08_160034_704902_1_R3_TEST3__P027,2026-08-08_160034_704902_1_R3_TEST3,10.7646736,10.8564655,11.0406221,fewer_than_3_camera_samples
2026-08-08_160034_704902_1_R3_TEST3__P031,2026-08-08_160034_704902_1_R3_TEST3,12.1457946,12.3270206,12.4210643,fewer_than_3_camera_samples
2026-08-08_160034_704902_1_R3_TEST3__P032,2026-08-08_160034_704902_1_R3_TEST3,12.4210643,12.6031444,12.7867796,fewer_than_3_camera_samples
2026-08-08_160034_704902_1_R3_TEST3__P034,2026-08-08_160034_704902_1_R3_TEST3,13.0623693,13.2462924,13.4300672,fewer_than_3_camera_samples
2026-08-08_160034_704902_1_R3_TEST3__P035,2026-08-08_160034_704902_1_R3_TEST3,13.4300672,13.5219539,13.705973,fewer_than_3_camera_samples
2026-08-08_160034_704902_1_R3_TEST3__P037,2026-08-08_160034_704902_1_R3_TEST3,14.0733497,14.165994,14.3574976,fewer_than_3_camera_samples
2026-08-08_160034_704902_1_R3_TEST3__P039,2026-08-08_160034_704902_1_R3_TEST3,14.7208409,14.8087875,14.9925431,fewer_than_3_camera_samples
2026-08-08_160034_704902_1_R3_TEST3__P040,2026-08-08_160034_704902_1_R3_TEST3,14.9925431,15.1764029,15.2683552,fewer_than_3_camera_samples
2026-08-08_160034_704902_1_R3_TEST3__P042,2026-08-08_160034_704902_1_R3_TEST3,15.6430996,15.8195856,15.9151888,fewer_than_3_camera_samples
2026-08-08_160034_704902_1_R3_TEST3__P044,2026-08-08_160034_704902_1_R3_TEST3,16.2806258,16.4631376,16.6469067,fewer_than_3_camera_samples
2026-08-08_160034_704902_1_R3_TEST3__P045,2026-08-08_160034_704902_1_R3_TEST3,16.6469067,16.8338048,16.9226019,fewer_than_3_camera_samples
2026-08-08_160034_704902_1_R3_TEST3__P048,2026-08-08_160034_704902_1_R3_TEST3,17.6577864,17.7510045,17.9335623,fewer_than_3_camera_samples
2026-08-08_160034_704902_1_R3_TEST3__P049,2026-08-08_160034_704902_1_R3_TEST3,17.9335623,18.0285616,18.2092054,fewer_than_3_camera_samples
2026-08-08_160034_704902_1_R3_TEST3__P052,2026-08-08_160034_704902_1_R3_TEST3,18.9477869,19.1281389,19.3119515,fewer_than_3_camera_samples
2026-08-08_160034_704902_1_R3_TEST3__P058,2026-08-08_160034_704902_1_R3_TEST3,21.3341801,21.5177802,21.7119353,fewer_than_3_camera_samples
2026-08-08_160034_704902_1_R3_TEST3__P060,2026-08-08_160034_704902_1_R3_TEST3,22.1628715,22.3449793,22.5290618,fewer_than_3_camera_samples
2026-08-08_160034_704902_1_R3_TEST3__P067,2026-08-08_160034_704902_1_R3_TEST3,25.1049502,25.286134,25.470116,fewer_than_3_camera_samples
2026-08-08_160034_704902_1_R3_TEST3__P075,2026-08-08_160034_704902_1_R3_TEST3,28.5028042,28.5948069,28.7787373,fewer_than_3_camera_samples
2026-08-08_160034_704902_1_R3_TEST3__P078,2026-08-08_160034_704902_1_R3_TEST3,29.5140577,29.6062314,29.7895732,fewer_than_3_camera_samples
2026-08-08_160034_704902_1_R3_TEST3__P094,2026-08-08_160034_704902_1_R3_TEST3,36.6854803,36.8664764,37.0521324,fewer_than_3_camera_samples
2026-08-08_160034_704902_1_R3_TEST3__P095,2026-08-08_160034_704902_1_R3_TEST3,37.0521324,37.2365276,37.3264843,fewer_than_3_camera_samples
2026-08-08_160147_552782_1_R3_TEST4__P006,2026-08-08_160147_552782_1_R3_TEST4,4.2881346,4.4690695,4.6529972,fewer_than_3_camera_samples
2026-08-08_160147_552782_1_R3_TEST4__P009,2026-08-08_160147_552782_1_R3_TEST4,5.4896439,5.6642044,5.8528656,fewer_than_3_camera_samples
2026-08-08_160147_552782_1_R3_TEST4__P013,2026-08-08_160147_552782_1_R3_TEST4,7.0440715,7.2278735,7.3182783,fewer_than_3_camera_samples
2026-08-08_160147_552782_1_R3_TEST4__P020,2026-08-08_160147_552782_1_R3_TEST4,9.6185845,9.7999586,9.9986718,fewer_than_3_camera_samples
2026-08-08_160147_552782_1_R3_TEST4__P021,2026-08-08_160147_552782_1_R3_TEST4,9.9986718,10.1707584,10.259457,fewer_than_3_camera_samples
2026-08-08_160147_552782_1_R3_TEST4__P024,2026-08-08_160147_552782_1_R3_TEST4,10.9945075,11.092506,11.2704012,fewer_than_3_camera_samples
2026-08-08_160147_552782_1_R3_TEST4__P027,2026-08-08_160147_552782_1_R3_TEST4,12.0070533,12.1899734,12.3732618,fewer_than_3_camera_samples
2026-08-08_160147_552782_1_R3_TEST4__P028,2026-08-08_160147_552782_1_R3_TEST4,12.3732618,12.5603846,12.6487331,fewer_than_3_camera_samples
2026-08-08_160147_552782_1_R3_TEST4__P032,2026-08-08_160147_552782_1_R3_TEST4,13.7542942,13.8469811,14.0287844,fewer_than_3_camera_samples
2026-08-08_160147_552782_1_R3_TEST4__P034,2026-08-08_160147_552782_1_R3_TEST4,14.401432,14.58258,14.762802,fewer_than_3_camera_samples
2026-08-08_160147_552782_1_R3_TEST4__P035,2026-08-08_160147_552782_1_R3_TEST4,14.762802,14.8547735,15.0388299,fewer_than_3_camera_samples
2026-08-08_160147_552782_1_R3_TEST4__P037,2026-08-08_160147_552782_1_R3_TEST4,15.406119,15.5953843,15.6817377,fewer_than_3_camera_samples
2026-08-08_160147_552782_1_R3_TEST4__P039,2026-08-08_160147_552782_1_R3_TEST4,16.0516531,16.2332259,16.3251496,fewer_than_3_camera_samples
2026-08-08_160147_552782_1_R3_TEST4__P041,2026-08-08_160147_552782_1_R3_TEST4,16.6937282,16.8772545,16.9724955,fewer_than_3_camera_samples
2026-08-08_160147_552782_1_R3_TEST4__P042,2026-08-08_160147_552782_1_R3_TEST4,16.9724955,17.1523819,17.3362506,fewer_than_3_camera_samples
2026-08-08_160147_552782_1_R3_TEST4__P044,2026-08-08_160147_552782_1_R3_TEST4,17.6140447,17.7956736,17.9800177,fewer_than_3_camera_samples
2026-08-08_160147_552782_1_R3_TEST4__P045,2026-08-08_160147_552782_1_R3_TEST4,17.9800177,18.1637023,18.2554244,fewer_than_3_camera_samples
2026-08-08_160147_552782_1_R3_TEST4__P047,2026-08-08_160147_552782_1_R3_TEST4,18.6229011,18.714844,18.898687,fewer_than_3_camera_samples
2026-08-08_160147_552782_1_R3_TEST4__P049,2026-08-08_160147_552782_1_R3_TEST4,19.2662989,19.4501552,19.5420379,fewer_than_3_camera_samples
2026-08-08_160147_552782_1_R3_TEST4__P051,2026-08-08_160147_552782_1_R3_TEST4,19.9117048,20.001381,20.1925212,fewer_than_3_camera_samples
2026-08-08_160147_552782_1_R3_TEST4__P052,2026-08-08_160147_552782_1_R3_TEST4,20.1925212,20.2813137,20.4616521,fewer_than_3_camera_samples
2026-08-08_160147_552782_1_R3_TEST4__P053,2026-08-08_160147_552782_1_R3_TEST4,20.4616521,20.5536685,20.736817,fewer_than_3_camera_samples
2026-08-08_160147_552782_1_R3_TEST4__P054,2026-08-08_160147_552782_1_R3_TEST4,20.736817,20.9208189,21.0162898,fewer_than_3_camera_samples
2026-08-08_160147_552782_1_R3_TEST4__P057,2026-08-08_160147_552782_1_R3_TEST4,21.7484897,21.9318554,22.1246969,fewer_than_3_camera_samples
2026-08-08_160147_552782_1_R3_TEST4__P058,2026-08-08_160147_552782_1_R3_TEST4,22.1246969,22.3001243,22.3912214,fewer_than_3_camera_samples
2026-08-08_160147_552782_1_R3_TEST4__P060,2026-08-08_160147_552782_1_R3_TEST4,22.7588662,22.8595191,23.0344805,fewer_than_3_camera_samples
2026-08-08_160147_552782_1_R3_TEST4__P062,2026-08-08_160147_552782_1_R3_TEST4,23.4022403,23.4977285,23.6876941,fewer_than_3_camera_samples
2026-08-08_160147_552782_1_R3_TEST4__P064,2026-08-08_160147_552782_1_R3_TEST4,24.045687,24.13959,24.3312448,fewer_than_3_camera_samples
2026-08-08_160147_552782_1_R3_TEST4__P066,2026-08-08_160147_552782_1_R3_TEST4,24.6902026,24.8752553,25.0565147,fewer_than_3_camera_samples
2026-08-08_160147_552782_1_R3_TEST4__P069,2026-08-08_160147_552782_1_R3_TEST4,25.7993966,25.9987586,26.0765603,fewer_than_3_camera_samples
2026-08-08_160147_552782_1_R3_TEST4__P071,2026-08-08_160147_552782_1_R3_TEST4,26.4366635,26.6191636,26.8031898,fewer_than_3_camera_samples
2026-08-08_160147_552782_1_R3_TEST4__P073,2026-08-08_160147_552782_1_R3_TEST4,27.0930403,27.2625194,27.4463349,fewer_than_3_camera_samples
2026-08-08_160147_552782_1_R3_TEST4__P075,2026-08-08_160147_552782_1_R3_TEST4,27.8167218,27.9980513,28.0895046,fewer_than_3_camera_samples
2026-08-08_160147_552782_1_R3_TEST4__P076,2026-08-08_160147_552782_1_R3_TEST4,28.0895046,28.2774539,28.3653484,fewer_than_3_camera_samples
2026-08-08_160147_552782_1_R3_TEST4__P077,2026-08-08_160147_552782_1_R3_TEST4,28.3653484,28.5498075,28.6409859,fewer_than_3_camera_samples
2026-08-08_160147_552782_1_R3_TEST4__P078,2026-08-08_160147_552782_1_R3_TEST4,28.6409859,28.8445052,28.9253598,fewer_than_3_camera_samples
2026-08-08_160147_552782_1_R3_TEST4__P080,2026-08-08_160147_552782_1_R3_TEST4,29.2925748,29.3811024,29.5602408,fewer_than_3_camera_samples
2026-08-08_160147_552782_1_R3_TEST4__P081,2026-08-08_160147_552782_1_R3_TEST4,29.5602408,29.7442965,29.8446588,fewer_than_3_camera_samples
2026-08-08_160147_552782_1_R3_TEST4__P083,2026-08-08_160147_552782_1_R3_TEST4,30.2034494,30.3894173,30.4834492,fewer_than_3_camera_samples
2026-08-08_160147_552782_1_R3_TEST4__P085,2026-08-08_160147_552782_1_R3_TEST4,30.9442073,31.1259711,31.3064342,fewer_than_3_camera_samples
2026-08-08_160147_552782_1_R3_TEST4__P086,2026-08-08_160147_552782_1_R3_TEST4,31.3064342,31.4954587,31.5832984,fewer_than_3_camera_samples
2026-08-08_160147_552782_1_R3_TEST4__P091,2026-08-08_160147_552782_1_R3_TEST4,33.2382044,33.4202692,33.6043491,fewer_than_3_camera_samples
2026-08-08_160147_552782_1_R3_TEST4__P095,2026-08-08_160147_552782_1_R3_TEST4,34.7098262,34.89084,35.0748802,fewer_than_3_camera_samples
2026-08-08_160147_552782_1_R3_TEST4__P100,2026-08-08_160147_552782_1_R3_TEST4,36.5472199,36.7303687,36.9129437,fewer_than_3_camera_samples
2026-08-08_160147_552782_1_R3_TEST4__P102,2026-08-08_160147_552782_1_R3_TEST4,37.3733425,37.5587039,37.7403674,fewer_than_3_camera_samples
2026-08-08_160247_228233_1_R3_TEST5__P006,2026-08-08_160247_228233_1_R3_TEST5,4.359392,4.4509754,4.6346746,fewer_than_3_camera_samples
2026-08-08_160247_228233_1_R3_TEST5__P008,2026-08-08_160247_228233_1_R3_TEST5,5.0986281,5.2782488,5.4622517,fewer_than_3_camera_samples
2026-08-08_160344_644134_1_R3_TEST6__P009,2026-08-08_160344_644134_1_R3_TEST6,5.3450818,5.5260412,5.7103136,fewer_than_3_camera_samples
2026-08-08_160344_644134_1_R3_TEST6__P037,2026-08-08_160344_644134_1_R3_TEST6,17.4753076,17.6589718,17.8428603,fewer_than_3_camera_samples
2026-08-08_160344_644134_1_R3_TEST6__P041,2026-08-08_160344_644134_1_R3_TEST6,18.9465987,19.0421344,19.224682,fewer_than_3_camera_samples
2026-08-08_160344_644134_1_R3_TEST6__P043,2026-08-08_160344_644134_1_R3_TEST6,19.5970104,19.7751876,19.9572057,fewer_than_3_camera_samples
2026-08-08_160344_644134_1_R3_TEST6__P046,2026-08-08_160344_644134_1_R3_TEST6,20.7006642,20.8762063,21.0602268,fewer_than_3_camera_samples
2026-08-08_160344_644134_1_R3_TEST6__P055,2026-08-08_160344_644134_1_R3_TEST6,24.4607812,24.5531585,24.7366411,fewer_than_3_camera_samples
2026-08-08_160344_644134_1_R3_TEST6__P088,2026-08-08_160344_644134_1_R3_TEST6,41.10568,41.2816478,41.4654291,fewer_than_3_camera_samples
2026-08-08_160344_644134_1_R3_TEST6__P094,2026-08-08_160344_644134_1_R3_TEST6,43.4879477,43.6714189,43.7650838,fewer_than_3_camera_samples
2026-08-08_170830_541922_1_R3_TEST7__P002,2026-08-08_170830_541922_1_R3_TEST7,2.0853433,2.1727667,2.3458422,fewer_than_3_camera_samples
2026-08-08_170830_541922_1_R3_TEST7__P003,2026-08-08_170830_541922_1_R3_TEST7,2.3458422,2.5354256,2.6363465,fewer_than_3_camera_samples
2026-08-08_170830_541922_1_R3_TEST7__P005,2026-08-08_170830_541922_1_R3_TEST7,3.0082913,3.1730073,3.280047,fewer_than_3_camera_samples
2026-08-08_170830_541922_1_R3_TEST7__P006,2026-08-08_170830_541922_1_R3_TEST7,3.280047,3.4712717,3.5406036,fewer_than_3_camera_samples
2026-08-08_170830_541922_1_R3_TEST7__P007,2026-08-08_170830_541922_1_R3_TEST7,3.5406036,3.7352367,3.8265304,fewer_than_3_camera_samples
2026-08-08_170830_541922_1_R3_TEST7__P010,2026-08-08_170830_541922_1_R3_TEST7,4.5601951,4.6505153,4.8518236,fewer_than_3_camera_samples
2026-08-08_170830_541922_1_R3_TEST7__P011,2026-08-08_170830_541922_1_R3_TEST7,4.8518236,5.0228563,5.1163511,fewer_than_3_camera_samples
2026-08-08_170830_541922_1_R3_TEST7__P013,2026-08-08_170830_541922_1_R3_TEST7,5.4813895,5.5743404,5.7611659,fewer_than_3_camera_samples
2026-08-08_170830_541922_1_R3_TEST7__P014,2026-08-08_170830_541922_1_R3_TEST7,5.7611659,5.9525853,6.0447545,fewer_than_3_camera_samples
2026-08-08_170830_541922_1_R3_TEST7__P016,2026-08-08_170830_541922_1_R3_TEST7,6.4024734,6.5026901,6.6921931,fewer_than_3_camera_samples
2026-08-08_170830_541922_1_R3_TEST7__P017,2026-08-08_170830_541922_1_R3_TEST7,6.6921931,6.8498933,6.9484771,fewer_than_3_camera_samples
2026-08-08_170830_541922_1_R3_TEST7__P018,2026-08-08_170830_541922_1_R3_TEST7,6.9484771,7.1417027,7.3275686,fewer_than_3_camera_samples
2026-08-08_170830_541922_1_R3_TEST7__P020,2026-08-08_170830_541922_1_R3_TEST7,7.6028149,7.6946626,7.8671503,fewer_than_3_camera_samples
2026-08-08_170830_541922_1_R3_TEST7__P021,2026-08-08_170830_541922_1_R3_TEST7,7.8671503,8.0501204,8.1438316,fewer_than_3_camera_samples
2026-08-08_170830_541922_1_R3_TEST7__P023,2026-08-08_170830_541922_1_R3_TEST7,8.4311061,8.6174636,8.6922066,fewer_than_3_camera_samples
2026-08-08_170830_541922_1_R3_TEST7__P025,2026-08-08_170830_541922_1_R3_TEST7,9.0730039,9.1625435,9.3315374,fewer_than_3_camera_samples
2026-08-08_170830_541922_1_R3_TEST7__P027,2026-08-08_170830_541922_1_R3_TEST7,9.6221228,9.8179377,9.8856052,fewer_than_3_camera_samples
2026-08-08_170830_541922_1_R3_TEST7__P028,2026-08-08_170830_541922_1_R3_TEST7,9.8856052,10.0742706,10.2600584,fewer_than_3_camera_samples
2026-08-08_170830_541922_1_R3_TEST7__P029,2026-08-08_170830_541922_1_R3_TEST7,10.2600584,10.3576396,10.4563657,fewer_than_3_camera_samples
2026-08-08_170830_541922_1_R3_TEST7__P031,2026-08-08_170830_541922_1_R3_TEST7,10.8169262,10.9162426,11.0994459,fewer_than_3_camera_samples
2026-08-08_170830_541922_1_R3_TEST7__P032,2026-08-08_170830_541922_1_R3_TEST7,11.0994459,11.1698229,11.355632,fewer_than_3_camera_samples
2026-08-08_170830_541922_1_R3_TEST7__P033,2026-08-08_170830_541922_1_R3_TEST7,11.355632,11.4564375,11.6434764,fewer_than_3_camera_samples
2026-08-08_170830_541922_1_R3_TEST7__P034,2026-08-08_170830_541922_1_R3_TEST7,11.6434764,11.7392884,11.9218405,fewer_than_3_camera_samples
2026-08-08_170830_541922_1_R3_TEST7__P035,2026-08-08_170830_541922_1_R3_TEST7,11.9218405,12.0245024,12.1943314,fewer_than_3_camera_samples
2026-08-08_170830_541922_1_R3_TEST7__P036,2026-08-08_170830_541922_1_R3_TEST7,12.1943314,12.2985171,12.46034,fewer_than_3_camera_samples
2026-08-08_170830_541922_1_R3_TEST7__P037,2026-08-08_170830_541922_1_R3_TEST7,12.46034,12.5611073,12.7433115,fewer_than_3_camera_samples
2026-08-08_170830_541922_1_R3_TEST7__P038,2026-08-08_170830_541922_1_R3_TEST7,12.7433115,12.8356041,12.9249782,fewer_than_3_camera_samples
2026-08-08_170830_541922_1_R3_TEST7__P039,2026-08-08_170830_541922_1_R3_TEST7,12.9249782,13.1201712,13.2150398,fewer_than_3_camera_samples
2026-08-08_170830_541922_1_R3_TEST7__P041,2026-08-08_170830_541922_1_R3_TEST7,13.4761662,13.6691115,13.7674587,fewer_than_3_camera_samples
2026-08-08_170830_541922_1_R3_TEST7__P042,2026-08-08_170830_541922_1_R3_TEST7,13.7674587,13.9334886,14.1265416,fewer_than_3_camera_samples
2026-08-08_170830_541922_1_R3_TEST7__P043,2026-08-08_170830_541922_1_R3_TEST7,14.1265416,14.2252466,14.3873206,fewer_than_3_camera_samples
2026-08-08_170830_541922_1_R3_TEST7__P044,2026-08-08_170830_541922_1_R3_TEST7,14.3873206,14.4824495,14.6700153,fewer_than_3_camera_samples
2026-08-08_170830_541922_1_R3_TEST7__P046,2026-08-08_170830_541922_1_R3_TEST7,14.9517817,15.0454995,15.2419962,fewer_than_3_camera_samples
2026-08-08_170830_541922_1_R3_TEST7__P047,2026-08-08_170830_541922_1_R3_TEST7,15.2419962,15.3063571,15.4912869,fewer_than_3_camera_samples
2026-08-08_170830_541922_1_R3_TEST7__P048,2026-08-08_170830_541922_1_R3_TEST7,15.4912869,15.5906361,15.7965301,fewer_than_3_camera_samples
2026-08-08_174618_733033_1_R3_TEST1_v2__P002,2026-08-08_174618_733033_1_R3_TEST1_v2,2.1719242,2.3516635,2.535679,fewer_than_3_camera_samples
2026-08-08_174618_733033_1_R3_TEST1_v2__P005,2026-08-08_174618_733033_1_R3_TEST1_v2,3.2707334,3.371369,3.5465143,fewer_than_3_camera_samples
2026-08-08_174618_733033_1_R3_TEST1_v2__P007,2026-08-08_174618_733033_1_R3_TEST1_v2,3.9139993,4.0063681,4.1921214,fewer_than_3_camera_samples
2026-08-08_174618_733033_1_R3_TEST1_v2__P009,2026-08-08_174618_733033_1_R3_TEST1_v2,4.5598819,4.7412467,4.8378843,fewer_than_3_camera_samples
2026-08-08_174618_733033_1_R3_TEST1_v2__P011,2026-08-08_174618_733033_1_R3_TEST1_v2,5.2008553,5.2928808,5.4782733,fewer_than_3_camera_samples
2026-08-08_174618_733033_1_R3_TEST1_v2__P012,2026-08-08_174618_733033_1_R3_TEST1_v2,5.4782733,5.6602842,5.7530073,fewer_than_3_camera_samples
2026-08-08_174618_733033_1_R3_TEST1_v2__P013,2026-08-08_174618_733033_1_R3_TEST1_v2,5.7530073,5.9359543,6.120009,fewer_than_3_camera_samples
2026-08-08_174618_733033_1_R3_TEST1_v2__P014,2026-08-08_174618_733033_1_R3_TEST1_v2,6.120009,6.2118165,6.396051,fewer_than_3_camera_samples
2026-08-08_174618_733033_1_R3_TEST1_v2__P015,2026-08-08_174618_733033_1_R3_TEST1_v2,6.396051,6.4876721,6.6717717,fewer_than_3_camera_samples
2026-08-08_174618_733033_1_R3_TEST1_v2__P017,2026-08-08_174618_733033_1_R3_TEST1_v2,6.9493412,7.1307508,7.2246704,fewer_than_3_camera_samples
2026-08-08_174618_733033_1_R3_TEST1_v2__P018,2026-08-08_174618_733033_1_R3_TEST1_v2,7.2246704,7.4066158,7.5011141,fewer_than_3_camera_samples
2026-08-08_174618_733033_1_R3_TEST1_v2__P019,2026-08-08_174618_733033_1_R3_TEST1_v2,7.5011141,7.6823517,7.8662162,fewer_than_3_camera_samples
2026-08-08_174618_733033_1_R3_TEST1_v2__P020,2026-08-08_174618_733033_1_R3_TEST1_v2,7.8662162,7.9581918,8.1420796,fewer_than_3_camera_samples
2026-08-08_174618_733033_1_R3_TEST1_v2__P022,2026-08-08_174618_733033_1_R3_TEST1_v2,8.4177293,8.6013121,8.6969265,fewer_than_3_camera_samples
2026-08-08_174618_733033_1_R3_TEST1_v2__P023,2026-08-08_174618_733033_1_R3_TEST1_v2,8.6969265,8.8771928,9.0609749,fewer_than_3_camera_samples
2026-08-08_174618_733033_1_R3_TEST1_v2__P024,2026-08-08_174618_733033_1_R3_TEST1_v2,9.0609749,9.2484263,9.3366778,fewer_than_3_camera_samples
2026-08-08_174618_733033_1_R3_TEST1_v2__P026,2026-08-08_174618_733033_1_R3_TEST1_v2,9.7043604,9.8010551,9.9804284,fewer_than_3_camera_samples
2026-08-08_174618_733033_1_R3_TEST1_v2__P027,2026-08-08_174618_733033_1_R3_TEST1_v2,9.9804284,10.1697324,10.2557189,fewer_than_3_camera_samples
2026-08-08_174618_733033_1_R3_TEST1_v2__P028,2026-08-08_174618_733033_1_R3_TEST1_v2,10.2557189,10.4394601,10.5315194,fewer_than_3_camera_samples
2026-08-08_174618_733033_1_R3_TEST1_v2__P030,2026-08-08_174618_733033_1_R3_TEST1_v2,10.8989629,10.9910139,11.1751126,fewer_than_3_camera_samples
2026-08-08_174618_733033_1_R3_TEST1_v2__P031,2026-08-08_174618_733033_1_R3_TEST1_v2,11.1751126,11.2742246,11.4506203,fewer_than_3_camera_samples
2026-08-08_174618_733033_1_R3_TEST1_v2__P032,2026-08-08_174618_733033_1_R3_TEST1_v2,11.4506203,11.5422886,11.7263567,fewer_than_3_camera_samples
2026-08-08_174618_733033_1_R3_TEST1_v2__P033,2026-08-08_174618_733033_1_R3_TEST1_v2,11.7263567,11.8293026,12.0021377,fewer_than_3_camera_samples
2026-08-08_174618_733033_1_R3_TEST1_v2__P035,2026-08-08_174618_733033_1_R3_TEST1_v2,12.278326,12.3738849,12.5541161,fewer_than_3_camera_samples
2026-08-08_174618_733033_1_R3_TEST1_v2__P036,2026-08-08_174618_733033_1_R3_TEST1_v2,12.5541161,12.7371712,12.830484,fewer_than_3_camera_samples
2026-08-08_174618_733033_1_R3_TEST1_v2__P037,2026-08-08_174618_733033_1_R3_TEST1_v2,12.830484,12.9211975,13.1059605,fewer_than_3_camera_samples
2026-08-08_174618_733033_1_R3_TEST1_v2__P038,2026-08-08_174618_733033_1_R3_TEST1_v2,13.1059605,13.2889842,13.3839559,fewer_than_3_camera_samples
2026-08-08_174618_733033_1_R3_TEST1_v2__P039,2026-08-08_174618_733033_1_R3_TEST1_v2,13.3839559,13.5701612,13.6563507,fewer_than_3_camera_samples
2026-08-08_174618_733033_1_R3_TEST1_v2__P040,2026-08-08_174618_733033_1_R3_TEST1_v2,13.6563507,13.7495092,13.9320453,fewer_than_3_camera_samples
2026-08-08_174618_733033_1_R3_TEST1_v2__P041,2026-08-08_174618_733033_1_R3_TEST1_v2,13.9320453,14.1161133,14.2078735,fewer_than_3_camera_samples
2026-08-08_174618_733033_1_R3_TEST1_v2__P042,2026-08-08_174618_733033_1_R3_TEST1_v2,14.2078735,14.3025013,14.4834437,fewer_than_3_camera_samples
2026-08-08_174618_733033_1_R3_TEST1_v2__P043,2026-08-08_174618_733033_1_R3_TEST1_v2,14.4834437,14.5884475,14.7592694,fewer_than_3_camera_samples
2026-08-08_174618_733033_1_R3_TEST1_v2__P044,2026-08-08_174618_733033_1_R3_TEST1_v2,14.7592694,14.8544065,15.0351105,fewer_than_3_camera_samples
2026-08-08_174618_733033_1_R3_TEST1_v2__P045,2026-08-08_174618_733033_1_R3_TEST1_v2,15.0351105,15.219271,15.3111619,fewer_than_3_camera_samples
2026-08-08_174618_733033_1_R3_TEST1_v2__P046,2026-08-08_174618_733033_1_R3_TEST1_v2,15.3111619,15.4955808,15.5864514,fewer_than_3_camera_samples
2026-08-08_174618_733033_1_R3_TEST1_v2__P047,2026-08-08_174618_733033_1_R3_TEST1_v2,15.5864514,15.7749784,15.8624709,fewer_than_3_camera_samples
2026-08-08_174618_733033_1_R3_TEST1_v2__P048,2026-08-08_174618_733033_1_R3_TEST1_v2,15.8624709,16.0483962,16.1380425,fewer_than_3_camera_samples
2026-08-08_174618_733033_1_R3_TEST1_v2__P050,2026-08-08_174618_733033_1_R3_TEST1_v2,16.5056602,16.5972759,16.7845091,fewer_than_3_camera_samples
2026-08-08_174618_733033_1_R3_TEST1_v2__P051,2026-08-08_174618_733033_1_R3_TEST1_v2,16.7845091,16.8730764,17.057036,fewer_than_3_camera_samples
2026-08-08_174618_733033_1_R3_TEST1_v2__P052,2026-08-08_174618_733033_1_R3_TEST1_v2,17.057036,17.1499978,17.3360441,fewer_than_3_camera_samples
2026-08-08_174618_733033_1_R3_TEST1_v2__P053,2026-08-08_174618_733033_1_R3_TEST1_v2,17.3360441,17.4245702,17.6085059,fewer_than_3_camera_samples
2026-08-08_174618_733033_1_R3_TEST1_v2__P055,2026-08-08_174618_733033_1_R3_TEST1_v2,17.8897968,17.9760663,18.1645007,fewer_than_3_camera_samples
2026-08-08_174618_733033_1_R3_TEST1_v2__P056,2026-08-08_174618_733033_1_R3_TEST1_v2,18.1645007,18.3435408,18.4400099,fewer_than_3_camera_samples
2026-08-08_174618_733033_1_R3_TEST1_v2__P057,2026-08-08_174618_733033_1_R3_TEST1_v2,18.4400099,18.6194118,18.7134354,fewer_than_3_camera_samples
2026-08-08_174618_733033_1_R3_TEST1_v2__P058,2026-08-08_174618_733033_1_R3_TEST1_v2,18.7134354,18.8952298,19.0865275,fewer_than_3_camera_samples
2026-08-08_174618_733033_1_R3_TEST1_v2__P059,2026-08-08_174618_733033_1_R3_TEST1_v2,19.0865275,19.170731,19.2630165,fewer_than_3_camera_samples
2026-08-08_174618_733033_1_R3_TEST1_v2__P060,2026-08-08_174618_733033_1_R3_TEST1_v2,19.2630165,19.4466792,19.5385162,fewer_than_3_camera_samples
2026-08-08_174618_733033_1_R3_TEST1_v2__P061,2026-08-08_174618_733033_1_R3_TEST1_v2,19.5385162,19.7223529,19.8143702,fewer_than_3_camera_samples
2026-08-08_174618_733033_1_R3_TEST1_v2__P062,2026-08-08_174618_733033_1_R3_TEST1_v2,19.8143702,19.9983924,20.0902807,fewer_than_3_camera_samples
2026-08-08_174618_733033_1_R3_TEST1_v2__P063,2026-08-08_174618_733033_1_R3_TEST1_v2,20.0902807,20.2738843,20.3658592,fewer_than_3_camera_samples
2026-08-08_174618_733033_1_R3_TEST1_v2__P064,2026-08-08_174618_733033_1_R3_TEST1_v2,20.3658592,20.4582075,20.6415676,fewer_than_3_camera_samples
2026-08-08_174618_733033_1_R3_TEST1_v2__P065,2026-08-08_174618_733033_1_R3_TEST1_v2,20.6415676,20.8287342,20.9172486,fewer_than_3_camera_samples
2026-08-08_174618_733033_1_R3_TEST1_v2__P066,2026-08-08_174618_733033_1_R3_TEST1_v2,20.9172486,21.1108454,21.1934057,fewer_than_3_camera_samples
2026-08-08_174618_733033_1_R3_TEST1_v2__P067,2026-08-08_174618_733033_1_R3_TEST1_v2,21.1934057,21.2856747,21.4687568,fewer_than_3_camera_samples
2026-08-08_174618_733033_1_R3_TEST1_v2__P069,2026-08-08_174618_733033_1_R3_TEST1_v2,21.7464085,21.9308498,22.0213439,fewer_than_3_camera_samples
2026-08-08_174618_733033_1_R3_TEST1_v2__P070,2026-08-08_174618_733033_1_R3_TEST1_v2,22.0213439,22.2039512,22.30208,fewer_than_3_camera_samples
2026-08-08_174618_733033_1_R3_TEST1_v2__P071,2026-08-08_174618_733033_1_R3_TEST1_v2,22.30208,22.4798604,22.5715029,fewer_than_3_camera_samples
2026-08-08_174618_733033_1_R3_TEST1_v2__P072,2026-08-08_174618_733033_1_R3_TEST1_v2,22.5715029,22.7555095,22.8487578,fewer_than_3_camera_samples
2026-08-08_174618_733033_1_R3_TEST1_v2__P073,2026-08-08_174618_733033_1_R3_TEST1_v2,22.8487578,23.0311368,23.1230349,fewer_than_3_camera_samples
2026-08-08_174618_733033_1_R3_TEST1_v2__P074,2026-08-08_174618_733033_1_R3_TEST1_v2,23.1230349,23.3068731,23.401724,fewer_than_3_camera_samples
2026-08-08_174618_733033_1_R3_TEST1_v2__P075,2026-08-08_174618_733033_1_R3_TEST1_v2,23.401724,23.5826763,23.6745744,fewer_than_3_camera_samples
2026-08-08_174618_733033_1_R3_TEST1_v2__P076,2026-08-08_174618_733033_1_R3_TEST1_v2,23.6745744,23.8583656,23.9501089,fewer_than_3_camera_samples
2026-08-08_174618_733033_1_R3_TEST1_v2__P077,2026-08-08_174618_733033_1_R3_TEST1_v2,23.9501089,24.0473971,24.2262392,fewer_than_3_camera_samples
2026-08-08_174618_733033_1_R3_TEST1_v2__P078,2026-08-08_174618_733033_1_R3_TEST1_v2,24.2262392,24.4099694,24.5015222,fewer_than_3_camera_samples
2026-08-08_174618_733033_1_R3_TEST1_v2__P079,2026-08-08_174618_733033_1_R3_TEST1_v2,24.5015222,24.5935241,24.7774122,fewer_than_3_camera_samples
2026-08-08_174618_733033_1_R3_TEST1_v2__P080,2026-08-08_174618_733033_1_R3_TEST1_v2,24.7774122,24.8691264,25.0534648,fewer_than_3_camera_samples
2026-08-08_174618_733033_1_R3_TEST1_v2__P081,2026-08-08_174618_733033_1_R3_TEST1_v2,25.0534648,25.1450434,25.3290527,fewer_than_3_camera_samples
2026-08-08_174618_733033_1_R3_TEST1_v2__P082,2026-08-08_174618_733033_1_R3_TEST1_v2,25.3290527,25.4207618,25.6047944,fewer_than_3_camera_samples
2026-08-08_174618_733033_1_R3_TEST1_v2__P083,2026-08-08_174618_733033_1_R3_TEST1_v2,25.6047944,25.6967499,25.8804865,fewer_than_3_camera_samples
2026-08-08_174618_733033_1_R3_TEST1_v2__P084,2026-08-08_174618_733033_1_R3_TEST1_v2,25.8804865,26.0639657,26.1563827,fewer_than_3_camera_samples
2026-08-08_174618_733033_1_R3_TEST1_v2__P086,2026-08-08_174618_733033_1_R3_TEST1_v2,26.4401933,26.5236935,26.7100973,fewer_than_3_camera_samples
2026-08-08_174618_733033_1_R3_TEST1_v2__P087,2026-08-08_174618_733033_1_R3_TEST1_v2,26.7100973,26.7994434,26.9864413,fewer_than_3_camera_samples
2026-08-08_174618_733033_1_R3_TEST1_v2__P088,2026-08-08_174618_733033_1_R3_TEST1_v2,26.9864413,27.0754199,27.2599978,fewer_than_3_camera_samples
2026-08-08_144407_344158_1_R4_TEST1__P190,2026-08-08_144407_344158_1_R4_TEST1,125.0261655,125.2031262,125.3864893,fewer_than_3_camera_samples
2026-08-08_161131_254032_1_R4_TEST6__P061,2026-08-08_161131_254032_1_R4_TEST6,36.5831954,36.772092,36.8598084,fewer_than_3_camera_samples
2026-08-08_161131_254032_1_R4_TEST6__P063,2026-08-08_161131_254032_1_R4_TEST6,37.2304847,37.4185513,37.5945554,fewer_than_3_camera_samples
2026-08-08_161131_254032_1_R4_TEST6__P066,2026-08-08_161131_254032_1_R4_TEST6,38.3295083,38.4219525,38.514338,fewer_than_3_camera_samples
2026-08-08_161131_254032_1_R4_TEST6__P067,2026-08-08_161131_254032_1_R4_TEST6,38.514338,38.7001826,38.788973,fewer_than_3_camera_samples
2026-08-08_161131_254032_1_R4_TEST6__P070,2026-08-08_161131_254032_1_R4_TEST6,39.5284447,39.6167061,39.8040944,fewer_than_3_camera_samples
2026-08-08_170909_598459_1_R4_TEST7__P002,2026-08-08_170909_598459_1_R4_TEST7,1.961881,2.0627182,2.2538096,fewer_than_3_camera_samples
2026-08-08_170909_598459_1_R4_TEST7__P005,2026-08-08_170909_598459_1_R4_TEST7,2.97916,3.076752,3.2413705,fewer_than_3_camera_samples
2026-08-08_170909_598459_1_R4_TEST7__P007,2026-08-08_170909_598459_1_R4_TEST7,3.6101325,3.7118051,3.9008237,fewer_than_3_camera_samples
2026-08-08_170909_598459_1_R4_TEST7__P008,2026-08-08_170909_598459_1_R4_TEST7,3.9008237,3.9932244,4.1721597,fewer_than_3_camera_samples
2026-08-08_170909_598459_1_R4_TEST7__P009,2026-08-08_170909_598459_1_R4_TEST7,4.1721597,4.2703525,4.449051,fewer_than_3_camera_samples
2026-08-08_170909_598459_1_R4_TEST7__P011,2026-08-08_170909_598459_1_R4_TEST7,4.8318713,4.895839,4.9924291,fewer_than_3_camera_samples
2026-08-08_170909_598459_1_R4_TEST7__P013,2026-08-08_170909_598459_1_R4_TEST7,5.3814478,5.447381,5.6385755,fewer_than_3_camera_samples
2026-08-08_170909_598459_1_R4_TEST7__P014,2026-08-08_170909_598459_1_R4_TEST7,5.6385755,5.7319759,5.9266175,fewer_than_3_camera_samples
2026-08-08_170909_598459_1_R4_TEST7__P015,2026-08-08_170909_598459_1_R4_TEST7,5.9266175,6.020776,6.1883392,fewer_than_3_camera_samples
2026-08-08_170909_598459_1_R4_TEST7__P016,2026-08-08_170909_598459_1_R4_TEST7,6.1883392,6.2901086,6.4936455,fewer_than_3_camera_samples
2026-08-08_170909_598459_1_R4_TEST7__P017,2026-08-08_170909_598459_1_R4_TEST7,6.4936455,6.5506021,6.6422279,fewer_than_3_camera_samples
2026-08-08_170909_598459_1_R4_TEST7__P018,2026-08-08_170909_598459_1_R4_TEST7,6.6422279,6.833396,6.9298126,fewer_than_3_camera_samples
2026-08-08_170909_598459_1_R4_TEST7__P020,2026-08-08_170909_598459_1_R4_TEST7,7.2856536,7.3804281,7.4827886,fewer_than_3_camera_samples
2026-08-08_170909_598459_1_R4_TEST7__P021,2026-08-08_170909_598459_1_R4_TEST7,7.4827886,7.653521,7.8371575,fewer_than_3_camera_samples
2026-08-08_170909_598459_1_R4_TEST7__P022,2026-08-08_170909_598459_1_R4_TEST7,7.8371575,7.9290978,8.137018,fewer_than_3_camera_samples
2026-08-08_170909_598459_1_R4_TEST7__P023,2026-08-08_170909_598459_1_R4_TEST7,8.137018,8.2048529,8.3981326,fewer_than_3_camera_samples
2026-08-08_170909_598459_1_R4_TEST7__P025,2026-08-08_170909_598459_1_R4_TEST7,8.6821356,8.7769072,8.9650012,fewer_than_3_camera_samples
2026-08-08_170909_598459_1_R4_TEST7__P026,2026-08-08_170909_598459_1_R4_TEST7,8.9650012,9.0320861,9.2352177,fewer_than_3_camera_samples
2026-08-08_170909_598459_1_R4_TEST7__P027,2026-08-08_170909_598459_1_R4_TEST7,9.2352177,9.3077471,9.4022813,fewer_than_3_camera_samples
2026-08-08_170909_598459_1_R4_TEST7__P028,2026-08-08_170909_598459_1_R4_TEST7,9.4022813,9.5941627,9.6858248,fewer_than_3_camera_samples
2026-08-08_170909_598459_1_R4_TEST7__P029,2026-08-08_170909_598459_1_R4_TEST7,9.6858248,9.8791669,9.971196,fewer_than_3_camera_samples
2026-08-08_170909_598459_1_R4_TEST7__P031,2026-08-08_170909_598459_1_R4_TEST7,10.3268451,10.4183312,10.5972999,fewer_than_3_camera_samples
2026-08-08_170909_598459_1_R4_TEST7__P032,2026-08-08_170909_598459_1_R4_TEST7,10.5972999,10.688082,10.877253,fewer_than_3_camera_samples
2026-08-08_170909_598459_1_R4_TEST7__P033,2026-08-08_170909_598459_1_R4_TEST7,10.877253,10.9708712,11.1486626,fewer_than_3_camera_samples
2026-08-08_170909_598459_1_R4_TEST7__P037,2026-08-08_170909_598459_1_R4_TEST7,12.4413215,12.5416475,12.711318,fewer_than_3_camera_samples
2026-08-08_170909_598459_1_R4_TEST7__P038,2026-08-08_170909_598459_1_R4_TEST7,12.711318,12.8980474,12.9914742,fewer_than_3_camera_samples
2026-08-08_170909_598459_1_R4_TEST7__P039,2026-08-08_170909_598459_1_R4_TEST7,12.9914742,13.1868242,13.2803571,fewer_than_3_camera_samples
2026-08-08_170909_598459_1_R4_TEST7__P040,2026-08-08_170909_598459_1_R4_TEST7,13.2803571,13.4443162,13.5412939,fewer_than_3_camera_samples
2026-08-08_170909_598459_1_R4_TEST7__P041,2026-08-08_170909_598459_1_R4_TEST7,13.5412939,13.7432644,13.8117156,fewer_than_3_camera_samples
2026-08-08_170909_598459_1_R4_TEST7__P042,2026-08-08_170909_598459_1_R4_TEST7,13.8117156,14.0064863,14.0954653,fewer_than_3_camera_samples
2026-08-08_170909_598459_1_R4_TEST7__P043,2026-08-08_170909_598459_1_R4_TEST7,14.0954653,14.2770622,14.3722201,fewer_than_3_camera_samples
2026-08-08_170909_598459_1_R4_TEST7__P045,2026-08-08_170909_598459_1_R4_TEST7,14.7486367,14.8430716,15.0065552,fewer_than_3_camera_samples
2026-08-08_170909_598459_1_R4_TEST7__P046,2026-08-08_170909_598459_1_R4_TEST7,15.0065552,15.1025875,15.2935499,fewer_than_3_camera_samples
2026-08-08_170909_598459_1_R4_TEST7__P047,2026-08-08_170909_598459_1_R4_TEST7,15.2935499,15.4906088,15.558274,fewer_than_3_camera_samples
2026-08-08_170909_598459_1_R4_TEST7__P049,2026-08-08_170909_598459_1_R4_TEST7,15.9394393,16.0365167,16.2013798,fewer_than_3_camera_samples
2026-08-08_170909_598459_1_R4_TEST7__P050,2026-08-08_170909_598459_1_R4_TEST7,16.2013798,16.2990837,16.4917308,fewer_than_3_camera_samples
2026-08-08_170909_598459_1_R4_TEST7__P051,2026-08-08_170909_598459_1_R4_TEST7,16.4917308,16.584453,16.7529712,fewer_than_3_camera_samples
2026-08-08_170909_598459_1_R4_TEST7__P052,2026-08-08_170909_598459_1_R4_TEST7,16.7529712,16.9594853,17.0287255,fewer_than_3_camera_samples
2026-08-08_170909_598459_1_R4_TEST7__P053,2026-08-08_170909_598459_1_R4_TEST7,17.0287255,17.1257206,17.3140498,fewer_than_3_camera_samples
2026-08-08_170909_598459_1_R4_TEST7__P054,2026-08-08_170909_598459_1_R4_TEST7,17.3140498,17.5066107,17.603779,fewer_than_3_camera_samples
2026-08-08_170909_598459_1_R4_TEST7__P055,2026-08-08_170909_598459_1_R4_TEST7,17.603779,17.6721146,17.8584694,fewer_than_3_camera_samples
2026-08-08_170909_598459_1_R4_TEST7__P056,2026-08-08_170909_598459_1_R4_TEST7,17.8584694,17.9480225,18.0486782,fewer_than_3_camera_samples
2026-08-08_170909_598459_1_R4_TEST7__P057,2026-08-08_170909_598459_1_R4_TEST7,18.0486782,18.2415938,18.3278193,fewer_than_3_camera_samples
2026-08-08_170909_598459_1_R4_TEST7__P058,2026-08-08_170909_598459_1_R4_TEST7,18.3278193,18.514836,18.6133804,fewer_than_3_camera_samples
2026-08-08_170909_598459_1_R4_TEST7__P059,2026-08-08_170909_598459_1_R4_TEST7,18.6133804,18.7962218,18.8892971,fewer_than_3_camera_samples
2026-08-08_170909_598459_1_R4_TEST7__P060,2026-08-08_170909_598459_1_R4_TEST7,18.8892971,19.0607678,19.1597197,fewer_than_3_camera_samples
2026-08-08_170909_598459_1_R4_TEST7__P061,2026-08-08_170909_598459_1_R4_TEST7,19.1597197,19.3529494,19.4185512,fewer_than_3_camera_samples
2026-08-08_174710_995995_1_R4_TEST1_v2__P002,2026-08-08_174710_995995_1_R4_TEST1_v2,2.2133495,2.3973805,2.4892188,fewer_than_3_camera_samples
2026-08-08_174710_995995_1_R4_TEST1_v2__P004,2026-08-08_174710_995995_1_R4_TEST1_v2,2.8594623,3.0409382,3.1329001,fewer_than_3_camera_samples
2026-08-08_174710_995995_1_R4_TEST1_v2__P006,2026-08-08_174710_995995_1_R4_TEST1_v2,3.5000888,3.6842383,3.7757617,fewer_than_3_camera_samples
2026-08-08_174710_995995_1_R4_TEST1_v2__P007,2026-08-08_174710_995995_1_R4_TEST1_v2,3.7757617,3.9601243,4.0515416,fewer_than_3_camera_samples
2026-08-08_174710_995995_1_R4_TEST1_v2__P009,2026-08-08_174710_995995_1_R4_TEST1_v2,4.4207175,4.5113826,4.6977421,fewer_than_3_camera_samples
2026-08-08_174710_995995_1_R4_TEST1_v2__P010,2026-08-08_174710_995995_1_R4_TEST1_v2,4.6977421,4.8793559,4.9761946,fewer_than_3_camera_samples
2026-08-08_174710_995995_1_R4_TEST1_v2__P011,2026-08-08_174710_995995_1_R4_TEST1_v2,4.9761946,5.1547342,5.2472901,fewer_than_3_camera_samples
2026-08-08_174710_995995_1_R4_TEST1_v2__P012,2026-08-08_174710_995995_1_R4_TEST1_v2,5.2472901,5.4304147,5.5222831,fewer_than_3_camera_samples
2026-08-08_174710_995995_1_R4_TEST1_v2__P013,2026-08-08_174710_995995_1_R4_TEST1_v2,5.5222831,5.7061919,5.7982216,fewer_than_3_camera_samples
2026-08-08_174710_995995_1_R4_TEST1_v2__P014,2026-08-08_174710_995995_1_R4_TEST1_v2,5.7982216,5.9819827,6.0738832,fewer_than_3_camera_samples
2026-08-08_174710_995995_1_R4_TEST1_v2__P015,2026-08-08_174710_995995_1_R4_TEST1_v2,6.0738832,6.2578693,6.3495027,fewer_than_3_camera_samples
2026-08-08_174710_995995_1_R4_TEST1_v2__P016,2026-08-08_174710_995995_1_R4_TEST1_v2,6.3495027,6.5335172,6.6252498,fewer_than_3_camera_samples
2026-08-08_174710_995995_1_R4_TEST1_v2__P017,2026-08-08_174710_995995_1_R4_TEST1_v2,6.6252498,6.8151744,6.9012514,fewer_than_3_camera_samples
2026-08-08_174710_995995_1_R4_TEST1_v2__P018,2026-08-08_174710_995995_1_R4_TEST1_v2,6.9012514,7.0959406,7.1769324,fewer_than_3_camera_samples
2026-08-08_174710_995995_1_R4_TEST1_v2__P019,2026-08-08_174710_995995_1_R4_TEST1_v2,7.1769324,7.3732114,7.4527673,fewer_than_3_camera_samples
2026-08-08_174710_995995_1_R4_TEST1_v2__P020,2026-08-08_174710_995995_1_R4_TEST1_v2,7.4527673,7.6416867,7.7282719,fewer_than_3_camera_samples
2026-08-08_174710_995995_1_R4_TEST1_v2__P021,2026-08-08_174710_995995_1_R4_TEST1_v2,7.7282719,7.9216129,8.0042924,fewer_than_3_camera_samples
2026-08-08_174710_995995_1_R4_TEST1_v2__P023,2026-08-08_174710_995995_1_R4_TEST1_v2,8.2812803,8.4675476,8.5639414,fewer_than_3_camera_samples
2026-08-08_174710_995995_1_R4_TEST1_v2__P024,2026-08-08_174710_995995_1_R4_TEST1_v2,8.5639414,8.739195,8.8345995,fewer_than_3_camera_samples
2026-08-08_174710_995995_1_R4_TEST1_v2__P025,2026-08-08_174710_995995_1_R4_TEST1_v2,8.8345995,9.0151082,9.1088509,fewer_than_3_camera_samples
2026-08-08_174710_995995_1_R4_TEST1_v2__P026,2026-08-08_174710_995995_1_R4_TEST1_v2,9.1088509,9.2908361,9.3832225,fewer_than_3_camera_samples
2026-08-08_174710_995995_1_R4_TEST1_v2__P027,2026-08-08_174710_995995_1_R4_TEST1_v2,9.3832225,9.5700391,9.6583733,fewer_than_3_camera_samples
2026-08-08_174710_995995_1_R4_TEST1_v2__P028,2026-08-08_174710_995995_1_R4_TEST1_v2,9.6583733,9.7513348,9.934084,fewer_than_3_camera_samples
2026-08-08_174710_995995_1_R4_TEST1_v2__P029,2026-08-08_174710_995995_1_R4_TEST1_v2,9.934084,10.0269562,10.2102158,fewer_than_3_camera_samples
2026-08-08_174710_995995_1_R4_TEST1_v2__P030,2026-08-08_174710_995995_1_R4_TEST1_v2,10.2102158,10.3038283,10.4858044,fewer_than_3_camera_samples
2026-08-08_174710_995995_1_R4_TEST1_v2__P031,2026-08-08_174710_995995_1_R4_TEST1_v2,10.4858044,10.5827115,10.6703255,fewer_than_3_camera_samples
2026-08-08_174710_995995_1_R4_TEST1_v2__P033,2026-08-08_174710_995995_1_R4_TEST1_v2,10.9453521,11.136417,11.2209975,fewer_than_3_camera_samples
2026-08-08_174710_995995_1_R4_TEST1_v2__P034,2026-08-08_174710_995995_1_R4_TEST1_v2,11.2209975,11.4053166,11.504176,fewer_than_3_camera_samples
2026-08-08_174710_995995_1_R4_TEST1_v2__P035,2026-08-08_174710_995995_1_R4_TEST1_v2,11.504176,11.6805877,11.7751332,fewer_than_3_camera_samples
2026-08-08_174710_995995_1_R4_TEST1_v2__P036,2026-08-08_174710_995995_1_R4_TEST1_v2,11.7751332,11.9564689,12.048095,fewer_than_3_camera_samples
2026-08-08_174710_995995_1_R4_TEST1_v2__P037,2026-08-08_174710_995995_1_R4_TEST1_v2,12.048095,12.1403281,12.3323804,fewer_than_3_camera_samples
2026-08-08_174710_995995_1_R4_TEST1_v2__P038,2026-08-08_174710_995995_1_R4_TEST1_v2,12.3323804,12.4162048,12.599789,fewer_than_3_camera_samples
2026-08-08_174710_995995_1_R4_TEST1_v2__P039,2026-08-08_174710_995995_1_R4_TEST1_v2,12.599789,12.6932665,12.8773014,fewer_than_3_camera_samples
2026-08-08_174710_995995_1_R4_TEST1_v2__P040,2026-08-08_174710_995995_1_R4_TEST1_v2,12.8773014,12.9680267,13.1511948,fewer_than_3_camera_samples
2026-08-08_174710_995995_1_R4_TEST1_v2__P041,2026-08-08_174710_995995_1_R4_TEST1_v2,13.1511948,13.247442,13.3352116,fewer_than_3_camera_samples
2026-08-08_174710_995995_1_R4_TEST1_v2__P042,2026-08-08_174710_995995_1_R4_TEST1_v2,13.3352116,13.5234534,13.6157489,fewer_than_3_camera_samples
2026-08-08_174710_995995_1_R4_TEST1_v2__P043,2026-08-08_174710_995995_1_R4_TEST1_v2,13.6157489,13.7950369,13.8866506,fewer_than_3_camera_samples
2026-08-08_174710_995995_1_R4_TEST1_v2__P045,2026-08-08_174710_995995_1_R4_TEST1_v2,14.1679968,14.2540851,14.4377905,fewer_than_3_camera_samples
2026-08-08_174710_995995_1_R4_TEST1_v2__P046,2026-08-08_174710_995995_1_R4_TEST1_v2,14.4377905,14.5302046,14.7136218,fewer_than_3_camera_samples
2026-08-08_174710_995995_1_R4_TEST1_v2__P048,2026-08-08_174710_995995_1_R4_TEST1_v2,15.1734119,15.3606187,15.4489905,fewer_than_3_camera_samples
2026-08-08_174710_995995_1_R4_TEST1_v2__P049,2026-08-08_174710_995995_1_R4_TEST1_v2,15.4489905,15.5406652,15.7249851,fewer_than_3_camera_samples
2026-08-08_174710_995995_1_R4_TEST1_v2__P050,2026-08-08_174710_995995_1_R4_TEST1_v2,15.7249851,15.8166149,16.000514,fewer_than_3_camera_samples
2026-08-08_174710_995995_1_R4_TEST1_v2__P051,2026-08-08_174710_995995_1_R4_TEST1_v2,16.000514,16.0923504,16.2761987,fewer_than_3_camera_samples
2026-08-08_174710_995995_1_R4_TEST1_v2__P053,2026-08-08_174710_995995_1_R4_TEST1_v2,16.5524746,16.64399,16.7355994,fewer_than_3_camera_samples
2026-08-08_174710_995995_1_R4_TEST1_v2__P054,2026-08-08_174710_995995_1_R4_TEST1_v2,16.7355994,16.921862,17.0115853,fewer_than_3_camera_samples
2026-08-08_174710_995995_1_R4_TEST1_v2__P055,2026-08-08_174710_995995_1_R4_TEST1_v2,17.0115853,17.1953628,17.2872432,fewer_than_3_camera_samples
2026-08-08_174710_995995_1_R4_TEST1_v2__P056,2026-08-08_174710_995995_1_R4_TEST1_v2,17.2872432,17.471259,17.5629403,fewer_than_3_camera_samples
2026-08-08_174710_995995_1_R4_TEST1_v2__P057,2026-08-08_174710_995995_1_R4_TEST1_v2,17.5629403,17.7470333,17.8385654,fewer_than_3_camera_samples
2026-08-08_174710_995995_1_R4_TEST1_v2__P058,2026-08-08_174710_995995_1_R4_TEST1_v2,17.8385654,17.9327845,18.1186897,fewer_than_3_camera_samples
2026-08-08_174710_995995_1_R4_TEST1_v2__P059,2026-08-08_174710_995995_1_R4_TEST1_v2,18.1186897,18.2063609,18.2988521,fewer_than_3_camera_samples
2026-08-08_174710_995995_1_R4_TEST1_v2__P060,2026-08-08_174710_995995_1_R4_TEST1_v2,18.2988521,18.4820825,18.5769797,fewer_than_3_camera_samples
2026-08-08_174710_995995_1_R4_TEST1_v2__P061,2026-08-08_174710_995995_1_R4_TEST1_v2,18.5769797,18.7576396,18.8494076,fewer_than_3_camera_samples
2026-08-08_174710_995995_1_R4_TEST1_v2__P062,2026-08-08_174710_995995_1_R4_TEST1_v2,18.8494076,18.9416487,19.1251894,fewer_than_3_camera_samples
2026-08-08_174710_995995_1_R4_TEST1_v2__P063,2026-08-08_174710_995995_1_R4_TEST1_v2,19.1251894,19.2171499,19.4010463,fewer_than_3_camera_samples
2026-08-08_174710_995995_1_R4_TEST1_v2__P064,2026-08-08_174710_995995_1_R4_TEST1_v2,19.4010463,19.5000817,19.6765841,fewer_than_3_camera_samples
2026-08-08_174710_995995_1_R4_TEST1_v2__P065,2026-08-08_174710_995995_1_R4_TEST1_v2,19.6765841,19.7720309,19.9526803,fewer_than_3_camera_samples
2026-08-08_174710_995995_1_R4_TEST1_v2__P066,2026-08-08_174710_995995_1_R4_TEST1_v2,19.9526803,20.0442322,20.1364679,fewer_than_3_camera_samples
2026-08-08_174710_995995_1_R4_TEST1_v2__P067,2026-08-08_174710_995995_1_R4_TEST1_v2,20.1364679,20.3201561,20.4121266,fewer_than_3_camera_samples
2026-08-08_174710_995995_1_R4_TEST1_v2__P068,2026-08-08_174710_995995_1_R4_TEST1_v2,20.4121266,20.5958555,20.6878757,fewer_than_3_camera_samples
2026-08-08_174710_995995_1_R4_TEST1_v2__P070,2026-08-08_174710_995995_1_R4_TEST1_v2,20.967616,21.0559767,21.2414226,fewer_than_3_camera_samples
2026-08-08_174710_995995_1_R4_TEST1_v2__P071,2026-08-08_174710_995995_1_R4_TEST1_v2,21.2414226,21.331193,21.5176144,fewer_than_3_camera_samples
2026-08-08_174710_995995_1_R4_TEST1_v2__P072,2026-08-08_174710_995995_1_R4_TEST1_v2,21.5176144,21.6070179,21.6990266,fewer_than_3_camera_samples
2026-08-08_174710_995995_1_R4_TEST1_v2__P073,2026-08-08_174710_995995_1_R4_TEST1_v2,21.6990266,21.8827222,21.9748996,fewer_than_3_camera_samples
2026-08-08_174710_995995_1_R4_TEST1_v2__P074,2026-08-08_174710_995995_1_R4_TEST1_v2,21.9748996,22.1583037,22.2502941,fewer_than_3_camera_samples
2026-08-08_174710_995995_1_R4_TEST1_v2__P075,2026-08-08_174710_995995_1_R4_TEST1_v2,22.2502941,22.4354582,22.5262237,fewer_than_3_camera_samples
2026-08-08_174710_995995_1_R4_TEST1_v2__P076,2026-08-08_174710_995995_1_R4_TEST1_v2,22.5262237,22.7118931,22.8018945,fewer_than_3_camera_samples
2026-08-08_174710_995995_1_R4_TEST1_v2__P078,2026-08-08_174710_995995_1_R4_TEST1_v2,23.173462,23.2613091,23.4451597,fewer_than_3_camera_samples
2026-08-08_174710_995995_1_R4_TEST1_v2__P080,2026-08-08_174710_995995_1_R4_TEST1_v2,23.8193014,23.9118023,24.0887272,fewer_than_3_camera_samples
2026-08-08_174710_995995_1_R4_TEST1_v2__P081,2026-08-08_174710_995995_1_R4_TEST1_v2,24.0887272,24.1827582,24.371024,fewer_than_3_camera_samples
2026-08-08_174710_995995_1_R4_TEST1_v2__P082,2026-08-08_174710_995995_1_R4_TEST1_v2,24.371024,24.4558924,24.6402144,fewer_than_3_camera_samples
2026-08-08_174710_995995_1_R4_TEST1_v2__P083,2026-08-08_174710_995995_1_R4_TEST1_v2,24.6402144,24.735157,24.9217124,fewer_than_3_camera_samples
2026-08-08_174710_995995_1_R4_TEST1_v2__P084,2026-08-08_174710_995995_1_R4_TEST1_v2,24.9217124,25.0075458,25.1011655,fewer_than_3_camera_samples
2026-08-08_174710_995995_1_R4_TEST1_v2__P085,2026-08-08_174710_995995_1_R4_TEST1_v2,25.1011655,25.2832624,25.3774672,fewer_than_3_camera_samples
2026-08-08_174710_995995_1_R4_TEST1_v2__P086,2026-08-08_174710_995995_1_R4_TEST1_v2,25.3774672,25.559026,25.6506616,fewer_than_3_camera_samples
2026-08-08_174710_995995_1_R4_TEST1_v2__P087,2026-08-08_174710_995995_1_R4_TEST1_v2,25.6506616,25.8347302,25.929084,fewer_than_3_camera_samples
2026-08-08_174710_995995_1_R4_TEST1_v2__P088,2026-08-08_174710_995995_1_R4_TEST1_v2,25.929084,26.1189834,26.2026498,fewer_than_3_camera_samples
2026-08-08_174710_995995_1_R4_TEST1_v2__P089,2026-08-08_174710_995995_1_R4_TEST1_v2,26.2026498,26.386407,26.4780603,fewer_than_3_camera_samples
2026-08-08_174710_995995_1_R4_TEST1_v2__P090,2026-08-08_174710_995995_1_R4_TEST1_v2,26.4780603,26.5732182,26.7535996,fewer_than_3_camera_samples
2026-08-08_174710_995995_1_R4_TEST1_v2__P091,2026-08-08_174710_995995_1_R4_TEST1_v2,26.7535996,26.8453937,26.9378497,fewer_than_3_camera_samples
2026-08-08_145009_272251_1_R5_TEST1__P085,2026-08-08_145009_272251_1_R5_TEST1,59.6664368,59.8455622,60.0292893,fewer_than_3_camera_samples
2026-08-08_161454_348568_1_R5_TEST3__P042,2026-08-08_161454_348568_1_R5_TEST3,21.8667714,22.0447376,22.2287284,fewer_than_3_camera_samples
2026-08-08_161644_548982_1_R5_TEST4__P049,2026-08-08_161644_548982_1_R5_TEST4,29.8825642,30.0648668,30.1579662,fewer_than_3_camera_samples
2026-08-08_161644_548982_1_R5_TEST4__P050,2026-08-08_161644_548982_1_R5_TEST4,30.1579662,30.3403186,30.524472,fewer_than_3_camera_samples
2026-08-08_170958_044598_1_R5_TEST7__P002,2026-08-08_170958_044598_1_R5_TEST7,1.8844818,2.0585246,2.1574425,fewer_than_3_camera_samples
2026-08-08_170958_044598_1_R5_TEST7__P003,2026-08-08_170958_044598_1_R5_TEST7,2.1574425,2.3308995,2.5223503,fewer_than_3_camera_samples
2026-08-08_170958_044598_1_R5_TEST7__P005,2026-08-08_170958_044598_1_R5_TEST7,2.8914047,3.0795554,3.176569,fewer_than_3_camera_samples
2026-08-08_170958_044598_1_R5_TEST7__P007,2026-08-08_170958_044598_1_R5_TEST7,3.5245105,3.7204832,3.824704,fewer_than_3_camera_samples
2026-08-08_170958_044598_1_R5_TEST7__P009,2026-08-08_170958_044598_1_R5_TEST7,4.177825,4.285238,4.4495551,fewer_than_3_camera_samples
2026-08-08_170958_044598_1_R5_TEST7__P010,2026-08-08_170958_044598_1_R5_TEST7,4.4495551,4.6345439,4.7276008,fewer_than_3_camera_samples
2026-08-08_170958_044598_1_R5_TEST7__P011,2026-08-08_170958_044598_1_R5_TEST7,4.7276008,4.9346412,4.9952031,fewer_than_3_camera_samples
2026-08-08_170958_044598_1_R5_TEST7__P014,2026-08-08_170958_044598_1_R5_TEST7,5.7371693,5.9202048,6.0132247,fewer_than_3_camera_samples
2026-08-08_170958_044598_1_R5_TEST7__P015,2026-08-08_170958_044598_1_R5_TEST7,6.0132247,6.1979955,6.3833778,fewer_than_3_camera_samples
2026-08-08_170958_044598_1_R5_TEST7__P016,2026-08-08_170958_044598_1_R5_TEST7,6.3833778,6.4777051,6.6655735,fewer_than_3_camera_samples
2026-08-08_170958_044598_1_R5_TEST7__P018,2026-08-08_170958_044598_1_R5_TEST7,7.0357512,7.1235449,7.2962688,fewer_than_3_camera_samples
2026-08-08_170958_044598_1_R5_TEST7__P019,2026-08-08_170958_044598_1_R5_TEST7,7.2962688,7.4887878,7.5834667,fewer_than_3_camera_samples
2026-08-08_170958_044598_1_R5_TEST7__P021,2026-08-08_170958_044598_1_R5_TEST7,7.9403345,8.0344214,8.2206403,fewer_than_3_camera_samples
2026-08-08_170958_044598_1_R5_TEST7__P022,2026-08-08_170958_044598_1_R5_TEST7,8.2206403,8.4131443,8.5012603,fewer_than_3_camera_samples
2026-08-08_170958_044598_1_R5_TEST7__P024,2026-08-08_170958_044598_1_R5_TEST7,8.8578366,8.9558097,9.1364093,fewer_than_3_camera_samples
2026-08-08_170958_044598_1_R5_TEST7__P025,2026-08-08_170958_044598_1_R5_TEST7,9.1364093,9.2319418,9.4320743,fewer_than_3_camera_samples
2026-08-08_170958_044598_1_R5_TEST7__P026,2026-08-08_170958_044598_1_R5_TEST7,9.4320743,9.5989868,9.6880901,fewer_than_3_camera_samples
2026-08-08_170958_044598_1_R5_TEST7__P029,2026-08-08_170958_044598_1_R5_TEST7,10.4343882,10.5259695,10.7095892,fewer_than_3_camera_samples
2026-08-08_170958_044598_1_R5_TEST7__P030,2026-08-08_170958_044598_1_R5_TEST7,10.7095892,10.8778144,10.9793346,fewer_than_3_camera_samples
2026-08-08_170958_044598_1_R5_TEST7__P031,2026-08-08_170958_044598_1_R5_TEST7,10.9793346,11.1660362,11.258089,fewer_than_3_camera_samples
2026-08-08_170958_044598_1_R5_TEST7__P033,2026-08-08_170958_044598_1_R5_TEST7,11.6156711,11.7056595,11.8913326,fewer_than_3_camera_samples
2026-08-08_170958_044598_1_R5_TEST7__P034,2026-08-08_170958_044598_1_R5_TEST7,11.8913326,11.9811591,12.1901376,fewer_than_3_camera_samples
2026-08-08_170958_044598_1_R5_TEST7__P035,2026-08-08_170958_044598_1_R5_TEST7,12.1901376,12.256902,12.4430947,fewer_than_3_camera_samples
2026-08-08_170958_044598_1_R5_TEST7__P036,2026-08-08_170958_044598_1_R5_TEST7,12.4430947,12.6358619,12.7292447,fewer_than_3_camera_samples
2026-08-08_170958_044598_1_R5_TEST7__P038,2026-08-08_170958_044598_1_R5_TEST7,13.0873975,13.1797128,13.3652735,fewer_than_3_camera_samples
2026-08-08_170958_044598_1_R5_TEST7__P039,2026-08-08_170958_044598_1_R5_TEST7,13.3652735,13.5536079,13.6457531,fewer_than_3_camera_samples
2026-08-08_170958_044598_1_R5_TEST7__P040,2026-08-08_170958_044598_1_R5_TEST7,13.6457531,13.8344147,13.9264528,fewer_than_3_camera_samples
2026-08-08_170958_044598_1_R5_TEST7__P041,2026-08-08_170958_044598_1_R5_TEST7,13.9264528,14.1175893,14.1868261,fewer_than_3_camera_samples
2026-08-08_170958_044598_1_R5_TEST7__P042,2026-08-08_170958_044598_1_R5_TEST7,14.1868261,14.3777234,14.474068,fewer_than_3_camera_samples
2026-08-08_170958_044598_1_R5_TEST7__P044,2026-08-08_170958_044598_1_R5_TEST7,14.8430993,14.9224848,15.1178428,fewer_than_3_camera_samples
2026-08-08_170958_044598_1_R5_TEST7__P045,2026-08-08_170958_044598_1_R5_TEST7,15.1178428,15.211703,15.395661,fewer_than_3_camera_samples
2026-08-08_170958_044598_1_R5_TEST7__P046,2026-08-08_170958_044598_1_R5_TEST7,15.395661,15.4911807,15.6729424,fewer_than_3_camera_samples
2026-08-08_170958_044598_1_R5_TEST7__P048,2026-08-08_170958_044598_1_R5_TEST7,16.0250888,16.120079,16.3029701,fewer_than_3_camera_samples
2026-08-08_170958_044598_1_R5_TEST7__P049,2026-08-08_170958_044598_1_R5_TEST7,16.3029701,16.4952757,16.5857393,fewer_than_3_camera_samples
2026-08-08_170958_044598_1_R5_TEST7__P051,2026-08-08_170958_044598_1_R5_TEST7,16.9444544,17.0536484,17.2397863,fewer_than_3_camera_samples
2026-08-08_170958_044598_1_R5_TEST7__P052,2026-08-08_170958_044598_1_R5_TEST7,17.2397863,17.3152533,17.503447,fewer_than_3_camera_samples
2026-08-08_170958_044598_1_R5_TEST7__P053,2026-08-08_170958_044598_1_R5_TEST7,17.503447,17.6101157,17.7780022,fewer_than_3_camera_samples
2026-08-08_170958_044598_1_R5_TEST7__P054,2026-08-08_170958_044598_1_R5_TEST7,17.7780022,17.9740559,18.0605887,fewer_than_3_camera_samples
2026-08-08_170958_044598_1_R5_TEST7__P055,2026-08-08_170958_044598_1_R5_TEST7,18.0605887,18.2466967,18.3360956,fewer_than_3_camera_samples
2026-08-08_170958_044598_1_R5_TEST7__P056,2026-08-08_170958_044598_1_R5_TEST7,18.3360956,18.5331294,18.5988457,fewer_than_3_camera_samples
2026-08-08_170958_044598_1_R5_TEST7__P057,2026-08-08_170958_044598_1_R5_TEST7,18.5988457,18.7972253,18.8867598,fewer_than_3_camera_samples
2026-08-08_170958_044598_1_R5_TEST7__P058,2026-08-08_170958_044598_1_R5_TEST7,18.8867598,19.0723522,19.1628382,fewer_than_3_camera_samples
2026-08-08_174800_577062_1_R5_TEST1_v2__P002,2026-08-08_174800_577062_1_R5_TEST1_v2,2.0300905,2.12436,2.30389,fewer_than_3_camera_samples
2026-08-08_174800_577062_1_R5_TEST1_v2__P003,2026-08-08_174800_577062_1_R5_TEST1_v2,2.30389,2.3959939,2.5796112,fewer_than_3_camera_samples
2026-08-08_174800_577062_1_R5_TEST1_v2__P004,2026-08-08_174800_577062_1_R5_TEST1_v2,2.5796112,2.6723068,2.8553036,fewer_than_3_camera_samples
2026-08-08_174800_577062_1_R5_TEST1_v2__P005,2026-08-08_174800_577062_1_R5_TEST1_v2,2.8553036,2.9478162,3.1313132,fewer_than_3_camera_samples
2026-08-08_174800_577062_1_R5_TEST1_v2__P006,2026-08-08_174800_577062_1_R5_TEST1_v2,3.1313132,3.2235503,3.4069257,fewer_than_3_camera_samples
2026-08-08_174800_577062_1_R5_TEST1_v2__P007,2026-08-08_174800_577062_1_R5_TEST1_v2,3.4069257,3.4996051,3.5911647,fewer_than_3_camera_samples
2026-08-08_174800_577062_1_R5_TEST1_v2__P008,2026-08-08_174800_577062_1_R5_TEST1_v2,3.5911647,3.7743869,3.8699453,fewer_than_3_camera_samples
2026-08-08_174800_577062_1_R5_TEST1_v2__P009,2026-08-08_174800_577062_1_R5_TEST1_v2,3.8699453,4.0513973,4.1422911,fewer_than_3_camera_samples
2026-08-08_174800_577062_1_R5_TEST1_v2__P011,2026-08-08_174800_577062_1_R5_TEST1_v2,4.4229407,4.6014711,4.6934223,fewer_than_3_camera_samples
2026-08-08_174800_577062_1_R5_TEST1_v2__P012,2026-08-08_174800_577062_1_R5_TEST1_v2,4.6934223,4.8772959,5.0612369,fewer_than_3_camera_samples
2026-08-08_174800_577062_1_R5_TEST1_v2__P013,2026-08-08_174800_577062_1_R5_TEST1_v2,5.0612369,5.1532437,5.2448081,fewer_than_3_camera_samples
2026-08-08_174800_577062_1_R5_TEST1_v2__P014,2026-08-08_174800_577062_1_R5_TEST1_v2,5.2448081,5.4291552,5.5206882,fewer_than_3_camera_samples
2026-08-08_174800_577062_1_R5_TEST1_v2__P015,2026-08-08_174800_577062_1_R5_TEST1_v2,5.5206882,5.7045731,5.7962312,fewer_than_3_camera_samples
2026-08-08_174800_577062_1_R5_TEST1_v2__P016,2026-08-08_174800_577062_1_R5_TEST1_v2,5.7962312,5.9803216,6.0749101,fewer_than_3_camera_samples
2026-08-08_174800_577062_1_R5_TEST1_v2__P017,2026-08-08_174800_577062_1_R5_TEST1_v2,6.0749101,6.2560155,6.3480982,fewer_than_3_camera_samples
2026-08-08_174800_577062_1_R5_TEST1_v2__P018,2026-08-08_174800_577062_1_R5_TEST1_v2,6.3480982,6.5318116,6.6234898,fewer_than_3_camera_samples
2026-08-08_174800_577062_1_R5_TEST1_v2__P019,2026-08-08_174800_577062_1_R5_TEST1_v2,6.6234898,6.8092499,6.8993277,fewer_than_3_camera_samples
2026-08-08_174800_577062_1_R5_TEST1_v2__P020,2026-08-08_174800_577062_1_R5_TEST1_v2,6.8993277,6.9909888,7.1748245,fewer_than_3_camera_samples
2026-08-08_174800_577062_1_R5_TEST1_v2__P021,2026-08-08_174800_577062_1_R5_TEST1_v2,7.1748245,7.2670428,7.3609277,fewer_than_3_camera_samples
2026-08-08_174800_577062_1_R5_TEST1_v2__P022,2026-08-08_174800_577062_1_R5_TEST1_v2,7.3609277,7.4507307,7.6370343,fewer_than_3_camera_samples
2026-08-08_174800_577062_1_R5_TEST1_v2__P023,2026-08-08_174800_577062_1_R5_TEST1_v2,7.6370343,7.7265373,7.9124645,fewer_than_3_camera_samples
2026-08-08_174800_577062_1_R5_TEST1_v2__P024,2026-08-08_174800_577062_1_R5_TEST1_v2,7.9124645,8.0021756,8.0942649,fewer_than_3_camera_samples
2026-08-08_174800_577062_1_R5_TEST1_v2__P025,2026-08-08_174800_577062_1_R5_TEST1_v2,8.0942649,8.2783146,8.3723872,fewer_than_3_camera_samples
2026-08-08_174800_577062_1_R5_TEST1_v2__P026,2026-08-08_174800_577062_1_R5_TEST1_v2,8.3723872,8.5544479,8.645439,fewer_than_3_camera_samples
2026-08-08_174800_577062_1_R5_TEST1_v2__P027,2026-08-08_174800_577062_1_R5_TEST1_v2,8.645439,8.7375941,8.9298556,fewer_than_3_camera_samples
2026-08-08_174800_577062_1_R5_TEST1_v2__P028,2026-08-08_174800_577062_1_R5_TEST1_v2,8.9298556,9.0136859,9.10474,fewer_than_3_camera_samples
2026-08-08_174800_577062_1_R5_TEST1_v2__P029,2026-08-08_174800_577062_1_R5_TEST1_v2,9.10474,9.2886793,9.3805487,fewer_than_3_camera_samples
2026-08-08_174800_577062_1_R5_TEST1_v2__P030,2026-08-08_174800_577062_1_R5_TEST1_v2,9.3805487,9.4727684,9.6562771,fewer_than_3_camera_samples
2026-08-08_174800_577062_1_R5_TEST1_v2__P031,2026-08-08_174800_577062_1_R5_TEST1_v2,9.6562771,9.7499897,9.9334963,fewer_than_3_camera_samples
2026-08-08_174800_577062_1_R5_TEST1_v2__P032,2026-08-08_174800_577062_1_R5_TEST1_v2,9.9334963,10.0240862,10.116148,fewer_than_3_camera_samples
2026-08-08_174800_577062_1_R5_TEST1_v2__P034,2026-08-08_174800_577062_1_R5_TEST1_v2,10.8511674,10.9432039,11.0349865,fewer_than_3_camera_samples
2026-08-08_174800_577062_1_R5_TEST1_v2__P035,2026-08-08_174800_577062_1_R5_TEST1_v2,11.0349865,11.2217276,11.3111044,fewer_than_3_camera_samples
2026-08-08_174800_577062_1_R5_TEST1_v2__P036,2026-08-08_174800_577062_1_R5_TEST1_v2,11.3111044,11.4945405,11.5864114,fewer_than_3_camera_samples
2026-08-08_174800_577062_1_R5_TEST1_v2__P037,2026-08-08_174800_577062_1_R5_TEST1_v2,11.5864114,11.6781286,11.8621886,fewer_than_3_camera_samples
2026-08-08_174800_577062_1_R5_TEST1_v2__P038,2026-08-08_174800_577062_1_R5_TEST1_v2,11.8621886,11.9542076,12.1377822,fewer_than_3_camera_samples
2026-08-08_174800_577062_1_R5_TEST1_v2__P039,2026-08-08_174800_577062_1_R5_TEST1_v2,12.1377822,12.2365599,12.3230146,fewer_than_3_camera_samples
2026-08-08_174800_577062_1_R5_TEST1_v2__P040,2026-08-08_174800_577062_1_R5_TEST1_v2,12.3230146,12.5056,12.5973874,fewer_than_3_camera_samples
2026-08-08_174800_577062_1_R5_TEST1_v2__P041,2026-08-08_174800_577062_1_R5_TEST1_v2,12.5973874,12.6894878,12.8733248,fewer_than_3_camera_samples
2026-08-08_174800_577062_1_R5_TEST1_v2__P043,2026-08-08_174800_577062_1_R5_TEST1_v2,13.3328256,13.424568,13.6085304,fewer_than_3_camera_samples
2026-08-08_174800_577062_1_R5_TEST1_v2__P045,2026-08-08_174800_577062_1_R5_TEST1_v2,13.884649,13.9874337,14.1626918,fewer_than_3_camera_samples
2026-08-08_174800_577062_1_R5_TEST1_v2__P046,2026-08-08_174800_577062_1_R5_TEST1_v2,14.1626918,14.2522607,14.4356936,fewer_than_3_camera_samples
2026-08-08_174800_577062_1_R5_TEST1_v2__P047,2026-08-08_174800_577062_1_R5_TEST1_v2,14.4356936,14.5307691,14.6193317,fewer_than_3_camera_samples
2026-08-08_174800_577062_1_R5_TEST1_v2__P049,2026-08-08_174800_577062_1_R5_TEST1_v2,14.9898395,15.0872713,15.1711175,fewer_than_3_camera_samples
2026-08-08_174800_577062_1_R5_TEST1_v2__P050,2026-08-08_174800_577062_1_R5_TEST1_v2,15.1711175,15.3578929,15.4469476,fewer_than_3_camera_samples
2026-08-08_174800_577062_1_R5_TEST1_v2__P051,2026-08-08_174800_577062_1_R5_TEST1_v2,15.4469476,15.6305591,15.7366669,fewer_than_3_camera_samples
2026-08-08_174800_577062_1_R5_TEST1_v2__P052,2026-08-08_174800_577062_1_R5_TEST1_v2,15.7366669,15.9059844,15.9981729,fewer_than_3_camera_samples
2026-08-08_174800_577062_1_R5_TEST1_v2__P054,2026-08-08_174800_577062_1_R5_TEST1_v2,16.275236,16.457478,16.5498934,fewer_than_3_camera_samples
2026-08-08_174800_577062_1_R5_TEST1_v2__P055,2026-08-08_174800_577062_1_R5_TEST1_v2,16.5498934,16.6414436,16.8321284,fewer_than_3_camera_samples
2026-08-08_174800_577062_1_R5_TEST1_v2__P056,2026-08-08_174800_577062_1_R5_TEST1_v2,16.8321284,16.9171305,17.1006156,fewer_than_3_camera_samples
2026-08-08_174800_577062_1_R5_TEST1_v2__P057,2026-08-08_174800_577062_1_R5_TEST1_v2,17.1006156,17.192809,17.3818644,fewer_than_3_camera_samples
2026-08-08_174800_577062_1_R5_TEST1_v2__P058,2026-08-08_174800_577062_1_R5_TEST1_v2,17.3818644,17.5604178,17.652007,fewer_than_3_camera_samples
2026-08-08_174800_577062_1_R5_TEST1_v2__P059,2026-08-08_174800_577062_1_R5_TEST1_v2,17.652007,17.8421867,17.9279584,fewer_than_3_camera_samples
2026-08-08_174800_577062_1_R5_TEST1_v2__P061,2026-08-08_174800_577062_1_R5_TEST1_v2,18.2953755,18.3874845,18.5734416,fewer_than_3_camera_samples
2026-08-08_174800_577062_1_R5_TEST1_v2__P062,2026-08-08_174800_577062_1_R5_TEST1_v2,18.5734416,18.6634933,18.8468322,fewer_than_3_camera_samples
2026-08-08_174800_577062_1_R5_TEST1_v2__P063,2026-08-08_174800_577062_1_R5_TEST1_v2,18.8468322,18.9392525,19.0309382,fewer_than_3_camera_samples
2026-08-08_174800_577062_1_R5_TEST1_v2__P064,2026-08-08_174800_577062_1_R5_TEST1_v2,19.0309382,19.2147258,19.3066637,fewer_than_3_camera_samples
2026-08-08_174800_577062_1_R5_TEST1_v2__P065,2026-08-08_174800_577062_1_R5_TEST1_v2,19.3066637,19.4941581,19.5823801,fewer_than_3_camera_samples
2026-08-08_174800_577062_1_R5_TEST1_v2__P066,2026-08-08_174800_577062_1_R5_TEST1_v2,19.5823801,19.6740747,19.8580966,fewer_than_3_camera_samples
2026-08-08_174800_577062_1_R5_TEST1_v2__P067,2026-08-08_174800_577062_1_R5_TEST1_v2,19.8580966,19.9498575,20.0429104,fewer_than_3_camera_samples
2026-08-08_174800_577062_1_R5_TEST1_v2__P068,2026-08-08_174800_577062_1_R5_TEST1_v2,20.0429104,20.2255823,20.3176186,fewer_than_3_camera_samples
2026-08-08_174800_577062_1_R5_TEST1_v2__P069,2026-08-08_174800_577062_1_R5_TEST1_v2,20.3176186,20.5013488,20.5933119,fewer_than_3_camera_samples
2026-08-08_174800_577062_1_R5_TEST1_v2__P070,2026-08-08_174800_577062_1_R5_TEST1_v2,20.5933119,20.7770586,20.8690252,fewer_than_3_camera_samples
2026-08-08_174800_577062_1_R5_TEST1_v2__P071,2026-08-08_174800_577062_1_R5_TEST1_v2,20.8690252,21.0526869,21.1444242,fewer_than_3_camera_samples
2026-08-08_174800_577062_1_R5_TEST1_v2__P072,2026-08-08_174800_577062_1_R5_TEST1_v2,21.1444242,21.2383091,21.4204372,fewer_than_3_camera_samples
2026-08-08_174800_577062_1_R5_TEST1_v2__P073,2026-08-08_174800_577062_1_R5_TEST1_v2,21.4204372,21.5122185,21.696211,fewer_than_3_camera_samples
2026-08-08_174800_577062_1_R5_TEST1_v2__P074,2026-08-08_174800_577062_1_R5_TEST1_v2,21.696211,21.7884418,21.8897713,fewer_than_3_camera_samples
2026-08-08_174800_577062_1_R5_TEST1_v2__P075,2026-08-08_174800_577062_1_R5_TEST1_v2,21.8897713,22.0636222,22.1574971,fewer_than_3_camera_samples
2026-08-08_174800_577062_1_R5_TEST1_v2__P076,2026-08-08_174800_577062_1_R5_TEST1_v2,22.1574971,22.3399713,22.4388586,fewer_than_3_camera_samples
2026-08-08_174800_577062_1_R5_TEST1_v2__P077,2026-08-08_174800_577062_1_R5_TEST1_v2,22.4388586,22.6152087,22.7103425,fewer_than_3_camera_samples
2026-08-08_174800_577062_1_R5_TEST1_v2__P078,2026-08-08_174800_577062_1_R5_TEST1_v2,22.7103425,22.8908001,22.9827649,fewer_than_3_camera_samples
2026-08-08_174800_577062_1_R5_TEST1_v2__P079,2026-08-08_174800_577062_1_R5_TEST1_v2,22.9827649,23.1671898,23.2584552,fewer_than_3_camera_samples
2026-08-08_174800_577062_1_R5_TEST1_v2__P080,2026-08-08_174800_577062_1_R5_TEST1_v2,23.2584552,23.4434118,23.5340737,fewer_than_3_camera_samples
2026-08-08_174800_577062_1_R5_TEST1_v2__P081,2026-08-08_174800_577062_1_R5_TEST1_v2,23.5340737,23.6262454,23.8097913,fewer_than_3_camera_samples
2026-08-08_174800_577062_1_R5_TEST1_v2__P082,2026-08-08_174800_577062_1_R5_TEST1_v2,23.8097913,23.9939583,24.093322,fewer_than_3_camera_samples
2026-08-08_174800_577062_1_R5_TEST1_v2__P083,2026-08-08_174800_577062_1_R5_TEST1_v2,24.093322,24.1782148,24.361434,fewer_than_3_camera_samples
2026-08-08_174800_577062_1_R5_TEST1_v2__P084,2026-08-08_174800_577062_1_R5_TEST1_v2,24.361434,24.4558068,24.6397145,fewer_than_3_camera_samples
2026-08-08_174800_577062_1_R5_TEST1_v2__P085,2026-08-08_174800_577062_1_R5_TEST1_v2,24.6397145,24.728955,24.8232173,fewer_than_3_camera_samples
2026-08-08_174800_577062_1_R5_TEST1_v2__P086,2026-08-08_174800_577062_1_R5_TEST1_v2,24.8232173,25.0047499,25.0973779,fewer_than_3_camera_samples
2026-08-08_174800_577062_1_R5_TEST1_v2__P087,2026-08-08_174800_577062_1_R5_TEST1_v2,25.0973779,25.2804384,25.3722392,fewer_than_3_camera_samples
2026-08-08_174800_577062_1_R5_TEST1_v2__P088,2026-08-08_174800_577062_1_R5_TEST1_v2,25.3722392,25.5560369,25.649818,fewer_than_3_camera_samples
2026-08-08_174800_577062_1_R5_TEST1_v2__P089,2026-08-08_174800_577062_1_R5_TEST1_v2,25.649818,25.7473258,25.9247177,fewer_than_3_camera_samples
2026-08-08_174800_577062_1_R5_TEST1_v2__P090,2026-08-08_174800_577062_1_R5_TEST1_v2,25.9247177,26.0156979,26.1994313,fewer_than_3_camera_samples
2026-08-08_174800_577062_1_R5_TEST1_v2__P091,2026-08-08_174800_577062_1_R5_TEST1_v2,26.1994313,26.2986055,26.4753076,fewer_than_3_camera_samples
2026-08-08_174800_577062_1_R5_TEST1_v2__P092,2026-08-08_174800_577062_1_R5_TEST1_v2,26.4753076,26.567359,26.7507684,fewer_than_3_camera_samples
2026-08-08_174800_577062_1_R5_TEST1_v2__P093,2026-08-08_174800_577062_1_R5_TEST1_v2,26.7507684,26.8471564,27.026574,fewer_than_3_camera_samples
2026-08-08_145348_428397_1_R6_TEST1__P019,2026-08-08_145348_428397_1_R6_TEST1,12.760658,12.9446953,13.0360518,fewer_than_3_camera_samples
2026-08-08_145348_428397_1_R6_TEST1__P088,2026-08-08_145348_428397_1_R6_TEST1,59.5061209,59.6884659,59.8720436,fewer_than_3_camera_samples
2026-08-08_145348_428397_1_R6_TEST1__P128,2026-08-08_145348_428397_1_R6_TEST1,86.7792561,86.9628521,87.0559308,fewer_than_3_camera_samples
2026-08-08_145348_428397_1_R6_TEST1__P130,2026-08-08_145348_428397_1_R6_TEST1,87.4255182,87.6120403,87.697533,fewer_than_3_camera_samples
2026-08-08_145348_428397_1_R6_TEST1__P131,2026-08-08_145348_428397_1_R6_TEST1,87.697533,87.8811261,87.9730408,fewer_than_3_camera_samples
2026-08-08_145348_428397_1_R6_TEST1__P133,2026-08-08_145348_428397_1_R6_TEST1,88.3417365,88.4321553,88.6285015,fewer_than_3_camera_samples
2026-08-08_145348_428397_1_R6_TEST1__P134,2026-08-08_145348_428397_1_R6_TEST1,88.6285015,88.7160975,88.8913342,fewer_than_3_camera_samples
2026-08-08_145348_428397_1_R6_TEST1__P135,2026-08-08_145348_428397_1_R6_TEST1,88.8913342,88.9830182,89.1665656,fewer_than_3_camera_samples
2026-08-08_145348_428397_1_R6_TEST1__P136,2026-08-08_145348_428397_1_R6_TEST1,89.1665656,89.3506297,89.4423059,fewer_than_3_camera_samples
2026-08-08_145348_428397_1_R6_TEST1__P137,2026-08-08_145348_428397_1_R6_TEST1,89.4423059,89.6259107,89.7177608,fewer_than_3_camera_samples
2026-08-08_145348_428397_1_R6_TEST1__P139,2026-08-08_145348_428397_1_R6_TEST1,90.088642,90.1768169,90.2699091,fewer_than_3_camera_samples
2026-08-08_145348_428397_1_R6_TEST1__P140,2026-08-08_145348_428397_1_R6_TEST1,90.2699091,90.4627882,90.5443261,fewer_than_3_camera_samples
2026-08-08_145348_428397_1_R6_TEST1__P141,2026-08-08_145348_428397_1_R6_TEST1,90.5443261,90.6360661,90.81978,fewer_than_3_camera_samples
2026-08-08_145348_428397_1_R6_TEST1__P142,2026-08-08_145348_428397_1_R6_TEST1,90.81978,90.9119549,91.0951996,fewer_than_3_camera_samples
2026-08-08_145348_428397_1_R6_TEST1__P143,2026-08-08_145348_428397_1_R6_TEST1,91.0951996,91.1869068,91.2787844,fewer_than_3_camera_samples
2026-08-08_145348_428397_1_R6_TEST1__P144,2026-08-08_145348_428397_1_R6_TEST1,91.2787844,91.4626283,91.6463289,fewer_than_3_camera_samples
2026-08-08_145348_428397_1_R6_TEST1__P146,2026-08-08_145348_428397_1_R6_TEST1,91.9224815,92.0133346,92.2121226,fewer_than_3_camera_samples
2026-08-08_145348_428397_1_R6_TEST1__P147,2026-08-08_145348_428397_1_R6_TEST1,92.2121226,92.2890263,92.4765487,fewer_than_3_camera_samples
2026-08-08_145348_428397_1_R6_TEST1__P148,2026-08-08_145348_428397_1_R6_TEST1,92.4765487,92.6596729,92.8400624,fewer_than_3_camera_samples
2026-08-08_145348_428397_1_R6_TEST1__P164,2026-08-08_145348_428397_1_R6_TEST1,100.4623689,100.6485511,100.8295284,fewer_than_3_camera_samples
2026-08-08_162501_247149_1_R6_TEST2__P047,2026-08-08_162501_247149_1_R6_TEST2,31.4750032,31.6534082,31.8358453,fewer_than_3_camera_samples
2026-08-08_162501_247149_1_R6_TEST2__P050,2026-08-08_162501_247149_1_R6_TEST2,32.8473197,33.0418498,33.2134523,fewer_than_3_camera_samples
2026-08-08_162501_247149_1_R6_TEST2__P053,2026-08-08_162501_247149_1_R6_TEST2,34.043494,34.2243973,34.4083222,fewer_than_3_camera_samples
2026-08-08_162501_247149_1_R6_TEST2__P060,2026-08-08_162501_247149_1_R6_TEST2,37.3546379,37.5350962,37.7172822,fewer_than_3_camera_samples
2026-08-08_162501_247149_1_R6_TEST2__P070,2026-08-08_162501_247149_1_R6_TEST2,41.7612295,41.951078,42.128869,fewer_than_3_camera_samples
2026-08-08_162501_247149_1_R6_TEST2__P081,2026-08-08_162501_247149_1_R6_TEST2,46.8178452,47.0028295,47.1840412,fewer_than_3_camera_samples
2026-08-08_162908_674758_1_R6_TEST3__P040,2026-08-08_162908_674758_1_R6_TEST3,25.641582,25.7374277,25.9086368,fewer_than_3_camera_samples
2026-08-08_162908_674758_1_R6_TEST3__P042,2026-08-08_162908_674758_1_R6_TEST3,26.2764298,26.4575656,26.6416289,fewer_than_3_camera_samples
2026-08-08_162908_674758_1_R6_TEST3__P043,2026-08-08_162908_674758_1_R6_TEST3,26.6416289,26.7362445,26.917293,fewer_than_3_camera_samples
2026-08-08_162908_674758_1_R6_TEST3__P047,2026-08-08_162908_674758_1_R6_TEST3,28.4091222,28.5762273,28.7568082,fewer_than_3_camera_samples
2026-08-08_162908_674758_1_R6_TEST3__P057,2026-08-08_162908_674758_1_R6_TEST3,32.8161869,32.9954004,33.1672043,fewer_than_3_camera_samples
2026-08-08_162908_674758_1_R6_TEST3__P061,2026-08-08_162908_674758_1_R6_TEST3,34.2700174,34.3619738,34.5462604,fewer_than_3_camera_samples
2026-08-08_162908_674758_1_R6_TEST3__P066,2026-08-08_162908_674758_1_R6_TEST3,36.3099241,36.4843427,36.6678307,fewer_than_3_camera_samples
2026-08-08_162908_674758_1_R6_TEST3__P067,2026-08-08_162908_674758_1_R6_TEST3,36.6678307,36.7526464,36.9370167,fewer_than_3_camera_samples
2026-08-08_162908_674758_1_R6_TEST3__P074,2026-08-08_162908_674758_1_R6_TEST3,39.2459748,39.4277415,39.6017729,fewer_than_3_camera_samples
2026-08-08_162908_674758_1_R6_TEST3__P080,2026-08-08_162908_674758_1_R6_TEST3,41.6291336,41.8066664,41.9906535,fewer_than_3_camera_samples
2026-08-08_162908_674758_1_R6_TEST3__P084,2026-08-08_162908_674758_1_R6_TEST3,43.2774003,43.463403,43.5534847,fewer_than_3_camera_samples
2026-08-08_162908_674758_1_R6_TEST3__P091,2026-08-08_162908_674758_1_R6_TEST3,46.1468829,46.3325113,46.5063222,fewer_than_3_camera_samples
2026-08-08_162908_674758_1_R6_TEST3__P094,2026-08-08_162908_674758_1_R6_TEST3,47.3214541,47.5063415,47.5971193,fewer_than_3_camera_samples
2026-08-08_162908_674758_1_R6_TEST3__P102,2026-08-08_162908_674758_1_R6_TEST3,50.7279408,50.8144666,51.0036884,fewer_than_3_camera_samples
2026-08-08_162908_674758_1_R6_TEST3__P104,2026-08-08_162908_674758_1_R6_TEST3,51.3674687,51.549532,51.7332694,fewer_than_3_camera_samples
2026-08-08_162908_674758_1_R6_TEST3__P107,2026-08-08_162908_674758_1_R6_TEST3,52.5605468,52.7443486,52.9278563,fewer_than_3_camera_samples
2026-08-08_162908_674758_1_R6_TEST3__P111,2026-08-08_162908_674758_1_R6_TEST3,54.0311295,54.2177137,54.3147962,fewer_than_3_camera_samples
2026-08-08_162908_674758_1_R6_TEST3__P112,2026-08-08_162908_674758_1_R6_TEST3,54.3147962,54.4904714,54.675716,fewer_than_3_camera_samples
2026-08-08_163226_958318_1_R6_TEST4__P040,2026-08-08_163226_958318_1_R6_TEST4,22.80886,22.9920149,23.1847385,fewer_than_3_camera_samples
2026-08-08_163226_958318_1_R6_TEST4__P042,2026-08-08_163226_958318_1_R6_TEST4,23.6261371,23.8074943,23.9905156,fewer_than_3_camera_samples
2026-08-08_163226_958318_1_R6_TEST4__P046,2026-08-08_163226_958318_1_R6_TEST4,25.0946077,25.2797453,25.4709856,fewer_than_3_camera_samples
2026-08-08_163226_958318_1_R6_TEST4__P049,2026-08-08_163226_958318_1_R6_TEST4,26.2991176,26.4719326,26.6558937,fewer_than_3_camera_samples
2026-08-08_163226_958318_1_R6_TEST4__P052,2026-08-08_163226_958318_1_R6_TEST4,27.3948919,27.5749605,27.6670017,fewer_than_3_camera_samples
2026-08-08_163226_958318_1_R6_TEST4__P068,2026-08-08_163226_958318_1_R6_TEST4,35.7575971,35.9384205,36.1320709,fewer_than_3_camera_samples
2026-08-08_163226_958318_1_R6_TEST4__P072,2026-08-08_163226_958318_1_R6_TEST4,37.2269496,37.4089077,37.593026,fewer_than_3_camera_samples
2026-08-08_163226_958318_1_R6_TEST4__P075,2026-08-08_163226_958318_1_R6_TEST4,38.3308419,38.4234208,38.605334,fewer_than_3_camera_samples
2026-08-08_163226_958318_1_R6_TEST4__P077,2026-08-08_163226_958318_1_R6_TEST4,38.9820592,39.0657694,39.2486257,fewer_than_3_camera_samples
2026-08-08_163226_958318_1_R6_TEST4__P078,2026-08-08_163226_958318_1_R6_TEST4,39.2486257,39.4308548,39.5252629,fewer_than_3_camera_samples
2026-08-08_163226_958318_1_R6_TEST4__P080,2026-08-08_163226_958318_1_R6_TEST4,39.8910425,40.0804588,40.1690113,fewer_than_3_camera_samples
2026-08-08_163226_958318_1_R6_TEST4__P081,2026-08-08_163226_958318_1_R6_TEST4,40.1690113,40.3498865,40.5373721,fewer_than_3_camera_samples
2026-08-08_163226_958318_1_R6_TEST4__P083,2026-08-08_163226_958318_1_R6_TEST4,40.817148,40.9932809,41.1775252,fewer_than_3_camera_samples
2026-08-08_163226_958318_1_R6_TEST4__P084,2026-08-08_163226_958318_1_R6_TEST4,41.1775252,41.3657268,41.4528644,fewer_than_3_camera_samples
2026-08-08_163226_958318_1_R6_TEST4__P087,2026-08-08_163226_958318_1_R6_TEST4,42.1914607,42.2802188,42.4640564,fewer_than_3_camera_samples
2026-08-08_163226_958318_1_R6_TEST4__P088,2026-08-08_163226_958318_1_R6_TEST4,42.4640564,42.5596771,42.7422362,fewer_than_3_camera_samples
2026-08-08_163226_958318_1_R6_TEST4__P089,2026-08-08_163226_958318_1_R6_TEST4,42.7422362,42.8321982,43.017504,fewer_than_3_camera_samples
2026-08-08_163226_958318_1_R6_TEST4__P090,2026-08-08_163226_958318_1_R6_TEST4,43.017504,43.1097979,43.2910843,fewer_than_3_camera_samples
2026-08-08_163226_958318_1_R6_TEST4__P092,2026-08-08_163226_958318_1_R6_TEST4,43.660831,43.7543987,43.9343693,fewer_than_3_camera_samples
2026-08-08_163226_958318_1_R6_TEST4__P094,2026-08-08_163226_958318_1_R6_TEST4,44.3074009,44.4859031,44.6704939,fewer_than_3_camera_samples
2026-08-08_163226_958318_1_R6_TEST4__P100,2026-08-08_163226_958318_1_R6_TEST4,46.6950225,46.8753976,47.0651556,fewer_than_3_camera_samples
2026-08-08_163226_958318_1_R6_TEST4__P101,2026-08-08_163226_958318_1_R6_TEST4,47.0651556,47.2440186,47.3350068,fewer_than_3_camera_samples
2026-08-08_163226_958318_1_R6_TEST4__P103,2026-08-08_163226_958318_1_R6_TEST4,47.7057779,47.8866404,47.9783653,fewer_than_3_camera_samples
2026-08-08_163226_958318_1_R6_TEST4__P105,2026-08-08_163226_958318_1_R6_TEST4,48.3458637,48.5297532,48.6217854,fewer_than_3_camera_samples
2026-08-08_163226_958318_1_R6_TEST4__P107,2026-08-08_163226_958318_1_R6_TEST4,48.9922147,49.081801,49.265115,fewer_than_3_camera_samples
2026-08-08_163226_958318_1_R6_TEST4__P109,2026-08-08_163226_958318_1_R6_TEST4,49.6349506,49.724938,49.9225287,fewer_than_3_camera_samples
2026-08-08_163226_958318_1_R6_TEST4__P110,2026-08-08_163226_958318_1_R6_TEST4,49.9225287,50.0922047,50.2759933,fewer_than_3_camera_samples
2026-08-08_163226_958318_1_R6_TEST4__P111,2026-08-08_163226_958318_1_R6_TEST4,50.2759933,50.3678873,50.5598752,fewer_than_3_camera_samples
2026-08-08_163226_958318_1_R6_TEST4__P124,2026-08-08_163226_958318_1_R6_TEST4,56.9873019,57.1780241,57.3528539,fewer_than_3_camera_samples
2026-08-08_163226_958318_1_R6_TEST4__P125,2026-08-08_163226_958318_1_R6_TEST4,57.3528539,57.4448288,57.6292086,fewer_than_3_camera_samples
2026-08-08_163226_958318_1_R6_TEST4__P127,2026-08-08_163226_958318_1_R6_TEST4,57.9048008,58.09398,58.2722131,fewer_than_3_camera_samples
2026-08-08_163226_958318_1_R6_TEST4__P128,2026-08-08_163226_958318_1_R6_TEST4,58.2722131,58.4564594,58.5480414,fewer_than_3_camera_samples
2026-08-08_163226_958318_1_R6_TEST4__P129,2026-08-08_163226_958318_1_R6_TEST4,58.5480414,58.7372527,58.8279314,fewer_than_3_camera_samples
2026-08-08_163226_958318_1_R6_TEST4__P134,2026-08-08_163226_958318_1_R6_TEST4,60.3884374,60.5723778,60.6614335,fewer_than_3_camera_samples
2026-08-08_163226_958318_1_R6_TEST4__P135,2026-08-08_163226_958318_1_R6_TEST4,60.6614335,60.8456781,60.9399867,fewer_than_3_camera_samples
2026-08-08_163341_567723_1_R6_TEST5__P015,2026-08-08_163341_567723_1_R6_TEST5,9.3430826,9.5212564,9.7156431,fewer_than_3_camera_samples
2026-08-08_163341_567723_1_R6_TEST5__P018,2026-08-08_163341_567723_1_R6_TEST5,10.5588846,10.7185404,10.8999479,fewer_than_3_camera_samples
2026-08-08_163341_567723_1_R6_TEST5__P024,2026-08-08_163341_567723_1_R6_TEST5,12.8310055,12.9218755,13.107033,fewer_than_3_camera_samples
2026-08-08_163341_567723_1_R6_TEST5__P026,2026-08-08_163341_567723_1_R6_TEST5,13.5648934,13.6568363,13.8438714,fewer_than_3_camera_samples
2026-08-08_163341_567723_1_R6_TEST5__P028,2026-08-08_163341_567723_1_R6_TEST5,14.2083711,14.300697,14.4863073,fewer_than_3_camera_samples
2026-08-08_163341_567723_1_R6_TEST5__P047,2026-08-08_163341_567723_1_R6_TEST5,22.0210989,22.2039678,22.3899278,fewer_than_3_camera_samples
2026-08-08_163341_567723_1_R6_TEST5__P051,2026-08-08_163341_567723_1_R6_TEST5,23.4959843,23.6747245,23.8583244,fewer_than_3_camera_samples
2026-08-08_163341_567723_1_R6_TEST5__P052,2026-08-08_163341_567723_1_R6_TEST5,23.8583244,24.0469033,24.141359,fewer_than_3_camera_samples
2026-08-08_163341_567723_1_R6_TEST5__P057,2026-08-08_163341_567723_1_R6_TEST5,25.6050317,25.7901503,25.9724728,fewer_than_3_camera_samples
2026-08-08_163341_567723_1_R6_TEST5__P058,2026-08-08_163341_567723_1_R6_TEST5,25.9724728,26.0640206,26.2479543,fewer_than_3_camera_samples
2026-08-08_163341_567723_1_R6_TEST5__P060,2026-08-08_163341_567723_1_R6_TEST5,26.6153952,26.7997548,26.8913071,fewer_than_3_camera_samples
2026-08-08_163341_567723_1_R6_TEST5__P062,2026-08-08_163341_567723_1_R6_TEST5,27.2587889,27.4444117,27.5344606,fewer_than_3_camera_samples
2026-08-08_163341_567723_1_R6_TEST5__P064,2026-08-08_163341_567723_1_R6_TEST5,27.9099975,27.9966884,28.1844836,fewer_than_3_camera_samples
2026-08-08_163341_567723_1_R6_TEST5__P066,2026-08-08_163341_567723_1_R6_TEST5,28.5453963,28.6377385,28.8225925,fewer_than_3_camera_samples
2026-08-08_163341_567723_1_R6_TEST5__P067,2026-08-08_163341_567723_1_R6_TEST5,28.8225925,28.9130199,29.0986858,fewer_than_3_camera_samples
2026-08-08_163341_567723_1_R6_TEST5__P068,2026-08-08_163341_567723_1_R6_TEST5,29.0986858,29.2931967,29.465355,fewer_than_3_camera_samples
2026-08-08_163341_567723_1_R6_TEST5__P069,2026-08-08_163341_567723_1_R6_TEST5,29.465355,29.5563912,29.7415987,fewer_than_3_camera_samples
2026-08-08_163341_567723_1_R6_TEST5__P072,2026-08-08_163341_567723_1_R6_TEST5,30.4752159,30.6592344,30.7511466,fewer_than_3_camera_samples
2026-08-08_163341_567723_1_R6_TEST5__P075,2026-08-08_163341_567723_1_R6_TEST5,31.4881628,31.5784542,31.7640046,fewer_than_3_camera_samples
2026-08-08_163341_567723_1_R6_TEST5__P076,2026-08-08_163341_567723_1_R6_TEST5,31.7640046,31.9458118,32.0390357,fewer_than_3_camera_samples
2026-08-08_163341_567723_1_R6_TEST5__P077,2026-08-08_163341_567723_1_R6_TEST5,32.0390357,32.2217003,32.4056247,fewer_than_3_camera_samples
2026-08-08_163341_567723_1_R6_TEST5__P079,2026-08-08_163341_567723_1_R6_TEST5,32.6854858,32.8647726,33.0519043,fewer_than_3_camera_samples
2026-08-08_163341_567723_1_R6_TEST5__P083,2026-08-08_163341_567723_1_R6_TEST5,34.1535235,34.3371442,34.5193107,fewer_than_3_camera_samples
2026-08-08_163341_567723_1_R6_TEST5__P084,2026-08-08_163341_567723_1_R6_TEST5,34.5193107,34.6113299,34.8039624,fewer_than_3_camera_samples
2026-08-08_163341_567723_1_R6_TEST5__P085,2026-08-08_163341_567723_1_R6_TEST5,34.8039624,34.9809393,35.0714181,fewer_than_3_camera_samples
2026-08-08_163341_567723_1_R6_TEST5__P090,2026-08-08_163341_567723_1_R6_TEST5,36.5607773,36.6468534,36.8168478,fewer_than_3_camera_samples
2026-08-08_163341_567723_1_R6_TEST5__P091,2026-08-08_163341_567723_1_R6_TEST5,36.8168478,37.0006836,37.1013435,fewer_than_3_camera_samples
2026-08-08_163341_567723_1_R6_TEST5__P095,2026-08-08_163341_567723_1_R6_TEST5,38.2916944,38.4708467,38.6595036,fewer_than_3_camera_samples
2026-08-08_163341_567723_1_R6_TEST5__P100,2026-08-08_163341_567723_1_R6_TEST5,40.2171709,40.3143315,40.4957849,fewer_than_3_camera_samples
2026-08-08_163440_118112_1_R6_TEST6__P008,2026-08-08_163440_118112_1_R6_TEST6,4.9415041,5.1105343,5.2758685,fewer_than_3_camera_samples
2026-08-08_163440_118112_1_R6_TEST6__P011,2026-08-08_163440_118112_1_R6_TEST6,6.0233301,6.1031094,6.2970395,fewer_than_3_camera_samples
2026-08-08_163440_118112_1_R6_TEST6__P012,2026-08-08_163440_118112_1_R6_TEST6,6.2970395,6.4707168,6.6596668,fewer_than_3_camera_samples
2026-08-08_163440_118112_1_R6_TEST6__P014,2026-08-08_163440_118112_1_R6_TEST6,6.9415407,7.139274,7.304613,fewer_than_3_camera_samples
2026-08-08_163440_118112_1_R6_TEST6__P015,2026-08-08_163440_118112_1_R6_TEST6,7.304613,7.4864477,7.5743754,fewer_than_3_camera_samples
2026-08-08_163440_118112_1_R6_TEST6__P017,2026-08-08_163440_118112_1_R6_TEST6,7.966258,8.1291812,8.2358701,fewer_than_3_camera_samples
2026-08-08_163440_118112_1_R6_TEST6__P020,2026-08-08_163440_118112_1_R6_TEST6,8.9620918,9.0585002,9.2475635,fewer_than_3_camera_samples
2026-08-08_163440_118112_1_R6_TEST6__P021,2026-08-08_163440_118112_1_R6_TEST6,9.2475635,9.3643222,9.5073879,fewer_than_3_camera_samples
2026-08-08_163440_118112_1_R6_TEST6__P022,2026-08-08_163440_118112_1_R6_TEST6,9.5073879,9.7042965,9.7961986,fewer_than_3_camera_samples
2026-08-08_163440_118112_1_R6_TEST6__P023,2026-08-08_163440_118112_1_R6_TEST6,9.7961986,9.9631175,10.058393,fewer_than_3_camera_samples
2026-08-08_163440_118112_1_R6_TEST6__P025,2026-08-08_163440_118112_1_R6_TEST6,10.4516386,10.5145268,10.7079638,fewer_than_3_camera_samples
2026-08-08_163440_118112_1_R6_TEST6__P026,2026-08-08_163440_118112_1_R6_TEST6,10.7079638,10.8033759,10.9952738,fewer_than_3_camera_samples
2026-08-08_163440_118112_1_R6_TEST6__P027,2026-08-08_163440_118112_1_R6_TEST6,10.9952738,11.1579702,11.2528921,fewer_than_3_camera_samples
2026-08-08_163440_118112_1_R6_TEST6__P029,2026-08-08_163440_118112_1_R6_TEST6,11.6216383,11.7159842,11.9077958,fewer_than_3_camera_samples
2026-08-08_163440_118112_1_R6_TEST6__P030,2026-08-08_163440_118112_1_R6_TEST6,11.9077958,12.077033,12.2685136,fewer_than_3_camera_samples
2026-08-08_163440_118112_1_R6_TEST6__P033,2026-08-08_163440_118112_1_R6_TEST6,13.0964415,13.2716325,13.4555825,fewer_than_3_camera_samples
2026-08-08_163440_118112_1_R6_TEST6__P035,2026-08-08_163440_118112_1_R6_TEST6,13.7479329,13.9162976,14.0121609,fewer_than_3_camera_samples
2026-08-08_163440_118112_1_R6_TEST6__P036,2026-08-08_163440_118112_1_R6_TEST6,14.0121609,14.1907682,14.3744184,fewer_than_3_camera_samples
2026-08-08_163440_118112_1_R6_TEST6__P037,2026-08-08_163440_118112_1_R6_TEST6,14.3744184,14.5598649,14.6531225,fewer_than_3_camera_samples
2026-08-08_163440_118112_1_R6_TEST6__P039,2026-08-08_163440_118112_1_R6_TEST6,15.0176675,15.1112023,15.2969944,fewer_than_3_camera_samples
2026-08-08_163440_118112_1_R6_TEST6__P041,2026-08-08_163440_118112_1_R6_TEST6,15.6609589,15.8566546,15.9599215,fewer_than_3_camera_samples
2026-08-08_163440_118112_1_R6_TEST6__P043,2026-08-08_163440_118112_1_R6_TEST6,16.3071893,16.3964247,16.583248,fewer_than_3_camera_samples
2026-08-08_163440_118112_1_R6_TEST6__P044,2026-08-08_163440_118112_1_R6_TEST6,16.583248,16.6726537,16.8559149,fewer_than_3_camera_samples
2026-08-08_163440_118112_1_R6_TEST6__P045,2026-08-08_163440_118112_1_R6_TEST6,16.8559149,16.9478905,17.1314256,fewer_than_3_camera_samples
2026-08-08_163440_118112_1_R6_TEST6__P047,2026-08-08_163440_118112_1_R6_TEST6,17.5013484,17.6027025,17.7771447,fewer_than_3_camera_samples
2026-08-08_163440_118112_1_R6_TEST6__P048,2026-08-08_163440_118112_1_R6_TEST6,17.7771447,17.8707427,18.0503987,fewer_than_3_camera_samples
2026-08-08_163440_118112_1_R6_TEST6__P049,2026-08-08_163440_118112_1_R6_TEST6,18.0503987,18.1479662,18.3261668,fewer_than_3_camera_samples
2026-08-08_163440_118112_1_R6_TEST6__P050,2026-08-08_163440_118112_1_R6_TEST6,18.3261668,18.5100066,18.6021804,fewer_than_3_camera_samples
2026-08-08_163440_118112_1_R6_TEST6__P052,2026-08-08_163440_118112_1_R6_TEST6,18.9708435,19.1560624,19.2495391,fewer_than_3_camera_samples
2026-08-08_163440_118112_1_R6_TEST6__P054,2026-08-08_163440_118112_1_R6_TEST6,19.6169722,19.7994895,19.9806764,fewer_than_3_camera_samples
2026-08-08_163440_118112_1_R6_TEST6__P055,2026-08-08_163440_118112_1_R6_TEST6,19.9806764,20.0724536,20.2615319,fewer_than_3_camera_samples
2026-08-08_163440_118112_1_R6_TEST6__P056,2026-08-08_163440_118112_1_R6_TEST6,20.2615319,20.3586129,20.5318881,fewer_than_3_camera_samples
2026-08-08_163440_118112_1_R6_TEST6__P058,2026-08-08_163440_118112_1_R6_TEST6,20.8170141,21.0028199,21.090209,fewer_than_3_camera_samples
2026-08-08_163440_118112_1_R6_TEST6__P060,2026-08-08_163440_118112_1_R6_TEST6,21.5431699,21.726657,21.8186028,fewer_than_3_camera_samples
2026-08-08_163440_118112_1_R6_TEST6__P062,2026-08-08_163440_118112_1_R6_TEST6,22.1861831,22.2807134,22.3699779,fewer_than_3_camera_samples
2026-08-08_163440_118112_1_R6_TEST6__P063,2026-08-08_163440_118112_1_R6_TEST6,22.3699779,22.5644653,22.6455697,fewer_than_3_camera_samples
2026-08-08_163440_118112_1_R6_TEST6__P064,2026-08-08_163440_118112_1_R6_TEST6,22.6455697,22.8330943,22.9212496,fewer_than_3_camera_samples
2026-08-08_163440_118112_1_R6_TEST6__P065,2026-08-08_163440_118112_1_R6_TEST6,22.9212496,23.113525,23.203916,fewer_than_3_camera_samples
2026-08-08_163440_118112_1_R6_TEST6__P067,2026-08-08_163440_118112_1_R6_TEST6,23.4745344,23.6630575,23.840438,fewer_than_3_camera_samples
2026-08-08_163440_118112_1_R6_TEST6__P068,2026-08-08_163440_118112_1_R6_TEST6,23.840438,23.9322997,24.1160958,fewer_than_3_camera_samples
2026-08-08_163440_118112_1_R6_TEST6__P070,2026-08-08_163440_118112_1_R6_TEST6,24.4842403,24.5794112,24.7680203,fewer_than_3_camera_samples
2026-08-08_163440_118112_1_R6_TEST6__P071,2026-08-08_163440_118112_1_R6_TEST6,24.7680203,24.8562865,25.0352435,fewer_than_3_camera_samples
2026-08-08_163440_118112_1_R6_TEST6__P072,2026-08-08_163440_118112_1_R6_TEST6,25.0352435,25.1270913,25.2196452,fewer_than_3_camera_samples
2026-08-08_163440_118112_1_R6_TEST6__P073,2026-08-08_163440_118112_1_R6_TEST6,25.2196452,25.4026144,25.587905,fewer_than_3_camera_samples
2026-08-08_163440_118112_1_R6_TEST6__P074,2026-08-08_163440_118112_1_R6_TEST6,25.587905,25.6784959,25.7717552,fewer_than_3_camera_samples
2026-08-08_163440_118112_1_R6_TEST6__P075,2026-08-08_163440_118112_1_R6_TEST6,25.7717552,25.9563807,26.0487755,fewer_than_3_camera_samples
2026-08-08_163440_118112_1_R6_TEST6__P077,2026-08-08_163440_118112_1_R6_TEST6,26.4221083,26.5999264,26.7815908,fewer_than_3_camera_samples
2026-08-08_163440_118112_1_R6_TEST6__P078,2026-08-08_163440_118112_1_R6_TEST6,26.7815908,26.8736386,27.0570379,fewer_than_3_camera_samples
2026-08-08_163440_118112_1_R6_TEST6__P079,2026-08-08_163440_118112_1_R6_TEST6,27.0570379,27.1489725,27.3328969,fewer_than_3_camera_samples
2026-08-08_163440_118112_1_R6_TEST6__P080,2026-08-08_163440_118112_1_R6_TEST6,27.3328969,27.4246171,27.6086292,fewer_than_3_camera_samples
2026-08-08_163440_118112_1_R6_TEST6__P082,2026-08-08_163440_118112_1_R6_TEST6,27.8848823,27.9761243,28.1607955,fewer_than_3_camera_samples
2026-08-08_163440_118112_1_R6_TEST6__P083,2026-08-08_163440_118112_1_R6_TEST6,28.1607955,28.2520925,28.4393435,fewer_than_3_camera_samples
2026-08-08_163440_118112_1_R6_TEST6__P084,2026-08-08_163440_118112_1_R6_TEST6,28.4393435,28.5277587,28.7146489,fewer_than_3_camera_samples
2026-08-08_163440_118112_1_R6_TEST6__P085,2026-08-08_163440_118112_1_R6_TEST6,28.7146489,28.8068256,28.9884841,fewer_than_3_camera_samples
2026-08-08_163440_118112_1_R6_TEST6__P086,2026-08-08_163440_118112_1_R6_TEST6,28.9884841,29.0821866,29.1743901,fewer_than_3_camera_samples
2026-08-08_163440_118112_1_R6_TEST6__P087,2026-08-08_163440_118112_1_R6_TEST6,29.1743901,29.3551097,29.4467003,fewer_than_3_camera_samples
2026-08-08_163440_118112_1_R6_TEST6__P088,2026-08-08_163440_118112_1_R6_TEST6,29.4467003,29.6314017,29.7235879,fewer_than_3_camera_samples
2026-08-08_163440_118112_1_R6_TEST6__P089,2026-08-08_163440_118112_1_R6_TEST6,29.7235879,29.8143454,30.0063183,fewer_than_3_camera_samples
2026-08-08_163440_118112_1_R6_TEST6__P090,2026-08-08_163440_118112_1_R6_TEST6,30.0063183,30.0913022,30.1826499,fewer_than_3_camera_samples
2026-08-08_163440_118112_1_R6_TEST6__P092,2026-08-08_163440_118112_1_R6_TEST6,30.7333131,30.8331591,31.0088858,fewer_than_3_camera_samples
2026-08-08_163440_118112_1_R6_TEST6__P093,2026-08-08_163440_118112_1_R6_TEST6,31.0088858,31.1014782,31.1958253,fewer_than_3_camera_samples
2026-08-08_163440_118112_1_R6_TEST6__P094,2026-08-08_163440_118112_1_R6_TEST6,31.1958253,31.3894661,31.4799261,fewer_than_3_camera_samples
2026-08-08_163440_118112_1_R6_TEST6__P095,2026-08-08_163440_118112_1_R6_TEST6,31.4799261,31.5614695,31.6534021,fewer_than_3_camera_samples
2026-08-08_163440_118112_1_R6_TEST6__P096,2026-08-08_163440_118112_1_R6_TEST6,31.6534021,31.8360245,31.9350405,fewer_than_3_camera_samples
2026-08-08_163440_118112_1_R6_TEST6__P097,2026-08-08_163440_118112_1_R6_TEST6,31.9350405,32.0211915,32.2039245,fewer_than_3_camera_samples
2026-08-08_163440_118112_1_R6_TEST6__P098,2026-08-08_163440_118112_1_R6_TEST6,32.2039245,32.3045612,32.3897894,fewer_than_3_camera_samples
2026-08-08_163440_118112_1_R6_TEST6__P099,2026-08-08_163440_118112_1_R6_TEST6,32.3897894,32.5736261,32.6634386,fewer_than_3_camera_samples
2026-08-08_163440_118112_1_R6_TEST6__P100,2026-08-08_163440_118112_1_R6_TEST6,32.6634386,32.7554854,32.8499455,fewer_than_3_camera_samples
2026-08-08_163440_118112_1_R6_TEST6__P101,2026-08-08_163440_118112_1_R6_TEST6,32.8499455,33.0355023,33.1262173,fewer_than_3_camera_samples
2026-08-08_163440_118112_1_R6_TEST6__P102,2026-08-08_163440_118112_1_R6_TEST6,33.1262173,33.2150418,33.3990864,fewer_than_3_camera_samples
2026-08-08_163440_118112_1_R6_TEST6__P103,2026-08-08_163440_118112_1_R6_TEST6,33.3990864,33.4911707,33.5839075,fewer_than_3_camera_samples
2026-08-08_163440_118112_1_R6_TEST6__P104,2026-08-08_163440_118112_1_R6_TEST6,33.5839075,33.7689067,33.8579876,fewer_than_3_camera_samples
2026-08-08_163440_118112_1_R6_TEST6__P105,2026-08-08_163440_118112_1_R6_TEST6,33.8579876,33.9510034,34.0729089,fewer_than_3_camera_samples
2026-08-08_163440_118112_1_R6_TEST6__P107,2026-08-08_163440_118112_1_R6_TEST6,34.5013123,34.6858087,34.7773545,fewer_than_3_camera_samples
2026-08-08_163440_118112_1_R6_TEST6__P109,2026-08-08_163440_118112_1_R6_TEST6,35.151818,35.243121,35.4205587,fewer_than_3_camera_samples
2026-08-08_163440_118112_1_R6_TEST6__P110,2026-08-08_163440_118112_1_R6_TEST6,35.4205587,35.5146193,35.6042939,fewer_than_3_camera_samples
2026-08-08_163440_118112_1_R6_TEST6__P111,2026-08-08_163440_118112_1_R6_TEST6,35.6042939,35.7879927,35.8801795,fewer_than_3_camera_samples
2026-08-08_163440_118112_1_R6_TEST6__P113,2026-08-08_163440_118112_1_R6_TEST6,36.1559085,36.3461178,36.431941,fewer_than_3_camera_samples
2026-08-08_163440_118112_1_R6_TEST6__P114,2026-08-08_163440_118112_1_R6_TEST6,36.431941,36.5234519,36.7076578,fewer_than_3_camera_samples
2026-08-08_163440_118112_1_R6_TEST6__P115,2026-08-08_163440_118112_1_R6_TEST6,36.7076578,36.8118113,36.8977676,fewer_than_3_camera_samples
2026-08-08_163440_118112_1_R6_TEST6__P116,2026-08-08_163440_118112_1_R6_TEST6,36.8977676,37.0748915,37.1664977,fewer_than_3_camera_samples
2026-08-08_163440_118112_1_R6_TEST6__P117,2026-08-08_163440_118112_1_R6_TEST6,37.1664977,37.2621783,37.4465529,fewer_than_3_camera_samples
2026-08-08_163440_118112_1_R6_TEST6__P120,2026-08-08_163440_118112_1_R6_TEST6,38.3615021,38.4603091,38.6413503,fewer_than_3_camera_samples
2026-08-08_163440_118112_1_R6_TEST6__P122,2026-08-08_163440_118112_1_R6_TEST6,39.0999197,39.1907407,39.2865495,fewer_than_3_camera_samples
2026-08-08_163440_118112_1_R6_TEST6__P125,2026-08-08_163440_118112_1_R6_TEST6,40.0159391,40.1079891,40.2037462,fewer_than_3_camera_samples
2026-08-08_163440_118112_1_R6_TEST6__P126,2026-08-08_163440_118112_1_R6_TEST6,40.2037462,40.3900334,40.4752315,fewer_than_3_camera_samples
2026-08-08_163440_118112_1_R6_TEST6__P127,2026-08-08_163440_118112_1_R6_TEST6,40.4752315,40.5676076,40.7511525,fewer_than_3_camera_samples
2026-08-08_163440_118112_1_R6_TEST6__P128,2026-08-08_163440_118112_1_R6_TEST6,40.7511525,40.8508457,41.031284,fewer_than_3_camera_samples
2026-08-08_163440_118112_1_R6_TEST6__P129,2026-08-08_163440_118112_1_R6_TEST6,41.031284,41.1210953,41.2160868,fewer_than_3_camera_samples
2026-08-08_163440_118112_1_R6_TEST6__P130,2026-08-08_163440_118112_1_R6_TEST6,41.2160868,41.3978385,41.4882677,fewer_than_3_camera_samples
2026-08-08_163440_118112_1_R6_TEST6__P131,2026-08-08_163440_118112_1_R6_TEST6,41.4882677,41.5789614,41.7623575,fewer_than_3_camera_samples
2026-08-08_163440_118112_1_R6_TEST6__P132,2026-08-08_163440_118112_1_R6_TEST6,41.7623575,41.853707,42.0383822,fewer_than_3_camera_samples
2026-08-08_163440_118112_1_R6_TEST6__P133,2026-08-08_163440_118112_1_R6_TEST6,42.0383822,42.1337818,42.3190447,fewer_than_3_camera_samples
2026-08-08_163440_118112_1_R6_TEST6__P142,2026-08-08_163440_118112_1_R6_TEST6,45.9044168,46.0812447,46.2790891,fewer_than_3_camera_samples
2026-08-08_163440_118112_1_R6_TEST6__P152,2026-08-08_163440_118112_1_R6_TEST6,50.0442321,50.2168708,50.4016868,fewer_than_3_camera_samples
2026-08-08_171040_503476_1_R6_TEST7__P002,2026-08-08_171040_503476_1_R6_TEST7,2.182264,2.3753313,2.4642857,fewer_than_3_camera_samples
2026-08-08_171040_503476_1_R6_TEST7__P003,2026-08-08_171040_503476_1_R6_TEST7,2.4642857,2.6497852,2.748074,fewer_than_3_camera_samples
2026-08-08_171040_503476_1_R6_TEST7__P005,2026-08-08_171040_503476_1_R6_TEST7,3.113717,3.3028075,3.3939026,fewer_than_3_camera_samples
2026-08-08_171040_503476_1_R6_TEST7__P007,2026-08-08_171040_503476_1_R6_TEST7,3.7631721,3.8591001,4.0272403,fewer_than_3_camera_samples
2026-08-08_171040_503476_1_R6_TEST7__P008,2026-08-08_171040_503476_1_R6_TEST7,4.0272403,4.2148052,4.3087236,fewer_than_3_camera_samples
2026-08-08_171040_503476_1_R6_TEST7__P010,2026-08-08_171040_503476_1_R6_TEST7,4.6757655,4.7675337,4.9665275,fewer_than_3_camera_samples
2026-08-08_171040_503476_1_R6_TEST7__P011,2026-08-08_171040_503476_1_R6_TEST7,4.9665275,5.1234447,5.2182507,fewer_than_3_camera_samples
2026-08-08_171040_503476_1_R6_TEST7__P012,2026-08-08_171040_503476_1_R6_TEST7,5.2182507,5.4090298,5.5131666,fewer_than_3_camera_samples
2026-08-08_171040_503476_1_R6_TEST7__P014,2026-08-08_171040_503476_1_R6_TEST7,5.8699204,5.9616052,6.1497945,fewer_than_3_camera_samples
2026-08-08_171040_503476_1_R6_TEST7__P015,2026-08-08_171040_503476_1_R6_TEST7,6.1497945,6.3330367,6.4296124,fewer_than_3_camera_samples
2026-08-08_171040_503476_1_R6_TEST7__P016,2026-08-08_171040_503476_1_R6_TEST7,6.4296124,6.6180095,6.6873632,fewer_than_3_camera_samples
2026-08-08_171040_503476_1_R6_TEST7__P017,2026-08-08_171040_503476_1_R6_TEST7,6.6873632,6.8775005,6.9698762,fewer_than_3_camera_samples
2026-08-08_171040_503476_1_R6_TEST7__P018,2026-08-08_171040_503476_1_R6_TEST7,6.9698762,7.1630294,7.2375465,fewer_than_3_camera_samples
2026-08-08_171040_503476_1_R6_TEST7__P020,2026-08-08_171040_503476_1_R6_TEST7,7.6237689,7.724644,7.8883262,fewer_than_3_camera_samples
2026-08-08_171040_503476_1_R6_TEST7__P021,2026-08-08_171040_503476_1_R6_TEST7,7.8883262,7.9865392,8.1673671,fewer_than_3_camera_samples
2026-08-08_171040_503476_1_R6_TEST7__P022,2026-08-08_171040_503476_1_R6_TEST7,8.1673671,8.2690237,8.4490709,fewer_than_3_camera_samples
2026-08-08_171040_503476_1_R6_TEST7__P023,2026-08-08_171040_503476_1_R6_TEST7,8.4490709,8.5467492,8.7116222,fewer_than_3_camera_samples
2026-08-08_171040_503476_1_R6_TEST7__P024,2026-08-08_171040_503476_1_R6_TEST7,8.7116222,8.8920641,8.9879314,fewer_than_3_camera_samples
2026-08-08_171040_503476_1_R6_TEST7__P026,2026-08-08_171040_503476_1_R6_TEST7,9.3598817,9.455024,9.6490157,fewer_than_3_camera_samples
2026-08-08_171040_503476_1_R6_TEST7__P027,2026-08-08_171040_503476_1_R6_TEST7,9.6490157,9.8216733,9.9237953,fewer_than_3_camera_samples
2026-08-08_171040_503476_1_R6_TEST7__P028,2026-08-08_171040_503476_1_R6_TEST7,9.9237953,10.0890764,10.1820744,fewer_than_3_camera_samples
2026-08-08_171040_503476_1_R6_TEST7__P029,2026-08-08_171040_503476_1_R6_TEST7,10.1820744,10.3754137,10.4769731,fewer_than_3_camera_samples
2026-08-08_171040_503476_1_R6_TEST7__P030,2026-08-08_171040_503476_1_R6_TEST7,10.4769731,10.6489046,10.7461068,fewer_than_3_camera_samples
2026-08-08_171040_503476_1_R6_TEST7__P032,2026-08-08_171040_503476_1_R6_TEST7,11.0979969,11.198048,11.3895751,fewer_than_3_camera_samples
2026-08-08_171040_503476_1_R6_TEST7__P033,2026-08-08_171040_503476_1_R6_TEST7,11.3895751,11.4882486,11.6566434,fewer_than_3_camera_samples
2026-08-08_171040_503476_1_R6_TEST7__P034,2026-08-08_171040_503476_1_R6_TEST7,11.6566434,11.7571588,11.9516552,fewer_than_3_camera_samples
2026-08-08_171040_503476_1_R6_TEST7__P035,2026-08-08_171040_503476_1_R6_TEST7,11.9516552,12.0192399,12.1175082,fewer_than_3_camera_samples
2026-08-08_171040_503476_1_R6_TEST7__P037,2026-08-08_171040_503476_1_R6_TEST7,12.4995546,12.5686385,12.7526367,fewer_than_3_camera_samples
2026-08-08_171040_503476_1_R6_TEST7__P038,2026-08-08_171040_503476_1_R6_TEST7,12.7526367,12.8528002,13.0522219,fewer_than_3_camera_samples
2026-08-08_171040_503476_1_R6_TEST7__P039,2026-08-08_171040_503476_1_R6_TEST7,13.0522219,13.1202337,13.3041244,fewer_than_3_camera_samples
2026-08-08_171040_503476_1_R6_TEST7__P040,2026-08-08_171040_503476_1_R6_TEST7,13.3041244,13.4014997,13.594221,fewer_than_3_camera_samples
2026-08-08_171040_503476_1_R6_TEST7__P042,2026-08-08_171040_503476_1_R6_TEST7,13.8767935,14.0485352,14.1438817,fewer_than_3_camera_samples
2026-08-08_171040_503476_1_R6_TEST7__P043,2026-08-08_171040_503476_1_R6_TEST7,14.1438817,14.2432579,14.4247705,fewer_than_3_camera_samples
2026-08-08_171040_503476_1_R6_TEST7__P044,2026-08-08_171040_503476_1_R6_TEST7,14.4247705,14.5184442,14.7106931,fewer_than_3_camera_samples
2026-08-08_171040_503476_1_R6_TEST7__P045,2026-08-08_171040_503476_1_R6_TEST7,14.7106931,14.7747155,14.9736926,fewer_than_3_camera_samples
2026-08-08_171040_503476_1_R6_TEST7__P046,2026-08-08_171040_503476_1_R6_TEST7,14.9736926,15.0673423,15.2484169,fewer_than_3_camera_samples
2026-08-08_171040_503476_1_R6_TEST7__P047,2026-08-08_171040_503476_1_R6_TEST7,15.2484169,15.3435672,15.5099035,fewer_than_3_camera_samples
2026-08-08_171040_503476_1_R6_TEST7__P048,2026-08-08_171040_503476_1_R6_TEST7,15.5099035,15.6059819,15.6945655,fewer_than_3_camera_samples
2026-08-08_171040_503476_1_R6_TEST7__P049,2026-08-08_171040_503476_1_R6_TEST7,15.6945655,15.8892489,15.9993332,fewer_than_3_camera_samples
2026-08-08_171040_503476_1_R6_TEST7__P050,2026-08-08_171040_503476_1_R6_TEST7,15.9993332,16.1542677,16.2456287,fewer_than_3_camera_samples
2026-08-08_171040_503476_1_R6_TEST7__P052,2026-08-08_171040_503476_1_R6_TEST7,16.5489891,16.7049922,16.7970623,fewer_than_3_camera_samples
2026-08-08_171040_503476_1_R6_TEST7__P054,2026-08-08_171040_503476_1_R6_TEST7,17.0926643,17.2565259,17.4417787,fewer_than_3_camera_samples
2026-08-08_171040_503476_1_R6_TEST7__P056,2026-08-08_171040_503476_1_R6_TEST7,17.7330261,17.9165636,18.0096085,fewer_than_3_camera_samples
2026-08-08_171040_503476_1_R6_TEST7__P057,2026-08-08_171040_503476_1_R6_TEST7,18.0096085,18.2099282,18.2677517,fewer_than_3_camera_samples
2026-08-08_171040_503476_1_R6_TEST7__P059,2026-08-08_171040_503476_1_R6_TEST7,18.5616064,18.7270693,18.8209938,fewer_than_3_camera_samples
2026-08-08_171040_503476_1_R6_TEST7__P060,2026-08-08_171040_503476_1_R6_TEST7,18.8209938,19.0084077,19.106696,fewer_than_3_camera_samples
2026-08-08_171040_503476_1_R6_TEST7__P061,2026-08-08_171040_503476_1_R6_TEST7,19.106696,19.3119993,19.3704889,fewer_than_3_camera_samples
2026-08-08_171040_503476_1_R6_TEST7__P062,2026-08-08_171040_503476_1_R6_TEST7,19.3704889,19.5574813,19.6471646,fewer_than_3_camera_samples
2026-08-08_171040_503476_1_R6_TEST7__P063,2026-08-08_171040_503476_1_R6_TEST7,19.6471646,19.8508534,19.9219637,fewer_than_3_camera_samples
2026-08-08_171040_503476_1_R6_TEST7__P064,2026-08-08_171040_503476_1_R6_TEST7,19.9219637,20.0144512,20.1982663,fewer_than_3_camera_samples
2026-08-08_174903_311062_1_R6_TEST1_v2__P002,2026-08-08_174903_311062_1_R6_TEST1_v2,3.9001427,4.0813478,4.2653859,fewer_than_3_camera_samples
2026-08-08_174903_311062_1_R6_TEST1_v2__P003,2026-08-08_174903_311062_1_R6_TEST1_v2,4.2653859,4.4490667,4.541251,fewer_than_3_camera_samples
2026-08-08_174903_311062_1_R6_TEST1_v2__P005,2026-08-08_174903_311062_1_R6_TEST1_v2,4.9109562,5.0948652,5.1844961,fewer_than_3_camera_samples
2026-08-08_174903_311062_1_R6_TEST1_v2__P007,2026-08-08_174903_311062_1_R6_TEST1_v2,5.5520783,5.7359059,5.8277177,fewer_than_3_camera_samples
2026-08-08_174903_311062_1_R6_TEST1_v2__P008,2026-08-08_174903_311062_1_R6_TEST1_v2,5.8277177,6.0150726,6.103463,fewer_than_3_camera_samples
2026-08-08_174903_311062_1_R6_TEST1_v2__P010,2026-08-08_174903_311062_1_R6_TEST1_v2,6.4710425,6.5655045,6.6607106,fewer_than_3_camera_samples
2026-08-08_174903_311062_1_R6_TEST1_v2__P012,2026-08-08_174903_311062_1_R6_TEST1_v2,7.0226456,7.1144704,7.2985784,fewer_than_3_camera_samples
2026-08-08_174903_311062_1_R6_TEST1_v2__P013,2026-08-08_174903_311062_1_R6_TEST1_v2,7.2985784,7.3900185,7.5739908,fewer_than_3_camera_samples
2026-08-08_174903_311062_1_R6_TEST1_v2__P014,2026-08-08_174903_311062_1_R6_TEST1_v2,7.5739908,7.6658286,7.8499032,fewer_than_3_camera_samples
2026-08-08_174903_311062_1_R6_TEST1_v2__P015,2026-08-08_174903_311062_1_R6_TEST1_v2,7.8499032,8.038826,8.125552,fewer_than_3_camera_samples
2026-08-08_174903_311062_1_R6_TEST1_v2__P016,2026-08-08_174903_311062_1_R6_TEST1_v2,8.125552,8.3092191,8.4013896,fewer_than_3_camera_samples
2026-08-08_174903_311062_1_R6_TEST1_v2__P018,2026-08-08_174903_311062_1_R6_TEST1_v2,8.7686337,8.8606142,9.0444929,fewer_than_3_camera_samples
2026-08-08_174903_311062_1_R6_TEST1_v2__P019,2026-08-08_174903_311062_1_R6_TEST1_v2,9.0444929,9.1361669,9.3202276,fewer_than_3_camera_samples
2026-08-08_174903_311062_1_R6_TEST1_v2__P020,2026-08-08_174903_311062_1_R6_TEST1_v2,9.3202276,9.4120954,9.5962058,fewer_than_3_camera_samples
2026-08-08_174903_311062_1_R6_TEST1_v2__P021,2026-08-08_174903_311062_1_R6_TEST1_v2,9.5962058,9.6880738,9.779721,fewer_than_3_camera_samples
2026-08-08_174903_311062_1_R6_TEST1_v2__P023,2026-08-08_174903_311062_1_R6_TEST1_v2,10.3311571,10.5149763,10.6070714,fewer_than_3_camera_samples
2026-08-08_174903_311062_1_R6_TEST1_v2__P024,2026-08-08_174903_311062_1_R6_TEST1_v2,10.6070714,10.7909022,10.8827662,fewer_than_3_camera_samples
2026-08-08_174903_311062_1_R6_TEST1_v2__P025,2026-08-08_174903_311062_1_R6_TEST1_v2,10.8827662,11.0663211,11.1583539,fewer_than_3_camera_samples
2026-08-08_174903_311062_1_R6_TEST1_v2__P026,2026-08-08_174903_311062_1_R6_TEST1_v2,11.1583539,11.3422464,11.4342299,fewer_than_3_camera_samples
2026-08-08_174903_311062_1_R6_TEST1_v2__P027,2026-08-08_174903_311062_1_R6_TEST1_v2,11.4342299,11.6184409,11.7097493,fewer_than_3_camera_samples
2026-08-08_174903_311062_1_R6_TEST1_v2__P028,2026-08-08_174903_311062_1_R6_TEST1_v2,11.7097493,11.9025532,11.9852941,fewer_than_3_camera_samples
2026-08-08_174903_311062_1_R6_TEST1_v2__P030,2026-08-08_174903_311062_1_R6_TEST1_v2,12.3529675,12.4487455,12.6287398,fewer_than_3_camera_samples
2026-08-08_174903_311062_1_R6_TEST1_v2__P031,2026-08-08_174903_311062_1_R6_TEST1_v2,12.6287398,12.7269431,12.9049762,fewer_than_3_camera_samples
2026-08-08_174903_311062_1_R6_TEST1_v2__P032,2026-08-08_174903_311062_1_R6_TEST1_v2,12.9049762,13.0967928,13.180325,fewer_than_3_camera_samples
2026-08-08_174903_311062_1_R6_TEST1_v2__P034,2026-08-08_174903_311062_1_R6_TEST1_v2,13.5501521,13.6431961,13.8235954,fewer_than_3_camera_samples
2026-08-08_174903_311062_1_R6_TEST1_v2__P035,2026-08-08_174903_311062_1_R6_TEST1_v2,13.8235954,14.0075763,14.1004107,fewer_than_3_camera_samples
2026-08-08_174903_311062_1_R6_TEST1_v2__P036,2026-08-08_174903_311062_1_R6_TEST1_v2,14.1004107,14.2836475,14.3753592,fewer_than_3_camera_samples
2026-08-08_174903_311062_1_R6_TEST1_v2__P038,2026-08-08_174903_311062_1_R6_TEST1_v2,14.742877,14.8436609,15.0189955,fewer_than_3_camera_samples
2026-08-08_174903_311062_1_R6_TEST1_v2__P039,2026-08-08_174903_311062_1_R6_TEST1_v2,15.0189955,15.2023215,15.3017346,fewer_than_3_camera_samples
2026-08-08_174903_311062_1_R6_TEST1_v2__P041,2026-08-08_174903_311062_1_R6_TEST1_v2,15.6619226,15.7550444,15.937478,fewer_than_3_camera_samples
2026-08-08_174903_311062_1_R6_TEST1_v2__P043,2026-08-08_174903_311062_1_R6_TEST1_v2,16.3105226,16.3970256,16.5808217,fewer_than_3_camera_samples
2026-08-08_174903_311062_1_R6_TEST1_v2__P044,2026-08-08_174903_311062_1_R6_TEST1_v2,16.5808217,16.7646689,16.859333,fewer_than_3_camera_samples
2026-08-08_174903_311062_1_R6_TEST1_v2__P045,2026-08-08_174903_311062_1_R6_TEST1_v2,16.859333,17.0425573,17.140459,fewer_than_3_camera_samples
2026-08-08_174903_311062_1_R6_TEST1_v2__P047,2026-08-08_174903_311062_1_R6_TEST1_v2,17.5036168,17.6014123,17.7756833,fewer_than_3_camera_samples
2026-08-08_174903_311062_1_R6_TEST1_v2__P048,2026-08-08_174903_311062_1_R6_TEST1_v2,17.7756833,17.9596192,18.0552534,fewer_than_3_camera_samples
2026-08-08_174903_311062_1_R6_TEST1_v2__P049,2026-08-08_174903_311062_1_R6_TEST1_v2,18.0552534,18.235693,18.3276217,fewer_than_3_camera_samples
2026-08-08_174903_311062_1_R6_TEST1_v2__P051,2026-08-08_174903_311062_1_R6_TEST1_v2,18.6984786,18.7869031,18.9756665,fewer_than_3_camera_samples
2026-08-08_174903_311062_1_R6_TEST1_v2__P052,2026-08-08_174903_311062_1_R6_TEST1_v2,18.9756665,19.0627087,19.2530096,fewer_than_3_camera_samples
2026-08-08_174903_311062_1_R6_TEST1_v2__P053,2026-08-08_174903_311062_1_R6_TEST1_v2,19.2530096,19.3386399,19.5220304,fewer_than_3_camera_samples
2026-08-08_174903_311062_1_R6_TEST1_v2__P054,2026-08-08_174903_311062_1_R6_TEST1_v2,19.5220304,19.6141374,19.7979913,fewer_than_3_camera_samples
2026-08-08_174903_311062_1_R6_TEST1_v2__P055,2026-08-08_174903_311062_1_R6_TEST1_v2,19.7979913,19.8898366,20.0734159,fewer_than_3_camera_samples
2026-08-08_174903_311062_1_R6_TEST1_v2__P056,2026-08-08_174903_311062_1_R6_TEST1_v2,20.0734159,20.257649,20.3492601,fewer_than_3_camera_samples
2026-08-08_174903_311062_1_R6_TEST1_v2__P058,2026-08-08_174903_311062_1_R6_TEST1_v2,20.717777,20.808945,20.992483,fewer_than_3_camera_samples
2026-08-08_174903_311062_1_R6_TEST1_v2__P059,2026-08-08_174903_311062_1_R6_TEST1_v2,20.992483,21.0848606,21.2719118,fewer_than_3_camera_samples
2026-08-08_174903_311062_1_R6_TEST1_v2__P060,2026-08-08_174903_311062_1_R6_TEST1_v2,21.2719118,21.3642621,21.5440477,fewer_than_3_camera_samples
2026-08-08_174903_311062_1_R6_TEST1_v2__P061,2026-08-08_174903_311062_1_R6_TEST1_v2,21.5440477,21.7280685,21.8199249,fewer_than_3_camera_samples
2026-08-08_174903_311062_1_R6_TEST1_v2__P062,2026-08-08_174903_311062_1_R6_TEST1_v2,21.8199249,22.0035567,22.0952906,fewer_than_3_camera_samples
2026-08-08_174903_311062_1_R6_TEST1_v2__P063,2026-08-08_174903_311062_1_R6_TEST1_v2,22.0952906,22.2793441,22.3712179,fewer_than_3_camera_samples
2026-08-08_174903_311062_1_R6_TEST1_v2__P065,2026-08-08_174903_311062_1_R6_TEST1_v2,22.7389468,22.8322373,23.0146572,fewer_than_3_camera_samples
2026-08-08_174903_311062_1_R6_TEST1_v2__P066,2026-08-08_174903_311062_1_R6_TEST1_v2,23.0146572,23.1980495,23.2901484,fewer_than_3_camera_samples
2026-08-08_174903_311062_1_R6_TEST1_v2__P067,2026-08-08_174903_311062_1_R6_TEST1_v2,23.2901484,23.3819754,23.5661751,fewer_than_3_camera_samples
2026-08-08_174903_311062_1_R6_TEST1_v2__P068,2026-08-08_174903_311062_1_R6_TEST1_v2,23.5661751,23.6601241,23.8494416,fewer_than_3_camera_samples
2026-08-08_174903_311062_1_R6_TEST1_v2__P069,2026-08-08_174903_311062_1_R6_TEST1_v2,23.8494416,23.9333506,24.1174642,fewer_than_3_camera_samples
2026-08-08_174903_311062_1_R6_TEST1_v2__P070,2026-08-08_174903_311062_1_R6_TEST1_v2,24.1174642,24.2093213,24.3940839,fewer_than_3_camera_samples
2026-08-08_174903_311062_1_R6_TEST1_v2__P071,2026-08-08_174903_311062_1_R6_TEST1_v2,24.3940839,24.4851216,24.6691392,fewer_than_3_camera_samples
2026-08-08_174903_311062_1_R6_TEST1_v2__P073,2026-08-08_174903_311062_1_R6_TEST1_v2,24.9445063,25.0364012,25.221136,fewer_than_3_camera_samples
2026-08-08_174903_311062_1_R6_TEST1_v2__P074,2026-08-08_174903_311062_1_R6_TEST1_v2,25.221136,25.3123018,25.4060966,fewer_than_3_camera_samples
2026-08-08_174903_311062_1_R6_TEST1_v2__P076,2026-08-08_174903_311062_1_R6_TEST1_v2,25.771633,25.8636913,26.0473428,fewer_than_3_camera_samples
2026-08-08_174903_311062_1_R6_TEST1_v2__P077,2026-08-08_174903_311062_1_R6_TEST1_v2,26.0473428,26.1392991,26.3230161,fewer_than_3_camera_samples
2026-08-08_174903_311062_1_R6_TEST1_v2__P078,2026-08-08_174903_311062_1_R6_TEST1_v2,26.3230161,26.4154295,26.602483,fewer_than_3_camera_samples
2026-08-08_174903_311062_1_R6_TEST1_v2__P079,2026-08-08_174903_311062_1_R6_TEST1_v2,26.602483,26.6913931,26.8745091,fewer_than_3_camera_samples
2026-08-08_174903_311062_1_R6_TEST1_v2__P080,2026-08-08_174903_311062_1_R6_TEST1_v2,26.8745091,27.058308,27.1500751,fewer_than_3_camera_samples
2026-08-08_174903_311062_1_R6_TEST1_v2__P081,2026-08-08_174903_311062_1_R6_TEST1_v2,27.1500751,27.3344307,27.426156,fewer_than_3_camera_samples
2026-08-08_174903_311062_1_R6_TEST1_v2__P082,2026-08-08_174903_311062_1_R6_TEST1_v2,27.426156,27.6098583,27.7015586,fewer_than_3_camera_samples
2026-08-08_174903_311062_1_R6_TEST1_v2__P083,2026-08-08_174903_311062_1_R6_TEST1_v2,27.7015586,27.8855782,27.9775428,fewer_than_3_camera_samples
2026-08-08_174903_311062_1_R6_TEST1_v2__P085,2026-08-08_174903_311062_1_R6_TEST1_v2,28.3448832,28.439631,28.6207564,fewer_than_3_camera_samples
2026-08-08_174903_311062_1_R6_TEST1_v2__P086,2026-08-08_174903_311062_1_R6_TEST1_v2,28.6207564,28.7147661,28.8962346,fewer_than_3_camera_samples
2026-08-08_174903_311062_1_R6_TEST1_v2__P087,2026-08-08_174903_311062_1_R6_TEST1_v2,28.8962346,28.9893032,29.1722735,fewer_than_3_camera_samples
2026-08-08_174903_311062_1_R6_TEST1_v2__P088,2026-08-08_174903_311062_1_R6_TEST1_v2,29.1722735,29.2638035,29.4475918,fewer_than_3_camera_samples
2026-08-08_174903_311062_1_R6_TEST1_v2__P089,2026-08-08_174903_311062_1_R6_TEST1_v2,29.4475918,29.5395931,29.72374,fewer_than_3_camera_samples
2026-08-08_174903_311062_1_R6_TEST1_v2__P090,2026-08-08_174903_311062_1_R6_TEST1_v2,29.72374,29.9084104,29.9992474,fewer_than_3_camera_samples
2026-08-08_174903_311062_1_R6_TEST1_v2__P091,2026-08-08_174903_311062_1_R6_TEST1_v2,29.9992474,30.1836653,30.2750782,fewer_than_3_camera_samples
2026-08-08_174903_311062_1_R6_TEST1_v2__P092,2026-08-08_174903_311062_1_R6_TEST1_v2,30.2750782,30.4649763,30.5506715,fewer_than_3_camera_samples
2026-08-08_174903_311062_1_R6_TEST1_v2__P094,2026-08-08_174903_311062_1_R6_TEST1_v2,30.9182073,31.0100951,31.2003665,fewer_than_3_camera_samples
2026-08-08_174903_311062_1_R6_TEST1_v2__P095,2026-08-08_174903_311062_1_R6_TEST1_v2,31.2003665,31.2861454,31.4697604,fewer_than_3_camera_samples
2026-08-08_174903_311062_1_R6_TEST1_v2__P096,2026-08-08_174903_311062_1_R6_TEST1_v2,31.4697604,31.5615594,31.6598875,fewer_than_3_camera_samples
2026-08-08_174903_311062_1_R6_TEST1_v2__P098,2026-08-08_174903_311062_1_R6_TEST1_v2,32.0212628,32.1128709,32.2049666,fewer_than_3_camera_samples
2026-08-08_174903_311062_1_R6_TEST1_v2__P100,2026-08-08_174903_311062_1_R6_TEST1_v2,32.5763491,32.6644991,32.7565231,fewer_than_3_camera_samples
2026-08-08_174903_311062_1_R6_TEST1_v2__P101,2026-08-08_174903_311062_1_R6_TEST1_v2,32.7565231,32.9403576,33.0321666,fewer_than_3_camera_samples
2026-08-08_174903_311062_1_R6_TEST1_v2__P102,2026-08-08_174903_311062_1_R6_TEST1_v2,33.0321666,33.2158924,33.3183841,fewer_than_3_camera_samples
2026-08-08_174903_311062_1_R6_TEST1_v2__P103,2026-08-08_174903_311062_1_R6_TEST1_v2,33.3183841,33.493017,33.5835134,fewer_than_3_camera_samples
2026-08-08_174903_311062_1_R6_TEST1_v2__P104,2026-08-08_174903_311062_1_R6_TEST1_v2,33.5835134,33.7704828,33.8591211,fewer_than_3_camera_samples
2026-08-08_174903_311062_1_R6_TEST1_v2__P106,2026-08-08_174903_311062_1_R6_TEST1_v2,34.2268195,34.3285329,34.5112255,fewer_than_3_camera_samples
2026-08-08_174903_311062_1_R6_TEST1_v2__P107,2026-08-08_174903_311062_1_R6_TEST1_v2,34.5112255,34.5944327,34.7781789,fewer_than_3_camera_samples
2026-08-08_174903_311062_1_R6_TEST1_v2__P108,2026-08-08_174903_311062_1_R6_TEST1_v2,34.7781789,34.9636199,35.055226,fewer_than_3_camera_samples
2026-08-08_174903_311062_1_R6_TEST1_v2__P110,2026-08-08_174903_311062_1_R6_TEST1_v2,35.4258407,35.5201251,35.7077291,fewer_than_3_camera_samples
2026-08-08_174903_311062_1_R6_TEST1_v2__P111,2026-08-08_174903_311062_1_R6_TEST1_v2,35.7077291,35.8812442,35.981734,fewer_than_3_camera_samples
2026-08-08_174903_311062_1_R6_TEST1_v2__P112,2026-08-08_174903_311062_1_R6_TEST1_v2,35.981734,36.1595108,36.2487095,fewer_than_3_camera_samples
2026-08-08_145646_442250_1_R7_TEST1__P094,2026-08-08_145646_442250_1_R7_TEST1,58.9600967,59.2457134,59.327561,fewer_than_3_camera_samples
2026-08-08_145646_442250_1_R7_TEST1__P095,2026-08-08_145646_442250_1_R7_TEST1,59.327561,59.5112492,59.6030947,fewer_than_3_camera_samples
2026-08-08_145646_442250_1_R7_TEST1__P130,2026-08-08_145646_442250_1_R7_TEST1,78.0644886,78.2456185,78.4295033,fewer_than_3_camera_samples
2026-08-08_145646_442250_1_R7_TEST1__P135,2026-08-08_145646_442250_1_R7_TEST1,79.9904229,80.0825162,80.2663419,fewer_than_3_camera_samples
2026-08-08_145646_442250_1_R7_TEST1__P136,2026-08-08_145646_442250_1_R7_TEST1,80.2663419,80.4539179,80.5427578,fewer_than_3_camera_samples
2026-08-08_145646_442250_1_R7_TEST1__P143,2026-08-08_145646_442250_1_R7_TEST1,83.3951657,83.5721819,83.7560023,fewer_than_3_camera_samples
2026-08-08_145646_442250_1_R7_TEST1__P151,2026-08-08_145646_442250_1_R7_TEST1,86.8783003,87.0622042,87.2456314,fewer_than_3_camera_samples
2026-08-08_145646_442250_1_R7_TEST1__P160,2026-08-08_145646_442250_1_R7_TEST1,91.0201705,91.1946323,91.3788539,fewer_than_3_camera_samples
2026-08-08_163730_874069_1_R7_TEST2__P062,2026-08-08_163730_874069_1_R7_TEST2,34.8220945,35.0055827,35.1902526,fewer_than_3_camera_samples
2026-08-08_163730_874069_1_R7_TEST2__P066,2026-08-08_163730_874069_1_R7_TEST2,36.5710112,36.7494333,36.9338606,fewer_than_3_camera_samples
2026-08-08_163730_874069_1_R7_TEST2__P079,2026-08-08_163730_874069_1_R7_TEST2,42.5453822,42.7264387,42.9074267,fewer_than_3_camera_samples
2026-08-08_163730_874069_1_R7_TEST2__P083,2026-08-08_163730_874069_1_R7_TEST2,44.012884,44.2087615,44.3909887,fewer_than_3_camera_samples
2026-08-08_163730_874069_1_R7_TEST2__P085,2026-08-08_163730_874069_1_R7_TEST2,44.8452554,44.9308173,45.1179634,fewer_than_3_camera_samples
2026-08-08_163730_874069_1_R7_TEST2__P087,2026-08-08_163730_874069_1_R7_TEST2,45.4877621,45.664546,45.8492688,fewer_than_3_camera_samples
2026-08-08_163730_874069_1_R7_TEST2__P089,2026-08-08_163730_874069_1_R7_TEST2,46.2161061,46.3084917,46.4918853,fewer_than_3_camera_samples
2026-08-08_163730_874069_1_R7_TEST2__P090,2026-08-08_163730_874069_1_R7_TEST2,46.4918853,46.5872124,46.7674898,fewer_than_3_camera_samples
2026-08-08_163730_874069_1_R7_TEST2__P092,2026-08-08_163730_874069_1_R7_TEST2,47.1349978,47.2319732,47.4109352,fewer_than_3_camera_samples
2026-08-08_163730_874069_1_R7_TEST2__P093,2026-08-08_163730_874069_1_R7_TEST2,47.4109352,47.5068489,47.6866851,fewer_than_3_camera_samples
2026-08-08_163730_874069_1_R7_TEST2__P094,2026-08-08_163730_874069_1_R7_TEST2,47.6866851,47.8704025,47.9622572,fewer_than_3_camera_samples
2026-08-08_163730_874069_1_R7_TEST2__P096,2026-08-08_163730_874069_1_R7_TEST2,48.3297936,48.5136258,48.6103736,fewer_than_3_camera_samples
2026-08-08_163730_874069_1_R7_TEST2__P097,2026-08-08_163730_874069_1_R7_TEST2,48.6103736,48.7892977,48.8858823,fewer_than_3_camera_samples
2026-08-08_163730_874069_1_R7_TEST2__P099,2026-08-08_163730_874069_1_R7_TEST2,49.2491924,49.3406893,49.5245165,fewer_than_3_camera_samples
2026-08-08_163730_874069_1_R7_TEST2__P101,2026-08-08_163730_874069_1_R7_TEST2,49.8940516,49.991765,50.171381,fewer_than_3_camera_samples
2026-08-08_163730_874069_1_R7_TEST2__P102,2026-08-08_163730_874069_1_R7_TEST2,50.171381,50.3522448,50.5358541,fewer_than_3_camera_samples
2026-08-08_163730_874069_1_R7_TEST2__P104,2026-08-08_163730_874069_1_R7_TEST2,50.9032213,51.0875537,51.1822277,fewer_than_3_camera_samples
2026-08-08_163837_086088_1_R7_TEST3__P006,2026-08-08_163837_086088_1_R7_TEST3,3.7746181,3.9600015,4.1406498,fewer_than_3_camera_samples
2026-08-08_163837_086088_1_R7_TEST3__P009,2026-08-08_163837_086088_1_R7_TEST3,4.9711628,5.1518199,5.335658,fewer_than_3_camera_samples
2026-08-08_163837_086088_1_R7_TEST3__P012,2026-08-08_163837_086088_1_R7_TEST3,6.1658612,6.3465879,6.4389712,fewer_than_3_camera_samples
2026-08-08_163837_086088_1_R7_TEST3__P014,2026-08-08_163837_086088_1_R7_TEST3,6.8057474,6.9912659,7.0848693,fewer_than_3_camera_samples
2026-08-08_163837_086088_1_R7_TEST3__P015,2026-08-08_163837_086088_1_R7_TEST3,7.0848693,7.2829292,7.458617,fewer_than_3_camera_samples
2026-08-08_163837_086088_1_R7_TEST3__P016,2026-08-08_163837_086088_1_R7_TEST3,7.458617,7.5416217,7.736321,fewer_than_3_camera_samples
2026-08-08_163837_086088_1_R7_TEST3__P019,2026-08-08_163837_086088_1_R7_TEST3,8.5528738,8.735919,8.9230741,fewer_than_3_camera_samples
2026-08-08_163837_086088_1_R7_TEST3__P023,2026-08-08_163837_086088_1_R7_TEST3,10.0293024,10.2065885,10.3904152,fewer_than_3_camera_samples
2026-08-08_163837_086088_1_R7_TEST3__P027,2026-08-08_163837_086088_1_R7_TEST3,11.4945525,11.6769446,11.8660297,fewer_than_3_camera_samples
2026-08-08_163837_086088_1_R7_TEST3__P031,2026-08-08_163837_086088_1_R7_TEST3,12.9645686,13.1474895,13.3331492,fewer_than_3_camera_samples
2026-08-08_163837_086088_1_R7_TEST3__P034,2026-08-08_163837_086088_1_R7_TEST3,14.0679399,14.2503357,14.3429476,fewer_than_3_camera_samples
2026-08-08_163837_086088_1_R7_TEST3__P037,2026-08-08_163837_086088_1_R7_TEST3,15.0784233,15.1710621,15.35411,fewer_than_3_camera_samples
2026-08-08_163837_086088_1_R7_TEST3__P038,2026-08-08_163837_086088_1_R7_TEST3,15.35411,15.5377912,15.7297654,fewer_than_3_camera_samples
2026-08-08_163837_086088_1_R7_TEST3__P041,2026-08-08_163837_086088_1_R7_TEST3,16.5622195,16.7329477,16.91692,fewer_than_3_camera_samples
2026-08-08_163837_086088_1_R7_TEST3__P044,2026-08-08_163837_086088_1_R7_TEST3,17.8362899,18.0223246,18.1180229,fewer_than_3_camera_samples
2026-08-08_163837_086088_1_R7_TEST3__P048,2026-08-08_163837_086088_1_R7_TEST3,19.2173468,19.4002839,19.5850832,fewer_than_3_camera_samples
2026-08-08_163837_086088_1_R7_TEST3__P051,2026-08-08_163837_086088_1_R7_TEST3,20.4136627,20.5923094,20.6847156,fewer_than_3_camera_samples
2026-08-08_163837_086088_1_R7_TEST3__P056,2026-08-08_163837_086088_1_R7_TEST3,22.155183,22.246672,22.4341425,fewer_than_3_camera_samples
2026-08-08_163837_086088_1_R7_TEST3__P057,2026-08-08_163837_086088_1_R7_TEST3,22.4341425,22.6181871,22.798784,fewer_than_3_camera_samples
2026-08-08_163837_086088_1_R7_TEST3__P060,2026-08-08_163837_086088_1_R7_TEST3,23.5332258,23.7222332,23.8091422,fewer_than_3_camera_samples
2026-08-08_163837_086088_1_R7_TEST3__P063,2026-08-08_163837_086088_1_R7_TEST3,24.5450612,24.731248,24.9118136,fewer_than_3_camera_samples
2026-08-08_163837_086088_1_R7_TEST3__P064,2026-08-08_163837_086088_1_R7_TEST3,24.9118136,25.0037695,25.189248,fewer_than_3_camera_samples
2026-08-08_163837_086088_1_R7_TEST3__P065,2026-08-08_163837_086088_1_R7_TEST3,25.189248,25.2795882,25.4636643,fewer_than_3_camera_samples
2026-08-08_163837_086088_1_R7_TEST3__P067,2026-08-08_163837_086088_1_R7_TEST3,25.7478922,25.9357132,26.0218546,fewer_than_3_camera_samples
2026-08-08_163837_086088_1_R7_TEST3__P068,2026-08-08_163837_086088_1_R7_TEST3,26.0218546,26.1986424,26.3827583,fewer_than_3_camera_samples
2026-08-08_163837_086088_1_R7_TEST3__P070,2026-08-08_163837_086088_1_R7_TEST3,26.7590522,26.8470971,27.0273513,fewer_than_3_camera_samples
2026-08-08_163837_086088_1_R7_TEST3__P072,2026-08-08_163837_086088_1_R7_TEST3,27.3961656,27.4854579,27.6690562,fewer_than_3_camera_samples
2026-08-08_163837_086088_1_R7_TEST3__P073,2026-08-08_163837_086088_1_R7_TEST3,27.6690562,27.8600472,27.9450079,fewer_than_3_camera_samples
2026-08-08_163837_086088_1_R7_TEST3__P074,2026-08-08_163837_086088_1_R7_TEST3,27.9450079,28.1361567,28.2206896,fewer_than_3_camera_samples
2026-08-08_163837_086088_1_R7_TEST3__P076,2026-08-08_163837_086088_1_R7_TEST3,28.58912,28.6831468,28.8639034,fewer_than_3_camera_samples
2026-08-08_163837_086088_1_R7_TEST3__P077,2026-08-08_163837_086088_1_R7_TEST3,28.8639034,28.9605561,29.1398624,fewer_than_3_camera_samples
2026-08-08_163837_086088_1_R7_TEST3__P078,2026-08-08_163837_086088_1_R7_TEST3,29.1398624,29.3234813,29.4154224,fewer_than_3_camera_samples
2026-08-08_163837_086088_1_R7_TEST3__P080,2026-08-08_163837_086088_1_R7_TEST3,29.7964824,29.9668062,30.0593537,fewer_than_3_camera_samples
2026-08-08_163837_086088_1_R7_TEST3__P082,2026-08-08_163837_086088_1_R7_TEST3,30.4285387,30.6123202,30.7940893,fewer_than_3_camera_samples
2026-08-08_163837_086088_1_R7_TEST3__P084,2026-08-08_163837_086088_1_R7_TEST3,31.1634067,31.3456412,31.4376006,fewer_than_3_camera_samples
2026-08-08_163837_086088_1_R7_TEST3__P087,2026-08-08_163837_086088_1_R7_TEST3,32.1753605,32.3595862,32.5500162,fewer_than_3_camera_samples
2026-08-08_163837_086088_1_R7_TEST3__P090,2026-08-08_163837_086088_1_R7_TEST3,33.2755808,33.3674905,33.5578186,fewer_than_3_camera_samples
2026-08-08_163837_086088_1_R7_TEST3__P093,2026-08-08_163837_086088_1_R7_TEST3,34.2956633,34.4704742,34.6619151,fewer_than_3_camera_samples
2026-08-08_163837_086088_1_R7_TEST3__P097,2026-08-08_163837_086088_1_R7_TEST3,35.7588727,35.9409206,36.1245247,fewer_than_3_camera_samples
2026-08-08_163837_086088_1_R7_TEST3__P100,2026-08-08_163837_086088_1_R7_TEST3,36.8614207,37.0526488,37.2276634,fewer_than_3_camera_samples
2026-08-08_163931_866280_1_R7_TEST4__P004,2026-08-08_163931_866280_1_R7_TEST4,3.2172808,3.3908331,3.5669609,fewer_than_3_camera_samples
2026-08-08_163931_866280_1_R7_TEST4__P007,2026-08-08_163931_866280_1_R7_TEST4,4.4035731,4.5779893,4.7703673,fewer_than_3_camera_samples
2026-08-08_163931_866280_1_R7_TEST4__P009,2026-08-08_163931_866280_1_R7_TEST4,5.2235378,5.4050125,5.5931182,fewer_than_3_camera_samples
2026-08-08_163931_866280_1_R7_TEST4__P018,2026-08-08_163931_866280_1_R7_TEST4,9.0821973,9.2650639,9.4487853,fewer_than_3_camera_samples
2026-08-08_163931_866280_1_R7_TEST4__P021,2026-08-08_163931_866280_1_R7_TEST4,10.2984034,10.4675057,10.5537937,fewer_than_3_camera_samples
2026-08-08_163931_866280_1_R7_TEST4__P022,2026-08-08_163931_866280_1_R7_TEST4,10.5537937,10.8359988,10.9234427,fewer_than_3_camera_samples
2026-08-08_163931_866280_1_R7_TEST4__P025,2026-08-08_163931_866280_1_R7_TEST4,11.6549431,11.7483684,11.9429237,fewer_than_3_camera_samples
2026-08-08_163931_866280_1_R7_TEST4__P026,2026-08-08_163931_866280_1_R7_TEST4,11.9429237,12.1213829,12.2061727,fewer_than_3_camera_samples
2026-08-08_163931_866280_1_R7_TEST4__P029,2026-08-08_163931_866280_1_R7_TEST4,12.9425817,13.1252771,13.2191496,fewer_than_3_camera_samples
2026-08-08_163931_866280_1_R7_TEST4__P034,2026-08-08_163931_866280_1_R7_TEST4,14.8728854,15.0569038,15.1473804,fewer_than_3_camera_samples
2026-08-08_163931_866280_1_R7_TEST4__P037,2026-08-08_163931_866280_1_R7_TEST4,15.8850669,16.0662357,16.250195,fewer_than_3_camera_samples
2026-08-08_163931_866280_1_R7_TEST4__P042,2026-08-08_163931_866280_1_R7_TEST4,17.8156406,17.9044232,18.0882981,fewer_than_3_camera_samples
2026-08-08_163931_866280_1_R7_TEST4__P045,2026-08-08_163931_866280_1_R7_TEST4,18.8247895,19.0074414,19.1050615,fewer_than_3_camera_samples
2026-08-08_163931_866280_1_R7_TEST4__P047,2026-08-08_163931_866280_1_R7_TEST4,19.4668991,19.652537,19.8352238,fewer_than_3_camera_samples
2026-08-08_163931_866280_1_R7_TEST4__P053,2026-08-08_163931_866280_1_R7_TEST4,21.7662284,21.9512644,22.1344438,fewer_than_3_camera_samples
2026-08-08_163931_866280_1_R7_TEST4__P056,2026-08-08_163931_866280_1_R7_TEST4,22.969842,23.1436452,23.3348838,fewer_than_3_camera_samples
2026-08-08_163931_866280_1_R7_TEST4__P059,2026-08-08_163931_866280_1_R7_TEST4,24.1685752,24.3383126,24.5245171,fewer_than_3_camera_samples
2026-08-08_163931_866280_1_R7_TEST4__P063,2026-08-08_163931_866280_1_R7_TEST4,25.6250778,25.8089566,25.9939227,fewer_than_3_camera_samples
2026-08-08_163931_866280_1_R7_TEST4__P065,2026-08-08_163931_866280_1_R7_TEST4,26.3642889,26.4521269,26.6360733,fewer_than_3_camera_samples
2026-08-08_163931_866280_1_R7_TEST4__P068,2026-08-08_163931_866280_1_R7_TEST4,27.472955,27.6479935,27.8307834,fewer_than_3_camera_samples
2026-08-08_163931_866280_1_R7_TEST4__P071,2026-08-08_163931_866280_1_R7_TEST4,28.5684992,28.7499703,28.9375429,fewer_than_3_camera_samples
2026-08-08_163931_866280_1_R7_TEST4__P075,2026-08-08_163931_866280_1_R7_TEST4,30.1389831,30.3129246,30.496007,fewer_than_3_camera_samples
2026-08-08_163931_866280_1_R7_TEST4__P077,2026-08-08_163931_866280_1_R7_TEST4,30.8649662,30.9564043,31.1395145,fewer_than_3_camera_samples
2026-08-08_163931_866280_1_R7_TEST4__P078,2026-08-08_163931_866280_1_R7_TEST4,31.1395145,31.233993,31.4152074,fewer_than_3_camera_samples
2026-08-08_163931_866280_1_R7_TEST4__P079,2026-08-08_163931_866280_1_R7_TEST4,31.4152074,31.5991208,31.6908312,fewer_than_3_camera_samples
2026-08-08_163931_866280_1_R7_TEST4__P081,2026-08-08_163931_866280_1_R7_TEST4,32.0584056,32.1532555,32.3434662,fewer_than_3_camera_samples
2026-08-08_163931_866280_1_R7_TEST4__P082,2026-08-08_163931_866280_1_R7_TEST4,32.3434662,32.4332682,32.6100604,fewer_than_3_camera_samples
2026-08-08_163931_866280_1_R7_TEST4__P083,2026-08-08_163931_866280_1_R7_TEST4,32.6100604,32.7935641,32.8854165,fewer_than_3_camera_samples
2026-08-08_163931_866280_1_R7_TEST4__P084,2026-08-08_163931_866280_1_R7_TEST4,32.8854165,33.0693745,33.1611542,fewer_than_3_camera_samples
2026-08-08_163931_866280_1_R7_TEST4__P085,2026-08-08_163931_866280_1_R7_TEST4,33.1611542,33.3479112,33.4460843,fewer_than_3_camera_samples
2026-08-08_163931_866280_1_R7_TEST4__P087,2026-08-08_163931_866280_1_R7_TEST4,33.8047024,33.9948039,34.088993,fewer_than_3_camera_samples
2026-08-08_163931_866280_1_R7_TEST4__P090,2026-08-08_163931_866280_1_R7_TEST4,34.8169859,34.9995172,35.1848691,fewer_than_3_camera_samples
2026-08-08_163931_866280_1_R7_TEST4__P093,2026-08-08_163931_866280_1_R7_TEST4,35.9217114,36.1023546,36.2017318,fewer_than_3_camera_samples
2026-08-08_163931_866280_1_R7_TEST4__P095,2026-08-08_163931_866280_1_R7_TEST4,36.5647836,36.7527516,36.9300639,fewer_than_3_camera_samples
2026-08-08_163931_866280_1_R7_TEST4__P096,2026-08-08_163931_866280_1_R7_TEST4,36.9300639,37.1173327,37.2056746,fewer_than_3_camera_samples
2026-08-08_163931_866280_1_R7_TEST4__P099,2026-08-08_163931_866280_1_R7_TEST4,38.0333644,38.218354,38.4074425,fewer_than_3_camera_samples
2026-08-08_163931_866280_1_R7_TEST4__P100,2026-08-08_163931_866280_1_R7_TEST4,38.4074425,38.4922285,38.6786301,fewer_than_3_camera_samples
2026-08-08_163931_866280_1_R7_TEST4__P102,2026-08-08_163931_866280_1_R7_TEST4,39.0433509,39.2308676,39.3236682,fewer_than_3_camera_samples
2026-08-08_163931_866280_1_R7_TEST4__P106,2026-08-08_163931_866280_1_R7_TEST4,40.4228031,40.6146508,40.7044165,fewer_than_3_camera_samples
2026-08-08_163931_866280_1_R7_TEST4__P107,2026-08-08_163931_866280_1_R7_TEST4,40.7044165,40.8836722,41.0662567,fewer_than_3_camera_samples
2026-08-08_163931_866280_1_R7_TEST4__P110,2026-08-08_163931_866280_1_R7_TEST4,41.8959371,42.0802788,42.269883,fewer_than_3_camera_samples
2026-08-08_164047_397752_1_R7_TEST5__P038,2026-08-08_164047_397752_1_R7_TEST5,20.0242448,20.2106933,20.4027399,fewer_than_3_camera_samples
2026-08-08_164047_397752_1_R7_TEST5__P042,2026-08-08_164047_397752_1_R7_TEST5,21.6073202,21.7715003,21.9591718,fewer_than_3_camera_samples
2026-08-08_164047_397752_1_R7_TEST5__P048,2026-08-08_164047_397752_1_R7_TEST5,23.9149797,24.0670718,24.2652188,fewer_than_3_camera_samples
2026-08-08_164047_397752_1_R7_TEST5__P061,2026-08-08_164047_397752_1_R7_TEST5,29.122078,29.2128844,29.3983298,fewer_than_3_camera_samples
2026-08-08_164047_397752_1_R7_TEST5__P063,2026-08-08_164047_397752_1_R7_TEST5,29.7689563,29.9477021,30.1404539,fewer_than_3_camera_samples
2026-08-08_164047_397752_1_R7_TEST5__P065,2026-08-08_164047_397752_1_R7_TEST5,30.4182059,30.5972296,30.7751616,fewer_than_3_camera_samples
2026-08-08_164047_397752_1_R7_TEST5__P069,2026-08-08_164047_397752_1_R7_TEST5,31.8782017,32.0681742,32.2455608,fewer_than_3_camera_samples
2026-08-08_164047_397752_1_R7_TEST5__P074,2026-08-08_164047_397752_1_R7_TEST5,33.89955,34.0836885,34.2703208,fewer_than_3_camera_samples
2026-08-08_164047_397752_1_R7_TEST5__P077,2026-08-08_164047_397752_1_R7_TEST5,35.0025587,35.0988752,35.2831889,fewer_than_3_camera_samples
2026-08-08_164047_397752_1_R7_TEST5__P078,2026-08-08_164047_397752_1_R7_TEST5,35.2831889,35.4683941,35.5541184,fewer_than_3_camera_samples
2026-08-08_164047_397752_1_R7_TEST5__P079,2026-08-08_164047_397752_1_R7_TEST5,35.5541184,35.7378157,35.8373947,fewer_than_3_camera_samples
2026-08-08_164047_397752_1_R7_TEST5__P081,2026-08-08_164047_397752_1_R7_TEST5,36.2002041,36.3837501,36.4882662,fewer_than_3_camera_samples
2026-08-08_164047_397752_1_R7_TEST5__P083,2026-08-08_164047_397752_1_R7_TEST5,36.8421107,36.9354102,37.1165605,fewer_than_3_camera_samples
2026-08-08_164047_397752_1_R7_TEST5__P084,2026-08-08_164047_397752_1_R7_TEST5,37.1165605,37.208506,37.3950818,fewer_than_3_camera_samples
2026-08-08_164047_397752_1_R7_TEST5__P086,2026-08-08_164047_397752_1_R7_TEST5,37.7603073,37.9437619,38.134314,fewer_than_3_camera_samples
2026-08-08_164047_397752_1_R7_TEST5__P089,2026-08-08_164047_397752_1_R7_TEST5,38.8627755,38.9577479,39.1383917,fewer_than_3_camera_samples
2026-08-08_164047_397752_1_R7_TEST5__P092,2026-08-08_164047_397752_1_R7_TEST5,39.8916903,40.0579233,40.2444489,fewer_than_3_camera_samples
2026-08-08_164047_397752_1_R7_TEST5__P095,2026-08-08_164047_397752_1_R7_TEST5,40.985327,41.1606903,41.2540416,fewer_than_3_camera_samples
2026-08-08_164047_397752_1_R7_TEST5__P096,2026-08-08_164047_397752_1_R7_TEST5,41.2540416,41.4375539,41.6200403,fewer_than_3_camera_samples
2026-08-08_164047_397752_1_R7_TEST5__P099,2026-08-08_164047_397752_1_R7_TEST5,42.3553634,42.5489844,42.6327019,fewer_than_3_camera_samples
2026-08-08_164047_397752_1_R7_TEST5__P102,2026-08-08_164047_397752_1_R7_TEST5,43.3672171,43.5534145,43.7339206,fewer_than_3_camera_samples
2026-08-08_164047_397752_1_R7_TEST5__P103,2026-08-08_164047_397752_1_R7_TEST5,43.7339206,43.8258581,44.0097245,fewer_than_3_camera_samples
2026-08-08_164148_938417_1_R7_TEST6__P002,2026-08-08_164148_938417_1_R7_TEST6,3.7602097,3.9324785,4.12328,fewer_than_3_camera_samples
2026-08-08_164148_938417_1_R7_TEST6__P006,2026-08-08_164148_938417_1_R7_TEST6,5.5116232,5.6795933,5.8677245,fewer_than_3_camera_samples
2026-08-08_164148_938417_1_R7_TEST6__P009,2026-08-08_164148_938417_1_R7_TEST6,6.6968351,6.8798367,6.978643,fewer_than_3_camera_samples
2026-08-08_164148_938417_1_R7_TEST6__P010,2026-08-08_164148_938417_1_R7_TEST6,6.978643,7.1493771,7.3447409,fewer_than_3_camera_samples
2026-08-08_164148_938417_1_R7_TEST6__P015,2026-08-08_164148_938417_1_R7_TEST6,8.8135824,9.0073635,9.1713031,fewer_than_3_camera_samples
2026-08-08_164148_938417_1_R7_TEST6__P022,2026-08-08_164148_938417_1_R7_TEST6,11.5029679,11.6731482,11.8369632,fewer_than_3_camera_samples
2026-08-08_164148_938417_1_R7_TEST6__P023,2026-08-08_164148_938417_1_R7_TEST6,11.8369632,11.9292906,12.1266443,fewer_than_3_camera_samples
2026-08-08_164148_938417_1_R7_TEST6__P026,2026-08-08_164148_938417_1_R7_TEST6,12.8663834,13.0452844,13.1406746,fewer_than_3_camera_samples
2026-08-08_164148_938417_1_R7_TEST6__P028,2026-08-08_164148_938417_1_R7_TEST6,13.4923066,13.6805037,13.7804125,fewer_than_3_camera_samples
2026-08-08_164148_938417_1_R7_TEST6__P030,2026-08-08_164148_938417_1_R7_TEST6,14.1500487,14.3378742,14.5178552,fewer_than_3_camera_samples
2026-08-08_164148_938417_1_R7_TEST6__P031,2026-08-08_164148_938417_1_R7_TEST6,14.5178552,14.6057456,14.7782942,fewer_than_3_camera_samples
2026-08-08_164148_938417_1_R7_TEST6__P032,2026-08-08_164148_938417_1_R7_TEST6,14.7782942,14.9816606,15.0539868,fewer_than_3_camera_samples
2026-08-08_164148_938417_1_R7_TEST6__P033,2026-08-08_164148_938417_1_R7_TEST6,15.0539868,15.2459741,15.3420602,fewer_than_3_camera_samples
2026-08-08_164148_938417_1_R7_TEST6__P036,2026-08-08_164148_938417_1_R7_TEST6,16.069804,16.1625193,16.3498751,fewer_than_3_camera_samples
2026-08-08_164148_938417_1_R7_TEST6__P038,2026-08-08_164148_938417_1_R7_TEST6,16.7252696,16.892106,16.9902113,fewer_than_3_camera_samples
2026-08-08_164148_938417_1_R7_TEST6__P043,2026-08-08_164148_938417_1_R7_TEST6,18.8553439,19.0068521,19.2012228,fewer_than_3_camera_samples
2026-08-08_164148_938417_1_R7_TEST6__P047,2026-08-08_164148_938417_1_R7_TEST6,20.4043052,20.5061447,20.6606286,fewer_than_3_camera_samples
2026-08-08_164148_938417_1_R7_TEST6__P050,2026-08-08_164148_938417_1_R7_TEST6,21.5041672,21.6714716,21.8559293,fewer_than_3_camera_samples
2026-08-08_164148_938417_1_R7_TEST6__P053,2026-08-08_164148_938417_1_R7_TEST6,22.7020777,22.8664579,23.0597287,fewer_than_3_camera_samples
2026-08-08_164148_938417_1_R7_TEST6__P061,2026-08-08_164148_938417_1_R7_TEST6,25.9002514,26.0932115,26.2672558,fewer_than_3_camera_samples
2026-08-08_164148_938417_1_R7_TEST6__P067,2026-08-08_164148_938417_1_R7_TEST6,28.2950955,28.4728878,28.6595147,fewer_than_3_camera_samples
2026-08-08_164148_938417_1_R7_TEST6__P071,2026-08-08_164148_938417_1_R7_TEST6,29.7601973,29.85579,30.0354731,fewer_than_3_camera_samples
2026-08-08_164148_938417_1_R7_TEST6__P072,2026-08-08_164148_938417_1_R7_TEST6,30.0354731,30.2191077,30.3185958,fewer_than_3_camera_samples
2026-08-08_164148_938417_1_R7_TEST6__P073,2026-08-08_164148_938417_1_R7_TEST6,30.3185958,30.5074815,30.6834887,fewer_than_3_camera_samples
2026-08-08_164148_938417_1_R7_TEST6__P082,2026-08-08_164148_938417_1_R7_TEST6,34.1717046,34.2750492,34.4558249,fewer_than_3_camera_samples
2026-08-08_164148_938417_1_R7_TEST6__P084,2026-08-08_164148_938417_1_R7_TEST6,34.8231541,34.9082383,35.0928015,fewer_than_3_camera_samples
2026-08-08_164148_938417_1_R7_TEST6__P085,2026-08-08_164148_938417_1_R7_TEST6,35.0928015,35.2777907,35.4611489,fewer_than_3_camera_samples
2026-08-08_164148_938417_1_R7_TEST6__P086,2026-08-08_164148_938417_1_R7_TEST6,35.4611489,35.5500698,35.7337867,fewer_than_3_camera_samples
2026-08-08_164148_938417_1_R7_TEST6__P088,2026-08-08_164148_938417_1_R7_TEST6,36.0247986,36.1933098,36.385748,fewer_than_3_camera_samples
2026-08-08_164148_938417_1_R7_TEST6__P089,2026-08-08_164148_938417_1_R7_TEST6,36.385748,36.5629194,36.6529907,fewer_than_3_camera_samples
2026-08-08_164148_938417_1_R7_TEST6__P093,2026-08-08_164148_938417_1_R7_TEST6,37.7655778,37.9461293,38.1382021,fewer_than_3_camera_samples
2026-08-08_164148_938417_1_R7_TEST6__P094,2026-08-08_164148_938417_1_R7_TEST6,38.1382021,38.3131782,38.3991325,fewer_than_3_camera_samples
2026-08-08_164148_938417_1_R7_TEST6__P098,2026-08-08_164148_938417_1_R7_TEST6,39.5048207,39.6860318,39.8709315,fewer_than_3_camera_samples
2026-08-08_164148_938417_1_R7_TEST6__P102,2026-08-08_164148_938417_1_R7_TEST6,41.250776,41.3404255,41.5281618,fewer_than_3_camera_samples
2026-08-08_164148_938417_1_R7_TEST6__P104,2026-08-08_164148_938417_1_R7_TEST6,41.8918996,41.987584,42.1724435,fewer_than_3_camera_samples
2026-08-08_164148_938417_1_R7_TEST6__P105,2026-08-08_164148_938417_1_R7_TEST6,42.1724435,42.3515147,42.5441273,fewer_than_3_camera_samples
2026-08-08_164148_938417_1_R7_TEST6__P109,2026-08-08_164148_938417_1_R7_TEST6,43.6445865,43.8250513,44.0091128,fewer_than_3_camera_samples
2026-08-08_164148_938417_1_R7_TEST6__P115,2026-08-08_164148_938417_1_R7_TEST6,46.3050021,46.3988295,46.6749826,fewer_than_3_camera_samples
2026-08-08_171119_484903_1_R7_TEST7__P002,2026-08-08_171119_484903_1_R7_TEST7,2.1462304,2.3123669,2.4125131,fewer_than_3_camera_samples
2026-08-08_171119_484903_1_R7_TEST7__P003,2026-08-08_171119_484903_1_R7_TEST7,2.4125131,2.5834093,2.6865521,fewer_than_3_camera_samples
2026-08-08_171119_484903_1_R7_TEST7__P004,2026-08-08_171119_484903_1_R7_TEST7,2.6865521,2.8625384,3.0349396,fewer_than_3_camera_samples
2026-08-08_171119_484903_1_R7_TEST7__P005,2026-08-08_171119_484903_1_R7_TEST7,3.0349396,3.1398797,3.3108335,fewer_than_3_camera_samples
2026-08-08_171119_484903_1_R7_TEST7__P007,2026-08-08_171119_484903_1_R7_TEST7,3.6007984,3.6780949,3.885538,fewer_than_3_camera_samples
2026-08-08_171119_484903_1_R7_TEST7__P008,2026-08-08_171119_484903_1_R7_TEST7,3.885538,3.9538737,4.1437262,fewer_than_3_camera_samples
2026-08-08_171119_484903_1_R7_TEST7__P009,2026-08-08_171119_484903_1_R7_TEST7,4.1437262,4.2445961,4.4184863,fewer_than_3_camera_samples
2026-08-08_171119_484903_1_R7_TEST7__P010,2026-08-08_171119_484903_1_R7_TEST7,4.4184863,4.5973322,4.7811994,fewer_than_3_camera_samples
2026-08-08_171119_484903_1_R7_TEST7__P012,2026-08-08_171119_484903_1_R7_TEST7,5.1039633,5.1493509,5.3620988,fewer_than_3_camera_samples
2026-08-08_171119_484903_1_R7_TEST7__P013,2026-08-08_171119_484903_1_R7_TEST7,5.3620988,5.4244428,5.5265708,fewer_than_3_camera_samples
2026-08-08_171119_484903_1_R7_TEST7__P015,2026-08-08_171119_484903_1_R7_TEST7,5.9102943,5.9761053,6.0767146,fewer_than_3_camera_samples
2026-08-08_171119_484903_1_R7_TEST7__P016,2026-08-08_171119_484903_1_R7_TEST7,6.0767146,6.2519599,6.3718361,fewer_than_3_camera_samples
2026-08-08_171119_484903_1_R7_TEST7__P018,2026-08-08_171119_484903_1_R7_TEST7,6.7218843,6.8241898,7.0010722,fewer_than_3_camera_samples
2026-08-08_171119_484903_1_R7_TEST7__P019,2026-08-08_171119_484903_1_R7_TEST7,7.0010722,7.1104267,7.2731928,fewer_than_3_camera_samples
2026-08-08_171119_484903_1_R7_TEST7__P020,2026-08-08_171119_484903_1_R7_TEST7,7.2731928,7.3582404,7.4691432,fewer_than_3_camera_samples
2026-08-08_171119_484903_1_R7_TEST7__P021,2026-08-08_171119_484903_1_R7_TEST7,7.4691432,7.6476917,7.7224167,fewer_than_3_camera_samples
2026-08-08_171119_484903_1_R7_TEST7__P023,2026-08-08_171119_484903_1_R7_TEST7,8.0215972,8.1972089,8.3071023,fewer_than_3_camera_samples
2026-08-08_171119_484903_1_R7_TEST7__P024,2026-08-08_171119_484903_1_R7_TEST7,8.3071023,8.3692006,8.5742638,fewer_than_3_camera_samples
2026-08-08_171119_484903_1_R7_TEST7__P025,2026-08-08_171119_484903_1_R7_TEST7,8.5742638,8.6477846,8.8253554,fewer_than_3_camera_samples
2026-08-08_171119_484903_1_R7_TEST7__P026,2026-08-08_171119_484903_1_R7_TEST7,8.8253554,8.9219109,9.1019531,fewer_than_3_camera_samples
2026-08-08_171119_484903_1_R7_TEST7__P027,2026-08-08_171119_484903_1_R7_TEST7,9.1019531,9.202072,9.3983627,fewer_than_3_camera_samples
2026-08-08_171119_484903_1_R7_TEST7__P028,2026-08-08_171119_484903_1_R7_TEST7,9.3983627,9.468831,9.6575679,fewer_than_3_camera_samples
2026-08-08_171119_484903_1_R7_TEST7__P029,2026-08-08_171119_484903_1_R7_TEST7,9.6575679,9.7610703,9.9491368,fewer_than_3_camera_samples
2026-08-08_171119_484903_1_R7_TEST7__P030,2026-08-08_171119_484903_1_R7_TEST7,9.9491368,10.0232916,10.118805,fewer_than_3_camera_samples
2026-08-08_171119_484903_1_R7_TEST7__P032,2026-08-08_171119_484903_1_R7_TEST7,10.4133323,10.5811851,10.6768904,fewer_than_3_camera_samples
2026-08-08_171119_484903_1_R7_TEST7__P033,2026-08-08_171119_484903_1_R7_TEST7,10.6768904,10.8615103,10.9542513,fewer_than_3_camera_samples
2026-08-08_171119_484903_1_R7_TEST7__P034,2026-08-08_171119_484903_1_R7_TEST7,10.9542513,11.1231622,11.2196621,fewer_than_3_camera_samples
2026-08-08_171119_484903_1_R7_TEST7__P035,2026-08-08_171119_484903_1_R7_TEST7,11.2196621,11.4067589,11.5017305,fewer_than_3_camera_samples
2026-08-08_171119_484903_1_R7_TEST7__P036,2026-08-08_171119_484903_1_R7_TEST7,11.5017305,11.5970919,11.7880423,fewer_than_3_camera_samples
2026-08-08_171119_484903_1_R7_TEST7__P037,2026-08-08_171119_484903_1_R7_TEST7,11.7880423,11.8876047,11.9502624,fewer_than_3_camera_samples
2026-08-08_171119_484903_1_R7_TEST7__P038,2026-08-08_171119_484903_1_R7_TEST7,11.9502624,12.1532638,12.2438282,fewer_than_3_camera_samples
2026-08-08_171119_484903_1_R7_TEST7__P039,2026-08-08_171119_484903_1_R7_TEST7,12.2438282,12.3371492,12.5021399,fewer_than_3_camera_samples
2026-08-08_171119_484903_1_R7_TEST7__P040,2026-08-08_171119_484903_1_R7_TEST7,12.5021399,12.6057824,12.7990688,fewer_than_3_camera_samples
2026-08-08_171119_484903_1_R7_TEST7__P041,2026-08-08_171119_484903_1_R7_TEST7,12.7990688,12.8695256,12.9725328,fewer_than_3_camera_samples
2026-08-08_171119_484903_1_R7_TEST7__P042,2026-08-08_171119_484903_1_R7_TEST7,12.9725328,13.1612398,13.2551012,fewer_than_3_camera_samples
2026-08-08_171119_484903_1_R7_TEST7__P043,2026-08-08_171119_484903_1_R7_TEST7,13.2551012,13.3540461,13.5177122,fewer_than_3_camera_samples
2026-08-08_171119_484903_1_R7_TEST7__P044,2026-08-08_171119_484903_1_R7_TEST7,13.5177122,13.6114589,13.8000007,fewer_than_3_camera_samples
2026-08-08_171119_484903_1_R7_TEST7__P045,2026-08-08_171119_484903_1_R7_TEST7,13.8000007,13.9764498,14.0689543,fewer_than_3_camera_samples
2026-08-08_171119_484903_1_R7_TEST7__P046,2026-08-08_171119_484903_1_R7_TEST7,14.0689543,14.1693808,14.3659938,fewer_than_3_camera_samples
2026-08-08_171119_484903_1_R7_TEST7__P047,2026-08-08_171119_484903_1_R7_TEST7,14.3659938,14.4319857,14.6293308,fewer_than_3_camera_samples
2026-08-08_171119_484903_1_R7_TEST7__P048,2026-08-08_171119_484903_1_R7_TEST7,14.6293308,14.7229291,14.9150396,fewer_than_3_camera_samples
2026-08-08_171119_484903_1_R7_TEST7__P049,2026-08-08_171119_484903_1_R7_TEST7,14.9150396,14.9836649,15.1685082,fewer_than_3_camera_samples
2026-08-08_171119_484903_1_R7_TEST7__P050,2026-08-08_171119_484903_1_R7_TEST7,15.1685082,15.2593106,15.3563749,fewer_than_3_camera_samples
2026-08-08_171119_484903_1_R7_TEST7__P051,2026-08-08_171119_484903_1_R7_TEST7,15.3563749,15.5486146,15.6448888,fewer_than_3_camera_samples
2026-08-08_171119_484903_1_R7_TEST7__P052,2026-08-08_171119_484903_1_R7_TEST7,15.6448888,15.7413382,15.9102437,fewer_than_3_camera_samples
2026-08-08_171119_484903_1_R7_TEST7__P053,2026-08-08_171119_484903_1_R7_TEST7,15.9102437,16.0116989,16.1989824,fewer_than_3_camera_samples
2026-08-08_171119_484903_1_R7_TEST7__P054,2026-08-08_171119_484903_1_R7_TEST7,16.1989824,16.2705214,16.3676841,fewer_than_3_camera_samples
2026-08-08_175002_082760_1_R7_TEST1_v2__P003,2026-08-08_175002_082760_1_R7_TEST1_v2,2.544673,2.7268079,2.9110228,fewer_than_3_camera_samples
2026-08-08_175002_082760_1_R7_TEST1_v2__P004,2026-08-08_175002_082760_1_R7_TEST1_v2,2.9110228,3.0026044,3.1864956,fewer_than_3_camera_samples
2026-08-08_175002_082760_1_R7_TEST1_v2__P005,2026-08-08_175002_082760_1_R7_TEST1_v2,3.1864956,3.2785289,3.4621247,fewer_than_3_camera_samples
2026-08-08_175002_082760_1_R7_TEST1_v2__P007,2026-08-08_175002_082760_1_R7_TEST1_v2,3.7380452,3.9223054,4.0170542,fewer_than_3_camera_samples
2026-08-08_175002_082760_1_R7_TEST1_v2__P008,2026-08-08_175002_082760_1_R7_TEST1_v2,4.0170542,4.1974975,4.2958749,fewer_than_3_camera_samples
2026-08-08_175002_082760_1_R7_TEST1_v2__P009,2026-08-08_175002_082760_1_R7_TEST1_v2,4.2958749,4.4732491,4.5649096,fewer_than_3_camera_samples
2026-08-08_175002_082760_1_R7_TEST1_v2__P010,2026-08-08_175002_082760_1_R7_TEST1_v2,4.5649096,4.7489649,4.8407036,fewer_than_3_camera_samples
2026-08-08_175002_082760_1_R7_TEST1_v2__P011,2026-08-08_175002_082760_1_R7_TEST1_v2,4.8407036,5.0246106,5.116323,fewer_than_3_camera_samples
2026-08-08_175002_082760_1_R7_TEST1_v2__P013,2026-08-08_175002_082760_1_R7_TEST1_v2,5.4864252,5.5760064,5.76355,fewer_than_3_camera_samples
2026-08-08_175002_082760_1_R7_TEST1_v2__P014,2026-08-08_175002_082760_1_R7_TEST1_v2,5.76355,5.9437639,6.0410482,fewer_than_3_camera_samples
2026-08-08_175002_082760_1_R7_TEST1_v2__P015,2026-08-08_175002_082760_1_R7_TEST1_v2,6.0410482,6.1273963,6.3159651,fewer_than_3_camera_samples
2026-08-08_175002_082760_1_R7_TEST1_v2__P016,2026-08-08_175002_082760_1_R7_TEST1_v2,6.3159651,6.4087752,6.5868438,fewer_than_3_camera_samples
2026-08-08_175002_082760_1_R7_TEST1_v2__P017,2026-08-08_175002_082760_1_R7_TEST1_v2,6.5868438,6.7709095,6.8625126,fewer_than_3_camera_samples
2026-08-08_175002_082760_1_R7_TEST1_v2__P018,2026-08-08_175002_082760_1_R7_TEST1_v2,6.8625126,7.0492545,7.138518,fewer_than_3_camera_samples
2026-08-08_175002_082760_1_R7_TEST1_v2__P019,2026-08-08_175002_082760_1_R7_TEST1_v2,7.138518,7.3223998,7.4142764,fewer_than_3_camera_samples
2026-08-08_175002_082760_1_R7_TEST1_v2__P020,2026-08-08_175002_082760_1_R7_TEST1_v2,7.4142764,7.5978364,7.7008225,fewer_than_3_camera_samples
2026-08-08_175002_082760_1_R7_TEST1_v2__P021,2026-08-08_175002_082760_1_R7_TEST1_v2,7.7008225,7.8736011,7.9654457,fewer_than_3_camera_samples
2026-08-08_175002_082760_1_R7_TEST1_v2__P022,2026-08-08_175002_082760_1_R7_TEST1_v2,7.9654457,8.1559514,8.2425112,fewer_than_3_camera_samples
2026-08-08_175002_082760_1_R7_TEST1_v2__P023,2026-08-08_175002_082760_1_R7_TEST1_v2,8.2425112,8.4312379,8.5169579,fewer_than_3_camera_samples
2026-08-08_175002_082760_1_R7_TEST1_v2__P024,2026-08-08_175002_082760_1_R7_TEST1_v2,8.5169579,8.7077453,8.7927123,fewer_than_3_camera_samples
2026-08-08_175002_082760_1_R7_TEST1_v2__P025,2026-08-08_175002_082760_1_R7_TEST1_v2,8.7927123,8.9773425,9.0682599,fewer_than_3_camera_samples
2026-08-08_175002_082760_1_R7_TEST1_v2__P027,2026-08-08_175002_082760_1_R7_TEST1_v2,9.3445667,9.5279724,9.6232514,fewer_than_3_camera_samples
2026-08-08_175002_082760_1_R7_TEST1_v2__P028,2026-08-08_175002_082760_1_R7_TEST1_v2,9.6232514,9.8034553,9.9033533,fewer_than_3_camera_samples
2026-08-08_175002_082760_1_R7_TEST1_v2__P029,2026-08-08_175002_082760_1_R7_TEST1_v2,9.9033533,9.9906396,10.174059,fewer_than_3_camera_samples
2026-08-08_175002_082760_1_R7_TEST1_v2__P030,2026-08-08_175002_082760_1_R7_TEST1_v2,10.174059,10.2632427,10.4496542,fewer_than_3_camera_samples
2026-08-08_175002_082760_1_R7_TEST1_v2__P031,2026-08-08_175002_082760_1_R7_TEST1_v2,10.4496542,10.5518646,10.6307829,fewer_than_3_camera_samples
2026-08-08_175002_082760_1_R7_TEST1_v2__P033,2026-08-08_175002_082760_1_R7_TEST1_v2,11.0019547,11.0912561,11.2740594,fewer_than_3_camera_samples
2026-08-08_175002_082760_1_R7_TEST1_v2__P034,2026-08-08_175002_082760_1_R7_TEST1_v2,11.2740594,11.3680755,11.4578706,fewer_than_3_camera_samples
2026-08-08_175002_082760_1_R7_TEST1_v2__P035,2026-08-08_175002_082760_1_R7_TEST1_v2,11.4578706,11.6506703,11.7335269,fewer_than_3_camera_samples
2026-08-08_175002_082760_1_R7_TEST1_v2__P037,2026-08-08_175002_082760_1_R7_TEST1_v2,12.0102298,12.1928578,12.289477,fewer_than_3_camera_samples
2026-08-08_175002_082760_1_R7_TEST1_v2__P038,2026-08-08_175002_082760_1_R7_TEST1_v2,12.289477,12.4687511,12.5648297,fewer_than_3_camera_samples
2026-08-08_175002_082760_1_R7_TEST1_v2__P039,2026-08-08_175002_082760_1_R7_TEST1_v2,12.5648297,12.7445901,12.844759,fewer_than_3_camera_samples
2026-08-08_175002_082760_1_R7_TEST1_v2__P040,2026-08-08_175002_082760_1_R7_TEST1_v2,12.844759,13.0202609,13.1119595,fewer_than_3_camera_samples
2026-08-08_175002_082760_1_R7_TEST1_v2__P041,2026-08-08_175002_082760_1_R7_TEST1_v2,13.1119595,13.2958908,13.3876723,fewer_than_3_camera_samples
2026-08-08_175002_082760_1_R7_TEST1_v2__P042,2026-08-08_175002_082760_1_R7_TEST1_v2,13.3876723,13.5715915,13.6635039,fewer_than_3_camera_samples
2026-08-08_175002_082760_1_R7_TEST1_v2__P043,2026-08-08_175002_082760_1_R7_TEST1_v2,13.6635039,13.8472757,13.9392153,fewer_than_3_camera_samples
2026-08-08_175002_082760_1_R7_TEST1_v2__P044,2026-08-08_175002_082760_1_R7_TEST1_v2,13.9392153,14.0333615,14.2150367,fewer_than_3_camera_samples
2026-08-08_175002_082760_1_R7_TEST1_v2__P045,2026-08-08_175002_082760_1_R7_TEST1_v2,14.2150367,14.3086268,14.4905687,fewer_than_3_camera_samples
2026-08-08_175002_082760_1_R7_TEST1_v2__P046,2026-08-08_175002_082760_1_R7_TEST1_v2,14.4905687,14.5843469,14.6752648,fewer_than_3_camera_samples
2026-08-08_175002_082760_1_R7_TEST1_v2__P048,2026-08-08_175002_082760_1_R7_TEST1_v2,15.2334436,15.3176716,15.4097118,fewer_than_3_camera_samples
2026-08-08_175002_082760_1_R7_TEST1_v2__P049,2026-08-08_175002_082760_1_R7_TEST1_v2,15.4097118,15.5936438,15.7035286,fewer_than_3_camera_samples
2026-08-08_175002_082760_1_R7_TEST1_v2__P050,2026-08-08_175002_082760_1_R7_TEST1_v2,15.7035286,15.7779564,15.9611464,fewer_than_3_camera_samples
2026-08-08_175002_082760_1_R7_TEST1_v2__P051,2026-08-08_175002_082760_1_R7_TEST1_v2,15.9611464,16.05287,16.1449297,fewer_than_3_camera_samples
2026-08-08_175002_082760_1_R7_TEST1_v2__P052,2026-08-08_175002_082760_1_R7_TEST1_v2,16.1449297,16.3285719,16.4242048,fewer_than_3_camera_samples
2026-08-08_175002_082760_1_R7_TEST1_v2__P053,2026-08-08_175002_082760_1_R7_TEST1_v2,16.4242048,16.6043244,16.7077369,fewer_than_3_camera_samples
2026-08-08_175002_082760_1_R7_TEST1_v2__P054,2026-08-08_175002_082760_1_R7_TEST1_v2,16.7077369,16.797263,16.8801637,fewer_than_3_camera_samples
2026-08-08_175002_082760_1_R7_TEST1_v2__P055,2026-08-08_175002_082760_1_R7_TEST1_v2,16.8801637,17.0638629,17.1558612,fewer_than_3_camera_samples
2026-08-08_175002_082760_1_R7_TEST1_v2__P056,2026-08-08_175002_082760_1_R7_TEST1_v2,17.1558612,17.2502475,17.4315843,fewer_than_3_camera_samples
2026-08-08_175002_082760_1_R7_TEST1_v2__P057,2026-08-08_175002_082760_1_R7_TEST1_v2,17.4315843,17.5232254,17.6152681,fewer_than_3_camera_samples
2026-08-08_175002_082760_1_R7_TEST1_v2__P059,2026-08-08_175002_082760_1_R7_TEST1_v2,17.8995318,17.98354,18.1687361,fewer_than_3_camera_samples
2026-08-08_175002_082760_1_R7_TEST1_v2__P060,2026-08-08_175002_082760_1_R7_TEST1_v2,18.1687361,18.2588032,18.3505514,fewer_than_3_camera_samples
2026-08-08_175002_082760_1_R7_TEST1_v2__P061,2026-08-08_175002_082760_1_R7_TEST1_v2,18.3505514,18.5389485,18.6262635,fewer_than_3_camera_samples
2026-08-08_175002_082760_1_R7_TEST1_v2__P063,2026-08-08_175002_082760_1_R7_TEST1_v2,19.0984585,19.1777922,19.3694143,fewer_than_3_camera_samples
2026-08-08_175002_082760_1_R7_TEST1_v2__P064,2026-08-08_175002_082760_1_R7_TEST1_v2,19.3694143,19.4533404,19.5454774,fewer_than_3_camera_samples
2026-08-08_175002_082760_1_R7_TEST1_v2__P065,2026-08-08_175002_082760_1_R7_TEST1_v2,19.5454774,19.6414469,19.8211178,fewer_than_3_camera_samples
2026-08-08_175002_082760_1_R7_TEST1_v2__P066,2026-08-08_175002_082760_1_R7_TEST1_v2,19.8211178,19.916969,20.004895,fewer_than_3_camera_samples
2026-08-08_175002_082760_1_R7_TEST1_v2__P068,2026-08-08_175002_082760_1_R7_TEST1_v2,20.2945867,20.3723338,20.464057,fewer_than_3_camera_samples
2026-08-08_175002_082760_1_R7_TEST1_v2__P069,2026-08-08_175002_082760_1_R7_TEST1_v2,20.464057,20.6483117,20.7398567,fewer_than_3_camera_samples
2026-08-08_175002_082760_1_R7_TEST1_v2__P070,2026-08-08_175002_082760_1_R7_TEST1_v2,20.7398567,20.8343772,21.0158811,fewer_than_3_camera_samples
2026-08-08_175002_082760_1_R7_TEST1_v2__P072,2026-08-08_175002_082760_1_R7_TEST1_v2,21.4788629,21.5670977,21.6638054,fewer_than_3_camera_samples
2026-08-08_175002_082760_1_R7_TEST1_v2__P073,2026-08-08_175002_082760_1_R7_TEST1_v2,21.6638054,21.8428461,21.9347265,fewer_than_3_camera_samples
2026-08-08_175002_082760_1_R7_TEST1_v2__P074,2026-08-08_175002_082760_1_R7_TEST1_v2,21.9347265,22.0284619,22.2104769,fewer_than_3_camera_samples
2026-08-08_175002_082760_1_R7_TEST1_v2__P075,2026-08-08_175002_082760_1_R7_TEST1_v2,22.2104769,22.3023964,22.3944963,fewer_than_3_camera_samples
2026-08-08_175002_082760_1_R7_TEST1_v2__P076,2026-08-08_175002_082760_1_R7_TEST1_v2,22.3944963,22.4861806,22.6700751,fewer_than_3_camera_samples
2026-08-08_175002_082760_1_R7_TEST1_v2__P078,2026-08-08_175002_082760_1_R7_TEST1_v2,23.1293264,23.3131676,23.4052103,fewer_than_3_camera_samples
2026-08-08_175002_082760_1_R7_TEST1_v2__P079,2026-08-08_175002_082760_1_R7_TEST1_v2,23.4052103,23.5021825,23.6808205,fewer_than_3_camera_samples
2026-08-08_175002_082760_1_R7_TEST1_v2__P080,2026-08-08_175002_082760_1_R7_TEST1_v2,23.6808205,23.7783994,23.9565743,fewer_than_3_camera_samples
2026-08-08_145956_684487_1_R8_TEST1__P061,2026-08-08_145956_684487_1_R8_TEST1,40.4476459,40.6300128,40.813615,fewer_than_3_camera_samples
2026-08-08_145956_684487_1_R8_TEST1__P081,2026-08-08_145956_684487_1_R8_TEST1,50.4562885,50.6392251,50.8227603,fewer_than_3_camera_samples
2026-08-08_145956_684487_1_R8_TEST1__P099,2026-08-08_145956_684487_1_R8_TEST1,59.3640686,59.5463675,59.7300652,fewer_than_3_camera_samples
2026-08-08_145956_684487_1_R8_TEST1__P115,2026-08-08_145956_684487_1_R8_TEST1,66.9848464,67.1684088,67.3524214,fewer_than_3_camera_samples
2026-08-08_145956_684487_1_R8_TEST1__P168,2026-08-08_145956_684487_1_R8_TEST1,98.2069786,98.3903218,98.5737976,fewer_than_3_camera_samples
2026-08-08_164447_078602_1_R8_TEST2__P027,2026-08-08_164447_078602_1_R8_TEST2,16.2623486,16.4459573,16.629718,fewer_than_3_camera_samples
2026-08-08_164447_078602_1_R8_TEST2__P037,2026-08-08_164447_078602_1_R8_TEST2,22.1461147,22.3281069,22.4241623,fewer_than_3_camera_samples
2026-08-08_164447_078602_1_R8_TEST2__P039,2026-08-08_164447_078602_1_R8_TEST2,22.7996926,22.9772917,23.165992,fewer_than_3_camera_samples
2026-08-08_164447_078602_1_R8_TEST2__P050,2026-08-08_164447_078602_1_R8_TEST2,27.475358,27.661504,27.8427786,fewer_than_3_camera_samples
2026-08-08_164447_078602_1_R8_TEST2__P059,2026-08-08_164447_078602_1_R8_TEST2,31.6200688,31.7951893,31.9847779,fewer_than_3_camera_samples
2026-08-08_164447_078602_1_R8_TEST2__P075,2026-08-08_164447_078602_1_R8_TEST2,38.6924939,38.8724124,39.0609016,fewer_than_3_camera_samples
2026-08-08_164447_078602_1_R8_TEST2__P078,2026-08-08_164447_078602_1_R8_TEST2,39.89422,40.0704569,40.2604317,fewer_than_3_camera_samples
2026-08-08_164447_078602_1_R8_TEST2__P082,2026-08-08_164447_078602_1_R8_TEST2,41.3633365,41.5376206,41.721569,fewer_than_3_camera_samples
2026-08-08_164447_078602_1_R8_TEST2__P086,2026-08-08_164447_078602_1_R8_TEST2,42.8268488,43.0109179,43.208249,fewer_than_3_camera_samples
2026-08-08_164447_078602_1_R8_TEST2__P092,2026-08-08_164447_078602_1_R8_TEST2,45.2214488,45.4063199,45.5815245,fewer_than_3_camera_samples
2026-08-08_164447_078602_1_R8_TEST2__P097,2026-08-08_164447_078602_1_R8_TEST2,47.156166,47.2433452,47.4228511,fewer_than_3_camera_samples
2026-08-08_164447_078602_1_R8_TEST2__P099,2026-08-08_164447_078602_1_R8_TEST2,47.7933574,47.880341,48.0713683,fewer_than_3_camera_samples
2026-08-08_164447_078602_1_R8_TEST2__P101,2026-08-08_164447_078602_1_R8_TEST2,48.528773,48.6176754,48.7994915,fewer_than_3_camera_samples
2026-08-08_164447_078602_1_R8_TEST2__P105,2026-08-08_164447_078602_1_R8_TEST2,49.9044017,50.0868961,50.2812328,fewer_than_3_camera_samples
2026-08-08_164447_078602_1_R8_TEST2__P107,2026-08-08_164447_078602_1_R8_TEST2,50.6368891,50.8205675,50.9126359,fewer_than_3_camera_samples
2026-08-08_164447_078602_1_R8_TEST2__P108,2026-08-08_164447_078602_1_R8_TEST2,50.9126359,51.0975421,51.2016745,fewer_than_3_camera_samples
2026-08-08_164447_078602_1_R8_TEST2__P112,2026-08-08_164447_078602_1_R8_TEST2,52.2962284,52.475074,52.6637186,fewer_than_3_camera_samples
2026-08-08_164447_078602_1_R8_TEST2__P114,2026-08-08_164447_078602_1_R8_TEST2,52.9506376,53.1232431,53.3102252,fewer_than_3_camera_samples
2026-08-08_164447_078602_1_R8_TEST2__P116,2026-08-08_164447_078602_1_R8_TEST2,53.6713145,53.7631852,53.9471636,fewer_than_3_camera_samples
2026-08-08_164447_078602_1_R8_TEST2__P117,2026-08-08_164447_078602_1_R8_TEST2,53.9471636,54.1294981,54.2210352,fewer_than_3_camera_samples
2026-08-08_164447_078602_1_R8_TEST2__P120,2026-08-08_164447_078602_1_R8_TEST2,54.956868,55.0533431,55.2354651,fewer_than_3_camera_samples
2026-08-08_164447_078602_1_R8_TEST2__P121,2026-08-08_164447_078602_1_R8_TEST2,55.2354651,55.4159564,55.5998002,fewer_than_3_camera_samples
2026-08-08_164447_078602_1_R8_TEST2__P125,2026-08-08_164447_078602_1_R8_TEST2,56.7119314,56.8867496,57.0702719,fewer_than_3_camera_samples
2026-08-08_164601_437352_1_R8_TEST3__P006,2026-08-08_164601_437352_1_R8_TEST3,4.1646288,4.3499555,4.5136173,fewer_than_3_camera_samples
2026-08-08_164601_437352_1_R8_TEST3__P008,2026-08-08_164601_437352_1_R8_TEST3,4.8094213,4.9729539,5.1623264,fewer_than_3_camera_samples
2026-08-08_164601_437352_1_R8_TEST3__P010,2026-08-08_164601_437352_1_R8_TEST3,5.5244069,5.716479,5.8056779,fewer_than_3_camera_samples
2026-08-08_164601_437352_1_R8_TEST3__P013,2026-08-08_164601_437352_1_R8_TEST3,6.5516192,6.6490461,6.8205345,fewer_than_3_camera_samples
2026-08-08_164601_437352_1_R8_TEST3__P014,2026-08-08_164601_437352_1_R8_TEST3,6.8205345,7.0096615,7.1788522,fewer_than_3_camera_samples
2026-08-08_164601_437352_1_R8_TEST3__P015,2026-08-08_164601_437352_1_R8_TEST3,7.1788522,7.2706096,7.4652834,fewer_than_3_camera_samples
2026-08-08_164601_437352_1_R8_TEST3__P017,2026-08-08_164601_437352_1_R8_TEST3,7.7302849,7.9232508,8.0195218,fewer_than_3_camera_samples
2026-08-08_164601_437352_1_R8_TEST3__P021,2026-08-08_164601_437352_1_R8_TEST3,9.1199834,9.3301407,9.3859626,fewer_than_3_camera_samples
2026-08-08_164601_437352_1_R8_TEST3__P024,2026-08-08_164601_437352_1_R8_TEST3,10.1375757,10.3196405,10.4875386,fewer_than_3_camera_samples
2026-08-08_164601_437352_1_R8_TEST3__P025,2026-08-08_164601_437352_1_R8_TEST3,10.4875386,10.6817336,10.7807306,fewer_than_3_camera_samples
2026-08-08_164601_437352_1_R8_TEST3__P027,2026-08-08_164601_437352_1_R8_TEST3,11.1543337,11.3253368,11.4130664,fewer_than_3_camera_samples
2026-08-08_164601_437352_1_R8_TEST3__P029,2026-08-08_164601_437352_1_R8_TEST3,11.7817593,11.972274,12.1422022,fewer_than_3_camera_samples
2026-08-08_164601_437352_1_R8_TEST3__P032,2026-08-08_164601_437352_1_R8_TEST3,12.8011443,12.9771552,13.1584565,fewer_than_3_camera_samples
2026-08-08_164601_437352_1_R8_TEST3__P034,2026-08-08_164601_437352_1_R8_TEST3,13.5206238,13.6195524,13.7963223,fewer_than_3_camera_samples
2026-08-08_164601_437352_1_R8_TEST3__P035,2026-08-08_164601_437352_1_R8_TEST3,13.7963223,13.9825946,14.0719909,fewer_than_3_camera_samples
2026-08-08_164601_437352_1_R8_TEST3__P037,2026-08-08_164601_437352_1_R8_TEST3,14.444602,14.6319661,14.7170794,fewer_than_3_camera_samples
2026-08-08_164601_437352_1_R8_TEST3__P038,2026-08-08_164601_437352_1_R8_TEST3,14.7170794,14.8995945,14.9952239,fewer_than_3_camera_samples
2026-08-08_164601_437352_1_R8_TEST3__P040,2026-08-08_164601_437352_1_R8_TEST3,15.3686843,15.553332,15.7352598,fewer_than_3_camera_samples
2026-08-08_164601_437352_1_R8_TEST3__P043,2026-08-08_164601_437352_1_R8_TEST3,16.5604627,16.7374893,16.932676,fewer_than_3_camera_samples
2026-08-08_164601_437352_1_R8_TEST3__P046,2026-08-08_164601_437352_1_R8_TEST3,17.7494294,17.932081,18.0316106,fewer_than_3_camera_samples
2026-08-08_164601_437352_1_R8_TEST3__P048,2026-08-08_164601_437352_1_R8_TEST3,18.4027495,18.5788719,18.7633523,fewer_than_3_camera_samples
2026-08-08_164601_437352_1_R8_TEST3__P050,2026-08-08_164601_437352_1_R8_TEST3,19.1323803,19.3150438,19.4042971,fewer_than_3_camera_samples
2026-08-08_164601_437352_1_R8_TEST3__P052,2026-08-08_164601_437352_1_R8_TEST3,19.7737024,19.8623451,20.0485406,fewer_than_3_camera_samples
2026-08-08_164601_437352_1_R8_TEST3__P054,2026-08-08_164601_437352_1_R8_TEST3,20.4177308,20.5055943,20.6894514,fewer_than_3_camera_samples
2026-08-08_164601_437352_1_R8_TEST3__P055,2026-08-08_164601_437352_1_R8_TEST3,20.6894514,20.8834,20.9704349,fewer_than_3_camera_samples
2026-08-08_164601_437352_1_R8_TEST3__P056,2026-08-08_164601_437352_1_R8_TEST3,20.9704349,21.148902,21.3394411,fewer_than_3_camera_samples
2026-08-08_164601_437352_1_R8_TEST3__P058,2026-08-08_164601_437352_1_R8_TEST3,21.6230485,21.7987861,21.9855351,fewer_than_3_camera_samples
2026-08-08_164601_437352_1_R8_TEST3__P059,2026-08-08_164601_437352_1_R8_TEST3,21.9855351,22.0744265,22.252928,fewer_than_3_camera_samples
2026-08-08_164601_437352_1_R8_TEST3__P061,2026-08-08_164601_437352_1_R8_TEST3,22.6273556,22.809749,22.895211,fewer_than_3_camera_samples
2026-08-08_164601_437352_1_R8_TEST3__P062,2026-08-08_164601_437352_1_R8_TEST3,22.895211,23.0913199,23.185664,fewer_than_3_camera_samples
2026-08-08_164601_437352_1_R8_TEST3__P064,2026-08-08_164601_437352_1_R8_TEST3,23.5385017,23.6389195,23.8142091,fewer_than_3_camera_samples
2026-08-08_164601_437352_1_R8_TEST3__P065,2026-08-08_164601_437352_1_R8_TEST3,23.8142091,23.9086648,24.0908203,fewer_than_3_camera_samples
2026-08-08_164601_437352_1_R8_TEST3__P066,2026-08-08_164601_437352_1_R8_TEST3,24.0908203,24.1941356,24.3818461,fewer_than_3_camera_samples
2026-08-08_164601_437352_1_R8_TEST3__P067,2026-08-08_164601_437352_1_R8_TEST3,24.3818461,24.5564096,24.6465027,fewer_than_3_camera_samples
2026-08-08_164601_437352_1_R8_TEST3__P069,2026-08-08_164601_437352_1_R8_TEST3,25.0206991,25.1095366,25.2991388,fewer_than_3_camera_samples
2026-08-08_164601_437352_1_R8_TEST3__P070,2026-08-08_164601_437352_1_R8_TEST3,25.2991388,25.3825932,25.5607177,fewer_than_3_camera_samples
2026-08-08_164601_437352_1_R8_TEST3__P071,2026-08-08_164601_437352_1_R8_TEST3,25.5607177,25.6543492,25.8362572,fewer_than_3_camera_samples
2026-08-08_164601_437352_1_R8_TEST3__P072,2026-08-08_164601_437352_1_R8_TEST3,25.8362572,25.9280458,26.1118622,fewer_than_3_camera_samples
2026-08-08_164601_437352_1_R8_TEST3__P073,2026-08-08_164601_437352_1_R8_TEST3,26.1118622,26.2038788,26.3909195,fewer_than_3_camera_samples
2026-08-08_164601_437352_1_R8_TEST3__P075,2026-08-08_164601_437352_1_R8_TEST3,26.6783467,26.8564738,26.9584004,fewer_than_3_camera_samples
2026-08-08_164601_437352_1_R8_TEST3__P076,2026-08-08_164601_437352_1_R8_TEST3,26.9584004,27.1421573,27.2391847,fewer_than_3_camera_samples
2026-08-08_164601_437352_1_R8_TEST3__P077,2026-08-08_164601_437352_1_R8_TEST3,27.2391847,27.4102388,27.5015544,fewer_than_3_camera_samples
2026-08-08_164601_437352_1_R8_TEST3__P078,2026-08-08_164601_437352_1_R8_TEST3,27.5015544,27.6870609,27.7752814,fewer_than_3_camera_samples
2026-08-08_164601_437352_1_R8_TEST3__P080,2026-08-08_164601_437352_1_R8_TEST3,28.1453345,28.3179466,28.4097865,fewer_than_3_camera_samples
2026-08-08_164601_437352_1_R8_TEST3__P082,2026-08-08_164601_437352_1_R8_TEST3,28.7868235,28.9737001,29.0571945,fewer_than_3_camera_samples
2026-08-08_164601_437352_1_R8_TEST3__P084,2026-08-08_164601_437352_1_R8_TEST3,29.4207824,29.5146333,29.7005067,fewer_than_3_camera_samples
2026-08-08_164601_437352_1_R8_TEST3__P087,2026-08-08_164601_437352_1_R8_TEST3,30.4413793,30.5330681,30.7075902,fewer_than_3_camera_samples
2026-08-08_164601_437352_1_R8_TEST3__P088,2026-08-08_164601_437352_1_R8_TEST3,30.7075902,30.9012415,30.9871619,fewer_than_3_camera_samples
2026-08-08_164601_437352_1_R8_TEST3__P090,2026-08-08_164601_437352_1_R8_TEST3,31.3600157,31.5388909,31.7262235,fewer_than_3_camera_samples
2026-08-08_164601_437352_1_R8_TEST3__P091,2026-08-08_164601_437352_1_R8_TEST3,31.7262235,31.8129611,31.9971195,fewer_than_3_camera_samples
2026-08-08_164959_888615_1_R8_TEST4__P020,2026-08-08_164959_888615_1_R8_TEST4,12.9568838,13.1306213,13.3192769,fewer_than_3_camera_samples
2026-08-08_164959_888615_1_R8_TEST4__P023,2026-08-08_164959_888615_1_R8_TEST4,14.1428733,14.3338045,14.4242075,fewer_than_3_camera_samples
2026-08-08_164959_888615_1_R8_TEST4__P025,2026-08-08_164959_888615_1_R8_TEST4,14.8768801,14.9733457,15.1621197,fewer_than_3_camera_samples
2026-08-08_164959_888615_1_R8_TEST4__P035,2026-08-08_164959_888615_1_R8_TEST4,19.1112413,19.2911712,19.4736243,fewer_than_3_camera_samples
2026-08-08_164959_888615_1_R8_TEST4__P040,2026-08-08_164959_888615_1_R8_TEST4,21.1341927,21.3113066,21.4063014,fewer_than_3_camera_samples
2026-08-08_164959_888615_1_R8_TEST4__P044,2026-08-08_164959_888615_1_R8_TEST4,22.6901587,22.8757492,23.0725954,fewer_than_3_camera_samples
2026-08-08_164959_888615_1_R8_TEST4__P066,2026-08-08_164959_888615_1_R8_TEST4,31.6155174,31.701069,31.8907646,fewer_than_3_camera_samples
2026-08-08_164959_888615_1_R8_TEST4__P067,2026-08-08_164959_888615_1_R8_TEST4,31.8907646,32.0674701,32.1612255,fewer_than_3_camera_samples
2026-08-08_164959_888615_1_R8_TEST4__P068,2026-08-08_164959_888615_1_R8_TEST4,32.1612255,32.3417124,32.5296594,fewer_than_3_camera_samples
2026-08-08_164959_888615_1_R8_TEST4__P070,2026-08-08_164959_888615_1_R8_TEST4,32.8931891,33.0771177,33.1772286,fewer_than_3_camera_samples
2026-08-08_164959_888615_1_R8_TEST4__P073,2026-08-08_164959_888615_1_R8_TEST4,33.9072534,34.0933835,34.2722364,fewer_than_3_camera_samples
2026-08-08_164959_888615_1_R8_TEST4__P074,2026-08-08_164959_888615_1_R8_TEST4,34.2722364,34.3666882,34.5549048,fewer_than_3_camera_samples
2026-08-08_164959_888615_1_R8_TEST4__P076,2026-08-08_164959_888615_1_R8_TEST4,34.9201581,35.0142159,35.1938851,fewer_than_3_camera_samples
2026-08-08_164959_888615_1_R8_TEST4__P078,2026-08-08_164959_888615_1_R8_TEST4,35.5671059,35.7524014,35.8347137,fewer_than_3_camera_samples
2026-08-08_164959_888615_1_R8_TEST4__P081,2026-08-08_164959_888615_1_R8_TEST4,36.5781681,36.6733536,36.8665094,fewer_than_3_camera_samples
2026-08-08_164959_888615_1_R8_TEST4__P082,2026-08-08_164959_888615_1_R8_TEST4,36.8665094,36.9531268,37.1245666,fewer_than_3_camera_samples
2026-08-08_165117_429951_1_R8_TEST5__P029,2026-08-08_165117_429951_1_R8_TEST5,17.3375954,17.519294,17.6938246,fewer_than_3_camera_samples
2026-08-08_165117_429951_1_R8_TEST5__P039,2026-08-08_165117_429951_1_R8_TEST5,21.4753884,21.6734938,21.8309498,fewer_than_3_camera_samples
2026-08-08_165117_429951_1_R8_TEST5__P043,2026-08-08_165117_429951_1_R8_TEST5,22.9499578,23.1292006,23.3263153,fewer_than_3_camera_samples
2026-08-08_165117_429951_1_R8_TEST5__P045,2026-08-08_165117_429951_1_R8_TEST5,23.7642707,23.9506003,24.1289442,fewer_than_3_camera_samples
2026-08-08_165117_429951_1_R8_TEST5__P047,2026-08-08_165117_429951_1_R8_TEST5,24.4177694,24.5872847,24.7717789,fewer_than_3_camera_samples
2026-08-08_165117_429951_1_R8_TEST5__P049,2026-08-08_165117_429951_1_R8_TEST5,25.1471693,25.3332294,25.417054,fewer_than_3_camera_samples
2026-08-08_165117_429951_1_R8_TEST5__P051,2026-08-08_165117_429951_1_R8_TEST5,25.888516,26.0690249,26.2418042,fewer_than_3_camera_samples
2026-08-08_165117_429951_1_R8_TEST5__P055,2026-08-08_165117_429951_1_R8_TEST5,27.3453781,27.5285115,27.7225323,fewer_than_3_camera_samples
2026-08-08_165117_429951_1_R8_TEST5__P059,2026-08-08_165117_429951_1_R8_TEST5,28.8216474,29.0007262,29.1832539,fewer_than_3_camera_samples
2026-08-08_165117_429951_1_R8_TEST5__P060,2026-08-08_165117_429951_1_R8_TEST5,29.1832539,29.2749572,29.4707739,fewer_than_3_camera_samples
2026-08-08_165117_429951_1_R8_TEST5__P065,2026-08-08_165117_429951_1_R8_TEST5,31.0230518,31.2050441,31.2969508,fewer_than_3_camera_samples
2026-08-08_165117_429951_1_R8_TEST5__P067,2026-08-08_165117_429951_1_R8_TEST5,31.6714858,31.856608,31.9439294,fewer_than_3_camera_samples
2026-08-08_165117_429951_1_R8_TEST5__P070,2026-08-08_165117_429951_1_R8_TEST5,32.6826195,32.8604627,33.0490059,fewer_than_3_camera_samples
2026-08-08_165117_429951_1_R8_TEST5__P071,2026-08-08_165117_429951_1_R8_TEST5,33.0490059,33.1404415,33.3373896,fewer_than_3_camera_samples
2026-08-08_165117_429951_1_R8_TEST5__P075,2026-08-08_165117_429951_1_R8_TEST5,34.422915,34.6061573,34.7927036,fewer_than_3_camera_samples
2026-08-08_165208_088150_1_R8_TEST6__P002,2026-08-08_165208_088150_1_R8_TEST6,2.1584106,2.3373056,2.5257617,fewer_than_3_camera_samples
2026-08-08_165208_088150_1_R8_TEST6__P006,2026-08-08_165208_088150_1_R8_TEST6,3.6382635,3.8084678,3.8999246,fewer_than_3_camera_samples
2026-08-08_165208_088150_1_R8_TEST6__P008,2026-08-08_165208_088150_1_R8_TEST6,4.2773113,4.4569055,4.6406571,fewer_than_3_camera_samples
2026-08-08_165208_088150_1_R8_TEST6__P010,2026-08-08_165208_088150_1_R8_TEST6,5.011782,5.1949007,5.2996762,fewer_than_3_camera_samples
2026-08-08_165208_088150_1_R8_TEST6__P012,2026-08-08_165208_088150_1_R8_TEST6,5.743594,5.9294123,6.0180094,fewer_than_3_camera_samples
2026-08-08_165208_088150_1_R8_TEST6__P013,2026-08-08_165208_088150_1_R8_TEST6,6.0180094,6.197842,6.3892193,fewer_than_3_camera_samples
2026-08-08_165208_088150_1_R8_TEST6__P014,2026-08-08_165208_088150_1_R8_TEST6,6.3892193,6.5002815,6.6572507,fewer_than_3_camera_samples
2026-08-08_165208_088150_1_R8_TEST6__P016,2026-08-08_165208_088150_1_R8_TEST6,6.9398764,7.1222867,7.311288,fewer_than_3_camera_samples
2026-08-08_165208_088150_1_R8_TEST6__P017,2026-08-08_165208_088150_1_R8_TEST6,7.311288,7.396658,7.5830029,fewer_than_3_camera_samples
2026-08-08_165208_088150_1_R8_TEST6__P018,2026-08-08_165208_088150_1_R8_TEST6,7.5830029,7.7610891,7.8566498,fewer_than_3_camera_samples
2026-08-08_165208_088150_1_R8_TEST6__P020,2026-08-08_165208_088150_1_R8_TEST6,8.1353874,8.3143135,8.4960308,fewer_than_3_camera_samples
2026-08-08_165208_088150_1_R8_TEST6__P021,2026-08-08_165208_088150_1_R8_TEST6,8.4960308,8.6800106,8.7713048,fewer_than_3_camera_samples
2026-08-08_165208_088150_1_R8_TEST6__P024,2026-08-08_165208_088150_1_R8_TEST6,9.5093889,9.5987027,9.7977837,fewer_than_3_camera_samples
2026-08-08_165208_088150_1_R8_TEST6__P025,2026-08-08_165208_088150_1_R8_TEST6,9.7977837,9.9710896,10.0580529,fewer_than_3_camera_samples
2026-08-08_165208_088150_1_R8_TEST6__P027,2026-08-08_165208_088150_1_R8_TEST6,10.4330996,10.5206989,10.7020641,fewer_than_3_camera_samples
2026-08-08_165208_088150_1_R8_TEST6__P028,2026-08-08_165208_088150_1_R8_TEST6,10.7020641,10.8859343,11.0695349,fewer_than_3_camera_samples
2026-08-08_165208_088150_1_R8_TEST6__P030,2026-08-08_165208_088150_1_R8_TEST6,11.345814,11.5303789,11.7135885,fewer_than_3_camera_samples
2026-08-08_165208_088150_1_R8_TEST6__P032,2026-08-08_165208_088150_1_R8_TEST6,12.0865762,12.1720643,12.3578731,fewer_than_3_camera_samples
2026-08-08_165208_088150_1_R8_TEST6__P034,2026-08-08_165208_088150_1_R8_TEST6,12.7236308,12.815767,12.9993885,fewer_than_3_camera_samples
2026-08-08_165208_088150_1_R8_TEST6__P035,2026-08-08_165208_088150_1_R8_TEST6,12.9993885,13.1834147,13.2753578,fewer_than_3_camera_samples
2026-08-08_165208_088150_1_R8_TEST6__P038,2026-08-08_165208_088150_1_R8_TEST6,14.0113591,14.103586,14.2963826,fewer_than_3_camera_samples
2026-08-08_165208_088150_1_R8_TEST6__P039,2026-08-08_165208_088150_1_R8_TEST6,14.2963826,14.4701241,14.6575412,fewer_than_3_camera_samples
2026-08-08_165208_088150_1_R8_TEST6__P042,2026-08-08_165208_088150_1_R8_TEST6,15.4824268,15.6648209,15.8569796,fewer_than_3_camera_samples
2026-08-08_165208_088150_1_R8_TEST6__P045,2026-08-08_165208_088150_1_R8_TEST6,16.6836501,16.8685852,17.0482747,fewer_than_3_camera_samples
2026-08-08_165208_088150_1_R8_TEST6__P049,2026-08-08_165208_088150_1_R8_TEST6,18.1472516,18.3303169,18.4221805,fewer_than_3_camera_samples
2026-08-08_165208_088150_1_R8_TEST6__P051,2026-08-08_165208_088150_1_R8_TEST6,18.8009216,18.8856001,19.0754397,fewer_than_3_camera_samples
2026-08-08_165208_088150_1_R8_TEST6__P052,2026-08-08_165208_088150_1_R8_TEST6,19.0754397,19.2547858,19.4332277,fewer_than_3_camera_samples
2026-08-08_165208_088150_1_R8_TEST6__P053,2026-08-08_165208_088150_1_R8_TEST6,19.4332277,19.5252746,19.7173872,fewer_than_3_camera_samples
2026-08-08_165208_088150_1_R8_TEST6__P055,2026-08-08_165208_088150_1_R8_TEST6,20.0836561,20.1806251,20.3643465,fewer_than_3_camera_samples
2026-08-08_165208_088150_1_R8_TEST6__P057,2026-08-08_165208_088150_1_R8_TEST6,20.7276422,20.9181542,21.0107833,fewer_than_3_camera_samples
2026-08-08_165208_088150_1_R8_TEST6__P059,2026-08-08_165208_088150_1_R8_TEST6,21.3724641,21.4681988,21.6506573,fewer_than_3_camera_samples
2026-08-08_165208_088150_1_R8_TEST6__P061,2026-08-08_165208_088150_1_R8_TEST6,22.0127701,22.1948333,22.2931673,fewer_than_3_camera_samples
2026-08-08_165208_088150_1_R8_TEST6__P062,2026-08-08_165208_088150_1_R8_TEST6,22.2931673,22.479047,22.6564916,fewer_than_3_camera_samples
2026-08-08_165208_088150_1_R8_TEST6__P063,2026-08-08_165208_088150_1_R8_TEST6,22.6564916,22.8436744,22.9428239,fewer_than_3_camera_samples
2026-08-08_165208_088150_1_R8_TEST6__P065,2026-08-08_165208_088150_1_R8_TEST6,23.3048023,23.4869396,23.5831822,fewer_than_3_camera_samples
2026-08-08_165208_088150_1_R8_TEST6__P067,2026-08-08_165208_088150_1_R8_TEST6,23.9429745,24.0426472,24.2178911,fewer_than_3_camera_samples
2026-08-08_165208_088150_1_R8_TEST6__P068,2026-08-08_165208_088150_1_R8_TEST6,24.2178911,24.4021691,24.4884838,fewer_than_3_camera_samples
2026-08-08_165208_088150_1_R8_TEST6__P070,2026-08-08_165208_088150_1_R8_TEST6,24.8562876,25.0401576,25.1398114,fewer_than_3_camera_samples
2026-08-08_165208_088150_1_R8_TEST6__P071,2026-08-08_165208_088150_1_R8_TEST6,25.1398114,25.3241369,25.4115677,fewer_than_3_camera_samples
2026-08-08_165208_088150_1_R8_TEST6__P074,2026-08-08_165208_088150_1_R8_TEST6,26.1490669,26.2528148,26.4345153,fewer_than_3_camera_samples
2026-08-08_165208_088150_1_R8_TEST6__P075,2026-08-08_165208_088150_1_R8_TEST6,26.4345153,26.6078202,26.7981652,fewer_than_3_camera_samples
2026-08-08_165208_088150_1_R8_TEST6__P077,2026-08-08_165208_088150_1_R8_TEST6,27.0740387,27.2498794,27.4296865,fewer_than_3_camera_samples
2026-08-08_165208_088150_1_R8_TEST6__P078,2026-08-08_165208_088150_1_R8_TEST6,27.4296865,27.5217588,27.7065523,fewer_than_3_camera_samples
2026-08-08_165208_088150_1_R8_TEST6__P079,2026-08-08_165208_088150_1_R8_TEST6,27.7065523,27.9045394,27.9894699,fewer_than_3_camera_samples
2026-08-08_165208_088150_1_R8_TEST6__P082,2026-08-08_165208_088150_1_R8_TEST6,28.7172493,28.8085576,28.9966654,fewer_than_3_camera_samples
2026-08-08_165208_088150_1_R8_TEST6__P084,2026-08-08_165208_088150_1_R8_TEST6,29.3603911,29.5453127,29.7276524,fewer_than_3_camera_samples
2026-08-08_165208_088150_1_R8_TEST6__P086,2026-08-08_165208_088150_1_R8_TEST6,30.0993164,30.1954629,30.3712671,fewer_than_3_camera_samples
2026-08-08_165208_088150_1_R8_TEST6__P088,2026-08-08_165208_088150_1_R8_TEST6,30.7523171,30.8413895,31.014604,fewer_than_3_camera_samples
2026-08-08_165208_088150_1_R8_TEST6__P090,2026-08-08_165208_088150_1_R8_TEST6,31.4822253,31.6616658,31.8619196,fewer_than_3_camera_samples
2026-08-08_165208_088150_1_R8_TEST6__P091,2026-08-08_165208_088150_1_R8_TEST6,31.8619196,32.0266436,32.1175038,fewer_than_3_camera_samples
2026-08-08_171224_677409_1_R8_TEST7__P003,2026-08-08_171224_677409_1_R8_TEST7,2.3345855,2.5099525,2.6067518,fewer_than_3_camera_samples
2026-08-08_171224_677409_1_R8_TEST7__P005,2026-08-08_171224_677409_1_R8_TEST7,2.9752393,3.0803901,3.2526129,fewer_than_3_camera_samples
2026-08-08_171224_677409_1_R8_TEST7__P006,2026-08-08_171224_677409_1_R8_TEST7,3.2526129,3.4290375,3.5377874,fewer_than_3_camera_samples
2026-08-08_171224_677409_1_R8_TEST7__P008,2026-08-08_171224_677409_1_R8_TEST7,3.8923471,3.9976996,4.165187,fewer_than_3_camera_samples
2026-08-08_171224_677409_1_R8_TEST7__P009,2026-08-08_171224_677409_1_R8_TEST7,4.165187,4.2892846,4.4473758,fewer_than_3_camera_samples
2026-08-08_171224_677409_1_R8_TEST7__P010,2026-08-08_171224_677409_1_R8_TEST7,4.4473758,4.6238239,4.7328318,fewer_than_3_camera_samples
2026-08-08_171224_677409_1_R8_TEST7__P012,2026-08-08_171224_677409_1_R8_TEST7,5.1034183,5.175655,5.285555,fewer_than_3_camera_samples
2026-08-08_171224_677409_1_R8_TEST7__P014,2026-08-08_171224_677409_1_R8_TEST7,5.6379748,5.7487552,5.9298319,fewer_than_3_camera_samples
2026-08-08_171224_677409_1_R8_TEST7__P015,2026-08-08_171224_677409_1_R8_TEST7,5.9298319,6.0039802,6.1865678,fewer_than_3_camera_samples
2026-08-08_171224_677409_1_R8_TEST7__P016,2026-08-08_171224_677409_1_R8_TEST7,6.1865678,6.3702869,6.4700903,fewer_than_3_camera_samples
2026-08-08_171224_677409_1_R8_TEST7__P017,2026-08-08_171224_677409_1_R8_TEST7,6.4700903,6.646065,6.7424905,fewer_than_3_camera_samples
2026-08-08_171224_677409_1_R8_TEST7__P018,2026-08-08_171224_677409_1_R8_TEST7,6.7424905,6.9220991,7.0323093,fewer_than_3_camera_samples
2026-08-08_171224_677409_1_R8_TEST7__P019,2026-08-08_171224_677409_1_R8_TEST7,7.0323093,7.2288943,7.2895811,fewer_than_3_camera_samples
2026-08-08_171224_677409_1_R8_TEST7__P020,2026-08-08_171224_677409_1_R8_TEST7,7.2895811,7.4733919,7.5792601,fewer_than_3_camera_samples
2026-08-08_171224_677409_1_R8_TEST7__P022,2026-08-08_171224_677409_1_R8_TEST7,7.9375546,8.0369141,8.2096316,fewer_than_3_camera_samples
2026-08-08_171224_677409_1_R8_TEST7__P023,2026-08-08_171224_677409_1_R8_TEST7,8.2096316,8.3195368,8.4993032,fewer_than_3_camera_samples
2026-08-08_171224_677409_1_R8_TEST7__P024,2026-08-08_171224_677409_1_R8_TEST7,8.4993032,8.5975792,8.7716413,fewer_than_3_camera_samples
2026-08-08_171224_677409_1_R8_TEST7__P025,2026-08-08_171224_677409_1_R8_TEST7,8.7716413,8.8849527,9.0465101,fewer_than_3_camera_samples
2026-08-08_171224_677409_1_R8_TEST7__P028,2026-08-08_171224_677409_1_R8_TEST7,9.8924937,10.0623086,10.2308394,fewer_than_3_camera_samples
2026-08-08_171224_677409_1_R8_TEST7__P029,2026-08-08_171224_677409_1_R8_TEST7,10.2308394,10.4258573,10.5261634,fewer_than_3_camera_samples
2026-08-08_171224_677409_1_R8_TEST7__P031,2026-08-08_171224_677409_1_R8_TEST7,10.8742293,11.05799,11.1685822,fewer_than_3_camera_samples
2026-08-08_171224_677409_1_R8_TEST7__P033,2026-08-08_171224_677409_1_R8_TEST7,11.5174732,11.6251913,11.7932728,fewer_than_3_camera_samples
2026-08-08_171224_677409_1_R8_TEST7__P035,2026-08-08_171224_677409_1_R8_TEST7,12.1884401,12.253083,12.4405893,fewer_than_3_camera_samples
2026-08-08_171224_677409_1_R8_TEST7__P036,2026-08-08_171224_677409_1_R8_TEST7,12.4405893,12.6204752,12.7271023,fewer_than_3_camera_samples
2026-08-08_171224_677409_1_R8_TEST7__P038,2026-08-08_171224_677409_1_R8_TEST7,13.120766,13.172049,13.3970045,fewer_than_3_camera_samples
2026-08-08_171224_677409_1_R8_TEST7__P039,2026-08-08_171224_677409_1_R8_TEST7,13.3970045,13.563078,13.6343409,fewer_than_3_camera_samples
2026-08-08_171224_677409_1_R8_TEST7__P040,2026-08-08_171224_677409_1_R8_TEST7,13.6343409,13.8374761,13.9072707,fewer_than_3_camera_samples
2026-08-08_171224_677409_1_R8_TEST7__P041,2026-08-08_171224_677409_1_R8_TEST7,13.9072707,14.1173698,14.1863344,fewer_than_3_camera_samples
2026-08-08_171224_677409_1_R8_TEST7__P043,2026-08-08_171224_677409_1_R8_TEST7,14.5733878,14.6431245,14.833665,fewer_than_3_camera_samples
2026-08-08_171224_677409_1_R8_TEST7__P044,2026-08-08_171224_677409_1_R8_TEST7,14.833665,15.0297915,15.1229768,fewer_than_3_camera_samples
2026-08-08_171224_677409_1_R8_TEST7__P046,2026-08-08_171224_677409_1_R8_TEST7,15.4845619,15.6534048,15.7587691,fewer_than_3_camera_samples
2026-08-08_171224_677409_1_R8_TEST7__P047,2026-08-08_171224_677409_1_R8_TEST7,15.7587691,15.9293353,16.127524,fewer_than_3_camera_samples
2026-08-08_171224_677409_1_R8_TEST7__P048,2026-08-08_171224_677409_1_R8_TEST7,16.127524,16.3157305,16.4149402,fewer_than_3_camera_samples
2026-08-08_171224_677409_1_R8_TEST7__P050,2026-08-08_171224_677409_1_R8_TEST7,16.7732479,16.8676895,17.0323084,fewer_than_3_camera_samples
2026-08-08_171224_677409_1_R8_TEST7__P051,2026-08-08_171224_677409_1_R8_TEST7,17.0323084,17.2299881,17.3228835,fewer_than_3_camera_samples
2026-08-08_171224_677409_1_R8_TEST7__P052,2026-08-08_171224_677409_1_R8_TEST7,17.3228835,17.5115387,17.6142395,fewer_than_3_camera_samples
2026-08-08_171224_677409_1_R8_TEST7__P054,2026-08-08_171224_677409_1_R8_TEST7,17.9539212,18.0475619,18.2504609,fewer_than_3_camera_samples
2026-08-08_171224_677409_1_R8_TEST7__P055,2026-08-08_171224_677409_1_R8_TEST7,18.2504609,18.4246306,18.5159967,fewer_than_3_camera_samples
2026-08-08_171224_677409_1_R8_TEST7__P056,2026-08-08_171224_677409_1_R8_TEST7,18.5159967,18.7105429,18.7792146,fewer_than_3_camera_samples
2026-08-08_171224_677409_1_R8_TEST7__P057,2026-08-08_171224_677409_1_R8_TEST7,18.7792146,18.9738636,19.0655837,fewer_than_3_camera_samples
2026-08-08_171224_677409_1_R8_TEST7__P059,2026-08-08_171224_677409_1_R8_TEST7,19.3474868,19.513898,19.7122723,fewer_than_3_camera_samples
2026-08-08_175043_606100_1_R8_TEST1_v2__P002,2026-08-08_175043_606100_1_R8_TEST1_v2,1.915768,2.1032871,2.1915889,fewer_than_3_camera_samples
2026-08-08_175043_606100_1_R8_TEST1_v2__P003,2026-08-08_175043_606100_1_R8_TEST1_v2,2.1915889,2.3753895,2.4671933,fewer_than_3_camera_samples
2026-08-08_175043_606100_1_R8_TEST1_v2__P004,2026-08-08_175043_606100_1_R8_TEST1_v2,2.4671933,2.6524737,2.7432057,fewer_than_3_camera_samples
2026-08-08_175043_606100_1_R8_TEST1_v2__P005,2026-08-08_175043_606100_1_R8_TEST1_v2,2.7432057,2.8346998,3.0186563,fewer_than_3_camera_samples
2026-08-08_175043_606100_1_R8_TEST1_v2__P006,2026-08-08_175043_606100_1_R8_TEST1_v2,3.0186563,3.1143891,3.2024732,fewer_than_3_camera_samples
2026-08-08_175043_606100_1_R8_TEST1_v2__P007,2026-08-08_175043_606100_1_R8_TEST1_v2,3.2024732,3.3886353,3.4833979,fewer_than_3_camera_samples
2026-08-08_175043_606100_1_R8_TEST1_v2__P008,2026-08-08_175043_606100_1_R8_TEST1_v2,3.4833979,3.6616855,3.7545776,fewer_than_3_camera_samples
2026-08-08_175043_606100_1_R8_TEST1_v2__P009,2026-08-08_175043_606100_1_R8_TEST1_v2,3.7545776,3.8465089,4.0335111,fewer_than_3_camera_samples
2026-08-08_175043_606100_1_R8_TEST1_v2__P010,2026-08-08_175043_606100_1_R8_TEST1_v2,4.0335111,4.1213833,4.3069692,fewer_than_3_camera_samples
2026-08-08_175043_606100_1_R8_TEST1_v2__P011,2026-08-08_175043_606100_1_R8_TEST1_v2,4.3069692,4.3972629,4.4898471,fewer_than_3_camera_samples
2026-08-08_175043_606100_1_R8_TEST1_v2__P012,2026-08-08_175043_606100_1_R8_TEST1_v2,4.4898471,4.672887,4.7647436,fewer_than_3_camera_samples
2026-08-08_175043_606100_1_R8_TEST1_v2__P013,2026-08-08_175043_606100_1_R8_TEST1_v2,4.7647436,4.8627067,5.0461504,fewer_than_3_camera_samples
2026-08-08_175043_606100_1_R8_TEST1_v2__P014,2026-08-08_175043_606100_1_R8_TEST1_v2,5.0461504,5.1321876,5.3165456,fewer_than_3_camera_samples
2026-08-08_175043_606100_1_R8_TEST1_v2__P015,2026-08-08_175043_606100_1_R8_TEST1_v2,5.3165456,5.4078753,5.5027676,fewer_than_3_camera_samples
2026-08-08_175043_606100_1_R8_TEST1_v2__P016,2026-08-08_175043_606100_1_R8_TEST1_v2,5.5027676,5.6837519,5.7795618,fewer_than_3_camera_samples
2026-08-08_175043_606100_1_R8_TEST1_v2__P017,2026-08-08_175043_606100_1_R8_TEST1_v2,5.7795618,5.867827,6.0560994,fewer_than_3_camera_samples
2026-08-08_175043_606100_1_R8_TEST1_v2__P018,2026-08-08_175043_606100_1_R8_TEST1_v2,6.0560994,6.1436661,6.3270586,fewer_than_3_camera_samples
2026-08-08_175043_606100_1_R8_TEST1_v2__P019,2026-08-08_175043_606100_1_R8_TEST1_v2,6.3270586,6.4195481,6.5115766,fewer_than_3_camera_samples
2026-08-08_175043_606100_1_R8_TEST1_v2__P020,2026-08-08_175043_606100_1_R8_TEST1_v2,6.5115766,6.6993415,6.7866866,fewer_than_3_camera_samples
2026-08-08_175043_606100_1_R8_TEST1_v2__P021,2026-08-08_175043_606100_1_R8_TEST1_v2,6.7866866,6.8786339,6.9739956,fewer_than_3_camera_samples
2026-08-08_175043_606100_1_R8_TEST1_v2__P022,2026-08-08_175043_606100_1_R8_TEST1_v2,6.9739956,7.1541432,7.247618,fewer_than_3_camera_samples
2026-08-08_175043_606100_1_R8_TEST1_v2__P023,2026-08-08_175043_606100_1_R8_TEST1_v2,7.247618,7.3384175,7.5219645,fewer_than_3_camera_samples
2026-08-08_175043_606100_1_R8_TEST1_v2__P024,2026-08-08_175043_606100_1_R8_TEST1_v2,7.5219645,7.6138308,7.7069528,fewer_than_3_camera_samples
2026-08-08_175043_606100_1_R8_TEST1_v2__P025,2026-08-08_175043_606100_1_R8_TEST1_v2,7.7069528,7.8910231,7.9814518,fewer_than_3_camera_samples
2026-08-08_175043_606100_1_R8_TEST1_v2__P026,2026-08-08_175043_606100_1_R8_TEST1_v2,7.9814518,8.0733061,8.2570942,fewer_than_3_camera_samples
2026-08-08_175043_606100_1_R8_TEST1_v2__P027,2026-08-08_175043_606100_1_R8_TEST1_v2,8.2570942,8.349202,8.4448488,fewer_than_3_camera_samples
2026-08-08_175043_606100_1_R8_TEST1_v2__P028,2026-08-08_175043_606100_1_R8_TEST1_v2,8.4448488,8.5328242,8.729229,fewer_than_3_camera_samples
2026-08-08_175043_606100_1_R8_TEST1_v2__P029,2026-08-08_175043_606100_1_R8_TEST1_v2,8.729229,8.8084815,8.90051,fewer_than_3_camera_samples
2026-08-08_175043_606100_1_R8_TEST1_v2__P030,2026-08-08_175043_606100_1_R8_TEST1_v2,8.90051,9.0844972,9.1762364,fewer_than_3_camera_samples
2026-08-08_175043_606100_1_R8_TEST1_v2__P031,2026-08-08_175043_606100_1_R8_TEST1_v2,9.1762364,9.3627587,9.454405,fewer_than_3_camera_samples
2026-08-08_175043_606100_1_R8_TEST1_v2__P032,2026-08-08_175043_606100_1_R8_TEST1_v2,9.454405,9.5437242,9.7276722,fewer_than_3_camera_samples
2026-08-08_175043_606100_1_R8_TEST1_v2__P033,2026-08-08_175043_606100_1_R8_TEST1_v2,9.7276722,9.8195055,10.0034799,fewer_than_3_camera_samples
2026-08-08_175043_606100_1_R8_TEST1_v2__P035,2026-08-08_175043_606100_1_R8_TEST1_v2,10.2791417,10.3708119,10.462773,fewer_than_3_camera_samples
2026-08-08_175043_606100_1_R8_TEST1_v2__P036,2026-08-08_175043_606100_1_R8_TEST1_v2,10.462773,10.6487854,10.7383548,fewer_than_3_camera_samples
2026-08-08_175043_606100_1_R8_TEST1_v2__P037,2026-08-08_175043_606100_1_R8_TEST1_v2,10.7383548,10.9223175,11.0140747,fewer_than_3_camera_samples
2026-08-08_175043_606100_1_R8_TEST1_v2__P038,2026-08-08_175043_606100_1_R8_TEST1_v2,11.0140747,11.1142424,11.2897506,fewer_than_3_camera_samples
2026-08-08_175043_606100_1_R8_TEST1_v2__P039,2026-08-08_175043_606100_1_R8_TEST1_v2,11.2897506,11.3840615,11.565699,fewer_than_3_camera_samples
2026-08-08_175043_606100_1_R8_TEST1_v2__P040,2026-08-08_175043_606100_1_R8_TEST1_v2,11.565699,11.6573647,11.7498823,fewer_than_3_camera_samples
2026-08-08_175043_606100_1_R8_TEST1_v2__P041,2026-08-08_175043_606100_1_R8_TEST1_v2,11.7498823,11.9329594,12.0266024,fewer_than_3_camera_samples
2026-08-08_175043_606100_1_R8_TEST1_v2__P042,2026-08-08_175043_606100_1_R8_TEST1_v2,12.0266024,12.2125926,12.3056942,fewer_than_3_camera_samples
2026-08-08_175043_606100_1_R8_TEST1_v2__P043,2026-08-08_175043_606100_1_R8_TEST1_v2,12.3056942,12.3925747,12.576323,fewer_than_3_camera_samples
2026-08-08_175043_606100_1_R8_TEST1_v2__P044,2026-08-08_175043_606100_1_R8_TEST1_v2,12.576323,12.6684454,12.7619489,fewer_than_3_camera_samples
2026-08-08_175043_606100_1_R8_TEST1_v2__P045,2026-08-08_175043_606100_1_R8_TEST1_v2,12.7619489,12.9444067,13.0361471,fewer_than_3_camera_samples
2026-08-08_175043_606100_1_R8_TEST1_v2__P046,2026-08-08_175043_606100_1_R8_TEST1_v2,13.0361471,13.2199175,13.313487,fewer_than_3_camera_samples
2026-08-08_175043_606100_1_R8_TEST1_v2__P047,2026-08-08_175043_606100_1_R8_TEST1_v2,13.313487,13.4037044,13.5875495,fewer_than_3_camera_samples
2026-08-08_175043_606100_1_R8_TEST1_v2__P048,2026-08-08_175043_606100_1_R8_TEST1_v2,13.5875495,13.6792107,13.7714622,fewer_than_3_camera_samples
2026-08-08_175043_606100_1_R8_TEST1_v2__P049,2026-08-08_175043_606100_1_R8_TEST1_v2,13.7714622,13.863584,14.0482963,fewer_than_3_camera_samples
2026-08-08_175043_606100_1_R8_TEST1_v2__P050,2026-08-08_175043_606100_1_R8_TEST1_v2,14.0482963,14.1390031,14.2306202,fewer_than_3_camera_samples
2026-08-08_175043_606100_1_R8_TEST1_v2__P051,2026-08-08_175043_606100_1_R8_TEST1_v2,14.2306202,14.4146501,14.5138383,fewer_than_3_camera_samples
2026-08-08_175043_606100_1_R8_TEST1_v2__P052,2026-08-08_175043_606100_1_R8_TEST1_v2,14.5138383,14.5981147,14.7821263,fewer_than_3_camera_samples
2026-08-08_175043_606100_1_R8_TEST1_v2__P053,2026-08-08_175043_606100_1_R8_TEST1_v2,14.7821263,14.8739319,14.9781639,fewer_than_3_camera_samples
2026-08-08_175043_606100_1_R8_TEST1_v2__P054,2026-08-08_175043_606100_1_R8_TEST1_v2,14.9781639,15.0578069,15.2475127,fewer_than_3_camera_samples
2026-08-08_175043_606100_1_R8_TEST1_v2__P056,2026-08-08_175043_606100_1_R8_TEST1_v2,15.7012756,15.7956791,15.9768528,fewer_than_3_camera_samples
2026-08-08_175043_606100_1_R8_TEST1_v2__P058,2026-08-08_175043_606100_1_R8_TEST1_v2,16.4389317,16.5283924,16.716914,fewer_than_3_camera_samples
2026-08-08_175043_606100_1_R8_TEST1_v2__P059,2026-08-08_175043_606100_1_R8_TEST1_v2,16.716914,16.8040308,16.8956199,fewer_than_3_camera_samples
2026-08-08_175043_606100_1_R8_TEST1_v2__P060,2026-08-08_175043_606100_1_R8_TEST1_v2,16.8956199,17.079808,17.1717598,fewer_than_3_camera_samples
2026-08-08_175043_606100_1_R8_TEST1_v2__P062,2026-08-08_175043_606100_1_R8_TEST1_v2,17.6412888,17.8146805,17.9100166,fewer_than_3_camera_samples
2026-08-08_175043_606100_1_R8_TEST1_v2__P063,2026-08-08_175043_606100_1_R8_TEST1_v2,17.9100166,17.9989376,18.182451,fewer_than_3_camera_samples
2026-08-08_175043_606100_1_R8_TEST1_v2__P064,2026-08-08_175043_606100_1_R8_TEST1_v2,18.182451,18.2744548,18.3663116,fewer_than_3_camera_samples
2026-08-08_175043_606100_1_R8_TEST1_v2__P065,2026-08-08_175043_606100_1_R8_TEST1_v2,18.3663116,18.5502642,18.6420264,fewer_than_3_camera_samples
2026-08-08_175043_606100_1_R8_TEST1_v2__P066,2026-08-08_175043_606100_1_R8_TEST1_v2,18.6420264,18.7338307,18.9177806,fewer_than_3_camera_samples
2026-08-08_175043_606100_1_R8_TEST1_v2__P067,2026-08-08_175043_606100_1_R8_TEST1_v2,18.9177806,19.0116918,19.1047855,fewer_than_3_camera_samples
2026-08-08_175043_606100_1_R8_TEST1_v2__P069,2026-08-08_175043_606100_1_R8_TEST1_v2,19.5635515,19.7450623,19.8368697,fewer_than_3_camera_samples
2026-08-08_175043_606100_1_R8_TEST1_v2__P070,2026-08-08_175043_606100_1_R8_TEST1_v2,19.8368697,20.0224785,20.120553,fewer_than_3_camera_samples
2026-08-08_175043_606100_1_R8_TEST1_v2__P071,2026-08-08_175043_606100_1_R8_TEST1_v2,20.120553,20.2043659,20.3882268,fewer_than_3_camera_samples
2026-08-08_175043_606100_1_R8_TEST1_v2__P072,2026-08-08_175043_606100_1_R8_TEST1_v2,20.3882268,20.4799397,20.5738811,fewer_than_3_camera_samples
2026-08-08_175043_606100_1_R8_TEST1_v2__P074,2026-08-08_175043_606100_1_R8_TEST1_v2,21.1261645,21.218346,21.3990398,fewer_than_3_camera_samples
2026-08-08_175043_606100_1_R8_TEST1_v2__P075,2026-08-08_175043_606100_1_R8_TEST1_v2,21.3990398,21.4989507,21.5829954,fewer_than_3_camera_samples
2026-08-08_175043_606100_1_R8_TEST1_v2__P076,2026-08-08_175043_606100_1_R8_TEST1_v2,21.5829954,21.7669483,21.8616566,fewer_than_3_camera_samples
2026-08-08_175043_606100_1_R8_TEST1_v2__P077,2026-08-08_175043_606100_1_R8_TEST1_v2,21.8616566,22.0463807,22.1345626,fewer_than_3_camera_samples
2026-08-08_175043_606100_1_R8_TEST1_v2__P078,2026-08-08_175043_606100_1_R8_TEST1_v2,22.1345626,22.3244461,22.4121794,fewer_than_3_camera_samples
2026-08-08_175043_606100_1_R8_TEST1_v2__P079,2026-08-08_175043_606100_1_R8_TEST1_v2,22.4121794,22.5939675,22.6859676,fewer_than_3_camera_samples
2026-08-08_175043_606100_1_R8_TEST1_v2__P081,2026-08-08_175043_606100_1_R8_TEST1_v2,22.9626151,23.061449,23.2418074,fewer_than_3_camera_samples
2026-08-08_175043_606100_1_R8_TEST1_v2__P082,2026-08-08_175043_606100_1_R8_TEST1_v2,23.2418074,23.3292479,23.516264,fewer_than_3_camera_samples
2026-08-08_175043_606100_1_R8_TEST1_v2__P083,2026-08-08_175043_606100_1_R8_TEST1_v2,23.516264,23.6127591,23.6969101,fewer_than_3_camera_samples
2026-08-08_175043_606100_1_R8_TEST1_v2__P084,2026-08-08_175043_606100_1_R8_TEST1_v2,23.6969101,23.8808061,23.9725987,fewer_than_3_camera_samples
2026-08-08_175043_606100_1_R8_TEST1_v2__P085,2026-08-08_175043_606100_1_R8_TEST1_v2,23.9725987,24.0644469,24.2483381,fewer_than_3_camera_samples
2026-08-08_175043_606100_1_R8_TEST1_v2__P086,2026-08-08_175043_606100_1_R8_TEST1_v2,24.2483381,24.3399462,24.5242819,fewer_than_3_camera_samples
2026-08-08_175043_606100_1_R8_TEST1_v2__P087,2026-08-08_175043_606100_1_R8_TEST1_v2,24.5242819,24.6203345,24.7215364,fewer_than_3_camera_samples
2026-08-08_175043_606100_1_R8_TEST1_v2__P088,2026-08-08_175043_606100_1_R8_TEST1_v2,24.7215364,24.891698,24.985982,fewer_than_3_camera_samples
2026-08-08_175043_606100_1_R8_TEST1_v2__P089,2026-08-08_175043_606100_1_R8_TEST1_v2,24.985982,25.0754287,25.2641875,fewer_than_3_camera_samples
2026-08-08_175043_606100_1_R8_TEST1_v2__P090,2026-08-08_175043_606100_1_R8_TEST1_v2,25.2641875,25.3593769,25.5383881,fewer_than_3_camera_samples
2026-08-08_175043_606100_1_R8_TEST1_v2__P091,2026-08-08_175043_606100_1_R8_TEST1_v2,25.5383881,25.6374347,25.8103731,fewer_than_3_camera_samples
2026-08-08_175043_606100_1_R8_TEST1_v2__P092,2026-08-08_175043_606100_1_R8_TEST1_v2,25.8103731,25.9045935,25.9945425,fewer_than_3_camera_samples
2026-08-08_175043_606100_1_R8_TEST1_v2__P093,2026-08-08_175043_606100_1_R8_TEST1_v2,25.9945425,26.1818303,26.2703274,fewer_than_3_camera_samples
2026-08-08_175043_606100_1_R8_TEST1_v2__P094,2026-08-08_175043_606100_1_R8_TEST1_v2,26.2703274,26.4538945,26.5460665,fewer_than_3_camera_samples
2026-08-08_175043_606100_1_R8_TEST1_v2__P096,2026-08-08_175043_606100_1_R8_TEST1_v2,26.8216913,26.9144666,27.0977349,fewer_than_3_camera_samples
2026-08-08_175043_606100_1_R8_TEST1_v2__P097,2026-08-08_175043_606100_1_R8_TEST1_v2,27.0977349,27.1892758,27.4664489,fewer_than_3_camera_samples
2026-08-08_165304_567552_1_R9_TEST2__P015,2026-08-08_165304_567552_1_R9_TEST2,7.7270291,7.8998725,8.0748842,fewer_than_3_camera_samples
2026-08-08_165304_567552_1_R9_TEST2__P019,2026-08-08_165304_567552_1_R9_TEST2,9.1810941,9.3736074,9.5606071,fewer_than_3_camera_samples
2026-08-08_165304_567552_1_R9_TEST2__P022,2026-08-08_165304_567552_1_R9_TEST2,10.3125765,10.4688274,10.5654215,fewer_than_3_camera_samples
2026-08-08_165304_567552_1_R9_TEST2__P024,2026-08-08_165304_567552_1_R9_TEST2,11.0177864,11.1080052,11.2980332,fewer_than_3_camera_samples
2026-08-08_165304_567552_1_R9_TEST2__P026,2026-08-08_165304_567552_1_R9_TEST2,11.7550202,11.9427899,12.11896,fewer_than_3_camera_samples
2026-08-08_165304_567552_1_R9_TEST2__P028,2026-08-08_165304_567552_1_R9_TEST2,12.4052644,12.5805903,12.7625822,fewer_than_3_camera_samples
2026-08-08_165304_567552_1_R9_TEST2__P030,2026-08-08_165304_567552_1_R9_TEST2,13.1347738,13.3173782,13.4071672,fewer_than_3_camera_samples
2026-08-08_165304_567552_1_R9_TEST2__P032,2026-08-08_165304_567552_1_R9_TEST2,13.8720561,14.0508298,14.2400672,fewer_than_3_camera_samples
2026-08-08_165304_567552_1_R9_TEST2__P037,2026-08-08_165304_567552_1_R9_TEST2,15.7240331,15.9012435,16.0893167,fewer_than_3_camera_samples
2026-08-08_165304_567552_1_R9_TEST2__P040,2026-08-08_165304_567552_1_R9_TEST2,16.8169502,16.9906437,17.1755597,fewer_than_3_camera_samples
2026-08-08_165304_567552_1_R9_TEST2__P042,2026-08-08_165304_567552_1_R9_TEST2,17.5499412,17.7262425,17.8178935,fewer_than_3_camera_samples
2026-08-08_165304_567552_1_R9_TEST2__P045,2026-08-08_165304_567552_1_R9_TEST2,18.657625,18.7436068,18.9282641,fewer_than_3_camera_samples
2026-08-08_165304_567552_1_R9_TEST2__P046,2026-08-08_165304_567552_1_R9_TEST2,18.9282641,19.1151418,19.3085299,fewer_than_3_camera_samples
2026-08-08_165304_567552_1_R9_TEST2__P049,2026-08-08_165304_567552_1_R9_TEST2,20.0237792,20.2159695,20.391351,fewer_than_3_camera_samples
2026-08-08_165304_567552_1_R9_TEST2__P052,2026-08-08_165304_567552_1_R9_TEST2,21.1274764,21.2209366,21.4024446,fewer_than_3_camera_samples
2026-08-08_165304_567552_1_R9_TEST2__P053,2026-08-08_165304_567552_1_R9_TEST2,21.4024446,21.5861192,21.6780076,fewer_than_3_camera_samples
2026-08-08_165304_567552_1_R9_TEST2__P056,2026-08-08_165304_567552_1_R9_TEST2,22.4238062,22.6014495,22.7814255,fewer_than_3_camera_samples
2026-08-08_165304_567552_1_R9_TEST2__P058,2026-08-08_165304_567552_1_R9_TEST2,23.1485201,23.3324584,23.4371109,fewer_than_3_camera_samples
2026-08-08_165304_567552_1_R9_TEST2__P062,2026-08-08_165304_567552_1_R9_TEST2,24.5350544,24.7201913,24.8995039,fewer_than_3_camera_samples
2026-08-08_165304_567552_1_R9_TEST2__P066,2026-08-08_165304_567552_1_R9_TEST2,26.0036978,26.1878632,26.376219,fewer_than_3_camera_samples
2026-08-08_165304_567552_1_R9_TEST2__P073,2026-08-08_165304_567552_1_R9_TEST2,28.6828251,28.8556889,29.0373565,fewer_than_3_camera_samples
2026-08-08_165304_567552_1_R9_TEST2__P074,2026-08-08_165304_567552_1_R9_TEST2,29.0373565,29.223111,29.3154502,fewer_than_3_camera_samples
2026-08-08_165304_567552_1_R9_TEST2__P077,2026-08-08_165304_567552_1_R9_TEST2,30.0419762,30.233589,30.3201404,fewer_than_3_camera_samples
2026-08-08_165304_567552_1_R9_TEST2__P079,2026-08-08_165304_567552_1_R9_TEST2,30.6996481,30.8782443,31.0549741,fewer_than_3_camera_samples
2026-08-08_165304_567552_1_R9_TEST2__P084,2026-08-08_165304_567552_1_R9_TEST2,32.524885,32.7145482,32.8952092,fewer_than_3_camera_samples
2026-08-08_165433_326903_1_R9_TEST3__P018,2026-08-08_165433_326903_1_R9_TEST3,10.0229661,10.1875106,10.367264,fewer_than_3_camera_samples
2026-08-08_165433_326903_1_R9_TEST3__P029,2026-08-08_165433_326903_1_R9_TEST3,14.4295661,14.692076,14.7870849,fewer_than_3_camera_samples
2026-08-08_165433_326903_1_R9_TEST3__P033,2026-08-08_165433_326903_1_R9_TEST3,15.882206,16.0722151,16.1611761,fewer_than_3_camera_samples
2026-08-08_165433_326903_1_R9_TEST3__P035,2026-08-08_165433_326903_1_R9_TEST3,16.543642,16.6380958,16.8220269,fewer_than_3_camera_samples
2026-08-08_165433_326903_1_R9_TEST3__P036,2026-08-08_165433_326903_1_R9_TEST3,16.8220269,16.9156137,17.0890856,fewer_than_3_camera_samples
2026-08-08_165433_326903_1_R9_TEST3__P037,2026-08-08_165433_326903_1_R9_TEST3,17.0890856,17.2659842,17.4510279,fewer_than_3_camera_samples
2026-08-08_165433_326903_1_R9_TEST3__P038,2026-08-08_165433_326903_1_R9_TEST3,17.4510279,17.6364297,17.7273888,fewer_than_3_camera_samples
2026-08-08_165433_326903_1_R9_TEST3__P041,2026-08-08_165433_326903_1_R9_TEST3,18.4678825,18.6527742,18.7498579,fewer_than_3_camera_samples
2026-08-08_165433_326903_1_R9_TEST3__P042,2026-08-08_165433_326903_1_R9_TEST3,18.7498579,18.9262123,19.0220255,fewer_than_3_camera_samples
2026-08-08_165433_326903_1_R9_TEST3__P044,2026-08-08_165433_326903_1_R9_TEST3,19.3805361,19.5627762,19.6586563,fewer_than_3_camera_samples
2026-08-08_165433_326903_1_R9_TEST3__P046,2026-08-08_165433_326903_1_R9_TEST3,20.0276063,20.1156496,20.3039323,fewer_than_3_camera_samples
2026-08-08_165433_326903_1_R9_TEST3__P048,2026-08-08_165433_326903_1_R9_TEST3,20.6740134,20.761201,20.9503435,fewer_than_3_camera_samples
2026-08-08_165433_326903_1_R9_TEST3__P049,2026-08-08_165433_326903_1_R9_TEST3,20.9503435,21.1227379,21.3049953,fewer_than_3_camera_samples
2026-08-08_165433_326903_1_R9_TEST3__P050,2026-08-08_165433_326903_1_R9_TEST3,21.3049953,21.4968258,21.5878824,fewer_than_3_camera_samples
2026-08-08_165433_326903_1_R9_TEST3__P052,2026-08-08_165433_326903_1_R9_TEST3,21.948066,22.0398598,22.2269496,fewer_than_3_camera_samples
2026-08-08_165433_326903_1_R9_TEST3__P053,2026-08-08_165433_326903_1_R9_TEST3,22.2269496,22.4079154,22.5050468,fewer_than_3_camera_samples
2026-08-08_165433_326903_1_R9_TEST3__P055,2026-08-08_165433_326903_1_R9_TEST3,22.8756407,22.9610892,23.156234,fewer_than_3_camera_samples
2026-08-08_165433_326903_1_R9_TEST3__P056,2026-08-08_165433_326903_1_R9_TEST3,23.156234,23.2439597,23.4182897,fewer_than_3_camera_samples
2026-08-08_165433_326903_1_R9_TEST3__P057,2026-08-08_165433_326903_1_R9_TEST3,23.4182897,23.6073515,23.7121553,fewer_than_3_camera_samples
2026-08-08_165433_326903_1_R9_TEST3__P058,2026-08-08_165433_326903_1_R9_TEST3,23.7121553,23.879764,23.9697734,fewer_than_3_camera_samples
2026-08-08_165433_326903_1_R9_TEST3__P060,2026-08-08_165433_326903_1_R9_TEST3,24.3620996,24.4548421,24.6131029,fewer_than_3_camera_samples
2026-08-08_165433_326903_1_R9_TEST3__P062,2026-08-08_165433_326903_1_R9_TEST3,24.9880004,25.0800805,25.2564051,fewer_than_3_camera_samples
2026-08-08_165433_326903_1_R9_TEST3__P063,2026-08-08_165433_326903_1_R9_TEST3,25.2564051,25.3537293,25.5336972,fewer_than_3_camera_samples
2026-08-08_165433_326903_1_R9_TEST3__P064,2026-08-08_165433_326903_1_R9_TEST3,25.5336972,25.7161067,25.8080804,fewer_than_3_camera_samples
2026-08-08_165433_326903_1_R9_TEST3__P065,2026-08-08_165433_326903_1_R9_TEST3,25.8080804,26.0049963,26.10099,fewer_than_3_camera_samples
2026-08-08_165433_326903_1_R9_TEST3__P067,2026-08-08_165433_326903_1_R9_TEST3,26.4700509,26.5592199,26.7271674,fewer_than_3_camera_samples
2026-08-08_165433_326903_1_R9_TEST3__P068,2026-08-08_165433_326903_1_R9_TEST3,26.7271674,26.8197853,27.0072102,fewer_than_3_camera_samples
2026-08-08_165433_326903_1_R9_TEST3__P069,2026-08-08_165433_326903_1_R9_TEST3,27.0072102,27.2012919,27.2977782,fewer_than_3_camera_samples
2026-08-08_165433_326903_1_R9_TEST3__P070,2026-08-08_165433_326903_1_R9_TEST3,27.2977782,27.4755495,27.5716431,fewer_than_3_camera_samples
2026-08-08_165433_326903_1_R9_TEST3__P071,2026-08-08_165433_326903_1_R9_TEST3,27.5716431,27.7395466,27.829982,fewer_than_3_camera_samples
2026-08-08_165433_326903_1_R9_TEST3__P072,2026-08-08_165433_326903_1_R9_TEST3,27.829982,28.0138259,28.1115503,fewer_than_3_camera_samples
2026-08-08_165433_326903_1_R9_TEST3__P073,2026-08-08_165433_326903_1_R9_TEST3,28.1115503,28.2974656,28.3825836,fewer_than_3_camera_samples
2026-08-08_165433_326903_1_R9_TEST3__P075,2026-08-08_165433_326903_1_R9_TEST3,28.6760007,28.7647179,28.9444103,fewer_than_3_camera_samples
2026-08-08_165433_326903_1_R9_TEST3__P076,2026-08-08_165433_326903_1_R9_TEST3,28.9444103,29.122527,29.2161565,fewer_than_3_camera_samples
2026-08-08_165433_326903_1_R9_TEST3__P077,2026-08-08_165433_326903_1_R9_TEST3,29.2161565,29.3986385,29.4935906,fewer_than_3_camera_samples
2026-08-08_165433_326903_1_R9_TEST3__P078,2026-08-08_165433_326903_1_R9_TEST3,29.4935906,29.6682348,29.8519281,fewer_than_3_camera_samples
2026-08-08_165433_326903_1_R9_TEST3__P079,2026-08-08_165433_326903_1_R9_TEST3,29.8519281,29.9437601,30.0361075,fewer_than_3_camera_samples
2026-08-08_165433_326903_1_R9_TEST3__P081,2026-08-08_165433_326903_1_R9_TEST3,30.4258695,30.5137853,30.6891868,fewer_than_3_camera_samples
2026-08-08_165433_326903_1_R9_TEST3__P082,2026-08-08_165433_326903_1_R9_TEST3,30.6891868,30.7745396,30.9581914,fewer_than_3_camera_samples
2026-08-08_165433_326903_1_R9_TEST3__P083,2026-08-08_165433_326903_1_R9_TEST3,30.9581914,31.047421,31.2309915,fewer_than_3_camera_samples
2026-08-08_165433_326903_1_R9_TEST3__P084,2026-08-08_165433_326903_1_R9_TEST3,31.2309915,31.3225919,31.5193684,fewer_than_3_camera_samples
2026-08-08_165519_988311_1_R9_TEST4__P008,2026-08-08_165519_988311_1_R9_TEST4,4.7593548,4.9407294,5.0332992,fewer_than_3_camera_samples
2026-08-08_165519_988311_1_R9_TEST4__P011,2026-08-08_165519_988311_1_R9_TEST4,5.763545,5.8556026,6.039307,fewer_than_3_camera_samples
2026-08-08_165519_988311_1_R9_TEST4__P014,2026-08-08_165519_988311_1_R9_TEST4,6.7926942,6.958516,7.1424394,fewer_than_3_camera_samples
2026-08-08_165519_988311_1_R9_TEST4__P017,2026-08-08_165519_988311_1_R9_TEST4,7.8821721,8.0643081,8.1607172,fewer_than_3_camera_samples
2026-08-08_165519_988311_1_R9_TEST4__P019,2026-08-08_165519_988311_1_R9_TEST4,8.5366875,8.6292958,8.8134362,fewer_than_3_camera_samples
2026-08-08_165519_988311_1_R9_TEST4__P020,2026-08-08_165519_988311_1_R9_TEST4,8.8134362,8.8991453,9.0821023,fewer_than_3_camera_samples
2026-08-08_165519_988311_1_R9_TEST4__P021,2026-08-08_165519_988311_1_R9_TEST4,9.0821023,9.2571895,9.4451297,fewer_than_3_camera_samples
2026-08-08_165519_988311_1_R9_TEST4__P022,2026-08-08_165519_988311_1_R9_TEST4,9.4451297,9.5434396,9.7271091,fewer_than_3_camera_samples
2026-08-08_165519_988311_1_R9_TEST4__P024,2026-08-08_165519_988311_1_R9_TEST4,9.9997411,10.1778692,10.2714417,fewer_than_3_camera_samples
2026-08-08_165519_988311_1_R9_TEST4__P025,2026-08-08_165519_988311_1_R9_TEST4,10.2714417,10.45128,10.5461703,fewer_than_3_camera_samples
2026-08-08_165519_988311_1_R9_TEST4__P026,2026-08-08_165519_988311_1_R9_TEST4,10.5461703,10.7402848,10.8271062,fewer_than_3_camera_samples
2026-08-08_165519_988311_1_R9_TEST4__P027,2026-08-08_165519_988311_1_R9_TEST4,10.8271062,11.0122785,11.1038567,fewer_than_3_camera_samples
2026-08-08_165519_988311_1_R9_TEST4__P029,2026-08-08_165519_988311_1_R9_TEST4,11.4664665,11.647199,11.8347401,fewer_than_3_camera_samples
2026-08-08_165519_988311_1_R9_TEST4__P030,2026-08-08_165519_988311_1_R9_TEST4,11.8347401,11.9217678,12.1071427,fewer_than_3_camera_samples
2026-08-08_165519_988311_1_R9_TEST4__P032,2026-08-08_165519_988311_1_R9_TEST4,12.4004318,12.5754893,12.754452,fewer_than_3_camera_samples
2026-08-08_165519_988311_1_R9_TEST4__P033,2026-08-08_165519_988311_1_R9_TEST4,12.754452,12.9331926,13.0248077,fewer_than_3_camera_samples
2026-08-08_165519_988311_1_R9_TEST4__P034,2026-08-08_165519_988311_1_R9_TEST4,13.0248077,13.20924,13.3044063,fewer_than_3_camera_samples
2026-08-08_165519_988311_1_R9_TEST4__P036,2026-08-08_165519_988311_1_R9_TEST4,13.6838229,13.7737441,13.9632427,fewer_than_3_camera_samples
2026-08-08_165519_988311_1_R9_TEST4__P037,2026-08-08_165519_988311_1_R9_TEST4,13.9632427,14.1278692,14.2234556,fewer_than_3_camera_samples
2026-08-08_165519_988311_1_R9_TEST4__P039,2026-08-08_165519_988311_1_R9_TEST4,14.6104295,14.6791845,14.8661803,fewer_than_3_camera_samples
2026-08-08_165519_988311_1_R9_TEST4__P040,2026-08-08_165519_988311_1_R9_TEST4,14.8661803,14.9549214,15.1399242,fewer_than_3_camera_samples
2026-08-08_165519_988311_1_R9_TEST4__P041,2026-08-08_165519_988311_1_R9_TEST4,15.1399242,15.3225739,15.4144635,fewer_than_3_camera_samples
2026-08-08_165519_988311_1_R9_TEST4__P042,2026-08-08_165519_988311_1_R9_TEST4,15.4144635,15.6065586,15.6974652,fewer_than_3_camera_samples
2026-08-08_165519_988311_1_R9_TEST4__P044,2026-08-08_165519_988311_1_R9_TEST4,16.0622503,16.1633783,16.3489783,fewer_than_3_camera_samples
2026-08-08_165519_988311_1_R9_TEST4__P045,2026-08-08_165519_988311_1_R9_TEST4,16.3489783,16.5281564,16.6168946,fewer_than_3_camera_samples
2026-08-08_165519_988311_1_R9_TEST4__P047,2026-08-08_165519_988311_1_R9_TEST4,16.979865,17.1699976,17.2655027,fewer_than_3_camera_samples
2026-08-08_165519_988311_1_R9_TEST4__P050,2026-08-08_165519_988311_1_R9_TEST4,18.0007855,18.092872,18.2751848,fewer_than_3_camera_samples
2026-08-08_165519_988311_1_R9_TEST4__P051,2026-08-08_165519_988311_1_R9_TEST4,18.2751848,18.4658593,18.6315622,fewer_than_3_camera_samples
2026-08-08_165519_988311_1_R9_TEST4__P052,2026-08-08_165519_988311_1_R9_TEST4,18.6315622,18.7291327,18.9245054,fewer_than_3_camera_samples
2026-08-08_165519_988311_1_R9_TEST4__P054,2026-08-08_165519_988311_1_R9_TEST4,19.2015757,19.3740649,19.473253,fewer_than_3_camera_samples
2026-08-08_165519_988311_1_R9_TEST4__P055,2026-08-08_165519_988311_1_R9_TEST4,19.473253,19.6522151,19.7424627,fewer_than_3_camera_samples
2026-08-08_165519_988311_1_R9_TEST4__P056,2026-08-08_165519_988311_1_R9_TEST4,19.7424627,19.9238656,20.1116699,fewer_than_3_camera_samples
2026-08-08_165519_988311_1_R9_TEST4__P057,2026-08-08_165519_988311_1_R9_TEST4,20.1116699,20.1970883,20.3885456,fewer_than_3_camera_samples
2026-08-08_165519_988311_1_R9_TEST4__P059,2026-08-08_165519_988311_1_R9_TEST4,20.6749419,20.8558742,20.9591026,fewer_than_3_camera_samples
2026-08-08_165519_988311_1_R9_TEST4__P060,2026-08-08_165519_988311_1_R9_TEST4,20.9591026,21.1176081,21.3041351,fewer_than_3_camera_samples
2026-08-08_165519_988311_1_R9_TEST4__P061,2026-08-08_165519_988311_1_R9_TEST4,21.3041351,21.487963,21.5837952,fewer_than_3_camera_samples
2026-08-08_165519_988311_1_R9_TEST4__P063,2026-08-08_165519_988311_1_R9_TEST4,21.9510831,22.0369427,22.2303356,fewer_than_3_camera_samples
2026-08-08_165519_988311_1_R9_TEST4__P064,2026-08-08_165519_988311_1_R9_TEST4,22.2303356,22.3194847,22.4964326,fewer_than_3_camera_samples
2026-08-08_165519_988311_1_R9_TEST4__P065,2026-08-08_165519_988311_1_R9_TEST4,22.4964326,22.6797282,22.7762565,fewer_than_3_camera_samples
2026-08-08_165519_988311_1_R9_TEST4__P069,2026-08-08_165519_988311_1_R9_TEST4,23.8829494,24.058032,24.2383515,fewer_than_3_camera_samples
2026-08-08_165519_988311_1_R9_TEST4__P071,2026-08-08_165519_988311_1_R9_TEST4,24.6170986,24.78969,24.8946212,fewer_than_3_camera_samples
2026-08-08_165519_988311_1_R9_TEST4__P073,2026-08-08_165519_988311_1_R9_TEST4,25.2581279,25.3545156,25.540229,fewer_than_3_camera_samples
2026-08-08_165519_988311_1_R9_TEST4__P075,2026-08-08_165519_988311_1_R9_TEST4,25.900029,25.990334,26.1894479,fewer_than_3_camera_samples
2026-08-08_165519_988311_1_R9_TEST4__P076,2026-08-08_165519_988311_1_R9_TEST4,26.1894479,26.3556567,26.4458452,fewer_than_3_camera_samples
2026-08-08_165519_988311_1_R9_TEST4__P078,2026-08-08_165519_988311_1_R9_TEST4,26.8176212,26.9106371,27.0886828,fewer_than_3_camera_samples
2026-08-08_165519_988311_1_R9_TEST4__P079,2026-08-08_165519_988311_1_R9_TEST4,27.0886828,27.2711993,27.4566761,fewer_than_3_camera_samples
2026-08-08_165519_988311_1_R9_TEST4__P081,2026-08-08_165519_988311_1_R9_TEST4,27.7480776,27.8354005,28.0186206,fewer_than_3_camera_samples
2026-08-08_165519_988311_1_R9_TEST4__P082,2026-08-08_165519_988311_1_R9_TEST4,28.0186206,28.196969,28.2886343,fewer_than_3_camera_samples
2026-08-08_165519_988311_1_R9_TEST4__P083,2026-08-08_165519_988311_1_R9_TEST4,28.2886343,28.466043,28.5603357,fewer_than_3_camera_samples
2026-08-08_165519_988311_1_R9_TEST4__P084,2026-08-08_165519_988311_1_R9_TEST4,28.5603357,28.7538795,28.855514,fewer_than_3_camera_samples
2026-08-08_165519_988311_1_R9_TEST4__P086,2026-08-08_165519_988311_1_R9_TEST4,29.2169175,29.3048181,29.4878239,fewer_than_3_camera_samples
2026-08-08_165519_988311_1_R9_TEST4__P087,2026-08-08_165519_988311_1_R9_TEST4,29.4878239,29.6685599,29.7596562,fewer_than_3_camera_samples
2026-08-08_165519_988311_1_R9_TEST4__P089,2026-08-08_165519_988311_1_R9_TEST4,30.1329955,30.3119337,30.4971363,fewer_than_3_camera_samples
2026-08-08_165519_988311_1_R9_TEST4__P092,2026-08-08_165519_988311_1_R9_TEST4,31.2285865,31.3154707,31.4997127,fewer_than_3_camera_samples
2026-08-08_165519_988311_1_R9_TEST4__P093,2026-08-08_165519_988311_1_R9_TEST4,31.4997127,31.7074186,31.8669015,fewer_than_3_camera_samples
2026-08-08_165519_988311_1_R9_TEST4__P095,2026-08-08_165519_988311_1_R9_TEST4,32.2358852,32.3265246,32.5103858,fewer_than_3_camera_samples
2026-08-08_165519_988311_1_R9_TEST4__P097,2026-08-08_165519_988311_1_R9_TEST4,32.8927511,32.9870017,33.1541406,fewer_than_3_camera_samples
2026-08-08_165519_988311_1_R9_TEST4__P100,2026-08-08_165519_988311_1_R9_TEST4,33.8916064,34.0729112,34.2568878,fewer_than_3_camera_samples
2026-08-08_165607_836382_1_R9_TEST5__P006,2026-08-08_165607_836382_1_R9_TEST5,4.0319883,4.1264054,4.3118074,fewer_than_3_camera_samples
2026-08-08_165607_836382_1_R9_TEST5__P008,2026-08-08_165607_836382_1_R9_TEST5,4.6940288,4.87423,5.0627858,fewer_than_3_camera_samples
2026-08-08_165607_836382_1_R9_TEST5__P009,2026-08-08_165607_836382_1_R9_TEST5,5.0627858,5.2376855,5.3278653,fewer_than_3_camera_samples
2026-08-08_165607_836382_1_R9_TEST5__P011,2026-08-08_165607_836382_1_R9_TEST5,5.6853534,5.7937287,5.9737625,fewer_than_3_camera_samples
2026-08-08_165607_836382_1_R9_TEST5__P012,2026-08-08_165607_836382_1_R9_TEST5,5.9737625,6.0648684,6.2477866,fewer_than_3_camera_samples
2026-08-08_165607_836382_1_R9_TEST5__P016,2026-08-08_165607_836382_1_R9_TEST5,7.3429006,7.4384753,7.6138532,fewer_than_3_camera_samples
2026-08-08_165607_836382_1_R9_TEST5__P017,2026-08-08_165607_836382_1_R9_TEST5,7.6138532,7.8000272,7.8956404,fewer_than_3_camera_samples
2026-08-08_165607_836382_1_R9_TEST5__P018,2026-08-08_165607_836382_1_R9_TEST5,7.8956404,8.0793492,8.2580869,fewer_than_3_camera_samples
2026-08-08_165607_836382_1_R9_TEST5__P020,2026-08-08_165607_836382_1_R9_TEST5,8.5470747,8.7245537,8.8144742,fewer_than_3_camera_samples
2026-08-08_165607_836382_1_R9_TEST5__P021,2026-08-08_165607_836382_1_R9_TEST5,8.8144742,8.9931485,9.1953727,fewer_than_3_camera_samples
2026-08-08_165607_836382_1_R9_TEST5__P022,2026-08-08_165607_836382_1_R9_TEST5,9.1953727,9.2802767,9.4537301,fewer_than_3_camera_samples
2026-08-08_165607_836382_1_R9_TEST5__P023,2026-08-08_165607_836382_1_R9_TEST5,9.4537301,9.5448871,9.7373802,fewer_than_3_camera_samples
2026-08-08_165607_836382_1_R9_TEST5__P025,2026-08-08_165607_836382_1_R9_TEST5,10.0183092,10.1060333,10.2937236,fewer_than_3_camera_samples
2026-08-08_165607_836382_1_R9_TEST5__P026,2026-08-08_165607_836382_1_R9_TEST5,10.2937236,10.380523,10.5630671,fewer_than_3_camera_samples
2026-08-08_165607_836382_1_R9_TEST5__P027,2026-08-08_165607_836382_1_R9_TEST5,10.5630671,10.6516865,10.8395531,fewer_than_3_camera_samples
2026-08-08_165607_836382_1_R9_TEST5__P028,2026-08-08_165607_836382_1_R9_TEST5,10.8395531,10.9321097,11.0174769,fewer_than_3_camera_samples
2026-08-08_165607_836382_1_R9_TEST5__P029,2026-08-08_165607_836382_1_R9_TEST5,11.0174769,11.2152573,11.3031437,fewer_than_3_camera_samples
2026-08-08_165607_836382_1_R9_TEST5__P031,2026-08-08_165607_836382_1_R9_TEST5,11.6600476,11.7557766,11.9387685,fewer_than_3_camera_samples
2026-08-08_165607_836382_1_R9_TEST5__P032,2026-08-08_165607_836382_1_R9_TEST5,11.9387685,12.1254013,12.2114535,fewer_than_3_camera_samples
2026-08-08_165607_836382_1_R9_TEST5__P033,2026-08-08_165607_836382_1_R9_TEST5,12.2114535,12.404087,12.4893885,fewer_than_3_camera_samples
2026-08-08_165607_836382_1_R9_TEST5__P034,2026-08-08_165607_836382_1_R9_TEST5,12.4893885,12.6703145,12.7602977,fewer_than_3_camera_samples
2026-08-08_165607_836382_1_R9_TEST5__P035,2026-08-08_165607_836382_1_R9_TEST5,12.7602977,12.9593247,13.0468843,fewer_than_3_camera_samples
2026-08-08_165607_836382_1_R9_TEST5__P036,2026-08-08_165607_836382_1_R9_TEST5,13.0468843,13.2271227,13.3196313,fewer_than_3_camera_samples
2026-08-08_165607_836382_1_R9_TEST5__P037,2026-08-08_165607_836382_1_R9_TEST5,13.3196313,13.5021159,13.5901624,fewer_than_3_camera_samples
2026-08-08_165607_836382_1_R9_TEST5__P038,2026-08-08_165607_836382_1_R9_TEST5,13.5901624,13.7751892,13.8703724,fewer_than_3_camera_samples
2026-08-08_165607_836382_1_R9_TEST5__P040,2026-08-08_165607_836382_1_R9_TEST5,14.151682,14.3257303,14.4231504,fewer_than_3_camera_samples
2026-08-08_165607_836382_1_R9_TEST5__P041,2026-08-08_165607_836382_1_R9_TEST5,14.4231504,14.60447,14.6943099,fewer_than_3_camera_samples
2026-08-08_165607_836382_1_R9_TEST5__P042,2026-08-08_165607_836382_1_R9_TEST5,14.6943099,14.8744183,14.9663734,fewer_than_3_camera_samples
2026-08-08_165607_836382_1_R9_TEST5__P043,2026-08-08_165607_836382_1_R9_TEST5,14.9663734,15.1549451,15.2447562,fewer_than_3_camera_samples
2026-08-08_165607_836382_1_R9_TEST5__P044,2026-08-08_165607_836382_1_R9_TEST5,15.2447562,15.4259102,15.5181301,fewer_than_3_camera_samples
2026-08-08_165607_836382_1_R9_TEST5__P046,2026-08-08_165607_836382_1_R9_TEST5,15.8937673,15.9793112,16.1662114,fewer_than_3_camera_samples
2026-08-08_165607_836382_1_R9_TEST5__P047,2026-08-08_165607_836382_1_R9_TEST5,16.1662114,16.2650804,16.4419518,fewer_than_3_camera_samples
2026-08-08_165607_836382_1_R9_TEST5__P048,2026-08-08_165607_836382_1_R9_TEST5,16.4419518,16.5305272,16.7128994,fewer_than_3_camera_samples
2026-08-08_165607_836382_1_R9_TEST5__P049,2026-08-08_165607_836382_1_R9_TEST5,16.7128994,16.9043965,16.9894312,fewer_than_3_camera_samples
2026-08-08_165607_836382_1_R9_TEST5__P050,2026-08-08_165607_836382_1_R9_TEST5,16.9894312,17.0808778,17.2755046,fewer_than_3_camera_samples
2026-08-08_165607_836382_1_R9_TEST5__P051,2026-08-08_165607_836382_1_R9_TEST5,17.2755046,17.3822528,17.5401279,fewer_than_3_camera_samples
2026-08-08_165607_836382_1_R9_TEST5__P052,2026-08-08_165607_836382_1_R9_TEST5,17.5401279,17.6319714,17.8221112,fewer_than_3_camera_samples
2026-08-08_165607_836382_1_R9_TEST5__P053,2026-08-08_165607_836382_1_R9_TEST5,17.8221112,17.9115052,18.0954872,fewer_than_3_camera_samples
2026-08-08_165607_836382_1_R9_TEST5__P056,2026-08-08_165607_836382_1_R9_TEST5,18.839004,19.0312739,19.102694,fewer_than_3_camera_samples
2026-08-08_165607_836382_1_R9_TEST5__P058,2026-08-08_165607_836382_1_R9_TEST5,19.4734657,19.6566499,19.8383123,fewer_than_3_camera_samples
2026-08-08_165607_836382_1_R9_TEST5__P059,2026-08-08_165607_836382_1_R9_TEST5,19.8383123,20.0250924,20.1301487,fewer_than_3_camera_samples
2026-08-08_165607_836382_1_R9_TEST5__P061,2026-08-08_165607_836382_1_R9_TEST5,20.4974503,20.6860368,20.7766079,fewer_than_3_camera_samples
2026-08-08_165607_836382_1_R9_TEST5__P064,2026-08-08_165607_836382_1_R9_TEST5,21.4932658,21.6779779,21.8864759,fewer_than_3_camera_samples
2026-08-08_165607_836382_1_R9_TEST5__P072,2026-08-08_165607_836382_1_R9_TEST5,24.5467995,24.7251334,24.9021791,fewer_than_3_camera_samples
2026-08-08_165607_836382_1_R9_TEST5__P073,2026-08-08_165607_836382_1_R9_TEST5,24.9021791,24.9941453,25.1854357,fewer_than_3_camera_samples
2026-08-08_165607_836382_1_R9_TEST5__P076,2026-08-08_165607_836382_1_R9_TEST5,25.9195341,26.1024382,26.1920068,fewer_than_3_camera_samples
2026-08-08_165607_836382_1_R9_TEST5__P078,2026-08-08_165607_836382_1_R9_TEST5,26.5534919,26.7425034,26.8271906,fewer_than_3_camera_samples
2026-08-08_165607_836382_1_R9_TEST5__P079,2026-08-08_165607_836382_1_R9_TEST5,26.8271906,27.0213736,27.2012984,fewer_than_3_camera_samples
2026-08-08_165607_836382_1_R9_TEST5__P080,2026-08-08_165607_836382_1_R9_TEST5,27.2012984,27.3908552,27.4808144,fewer_than_3_camera_samples
2026-08-08_165607_836382_1_R9_TEST5__P082,2026-08-08_165607_836382_1_R9_TEST5,27.7611032,27.9268911,28.1113128,fewer_than_3_camera_samples
2026-08-08_165607_836382_1_R9_TEST5__P084,2026-08-08_165607_836382_1_R9_TEST5,28.4846368,28.6812584,28.7754494,fewer_than_3_camera_samples
2026-08-08_165607_836382_1_R9_TEST5__P087,2026-08-08_165607_836382_1_R9_TEST5,29.5063761,29.6854086,29.8582478,fewer_than_3_camera_samples
2026-08-08_165607_836382_1_R9_TEST5__P088,2026-08-08_165607_836382_1_R9_TEST5,29.8582478,29.9490093,30.1469629,fewer_than_3_camera_samples
2026-08-08_165607_836382_1_R9_TEST5__P090,2026-08-08_165607_836382_1_R9_TEST5,30.5194206,30.6155172,30.7763586,fewer_than_3_camera_samples
2026-08-08_165607_836382_1_R9_TEST5__P091,2026-08-08_165607_836382_1_R9_TEST5,30.7763586,30.9711528,31.0671179,fewer_than_3_camera_samples
2026-08-08_165607_836382_1_R9_TEST5__P092,2026-08-08_165607_836382_1_R9_TEST5,31.0671179,31.2376427,31.3279112,fewer_than_3_camera_samples
2026-08-08_165607_836382_1_R9_TEST5__P094,2026-08-08_165607_836382_1_R9_TEST5,31.6158632,31.7999544,31.8890677,fewer_than_3_camera_samples
2026-08-08_165607_836382_1_R9_TEST5__P095,2026-08-08_165607_836382_1_R9_TEST5,31.8890677,32.0645007,32.1552437,fewer_than_3_camera_samples
2026-08-08_165607_836382_1_R9_TEST5__P097,2026-08-08_165607_836382_1_R9_TEST5,32.4310411,32.6159335,32.8079496,fewer_than_3_camera_samples
2026-08-08_165607_836382_1_R9_TEST5__P098,2026-08-08_165607_836382_1_R9_TEST5,32.8079496,32.9825192,33.0799101,fewer_than_3_camera_samples
2026-08-08_165607_836382_1_R9_TEST5__P100,2026-08-08_165607_836382_1_R9_TEST5,33.4546682,33.5397285,33.7256868,fewer_than_3_camera_samples
2026-08-08_165607_836382_1_R9_TEST5__P101,2026-08-08_165607_836382_1_R9_TEST5,33.7256868,33.8173286,34.0099864,fewer_than_3_camera_samples
2026-08-08_165607_836382_1_R9_TEST5__P102,2026-08-08_165607_836382_1_R9_TEST5,34.0099864,34.1891805,34.2847992,fewer_than_3_camera_samples
2026-08-08_165607_836382_1_R9_TEST5__P104,2026-08-08_165607_836382_1_R9_TEST5,34.6483889,34.7377208,34.9165269,fewer_than_3_camera_samples
2026-08-08_165607_836382_1_R9_TEST5__P105,2026-08-08_165607_836382_1_R9_TEST5,34.9165269,35.0057775,35.2050053,fewer_than_3_camera_samples
2026-08-08_165607_836382_1_R9_TEST5__P109,2026-08-08_165607_836382_1_R9_TEST5,36.5795347,36.7658476,36.9426181,fewer_than_3_camera_samples
2026-08-08_165607_836382_1_R9_TEST5__P111,2026-08-08_165607_836382_1_R9_TEST5,37.2292744,37.4084043,37.5981475,fewer_than_3_camera_samples
2026-08-08_165607_836382_1_R9_TEST5__P112,2026-08-08_165607_836382_1_R9_TEST5,37.5981475,37.6903139,37.8544914,fewer_than_3_camera_samples
2026-08-08_165607_836382_1_R9_TEST5__P113,2026-08-08_165607_836382_1_R9_TEST5,37.8544914,38.0441951,38.1346939,fewer_than_3_camera_samples
2026-08-08_165607_836382_1_R9_TEST5__P115,2026-08-08_165607_836382_1_R9_TEST5,38.4267395,38.6043309,38.6966482,fewer_than_3_camera_samples
2026-08-08_165607_836382_1_R9_TEST5__P116,2026-08-08_165607_836382_1_R9_TEST5,38.6966482,38.8909413,39.0498897,fewer_than_3_camera_samples
2026-08-08_165607_836382_1_R9_TEST5__P117,2026-08-08_165607_836382_1_R9_TEST5,39.0498897,39.1453638,39.3339487,fewer_than_3_camera_samples
2026-08-08_165607_836382_1_R9_TEST5__P119,2026-08-08_165607_836382_1_R9_TEST5,39.623034,39.7952219,39.8864174,fewer_than_3_camera_samples
2026-08-08_165607_836382_1_R9_TEST5__P121,2026-08-08_165607_836382_1_R9_TEST5,40.1662098,40.3415226,40.5392714,fewer_than_3_camera_samples
2026-08-08_165607_836382_1_R9_TEST5__P122,2026-08-08_165607_836382_1_R9_TEST5,40.5392714,40.6119706,40.7974356,fewer_than_3_camera_samples
2026-08-08_165607_836382_1_R9_TEST5__P123,2026-08-08_165607_836382_1_R9_TEST5,40.7974356,40.9857192,41.0800608,fewer_than_3_camera_samples
2026-08-08_165607_836382_1_R9_TEST5__P125,2026-08-08_165607_836382_1_R9_TEST5,41.4491331,41.5430635,41.7265716,fewer_than_3_camera_samples
2026-08-08_165709_643597_1_R9_TEST6__P008,2026-08-08_165709_643597_1_R9_TEST6,4.6853707,4.8505195,4.9553703,fewer_than_3_camera_samples
2026-08-08_165709_643597_1_R9_TEST6__P010,2026-08-08_165709_643597_1_R9_TEST6,5.3347647,5.5003671,5.6748453,fewer_than_3_camera_samples
2026-08-08_165709_643597_1_R9_TEST6__P011,2026-08-08_165709_643597_1_R9_TEST6,5.6748453,5.7719727,5.9507438,fewer_than_3_camera_samples
2026-08-08_165709_643597_1_R9_TEST6__P012,2026-08-08_165709_643597_1_R9_TEST6,5.9507438,6.1575473,6.226491,fewer_than_3_camera_samples
2026-08-08_165709_643597_1_R9_TEST6__P014,2026-08-08_165709_643597_1_R9_TEST6,6.5943032,6.6987496,6.8748292,fewer_than_3_camera_samples
2026-08-08_165709_643597_1_R9_TEST6__P015,2026-08-08_165709_643597_1_R9_TEST6,6.8748292,6.96935,7.1568253,fewer_than_3_camera_samples
2026-08-08_165709_643597_1_R9_TEST6__P016,2026-08-08_165709_643597_1_R9_TEST6,7.1568253,7.2531594,7.4324484,fewer_than_3_camera_samples
2026-08-08_165709_643597_1_R9_TEST6__P017,2026-08-08_165709_643597_1_R9_TEST6,7.4324484,7.6191458,7.7085457,fewer_than_3_camera_samples
2026-08-08_165709_643597_1_R9_TEST6__P018,2026-08-08_165709_643597_1_R9_TEST6,7.7085457,7.8997844,7.9891755,fewer_than_3_camera_samples
2026-08-08_165709_643597_1_R9_TEST6__P019,2026-08-08_165709_643597_1_R9_TEST6,7.9891755,8.1689679,8.2638984,fewer_than_3_camera_samples
2026-08-08_165709_643597_1_R9_TEST6__P021,2026-08-08_165709_643597_1_R9_TEST6,8.6184428,8.7137529,8.9077864,fewer_than_3_camera_samples
2026-08-08_165709_643597_1_R9_TEST6__P022,2026-08-08_165709_643597_1_R9_TEST6,8.9077864,8.9914499,9.1756674,fewer_than_3_camera_samples
2026-08-08_165709_643597_1_R9_TEST6__P023,2026-08-08_165709_643597_1_R9_TEST6,9.1756674,9.3608795,9.4653541,fewer_than_3_camera_samples
2026-08-08_165709_643597_1_R9_TEST6__P025,2026-08-08_165709_643597_1_R9_TEST6,9.7314031,9.9072478,10.0163736,fewer_than_3_camera_samples
2026-08-08_165709_643597_1_R9_TEST6__P026,2026-08-08_165709_643597_1_R9_TEST6,10.0163736,10.1788535,10.2711897,fewer_than_3_camera_samples
2026-08-08_165709_643597_1_R9_TEST6__P027,2026-08-08_165709_643597_1_R9_TEST6,10.2711897,10.4654627,10.5725549,fewer_than_3_camera_samples
2026-08-08_165709_643597_1_R9_TEST6__P029,2026-08-08_165709_643597_1_R9_TEST6,10.926696,11.0225596,11.1902746,fewer_than_3_camera_samples
2026-08-08_165709_643597_1_R9_TEST6__P031,2026-08-08_165709_643597_1_R9_TEST6,11.4763206,11.673432,11.7648571,fewer_than_3_camera_samples
2026-08-08_165709_643597_1_R9_TEST6__P032,2026-08-08_165709_643597_1_R9_TEST6,11.7648571,11.9294026,12.0220403,fewer_than_3_camera_samples
2026-08-08_165709_643597_1_R9_TEST6__P033,2026-08-08_165709_643597_1_R9_TEST6,12.0220403,12.2457473,12.2964293,fewer_than_3_camera_samples
2026-08-08_165709_643597_1_R9_TEST6__P034,2026-08-08_165709_643597_1_R9_TEST6,12.2964293,12.4770455,12.5738655,fewer_than_3_camera_samples
2026-08-08_165709_643597_1_R9_TEST6__P036,2026-08-08_165709_643597_1_R9_TEST6,12.9489477,13.0415113,13.2215285,fewer_than_3_camera_samples
2026-08-08_165709_643597_1_R9_TEST6__P037,2026-08-08_165709_643597_1_R9_TEST6,13.2215285,13.4014981,13.4981983,fewer_than_3_camera_samples
2026-08-08_165709_643597_1_R9_TEST6__P038,2026-08-08_165709_643597_1_R9_TEST6,13.4981983,13.6722511,13.7669041,fewer_than_3_camera_samples
2026-08-08_165709_643597_1_R9_TEST6__P039,2026-08-08_165709_643597_1_R9_TEST6,13.7669041,13.9538256,14.0406948,fewer_than_3_camera_samples
2026-08-08_165709_643597_1_R9_TEST6__P041,2026-08-08_165709_643597_1_R9_TEST6,14.412292,14.4994061,14.6857462,fewer_than_3_camera_samples
2026-08-08_165709_643597_1_R9_TEST6__P042,2026-08-08_165709_643597_1_R9_TEST6,14.6857462,14.7752956,14.9721075,fewer_than_3_camera_samples
2026-08-08_165709_643597_1_R9_TEST6__P043,2026-08-08_165709_643597_1_R9_TEST6,14.9721075,15.0756158,15.2395598,fewer_than_3_camera_samples
2026-08-08_165709_643597_1_R9_TEST6__P044,2026-08-08_165709_643597_1_R9_TEST6,15.2395598,15.3336294,15.5265624,fewer_than_3_camera_samples
2026-08-08_165709_643597_1_R9_TEST6__P046,2026-08-08_165709_643597_1_R9_TEST6,15.8835508,16.0662689,16.2489355,fewer_than_3_camera_samples
2026-08-08_165709_643597_1_R9_TEST6__P048,2026-08-08_165709_643597_1_R9_TEST6,16.6246831,16.8135566,16.9066475,fewer_than_3_camera_samples
2026-08-08_165709_643597_1_R9_TEST6__P051,2026-08-08_165709_643597_1_R9_TEST6,17.6259779,17.8118889,17.9925866,fewer_than_3_camera_samples
2026-08-08_165709_643597_1_R9_TEST6__P053,2026-08-08_165709_643597_1_R9_TEST6,18.2688823,18.4520514,18.6383821,fewer_than_3_camera_samples
2026-08-08_165709_643597_1_R9_TEST6__P056,2026-08-08_165709_643597_1_R9_TEST6,19.3937426,19.5550876,19.7388579,fewer_than_3_camera_samples
2026-08-08_165709_643597_1_R9_TEST6__P060,2026-08-08_165709_643597_1_R9_TEST6,20.8419687,21.0444768,21.1342992,fewer_than_3_camera_samples
2026-08-08_165709_643597_1_R9_TEST6__P071,2026-08-08_165709_643597_1_R9_TEST6,25.7425207,25.902657,26.1001781,fewer_than_3_camera_samples
2026-08-08_165709_643597_1_R9_TEST6__P074,2026-08-08_165709_643597_1_R9_TEST6,26.8238233,27.0990661,27.1960051,fewer_than_3_camera_samples
2026-08-08_165709_643597_1_R9_TEST6__P077,2026-08-08_165709_643597_1_R9_TEST6,28.0199635,28.2069103,28.3918071,fewer_than_3_camera_samples
2026-08-08_165709_643597_1_R9_TEST6__P081,2026-08-08_165709_643597_1_R9_TEST6,29.4913768,29.6664383,29.8642019,fewer_than_3_camera_samples
2026-08-08_165709_643597_1_R9_TEST6__P085,2026-08-08_165709_643597_1_R9_TEST6,30.9682863,31.0568027,31.2424668,fewer_than_3_camera_samples
2026-08-08_165709_643597_1_R9_TEST6__P087,2026-08-08_165709_643597_1_R9_TEST6,31.6138081,31.7948216,31.8887548,fewer_than_3_camera_samples
2026-08-08_165709_643597_1_R9_TEST6__P088,2026-08-08_165709_643597_1_R9_TEST6,31.8887548,32.0563289,32.2462214,fewer_than_3_camera_samples
2026-08-08_165709_643597_1_R9_TEST6__P089,2026-08-08_165709_643597_1_R9_TEST6,32.2462214,32.427259,32.5220007,fewer_than_3_camera_samples
2026-08-08_165709_643597_1_R9_TEST6__P091,2026-08-08_165709_643597_1_R9_TEST6,32.887058,32.9773322,33.1757379,fewer_than_3_camera_samples
2026-08-08_165709_643597_1_R9_TEST6__P092,2026-08-08_165709_643597_1_R9_TEST6,33.1757379,33.2606122,33.435221,fewer_than_3_camera_samples
2026-08-08_165709_643597_1_R9_TEST6__P093,2026-08-08_165709_643597_1_R9_TEST6,33.435221,33.5271275,33.7295181,fewer_than_3_camera_samples
2026-08-08_165709_643597_1_R9_TEST6__P094,2026-08-08_165709_643597_1_R9_TEST6,33.7295181,33.9031372,34.0028214,fewer_than_3_camera_samples
2026-08-08_165709_643597_1_R9_TEST6__P096,2026-08-08_165709_643597_1_R9_TEST6,34.356404,34.4493732,34.6413236,fewer_than_3_camera_samples
2026-08-08_165709_643597_1_R9_TEST6__P097,2026-08-08_165709_643597_1_R9_TEST6,34.6413236,34.7290608,34.9128979,fewer_than_3_camera_samples
2026-08-08_165709_643597_1_R9_TEST6__P098,2026-08-08_165709_643597_1_R9_TEST6,34.9128979,35.0993632,35.1966478,fewer_than_3_camera_samples
2026-08-08_165709_643597_1_R9_TEST6__P100,2026-08-08_165709_643597_1_R9_TEST6,35.5544686,35.6457228,35.8471586,fewer_than_3_camera_samples
2026-08-08_165709_643597_1_R9_TEST6__P101,2026-08-08_165709_643597_1_R9_TEST6,35.8471586,35.9339107,36.1171648,fewer_than_3_camera_samples
2026-08-08_165709_643597_1_R9_TEST6__P102,2026-08-08_165709_643597_1_R9_TEST6,36.1171648,36.2954609,36.3977849,fewer_than_3_camera_samples
2026-08-08_165709_643597_1_R9_TEST6__P104,2026-08-08_165709_643597_1_R9_TEST6,36.7613703,36.8511509,37.0292886,fewer_than_3_camera_samples
2026-08-08_165709_643597_1_R9_TEST6__P105,2026-08-08_165709_643597_1_R9_TEST6,37.0292886,37.122693,37.2988634,fewer_than_3_camera_samples
2026-08-08_165709_643597_1_R9_TEST6__P106,2026-08-08_165709_643597_1_R9_TEST6,37.2988634,37.3941802,37.576003,fewer_than_3_camera_samples
2026-08-08_165709_643597_1_R9_TEST6__P107,2026-08-08_165709_643597_1_R9_TEST6,37.576003,37.6650458,37.8475909,fewer_than_3_camera_samples
2026-08-08_165709_643597_1_R9_TEST6__P109,2026-08-08_165709_643597_1_R9_TEST6,38.2214095,38.4103142,38.5085794,fewer_than_3_camera_samples
2026-08-08_165709_643597_1_R9_TEST6__P112,2026-08-08_165709_643597_1_R9_TEST6,39.2294385,39.3184257,39.502117,fewer_than_3_camera_samples
2026-08-08_165709_643597_1_R9_TEST6__P113,2026-08-08_165709_643597_1_R9_TEST6,39.502117,39.6969603,39.7877171,fewer_than_3_camera_samples
2026-08-08_165709_643597_1_R9_TEST6__P115,2026-08-08_165709_643597_1_R9_TEST6,40.1511475,40.2444427,40.4262097,fewer_than_3_camera_samples
2026-08-08_165709_643597_1_R9_TEST6__P116,2026-08-08_165709_643597_1_R9_TEST6,40.4262097,40.6048926,40.6972544,fewer_than_3_camera_samples
2026-08-08_165709_643597_1_R9_TEST6__P117,2026-08-08_165709_643597_1_R9_TEST6,40.6972544,40.8922957,40.9807579,fewer_than_3_camera_samples
2026-08-08_165709_643597_1_R9_TEST6__P119,2026-08-08_165709_643597_1_R9_TEST6,41.350391,41.4450171,41.6334735,fewer_than_3_camera_samples
2026-08-08_165709_643597_1_R9_TEST6__P120,2026-08-08_165709_643597_1_R9_TEST6,41.6334735,41.805988,41.906017,fewer_than_3_camera_samples
2026-08-08_165709_643597_1_R9_TEST6__P121,2026-08-08_165709_643597_1_R9_TEST6,41.906017,42.0922933,42.1826566,fewer_than_3_camera_samples
2026-08-08_165709_643597_1_R9_TEST6__P123,2026-08-08_165709_643597_1_R9_TEST6,42.5487905,42.6427826,42.8271371,fewer_than_3_camera_samples
2026-08-08_165709_643597_1_R9_TEST6__P124,2026-08-08_165709_643597_1_R9_TEST6,42.8271371,43.0117973,43.1945908,fewer_than_3_camera_samples
2026-08-08_171310_689179_1_R9_TEST7__P003,2026-08-08_171310_689179_1_R9_TEST7,2.4703195,2.6632437,2.7617187,fewer_than_3_camera_samples
2026-08-08_171310_689179_1_R9_TEST7__P005,2026-08-08_171310_689179_1_R9_TEST7,3.1136305,3.2092074,3.4004473,fewer_than_3_camera_samples
2026-08-08_171310_689179_1_R9_TEST7__P006,2026-08-08_171310_689179_1_R9_TEST7,3.4004473,3.4974628,3.6648631,fewer_than_3_camera_samples
2026-08-08_171310_689179_1_R9_TEST7__P007,2026-08-08_171310_689179_1_R9_TEST7,3.6648631,3.8652147,3.9565579,fewer_than_3_camera_samples
2026-08-08_171310_689179_1_R9_TEST7__P009,2026-08-08_171310_689179_1_R9_TEST7,4.3093099,4.410257,4.6015782,fewer_than_3_camera_samples
2026-08-08_171310_689179_1_R9_TEST7__P010,2026-08-08_171310_689179_1_R9_TEST7,4.6015782,4.6979432,4.8598909,fewer_than_3_camera_samples
2026-08-08_171310_689179_1_R9_TEST7__P011,2026-08-08_171310_689179_1_R9_TEST7,4.8598909,5.0736207,5.1355258,fewer_than_3_camera_samples
2026-08-08_171310_689179_1_R9_TEST7__P012,2026-08-08_171310_689179_1_R9_TEST7,5.1355258,5.3352394,5.4297573,fewer_than_3_camera_samples
2026-08-08_171310_689179_1_R9_TEST7__P013,2026-08-08_171310_689179_1_R9_TEST7,5.4297573,5.5954321,5.6931826,fewer_than_3_camera_samples
2026-08-08_171310_689179_1_R9_TEST7__P014,2026-08-08_171310_689179_1_R9_TEST7,5.6931826,5.8820723,5.9750688,fewer_than_3_camera_samples
2026-08-08_171310_689179_1_R9_TEST7__P015,2026-08-08_171310_689179_1_R9_TEST7,5.9750688,6.1681668,6.239258,fewer_than_3_camera_samples
2026-08-08_171310_689179_1_R9_TEST7__P017,2026-08-08_171310_689179_1_R9_TEST7,6.530755,6.6980473,6.8014291,fewer_than_3_camera_samples
2026-08-08_171310_689179_1_R9_TEST7__P018,2026-08-08_171310_689179_1_R9_TEST7,6.8014291,6.9845154,7.0811789,fewer_than_3_camera_samples
2026-08-08_171310_689179_1_R9_TEST7__P019,2026-08-08_171310_689179_1_R9_TEST7,7.0811789,7.2518695,7.3525547,fewer_than_3_camera_samples
2026-08-08_171310_689179_1_R9_TEST7__P020,2026-08-08_171310_689179_1_R9_TEST7,7.3525547,7.5341873,7.6285485,fewer_than_3_camera_samples
2026-08-08_171310_689179_1_R9_TEST7__P021,2026-08-08_171310_689179_1_R9_TEST7,7.6285485,7.8010971,7.8946368,fewer_than_3_camera_samples
2026-08-08_171310_689179_1_R9_TEST7__P022,2026-08-08_171310_689179_1_R9_TEST7,7.8946368,8.0810911,8.1749249,fewer_than_3_camera_samples
2026-08-08_171310_689179_1_R9_TEST7__P023,2026-08-08_171310_689179_1_R9_TEST7,8.1749249,8.372123,8.4697758,fewer_than_3_camera_samples
2026-08-08_171310_689179_1_R9_TEST7__P024,2026-08-08_171310_689179_1_R9_TEST7,8.4697758,8.5421424,8.7279745,fewer_than_3_camera_samples
2026-08-08_171310_689179_1_R9_TEST7__P025,2026-08-08_171310_689179_1_R9_TEST7,8.7279745,8.8316613,8.995891,fewer_than_3_camera_samples
2026-08-08_171310_689179_1_R9_TEST7__P026,2026-08-08_171310_689179_1_R9_TEST7,8.995891,9.0920669,9.2807809,fewer_than_3_camera_samples
2026-08-08_171310_689179_1_R9_TEST7__P027,2026-08-08_171310_689179_1_R9_TEST7,9.2807809,9.3870648,9.5541957,fewer_than_3_camera_samples
2026-08-08_171310_689179_1_R9_TEST7__P028,2026-08-08_171310_689179_1_R9_TEST7,9.5541957,9.7452192,9.8406592,fewer_than_3_camera_samples
2026-08-08_171310_689179_1_R9_TEST7__P029,2026-08-08_171310_689179_1_R9_TEST7,9.8406592,10.0073504,10.1094016,fewer_than_3_camera_samples
2026-08-08_171310_689179_1_R9_TEST7__P031,2026-08-08_171310_689179_1_R9_TEST7,10.4664377,10.5660683,10.6639992,fewer_than_3_camera_samples
2026-08-08_171310_689179_1_R9_TEST7__P032,2026-08-08_171310_689179_1_R9_TEST7,10.6639992,10.8341944,10.9337104,fewer_than_3_camera_samples
2026-08-08_171310_689179_1_R9_TEST7__P033,2026-08-08_171310_689179_1_R9_TEST7,10.9337104,11.1264873,11.3021458,fewer_than_3_camera_samples
2026-08-08_171310_689179_1_R9_TEST7__P035,2026-08-08_171310_689179_1_R9_TEST7,11.6006491,11.6613295,11.8612689,fewer_than_3_camera_samples
2026-08-08_171310_689179_1_R9_TEST7__P036,2026-08-08_171310_689179_1_R9_TEST7,11.8612689,11.9614034,12.1349901,fewer_than_3_camera_samples
2026-08-08_171310_689179_1_R9_TEST7__P037,2026-08-08_171310_689179_1_R9_TEST7,12.1349901,12.2286785,12.4138334,fewer_than_3_camera_samples
2026-08-08_171310_689179_1_R9_TEST7__P038,2026-08-08_171310_689179_1_R9_TEST7,12.4138334,12.5135796,12.6915118,fewer_than_3_camera_samples
2026-08-08_171310_689179_1_R9_TEST7__P040,2026-08-08_171310_689179_1_R9_TEST7,13.1319661,13.3367986,13.4251655,fewer_than_3_camera_samples
2026-08-08_171310_689179_1_R9_TEST7__P042,2026-08-08_171310_689179_1_R9_TEST7,13.8738931,13.963047,14.0597905,fewer_than_3_camera_samples
2026-08-08_171310_689179_1_R9_TEST7__P043,2026-08-08_171310_689179_1_R9_TEST7,14.0597905,14.2554135,14.3561431,fewer_than_3_camera_samples
2026-08-08_175136_976213_1_R9_TEST1_v2__P002,2026-08-08_175136_976213_1_R9_TEST1_v2,1.8993168,2.0793123,2.1748972,fewer_than_3_camera_samples
2026-08-08_175136_976213_1_R9_TEST1_v2__P003,2026-08-08_175136_976213_1_R9_TEST1_v2,2.1748972,2.263192,2.4473719,fewer_than_3_camera_samples
2026-08-08_175136_976213_1_R9_TEST1_v2__P004,2026-08-08_175136_976213_1_R9_TEST1_v2,2.4473719,2.5388902,2.7230782,fewer_than_3_camera_samples
2026-08-08_175136_976213_1_R9_TEST1_v2__P005,2026-08-08_175136_976213_1_R9_TEST1_v2,2.7230782,2.8152363,2.9092516,fewer_than_3_camera_samples
2026-08-08_175136_976213_1_R9_TEST1_v2__P006,2026-08-08_175136_976213_1_R9_TEST1_v2,2.9092516,3.0961203,3.1823257,fewer_than_3_camera_samples
2026-08-08_175136_976213_1_R9_TEST1_v2__P007,2026-08-08_175136_976213_1_R9_TEST1_v2,3.1823257,3.2738633,3.4583675,fewer_than_3_camera_samples
2026-08-08_175136_976213_1_R9_TEST1_v2__P008,2026-08-08_175136_976213_1_R9_TEST1_v2,3.4583675,3.5497494,3.64214,fewer_than_3_camera_samples
2026-08-08_175136_976213_1_R9_TEST1_v2__P009,2026-08-08_175136_976213_1_R9_TEST1_v2,3.64214,3.8255594,3.9241435,fewer_than_3_camera_samples
2026-08-08_175136_976213_1_R9_TEST1_v2__P010,2026-08-08_175136_976213_1_R9_TEST1_v2,3.9241435,4.1118438,4.1929402,fewer_than_3_camera_samples
2026-08-08_175136_976213_1_R9_TEST1_v2__P011,2026-08-08_175136_976213_1_R9_TEST1_v2,4.1929402,4.2866955,4.4687379,fewer_than_3_camera_samples
2026-08-08_175136_976213_1_R9_TEST1_v2__P012,2026-08-08_175136_976213_1_R9_TEST1_v2,4.4687379,4.5605027,4.6530279,fewer_than_3_camera_samples
2026-08-08_175136_976213_1_R9_TEST1_v2__P013,2026-08-08_175136_976213_1_R9_TEST1_v2,4.6530279,4.8383808,4.928444,fewer_than_3_camera_samples
2026-08-08_175136_976213_1_R9_TEST1_v2__P015,2026-08-08_175136_976213_1_R9_TEST1_v2,5.2067877,5.2958617,5.3877439,fewer_than_3_camera_samples
2026-08-08_175136_976213_1_R9_TEST1_v2__P016,2026-08-08_175136_976213_1_R9_TEST1_v2,5.3877439,5.5714011,5.6633834,fewer_than_3_camera_samples
2026-08-08_175136_976213_1_R9_TEST1_v2__P017,2026-08-08_175136_976213_1_R9_TEST1_v2,5.6633834,5.7559639,5.9391243,fewer_than_3_camera_samples
2026-08-08_175136_976213_1_R9_TEST1_v2__P018,2026-08-08_175136_976213_1_R9_TEST1_v2,5.9391243,6.0310128,6.1230068,fewer_than_3_camera_samples
2026-08-08_175136_976213_1_R9_TEST1_v2__P019,2026-08-08_175136_976213_1_R9_TEST1_v2,6.1230068,6.3134118,6.3985586,fewer_than_3_camera_samples
2026-08-08_175136_976213_1_R9_TEST1_v2__P020,2026-08-08_175136_976213_1_R9_TEST1_v2,6.3985586,6.4905525,6.5842188,fewer_than_3_camera_samples
2026-08-08_175136_976213_1_R9_TEST1_v2__P021,2026-08-08_175136_976213_1_R9_TEST1_v2,6.5842188,6.7665985,6.8580212,fewer_than_3_camera_samples
2026-08-08_175136_976213_1_R9_TEST1_v2__P022,2026-08-08_175136_976213_1_R9_TEST1_v2,6.8580212,6.9507699,7.1338613,fewer_than_3_camera_samples
2026-08-08_175136_976213_1_R9_TEST1_v2__P023,2026-08-08_175136_976213_1_R9_TEST1_v2,7.1338613,7.227727,7.3176217,fewer_than_3_camera_samples
2026-08-08_175136_976213_1_R9_TEST1_v2__P024,2026-08-08_175136_976213_1_R9_TEST1_v2,7.3176217,7.4096453,7.5933001,fewer_than_3_camera_samples
2026-08-08_175136_976213_1_R9_TEST1_v2__P025,2026-08-08_175136_976213_1_R9_TEST1_v2,7.5933001,7.685191,7.7788409,fewer_than_3_camera_samples
2026-08-08_175136_976213_1_R9_TEST1_v2__P026,2026-08-08_175136_976213_1_R9_TEST1_v2,7.7788409,7.8691959,8.0527551,fewer_than_3_camera_samples
2026-08-08_175136_976213_1_R9_TEST1_v2__P027,2026-08-08_175136_976213_1_R9_TEST1_v2,8.0527551,8.1449924,8.2366457,fewer_than_3_camera_samples
2026-08-08_175136_976213_1_R9_TEST1_v2__P028,2026-08-08_175136_976213_1_R9_TEST1_v2,8.2366457,8.3286512,8.5125358,fewer_than_3_camera_samples
2026-08-08_175136_976213_1_R9_TEST1_v2__P029,2026-08-08_175136_976213_1_R9_TEST1_v2,8.5125358,8.604385,8.6996088,fewer_than_3_camera_samples
2026-08-08_175136_976213_1_R9_TEST1_v2__P030,2026-08-08_175136_976213_1_R9_TEST1_v2,8.6996088,8.8798608,8.9717602,fewer_than_3_camera_samples
2026-08-08_175136_976213_1_R9_TEST1_v2__P031,2026-08-08_175136_976213_1_R9_TEST1_v2,8.9717602,9.0637759,9.1555356,fewer_than_3_camera_samples
2026-08-08_175136_976213_1_R9_TEST1_v2__P032,2026-08-08_175136_976213_1_R9_TEST1_v2,9.1555356,9.3396677,9.4314513,fewer_than_3_camera_samples
2026-08-08_175136_976213_1_R9_TEST1_v2__P033,2026-08-08_175136_976213_1_R9_TEST1_v2,9.4314513,9.6175807,9.7070248,fewer_than_3_camera_samples
2026-08-08_175136_976213_1_R9_TEST1_v2__P034,2026-08-08_175136_976213_1_R9_TEST1_v2,9.7070248,9.8026684,9.892831,fewer_than_3_camera_samples
2026-08-08_175136_976213_1_R9_TEST1_v2__P035,2026-08-08_175136_976213_1_R9_TEST1_v2,9.892831,9.982751,10.1695673,fewer_than_3_camera_samples
2026-08-08_175136_976213_1_R9_TEST1_v2__P036,2026-08-08_175136_976213_1_R9_TEST1_v2,10.1695673,10.2583663,10.4420546,fewer_than_3_camera_samples
2026-08-08_175136_976213_1_R9_TEST1_v2__P037,2026-08-08_175136_976213_1_R9_TEST1_v2,10.4420546,10.5343587,10.6261361,fewer_than_3_camera_samples
2026-08-08_175136_976213_1_R9_TEST1_v2__P038,2026-08-08_175136_976213_1_R9_TEST1_v2,10.6261361,10.717827,10.9099044,fewer_than_3_camera_samples
2026-08-08_175136_976213_1_R9_TEST1_v2__P039,2026-08-08_175136_976213_1_R9_TEST1_v2,10.9099044,10.9935044,11.0882605,fewer_than_3_camera_samples
2026-08-08_175136_976213_1_R9_TEST1_v2__P040,2026-08-08_175136_976213_1_R9_TEST1_v2,11.0882605,11.2691811,11.3636066,fewer_than_3_camera_samples
2026-08-08_175136_976213_1_R9_TEST1_v2__P041,2026-08-08_175136_976213_1_R9_TEST1_v2,11.3636066,11.459253,11.545228,fewer_than_3_camera_samples
2026-08-08_175136_976213_1_R9_TEST1_v2__P043,2026-08-08_175136_976213_1_R9_TEST1_v2,12.0964738,12.1882578,12.2807697,fewer_than_3_camera_samples
2026-08-08_175136_976213_1_R9_TEST1_v2__P044,2026-08-08_175136_976213_1_R9_TEST1_v2,12.2807697,12.463937,12.5627728,fewer_than_3_camera_samples
2026-08-08_175136_976213_1_R9_TEST1_v2__P045,2026-08-08_175136_976213_1_R9_TEST1_v2,12.5627728,12.6480424,12.8345783,fewer_than_3_camera_samples
2026-08-08_175136_976213_1_R9_TEST1_v2__P046,2026-08-08_175136_976213_1_R9_TEST1_v2,12.8345783,12.923354,13.1070799,fewer_than_3_camera_samples
2026-08-08_175136_976213_1_R9_TEST1_v2__P047,2026-08-08_175136_976213_1_R9_TEST1_v2,13.1070799,13.1994826,13.2909238,fewer_than_3_camera_samples
2026-08-08_175136_976213_1_R9_TEST1_v2__P048,2026-08-08_175136_976213_1_R9_TEST1_v2,13.2909238,13.4766428,13.5672694,fewer_than_3_camera_samples
2026-08-08_175136_976213_1_R9_TEST1_v2__P049,2026-08-08_175136_976213_1_R9_TEST1_v2,13.5672694,13.7554024,13.8424319,fewer_than_3_camera_samples
2026-08-08_175136_976213_1_R9_TEST1_v2__P050,2026-08-08_175136_976213_1_R9_TEST1_v2,13.8424319,13.9343853,14.0273028,fewer_than_3_camera_samples
2026-08-08_175136_976213_1_R9_TEST1_v2__P051,2026-08-08_175136_976213_1_R9_TEST1_v2,14.0273028,14.2100271,14.3054891,fewer_than_3_camera_samples
2026-08-08_175136_976213_1_R9_TEST1_v2__P052,2026-08-08_175136_976213_1_R9_TEST1_v2,14.3054891,14.3939519,14.5781085,fewer_than_3_camera_samples
2026-08-08_175136_976213_1_R9_TEST1_v2__P053,2026-08-08_175136_976213_1_R9_TEST1_v2,14.5781085,14.6695615,14.7611956,fewer_than_3_camera_samples
2026-08-08_175136_976213_1_R9_TEST1_v2__P054,2026-08-08_175136_976213_1_R9_TEST1_v2,14.7611956,14.8531004,15.037074,fewer_than_3_camera_samples
2026-08-08_175136_976213_1_R9_TEST1_v2__P056,2026-08-08_175136_976213_1_R9_TEST1_v2,15.4994279,15.5885792,15.6802172,fewer_than_3_camera_samples
2026-08-08_175136_976213_1_R9_TEST1_v2__P057,2026-08-08_175136_976213_1_R9_TEST1_v2,15.6802172,15.864349,15.9559316,fewer_than_3_camera_samples
2026-08-08_175136_976213_1_R9_TEST1_v2__P058,2026-08-08_175136_976213_1_R9_TEST1_v2,15.9559316,16.050887,16.139906,fewer_than_3_camera_samples
2026-08-08_175136_976213_1_R9_TEST1_v2__P059,2026-08-08_175136_976213_1_R9_TEST1_v2,16.139906,16.3234198,16.4155047,fewer_than_3_camera_samples
2026-08-08_175136_976213_1_R9_TEST1_v2__P061,2026-08-08_175136_976213_1_R9_TEST1_v2,16.6964084,16.7833498,16.9686036,fewer_than_3_camera_samples
2026-08-08_175136_976213_1_R9_TEST1_v2__P062,2026-08-08_175136_976213_1_R9_TEST1_v2,16.9686036,17.0591626,17.150654,fewer_than_3_camera_samples
2026-08-08_175136_976213_1_R9_TEST1_v2__P063,2026-08-08_175136_976213_1_R9_TEST1_v2,17.150654,17.3345022,17.4266006,fewer_than_3_camera_samples
2026-08-08_175136_976213_1_R9_TEST1_v2__P064,2026-08-08_175136_976213_1_R9_TEST1_v2,17.4266006,17.518258,17.7038798,fewer_than_3_camera_samples
2026-08-08_175136_976213_1_R9_TEST1_v2__P065,2026-08-08_175136_976213_1_R9_TEST1_v2,17.7038798,17.7982425,17.8885568,fewer_than_3_camera_samples
2026-08-08_175136_976213_1_R9_TEST1_v2__P066,2026-08-08_175136_976213_1_R9_TEST1_v2,17.8885568,17.9779457,18.1624579,fewer_than_3_camera_samples
2026-08-08_175136_976213_1_R9_TEST1_v2__P067,2026-08-08_175136_976213_1_R9_TEST1_v2,18.1624579,18.2533233,18.4402292,fewer_than_3_camera_samples
2026-08-08_175136_976213_1_R9_TEST1_v2__P068,2026-08-08_175136_976213_1_R9_TEST1_v2,18.4402292,18.5293746,18.7130446,fewer_than_3_camera_samples
2026-08-08_175136_976213_1_R9_TEST1_v2__P069,2026-08-08_175136_976213_1_R9_TEST1_v2,18.7130446,18.8046517,18.8967416,fewer_than_3_camera_samples
2026-08-08_175136_976213_1_R9_TEST1_v2__P070,2026-08-08_175136_976213_1_R9_TEST1_v2,18.8967416,19.0828529,19.1723863,fewer_than_3_camera_samples
2026-08-08_175136_976213_1_R9_TEST1_v2__P071,2026-08-08_175136_976213_1_R9_TEST1_v2,19.1723863,19.2643555,19.4481815,fewer_than_3_camera_samples
2026-08-08_175136_976213_1_R9_TEST1_v2__P072,2026-08-08_175136_976213_1_R9_TEST1_v2,19.4481815,19.539917,19.724112,fewer_than_3_camera_samples
2026-08-08_175136_976213_1_R9_TEST1_v2__P073,2026-08-08_175136_976213_1_R9_TEST1_v2,19.724112,19.8157503,19.9092283,fewer_than_3_camera_samples
2026-08-08_175136_976213_1_R9_TEST1_v2__P074,2026-08-08_175136_976213_1_R9_TEST1_v2,19.9092283,20.0914458,20.1831717,fewer_than_3_camera_samples
2026-08-08_175136_976213_1_R9_TEST1_v2__P075,2026-08-08_175136_976213_1_R9_TEST1_v2,20.1831717,20.2752296,20.4588982,fewer_than_3_camera_samples
2026-08-08_175136_976213_1_R9_TEST1_v2__P076,2026-08-08_175136_976213_1_R9_TEST1_v2,20.4588982,20.5603867,20.6427168,fewer_than_3_camera_samples
2026-08-08_175136_976213_1_R9_TEST1_v2__P077,2026-08-08_175136_976213_1_R9_TEST1_v2,20.6427168,20.8283135,20.9185065,fewer_than_3_camera_samples
2026-08-08_175136_976213_1_R9_TEST1_v2__P078,2026-08-08_175136_976213_1_R9_TEST1_v2,20.9185065,21.1063233,21.1943012,fewer_than_3_camera_samples
2026-08-08_175136_976213_1_R9_TEST1_v2__P079,2026-08-08_175136_976213_1_R9_TEST1_v2,21.1943012,21.2859956,21.4700535,fewer_than_3_camera_samples
2026-08-08_175136_976213_1_R9_TEST1_v2__P081,2026-08-08_175136_976213_1_R9_TEST1_v2,21.7456116,21.8374519,22.0214328,fewer_than_3_camera_samples
2026-08-08_175136_976213_1_R9_TEST1_v2__P082,2026-08-08_175136_976213_1_R9_TEST1_v2,22.0214328,22.1130603,22.2972217,fewer_than_3_camera_samples
2026-08-08_175136_976213_1_R9_TEST1_v2__P083,2026-08-08_175136_976213_1_R9_TEST1_v2,22.2972217,22.3890063,22.5725368,fewer_than_3_camera_samples
2026-08-08_175136_976213_1_R9_TEST1_v2__P084,2026-08-08_175136_976213_1_R9_TEST1_v2,22.5725368,22.6646954,22.8483975,fewer_than_3_camera_samples
2026-08-08_175136_976213_1_R9_TEST1_v2__P085,2026-08-08_175136_976213_1_R9_TEST1_v2,22.8483975,22.9402155,23.0320811,fewer_than_3_camera_samples
2026-08-08_175136_976213_1_R9_TEST1_v2__P086,2026-08-08_175136_976213_1_R9_TEST1_v2,23.0320811,23.2160314,23.3113744,fewer_than_3_camera_samples
2026-08-08_175136_976213_1_R9_TEST1_v2__P087,2026-08-08_175136_976213_1_R9_TEST1_v2,23.3113744,23.4978068,23.5834873,fewer_than_3_camera_samples
2026-08-08_175136_976213_1_R9_TEST1_v2__P088,2026-08-08_175136_976213_1_R9_TEST1_v2,23.5834873,23.6753993,23.8620122,fewer_than_3_camera_samples
2026-08-08_175136_976213_1_R9_TEST1_v2__P089,2026-08-08_175136_976213_1_R9_TEST1_v2,23.8620122,23.9513817,24.1348899,fewer_than_3_camera_samples
