collection_day,session_id,roi,speed_mm_min,displacement_mm_abs,cycle_index,phase,frames,duration_s,light_change,force_change_N,residual_light_end,residual_force_end_N
2026-08-06,2026-08-06_144254_451441_1_R1_C1,1,200.0,1.75,1,holding,8,0.4648038999999997,11559.0,0.2790086333164443,25527.0,0.44351949992409845
2026-08-06,2026-08-06_144254_451441_1_R1_C1,1,200.0,1.75,1,inter_cycle_dwell,45,2.9441923000000005,-2694.0,-0.09763719925859282,25420.0,0.003702335354931363
2026-08-06,2026-08-06_144254_451441_1_R1_C1,1,200.0,1.75,2,holding,7,0.40051330000000007,8275.0,0.14934340797626222,26519.0,0.7233151534659674
2026-08-06,2026-08-06_144254_451441_1_R1_C1,1,200.0,1.75,2,inter_cycle_dwell,45,2.927957299999999,-826.0,-0.09568825043513687,27337.0,0.0026055464480853052
2026-08-06,2026-08-06_144254_451441_1_R1_C1,1,200.0,1.75,3,holding,8,0.46390320000000074,6855.0,0.2917600618424709,28317.0,0.7245256320643683
2026-08-06,2026-08-06_144254_451441_1_R1_C1,1,200.0,1.75,3,inter_cycle_dwell,45,2.944002300000001,7503.0,-0.11185740329727747,26988.0,0.0020398932035469164
2026-08-06,2026-08-06_144254_451441_1_R1_C1,1,200.0,1.75,4,holding,7,0.3999227000000012,-5451.0,0.17690120956913236,22600.0,0.7239514345983805
2026-08-06,2026-08-06_144254_451441_1_R1_C1,1,200.0,1.75,4,inter_cycle_dwell,44,2.8667523999999993,-8555.0,-0.05111170663118689,19380.0,0.001730166958076651
2026-08-06,2026-08-06_144254_451441_1_R1_C1,1,200.0,1.75,5,holding,7,0.4001039999999989,-7342.0,0.19546447553452695,29688.0,0.7248926852291517
2026-08-06,2026-08-06_144254_451441_1_R1_C1,1,200.0,1.75,5,inter_cycle_dwell,45,2.9438863000000026,-10145.0,-0.06790973638994988,21424.0,0.0
2026-08-06,2026-08-06_144254_451441_1_R1_C1,1,200.0,1.75,6,holding,7,0.415655000000001,-660.0,0.24400236763102645,21825.0,0.7292475915877785
2026-08-06,2026-08-06_144254_451441_1_R1_C1,1,200.0,1.75,6,inter_cycle_dwell,45,2.9282584000000007,14479.0,-0.06200670179633111,31513.0,0.0020363462522661746
2026-08-06,2026-08-06_144254_451441_1_R1_C1,1,200.0,1.75,7,holding,8,0.46378710000000467,-12478.0,0.26064852522864157,18032.0,0.7254215935597068
2026-08-06,2026-08-06_144254_451441_1_R1_C1,1,200.0,1.75,7,inter_cycle_dwell,45,2.9420781000000034,-4958.0,-0.08208686779836177,26025.0,0.003008811252678434
2026-08-06,2026-08-06_144254_451441_1_R1_C1,1,200.0,1.75,8,holding,8,0.47996450000000124,6693.0,0.2996982110835801,31786.0,0.7322969353425011
2026-08-06,2026-08-06_144254_451441_1_R1_C1,1,200.0,1.75,8,inter_cycle_dwell,45,2.9441626999999997,-3757.0,-0.09905521246279811,21297.0,0.0022843415935877576
2026-08-06,2026-08-06_144254_451441_1_R1_C1,1,200.0,1.75,9,holding,8,0.4644369000000026,6065.0,0.2824936206837262,34684.0,0.7330763790061872
2026-08-06,2026-08-06_144254_451441_1_R1_C1,1,200.0,1.75,9,inter_cycle_dwell,45,2.9282743000000053,319.0,-0.1207487519397826,21816.0,0.0018766599424753228
2026-08-06,2026-08-06_144254_451441_1_R1_C1,1,200.0,1.75,10,holding,7,0.40208080000000024,22763.0,0.2259334618194926,45451.0,0.7311558719413059
2026-08-06,2026-08-06_144254_451441_1_R1_C1,1,200.0,1.75,10,inter_cycle_dwell,45,2.930150900000001,2652.0,-0.053647375092434585,23639.0,0.002154340635690699
2026-08-06,2026-08-06_144254_451441_1_R1_C1,1,200.0,1.75,11,holding,8,0.46378339999999696,5902.0,0.23132955663201493,28486.0,0.7235787975840522
2026-08-06,2026-08-06_144254_451441_1_R1_C1,1,200.0,1.75,11,inter_cycle_dwell,45,2.930803300000001,-14038.0,-0.07625977134765469,24430.0,0.0024809543477138374
2026-08-06,2026-08-06_144254_451441_1_R1_C1,1,200.0,1.75,12,holding,8,0.4809893000000045,9316.0,0.26558306869799775,45304.0,0.7186944942139368
2026-08-06,2026-08-06_144254_451441_1_R1_C1,1,200.0,1.75,12,inter_cycle_dwell,45,2.944152899999999,-7604.0,-0.09447119112836072,25058.0,0.002112277480847191
2026-08-06,2026-08-06_144254_451441_1_R1_C1,1,200.0,1.75,13,holding,8,0.46457119999999463,-7565.0,0.2653077276256314,14823.0,0.7145106766762523
2026-08-06,2026-08-06_144254_451441_1_R1_C1,1,200.0,1.75,13,inter_cycle_dwell,45,2.9281032000000025,1974.0,-0.0922953297225245,27679.0,0.002633619884145122
2026-08-06,2026-08-06_144254_451441_1_R1_C1,1,200.0,1.75,14,holding,8,0.4637168999999943,-746.0,0.27501938645649726,21535.0,0.7086339398296975
2026-08-06,2026-08-06_144254_451441_1_R1_C1,1,200.0,1.75,14,inter_cycle_dwell,45,2.945458600000009,657.0,-0.1013213588357944,18841.0,0.001827825860909793
2026-08-06,2026-08-06_144254_451441_1_R1_C1,1,200.0,1.75,15,holding,8,0.46421680000000265,658.0,0.2786010040899899,18266.0,0.7090365127948578
2026-08-06,2026-08-06_144254_451441_1_R1_C1,1,200.0,1.75,15,inter_cycle_dwell,45,2.9281469000000016,381.0,-0.09593373039170322,24208.0,0.00283113018656167
2026-08-06,2026-08-06_144254_451441_1_R1_C1,1,200.0,1.75,16,holding,7,0.3999272000000076,-2130.0,0.18425224892407976,27657.0,0.7138791843478024
2026-08-06,2026-08-06_144254_451441_1_R1_C1,1,200.0,1.75,16,inter_cycle_dwell,45,2.943429999999992,4603.0,-0.05220384236751022,26224.0,0.002833235617485108
2026-08-06,2026-08-06_144254_451441_1_R1_C1,1,200.0,1.75,17,holding,8,0.46431649999999536,5115.0,0.21856206741442674,27228.0,0.7070282476690375
2026-08-06,2026-08-06_144254_451441_1_R1_C1,1,200.0,1.75,17,inter_cycle_dwell,45,2.9283004999999918,21112.0,-0.0764720770795054,34836.0,0.0024231833809660874
2026-08-06,2026-08-06_144254_451441_1_R1_C1,1,200.0,1.75,18,holding,8,0.46383149999999773,-8458.0,0.2481982200461868,19968.0,0.708108167759957
2026-08-06,2026-08-06_144254_451441_1_R1_C1,1,200.0,1.75,18,inter_cycle_dwell,45,2.9439820000000054,-8679.0,-0.08764360890750006,16312.0,0.0020306133367443135
2026-08-06,2026-08-06_144254_451441_1_R1_C1,1,200.0,1.75,19,holding,8,0.4650926999999996,96.0,0.25481966931697575,17179.0,0.7044318771344105
2026-08-06,2026-08-06_144254_451441_1_R1_C1,1,200.0,1.75,19,inter_cycle_dwell,45,2.9278546999999975,-5993.0,-0.08375313580678312,25595.0,0.0011345724223210674
2026-08-06,2026-08-06_144254_451441_1_R1_C1,1,200.0,1.75,20,holding,8,0.46379240000000266,-1442.0,0.2777222176461835,22565.0,0.7051281214365999
2026-08-06,2026-08-06_144909_491053_1_R1_C2,1,200.0,2.625,1,holding,8,0.4765807999999998,-2203.0,0.17900376359177483,21773.0,1.1095658918552116
2026-08-06,2026-08-06_144909_491053_1_R1_C2,1,200.0,2.625,1,inter_cycle_dwell,45,2.9436468,-13727.0,-0.08686593693190221,23213.0,0.0017133733970024002
2026-08-06,2026-08-06_144909_491053_1_R1_C2,1,200.0,2.625,2,holding,7,0.39982450000000025,13132.0,0.12387904686586482,26475.0,1.0997344691778976
2026-08-06,2026-08-06_144909_491053_1_R1_C2,1,200.0,2.625,2,inter_cycle_dwell,45,2.943833400000001,-12960.0,-0.0986845126151382,20927.0,0.0027394455593016996
2026-08-06,2026-08-06_144909_491053_1_R1_C2,1,200.0,2.625,3,holding,7,0.4006197,-11126.0,0.13855140062664761,16273.0,1.0945812988324384
2026-08-06,2026-08-06_144909_491053_1_R1_C2,1,200.0,2.625,3,inter_cycle_dwell,45,2.9279408,4109.0,-0.10562811384947961,30469.0,0.0039848265123787995
2026-08-06,2026-08-06_144909_491053_1_R1_C2,1,200.0,2.625,4,holding,8,0.46215099999999865,-8373.0,0.1458052483447846,19509.0,1.088930950714254
2026-08-06,2026-08-06_144909_491053_1_R1_C2,1,200.0,2.625,4,inter_cycle_dwell,45,2.9281612000000017,7588.0,-0.060522064107334295,27156.0,0.0027191784694478
2026-08-06,2026-08-06_144909_491053_1_R1_C2,1,200.0,2.625,5,holding,8,0.4657240000000016,10052.0,0.1715780480891903,26263.0,1.0892341329082689
2026-08-06,2026-08-06_144909_491053_1_R1_C2,1,200.0,2.625,5,inter_cycle_dwell,45,2.9277902000000005,-26.0,-0.07167381081875611,25254.0,0.002758805608038093
2026-08-06,2026-08-06_144909_491053_1_R1_C2,1,200.0,2.625,6,holding,8,0.464012799999999,3855.0,0.1979177874182746,16955.0,1.093822623122329
2026-08-06,2026-08-06_144909_491053_1_R1_C2,1,200.0,2.625,6,inter_cycle_dwell,45,2.944019799999996,5203.0,-0.1109062740065545,33364.0,0.0030583580362633
2026-08-06,2026-08-06_144909_491053_1_R1_C2,1,200.0,2.625,7,holding,7,0.3997310999999968,5165.0,0.11456007520819977,22179.0,1.0929663739947848
2026-08-06,2026-08-06_144909_491053_1_R1_C2,1,200.0,2.625,7,inter_cycle_dwell,44,2.8800431000000017,-1594.0,-0.0523442468605097,25930.0,0.00361770932515555
2026-08-06,2026-08-06_144909_491053_1_R1_C2,1,200.0,2.625,8,holding,7,0.3990732000000037,-6154.0,0.1335080845245391,21687.0,1.091097016584264
2026-08-06,2026-08-06_144909_491053_1_R1_C2,1,200.0,2.625,8,inter_cycle_dwell,45,2.943083299999998,-2160.0,-0.0656178102431791,36363.0,0.0031649304414502998
2026-08-06,2026-08-06_144909_491053_1_R1_C2,1,200.0,2.625,9,holding,7,0.40007469999999756,-1670.0,0.1888668362541751,24089.0,1.0945466634370065
2026-08-06,2026-08-06_144909_491053_1_R1_C2,1,200.0,2.625,9,inter_cycle_dwell,45,2.9439463000000003,-3645.0,-0.07479197006841141,20366.0,0.0032772296647219003
2026-08-06,2026-08-06_144909_491053_1_R1_C2,1,200.0,2.625,10,holding,8,0.46308739999999915,-1705.0,0.1889404164759143,21638.0,1.0861737132769103
2026-08-06,2026-08-06_144909_491053_1_R1_C2,1,200.0,2.625,10,inter_cycle_dwell,45,2.9357862999999966,3099.0,-0.1032118183901589,26205.0,0.0025160326984635002
2026-08-06,2026-08-06_144909_491053_1_R1_C2,1,200.0,2.625,11,holding,7,0.3998597000000004,-3794.0,0.1381498756160504,15486.0,1.0895257491086803
2026-08-06,2026-08-06_144909_491053_1_R1_C2,1,200.0,2.625,11,inter_cycle_dwell,45,2.9284213999999977,-9639.0,-0.0625995821400521,16328.0,0.0039703273414268
2026-08-06,2026-08-06_144909_491053_1_R1_C2,1,200.0,2.625,12,holding,8,0.4642841000000004,2519.0,0.1776787800275046,25910.0,1.0847681343703373
2026-08-06,2026-08-06_144909_491053_1_R1_C2,1,200.0,2.625,12,inter_cycle_dwell,45,2.9281126000000057,1956.0,-0.0895618913547777,24942.0,0.0038443277375622
2026-08-06,2026-08-06_144909_491053_1_R1_C2,1,200.0,2.625,13,holding,7,0.4008300999999932,-4933.0,0.13625617843922677,12632.0,1.0882414320937106
2026-08-06,2026-08-06_144909_491053_1_R1_C2,1,200.0,2.625,13,inter_cycle_dwell,45,2.927909299999996,-8806.0,-0.0478994739637539,19841.0,0.0032510177604416998
2026-08-06,2026-08-06_144909_491053_1_R1_C2,1,200.0,2.625,14,holding,7,0.40015249999999014,11334.0,0.16140473461606275,35561.0,1.0916255958060752
2026-08-06,2026-08-06_144909_491053_1_R1_C2,1,200.0,2.625,14,inter_cycle_dwell,45,2.933153399999995,-6982.0,-0.0605165533819311,22075.0,0.0026064221074004997
2026-08-06,2026-08-06_144909_491053_1_R1_C2,1,200.0,2.625,15,holding,8,0.4637203999999997,-12275.0,0.17586000896342435,20083.0,1.0859445570537616
2026-08-06,2026-08-06_144909_491053_1_R1_C2,1,200.0,2.625,15,inter_cycle_dwell,45,2.9474534000000006,1364.0,-0.1021015449765102,22693.0,0.0024480734219908
2026-08-06,2026-08-06_144909_491053_1_R1_C2,1,200.0,2.625,16,holding,7,0.3998823000000016,4126.0,0.11261686312578034,20429.0,1.0932535120334086
2026-08-06,2026-08-06_144909_491053_1_R1_C2,1,200.0,2.625,16,inter_cycle_dwell,44,2.8799008000000015,-5227.0,-0.054771129896107995,16614.0,0.0030624931336582
2026-08-06,2026-08-06_144909_491053_1_R1_C2,1,200.0,2.625,17,holding,7,0.3997236000000015,-7054.0,0.16913697263964267,26735.0,1.099333872664336
2026-08-06,2026-08-06_144909_491053_1_R1_C2,1,200.0,2.625,17,inter_cycle_dwell,45,2.9439509000000044,-6502.0,-0.06534184144374709,21885.0,0.0030430108218546
2026-08-06,2026-08-06_144909_491053_1_R1_C2,1,200.0,2.625,18,holding,8,0.4637368000000066,-18703.0,0.17828713277016017,10142.0,1.0918381995982003
2026-08-06,2026-08-06_144909_491053_1_R1_C2,1,200.0,2.625,18,inter_cycle_dwell,45,2.943854299999998,-663.0,-0.07516830511508138,24770.0,0.0027725247776552307
2026-08-06,2026-08-06_144909_491053_1_R1_C2,1,200.0,2.625,19,holding,8,0.46521079999999415,4151.0,0.19467036289551087,32252.0,1.0911641424634495
2026-08-06,2026-08-06_144909_491053_1_R1_C2,1,200.0,2.625,19,inter_cycle_dwell,45,2.9264902999999975,-12367.0,-0.080513097377338,23731.0,0.0030399091085051
2026-08-06,2026-08-06_144909_491053_1_R1_C2,1,200.0,2.625,20,holding,7,0.39990159999999264,-9123.0,0.12409460238650738,15950.0,1.0945320101587432
2026-08-06,2026-08-06_150913_693123_1_R1_C3,1,200.0,3.5,1,holding,8,0.4641128000000001,-15194.0,1.084823715503675,18720.0,6.630659746163625
2026-08-06,2026-08-06_150913_693123_1_R1_C3,1,200.0,3.5,1,inter_cycle_dwell,44,2.8800743000000004,11440.0,-0.04444600173069879,38053.0,0.001251076349347069
2026-08-06,2026-08-06_150913_693123_1_R1_C3,1,200.0,3.5,2,holding,8,0.46443150000000166,-504.0,1.134688278857853,19193.0,5.884658463312516
2026-08-06,2026-08-06_150913_693123_1_R1_C3,1,200.0,3.5,2,inter_cycle_dwell,45,2.9258951999999994,-6938.0,-0.02829364657693223,17812.0,0.01667191376409527
2026-08-06,2026-08-06_150913_693123_1_R1_C3,1,200.0,3.5,3,holding,7,0.40011749999999857,13367.0,0.8875425103498875,39830.0,5.982983065299367
2026-08-06,2026-08-06_150913_693123_1_R1_C3,1,200.0,3.5,3,inter_cycle_dwell,45,2.927723199999999,-4236.0,-0.1763056149106711,19862.0,0.006104199904377716
2026-08-06,2026-08-06_150913_693123_1_R1_C3,1,200.0,3.5,4,holding,7,0.4001184000000002,328.0,1.164599616563934,18571.0,7.221090811131495
2026-08-06,2026-08-06_150913_693123_1_R1_C3,1,200.0,3.5,4,inter_cycle_dwell,45,2.9432015000000007,-13598.0,-0.11885570794482425,20977.0,0.006765323544090651
2026-08-06,2026-08-06_150913_693123_1_R1_C3,1,200.0,3.5,5,holding,8,0.46076730000000055,-6682.0,1.2489258213684953,15096.0,4.9475395263879065
2026-08-06,2026-08-06_150913_693123_1_R1_C3,1,200.0,3.5,5,inter_cycle_dwell,44,2.8640423000000013,2769.0,0.006448630389333521,28296.0,0.020629431042643587
2026-08-06,2026-08-06_150913_693123_1_R1_C3,1,200.0,3.5,6,holding,8,0.4616660999999951,6892.0,0.942697664649943,23132.0,5.365839535108879
2026-08-06,2026-08-06_150913_693123_1_R1_C3,1,200.0,3.5,6,inter_cycle_dwell,45,2.9274454000000034,11535.0,-0.03423545543610551,36123.0,0.0189899538015621
2026-08-06,2026-08-06_150913_693123_1_R1_C3,1,200.0,3.5,7,holding,8,0.4793038999999979,4548.0,1.0480529505193257,23632.0,5.668805760010411
2026-08-06,2026-08-06_150913_693123_1_R1_C3,1,200.0,3.5,7,inter_cycle_dwell,45,2.928055999999998,-1814.0,-0.056955606830619954,18481.0,0.014785814471206749
2026-08-06,2026-08-06_150913_693123_1_R1_C3,1,200.0,3.5,8,holding,8,0.4631194000000036,11288.0,1.1330979822683354,33095.0,5.744875495499728
2026-08-06,2026-08-06_150913_693123_1_R1_C3,1,200.0,3.5,8,inter_cycle_dwell,45,2.943481300000002,-3146.0,-0.009006353223293462,20489.0,0.01693807746569731
2026-08-06,2026-08-06_150913_693123_1_R1_C3,1,200.0,3.5,9,holding,8,0.4642772999999991,8844.0,1.1290544457525495,25316.0,6.045977059260352
2026-08-06,2026-08-06_150913_693123_1_R1_C3,1,200.0,3.5,9,inter_cycle_dwell,45,2.9445784999999987,-193.0,-0.03709441974306571,30078.0,0.01423899816393992
2026-08-06,2026-08-06_150913_693123_1_R1_C3,1,200.0,3.5,10,holding,7,0.4033984000000004,1601.0,0.7246998406625114,28010.0,5.652413724233904
2026-08-06,2026-08-06_150913_693123_1_R1_C3,1,200.0,3.5,10,inter_cycle_dwell,46,2.9920675999999986,-9611.0,-0.06608912366428266,22421.0,0.02076806897858474
2026-08-06,2026-08-06_150913_693123_1_R1_C3,1,200.0,3.5,11,holding,8,0.4640648000000027,12988.0,1.2995663094765852,28363.0,6.470077186457339
2026-08-06,2026-08-06_150913_693123_1_R1_C3,1,200.0,3.5,11,inter_cycle_dwell,45,2.934674099999995,4016.0,-0.040921647771240965,20928.0,0.004110399708037726
2026-08-06,2026-08-06_150913_693123_1_R1_C3,1,200.0,3.5,12,holding,7,0.40038789999999835,193.0,0.3083381614153611,23496.0,5.250024493849479
2026-08-06,2026-08-06_150913_693123_1_R1_C3,1,200.0,3.5,12,inter_cycle_dwell,45,2.9438219999999973,-3563.0,-0.036721695136589405,24454.0,0.0
2026-08-06,2026-08-06_150913_693123_1_R1_C3,1,200.0,3.5,13,holding,8,0.4642139000000043,-4058.0,0.2516598762429565,22506.0,3.899414282852928
2026-08-06,2026-08-06_150913_693123_1_R1_C3,1,200.0,3.5,13,inter_cycle_dwell,45,2.927508000000003,-4356.0,-0.06312466945419698,32431.0,0.004456714050378896
2026-08-06,2026-08-06_150913_693123_1_R1_C3,1,200.0,3.5,14,holding,7,0.39986199999999883,-998.0,-0.1949949928499426,31148.0,2.6104390205997814
2026-08-06,2026-08-06_150913_693123_1_R1_C3,1,200.0,3.5,14,inter_cycle_dwell,45,2.934446399999999,-23236.0,0.03891207008329539,11906.0,0.017567371935086562
2026-08-06,2026-08-06_150913_693123_1_R1_C3,1,200.0,3.5,15,holding,7,0.39999539999999456,932.0,0.5202508032900273,20970.0,3.6402272355361007
2026-08-06,2026-08-06_150913_693123_1_R1_C3,1,200.0,3.5,15,inter_cycle_dwell,45,2.9440932999999916,-3929.0,-0.1107925099366005,24667.0,0.0165551027439772
2026-08-06,2026-08-06_150913_693123_1_R1_C3,1,200.0,3.5,16,holding,8,0.46766559999998947,123.0,0.6835854774195163,16364.0,2.7345906791125327
2026-08-06,2026-08-06_150913_693123_1_R1_C3,1,200.0,3.5,16,inter_cycle_dwell,44,2.8838037999999955,-7514.0,-0.0161187695015223,26856.0,0.03168695474957445
2026-08-06,2026-08-06_150913_693123_1_R1_C3,1,200.0,3.5,17,holding,8,0.4631775999999945,16557.0,0.5837434164258379,37371.0,3.7831360740887474
2026-08-06,2026-08-06_150913_693123_1_R1_C3,1,200.0,3.5,17,inter_cycle_dwell,45,2.927950200000012,-2054.0,-0.05745291716452988,22799.0,0.016877557386180686
2026-08-06,2026-08-06_150913_693123_1_R1_C3,1,200.0,3.5,18,holding,8,0.4845827999999983,-8649.0,1.016562120062312,20897.0,3.92005940643083
2026-08-06,2026-08-06_150913_693123_1_R1_C3,1,200.0,3.5,18,inter_cycle_dwell,45,2.930796799999996,3663.0,-0.0084565240891602,33360.0,0.019338664926817906
2026-08-06,2026-08-06_150913_693123_1_R1_C3,1,200.0,3.5,19,holding,7,0.4001791999999966,-5052.0,0.7134522284684937,18229.0,3.979687871878409
2026-08-06,2026-08-06_150913_693123_1_R1_C3,1,200.0,3.5,19,inter_cycle_dwell,45,2.9442980000000034,-7924.0,-0.04494486128272329,23021.0,0.02470417719071527
2026-08-06,2026-08-06_150913_693123_1_R1_C3,1,200.0,3.5,20,holding,8,0.4560993999999994,-3240.0,0.7713223577374033,21206.0,3.915605706173226
2026-08-06,2026-08-06_152926_414022_1_R1_C4,1,400.0,1.75,1,holding,8,0.4641094000000001,9723.0,0.5375204581673231,20703.0,0.9076705775952345
2026-08-06,2026-08-06_152926_414022_1_R1_C4,1,400.0,1.75,1,inter_cycle_dwell,45,2.9438867,-13568.0,-0.26184257953847,31808.0,0.0018522486049903086
2026-08-06,2026-08-06_152926_414022_1_R1_C4,1,400.0,1.75,2,holding,8,0.4639939000000002,-2698.0,0.5756140922030838,24149.0,0.8881966098653046
2026-08-06,2026-08-06_152926_414022_1_R1_C4,1,400.0,1.75,2,inter_cycle_dwell,45,2.9279862999999997,-7956.0,-0.2659551175859971,8077.0,0.0037154683795981996
2026-08-06,2026-08-06_152926_414022_1_R1_C4,1,400.0,1.75,3,holding,8,0.4795094000000013,-5055.0,0.5428804633434868,20319.0,0.8582988014358784
2026-08-06,2026-08-06_152926_414022_1_R1_C4,1,400.0,1.75,3,inter_cycle_dwell,46,2.9919902999999994,803.0,-0.45272581941524737,16095.0,0.00892457689955295
2026-08-06,2026-08-06_152926_414022_1_R1_C4,1,400.0,1.75,4,holding,8,0.4640241000000014,-22316.0,0.44510149779803587,19135.0,0.8530562741207407
2026-08-06,2026-08-06_152926_414022_1_R1_C4,1,400.0,1.75,4,inter_cycle_dwell,45,2.928382499999998,-7873.0,-0.44298892528695866,26682.0,0.008438173072057006
2026-08-06,2026-08-06_152926_414022_1_R1_C4,1,400.0,1.75,5,holding,8,0.46373829999999927,-4860.0,0.45674861580448883,27513.0,0.8672652614287368
2026-08-06,2026-08-06_152926_414022_1_R1_C4,1,400.0,1.75,5,inter_cycle_dwell,45,2.943893599999999,-3571.0,-0.46404301081410215,26197.0,0.001285670071466398
2026-08-06,2026-08-06_152926_414022_1_R1_C4,1,400.0,1.75,6,holding,8,0.46425470000000146,5967.0,0.45346569055787755,33753.0,0.8082326236936168
2026-08-06,2026-08-06_152926_414022_1_R1_C4,1,400.0,1.75,6,inter_cycle_dwell,45,2.928108999999999,-2975.0,-0.3466695887176568,27949.0,0.004023097308641796
2026-08-06,2026-08-06_152926_414022_1_R1_C4,1,400.0,1.75,7,holding,7,0.39999129999999994,-8940.0,0.43966769691741275,15113.0,0.8285517719361173
2026-08-06,2026-08-06_152926_414022_1_R1_C4,1,400.0,1.75,7,inter_cycle_dwell,45,2.9248734000000027,-5998.0,-0.3303476059252197,16440.0,0.006036645137450801
2026-08-06,2026-08-06_152926_414022_1_R1_C4,1,400.0,1.75,8,holding,7,0.4001592000000045,-6986.0,0.3809870096438338,23506.0,0.8404025790507491
2026-08-06,2026-08-06_152926_414022_1_R1_C4,1,400.0,1.75,8,inter_cycle_dwell,45,2.943932999999994,-3083.0,-0.3307147184346404,23071.0,0.008638011552130592
2026-08-06,2026-08-06_152926_414022_1_R1_C4,1,400.0,1.75,9,holding,7,0.40026860000000397,-3781.0,0.3600832554254796,19102.0,0.8402557887543042
2026-08-06,2026-08-06_152926_414022_1_R1_C4,1,400.0,1.75,9,inter_cycle_dwell,45,2.944196500000004,-11321.0,-0.35113981058364224,22431.0,0.008007680368330904
2026-08-06,2026-08-06_152926_414022_1_R1_C4,1,400.0,1.75,10,holding,7,0.40061649999999815,-8277.0,0.38035381419977105,20767.0,0.8361365733484905
2026-08-06,2026-08-06_152926_414022_1_R1_C4,1,400.0,1.75,10,inter_cycle_dwell,45,2.927613600000001,-975.0,-0.30629739877751283,21260.0,0.006324102679300295
2026-08-06,2026-08-06_152926_414022_1_R1_C4,1,400.0,1.75,11,holding,7,0.39987560000000144,-6412.0,0.3848820290962515,22270.0,0.8320812353317787
2026-08-06,2026-08-06_152926_414022_1_R1_C4,1,400.0,1.75,11,inter_cycle_dwell,45,2.9279737000000026,2585.0,-0.3121617646813677,28145.0,0.0044491105052766045
2026-08-06,2026-08-06_152926_414022_1_R1_C4,1,400.0,1.75,12,holding,7,0.4000355000000013,13781.0,0.35471945443690167,27690.0,0.8297525509287133
2026-08-06,2026-08-06_152926_414022_1_R1_C4,1,400.0,1.75,12,inter_cycle_dwell,45,2.9436508000000003,1442.0,-0.33359325059842637,28732.0,0.004515405352004592
2026-08-06,2026-08-06_152926_414022_1_R1_C4,1,400.0,1.75,13,holding,7,0.40013979999999805,694.0,0.35917656179703894,23810.0,0.8711154801729138
2026-08-06,2026-08-06_152926_414022_1_R1_C4,1,400.0,1.75,13,inter_cycle_dwell,45,2.946854899999998,11808.0,-0.34781988802788555,32689.0,0.003357943617691511
2026-08-06,2026-08-06_152926_414022_1_R1_C4,1,400.0,1.75,14,holding,7,0.39993249999999847,-92.0,0.344795053006164,25308.0,0.8458417506874936
2026-08-06,2026-08-06_152926_414022_1_R1_C4,1,400.0,1.75,14,inter_cycle_dwell,45,2.928046199999997,4267.0,-0.2916358557221973,25697.0,0.006284946161569202
2026-08-06,2026-08-06_152926_414022_1_R1_C4,1,400.0,1.75,15,holding,7,0.40019810000000433,-7925.0,0.37625753886203606,20884.0,0.8490787462417699
2026-08-06,2026-08-06_152926_414022_1_R1_C4,1,400.0,1.75,15,inter_cycle_dwell,45,2.9280921000000006,-4444.0,-0.33338114353688836,27798.0,0.006221251232742808
2026-08-06,2026-08-06_152926_414022_1_R1_C4,1,400.0,1.75,16,holding,7,0.4000098999999864,-14081.0,0.34828145897363916,18768.0,0.8461450187482301
2026-08-06,2026-08-06_152926_414022_1_R1_C4,1,400.0,1.75,16,inter_cycle_dwell,45,2.943956799999995,10211.0,-0.33813813175321805,26674.0,0.007157476012809999
2026-08-06,2026-08-06_152926_414022_1_R1_C4,1,400.0,1.75,17,holding,7,0.3995572999999979,11864.0,0.3320374741131146,35579.0,0.8477599475237139
2026-08-06,2026-08-06_152926_414022_1_R1_C4,1,400.0,1.75,17,inter_cycle_dwell,45,2.943724599999996,5251.0,-0.3389638171808652,23326.0,0.009847026054839808
2026-08-06,2026-08-06_152926_414022_1_R1_C4,1,400.0,1.75,18,holding,7,0.40004530000000216,7978.0,0.3622027123148911,33373.0,0.8731917207262012
2026-08-06,2026-08-06_152926_414022_1_R1_C4,1,400.0,1.75,18,inter_cycle_dwell,45,2.928716200000011,-13575.0,-0.3279584593282596,21708.0,0.006839507149266899
2026-08-06,2026-08-06_152926_414022_1_R1_C4,1,400.0,1.75,19,holding,7,0.4165538999999967,10170.0,0.3753769133725381,28290.0,0.8651026968901435
2026-08-06,2026-08-06_152926_414022_1_R1_C4,1,400.0,1.75,19,inter_cycle_dwell,45,2.928091100000003,-10071.0,-0.3253990102054669,28090.0,0.007553591981230692
2026-08-06,2026-08-06_152926_414022_1_R1_C4,1,400.0,1.75,20,holding,7,0.40007080000000883,-9852.0,0.3267206790963495,17514.0,0.8545320154233794
2026-08-06,2026-08-06_154111_645036_1_R1_C5,1,400.0,2.625,1,holding,7,0.39990630000000005,12170.0,0.28571133360090495,26543.0,1.1667595123889922
2026-08-06,2026-08-06_154111_645036_1_R1_C5,1,400.0,2.625,1,inter_cycle_dwell,45,2.9439729999999997,10754.0,-0.279504357587682,26189.0,0.0080378017902282
2026-08-06,2026-08-06_154111_645036_1_R1_C5,1,400.0,2.625,2,holding,7,0.3995994000000005,-6054.0,0.3125317159090395,16006.0,1.20709013776196
2026-08-06,2026-08-06_154111_645036_1_R1_C5,1,400.0,2.625,2,inter_cycle_dwell,45,2.9407531000000002,-449.0,-0.2965339965152696,20415.0,0.007698957724013099
2026-08-06,2026-08-06_154111_645036_1_R1_C5,1,400.0,2.625,3,holding,8,0.46422659999999993,-4902.0,0.39128458302787417,17940.0,1.2523729020497714
2026-08-06,2026-08-06_154111_645036_1_R1_C5,1,400.0,2.625,3,inter_cycle_dwell,45,2.9283783000000003,4411.0,-0.1762162601682803,24247.0,0.0051449554728666
2026-08-06,2026-08-06_154111_645036_1_R1_C5,1,400.0,2.625,4,holding,8,0.4639874000000006,4859.0,0.43831330666024937,19421.0,1.2624610479944576
2026-08-06,2026-08-06_154111_645036_1_R1_C5,1,400.0,2.625,4,inter_cycle_dwell,45,2.9439740999999984,-554.0,-0.22211243763389868,20270.0,0.0150412340905171
2026-08-06,2026-08-06_154111_645036_1_R1_C5,1,400.0,2.625,5,holding,8,0.4641409000000003,-2018.0,0.4277368580492853,17943.0,1.235526480588613
2026-08-06,2026-08-06_154111_645036_1_R1_C5,1,400.0,2.625,5,inter_cycle_dwell,45,2.9434581999999985,-12198.0,-0.3597922991335674,24374.0,0.010382174490348398
2026-08-06,2026-08-06_154111_645036_1_R1_C5,1,400.0,2.625,6,holding,8,0.47528549999999825,-4752.0,0.4645578280897298,25252.0,1.3216500732436713
2026-08-06,2026-08-06_154111_645036_1_R1_C5,1,400.0,2.625,6,inter_cycle_dwell,45,2.9392755999999984,-21680.0,-0.368574683992978,9618.0,0.0011662538593137997
2026-08-06,2026-08-06_154111_645036_1_R1_C5,1,400.0,2.625,7,holding,8,0.4800770000000014,15683.0,0.4479160714295749,30971.0,1.2174194999042718
2026-08-06,2026-08-06_154111_645036_1_R1_C5,1,400.0,2.625,7,inter_cycle_dwell,45,2.9484824999999972,15160.0,-0.36623040908791044,29661.0,0.005323544959621101
2026-08-06,2026-08-06_154111_645036_1_R1_C5,1,400.0,2.625,8,holding,7,0.39987490000000037,-10795.0,0.419727761620726,16581.0,1.2370307820943864
2026-08-06,2026-08-06_154111_645036_1_R1_C5,1,400.0,2.625,8,inter_cycle_dwell,45,2.944123900000001,-8185.0,-0.3113525411746044,25447.0,0.0151438875095894
2026-08-06,2026-08-06_154111_645036_1_R1_C5,1,400.0,2.625,9,holding,8,0.46382530000000344,-2832.0,0.49267429048588485,20641.0,1.4089505843137644
2026-08-06,2026-08-06_154111_645036_1_R1_C5,1,400.0,2.625,9,inter_cycle_dwell,45,2.9438887000000022,695.0,-0.28888694557503736,24535.0,0.0030938252931857896
2026-08-06,2026-08-06_154111_645036_1_R1_C5,1,400.0,2.625,10,holding,8,0.4629929999999973,-7390.0,0.5111228093519306,22227.0,1.4870429676301655
2026-08-06,2026-08-06_154111_645036_1_R1_C5,1,400.0,2.625,10,inter_cycle_dwell,45,2.927411499999998,-9183.0,-0.3385537235978574,24427.0,0.007225451981280009
2026-08-06,2026-08-06_154111_645036_1_R1_C5,1,400.0,2.625,11,holding,8,0.4687479000000039,13993.0,0.5084897900931842,34555.0,1.4361158246113683
2026-08-06,2026-08-06_154111_645036_1_R1_C5,1,400.0,2.625,11,inter_cycle_dwell,45,2.9280966999999976,13378.0,-0.3554101649742002,36756.0,0.006789688018452006
2026-08-06,2026-08-06_154111_645036_1_R1_C5,1,400.0,2.625,12,holding,8,0.46409129999999976,-6463.0,0.5323443703807273,19169.0,1.4971996057389763
2026-08-06,2026-08-06_154111_645036_1_R1_C5,1,400.0,2.625,12,inter_cycle_dwell,45,2.9279453999999987,-868.0,-0.3643426128109824,25124.0,0.009866400973581005
2026-08-06,2026-08-06_154111_645036_1_R1_C5,1,400.0,2.625,13,holding,8,0.46390139999999747,-564.0,0.5854396886550555,26736.0,1.5156241701476116
2026-08-06,2026-08-06_154111_645036_1_R1_C5,1,400.0,2.625,13,inter_cycle_dwell,45,2.929398499999998,849.0,-0.37531644829568606,19071.0,0.0012409222921522106
2026-08-06,2026-08-06_154111_645036_1_R1_C5,1,400.0,2.625,14,holding,8,0.464039200000002,6842.0,0.5652835921337835,29580.0,1.5234040763840488
2026-08-06,2026-08-06_154111_645036_1_R1_C5,1,400.0,2.625,14,inter_cycle_dwell,45,2.9258001000000036,5482.0,-0.3245367907368847,26834.0,0.008646595662387499
2026-08-06,2026-08-06_154111_645036_1_R1_C5,1,400.0,2.625,15,holding,8,0.4643728000000067,-9361.0,0.5708978055374696,22194.0,1.5016856405023848
2026-08-06,2026-08-06_154111_645036_1_R1_C5,1,400.0,2.625,15,inter_cycle_dwell,45,2.9280669000000046,-12724.0,-0.37172172019190286,18202.0,0.007996061729220003
2026-08-06,2026-08-06_154111_645036_1_R1_C5,1,400.0,2.625,16,holding,8,0.4640258000000017,7102.0,0.5290219804426708,22389.0,1.4725660589904779
2026-08-06,2026-08-06_154111_645036_1_R1_C5,1,400.0,2.625,16,inter_cycle_dwell,45,2.928108199999997,-1132.0,-0.3432278536759121,20015.0,0.005903746120954109
2026-08-06,2026-08-06_154111_645036_1_R1_C5,1,400.0,2.625,17,holding,8,0.46422110000000316,514.0,0.5398221434441838,26678.0,1.4921865023850605
2026-08-06,2026-08-06_154111_645036_1_R1_C5,1,400.0,2.625,17,inter_cycle_dwell,45,2.928006599999989,-16015.0,-0.36045153878522207,15309.0,0.0105917627125557
2026-08-06,2026-08-06_154111_645036_1_R1_C5,1,400.0,2.625,18,holding,7,0.3970769999999959,-6120.0,0.45964818164429566,22316.0,1.4173158670648043
2026-08-06,2026-08-06_154111_645036_1_R1_C5,1,400.0,2.625,18,inter_cycle_dwell,45,2.943975899999998,-10221.0,-0.35316083700907597,19617.0,0.013114500903897902
2026-08-06,2026-08-06_154111_645036_1_R1_C5,1,400.0,2.625,19,holding,7,0.39983069999999543,8752.0,0.4839334482643364,31244.0,1.4775208460824363
2026-08-06,2026-08-06_154111_645036_1_R1_C5,1,400.0,2.625,19,inter_cycle_dwell,45,2.9444765000000075,15428.0,-0.3440838888223615,35983.0,0.007553032729739395
2026-08-06,2026-08-06_154111_645036_1_R1_C5,1,400.0,2.625,20,holding,7,0.3999787999999995,13082.0,0.49000622744261013,41440.0,1.4741164327187584
2026-08-06,2026-08-06_154622_006482_1_R1_C6,1,400.0,3.5,1,holding,7,0.4015749000000002,20499.0,0.37056943233523665,43236.0,1.9416468461200194
2026-08-06,2026-08-06_154622_006482_1_R1_C6,1,400.0,3.5,1,inter_cycle_dwell,45,2.9306487000000003,2043.0,-0.2354413015595983,23300.0,0.009770420334543395
2026-08-06,2026-08-06_154622_006482_1_R1_C6,1,400.0,3.5,2,holding,8,0.46405480000000043,-10543.0,0.9018700220909459,13253.0,2.6020253963096303
2026-08-06,2026-08-06_154622_006482_1_R1_C6,1,400.0,3.5,2,inter_cycle_dwell,44,2.8799837999999998,14121.0,-0.18607319056821103,37268.0,0.02674433568263969
2026-08-06,2026-08-06_154622_006482_1_R1_C6,1,400.0,3.5,3,holding,8,0.4639237999999999,-9599.0,0.9574110209009503,17143.0,2.6427608935263756
2026-08-06,2026-08-06_154622_006482_1_R1_C6,1,400.0,3.5,3,inter_cycle_dwell,45,2.9395615,-312.0,-0.2491298021203254,25952.0,0.0004488951035042932
2026-08-06,2026-08-06_154622_006482_1_R1_C6,1,400.0,3.5,4,holding,7,0.4002578999999997,-2889.0,0.5973568414616977,13411.0,2.638066838983733
2026-08-06,2026-08-06_154622_006482_1_R1_C6,1,400.0,3.5,4,inter_cycle_dwell,45,2.9279724000000016,5028.0,-0.24302512190204362,29930.0,0.0077771945865973
2026-08-06,2026-08-06_154622_006482_1_R1_C6,1,400.0,3.5,5,holding,7,0.4001318000000005,-2314.0,0.8182319503014674,15759.0,2.714357904296173
2026-08-06,2026-08-06_154622_006482_1_R1_C6,1,400.0,3.5,5,inter_cycle_dwell,45,2.9483759999999997,-7242.0,-0.28340736803024746,17704.0,0.018401987966975702
2026-08-06,2026-08-06_154622_006482_1_R1_C6,1,400.0,3.5,6,holding,7,0.3997231000000028,-6390.0,0.7123635959424484,23007.0,2.5968413297021486
2026-08-06,2026-08-06_154622_006482_1_R1_C6,1,400.0,3.5,6,inter_cycle_dwell,45,2.9280824999999986,-7144.0,-0.28216852327926817,15882.0,0.016725012511117507
2026-08-06,2026-08-06_154622_006482_1_R1_C6,1,400.0,3.5,7,holding,8,0.47987499999999983,-5898.0,0.8038120545106433,25720.0,2.5883878588682236
2026-08-06,2026-08-06_154622_006482_1_R1_C6,1,400.0,3.5,7,inter_cycle_dwell,45,2.927911999999999,-4244.0,-0.31598692862181166,29549.0,0.015068993336255596
2026-08-06,2026-08-06_154622_006482_1_R1_C6,1,400.0,3.5,8,holding,8,0.45914690000000036,7283.0,0.8758572733946921,28354.0,2.5885370453926755
2026-08-06,2026-08-06_154622_006482_1_R1_C6,1,400.0,3.5,8,inter_cycle_dwell,45,2.9439615000000003,-5631.0,-0.3486378632172485,22078.0,0.010450264401117404
2026-08-06,2026-08-06_154622_006482_1_R1_C6,1,400.0,3.5,9,holding,7,0.40045109999999795,-11199.0,0.9359813967996407,18873.0,2.6347502595427446
2026-08-06,2026-08-06_154622_006482_1_R1_C6,1,400.0,3.5,9,inter_cycle_dwell,45,2.921149800000002,5950.0,-0.28607213824506417,26625.0,0.025872663390014594
2026-08-06,2026-08-06_154622_006482_1_R1_C6,1,400.0,3.5,10,holding,8,0.48029100000000113,3693.0,1.0174340431752862,19455.0,2.7014965152439196
2026-08-06,2026-08-06_154622_006482_1_R1_C6,1,400.0,3.5,10,inter_cycle_dwell,45,2.9279665999999978,-7.0,-0.17745568185038108,28028.0,0.0180916177159086
2026-08-06,2026-08-06_154622_006482_1_R1_C6,1,400.0,3.5,11,holding,8,0.46414800000000156,-2042.0,1.0954746487349962,22620.0,2.6972347429239987
2026-08-06,2026-08-06_154622_006482_1_R1_C6,1,400.0,3.5,11,inter_cycle_dwell,45,2.943912300000001,-19201.0,-0.1974070298375415,20256.0,0.011661327562163704
2026-08-06,2026-08-06_154622_006482_1_R1_C6,1,400.0,3.5,12,holding,8,0.4638589000000053,-7159.0,1.038350433071876,15959.0,2.736237852307897
2026-08-06,2026-08-06_154622_006482_1_R1_C6,1,400.0,3.5,12,inter_cycle_dwell,45,2.9283070000000038,-2633.0,-0.1928530516807732,23073.0,0.03250130991996619
2026-08-06,2026-08-06_154622_006482_1_R1_C6,1,400.0,3.5,13,holding,8,0.4639034999999936,-4342.0,1.1741359467191108,26807.0,2.829358780747986
2026-08-06,2026-08-06_154622_006482_1_R1_C6,1,400.0,3.5,13,inter_cycle_dwell,45,2.9444407999999953,-19703.0,-0.2102786523058977,17199.0,0.013366252845188692
2026-08-06,2026-08-06_154622_006482_1_R1_C6,1,400.0,3.5,14,holding,8,0.46646719999999675,-12084.0,1.2068193510600604,20491.0,2.8002763182673505
2026-08-06,2026-08-06_154622_006482_1_R1_C6,1,400.0,3.5,14,inter_cycle_dwell,45,2.9438586999999927,2529.0,-0.2260543586875078,35252.0,0.012321774865843682
2026-08-06,2026-08-06_154622_006482_1_R1_C6,1,400.0,3.5,15,holding,7,0.3999133000000086,2667.0,0.7431346462487491,29153.0,2.7529928560044534
2026-08-06,2026-08-06_154622_006482_1_R1_C6,1,400.0,3.5,15,inter_cycle_dwell,45,2.9224833000000103,6924.0,-0.25295550987278026,27988.0,0.002201283624165218
2026-08-06,2026-08-06_154622_006482_1_R1_C6,1,400.0,3.5,16,holding,7,0.40648989999999685,3631.0,0.8215810665762227,23150.0,2.6706906948061233
2026-08-06,2026-08-06_154622_006482_1_R1_C6,1,400.0,3.5,16,inter_cycle_dwell,45,2.9437678000000034,4312.0,-0.28076136939026175,20986.0,0.008241049263028391
2026-08-06,2026-08-06_154622_006482_1_R1_C6,1,400.0,3.5,17,holding,7,0.4002691000000027,4144.0,0.820537590923569,24804.0,2.6841653431229555
2026-08-06,2026-08-06_154622_006482_1_R1_C6,1,400.0,3.5,17,inter_cycle_dwell,45,2.928213100000008,-11007.0,-0.30706175426440024,20430.0,0.016055752845433993
2026-08-06,2026-08-06_154622_006482_1_R1_C6,1,400.0,3.5,18,holding,7,0.4001836999999995,5875.0,0.7755062352607374,29453.0,2.714705103786886
2026-08-06,2026-08-06_154622_006482_1_R1_C6,1,400.0,3.5,18,inter_cycle_dwell,45,2.928277399999999,-10744.0,-0.26328218367330086,19032.0,0.014867397586071307
2026-08-06,2026-08-06_154622_006482_1_R1_C6,1,400.0,3.5,19,holding,8,0.46394329999999684,9468.0,0.8696305854639321,28786.0,2.657614114578953
2026-08-06,2026-08-06_154622_006482_1_R1_C6,1,400.0,3.5,19,inter_cycle_dwell,45,2.9434256999999917,-17563.0,-0.3420238853764718,11704.0,0.016401595041960107
2026-08-06,2026-08-06_154622_006482_1_R1_C6,1,400.0,3.5,20,holding,8,0.46385529999999164,-4316.0,0.9598627342684254,27563.0,2.6722865474979347
2026-08-06,2026-08-06_155251_338554_1_R1_C7,1,600.0,1.75,1,holding,8,0.46399330000000005,-11240.0,0.6450523976816562,18584.0,0.8792850353465034
2026-08-06,2026-08-06_155251_338554_1_R1_C7,1,600.0,1.75,1,inter_cycle_dwell,45,2.944172,-5650.0,-0.4540953906242108,20131.0,-0.0019851505160014132
2026-08-06,2026-08-06_155251_338554_1_R1_C7,1,600.0,1.75,2,holding,7,0.3998584000000003,9654.0,0.44524042703616507,23357.0,0.8492769407002349
2026-08-06,2026-08-06_155251_338554_1_R1_C7,1,600.0,1.75,2,inter_cycle_dwell,45,2.9399949000000003,-9447.0,-0.5572136688460035,16954.0,0.0052129844807235065
2026-08-06,2026-08-06_155251_338554_1_R1_C7,1,600.0,1.75,3,holding,8,0.46452760000000026,11025.0,0.5891427547816568,39451.0,0.842464561256331
2026-08-06,2026-08-06_155251_338554_1_R1_C7,1,600.0,1.75,3,inter_cycle_dwell,45,2.943915200000001,-3894.0,-0.46245508460269413,25968.0,0.009048378137275798
2026-08-06,2026-08-06_155251_338554_1_R1_C7,1,600.0,1.75,4,holding,7,0.39988579999999985,-859.0,0.44065761593097064,20508.0,0.8536562791386789
2026-08-06,2026-08-06_155251_338554_1_R1_C7,1,600.0,1.75,4,inter_cycle_dwell,45,2.9438869000000008,-875.0,-0.508815732369519,32242.0,0.012160145802702402
2026-08-06,2026-08-06_155251_338554_1_R1_C7,1,600.0,1.75,5,holding,8,0.4581003000000017,5850.0,0.4923817927861858,21772.0,0.8480977020088089
2026-08-06,2026-08-06_155251_338554_1_R1_C7,1,600.0,1.75,5,inter_cycle_dwell,44,2.8798326000000003,-6137.0,-0.3629141381467798,11284.0,0.00039516737867055507
2026-08-06,2026-08-06_155251_338554_1_R1_C7,1,600.0,1.75,6,holding,8,0.46440890000000223,-5084.0,0.5872201144181788,20170.0,0.8381762398360407
2026-08-06,2026-08-06_155251_338554_1_R1_C7,1,600.0,1.75,6,inter_cycle_dwell,45,2.941577200000001,2893.0,-0.3690186942067532,32029.0,0.008318908111001
2026-08-06,2026-08-06_155251_338554_1_R1_C7,1,600.0,1.75,7,holding,7,0.40019530000000003,-11510.0,0.3855941139846939,29057.0,0.8435968334443567
2026-08-06,2026-08-06_155251_338554_1_R1_C7,1,600.0,1.75,7,inter_cycle_dwell,45,2.9439855,-6734.0,-0.45191713360145774,18329.0,0.0051956356893373
2026-08-06,2026-08-06_155251_338554_1_R1_C7,1,600.0,1.75,8,holding,7,0.39997910000000303,-210.0,0.4254739314515998,25137.0,0.8340319782968582
2026-08-06,2026-08-06_155251_338554_1_R1_C7,1,600.0,1.75,8,inter_cycle_dwell,45,2.9440728999999948,8453.0,-0.482866069054484,24463.0,0.008300866886142004
2026-08-06,2026-08-06_155251_338554_1_R1_C7,1,600.0,1.75,9,holding,7,0.3920224000000019,9945.0,0.40599546378477636,27406.0,0.8332913080672413
2026-08-06,2026-08-06_155251_338554_1_R1_C7,1,600.0,1.75,9,inter_cycle_dwell,45,2.9439597000000006,-7913.0,-0.5031801377870513,20947.0,0.012371993591833705
2026-08-06,2026-08-06_155251_338554_1_R1_C7,1,600.0,1.75,10,holding,8,0.463825700000001,-2406.0,0.49670164842146236,19233.0,0.8661778257826913
2026-08-06,2026-08-06_155251_338554_1_R1_C7,1,600.0,1.75,10,inter_cycle_dwell,45,2.9407270000000025,-2134.0,-0.3777562316662615,26993.0,0.0016614579505437044
2026-08-06,2026-08-06_155251_338554_1_R1_C7,1,600.0,1.75,11,holding,8,0.46418740000000014,8962.0,0.6134399261033674,21968.0,0.8158922296622774
2026-08-06,2026-08-06_155251_338554_1_R1_C7,1,600.0,1.75,11,inter_cycle_dwell,45,2.943629299999998,-9071.0,-0.4713441331181051,16970.0,0.010121490831086502
2026-08-06,2026-08-06_155251_338554_1_R1_C7,1,600.0,1.75,12,holding,8,0.46395289999999534,16906.0,0.48349073718674396,30883.0,0.8204752625336204
2026-08-06,2026-08-06_155251_338554_1_R1_C7,1,600.0,1.75,12,inter_cycle_dwell,44,2.8801311,-14332.0,-0.3343086539420382,16939.0,0.007428481653056752
2026-08-06,2026-08-06_155251_338554_1_R1_C7,1,600.0,1.75,13,holding,8,0.4695186000000007,12330.0,0.5757500300776026,36510.0,0.827998348586544
2026-08-06,2026-08-06_155251_338554_1_R1_C7,1,600.0,1.75,13,inter_cycle_dwell,45,2.9426168999999973,6583.0,-0.3938080947308859,25588.0,0.005554950616828605
2026-08-06,2026-08-06_155251_338554_1_R1_C7,1,600.0,1.75,14,holding,8,0.463895799999996,-349.0,0.6074864370053379,28108.0,0.8515394646434091
2026-08-06,2026-08-06_155251_338554_1_R1_C7,1,600.0,1.75,14,inter_cycle_dwell,45,2.9521628999999976,5811.0,-0.45773000420911236,26596.0,0.011623763695725903
2026-08-06,2026-08-06_155251_338554_1_R1_C7,1,600.0,1.75,15,holding,7,0.39858360000000204,-4176.0,0.47808561676891403,28649.0,0.8632744230717558
2026-08-06,2026-08-06_155251_338554_1_R1_C7,1,600.0,1.75,15,inter_cycle_dwell,45,2.9281811999999974,14256.0,-0.523652620923645,30235.0,0.012465550350210908
2026-08-06,2026-08-06_155251_338554_1_R1_C7,1,600.0,1.75,16,holding,8,0.463833699999995,6242.0,0.5251939731559302,34981.0,0.8633262454571907
2026-08-06,2026-08-06_155251_338554_1_R1_C7,1,600.0,1.75,16,inter_cycle_dwell,45,2.943872099999993,-1587.0,-0.37263777164779627,15705.0,0.009691248462179891
2026-08-06,2026-08-06_155251_338554_1_R1_C7,1,600.0,1.75,17,holding,7,0.4085275999999993,-4107.0,0.3750450926009174,20583.0,0.863892810138457
2026-08-06,2026-08-06_155251_338554_1_R1_C7,1,600.0,1.75,17,inter_cycle_dwell,45,2.924983499999996,-5165.0,-0.42966369370568225,40935.0,0.008365056635722096
2026-08-06,2026-08-06_155251_338554_1_R1_C7,1,600.0,1.75,18,holding,7,0.400018799999998,-14919.0,0.4601964667628564,16747.0,0.8534190305080026
2026-08-06,2026-08-06_155251_338554_1_R1_C7,1,600.0,1.75,18,inter_cycle_dwell,45,2.9281434000000104,3489.0,-0.5127548415385215,25790.0,0.005082082122502191
2026-08-06,2026-08-06_155251_338554_1_R1_C7,1,600.0,1.75,19,holding,8,0.4642166999999944,5159.0,0.48138251404392446,27874.0,0.8476326876657795
2026-08-06,2026-08-06_155251_338554_1_R1_C7,1,600.0,1.75,19,inter_cycle_dwell,45,2.927841799999996,1349.0,-0.2977682150357946,30989.0,0.011298932179344003
2026-08-06,2026-08-06_155251_338554_1_R1_C7,1,600.0,1.75,20,holding,7,0.39997470000000135,14143.0,0.3604373829691112,34125.0,0.8619155813305545
2026-08-06,2026-08-06_155959_900105_1_R1_C8,1,600.0,2.625,1,holding,7,0.3999796999999998,-2230.0,0.46052714658049687,17837.0,1.3625337595233664
2026-08-06,2026-08-06_155959_900105_1_R1_C8,1,600.0,2.625,1,inter_cycle_dwell,45,2.9383060999999997,-10116.0,-0.47342509855859694,23752.0,0.005110172608681698
2026-08-06,2026-08-06_155959_900105_1_R1_C8,1,600.0,2.625,2,holding,7,0.3938782999999999,1455.0,0.42024088150664984,24273.0,1.423365230565925
2026-08-06,2026-08-06_155959_900105_1_R1_C8,1,600.0,2.625,2,inter_cycle_dwell,45,2.9280934,14762.0,-0.4246520799029688,36962.0,0.05218233886389209
2026-08-06,2026-08-06_155959_900105_1_R1_C8,1,600.0,2.625,3,holding,7,0.4007049000000009,21581.0,0.5893340413478305,30425.0,1.6611655314211273
2026-08-06,2026-08-06_155959_900105_1_R1_C8,1,600.0,2.625,3,inter_cycle_dwell,44,2.863943599999999,1916.0,-0.2440879475729225,25243.0,0.007278099710950697
2026-08-06,2026-08-06_155959_900105_1_R1_C8,1,600.0,2.625,4,holding,7,0.39647199999999927,-10164.0,0.6910208244107603,25588.0,1.678901819864578
2026-08-06,2026-08-06_155959_900105_1_R1_C8,1,600.0,2.625,4,inter_cycle_dwell,45,2.924494599999999,-2292.0,-0.2914703661903026,26426.0,0.00895379320745271
2026-08-06,2026-08-06_155959_900105_1_R1_C8,1,600.0,2.625,5,holding,7,0.3999017000000009,-3957.0,0.656129922685746,21288.0,1.5478360341133386
2026-08-06,2026-08-06_155959_900105_1_R1_C8,1,600.0,2.625,5,inter_cycle_dwell,45,2.9407967,6226.0,-0.34785677879642946,27986.0,0.016130161008770905
2026-08-06,2026-08-06_155959_900105_1_R1_C8,1,600.0,2.625,6,holding,7,0.4000459999999997,11969.0,0.682577236088582,29821.0,1.5424057881442275
2026-08-06,2026-08-06_155959_900105_1_R1_C8,1,600.0,2.625,6,inter_cycle_dwell,45,2.9279493999999993,-7584.0,-0.30047603778315934,29665.0,0.011203703101662493
2026-08-06,2026-08-06_155959_900105_1_R1_C8,1,600.0,2.625,7,holding,7,0.3996959999999987,9550.0,0.6535630251155713,33328.0,1.5272667980936183
2026-08-06,2026-08-06_155959_900105_1_R1_C8,1,600.0,2.625,7,inter_cycle_dwell,46,3.0038794999999965,-15665.0,-0.5556898103987671,19249.0,0.02815839054095054
2026-08-06,2026-08-06_155959_900105_1_R1_C8,1,600.0,2.625,8,holding,7,0.39577269999999487,-4512.0,0.6316503928099592,15415.0,1.5734437212053993
2026-08-06,2026-08-06_155959_900105_1_R1_C8,1,600.0,2.625,8,inter_cycle_dwell,45,2.9279206,1409.0,-0.5166022262344585,23406.0,0.004744307703815398
2026-08-06,2026-08-06_155959_900105_1_R1_C8,1,600.0,2.625,9,holding,7,0.4001814999999951,-9290.0,0.5513267804084772,31302.0,1.5232124352544072
2026-08-06,2026-08-06_155959_900105_1_R1_C8,1,600.0,2.625,9,inter_cycle_dwell,45,2.9392213,-6154.0,-0.30276550046086437,23810.0,0.011625590249731005
2026-08-06,2026-08-06_155959_900105_1_R1_C8,1,600.0,2.625,10,holding,8,0.4644935999999973,13795.0,0.6867312267897011,40510.0,1.5555480147533849
2026-08-06,2026-08-06_155959_900105_1_R1_C8,1,600.0,2.625,10,inter_cycle_dwell,45,2.9294763000000046,-15534.0,-0.3841940841434095,15454.0,0.013089525360793303
2026-08-06,2026-08-06_155959_900105_1_R1_C8,1,600.0,2.625,11,holding,8,0.4795798999999974,-1540.0,0.8568507646359051,20621.0,1.5629990352638705
2026-08-06,2026-08-06_155959_900105_1_R1_C8,1,600.0,2.625,11,inter_cycle_dwell,45,2.9277317000000025,8631.0,-0.42188206952941126,28112.0,0.011936124013126215
2026-08-06,2026-08-06_155959_900105_1_R1_C8,1,600.0,2.625,12,holding,8,0.45995409999999737,10288.0,0.8734928297945213,32124.0,1.5531968386815223
2026-08-06,2026-08-06_155959_900105_1_R1_C8,1,600.0,2.625,12,inter_cycle_dwell,45,2.943742999999998,769.0,-0.48708202010437274,28114.0,0.007907144458268706
2026-08-06,2026-08-06_155959_900105_1_R1_C8,1,600.0,2.625,13,holding,7,0.39966059999999715,-4750.0,0.5194351591049011,27314.0,1.5231154280918549
2026-08-06,2026-08-06_155959_900105_1_R1_C8,1,600.0,2.625,13,inter_cycle_dwell,45,2.923275799999999,-3994.0,-0.4505330455542049,18707.0,0.01392127872874302
2026-08-06,2026-08-06_155959_900105_1_R1_C8,1,600.0,2.625,14,holding,8,0.4640039000000016,-6400.0,0.841839921163763,13083.0,1.5621702834843874
2026-08-06,2026-08-06_155959_900105_1_R1_C8,1,600.0,2.625,14,inter_cycle_dwell,45,2.943983100000004,-1491.0,-0.4574736659605408,21336.0,0.013404467839299106
2026-08-06,2026-08-06_155959_900105_1_R1_C8,1,600.0,2.625,15,holding,7,0.39854460000000813,1174.0,0.6191986717015555,27853.0,1.557411928183149
2026-08-06,2026-08-06_155959_900105_1_R1_C8,1,600.0,2.625,15,inter_cycle_dwell,45,2.927884800000001,-22272.0,-0.4808773128593043,8674.0,0.01221437948581261
2026-08-06,2026-08-06_155959_900105_1_R1_C8,1,600.0,2.625,16,holding,7,0.39805330000000083,5742.0,0.5215557169244938,24493.0,1.548713883484792
2026-08-06,2026-08-06_155959_900105_1_R1_C8,1,600.0,2.625,16,inter_cycle_dwell,45,2.9438875000000024,-6796.0,-0.6045781401013073,22586.0,0.0109010238942496
2026-08-06,2026-08-06_155959_900105_1_R1_C8,1,600.0,2.625,17,holding,7,0.3999085999999892,-13362.0,0.6643038013384259,16073.0,1.529850252495893
2026-08-06,2026-08-06_155959_900105_1_R1_C8,1,600.0,2.625,17,inter_cycle_dwell,45,2.928112799999994,-6561.0,-0.5238798802136456,15716.0,0.014736551284380117
2026-08-06,2026-08-06_155959_900105_1_R1_C8,1,600.0,2.625,18,holding,7,0.3999938000000043,-13521.0,0.48396894030469184,15607.0,1.4285887924541196
2026-08-06,2026-08-06_155959_900105_1_R1_C8,1,600.0,2.625,18,inter_cycle_dwell,45,2.928260300000005,-410.0,-0.5299774083641685,29565.0,0.0115230591579919
2026-08-06,2026-08-06_155959_900105_1_R1_C8,1,600.0,2.625,19,holding,7,0.39966769999999485,3057.0,0.55596303578098,28583.0,1.450027845445199
2026-08-06,2026-08-06_155959_900105_1_R1_C8,1,600.0,2.625,19,inter_cycle_dwell,45,2.9376323999999983,4444.0,-0.49676784535660273,26883.0,0.012698937876657712
2026-08-06,2026-08-06_155959_900105_1_R1_C8,1,600.0,2.625,20,holding,7,0.39971599999999796,4587.0,0.5684293349373608,26491.0,1.4417601825291801
2026-08-06,2026-08-06_160455_512944_1_R1_C9,1,600.0,3.5,1,holding,8,0.4643377000000002,4574.0,1.535345790410176,21994.0,2.9115377207251827
2026-08-06,2026-08-06_160455_512944_1_R1_C9,1,600.0,3.5,1,inter_cycle_dwell,45,2.9281482000000003,3129.0,-0.33662961720879325,45445.0,-0.0001808219514962961
2026-08-06,2026-08-06_160455_512944_1_R1_C9,1,600.0,3.5,2,holding,8,0.4638534000000005,-6712.0,1.494173951130851,21277.0,2.865309992694308
2026-08-06,2026-08-06_160455_512944_1_R1_C9,1,600.0,3.5,2,inter_cycle_dwell,46,2.9978317999999993,5150.0,-0.5060928476550944,26493.0,7.085233410005637e-05
2026-08-06,2026-08-06_160455_512944_1_R1_C9,1,600.0,3.5,3,holding,8,0.46411770000000097,6361.0,1.2467778354787395,23799.0,2.7048418434683112
2026-08-06,2026-08-06_160455_512944_1_R1_C9,1,600.0,3.5,3,inter_cycle_dwell,45,2.920860300000001,6748.0,-0.2322252329033316,27276.0,0.008726943646278497
2026-08-06,2026-08-06_160455_512944_1_R1_C9,1,600.0,3.5,4,holding,8,0.46392280000000063,2065.0,1.274283815604817,32719.0,2.7022189418283804
2026-08-06,2026-08-06_160455_512944_1_R1_C9,1,600.0,3.5,4,inter_cycle_dwell,45,2.928321099999998,-7004.0,-0.2542096278409408,20653.0,0.027610622522077605
2026-08-06,2026-08-06_160455_512944_1_R1_C9,1,600.0,3.5,5,holding,8,0.4641383000000019,-2592.0,1.2674886886954149,22137.0,2.766318718556422
2026-08-06,2026-08-06_160455_512944_1_R1_C9,1,600.0,3.5,5,inter_cycle_dwell,45,2.942295699999999,2761.0,-0.44651423010607794,21538.0,0.011442970826665594
2026-08-06,2026-08-06_160455_512944_1_R1_C9,1,600.0,3.5,6,holding,7,0.40004619999999846,-2260.0,1.0135764842668886,17593.0,2.656762638729785
2026-08-06,2026-08-06_160455_512944_1_R1_C9,1,600.0,3.5,6,inter_cycle_dwell,45,2.947479600000001,335.0,-0.408086024138898,23871.0,0.015454011654206401
2026-08-06,2026-08-06_160455_512944_1_R1_C9,1,600.0,3.5,7,holding,7,0.3934373999999998,-18792.0,0.793673350498207,18521.0,2.638338919514676
2026-08-06,2026-08-06_160455_512944_1_R1_C9,1,600.0,3.5,7,inter_cycle_dwell,45,2.953573600000002,3638.0,-0.3321342037965259,30630.0,0.0097087923306979
2026-08-06,2026-08-06_160455_512944_1_R1_C9,1,600.0,3.5,8,holding,8,0.46186020000000383,-3947.0,1.406098118370827,25482.0,2.5773819878812554
2026-08-06,2026-08-06_160455_512944_1_R1_C9,1,600.0,3.5,8,inter_cycle_dwell,45,2.9437201,4526.0,-0.3201764091928025,32492.0,0.015388314085934003
2026-08-06,2026-08-06_160455_512944_1_R1_C9,1,600.0,3.5,9,holding,7,0.3997063000000054,-2405.0,1.2041543208794836,25298.0,2.669105536360209
2026-08-06,2026-08-06_160455_512944_1_R1_C9,1,600.0,3.5,9,inter_cycle_dwell,45,2.9440767999999977,18797.0,-0.3747124469281969,34109.0,0.0056766929485079914
2026-08-06,2026-08-06_160455_512944_1_R1_C9,1,600.0,3.5,10,holding,7,0.4020326000000054,-1537.0,0.9034078348110566,21276.0,2.7092741901723763
2026-08-06,2026-08-06_160455_512944_1_R1_C9,1,600.0,3.5,10,inter_cycle_dwell,45,2.9445499999999996,-9183.0,-0.3556732013319437,29034.0,0.010857145629161805
2026-08-06,2026-08-06_160455_512944_1_R1_C9,1,600.0,3.5,11,holding,7,0.3997425999999962,-4588.0,0.9520254541968389,22304.0,2.6270163503526303
2026-08-06,2026-08-06_160455_512944_1_R1_C9,1,600.0,3.5,11,inter_cycle_dwell,45,2.9439761000000004,-9283.0,-0.30488247298281157,21558.0,0.012340274807174596
2026-08-06,2026-08-06_160455_512944_1_R1_C9,1,600.0,3.5,12,holding,7,0.4003623999999988,11982.0,0.8943450817110805,21508.0,2.740009154142528
2026-08-06,2026-08-06_160455_512944_1_R1_C9,1,600.0,3.5,12,inter_cycle_dwell,45,2.9316551999999945,-18518.0,-0.3044539030068627,16666.0,0.0150418653308481
2026-08-06,2026-08-06_160455_512944_1_R1_C9,1,600.0,3.5,13,holding,8,0.4638816999999946,-1278.0,1.2867514362635275,25169.0,2.681619236037352
2026-08-06,2026-08-06_160455_512944_1_R1_C9,1,600.0,3.5,13,inter_cycle_dwell,45,2.928214099999998,-90.0,-0.47126521760257734,24021.0,0.017378285287955306
2026-08-06,2026-08-06_160455_512944_1_R1_C9,1,600.0,3.5,14,holding,7,0.39830880000000235,1976.0,1.152179880782389,32354.0,2.6882419671251383
2026-08-06,2026-08-06_160455_512944_1_R1_C9,1,600.0,3.5,14,inter_cycle_dwell,45,2.9281761000000017,16483.0,-0.35146389908802567,37512.0,0.010935289826888198
2026-08-06,2026-08-06_160455_512944_1_R1_C9,1,600.0,3.5,15,holding,7,0.4076866999999993,-4287.0,0.8969789685585299,19896.0,2.6399348025502096
2026-08-06,2026-08-06_160455_512944_1_R1_C9,1,600.0,3.5,15,inter_cycle_dwell,45,2.928008300000002,7081.0,-0.27529526252247105,23874.0,0.017637839144252203
2026-08-06,2026-08-06_160455_512944_1_R1_C9,1,600.0,3.5,16,holding,8,0.4642352999999986,15222.0,1.4760677559559798,35353.0,2.6580502965521142
2026-08-06,2026-08-06_160455_512944_1_R1_C9,1,600.0,3.5,16,inter_cycle_dwell,45,2.9280331000000075,-8860.0,-0.2620475904559313,21624.0,0.0121376513341125
2026-08-06,2026-08-06_160455_512944_1_R1_C9,1,600.0,3.5,17,holding,8,0.4640375999999975,-13660.0,1.232551842062813,26730.0,2.5674356561618867
2026-08-06,2026-08-06_160455_512944_1_R1_C9,1,600.0,3.5,17,inter_cycle_dwell,45,2.927852399999992,-18272.0,-0.23642771873462912,18793.0,0.0123277105733555
2026-08-06,2026-08-06_160455_512944_1_R1_C9,1,600.0,3.5,18,holding,7,0.39440489999999784,11862.0,1.1611230508315942,34964.0,2.693178450179064
2026-08-06,2026-08-06_160455_512944_1_R1_C9,1,600.0,3.5,18,inter_cycle_dwell,45,2.943987100000001,-19481.0,-0.4257300044860571,26733.0,0.009375266663238402
2026-08-06,2026-08-06_160455_512944_1_R1_C9,1,600.0,3.5,19,holding,7,0.4208620999999937,5264.0,1.0839697285879417,28836.0,2.647328928788258
2026-08-06,2026-08-06_160455_512944_1_R1_C9,1,600.0,3.5,19,inter_cycle_dwell,45,2.944404000000006,-12607.0,-0.44730508532267166,24230.0,0.009570149279533494
2026-08-06,2026-08-06_160455_512944_1_R1_C9,1,600.0,3.5,20,holding,7,0.4001360000000034,368.0,1.119527432357192,17955.0,2.586174895568905
2026-08-06,2026-08-06_164216_084997_1_R2_C1,2,200.0,1.75,1,holding,7,0.39982209999999974,21961.0,0.1570517913263192,32643.0,0.6577243092463104
2026-08-06,2026-08-06_164216_084997_1_R2_C1,2,200.0,1.75,1,inter_cycle_dwell,45,2.9281919000000003,-14423.0,-0.0793574322531751,12921.0,0.0030647668138935012
2026-08-06,2026-08-06_164216_084997_1_R2_C1,2,200.0,1.75,2,holding,8,0.46407229999999977,-15484.0,0.18937226645057936,20558.0,0.6871859122072241
2026-08-06,2026-08-06_164216_084997_1_R2_C1,2,200.0,1.75,2,inter_cycle_dwell,45,2.9442124000000014,10.0,-0.09635780476606341,27307.0,0.0040335311667251995
2026-08-06,2026-08-06_164216_084997_1_R2_C1,2,200.0,1.75,3,holding,8,0.46356839999999977,2209.0,0.21859338357192432,21182.0,0.6892567507648899
2026-08-06,2026-08-06_164216_084997_1_R2_C1,2,200.0,1.75,3,inter_cycle_dwell,45,2.928647100000001,-3681.0,-0.0697305088292182,19073.0,0.0383747385499706
2026-08-06,2026-08-06_164216_084997_1_R2_C1,2,200.0,1.75,4,holding,8,0.4638795000000009,-2093.0,0.14828295825161364,18035.0,0.7557437374482368
2026-08-06,2026-08-06_164216_084997_1_R2_C1,2,200.0,1.75,4,inter_cycle_dwell,45,2.9468487000000003,12618.0,-0.1300430686108924,33698.0,0.0010661813478481004
2026-08-06,2026-08-06_164216_084997_1_R2_C1,2,200.0,1.75,5,holding,7,0.3856812999999981,28062.0,0.14639754351668233,40297.0,0.7228309654843198
2026-08-06,2026-08-06_164216_084997_1_R2_C1,2,200.0,1.75,5,inter_cycle_dwell,45,2.9360564999999994,-8470.0,-0.10141446216617239,18630.0,0.0096468673279246
2026-08-06,2026-08-06_164216_084997_1_R2_C1,2,200.0,1.75,6,holding,8,0.46355570000000057,14064.0,0.16021955276089106,32216.0,0.7111162705118084
2026-08-06,2026-08-06_164216_084997_1_R2_C1,2,200.0,1.75,6,inter_cycle_dwell,45,2.9434711,20210.0,-0.1268250975397012,33679.0,0.009075093486883002
2026-08-06,2026-08-06_164216_084997_1_R2_C1,2,200.0,1.75,7,holding,7,0.3888438000000001,-11624.0,0.10636274008615065,22344.0,0.7164261012236225
2026-08-06,2026-08-06_164216_084997_1_R2_C1,2,200.0,1.75,7,inter_cycle_dwell,45,2.934611099999998,-2936.0,-0.0980028320670154,13868.0,0.0046215047896407
2026-08-06,2026-08-06_164216_084997_1_R2_C1,2,200.0,1.75,8,holding,7,0.3951072999999994,8705.0,0.16026832467567753,29515.0,0.7068123179135161
2026-08-06,2026-08-06_164216_084997_1_R2_C1,2,200.0,1.75,8,inter_cycle_dwell,45,2.942752800000001,-91.0,-0.134001741254543,23399.0,0.0029082849391502998
2026-08-06,2026-08-06_164216_084997_1_R2_C1,2,200.0,1.75,9,holding,7,0.3989875999999981,4166.0,0.1282775319274272,28171.0,0.6973022823368729
2026-08-06,2026-08-06_164216_084997_1_R2_C1,2,200.0,1.75,9,inter_cycle_dwell,44,2.8590783999999942,-10201.0,-0.0883638868106757,21551.0,0.010257728261675599
2026-08-06,2026-08-06_164216_084997_1_R2_C1,2,200.0,1.75,10,holding,8,0.4714486000000022,-7980.0,0.14288205802356257,24850.0,0.6980121710871545
2026-08-06,2026-08-06_164216_084997_1_R2_C1,2,200.0,1.75,10,inter_cycle_dwell,45,2.9283730000000006,-18341.0,-0.1250314398017358,14101.0,0.0049133048551254
2026-08-06,2026-08-06_164216_084997_1_R2_C1,2,200.0,1.75,11,holding,7,0.39890479999999684,-5068.0,0.13504452217436658,19615.0,0.7025081871179889
2026-08-06,2026-08-06_164216_084997_1_R2_C1,2,200.0,1.75,11,inter_cycle_dwell,45,2.9365346999999957,1594.0,-0.09643975209512928,29357.0,0.0077578441561778
2026-08-06,2026-08-06_164216_084997_1_R2_C1,2,200.0,1.75,12,holding,8,0.46402259999999984,1309.0,0.1717954351252663,24970.0,0.7088504235979287
2026-08-06,2026-08-06_164216_084997_1_R2_C1,2,200.0,1.75,12,inter_cycle_dwell,45,2.9279573000000028,11543.0,-0.1276908811570012,27215.0,0.0045946600671366005
2026-08-06,2026-08-06_164216_084997_1_R2_C1,2,200.0,1.75,13,holding,7,0.4000234999999961,-327.0,0.13706547914133027,23076.0,0.7017837678644739
2026-08-06,2026-08-06_164216_084997_1_R2_C1,2,200.0,1.75,13,inter_cycle_dwell,44,2.8712730999999962,13411.0,-0.0953264165330407,27508.0,0.0028298782976859532
2026-08-06,2026-08-06_164216_084997_1_R2_C1,2,200.0,1.75,14,holding,7,0.39874930000000575,-10630.0,0.14727310007268868,17282.0,0.7026862172836912
2026-08-06,2026-08-06_164216_084997_1_R2_C1,2,200.0,1.75,14,inter_cycle_dwell,45,2.9281936999999942,8664.0,-0.10454126313184979,30431.0,0.0066929627444731
2026-08-06,2026-08-06_164216_084997_1_R2_C1,2,200.0,1.75,15,holding,7,0.3997030999999964,18091.0,0.1353154595072047,39799.0,0.7065253474739798
2026-08-06,2026-08-06_164216_084997_1_R2_C1,2,200.0,1.75,15,inter_cycle_dwell,44,2.8797725000000014,-15583.0,-0.10491890445152321,20290.0,0.0029431692654027994
2026-08-06,2026-08-06_164216_084997_1_R2_C1,2,200.0,1.75,16,holding,8,0.4585464999999971,-4529.0,0.15954747069064457,23317.0,0.689844896608247
2026-08-06,2026-08-06_164216_084997_1_R2_C1,2,200.0,1.75,16,inter_cycle_dwell,45,2.9303077999999942,9738.0,-0.09133413795724249,26019.0,0.004500964742123897
2026-08-06,2026-08-06_164216_084997_1_R2_C1,2,200.0,1.75,17,holding,8,0.46254469999999515,9566.0,0.19307246937405986,34493.0,0.6886538977916761
2026-08-06,2026-08-06_164216_084997_1_R2_C1,2,200.0,1.75,17,inter_cycle_dwell,45,2.944903199999999,-13509.0,-0.1161594644275429,20499.0,0.004229048425062901
2026-08-06,2026-08-06_164216_084997_1_R2_C1,2,200.0,1.75,18,holding,7,0.38794409999999857,-1161.0,0.12143519136302294,22540.0,0.6862991368649277
2026-08-06,2026-08-06_164216_084997_1_R2_C1,2,200.0,1.75,18,inter_cycle_dwell,45,2.933022600000001,12237.0,-0.08354714347879949,31550.0,0.003587883883163799
2026-08-06,2026-08-06_164216_084997_1_R2_C1,2,200.0,1.75,19,holding,7,0.3946571999999975,-7682.0,0.08256841137597459,28100.0,0.6839271370558289
2026-08-06,2026-08-06_164216_084997_1_R2_C1,2,200.0,1.75,19,inter_cycle_dwell,44,2.8797132999999917,-11698.0,-0.0791391130530304,14216.0,0.004224184471651
2026-08-06,2026-08-06_164216_084997_1_R2_C1,2,200.0,1.75,20,holding,8,0.46512939999999503,-13078.0,0.15766463684441978,15561.0,0.6836595260467714
2026-08-06,2026-08-06_165107_056573_1_R2_C2,2,200.0,2.625,1,holding,7,0.39952580000000015,-3629.0,0.17970018061270088,16493.0,1.1476762606092885
2026-08-06,2026-08-06_165107_056573_1_R2_C2,2,200.0,2.625,1,inter_cycle_dwell,45,2.9406018,801.0,-0.07419560449960179,20385.0,0.00300582344899
2026-08-06,2026-08-06_165107_056573_1_R2_C2,2,200.0,2.625,2,holding,8,0.4535864999999992,699.0,0.1693219139600184,19030.0,1.128463591159576
2026-08-06,2026-08-06_165107_056573_1_R2_C2,2,200.0,2.625,2,inter_cycle_dwell,45,2.9232338999999996,634.0,-0.1050279881130215,21654.0,0.004775149187215899
2026-08-06,2026-08-06_165107_056573_1_R2_C2,2,200.0,2.625,3,holding,7,0.39329329999999985,-5710.0,0.17533955235386256,19851.0,1.1310120630885514
2026-08-06,2026-08-06_165107_056573_1_R2_C2,2,200.0,2.625,3,inter_cycle_dwell,45,2.933929700000002,-114.0,-0.08620745043992109,21176.0,0.0089534998465802
2026-08-06,2026-08-06_165107_056573_1_R2_C2,2,200.0,2.625,4,holding,8,0.4587205999999995,-9463.0,0.21250755650872166,21379.0,1.136142749628742
2026-08-06,2026-08-06_165107_056573_1_R2_C2,2,200.0,2.625,4,inter_cycle_dwell,45,2.9290698000000006,6037.0,-0.12371967315479539,24570.0,0.005959112898366601
2026-08-06,2026-08-06_165107_056573_1_R2_C2,2,200.0,2.625,5,holding,7,0.40757819999999967,-4018.0,0.16377867107020483,15743.0,1.1225444100450337
2026-08-06,2026-08-06_165107_056573_1_R2_C2,2,200.0,2.625,5,inter_cycle_dwell,45,2.928222999999999,-12173.0,-0.0884791809529297,25912.0,0.006350261777624501
2026-08-06,2026-08-06_165107_056573_1_R2_C2,2,200.0,2.625,6,holding,7,0.3979830999999976,847.0,0.15084083426662076,25647.0,1.1227952035288924
2026-08-06,2026-08-06_165107_056573_1_R2_C2,2,200.0,2.625,6,inter_cycle_dwell,45,2.9299557000000007,1419.0,-0.0790464367791061,31835.0,0.006582305792509801
2026-08-06,2026-08-06_165107_056573_1_R2_C2,2,200.0,2.625,7,holding,8,0.46091160000000286,19584.0,0.19801170716161554,31063.0,1.133834697431522
2026-08-06,2026-08-06_165107_056573_1_R2_C2,2,200.0,2.625,7,inter_cycle_dwell,46,3.0067604999999986,6665.0,-0.1426151060947911,20282.0,0.0063781359980040996
2026-08-06,2026-08-06_165107_056573_1_R2_C2,2,200.0,2.625,8,holding,8,0.4611149999999995,4591.0,0.20203473295061414,18404.0,1.1114859163887847
2026-08-06,2026-08-06_165107_056573_1_R2_C2,2,200.0,2.625,8,inter_cycle_dwell,45,2.9531305999999944,5782.0,-0.1475053835017916,29744.0,0.0093367276418005
2026-08-06,2026-08-06_165107_056573_1_R2_C2,2,200.0,2.625,9,holding,8,0.4639955000000029,2198.0,0.15154682034276867,24570.0,1.148085639118662
2026-08-06,2026-08-06_165107_056573_1_R2_C2,2,200.0,2.625,9,inter_cycle_dwell,45,2.9439339999999987,485.0,-0.1405657182257079,21182.0,0.0081684181513525
2026-08-06,2026-08-06_165107_056573_1_R2_C2,2,200.0,2.625,10,holding,7,0.39706569999999886,-6753.0,0.16598263640939215,21854.0,1.1554082643869112
2026-08-06,2026-08-06_165107_056573_1_R2_C2,2,200.0,2.625,10,inter_cycle_dwell,45,2.934708899999997,-3246.0,-0.08410424546477,21480.0,0.008830101417595902
2026-08-06,2026-08-06_165107_056573_1_R2_C2,2,200.0,2.625,11,holding,8,0.46416009999999375,-14550.0,0.18902025790611965,18938.0,1.1447765174011426
2026-08-06,2026-08-06_165107_056573_1_R2_C2,2,200.0,2.625,11,inter_cycle_dwell,45,2.9371044000000026,3987.0,-0.1286292403820443,27406.0,0.0008009000468319968
2026-08-06,2026-08-06_165107_056573_1_R2_C2,2,200.0,2.625,12,holding,7,0.4162214999999989,-4732.0,0.19828721147140538,17868.0,1.138081558659072
2026-08-06,2026-08-06_165107_056573_1_R2_C2,2,200.0,2.625,12,inter_cycle_dwell,45,2.9408434000000057,-7719.0,-0.11534820252805149,23559.0,0.007442594679094899
2026-08-06,2026-08-06_165107_056573_1_R2_C2,2,200.0,2.625,13,holding,7,0.4162053999999955,-4209.0,0.1612470492537461,24944.0,1.1290898781038172
2026-08-06,2026-08-06_165107_056573_1_R2_C2,2,200.0,2.625,13,inter_cycle_dwell,45,2.943994900000007,19553.0,-0.08106389469449289,33871.0,0.005168673751005104
2026-08-06,2026-08-06_165107_056573_1_R2_C2,2,200.0,2.625,14,holding,8,0.46393030000000124,-5758.0,0.22852927261958478,17664.0,1.1266453665700655
2026-08-06,2026-08-06_165107_056573_1_R2_C2,2,200.0,2.625,14,inter_cycle_dwell,45,2.944096099999996,-12531.0,-0.0761507274753031,22577.0,0.007642801445967001
2026-08-06,2026-08-06_165107_056573_1_R2_C2,2,200.0,2.625,15,holding,8,0.46355180000000473,3346.0,0.19571264119781406,32364.0,1.1223845330195008
2026-08-06,2026-08-06_165107_056573_1_R2_C2,2,200.0,2.625,15,inter_cycle_dwell,44,2.8800199000000077,-11888.0,-0.0769136585981907,27186.0,0.0051229454597761515
2026-08-06,2026-08-06_165107_056573_1_R2_C2,2,200.0,2.625,16,holding,8,0.4603137000000004,5325.0,0.19044183212524612,23022.0,1.1050336572292574
2026-08-06,2026-08-06_165107_056573_1_R2_C2,2,200.0,2.625,16,inter_cycle_dwell,45,2.9539053999999965,-2292.0,-0.11820086091367409,21833.0,0.012148928358263103
2026-08-06,2026-08-06_165107_056573_1_R2_C2,2,200.0,2.625,17,holding,8,0.4640830999999963,-1542.0,0.19236131531371592,16807.0,1.1100870576718433
2026-08-06,2026-08-06_165107_056573_1_R2_C2,2,200.0,2.625,17,inter_cycle_dwell,45,2.963203500000006,-1702.0,-0.1246055041700341,13223.0,0.0076975299839558975
2026-08-06,2026-08-06_165107_056573_1_R2_C2,2,200.0,2.625,18,holding,7,0.39996449999999584,8704.0,0.1697261150575392,29565.0,1.1319885347384817
2026-08-06,2026-08-06_165107_056573_1_R2_C2,2,200.0,2.625,18,inter_cycle_dwell,44,2.8640800000000013,2349.0,-0.07140062033938599,20764.0,0.007791457117891705
2026-08-06,2026-08-06_165107_056573_1_R2_C2,2,200.0,2.625,19,holding,8,0.46634240000000204,-6577.0,0.17166860768647074,20638.0,1.0908482550178955
2026-08-06,2026-08-06_165107_056573_1_R2_C2,2,200.0,2.625,19,inter_cycle_dwell,45,2.9295139000000034,9901.0,-0.1194810632505145,30644.0,0.010264484961130804
2026-08-06,2026-08-06_165107_056573_1_R2_C2,2,200.0,2.625,20,holding,7,0.4000594000000035,2446.0,0.19520514639925446,21812.0,1.132575227350174
2026-08-06,2026-08-06_165621_343986_1_R2_C3,2,200.0,3.5,1,holding,7,0.4001983,-12837.0,0.2501751993374497,16134.0,1.7970003330576423
2026-08-06,2026-08-06_165621_343986_1_R2_C3,2,200.0,3.5,1,inter_cycle_dwell,45,2.9358031,10699.0,-0.0680286302924908,35171.0,0.005452012724691299
2026-08-06,2026-08-06_165621_343986_1_R2_C3,2,200.0,3.5,2,holding,8,0.4686444000000005,56.0,0.28056318323466045,24684.0,1.6297691634349705
2026-08-06,2026-08-06_165621_343986_1_R2_C3,2,200.0,3.5,2,inter_cycle_dwell,45,2.9507399000000003,19097.0,-0.046512532889227,47513.0,0.0095260598797135
2026-08-06,2026-08-06_165621_343986_1_R2_C3,2,200.0,3.5,3,holding,7,0.39999949999999984,-5328.0,0.19760046234213413,21358.0,1.592513371981824
2026-08-06,2026-08-06_165621_343986_1_R2_C3,2,200.0,3.5,3,inter_cycle_dwell,45,2.9282219000000005,-8555.0,-0.0501810763400283,18160.0,0.0055990786269383
2026-08-06,2026-08-06_165621_343986_1_R2_C3,2,200.0,3.5,4,holding,8,0.479715800000001,-2973.0,0.3032346509872408,26729.0,1.5879186149260205
2026-08-06,2026-08-06_165621_343986_1_R2_C3,2,200.0,3.5,4,inter_cycle_dwell,45,2.934113,-13391.0,-0.019187878377012798,17280.0,0.0077215264965666
2026-08-06,2026-08-06_165621_343986_1_R2_C3,2,200.0,3.5,5,holding,8,0.4574700000000007,7654.0,0.2995104260673227,20783.0,1.6955182520928007
2026-08-06,2026-08-06_165621_343986_1_R2_C3,2,200.0,3.5,5,inter_cycle_dwell,44,2.8799297000000017,-2239.0,-0.0644675882706989,28369.0,0.0094169846380385
2026-08-06,2026-08-06_165621_343986_1_R2_C3,2,200.0,3.5,6,holding,8,0.4620014999999995,-19738.0,0.2812102587297436,22641.0,1.6742484627708476
2026-08-06,2026-08-06_165621_343986_1_R2_C3,2,200.0,3.5,6,inter_cycle_dwell,46,2.9936296000000056,3452.0,-0.0881169349126182,30878.0,0.0061091367772695
2026-08-06,2026-08-06_165621_343986_1_R2_C3,2,200.0,3.5,7,holding,8,0.48234459999999757,-11057.0,0.3374737924812452,15488.0,1.6642132958115452
2026-08-06,2026-08-06_165621_343986_1_R2_C3,2,200.0,3.5,7,inter_cycle_dwell,45,2.9279809000000014,10528.0,-0.106735878687309,33600.0,0.009188998727311198
2026-08-06,2026-08-06_165621_343986_1_R2_C3,2,200.0,3.5,8,holding,8,0.463890499999998,12956.0,0.24218914517258416,19245.0,1.6978920581423844
2026-08-06,2026-08-06_165621_343986_1_R2_C3,2,200.0,3.5,8,inter_cycle_dwell,45,2.9350144,9063.0,-0.0649794330257125,20108.0,0.0047750311097532
2026-08-06,2026-08-06_165621_343986_1_R2_C3,2,200.0,3.5,9,holding,8,0.4613502000000054,20340.0,0.2644020422080753,47367.0,1.5992023798433346
2026-08-06,2026-08-06_165621_343986_1_R2_C3,2,200.0,3.5,9,inter_cycle_dwell,45,2.940472700000001,6077.0,-0.042693838876077306,33587.0,0.0060639496720538005
2026-08-06,2026-08-06_165621_343986_1_R2_C3,2,200.0,3.5,10,holding,8,0.49806809999999757,480.0,0.34305302162255424,28903.0,1.6268186304106083
2026-08-06,2026-08-06_165621_343986_1_R2_C3,2,200.0,3.5,10,inter_cycle_dwell,46,2.9922712000000047,1280.0,-0.12113435276091769,37770.0,0.010019241230776552
2026-08-06,2026-08-06_165621_343986_1_R2_C3,2,200.0,3.5,11,holding,8,0.4617509999999996,-2775.0,0.23834560220258916,18769.0,1.6250504915675055
2026-08-06,2026-08-06_165621_343986_1_R2_C3,2,200.0,3.5,11,inter_cycle_dwell,45,2.9315361000000024,16327.0,-0.021705579654057505,29834.0,0.007713640071776199
2026-08-06,2026-08-06_165621_343986_1_R2_C3,2,200.0,3.5,12,holding,8,0.46394270000000404,-1699.0,0.2871121220513875,16410.0,1.6381702514719267
2026-08-06,2026-08-06_165621_343986_1_R2_C3,2,200.0,3.5,12,inter_cycle_dwell,44,2.863220599999991,252.0,-0.0412229398690473,25301.0,0.0077041304416086
2026-08-06,2026-08-06_165621_343986_1_R2_C3,2,200.0,3.5,13,holding,8,0.473616700000008,-5660.0,0.24113805387642429,17381.0,1.6545510445476943
2026-08-06,2026-08-06_165621_343986_1_R2_C3,2,200.0,3.5,13,inter_cycle_dwell,45,2.927687299999988,2818.0,-0.0963832451088679,30024.0,0.005636866123430699
2026-08-06,2026-08-06_165621_343986_1_R2_C3,2,200.0,3.5,14,holding,8,0.4685393000000033,18999.0,0.3286581356898912,35796.0,1.6565222271684994
2026-08-06,2026-08-06_165621_343986_1_R2_C3,2,200.0,3.5,14,inter_cycle_dwell,45,2.9548823999999883,-16926.0,-0.1295974226542195,14300.0,0.006852993883761097
2026-08-06,2026-08-06_165621_343986_1_R2_C3,2,200.0,3.5,15,holding,8,0.46624939999999526,-7102.0,0.2603279086959114,20242.0,1.715430282973189
2026-08-06,2026-08-06_165621_343986_1_R2_C3,2,200.0,3.5,15,inter_cycle_dwell,45,2.9280636000000015,-22515.0,-0.07747214078563801,22178.0,0.010714050536539597
2026-08-06,2026-08-06_165621_343986_1_R2_C3,2,200.0,3.5,16,holding,7,0.4152605999999963,-6181.0,0.3561249689413759,29055.0,1.7444543554937055
2026-08-06,2026-08-06_165621_343986_1_R2_C3,2,200.0,3.5,16,inter_cycle_dwell,45,2.9117636999999945,-6059.0,-0.0967643550599285,22027.0,0.004661262636108297
2026-08-06,2026-08-06_165621_343986_1_R2_C3,2,200.0,3.5,17,holding,7,0.3998258999999962,7638.0,0.3005749646897773,22122.0,1.719784339841777
2026-08-06,2026-08-06_165621_343986_1_R2_C3,2,200.0,3.5,17,inter_cycle_dwell,45,2.944144499999993,162.0,-0.08776842522316261,28559.0,0.006331080842259702
2026-08-06,2026-08-06_165621_343986_1_R2_C3,2,200.0,3.5,18,holding,8,0.45987819999999147,467.0,0.30703838029788266,14773.0,1.682145743355525
2026-08-06,2026-08-06_165621_343986_1_R2_C3,2,200.0,3.5,18,inter_cycle_dwell,45,2.9189264999999978,7689.0,-0.0789492328087201,21323.0,0.0041574047268359005
2026-08-06,2026-08-06_165621_343986_1_R2_C3,2,200.0,3.5,19,holding,7,0.4008922999999953,-21251.0,0.19292781546672,26558.0,1.6873501417478718
2026-08-06,2026-08-06_165621_343986_1_R2_C3,2,200.0,3.5,19,inter_cycle_dwell,46,2.992176399999991,18434.0,-0.12638759019009868,34256.0,0.00368358789792125
2026-08-06,2026-08-06_165621_343986_1_R2_C3,2,200.0,3.5,20,holding,8,0.46567449999999155,-4302.0,0.2382038441447034,20665.0,1.6390386901834832
2026-08-06,2026-08-06_170218_140499_1_R2_C4,2,400.0,1.75,1,holding,8,0.47991779999999995,-11264.0,0.4579299417209331,18612.0,0.7350322785829896
2026-08-06,2026-08-06_170218_140499_1_R2_C4,2,400.0,1.75,1,inter_cycle_dwell,44,2.8633332999999994,10903.0,-0.20249757466195023,38196.0,0.0019667492980769002
2026-08-06,2026-08-06_170218_140499_1_R2_C4,2,400.0,1.75,2,holding,8,0.4640335999999996,5739.0,0.37622794219827044,27698.0,0.7087639338692668
2026-08-06,2026-08-06_170218_140499_1_R2_C4,2,400.0,1.75,2,inter_cycle_dwell,45,2.943925600000001,-1626.0,-0.25882773641875473,32047.0,0.0019358646930195018
2026-08-06,2026-08-06_170218_140499_1_R2_C4,2,400.0,1.75,3,holding,8,0.46313920000000053,6513.0,0.3486570387257294,24361.0,0.6983319919776253
2026-08-06,2026-08-06_170218_140499_1_R2_C4,2,400.0,1.75,3,inter_cycle_dwell,45,2.9281033999999995,14295.0,-0.2169544396913763,26705.0,0.004520309381168101
2026-08-06,2026-08-06_170218_140499_1_R2_C4,2,400.0,1.75,4,holding,7,0.3957265999999997,7979.0,0.1817288499359987,26985.0,0.6987704647396371
2026-08-06,2026-08-06_170218_140499_1_R2_C4,2,400.0,1.75,4,inter_cycle_dwell,45,2.9436283999999997,9152.0,-0.22152282813826935,39818.0,0.0046878670133585
2026-08-06,2026-08-06_170218_140499_1_R2_C4,2,400.0,1.75,5,holding,8,0.46391510000000125,11058.0,0.3800966522889157,27336.0,0.6930255469734271
2026-08-06,2026-08-06_170218_140499_1_R2_C4,2,400.0,1.75,5,inter_cycle_dwell,45,2.9437251999999994,-4145.0,-0.2868253657168728,31955.0,0.001925915909435201
2026-08-06,2026-08-06_170218_140499_1_R2_C4,2,400.0,1.75,6,holding,8,0.45542950000000104,8806.0,0.3841971325134743,24791.0,0.6975187788042053
2026-08-06,2026-08-06_170218_140499_1_R2_C4,2,400.0,1.75,6,inter_cycle_dwell,45,2.9277243000000013,-3606.0,-0.3416308383633798,22274.0,0.001019374262249198
2026-08-06,2026-08-06_170218_140499_1_R2_C4,2,400.0,1.75,7,holding,7,0.39449379999999934,-4473.0,0.20135233442201722,34953.0,0.6983581674926602
2026-08-06,2026-08-06_170218_140499_1_R2_C4,2,400.0,1.75,7,inter_cycle_dwell,45,2.9401582000000026,4344.0,-0.22851235007086548,25410.0,0.0048351610550739985
2026-08-06,2026-08-06_170218_140499_1_R2_C4,2,400.0,1.75,8,holding,8,0.4638050000000007,1394.0,0.40540610076408007,20059.0,0.6989489113267319
2026-08-06,2026-08-06_170218_140499_1_R2_C4,2,400.0,1.75,8,inter_cycle_dwell,45,2.9523869000000005,-4662.0,-0.29360373484530927,17141.0,0.0037447898326504053
2026-08-06,2026-08-06_170218_140499_1_R2_C4,2,400.0,1.75,9,holding,8,0.45358519999999913,-4605.0,0.3214036412921753,24652.0,0.6941433289451421
2026-08-06,2026-08-06_170218_140499_1_R2_C4,2,400.0,1.75,9,inter_cycle_dwell,44,2.8552548999999985,-10838.0,-0.11714017697302219,27669.0,0.005852242940960345
2026-08-06,2026-08-06_170218_140499_1_R2_C4,2,400.0,1.75,10,holding,8,0.47705210000000164,-22035.0,0.4187535260448873,16309.0,0.7034786430036766
2026-08-06,2026-08-06_170218_140499_1_R2_C4,2,400.0,1.75,10,inter_cycle_dwell,45,2.921204600000003,11182.0,-0.18117727908038328,33938.0,0.007740369749144001
2026-08-06,2026-08-06_170218_140499_1_R2_C4,2,400.0,1.75,11,holding,8,0.46346840000000356,-3118.0,0.36890903428172594,18416.0,0.7065120282456991
2026-08-06,2026-08-06_170218_140499_1_R2_C4,2,400.0,1.75,11,inter_cycle_dwell,45,2.9373052999999985,-6943.0,-0.25603514484002304,37480.0,0.0020429160056886983
2026-08-06,2026-08-06_170218_140499_1_R2_C4,2,400.0,1.75,12,holding,7,0.39923869999999795,7296.0,0.3359520933562221,31102.0,0.7019081768942464
2026-08-06,2026-08-06_170218_140499_1_R2_C4,2,400.0,1.75,12,inter_cycle_dwell,45,2.9258501000000052,-6113.0,-0.16247787541617517,18637.0,0.002010042599251999
2026-08-06,2026-08-06_170218_140499_1_R2_C4,2,400.0,1.75,13,holding,7,0.39972510000000483,-4151.0,0.26764878627327565,26714.0,0.6995839708868016
2026-08-06,2026-08-06_170218_140499_1_R2_C4,2,400.0,1.75,13,inter_cycle_dwell,45,2.928021600000001,11253.0,-0.2930501635548476,37431.0,0.004742902524974703
2026-08-06,2026-08-06_170218_140499_1_R2_C4,2,400.0,1.75,14,holding,7,0.3958704999999938,3036.0,0.3215242619769557,39879.0,0.7012450535369054
2026-08-06,2026-08-06_170218_140499_1_R2_C4,2,400.0,1.75,14,inter_cycle_dwell,45,2.947765799999999,-16195.0,-0.1733236241795992,29587.0,0.0031736219747858993
2026-08-06,2026-08-06_170218_140499_1_R2_C4,2,400.0,1.75,15,holding,8,0.46383139999999656,-16388.0,0.3052332713964982,15838.0,0.6981257975817061
2026-08-06,2026-08-06_170218_140499_1_R2_C4,2,400.0,1.75,15,inter_cycle_dwell,45,2.927929800000001,10064.0,-0.3027213495723714,30563.0,0.0034040290658119005
2026-08-06,2026-08-06_170218_140499_1_R2_C4,2,400.0,1.75,16,holding,8,0.4863186999999982,24090.0,0.36082372827121195,40418.0,0.6956991806879964
2026-08-06,2026-08-06_170218_140499_1_R2_C4,2,400.0,1.75,16,inter_cycle_dwell,45,2.9279419000000075,-524.0,-0.20062487032341747,34796.0,0.005873382004552605
2026-08-06,2026-08-06_170218_140499_1_R2_C4,2,400.0,1.75,17,holding,8,0.45600939999999923,-18766.0,0.3672396175178412,19715.0,0.6999748953044626
2026-08-06,2026-08-06_170218_140499_1_R2_C4,2,400.0,1.75,17,inter_cycle_dwell,45,2.956411000000003,-1693.0,-0.28631205504340235,28043.0,-0.011457256023418901
2026-08-06,2026-08-06_170218_140499_1_R2_C4,2,400.0,1.75,18,holding,7,0.39897479999999064,6605.0,0.30915908029867567,21703.0,0.6777682180560214
2026-08-06,2026-08-06_170218_140499_1_R2_C4,2,400.0,1.75,18,inter_cycle_dwell,45,2.956128300000003,-3506.0,-0.2693136848229811,24709.0,0.006399387333901899
2026-08-06,2026-08-06_170218_140499_1_R2_C4,2,400.0,1.75,19,holding,7,0.4024499000000077,28292.0,0.2838268859444726,42922.0,0.7044748608939857
2026-08-06,2026-08-06_170218_140499_1_R2_C4,2,400.0,1.75,19,inter_cycle_dwell,45,2.9327598999999935,-9707.0,-0.25219110277822576,15526.0,0.006146761957668598
2026-08-06,2026-08-06_170218_140499_1_R2_C4,2,400.0,1.75,20,holding,7,0.3936730000000068,-12449.0,0.22029771588994151,29008.0,0.6974385290409929
2026-08-06,2026-08-06_170518_492336_1_R2_C5,2,400.0,2.625,1,holding,7,0.39986330000000003,-17172.0,0.2569271333841744,15043.0,1.0716116574419787
2026-08-06,2026-08-06_170518_492336_1_R2_C5,2,400.0,2.625,1,inter_cycle_dwell,45,2.9267979,-9537.0,-0.30715699129378965,17136.0,0.004562285712716902
2026-08-06,2026-08-06_170518_492336_1_R2_C5,2,400.0,2.625,2,holding,8,0.46584739999999947,-1624.0,0.2923971446238245,16910.0,1.0447437000122803
2026-08-06,2026-08-06_170518_492336_1_R2_C5,2,400.0,2.625,2,inter_cycle_dwell,45,2.9280359999999996,-11178.0,-0.3290659830532819,25635.0,0.007244848135156301
2026-08-06,2026-08-06_170518_492336_1_R2_C5,2,400.0,2.625,3,holding,7,0.4003577999999983,1989.0,0.3331493361803136,24438.0,1.0667381904433073
2026-08-06,2026-08-06_170518_492336_1_R2_C5,2,400.0,2.625,3,inter_cycle_dwell,45,2.9279083000000004,-2448.0,-0.3259146332114224,20994.0,0.007760687109820696
2026-08-06,2026-08-06_170518_492336_1_R2_C5,2,400.0,2.625,4,holding,8,0.47022849999999927,-2926.0,0.2982293033393134,21820.0,1.0507714277030678
2026-08-06,2026-08-06_170518_492336_1_R2_C5,2,400.0,2.625,4,inter_cycle_dwell,45,2.9281092000000015,9367.0,-0.3174954187059025,31382.0,0.007770423088724304
2026-08-06,2026-08-06_170518_492336_1_R2_C5,2,400.0,2.625,5,holding,8,0.4639832999999989,-989.0,0.30953130729179146,18566.0,1.0565651773863423
2026-08-06,2026-08-06_170518_492336_1_R2_C5,2,400.0,2.625,5,inter_cycle_dwell,45,2.9280703999999993,-105.0,-0.3290099383174231,21326.0,0.0018841847810482995
2026-08-06,2026-08-06_170518_492336_1_R2_C5,2,400.0,2.625,6,holding,8,0.463902700000002,-3490.0,0.31559392620327864,23001.0,1.0585922896716957
2026-08-06,2026-08-06_170518_492336_1_R2_C5,2,400.0,2.625,6,inter_cycle_dwell,45,2.9281611000000005,4754.0,-0.3245452122902664,32962.0,0.008887134153693403
2026-08-06,2026-08-06_170518_492336_1_R2_C5,2,400.0,2.625,7,holding,7,0.39979900000000157,4247.0,0.3024106609437238,20675.0,1.0647164002932066
2026-08-06,2026-08-06_170518_492336_1_R2_C5,2,400.0,2.625,7,inter_cycle_dwell,45,2.9282752000000016,-14052.0,-0.3124941806904108,14737.0,0.0049325642662867986
2026-08-06,2026-08-06_170518_492336_1_R2_C5,2,400.0,2.625,8,holding,7,0.3978194999999971,-12598.0,0.28572233695510807,20427.0,1.0486606142552068
2026-08-06,2026-08-06_170518_492336_1_R2_C5,2,400.0,2.625,8,inter_cycle_dwell,45,2.927813499999999,-4528.0,-0.1779964809117777,25124.0,0.0088555215534372
2026-08-06,2026-08-06_170518_492336_1_R2_C5,2,400.0,2.625,9,holding,8,0.4587660000000042,-8336.0,0.3227521408057693,12134.0,1.0577332955996628
2026-08-06,2026-08-06_170518_492336_1_R2_C5,2,400.0,2.625,9,inter_cycle_dwell,45,2.9286658999999986,10269.0,-0.1862693353586355,32014.0,-0.0013665306754142015
2026-08-06,2026-08-06_170518_492336_1_R2_C5,2,400.0,2.625,10,holding,8,0.4720461,9397.0,0.32447926404022254,27341.0,1.0402221003538767
2026-08-06,2026-08-06_170518_492336_1_R2_C5,2,400.0,2.625,10,inter_cycle_dwell,45,2.9281165000000016,-918.0,-0.202292877227168,21273.0,0.008717619321077497
2026-08-06,2026-08-06_170518_492336_1_R2_C5,2,400.0,2.625,11,holding,8,0.4599455999999975,6968.0,0.32133612057678873,33175.0,1.0418452922923298
2026-08-06,2026-08-06_170518_492336_1_R2_C5,2,400.0,2.625,11,inter_cycle_dwell,45,2.9389296999999956,1057.0,-0.2448569258840434,21373.0,0.007374334693958998
2026-08-06,2026-08-06_170518_492336_1_R2_C5,2,400.0,2.625,12,holding,8,0.464137099999995,-1057.0,0.3100398475367331,34608.0,1.0543323860795724
2026-08-06,2026-08-06_170518_492336_1_R2_C5,2,400.0,2.625,12,inter_cycle_dwell,45,2.933358999999996,-3610.0,-0.24127859409595862,20633.0,0.0053961524506086
2026-08-06,2026-08-06_170518_492336_1_R2_C5,2,400.0,2.625,13,holding,8,0.4640529999999998,13056.0,0.38612712251875436,30049.0,1.0487423886499998
2026-08-06,2026-08-06_170518_492336_1_R2_C5,2,400.0,2.625,13,inter_cycle_dwell,45,2.927146999999998,9685.0,-0.24296946114524282,29623.0,0.007699053057156898
2026-08-06,2026-08-06_170518_492336_1_R2_C5,2,400.0,2.625,14,holding,7,0.4001504000000011,-9852.0,0.23091595182635039,21440.0,1.0482739094984739
2026-08-06,2026-08-06_170518_492336_1_R2_C5,2,400.0,2.625,14,inter_cycle_dwell,45,2.9317980000000006,4454.0,-0.268370611623316,21357.0,0.006272961526035396
2026-08-06,2026-08-06_170518_492336_1_R2_C5,2,400.0,2.625,15,holding,7,0.39593729999999994,-6901.0,0.23713971811984358,26772.0,1.043109815101611
2026-08-06,2026-08-06_170518_492336_1_R2_C5,2,400.0,2.625,15,inter_cycle_dwell,45,2.931715799999992,-9611.0,-0.2716314194054907,14539.0,0.004477673445104899
2026-08-06,2026-08-06_170518_492336_1_R2_C5,2,400.0,2.625,16,holding,7,0.39938250000000153,4304.0,0.23346605183035773,25639.0,1.0494764249601511
2026-08-06,2026-08-06_170518_492336_1_R2_C5,2,400.0,2.625,16,inter_cycle_dwell,45,2.954119200000008,-12791.0,-0.29497399518142425,24893.0,0.004986761655669601
2026-08-06,2026-08-06_170518_492336_1_R2_C5,2,400.0,2.625,17,holding,7,0.39978349999999807,8958.0,0.23082081727534343,29307.0,1.0459062444661589
2026-08-06,2026-08-06_170518_492336_1_R2_C5,2,400.0,2.625,17,inter_cycle_dwell,45,2.933764299999993,-10203.0,-0.25550017155806853,14235.0,0.006234665201515895
2026-08-06,2026-08-06_170518_492336_1_R2_C5,2,400.0,2.625,18,holding,7,0.40018929999999386,-19334.0,0.23449422008952203,18959.0,1.0471039686490724
2026-08-06,2026-08-06_170518_492336_1_R2_C5,2,400.0,2.625,18,inter_cycle_dwell,45,2.9475260000000105,-21046.0,-0.30674242385418776,16684.0,0.004805294314302495
2026-08-06,2026-08-06_170518_492336_1_R2_C5,2,400.0,2.625,19,holding,7,0.400004299999992,6343.0,0.32354382093709566,28929.0,1.048986870832505
2026-08-06,2026-08-06_170518_492336_1_R2_C5,2,400.0,2.625,19,inter_cycle_dwell,45,2.944062500000001,14913.0,-0.3019718248333834,33747.0,0.004574337266951799
2026-08-06,2026-08-06_170518_492336_1_R2_C5,2,400.0,2.625,20,holding,7,0.38735440000000665,12317.0,0.2562444051920947,32371.0,1.0433567784319215
2026-08-06,2026-08-06_170819_549765_1_R2_C6,2,400.0,3.5,1,holding,7,0.3998238999999999,-818.0,0.6535861123269657,25915.0,1.995893016848619
2026-08-06,2026-08-06_170819_549765_1_R2_C6,2,400.0,3.5,1,inter_cycle_dwell,45,2.9438352999999995,-6886.0,-0.34640902384003813,26166.0,0.007509908057273701
2026-08-06,2026-08-06_170819_549765_1_R2_C6,2,400.0,3.5,2,holding,8,0.4637495999999999,-6806.0,0.5781079290952111,21159.0,1.7484354855808144
2026-08-06,2026-08-06_170819_549765_1_R2_C6,2,400.0,3.5,2,inter_cycle_dwell,44,2.8663837999999995,10281.0,-0.15454493962647142,29908.0,0.012533622807195149
2026-08-06,2026-08-06_170819_549765_1_R2_C6,2,400.0,3.5,3,holding,8,0.46388300000000093,11283.0,0.6300730141095585,29614.0,1.8221984391646853
2026-08-06,2026-08-06_170819_549765_1_R2_C6,2,400.0,3.5,3,inter_cycle_dwell,45,2.9221965999999995,-16997.0,-0.1787989846633872,16034.0,0.005370765830781003
2026-08-06,2026-08-06_170819_549765_1_R2_C6,2,400.0,3.5,4,holding,7,0.3964104000000006,6671.0,0.3868926109622266,26619.0,1.7206481833907992
2026-08-06,2026-08-06_170819_549765_1_R2_C6,2,400.0,3.5,4,inter_cycle_dwell,45,2.9400349000000006,-7632.0,-0.2826331931507773,22751.0,0.004452816459230395
2026-08-06,2026-08-06_170819_549765_1_R2_C6,2,400.0,3.5,5,holding,8,0.46384319999999946,13065.0,0.504902957737148,30878.0,1.7433978025261276
2026-08-06,2026-08-06_170819_549765_1_R2_C6,2,400.0,3.5,5,inter_cycle_dwell,45,2.943548500000002,10734.0,-0.214804779815924,32375.0,0.0067473507463187005
2026-08-06,2026-08-06_170819_549765_1_R2_C6,2,400.0,3.5,6,holding,7,0.39984900000000323,8375.0,0.49850062662523453,19092.0,1.806926230814985
2026-08-06,2026-08-06_170819_549765_1_R2_C6,2,400.0,3.5,6,inter_cycle_dwell,45,2.9361919999999984,-25764.0,-0.294891165516102,9802.0,0.010928976122880699
2026-08-06,2026-08-06_170819_549765_1_R2_C6,2,400.0,3.5,7,holding,7,0.38476289999999835,-9053.0,0.2754739793766279,21344.0,1.8009280852970877
2026-08-06,2026-08-06_170819_549765_1_R2_C6,2,400.0,3.5,7,inter_cycle_dwell,46,2.999354299999993,-994.0,-0.27831849180731605,21834.0,0.010810127614369197
2026-08-06,2026-08-06_170819_549765_1_R2_C6,2,400.0,3.5,8,holding,7,0.4020413000000005,10986.0,0.5445804815601041,37876.0,1.854217095351817
2026-08-06,2026-08-06_170819_549765_1_R2_C6,2,400.0,3.5,8,inter_cycle_dwell,45,2.9606550999999968,19825.0,-0.2866287333898151,52873.0,0.004813101186558699
2026-08-06,2026-08-06_170819_549765_1_R2_C6,2,400.0,3.5,9,holding,7,0.4040333999999959,2151.0,0.5008956791913215,26410.0,1.7858656480918444
2026-08-06,2026-08-06_170819_549765_1_R2_C6,2,400.0,3.5,9,inter_cycle_dwell,45,2.9437263000000016,1595.0,-0.28532601315663636,31057.0,0.007086287786415901
2026-08-06,2026-08-06_170819_549765_1_R2_C6,2,400.0,3.5,10,holding,8,0.4638321999999988,-3238.0,0.6080338168661692,24845.0,1.8309891017681956
2026-08-06,2026-08-06_170819_549765_1_R2_C6,2,400.0,3.5,10,inter_cycle_dwell,45,2.928045300000001,-28430.0,-0.3026125326988253,22412.0,0.0027266369893384004
2026-08-06,2026-08-06_170819_549765_1_R2_C6,2,400.0,3.5,11,holding,8,0.4642250000000061,-5463.0,0.6531958905338253,23653.0,1.8389840965923168
2026-08-06,2026-08-06_170819_549765_1_R2_C6,2,400.0,3.5,11,inter_cycle_dwell,44,2.8747980000000055,4719.0,-0.2058186845344047,36383.0,0.007676515185649803
2026-08-06,2026-08-06_170819_549765_1_R2_C6,2,400.0,3.5,12,holding,7,0.3999404999999996,-11742.0,0.4318589156284589,6935.0,1.8348792882976284
2026-08-06,2026-08-06_170819_549765_1_R2_C6,2,400.0,3.5,12,inter_cycle_dwell,45,2.9495661999999996,-5822.0,-0.16254807690428447,21711.0,0.0070965641691903975
2026-08-06,2026-08-06_170819_549765_1_R2_C6,2,400.0,3.5,13,holding,7,0.40013199999999927,-15092.0,0.5082081230847422,12169.0,1.803291100104289
2026-08-06,2026-08-06_170819_549765_1_R2_C6,2,400.0,3.5,13,inter_cycle_dwell,45,2.928031699999991,14224.0,-0.3427826286793129,35971.0,0.006905960460454004
2026-08-06,2026-08-06_170819_549765_1_R2_C6,2,400.0,3.5,14,holding,8,0.479808399999996,-601.0,0.6929134110458006,22601.0,1.8679048643322111
2026-08-06,2026-08-06_170819_549765_1_R2_C6,2,400.0,3.5,14,inter_cycle_dwell,45,2.927939699999996,18081.0,-0.2758314302692093,42181.0,0.011270406264701195
2026-08-06,2026-08-06_170819_549765_1_R2_C6,2,400.0,3.5,15,holding,7,0.4057440999999926,-12751.0,0.45634039101810386,12058.0,1.9126549226974168
2026-08-06,2026-08-06_170819_549765_1_R2_C6,2,400.0,3.5,15,inter_cycle_dwell,45,2.928011699999999,10645.0,-0.19608103525822188,28709.0,0.00817649782984
2026-08-06,2026-08-06_170819_549765_1_R2_C6,2,400.0,3.5,16,holding,8,0.46407770000000426,14644.0,0.599814767794751,37438.0,1.864179106827851
2026-08-06,2026-08-06_170819_549765_1_R2_C6,2,400.0,3.5,16,inter_cycle_dwell,44,2.8801851999999997,-306.0,-0.1692641768459156,20352.0,0.008717292814059044
2026-08-06,2026-08-06_170819_549765_1_R2_C6,2,400.0,3.5,17,holding,8,0.46415700000000015,-17738.0,0.7337784777750833,21085.0,1.9533620586399167
2026-08-06,2026-08-06_170819_549765_1_R2_C6,2,400.0,3.5,17,inter_cycle_dwell,45,2.9424245999999954,22915.0,-0.3220489033572767,37524.0,-0.0005993669568118976
2026-08-06,2026-08-06_170819_549765_1_R2_C6,2,400.0,3.5,18,holding,7,0.3924858000000029,-2184.0,0.423205125987,13635.0,1.8373179683903123
2026-08-06,2026-08-06_170819_549765_1_R2_C6,2,400.0,3.5,18,inter_cycle_dwell,45,2.939628600000006,4463.0,-0.2877060965962493,43103.0,0.007562785859726702
2026-08-06,2026-08-06_170819_549765_1_R2_C6,2,400.0,3.5,19,holding,7,0.41513689999999315,-3544.0,0.6766265406639771,15953.0,1.8827063271968532
2026-08-06,2026-08-06_170819_549765_1_R2_C6,2,400.0,3.5,19,inter_cycle_dwell,45,2.927549499999998,-9846.0,-0.27575346694990654,25688.0,0.007477047559862698
2026-08-06,2026-08-06_170819_549765_1_R2_C6,2,400.0,3.5,20,holding,8,0.4639344999999935,527.0,0.6112932408724514,22869.0,1.848491300984744
2026-08-06,2026-08-06_171152_415386_1_R2_C7,2,600.0,1.75,1,holding,7,0.4096890999999998,2243.0,0.4300747081743718,22511.0,0.7064682814534253
2026-08-06,2026-08-06_171152_415386_1_R2_C7,2,600.0,1.75,1,inter_cycle_dwell,45,2.9316888,-249.0,-0.4037537875522232,28779.0,0.0014861532319424995
2026-08-06,2026-08-06_171152_415386_1_R2_C7,2,600.0,1.75,2,holding,8,0.4624448000000001,7183.0,0.4215500008863275,25505.0,0.6832083934176345
2026-08-06,2026-08-06_171152_415386_1_R2_C7,2,600.0,1.75,2,inter_cycle_dwell,45,2.9417929999999997,-9177.0,-0.2889617198848346,9201.0,0.0036459331059224003
2026-08-06,2026-08-06_171152_415386_1_R2_C7,2,600.0,1.75,3,holding,7,0.4132119999999997,-631.0,0.28881542582953823,19193.0,0.6774664527082777
2026-08-06,2026-08-06_171152_415386_1_R2_C7,2,600.0,1.75,3,inter_cycle_dwell,45,2.9331611000000013,-11298.0,-0.3312663093136351,13399.0,-0.0012151327064869998
2026-08-06,2026-08-06_171152_415386_1_R2_C7,2,600.0,1.75,4,holding,7,0.3915395000000004,-4243.0,0.3290036223898308,23022.0,0.6732724456827841
2026-08-06,2026-08-06_171152_415386_1_R2_C7,2,600.0,1.75,4,inter_cycle_dwell,45,2.9277283999999995,12132.0,-0.4252928308432563,29577.0,0.0036394186625219394
2026-08-06,2026-08-06_171152_415386_1_R2_C7,2,600.0,1.75,5,holding,7,0.4084027999999975,10274.0,0.4608357558530187,32435.0,0.6846059201036069
2026-08-06,2026-08-06_171152_415386_1_R2_C7,2,600.0,1.75,5,inter_cycle_dwell,45,2.918938699999998,2509.0,-0.23333653829208828,24482.0,0.0040741241742278
2026-08-06,2026-08-06_171152_415386_1_R2_C7,2,600.0,1.75,6,holding,7,0.38875499999999974,3277.0,0.2960340704687914,19149.0,0.684295547181726
2026-08-06,2026-08-06_171152_415386_1_R2_C7,2,600.0,1.75,6,inter_cycle_dwell,45,2.9280796000000002,17368.0,-0.41914289094183393,36984.0,0.006235931175779001
2026-08-06,2026-08-06_171152_415386_1_R2_C7,2,600.0,1.75,7,holding,7,0.412483899999998,-15152.0,0.46664759299269043,17328.0,0.7197139487013537
2026-08-06,2026-08-06_171152_415386_1_R2_C7,2,600.0,1.75,7,inter_cycle_dwell,45,2.9281167000000003,-7609.0,-0.3560647162583718,15337.0,0.004497601710578801
2026-08-06,2026-08-06_171152_415386_1_R2_C7,2,600.0,1.75,8,holding,7,0.3964899000000024,39075.0,0.36038918498895395,49889.0,0.7063260329840281
2026-08-06,2026-08-06_171152_415386_1_R2_C7,2,600.0,1.75,8,inter_cycle_dwell,45,2.9273734000000005,6626.0,-0.4691442950573313,26862.0,-6.935733651249748e-05
2026-08-06,2026-08-06_171152_415386_1_R2_C7,2,600.0,1.75,9,holding,8,0.464108600000003,2360.0,0.49035442374817845,25220.0,0.6935749562430205
2026-08-06,2026-08-06_171152_415386_1_R2_C7,2,600.0,1.75,9,inter_cycle_dwell,45,2.911785200000004,7627.0,-0.30810637544749286,27085.0,0.004894546439854198
2026-08-06,2026-08-06_171152_415386_1_R2_C7,2,600.0,1.75,10,holding,7,0.3999296000000001,3581.0,0.39168862211860395,19550.0,0.7026067438204434
2026-08-06,2026-08-06_171152_415386_1_R2_C7,2,600.0,1.75,10,inter_cycle_dwell,45,2.9374938999999998,3130.0,-0.2654205132343764,22941.0,0.0025795083239792994
2026-08-06,2026-08-06_171152_415386_1_R2_C7,2,600.0,1.75,11,holding,8,0.4639260999999948,10172.0,0.5041416104152472,32568.0,0.6956462389804488
2026-08-06,2026-08-06_171152_415386_1_R2_C7,2,600.0,1.75,11,inter_cycle_dwell,45,2.9277747999999946,-11354.0,-0.3967096972139744,19949.0,9.59854117950007e-06
2026-08-06,2026-08-06_171152_415386_1_R2_C7,2,600.0,1.75,12,holding,7,0.39872199999999935,19682.0,0.44020714081669293,38414.0,0.6965246288852661
2026-08-06,2026-08-06_171152_415386_1_R2_C7,2,600.0,1.75,12,inter_cycle_dwell,44,2.852195199999997,2985.0,-0.2724087140644655,24549.0,0.004597634265257052
2026-08-06,2026-08-06_171152_415386_1_R2_C7,2,600.0,1.75,13,holding,7,0.399713399999996,7775.0,0.31592169697835915,33828.0,0.6966274451978969
2026-08-06,2026-08-06_171152_415386_1_R2_C7,2,600.0,1.75,13,inter_cycle_dwell,45,2.928331,1599.0,-0.4181293845507881,19739.0,0.006984299064132702
2026-08-06,2026-08-06_171152_415386_1_R2_C7,2,600.0,1.75,14,holding,7,0.3964785000000006,6983.0,0.38222555799395597,28861.0,0.6966388150354014
2026-08-06,2026-08-06_171152_415386_1_R2_C7,2,600.0,1.75,14,inter_cycle_dwell,45,2.9440539,19412.0,-0.2723256084552141,31378.0,0.002383968404147098
2026-08-06,2026-08-06_171152_415386_1_R2_C7,2,600.0,1.75,15,holding,8,0.46422050000000326,-4360.0,0.49112818267396785,16109.0,0.6928781944632966
2026-08-06,2026-08-06_171152_415386_1_R2_C7,2,600.0,1.75,15,inter_cycle_dwell,45,2.9253327000000056,-13692.0,-0.3963255913158964,20486.0,0.0047677309502922
2026-08-06,2026-08-06_171152_415386_1_R2_C7,2,600.0,1.75,16,holding,8,0.4528593000000001,-2562.0,0.3723547585531679,33442.0,0.690285808299282
2026-08-06,2026-08-06_171152_415386_1_R2_C7,2,600.0,1.75,16,inter_cycle_dwell,45,2.9357577000000106,-7149.0,-0.27209490915489076,25819.0,0.002303958778027998
2026-08-06,2026-08-06_171152_415386_1_R2_C7,2,600.0,1.75,17,holding,7,0.39665899999999965,3802.0,0.3205713399825522,30657.0,0.690731172998949
2026-08-06,2026-08-06_171152_415386_1_R2_C7,2,600.0,1.75,17,inter_cycle_dwell,45,2.928241700000001,-1908.0,-0.39429611438744966,23292.0,0.0074729496779634
2026-08-06,2026-08-06_171152_415386_1_R2_C7,2,600.0,1.75,18,holding,8,0.4558849000000009,8519.0,0.37882206056528006,36383.0,0.6938901163198768
2026-08-06,2026-08-06_171152_415386_1_R2_C7,2,600.0,1.75,18,inter_cycle_dwell,45,2.9481521000000015,6752.0,-0.3022946523871844,23516.0,0.002562864520295801
2026-08-06,2026-08-06_171152_415386_1_R2_C7,2,600.0,1.75,19,holding,8,0.46391719999999737,14094.0,0.5070275606717272,29307.0,0.690578686935425
2026-08-06,2026-08-06_171152_415386_1_R2_C7,2,600.0,1.75,19,inter_cycle_dwell,45,2.927901399999996,12021.0,-0.3457438030732619,38219.0,0.0077110994551053
2026-08-06,2026-08-06_171152_415386_1_R2_C7,2,600.0,1.75,20,holding,7,0.3959808000000038,-12306.0,0.36153143655488246,15268.0,0.687247852946578
2026-08-06,2026-08-06_171440_920025_1_R2_C8,2,600.0,2.625,1,holding,8,0.4629637,-11412.0,0.6358918555032032,20690.0,0.96882692736245
2026-08-06,2026-08-06_171440_920025_1_R2_C8,2,600.0,2.625,1,inter_cycle_dwell,30,1.9274845999999997,-2039.0,-0.17378753074206751,24807.0,-0.00031015270077525137
2026-08-06,2026-08-06_171440_920025_1_R2_C8,2,600.0,2.625,2,holding,7,0.39045980000000036,-2277.0,0.3696376104847864,29486.0,0.932093456601803
2026-08-06,2026-08-06_171440_920025_1_R2_C8,2,600.0,2.625,2,inter_cycle_dwell,30,1.9467410000000003,-2091.0,-0.1906175726535826,19419.0,-0.0012804595158400003
2026-08-06,2026-08-06_171440_920025_1_R2_C8,2,600.0,2.625,3,holding,7,0.3915949999999988,15181.0,0.3561194028622632,31628.0,0.9345214199979078
2026-08-06,2026-08-06_171440_920025_1_R2_C8,2,600.0,2.625,3,inter_cycle_dwell,30,1.9444564,-9522.0,-0.2239893361316036,23492.0,-2.058893895885011e-05
2026-08-06,2026-08-06_171440_920025_1_R2_C8,2,600.0,2.625,4,holding,8,0.470305999999999,-10435.0,0.450508002592173,15407.0,0.9244285424600381
2026-08-06,2026-08-06_171440_920025_1_R2_C8,2,600.0,2.625,4,inter_cycle_dwell,30,1.9261947999999993,-2554.0,-0.2199885997482561,20755.0,-0.0007661272687201973
2026-08-06,2026-08-06_171440_920025_1_R2_C8,2,600.0,2.625,5,holding,8,0.4785316999999978,4647.0,0.537670696821517,32259.0,0.9111137401721902
2026-08-06,2026-08-06_171440_920025_1_R2_C8,2,600.0,2.625,5,inter_cycle_dwell,30,1.9435327999999998,-26977.0,-0.2762275928387034,19612.0,0.00014181140536020237
2026-08-06,2026-08-06_171440_920025_1_R2_C8,2,600.0,2.625,6,holding,8,0.46399919999999995,5001.0,0.5251840706179405,45858.0,0.9118487258707583
2026-08-06,2026-08-06_171440_920025_1_R2_C8,2,600.0,2.625,6,inter_cycle_dwell,30,1.936051899999999,-5251.0,-0.2908133994478022,20338.0,-0.0008948713595724953
2026-08-06,2026-08-06_171440_920025_1_R2_C8,2,600.0,2.625,7,holding,8,0.4642242000000003,-3085.0,0.5753503404676349,15727.0,0.9071045666590395
2026-08-06,2026-08-06_171440_920025_1_R2_C8,2,600.0,2.625,7,inter_cycle_dwell,30,1.9359661999999993,-18706.0,-0.31938152653606683,12678.0,-0.0003996954144606449
2026-08-06,2026-08-06_171440_920025_1_R2_C8,2,600.0,2.625,8,holding,7,0.38797369999999987,15961.0,0.3222331571796466,35567.0,0.9031602577381969
2026-08-06,2026-08-06_171440_920025_1_R2_C8,2,600.0,2.625,8,inter_cycle_dwell,30,1.9318384999999978,14539.0,-0.1640390831280277,44439.0,-0.0006421071763830014
2026-08-06,2026-08-06_171440_920025_1_R2_C8,2,600.0,2.625,9,holding,7,0.389152499999998,-2323.0,0.3879671027694045,19020.0,0.9088973346712954
2026-08-06,2026-08-06_171440_920025_1_R2_C8,2,600.0,2.625,9,inter_cycle_dwell,30,1.9304836999999964,-1234.0,-0.2162182989522633,25038.0,-0.00036397983393064715
2026-08-06,2026-08-06_171440_920025_1_R2_C8,2,600.0,2.625,10,holding,7,0.3982866000000058,12474.0,0.40863412670728405,33043.0,0.9072345310484217
2026-08-06,2026-08-06_171440_920025_1_R2_C8,2,600.0,2.625,10,inter_cycle_dwell,30,1.9366318000000007,-2942.0,-0.2383348660729082,27255.0,0.00012454098298494976
2026-08-06,2026-08-06_171440_920025_1_R2_C8,2,600.0,2.625,11,holding,7,0.39173200000000463,-1142.0,0.4274274077524842,37314.0,0.9588920280330012
2026-08-06,2026-08-06_171440_920025_1_R2_C8,2,600.0,2.625,11,inter_cycle_dwell,30,1.9480761999999956,1789.0,-0.3418294014640606,24853.0,0.01397939809504295
2026-08-06,2026-08-06_171440_920025_1_R2_C8,2,600.0,2.625,12,holding,8,0.47782430000000176,-5879.0,0.4675193359329656,22216.0,0.9623252946091715
2026-08-06,2026-08-06_171440_920025_1_R2_C8,2,600.0,2.625,12,inter_cycle_dwell,30,1.9362096999999991,-29996.0,-0.39807599527254267,9525.0,0.0011159675334164523
2026-08-06,2026-08-06_171440_920025_1_R2_C8,2,600.0,2.625,13,holding,7,0.4000935000000041,-10933.0,0.26463813015674575,16087.0,0.9571257319011295
2026-08-06,2026-08-06_171440_920025_1_R2_C8,2,600.0,2.625,13,inter_cycle_dwell,30,1.9358829000000028,657.0,-0.3980788914669604,20423.0,0.002440041657084554
2026-08-06,2026-08-06_171440_920025_1_R2_C8,2,600.0,2.625,14,holding,7,0.3907905000000014,-2634.0,0.30212121052867524,22312.0,0.9669245752587857
2026-08-06,2026-08-06_171440_920025_1_R2_C8,2,600.0,2.625,14,inter_cycle_dwell,30,1.9359376000000026,-7666.0,-0.4436800088917642,24376.0,0.0029345219097988012
2026-08-06,2026-08-06_171440_920025_1_R2_C8,2,600.0,2.625,15,holding,7,0.39937989999999957,-6697.0,0.29460365617742756,27531.0,0.9584439072528397
2026-08-06,2026-08-06_171440_920025_1_R2_C8,2,600.0,2.625,15,inter_cycle_dwell,30,1.9352725000000035,3379.0,-0.4262381756932114,33511.0,0.0026397626293673017
2026-08-06,2026-08-06_171440_920025_1_R2_C8,2,600.0,2.625,16,holding,8,0.45803789999999367,-15248.0,0.3486752283926313,12833.0,0.9607399076865417
2026-08-06,2026-08-06_171440_920025_1_R2_C8,2,600.0,2.625,16,inter_cycle_dwell,30,1.9336364999999986,-20996.0,-0.2964989446603003,25669.0,0.0011184845537810482
2026-08-06,2026-08-06_171440_920025_1_R2_C8,2,600.0,2.625,17,holding,8,0.47504599999999897,16508.0,0.4890323290925101,33618.0,0.9551789382231429
2026-08-06,2026-08-06_171440_920025_1_R2_C8,2,600.0,2.625,17,inter_cycle_dwell,30,1.922510200000005,-2403.0,-0.2919803623518772,27236.0,0.00210464453818315
2026-08-06,2026-08-06_171440_920025_1_R2_C8,2,600.0,2.625,18,holding,8,0.47788539999999813,4572.0,0.4618152634803571,34406.0,0.9584825350575646
2026-08-06,2026-08-06_171440_920025_1_R2_C8,2,600.0,2.625,18,inter_cycle_dwell,30,1.9202407000000008,-1338.0,-0.4136958969596244,21860.0,0.0037979911024082526
2026-08-06,2026-08-06_171440_920025_1_R2_C8,2,600.0,2.625,19,holding,7,0.40018409999998994,-10393.0,0.29855791854983416,19242.0,0.9527544939461394
2026-08-06,2026-08-06_171440_920025_1_R2_C8,2,600.0,2.625,19,inter_cycle_dwell,30,1.9360597999999953,21312.0,-0.43467296979888226,39783.0,0.0006054585404134047
2026-08-06,2026-08-06_171440_920025_1_R2_C8,2,600.0,2.625,20,holding,8,0.46407209999999566,608.0,0.5353438735931264,24073.0,0.9585920482253423
2026-08-06,2026-08-06_171648_486143_1_R2_C9,2,600.0,3.5,1,holding,8,0.46015740000000016,5419.0,0.6565164941576325,19842.0,1.6251171049681112
2026-08-06,2026-08-06_171648_486143_1_R2_C9,2,600.0,3.5,1,inter_cycle_dwell,30,1.9332113999999998,-10061.0,-0.4356457972673642,17813.0,0.0027504494826182
2026-08-06,2026-08-06_171648_486143_1_R2_C9,2,600.0,3.5,2,holding,8,0.47906090000000034,-8493.0,0.6382690757303096,21603.0,1.552673267388413
2026-08-06,2026-08-06_171648_486143_1_R2_C9,2,600.0,3.5,2,inter_cycle_dwell,30,1.9358568000000007,-7726.0,-0.3306768048674257,29405.0,0.0064262607019526
2026-08-06,2026-08-06_171648_486143_1_R2_C9,2,600.0,3.5,3,holding,7,0.3866335000000003,-8774.0,0.4195545163181824,22606.0,1.547237448292701
2026-08-06,2026-08-06_171648_486143_1_R2_C9,2,600.0,3.5,3,inter_cycle_dwell,30,1.9462499999999991,4030.0,-0.3181905065547833,41677.0,0.005007730980724101
2026-08-06,2026-08-06_171648_486143_1_R2_C9,2,600.0,3.5,4,holding,7,0.3861016999999993,-5883.0,0.43887688885314025,17685.0,1.5738487545402173
2026-08-06,2026-08-06_171648_486143_1_R2_C9,2,600.0,3.5,4,inter_cycle_dwell,30,1.9452546000000002,18257.0,-0.3717065701852582,40403.0,0.004982969263696098
2026-08-06,2026-08-06_171648_486143_1_R2_C9,2,600.0,3.5,5,holding,7,0.3927140999999992,22215.0,0.42552045884495193,36049.0,1.5764581369444142
2026-08-06,2026-08-06_171648_486143_1_R2_C9,2,600.0,3.5,5,inter_cycle_dwell,30,1.9359321000000023,11428.0,-0.41662095969735047,39217.0,0.0191356902348919
2026-08-06,2026-08-06_171648_486143_1_R2_C9,2,600.0,3.5,6,holding,7,0.4000813000000001,-9435.0,0.5155028312599732,12347.0,1.7054248004017885
2026-08-06,2026-08-06_171648_486143_1_R2_C9,2,600.0,3.5,6,inter_cycle_dwell,30,1.942548500000001,-10905.0,-0.30746837707944086,17296.0,0.00763758585529525
2026-08-06,2026-08-06_171648_486143_1_R2_C9,2,600.0,3.5,7,holding,7,0.3935683999999995,9643.0,0.5925597561174822,23768.0,1.629750383258227
2026-08-06,2026-08-06_171648_486143_1_R2_C9,2,600.0,3.5,7,inter_cycle_dwell,30,1.9392570000000013,2113.0,-0.3123360735611816,23423.0,0.0050813604715814
2026-08-06,2026-08-06_171648_486143_1_R2_C9,2,600.0,3.5,8,holding,8,0.4782000999999987,-11509.0,0.756041408180553,27006.0,1.6376967537373865
2026-08-06,2026-08-06_171648_486143_1_R2_C9,2,600.0,3.5,8,inter_cycle_dwell,30,1.9285263000000015,5084.0,-0.2226192683927452,31462.0,0.0170417544179673
2026-08-06,2026-08-06_171648_486143_1_R2_C9,2,600.0,3.5,9,holding,8,0.46398599999999846,-22250.0,0.7459039623274905,18578.0,1.6886206051632742
2026-08-06,2026-08-06_171648_486143_1_R2_C9,2,600.0,3.5,9,inter_cycle_dwell,30,1.928249600000001,-9058.0,-0.2396646628490445,25608.0,0.0053273439681581995
2026-08-06,2026-08-06_171648_486143_1_R2_C9,2,600.0,3.5,10,holding,7,0.40665410000000435,-11412.0,0.8380626432460266,22580.0,1.6980684920525997
2026-08-06,2026-08-06_171648_486143_1_R2_C9,2,600.0,3.5,10,inter_cycle_dwell,30,1.9325527000000022,-14979.0,-0.27548244371807357,20519.0,0.005357052875230622
2026-08-06,2026-08-06_171648_486143_1_R2_C9,2,600.0,3.5,11,holding,8,0.47972349999999864,6427.0,0.6674215178856313,41064.0,1.606949300902841
2026-08-06,2026-08-06_171648_486143_1_R2_C9,2,600.0,3.5,11,inter_cycle_dwell,30,1.9358593999999982,1741.0,-0.429656851424523,15579.0,0.0064415305156773
2026-08-06,2026-08-06_171648_486143_1_R2_C9,2,600.0,3.5,12,holding,7,0.4021230999999972,-3420.0,0.6871178507198427,20958.0,1.6265797004025235
2026-08-06,2026-08-06_171648_486143_1_R2_C9,2,600.0,3.5,12,inter_cycle_dwell,30,1.9359073000000038,-14395.0,-0.4213792655039456,18816.0,0.0067031491492297
2026-08-06,2026-08-06_171648_486143_1_R2_C9,2,600.0,3.5,13,holding,8,0.4478921999999983,-4610.0,0.47535061628318576,26440.0,1.608311093989661
2026-08-06,2026-08-06_171648_486143_1_R2_C9,2,600.0,3.5,13,inter_cycle_dwell,30,1.9515930000000026,2853.0,-0.424649267964152,23315.0,0.006400631639269
2026-08-06,2026-08-06_171648_486143_1_R2_C9,2,600.0,3.5,14,holding,7,0.3987279999999984,18553.0,0.6106573904943882,40470.0,1.614027616276217
2026-08-06,2026-08-06_171648_486143_1_R2_C9,2,600.0,3.5,14,inter_cycle_dwell,30,1.9399668000000005,737.0,-0.3664231542379852,20941.0,0.00668978466444855
2026-08-06,2026-08-06_171648_486143_1_R2_C9,2,600.0,3.5,15,holding,7,0.3928471999999985,1006.0,0.5099635261716002,16557.0,1.645359199444877
2026-08-06,2026-08-06_171648_486143_1_R2_C9,2,600.0,3.5,15,inter_cycle_dwell,30,1.926395399999997,22645.0,-0.30431434114933104,43227.0,0.005031234865040949
2026-08-06,2026-08-06_171648_486143_1_R2_C9,2,600.0,3.5,16,holding,8,0.46367440000000215,-8371.0,0.7210699183558901,21273.0,1.5693402865782946
2026-08-06,2026-08-06_171648_486143_1_R2_C9,2,600.0,3.5,16,inter_cycle_dwell,30,1.9238491999999994,-19309.0,-0.30495363730116776,19671.0,0.00561708354938685
2026-08-06,2026-08-06_171648_486143_1_R2_C9,2,600.0,3.5,17,holding,7,0.39965380000000295,-14206.0,0.48140456936185205,19537.0,1.6174768350279582
2026-08-06,2026-08-06_171648_486143_1_R2_C9,2,600.0,3.5,17,inter_cycle_dwell,30,1.928275400000004,-386.0,-0.33500658304999337,42550.0,0.006031953450914849
2026-08-06,2026-08-06_171648_486143_1_R2_C9,2,600.0,3.5,18,holding,7,0.3999574999999993,-12660.0,0.46794461169467483,18785.0,1.5969206527529793
2026-08-06,2026-08-06_171648_486143_1_R2_C9,2,600.0,3.5,18,inter_cycle_dwell,30,1.9358452000000028,6963.0,-0.3450609992983234,31366.0,0.00654305646056365
2026-08-06,2026-08-06_171648_486143_1_R2_C9,2,600.0,3.5,19,holding,8,0.475358099999994,15246.0,0.8251473294131046,37280.0,1.6370969411168488
2026-08-06,2026-08-06_171648_486143_1_R2_C9,2,600.0,3.5,19,inter_cycle_dwell,30,1.9332436999999913,-2621.0,-0.250190739331168,23853.0,0.0084605684360472
2026-08-06,2026-08-06_171648_486143_1_R2_C9,2,600.0,3.5,20,holding,8,0.4643310000000014,-3442.0,0.7696221185888259,18868.0,1.637097545143223
2026-08-06,2026-08-06_173509_505304_1_R3_C1,3,200.0,1.75,1,holding,7,0.40335909999999986,11807.0,0.18846752535435152,28459.0,0.5452149648050458
2026-08-06,2026-08-06_173509_505304_1_R3_C1,3,200.0,1.75,1,inter_cycle_dwell,30,1.9308641999999994,-3402.0,-0.0437215195170609,15118.0,0.002982034730263247
2026-08-06,2026-08-06_173509_505304_1_R3_C1,3,200.0,1.75,2,holding,7,0.39105019999999957,-9822.0,0.08971151371714042,14003.0,0.5574077080579805
2026-08-06,2026-08-06_173509_505304_1_R3_C1,3,200.0,1.75,2,inter_cycle_dwell,30,1.9312006999999998,-6931.0,-0.059606695802435994,18699.0,0.002986718941285757
2026-08-06,2026-08-06_173509_505304_1_R3_C1,3,200.0,1.75,3,holding,7,0.4011438999999992,3618.0,0.14783207783156305,23063.0,0.5503224412976482
2026-08-06,2026-08-06_173509_505304_1_R3_C1,3,200.0,1.75,3,inter_cycle_dwell,30,1.9370946,11206.0,-0.061889872650589595,29953.0,0.0010020180308714932
2026-08-06,2026-08-06_173509_505304_1_R3_C1,3,200.0,1.75,4,holding,7,0.4091675000000006,1578.0,0.1616086091829908,19820.0,0.5609919892838885
2026-08-06,2026-08-06_173509_505304_1_R3_C1,3,200.0,1.75,4,inter_cycle_dwell,30,1.9429790000000011,7872.0,-0.0472204163853404,27582.0,0.0011831627653907037
2026-08-06,2026-08-06_173509_505304_1_R3_C1,3,200.0,1.75,5,holding,8,0.45681990000000283,-4214.0,0.19743829780217836,15455.0,0.5668074448090759
2026-08-06,2026-08-06_173509_505304_1_R3_C1,3,200.0,1.75,5,inter_cycle_dwell,30,1.9328792999999997,3599.0,-0.0662352432323437,25010.0,0.0006053016988217044
2026-08-06,2026-08-06_173509_505304_1_R3_C1,3,200.0,1.75,6,holding,7,0.39069989999999777,13616.0,0.11053586467921461,31226.0,0.5750694734273964
2026-08-06,2026-08-06_173509_505304_1_R3_C1,3,200.0,1.75,6,inter_cycle_dwell,29,1.8510875999999996,2182.0,-0.0326443902613916,18944.0,0.0028505069935063007
2026-08-06,2026-08-06_173509_505304_1_R3_C1,3,200.0,1.75,7,holding,7,0.4138514000000022,789.0,0.1920757323062326,8833.0,0.5690192259571573
2026-08-06,2026-08-06_173509_505304_1_R3_C1,3,200.0,1.75,7,inter_cycle_dwell,30,1.9361938999999992,-8831.0,-0.0512978075203056,20318.0,0.0014347782864009007
2026-08-06,2026-08-06_173509_505304_1_R3_C1,3,200.0,1.75,8,holding,8,0.4795917000000003,-3610.0,0.23612673291449865,6532.0,0.5689379814851288
2026-08-06,2026-08-06_173509_505304_1_R3_C1,3,200.0,1.75,8,inter_cycle_dwell,30,1.9319256000000031,-7478.0,-0.0403765843115731,17459.0,0.003827933211244347
2026-08-06,2026-08-06_173509_505304_1_R3_C1,3,200.0,1.75,9,holding,7,0.3939465999999996,-3552.0,0.1552435498585511,14735.0,0.57486449715464
2026-08-06,2026-08-06_173509_505304_1_R3_C1,3,200.0,1.75,9,inter_cycle_dwell,30,1.9360045000000028,-9975.0,-0.0512848239085396,10995.0,0.0032555259520175503
2026-08-06,2026-08-06_173509_505304_1_R3_C1,3,200.0,1.75,10,holding,8,0.46395200000000614,6065.0,0.25587741072630765,19231.0,0.5792604024657587
2026-08-06,2026-08-06_173509_505304_1_R3_C1,3,200.0,1.75,10,inter_cycle_dwell,30,1.935901600000001,-20205.0,-0.08100876246572392,19003.0,0.002891115831234199
2026-08-06,2026-08-06_173509_505304_1_R3_C1,3,200.0,1.75,11,holding,8,0.46375809999999973,-16618.0,0.16757467111935176,16898.0,0.5795064349232983
2026-08-06,2026-08-06_173509_505304_1_R3_C1,3,200.0,1.75,11,inter_cycle_dwell,30,1.9357478999999955,1731.0,-0.0597488710462477,23636.0,0.0025849804643340996
2026-08-06,2026-08-06_173509_505304_1_R3_C1,3,200.0,1.75,12,holding,8,0.4639197999999993,-14003.0,0.17885072576688532,17938.0,0.575013095343697
2026-08-06,2026-08-06_173509_505304_1_R3_C1,3,200.0,1.75,12,inter_cycle_dwell,30,1.936046999999995,2919.0,-0.07773295425042451,29979.0,0.0007931674218685514
2026-08-06,2026-08-06_173509_505304_1_R3_C1,3,200.0,1.75,13,holding,8,0.46374040000000605,11704.0,0.18246239595267427,30801.0,0.58949435839499
2026-08-06,2026-08-06_173509_505304_1_R3_C1,3,200.0,1.75,13,inter_cycle_dwell,30,1.9359384000000048,-3880.0,-0.0953629347250084,22138.0,0.0029206196204184035
2026-08-06,2026-08-06_173509_505304_1_R3_C1,3,200.0,1.75,14,holding,7,0.41096480000000213,-5599.0,0.19420260287192825,15784.0,0.5832968930810742
2026-08-06,2026-08-06_173509_505304_1_R3_C1,3,200.0,1.75,14,inter_cycle_dwell,30,1.9354534,15055.0,-0.0613003835907152,26404.0,0.0020263577025390472
2026-08-06,2026-08-06_173509_505304_1_R3_C1,3,200.0,1.75,15,holding,8,0.46388410000000135,14992.0,0.16793748766109962,29380.0,0.5839801058960743
2026-08-06,2026-08-06_173509_505304_1_R3_C1,3,200.0,1.75,15,inter_cycle_dwell,30,1.9358863,-4486.0,-0.0894837812636307,14544.0,0.004038457566331352
2026-08-06,2026-08-06_173509_505304_1_R3_C1,3,200.0,1.75,16,holding,8,0.4564704000000006,-3659.0,0.19231688306509093,19568.0,0.5906808409452398
2026-08-06,2026-08-06_173509_505304_1_R3_C1,3,200.0,1.75,16,inter_cycle_dwell,31,1.99956319999999,-7493.0,-0.0907989934488338,12266.0,0.0046698604266103005
2026-08-06,2026-08-06_173509_505304_1_R3_C1,3,200.0,1.75,17,holding,8,0.4667845000000028,-9534.0,0.20573051652942576,24878.0,0.604168820839637
2026-08-06,2026-08-06_173509_505304_1_R3_C1,3,200.0,1.75,17,inter_cycle_dwell,30,1.9376472000000007,-1791.0,0.013170192483932107,15775.0,0.06802718175175676
2026-08-06,2026-08-06_173509_505304_1_R3_C1,3,200.0,1.75,18,holding,8,0.46374630000001105,-7498.0,0.2367167717230858,18669.0,0.8103822143285377
2026-08-06,2026-08-06_173509_505304_1_R3_C1,3,200.0,1.75,18,inter_cycle_dwell,30,1.9349964000000028,-12122.0,-0.0751292152209899,18074.0,0.0091342501508206
2026-08-06,2026-08-06_173509_505304_1_R3_C1,3,200.0,1.75,19,holding,8,0.4639212000000015,-10767.0,0.24157427433015577,16596.0,0.7469086364464554
2026-08-06,2026-08-06_173509_505304_1_R3_C1,3,200.0,1.75,19,inter_cycle_dwell,30,1.9180747999999994,5780.0,-0.07497386727979401,18931.0,0.0051860829601844995
2026-08-06,2026-08-06_173509_505304_1_R3_C1,3,200.0,1.75,20,holding,8,0.4642098000000061,7649.0,0.23739309834026862,22014.0,0.7253775949136947
2026-08-06,2026-08-06_173802_716278_1_R3_C2,3,200.0,2.625,1,holding,8,0.46409579999999995,5200.0,0.23787534560508772,15475.0,1.128216455717926
2026-08-06,2026-08-06_173802_716278_1_R3_C2,3,200.0,2.625,1,inter_cycle_dwell,30,1.9362317999999998,1673.0,-0.001765951852339999,21041.0,0.008178333730657652
2026-08-06,2026-08-06_173802_716278_1_R3_C2,3,200.0,2.625,2,holding,8,0.4703501000000001,-6301.0,0.3006943532102775,16983.0,1.3282843363068793
2026-08-06,2026-08-06_173802_716278_1_R3_C2,3,200.0,2.625,2,inter_cycle_dwell,30,1.932397700000001,-1085.0,-0.1136511241790722,17687.0,0.00671043153955515
2026-08-06,2026-08-06_173802_716278_1_R3_C2,3,200.0,2.625,3,holding,8,0.46526710000000016,-6635.0,0.3182627164667968,11291.0,1.3410307620905972
2026-08-06,2026-08-06_173802_716278_1_R3_C2,3,200.0,2.625,3,inter_cycle_dwell,30,1.9395305,-10154.0,-0.11901609532911149,18334.0,0.00454141309465845
2026-08-06,2026-08-06_173802_716278_1_R3_C2,3,200.0,2.625,4,holding,7,0.40346369999999965,-1650.0,0.2109032602817431,14156.0,1.3705415516632127
2026-08-06,2026-08-06_173802_716278_1_R3_C2,3,200.0,2.625,4,inter_cycle_dwell,30,1.945052999999998,-10223.0,-0.11989173753411891,14097.0,0.0072067158516487
2026-08-06,2026-08-06_173802_716278_1_R3_C2,3,200.0,2.625,5,holding,8,0.4647792000000024,-7885.0,0.37094083440385495,11116.0,1.3776359450192024
2026-08-06,2026-08-06_173802_716278_1_R3_C2,3,200.0,2.625,5,inter_cycle_dwell,30,1.9366039000000015,-8620.0,-0.10956466668739791,16042.0,0.0091604048510324
2026-08-06,2026-08-06_173802_716278_1_R3_C2,3,200.0,2.625,6,holding,7,0.4001796000000013,-3421.0,0.2360066536728509,18081.0,1.3563230022612336
2026-08-06,2026-08-06_173802_716278_1_R3_C2,3,200.0,2.625,6,inter_cycle_dwell,30,1.935307899999998,16756.0,-0.0903107379079254,29003.0,0.008857276835905752
2026-08-06,2026-08-06_173802_716278_1_R3_C2,3,200.0,2.625,7,holding,7,0.39145070000000004,-12650.0,0.2648939345504533,13692.0,1.3525037564598426
2026-08-06,2026-08-06_173802_716278_1_R3_C2,3,200.0,2.625,7,inter_cycle_dwell,30,1.9302743999999983,484.0,-0.08403565516983859,17757.0,0.00957412707893405
2026-08-06,2026-08-06_173802_716278_1_R3_C2,3,200.0,2.625,8,holding,8,0.4637637000000012,9533.0,0.32642538682346833,33333.0,1.3598996097750304
2026-08-06,2026-08-06_173802_716278_1_R3_C2,3,200.0,2.625,8,inter_cycle_dwell,30,1.9351727999999966,8549.0,-0.1021561888876074,27773.0,0.00980721560143255
2026-08-06,2026-08-06_173802_716278_1_R3_C2,3,200.0,2.625,9,holding,8,0.4535829000000007,13526.0,0.3175807109587836,30038.0,1.3505198363254485
2026-08-06,2026-08-06_173802_716278_1_R3_C2,3,200.0,2.625,9,inter_cycle_dwell,30,1.9409447000000029,83.0,-0.0811585198829665,14878.0,0.007875099484012299
2026-08-06,2026-08-06_173802_716278_1_R3_C2,3,200.0,2.625,10,holding,8,0.4525068000000019,8533.0,0.2637258635449815,30107.0,1.3504750800761145
2026-08-06,2026-08-06_173802_716278_1_R3_C2,3,200.0,2.625,10,inter_cycle_dwell,30,1.9359172999999998,133.0,0.019716227127091403,20218.0,0.0515561256142392
2026-08-06,2026-08-06_173802_716278_1_R3_C2,3,200.0,2.625,11,holding,8,0.46389130000000023,-2098.0,0.36036298112862863,23244.0,1.5021374830933532
2026-08-06,2026-08-06_173802_716278_1_R3_C2,3,200.0,2.625,11,inter_cycle_dwell,30,1.9427418000000003,6605.0,-0.1519924640356563,18909.0,0.012807107132470998
2026-08-06,2026-08-06_173802_716278_1_R3_C2,3,200.0,2.625,12,holding,7,0.39987720000000593,-4497.0,0.2756106289932143,12941.0,1.4862649726019752
2026-08-06,2026-08-06_173802_716278_1_R3_C2,3,200.0,2.625,12,inter_cycle_dwell,30,1.9362200999999999,-18388.0,-0.10871107064169269,15964.0,0.012146406082041705
2026-08-06,2026-08-06_173802_716278_1_R3_C2,3,200.0,2.625,13,holding,7,0.41650520000000313,5191.0,0.2686507140641816,21126.0,1.471966015749524
2026-08-06,2026-08-06_173802_716278_1_R3_C2,3,200.0,2.625,13,inter_cycle_dwell,29,1.8565460999999956,-1668.0,-0.09081470240775971,17749.0,0.010928773524165693
2026-08-06,2026-08-06_173802_716278_1_R3_C2,3,200.0,2.625,14,holding,7,0.400056400000004,3913.0,0.29140833953057865,26684.0,1.4771665717837272
2026-08-06,2026-08-06_173802_716278_1_R3_C2,3,200.0,2.625,14,inter_cycle_dwell,30,1.9219893,12684.0,-0.08820624235832629,31944.0,0.0078003079882479065
2026-08-06,2026-08-06_173802_716278_1_R3_C2,3,200.0,2.625,15,holding,8,0.4636421000000013,728.0,0.26640443323845653,24476.0,1.4309858765728305
2026-08-06,2026-08-06_173802_716278_1_R3_C2,3,200.0,2.625,15,inter_cycle_dwell,30,1.924633,13475.0,-0.1267557606389948,23638.0,0.006065454150000753
2026-08-06,2026-08-06_173802_716278_1_R3_C2,3,200.0,2.625,16,holding,7,0.39433119999999633,7522.0,0.30831749199854075,25624.0,1.4341969235350853
2026-08-06,2026-08-06_173802_716278_1_R3_C2,3,200.0,2.625,16,inter_cycle_dwell,30,1.9351212999999916,2737.0,-0.1279624742568736,27044.0,0.009086269708232952
2026-08-06,2026-08-06_173802_716278_1_R3_C2,3,200.0,2.625,17,holding,7,0.39211659999999426,16596.0,0.15737314112691814,30700.0,1.4307245635729955
2026-08-06,2026-08-06_173802_716278_1_R3_C2,3,200.0,2.625,17,inter_cycle_dwell,29,1.8681993999999946,-3182.0,-0.0585385787663824,18220.0,0.0093347463747454
2026-08-06,2026-08-06_173802_716278_1_R3_C2,3,200.0,2.625,18,holding,8,0.4609298000000024,-10624.0,0.3264743197801778,15335.0,1.4447546154458037
2026-08-06,2026-08-06_173802_716278_1_R3_C2,3,200.0,2.625,18,inter_cycle_dwell,29,1.8495223000000038,-8739.0,-0.009439371463410902,15283.0,0.015108070803473393
2026-08-06,2026-08-06_173802_716278_1_R3_C2,3,200.0,2.625,19,holding,8,0.4643220000000099,1006.0,0.2975557508397533,12039.0,1.4586029868496786
2026-08-06,2026-08-06_173802_716278_1_R3_C2,3,200.0,2.625,19,inter_cycle_dwell,30,1.9407368000000105,11.0,-0.11120938456196999,19074.0,0.0038751471222448486
2026-08-06,2026-08-06_173802_716278_1_R3_C2,3,200.0,2.625,20,holding,7,0.4200488999999976,-6968.0,0.2704656312676943,18428.0,1.4492453959120253
2026-08-06,2026-08-06_174053_419889_1_R3_C3,3,200.0,3.5,1,holding,7,0.4141680000000001,12240.0,0.236437236028338,22633.0,1.7911758027994573
2026-08-06,2026-08-06_174053_419889_1_R3_C3,3,200.0,3.5,1,inter_cycle_dwell,30,1.9200040999999999,1157.0,-0.040593018953583,21994.0,-0.00013171932581404477
2026-08-06,2026-08-06_174053_419889_1_R3_C3,3,200.0,3.5,2,holding,7,0.3988358999999999,8752.0,0.27594482298533873,18891.0,1.768214166917563
2026-08-06,2026-08-06_174053_419889_1_R3_C3,3,200.0,3.5,2,inter_cycle_dwell,30,1.9368198000000003,-1482.0,-0.043174053811425604,18067.0,0.0189401557274647
2026-08-06,2026-08-06_174053_419889_1_R3_C3,3,200.0,3.5,3,holding,7,0.40585880000000074,5963.0,0.1361477427860216,29740.0,1.8689812449405672
2026-08-06,2026-08-06_174053_419889_1_R3_C3,3,200.0,3.5,3,inter_cycle_dwell,30,1.953349799999998,5171.0,-0.038728012130462806,22366.0,0.005396315990576196
2026-08-06,2026-08-06_174053_419889_1_R3_C3,3,200.0,3.5,4,holding,7,0.3985081000000008,1236.0,0.2770519966667482,23915.0,1.903870532340261
2026-08-06,2026-08-06_174053_419889_1_R3_C3,3,200.0,3.5,4,inter_cycle_dwell,30,1.9356591000000023,1869.0,-0.0512832965907681,21299.0,0.0052697323099756485
2026-08-06,2026-08-06_174053_419889_1_R3_C3,3,200.0,3.5,5,holding,7,0.3986009000000017,-4055.0,0.0697631050476506,21052.0,1.7721974833044476
2026-08-06,2026-08-06_174053_419889_1_R3_C3,3,200.0,3.5,5,inter_cycle_dwell,30,1.9419828999999993,-12260.0,-0.0229782279520587,18679.0,0.007763522091665302
2026-08-06,2026-08-06_174053_419889_1_R3_C3,3,200.0,3.5,6,holding,8,0.4531932999999988,-7630.0,0.3629690049060337,8578.0,1.9618628966315421
2026-08-06,2026-08-06_174053_419889_1_R3_C3,3,200.0,3.5,6,inter_cycle_dwell,30,1.945222600000001,2335.0,-0.09541000204094821,18540.0,0.0105492112991274
2026-08-06,2026-08-06_174053_419889_1_R3_C3,3,200.0,3.5,7,holding,7,0.4125458999999978,15919.0,0.18522327769703306,28167.0,1.8949426818356356
2026-08-06,2026-08-06_174053_419889_1_R3_C3,3,200.0,3.5,7,inter_cycle_dwell,30,1.9219141000000022,8945.0,-0.048056211480039204,19272.0,0.0075692569343185495
2026-08-06,2026-08-06_174053_419889_1_R3_C3,3,200.0,3.5,8,holding,8,0.4667005999999958,11402.0,0.2766713926596891,34036.0,1.9178176784732097
2026-08-06,2026-08-06_174053_419889_1_R3_C3,3,200.0,3.5,8,inter_cycle_dwell,30,1.9208897999999976,-5403.0,-0.0641618620663582,24624.0,0.008360509204326252
2026-08-06,2026-08-06_174053_419889_1_R3_C3,3,200.0,3.5,9,holding,8,0.4501892999999981,-5201.0,0.33248108103719165,16295.0,2.0502319190679184
2026-08-06,2026-08-06_174053_419889_1_R3_C3,3,200.0,3.5,9,inter_cycle_dwell,30,1.9463069000000033,3071.0,-0.0931719576681482,23345.0,0.009021421437151952
2026-08-06,2026-08-06_174053_419889_1_R3_C3,3,200.0,3.5,10,holding,8,0.4640699000000055,-7956.0,0.3344449251732686,14554.0,2.0536686745573767
2026-08-06,2026-08-06_174053_419889_1_R3_C3,3,200.0,3.5,10,inter_cycle_dwell,30,1.9197625999999985,7905.0,-0.13275918655296828,24709.0,0.004043993345297002
2026-08-06,2026-08-06_174053_419889_1_R3_C3,3,200.0,3.5,11,holding,8,0.460468800000001,14640.0,0.2846052480994561,22719.0,2.0761151868669403
2026-08-06,2026-08-06_174053_419889_1_R3_C3,3,200.0,3.5,11,inter_cycle_dwell,30,1.9508457000000021,3802.0,-0.086475228075301,27598.0,0.0092021210136445
2026-08-06,2026-08-06_174053_419889_1_R3_C3,3,200.0,3.5,12,holding,8,0.4654821000000027,-10422.0,0.46337692235496775,10066.0,2.0824903915761044
2026-08-06,2026-08-06_174053_419889_1_R3_C3,3,200.0,3.5,12,inter_cycle_dwell,30,1.9358600999999993,4579.0,-0.0507624985426704,16126.0,0.010121480866705248
2026-08-06,2026-08-06_174053_419889_1_R3_C3,3,200.0,3.5,13,holding,7,0.39754310000000004,-2285.0,0.24140059529176194,20563.0,2.1600046644153035
2026-08-06,2026-08-06_174053_419889_1_R3_C3,3,200.0,3.5,13,inter_cycle_dwell,30,1.9334014000000082,-1822.0,-0.05583095037363311,29273.0,0.006677876109871202
2026-08-06,2026-08-06_174053_419889_1_R3_C3,3,200.0,3.5,14,holding,8,0.45058259999998995,-1385.0,0.28380887555844114,20576.0,2.087591881189488
2026-08-06,2026-08-06_174053_419889_1_R3_C3,3,200.0,3.5,14,inter_cycle_dwell,30,1.9407191999999895,2908.0,-0.0862629765773649,18639.0,0.007347621647124249
2026-08-06,2026-08-06_174053_419889_1_R3_C3,3,200.0,3.5,15,holding,8,0.47986749999999745,2742.0,0.1596835243857062,17824.0,2.0333632024013575
2026-08-06,2026-08-06_174053_419889_1_R3_C3,3,200.0,3.5,15,inter_cycle_dwell,30,1.936824400000006,1295.0,-0.1303873722458756,16516.0,0.005735106495111799
2026-08-06,2026-08-06_174053_419889_1_R3_C3,3,200.0,3.5,16,holding,7,0.4185681999999957,130.0,0.32385229040683283,20840.0,2.126741462372227
2026-08-06,2026-08-06_174053_419889_1_R3_C3,3,200.0,3.5,16,inter_cycle_dwell,30,1.9350670999999977,-8173.0,-0.0653900210722261,13883.0,0.009212638285818246
2026-08-06,2026-08-06_174053_419889_1_R3_C3,3,200.0,3.5,17,holding,7,0.39847850000001017,-13933.0,0.14606643202220004,14080.0,2.1430075996170963
2026-08-06,2026-08-06_174053_419889_1_R3_C3,3,200.0,3.5,17,inter_cycle_dwell,30,1.9387162000000018,-14968.0,-0.0737058503649738,14336.0,0.008513665521283704
2026-08-06,2026-08-06_174053_419889_1_R3_C3,3,200.0,3.5,18,holding,7,0.4102438000000035,-12813.0,0.23996186533002173,16850.0,2.1156267736183305
2026-08-06,2026-08-06_174053_419889_1_R3_C3,3,200.0,3.5,18,inter_cycle_dwell,30,1.9358529000000004,-182.0,-0.0750920000551063,13870.0,0.009502049345833201
2026-08-06,2026-08-06_174053_419889_1_R3_C3,3,200.0,3.5,19,holding,7,0.39977900000000943,-1142.0,0.3298007813501036,16586.0,2.2156272286682777
2026-08-06,2026-08-06_174053_419889_1_R3_C3,3,200.0,3.5,19,inter_cycle_dwell,30,1.9288435999999933,8140.0,-0.0740274189943247,24586.0,0.011000239107326849
2026-08-06,2026-08-06_174053_419889_1_R3_C3,3,200.0,3.5,20,holding,7,0.39885990000000504,-1803.0,0.251813326376251,18529.0,2.237280402734696
2026-08-06,2026-08-06_174715_654572_1_R3_C4,3,400.0,1.75,1,holding,8,0.4641307000000001,-2705.0,0.6290225432965442,15670.0,0.9238026987324068
2026-08-06,2026-08-06_174715_654572_1_R3_C4,3,400.0,1.75,1,inter_cycle_dwell,30,1.9343174999999997,-3615.0,-0.1611559068943913,19577.0,0.009166719300312653
2026-08-06,2026-08-06_174715_654572_1_R3_C4,3,400.0,1.75,2,holding,8,0.4588355000000002,10543.0,0.5178360843713091,24868.0,0.9229575041262673
2026-08-06,2026-08-06_174715_654572_1_R3_C4,3,400.0,1.75,2,inter_cycle_dwell,30,1.9201572999999996,7129.0,-0.5135584597396446,28645.0,0.004012881668105546
2026-08-06,2026-08-06_174715_654572_1_R3_C4,3,400.0,1.75,3,holding,8,0.46402439999999956,-83.0,0.5708145020947771,20631.0,0.9002989399628322
2026-08-06,2026-08-06_174715_654572_1_R3_C4,3,400.0,1.75,3,inter_cycle_dwell,30,1.9358221999999987,4244.0,-0.30544527311027014,27707.0,0.008814454925590548
2026-08-06,2026-08-06_174715_654572_1_R3_C4,3,400.0,1.75,4,holding,7,0.38438440000000007,5516.0,0.4428537784460628,23801.0,0.9108686467267273
2026-08-06,2026-08-06_174715_654572_1_R3_C4,3,400.0,1.75,4,inter_cycle_dwell,30,1.9361017,-1330.0,-0.3256178753645268,18108.0,0.006366280639200146
2026-08-06,2026-08-06_174715_654572_1_R3_C4,3,400.0,1.75,5,holding,7,0.4148557999999998,-1918.0,0.515322653604554,18477.0,0.9144856485139575
2026-08-06,2026-08-06_174715_654572_1_R3_C4,3,400.0,1.75,5,inter_cycle_dwell,30,1.9358981000000028,-7796.0,-0.27119254060503606,20359.0,0.007786103411278403
2026-08-06,2026-08-06_174715_654572_1_R3_C4,3,400.0,1.75,6,holding,8,0.45600920000000045,2934.0,0.5462098119183986,22680.0,0.9035173304892955
2026-08-06,2026-08-06_174715_654572_1_R3_C4,3,400.0,1.75,6,inter_cycle_dwell,30,1.9358873999999986,-5324.0,-0.43287867452334955,15232.0,0.007314573887532254
2026-08-06,2026-08-06_174715_654572_1_R3_C4,3,400.0,1.75,7,holding,7,0.3985051999999989,-3818.0,0.33987759983244903,12919.0,0.8964916368907381
2026-08-06,2026-08-06_174715_654572_1_R3_C4,3,400.0,1.75,7,inter_cycle_dwell,30,1.933672699999999,-11206.0,-0.390968418947911,8880.0,0.006993743591404353
2026-08-06,2026-08-06_174715_654572_1_R3_C4,3,400.0,1.75,8,holding,7,0.40226479999999754,-2019.0,0.32556118327643613,17892.0,0.8853766503600179
2026-08-06,2026-08-06_174715_654572_1_R3_C4,3,400.0,1.75,8,inter_cycle_dwell,30,1.916166399999998,-6506.0,-0.2493022517038409,17797.0,0.007444985023380049
2026-08-06,2026-08-06_174715_654572_1_R3_C4,3,400.0,1.75,9,holding,8,0.46425620000000123,1669.0,0.6027244327827626,14876.0,0.9073075904752712
2026-08-06,2026-08-06_174715_654572_1_R3_C4,3,400.0,1.75,9,inter_cycle_dwell,30,1.9361548999999982,4706.0,-0.34808973886660505,22529.0,0.007559197244330705
2026-08-06,2026-08-06_174715_654572_1_R3_C4,3,400.0,1.75,10,holding,8,0.46457399999999893,-5081.0,0.5501873534881024,27554.0,0.90655743902478
2026-08-06,2026-08-06_174715_654572_1_R3_C4,3,400.0,1.75,10,inter_cycle_dwell,30,1.9353004999999968,4135.0,-0.28192209400527557,25005.0,0.006100137930823299
2026-08-06,2026-08-06_174715_654572_1_R3_C4,3,400.0,1.75,11,holding,7,0.3838634999999968,-5766.0,0.3523523150387221,20695.0,0.9063984286688542
2026-08-06,2026-08-06_174715_654572_1_R3_C4,3,400.0,1.75,11,inter_cycle_dwell,30,1.935949799999996,383.0,-0.4205369428001916,26148.0,0.0078009410510125055
2026-08-06,2026-08-06_174715_654572_1_R3_C4,3,400.0,1.75,12,holding,8,0.4849869999999967,-8265.0,0.6192145785097445,21265.0,0.9142464395832139
2026-08-06,2026-08-06_174715_654572_1_R3_C4,3,400.0,1.75,12,inter_cycle_dwell,30,1.9319362999999967,-16137.0,-0.2797572742085699,21664.0,0.0062322077436665485
2026-08-06,2026-08-06_174715_654572_1_R3_C4,3,400.0,1.75,13,holding,7,0.39250169999999684,826.0,0.35356080334057605,17950.0,0.9002230778634859
2026-08-06,2026-08-06_174715_654572_1_R3_C4,3,400.0,1.75,13,inter_cycle_dwell,30,1.9273371000000026,-12552.0,-0.36142793085592084,26918.0,0.005819396479322801
2026-08-06,2026-08-06_174715_654572_1_R3_C4,3,400.0,1.75,14,holding,7,0.39104049999999546,-3804.0,0.38452191044847317,9574.0,0.9074535790790264
2026-08-06,2026-08-06_174715_654572_1_R3_C4,3,400.0,1.75,14,inter_cycle_dwell,30,1.9330971000000048,1839.0,-0.1924316219134131,25351.0,0.006667287346744405
2026-08-06,2026-08-06_174715_654572_1_R3_C4,3,400.0,1.75,15,holding,7,0.38976399999999956,4989.0,0.3624211886398425,20748.0,0.9135298939067951
2026-08-06,2026-08-06_174715_654572_1_R3_C4,3,400.0,1.75,15,inter_cycle_dwell,30,1.937690499999995,-6058.0,-0.38363052034450823,19640.0,0.005864387090195947
2026-08-06,2026-08-06_174715_654572_1_R3_C4,3,400.0,1.75,16,holding,7,0.3981279999999998,17721.0,0.49319004780887643,30853.0,0.9115240084863977
2026-08-06,2026-08-06_174715_654572_1_R3_C4,3,400.0,1.75,16,inter_cycle_dwell,30,1.9351868000000039,-4082.0,-0.4172321391927993,23752.0,0.005534676164168209
2026-08-06,2026-08-06_174715_654572_1_R3_C4,3,400.0,1.75,17,holding,7,0.3969017000000008,-1860.0,0.3312036423744039,18405.0,0.9091845546709266
2026-08-06,2026-08-06_174715_654572_1_R3_C4,3,400.0,1.75,17,inter_cycle_dwell,30,1.9311453999999983,6129.0,-0.2822504023991261,25550.0,0.006687445662955496
2026-08-06,2026-08-06_174715_654572_1_R3_C4,3,400.0,1.75,18,holding,7,0.3965662999999964,-860.0,0.3145214213710692,22434.0,0.907703388165788
2026-08-06,2026-08-06_174715_654572_1_R3_C4,3,400.0,1.75,18,inter_cycle_dwell,30,1.9331681999999972,6658.0,-0.4299846339609563,26542.0,0.007193239789001563
2026-08-06,2026-08-06_174715_654572_1_R3_C4,3,400.0,1.75,19,holding,8,0.46383390000000446,7977.0,0.5086431589703717,27735.0,0.908933423106359
2026-08-06,2026-08-06_174715_654572_1_R3_C4,3,400.0,1.75,19,inter_cycle_dwell,30,1.9350297000000012,6480.0,-0.37168054113968263,21904.0,0.007100884627636306
2026-08-06,2026-08-06_174715_654572_1_R3_C4,3,400.0,1.75,20,holding,8,0.4589562000000029,-8229.0,0.4692160781309426,19614.0,0.9084187720175487
2026-08-06,2026-08-06_174942_221340_1_R3_C5,3,400.0,2.625,1,holding,8,0.4639871999999998,2113.0,0.6019891074232727,15034.0,1.4313299200434186
2026-08-06,2026-08-06_174942_221340_1_R3_C5,3,400.0,2.625,1,inter_cycle_dwell,30,1.9481069,-2845.0,-0.24411477029195258,23058.0,0.010659207428430701
2026-08-06,2026-08-06_174942_221340_1_R3_C5,3,400.0,2.625,2,holding,8,0.4797758999999999,4974.0,0.6009581559531963,23523.0,1.435412793829895
2026-08-06,2026-08-06_174942_221340_1_R3_C5,3,400.0,2.625,2,inter_cycle_dwell,30,1.9254422999999994,4637.0,-0.1951605565958803,21556.0,0.007854999310515254
2026-08-06,2026-08-06_174942_221340_1_R3_C5,3,400.0,2.625,3,holding,8,0.47404500000000027,4461.0,0.6721227708917085,23678.0,1.4299161620617684
2026-08-06,2026-08-06_174942_221340_1_R3_C5,3,400.0,2.625,3,inter_cycle_dwell,30,1.9360678999999994,-5523.0,-0.2504295643879312,14208.0,0.007760783018872952
2026-08-06,2026-08-06_174942_221340_1_R3_C5,3,400.0,2.625,4,holding,7,0.4133058999999992,-6069.0,0.3606718433106191,10372.0,1.4407010110748604
2026-08-06,2026-08-06_174942_221340_1_R3_C5,3,400.0,2.625,4,inter_cycle_dwell,30,1.9360753000000006,-821.0,-0.28979931823113636,17718.0,0.00893593009664715
2026-08-06,2026-08-06_174942_221340_1_R3_C5,3,400.0,2.625,5,holding,8,0.47233139999999807,-9485.0,0.5272787136631345,14807.0,1.415640062254928
2026-08-06,2026-08-06_174942_221340_1_R3_C5,3,400.0,2.625,5,inter_cycle_dwell,30,1.9400288000000003,-7506.0,-0.3023668982591276,17908.0,0.008111919262087448
2026-08-06,2026-08-06_174942_221340_1_R3_C5,3,400.0,2.625,6,holding,8,0.4815518999999995,-7811.0,0.6434593853343662,20466.0,1.4201070179538926
2026-08-06,2026-08-06_174942_221340_1_R3_C5,3,400.0,2.625,6,inter_cycle_dwell,30,1.9251861999999988,-7770.0,-0.2950086925038209,19054.0,0.0117986454548813
2026-08-06,2026-08-06_174942_221340_1_R3_C5,3,400.0,2.625,7,holding,9,0.5105149000000004,11441.0,0.6248914458745195,25249.0,1.4435796429912542
2026-08-06,2026-08-06_174942_221340_1_R3_C5,3,400.0,2.625,7,inter_cycle_dwell,29,1.8689509000000015,-3726.0,-0.2441341020933851,25833.0,0.0088955907835504
2026-08-06,2026-08-06_174942_221340_1_R3_C5,3,400.0,2.625,8,holding,8,0.48250119999999797,1235.0,0.66217381470698,22459.0,1.4341740200322184
2026-08-06,2026-08-06_174942_221340_1_R3_C5,3,400.0,2.625,8,inter_cycle_dwell,30,1.920492399999997,-2278.0,-0.243572414081187,18557.0,0.00651128709818935
2026-08-06,2026-08-06_174942_221340_1_R3_C5,3,400.0,2.625,9,holding,8,0.46704109999999943,-290.0,0.5933151787269674,15385.0,1.425252168804447
2026-08-06,2026-08-06_174942_221340_1_R3_C5,3,400.0,2.625,9,inter_cycle_dwell,30,1.9229394999999982,9482.0,-0.24654449820340918,23743.0,0.008337817116647099
2026-08-06,2026-08-06_174942_221340_1_R3_C5,3,400.0,2.625,10,holding,7,0.4136523999999966,7174.0,0.39850566579298974,20884.0,1.42452496651137
2026-08-06,2026-08-06_174942_221340_1_R3_C5,3,400.0,2.625,10,inter_cycle_dwell,30,1.9241333000000012,-2074.0,-0.2990324151121067,22954.0,0.008058614469919304
2026-08-06,2026-08-06_174942_221340_1_R3_C5,3,400.0,2.625,11,holding,8,0.4436113000000006,-513.0,0.4288414299236313,17753.0,1.4114319824704837
2026-08-06,2026-08-06_174942_221340_1_R3_C5,3,400.0,2.625,11,inter_cycle_dwell,30,1.9415600000000026,-7551.0,-0.3275645119655939,16766.0,0.006709214534772051
2026-08-06,2026-08-06_174942_221340_1_R3_C5,3,400.0,2.625,12,holding,7,0.39823450000000093,-2357.0,0.4602023107304558,20135.0,1.4228834262925367
2026-08-06,2026-08-06_174942_221340_1_R3_C5,3,400.0,2.625,12,inter_cycle_dwell,30,1.9364697000000035,7949.0,-0.24315917291606387,22522.0,0.016136834034981395
2026-08-06,2026-08-06_174942_221340_1_R3_C5,3,400.0,2.625,13,holding,7,0.4018471000000048,-2178.0,0.3964493880163942,25659.0,1.4922442286938933
2026-08-06,2026-08-06_174942_221340_1_R3_C5,3,400.0,2.625,13,inter_cycle_dwell,30,1.9390929999999997,-4999.0,-0.2904786232186048,13379.0,0.008375698593135202
2026-08-06,2026-08-06_174942_221340_1_R3_C5,3,400.0,2.625,14,holding,8,0.4703784000000013,-1771.0,0.6326492738411011,13589.0,1.4598494054565403
2026-08-06,2026-08-06_174942_221340_1_R3_C5,3,400.0,2.625,14,inter_cycle_dwell,30,1.9360856999999996,-13961.0,-0.31301902566878625,22128.0,0.009190665484492246
2026-08-06,2026-08-06_174942_221340_1_R3_C5,3,400.0,2.625,15,holding,7,0.3990663000000012,274.0,0.4425636106319061,24136.0,1.425482389364748
2026-08-06,2026-08-06_174942_221340_1_R3_C5,3,400.0,2.625,15,inter_cycle_dwell,30,1.940027899999997,-2418.0,-0.26725856265512693,21371.0,0.009701159376897944
2026-08-06,2026-08-06_174942_221340_1_R3_C5,3,400.0,2.625,16,holding,8,0.46397669999999636,-8293.0,0.3657569582173943,21090.0,1.4253436673796935
2026-08-06,2026-08-06_174942_221340_1_R3_C5,3,400.0,2.625,16,inter_cycle_dwell,30,1.9349710000000044,14441.0,-0.35684727691862117,26416.0,0.0109376789469489
2026-08-06,2026-08-06_174942_221340_1_R3_C5,3,400.0,2.625,17,holding,7,0.39952329999999847,21166.0,0.3956910249388539,32600.0,1.447103023825583
2026-08-06,2026-08-06_174942_221340_1_R3_C5,3,400.0,2.625,17,inter_cycle_dwell,30,1.9371549000000101,2051.0,-0.3042165638415919,18435.0,0.006667009109397201
2026-08-06,2026-08-06_174942_221340_1_R3_C5,3,400.0,2.625,18,holding,8,0.4637239000000051,5126.0,0.4739775860900979,17231.0,1.4485199039348315
2026-08-06,2026-08-06_174942_221340_1_R3_C5,3,400.0,2.625,18,inter_cycle_dwell,30,1.9481356000000005,-4769.0,-0.3834758941756903,7543.0,0.009506993151772003
2026-08-06,2026-08-06_174942_221340_1_R3_C5,3,400.0,2.625,19,holding,7,0.3971004999999934,1618.0,0.46282633576178,19571.0,1.4491834745772105
2026-08-06,2026-08-06_174942_221340_1_R3_C5,3,400.0,2.625,19,inter_cycle_dwell,30,1.940669200000002,-5184.0,-0.3725847703551851,19789.0,0.007246519853856152
2026-08-06,2026-08-06_174942_221340_1_R3_C5,3,400.0,2.625,20,holding,7,0.39933500000000777,7021.0,0.47311462321057696,20553.0,1.4645777701296152
2026-08-06,2026-08-06_185641_699282_1_R3_C6,3,400.0,3.5,1,holding,8,0.46444989999999997,-6645.0,0.517096312651993,9930.0,1.5827153429461247
2026-08-06,2026-08-06_185641_699282_1_R3_C6,3,400.0,3.5,1,inter_cycle_dwell,45,2.9440132000000006,341.0,-0.1747770677283855,14512.0,-0.0024763067977319995
2026-08-06,2026-08-06_185641_699282_1_R3_C6,3,400.0,3.5,2,holding,8,0.46383620000000025,-2087.0,0.48063616142194676,11531.0,1.6223442578847538
2026-08-06,2026-08-06_185641_699282_1_R3_C6,3,400.0,3.5,2,inter_cycle_dwell,45,2.9278259999999996,1466.0,-0.1521175611720702,16138.0,-0.002056059829267501
2026-08-06,2026-08-06_185641_699282_1_R3_C6,3,400.0,3.5,3,holding,8,0.4796244999999999,1236.0,0.5484634164337847,15450.0,1.7248629910170328
2026-08-06,2026-08-06_185641_699282_1_R3_C6,3,400.0,3.5,3,inter_cycle_dwell,45,2.9436552999999996,-3952.0,-0.2205310271604065,10758.0,-0.0012726673862250015
2026-08-06,2026-08-06_185641_699282_1_R3_C6,3,400.0,3.5,4,holding,8,0.46363549999999876,1615.0,0.5336157421221992,16837.0,1.7300429220149836
2026-08-06,2026-08-06_185641_699282_1_R3_C6,3,400.0,3.5,4,inter_cycle_dwell,45,2.9438060999999998,2091.0,-0.2129854497221839,15752.0,-0.0013998207895551985
2026-08-06,2026-08-06_185641_699282_1_R3_C6,3,400.0,3.5,5,holding,8,0.46405289999999866,1135.0,0.4886746413578229,13614.0,1.7252972450465263
2026-08-06,2026-08-06_185641_699282_1_R3_C6,3,400.0,3.5,5,inter_cycle_dwell,45,2.928812100000002,2753.0,-0.1734836982890436,15780.0,-0.0021099133495758975
2026-08-06,2026-08-06_185641_699282_1_R3_C6,3,400.0,3.5,6,holding,8,0.4640730000000026,410.0,0.5456582167636841,15763.0,1.740691751575405
2026-08-06,2026-08-06_185641_699282_1_R3_C6,3,400.0,3.5,6,inter_cycle_dwell,45,2.943518600000001,1369.0,-0.1847573861602449,14192.0,-0.0013455284323792005
2026-08-06,2026-08-06_185641_699282_1_R3_C6,3,400.0,3.5,7,holding,7,0.4000818000000024,299.0,0.5011661437373165,15448.0,1.7250170337597064
2026-08-06,2026-08-06_185641_699282_1_R3_C6,3,400.0,3.5,7,inter_cycle_dwell,45,2.9283670000000015,-284.0,-0.1640531947845631,17007.0,0.0024742335270258008
2026-08-06,2026-08-06_185641_699282_1_R3_C6,3,400.0,3.5,8,holding,7,0.401760000000003,-130.0,0.5430269686246629,14756.0,1.8029878734692384
2026-08-06,2026-08-06_185641_699282_1_R3_C6,3,400.0,3.5,8,inter_cycle_dwell,45,2.9280782999999957,-2721.0,-0.1721172371518821,13613.0,0.0005173427398929009
2026-08-06,2026-08-06_185641_699282_1_R3_C6,3,400.0,3.5,9,holding,7,0.4014899000000014,-2323.0,0.4532961959056081,12207.0,1.7435263900952505
2026-08-06,2026-08-06_185641_699282_1_R3_C6,3,400.0,3.5,9,inter_cycle_dwell,45,2.9439397000000014,-568.0,-0.1828056979455918,13736.0,0.0001528551237293986
2026-08-06,2026-08-06_185641_699282_1_R3_C6,3,400.0,3.5,10,holding,7,0.4002921000000015,-3225.0,0.4328131589847988,14788.0,1.6878143761281876
2026-08-06,2026-08-06_185641_699282_1_R3_C6,3,400.0,3.5,10,inter_cycle_dwell,45,2.9279100000000042,1084.0,-0.16445902023593761,14890.0,-0.0013915405261016
2026-08-06,2026-08-06_185641_699282_1_R3_C6,3,400.0,3.5,11,holding,7,0.3999455000000012,154.0,0.49084445092057316,16083.0,1.6902140675416566
2026-08-06,2026-08-06_185641_699282_1_R3_C6,3,400.0,3.5,11,inter_cycle_dwell,45,2.943954099999999,1156.0,-0.17958698159744518,16326.0,-0.0014963458746990004
2026-08-06,2026-08-06_185641_699282_1_R3_C6,3,400.0,3.5,12,holding,7,0.40027020000000135,2055.0,0.45387016995013774,14963.0,1.7158867766645431
2026-08-06,2026-08-06_185641_699282_1_R3_C6,3,400.0,3.5,12,inter_cycle_dwell,45,2.9452830000000034,-1185.0,-0.1512513376884746,15665.0,-0.001425451452537401
2026-08-06,2026-08-06_185641_699282_1_R3_C6,3,400.0,3.5,13,holding,7,0.40009369999999933,-2498.0,0.3637398474753144,13825.0,1.7225861358979948
2026-08-06,2026-08-06_185641_699282_1_R3_C6,3,400.0,3.5,13,inter_cycle_dwell,45,2.9282401000000036,-4080.0,-0.1431562741264941,14537.0,-0.0012900051557938018
2026-08-06,2026-08-06_185641_699282_1_R3_C6,3,400.0,3.5,14,holding,7,0.40074509999999464,-3345.0,0.45097414888724185,13168.0,1.7334089999568973
2026-08-06,2026-08-06_185641_699282_1_R3_C6,3,400.0,3.5,14,inter_cycle_dwell,45,2.9435900000000004,1108.0,-0.1539508073681553,15900.0,-0.0011091695178971003
2026-08-06,2026-08-06_185641_699282_1_R3_C6,3,400.0,3.5,15,holding,7,0.40005560000000173,1173.0,0.44795720881763446,17891.0,1.7317256687708356
2026-08-06,2026-08-06_185641_699282_1_R3_C6,3,400.0,3.5,15,inter_cycle_dwell,45,2.928155099999998,-1589.0,-0.1453996517282777,16454.0,-0.0016717316731910993
2026-08-06,2026-08-06_185641_699282_1_R3_C6,3,400.0,3.5,16,holding,7,0.40054769999998996,-1584.0,0.4691776355094244,14768.0,1.6765426432534984
2026-08-06,2026-08-06_185641_699282_1_R3_C6,3,400.0,3.5,16,inter_cycle_dwell,45,2.928065900000007,-575.0,-0.1263913702569062,14816.0,-0.0010743393040710987
2026-08-06,2026-08-06_185641_699282_1_R3_C6,3,400.0,3.5,17,holding,7,0.4001291000000009,-119.0,0.474304120259915,15219.0,1.7078985711675703
2026-08-06,2026-08-06_185641_699282_1_R3_C6,3,400.0,3.5,17,inter_cycle_dwell,45,2.9438868999999954,747.0,-0.1822221707123157,14765.0,-0.0011786521837086998
2026-08-06,2026-08-06_185641_699282_1_R3_C6,3,400.0,3.5,18,holding,8,0.4642516999999913,5676.0,0.4718411039713921,20205.0,1.6672374250134427
2026-08-06,2026-08-06_185641_699282_1_R3_C6,3,400.0,3.5,18,inter_cycle_dwell,45,2.927178800000007,1330.0,-0.158950978964464,17282.0,-0.001487671261755398
2026-08-06,2026-08-06_185641_699282_1_R3_C6,3,400.0,3.5,19,holding,7,0.4002176999999989,-5071.0,0.5941679548017296,14295.0,1.7481151093023737
2026-08-06,2026-08-06_185641_699282_1_R3_C6,3,400.0,3.5,19,inter_cycle_dwell,45,2.9437810000000013,-216.0,-0.2117748576325679,16347.0,-0.002548445918952598
2026-08-06,2026-08-06_185641_699282_1_R3_C6,3,400.0,3.5,20,holding,8,0.4609340999999887,2749.0,0.509931782940936,17715.0,1.7583526738533495
2026-08-06,2026-08-06_185929_681648_1_R3_C7,3,600.0,1.75,1,holding,8,0.46420550000000005,3372.0,0.4071042714496319,15188.0,0.4572074853046269
2026-08-06,2026-08-06_185929_681648_1_R3_C7,3,600.0,1.75,1,inter_cycle_dwell,30,1.9359311,2647.0,-0.1431599370116914,17812.0,-0.0007844089060498015
2026-08-06,2026-08-06_185929_681648_1_R3_C7,3,600.0,1.75,2,holding,8,0.4643853,-3337.0,0.4101892235937894,13090.0,0.4518500391015256
2026-08-06,2026-08-06_185929_681648_1_R3_C7,3,600.0,1.75,2,inter_cycle_dwell,30,1.9358826000000002,-2865.0,-0.1851738077394404,14107.0,-0.0007812105263489515
2026-08-06,2026-08-06_185929_681648_1_R3_C7,3,600.0,1.75,3,holding,7,0.40009859999999975,-4422.0,0.3123370132593619,13406.0,0.45769031841067465
2026-08-06,2026-08-06_185929_681648_1_R3_C7,3,600.0,1.75,3,inter_cycle_dwell,30,1.9359696,67.0,-0.1803761658343936,16568.0,-0.0018130013892522986
2026-08-06,2026-08-06_185929_681648_1_R3_C7,3,600.0,1.75,4,holding,7,0.40018000000000065,1145.0,0.34566895120317787,14890.0,0.4533741776965672
2026-08-06,2026-08-06_185929_681648_1_R3_C7,3,600.0,1.75,4,inter_cycle_dwell,30,1.9382974000000015,3191.0,-0.22325340646821432,16712.0,0.00016567503931250172
2026-08-06,2026-08-06_185929_681648_1_R3_C7,3,600.0,1.75,5,holding,8,0.46440950000000036,1434.0,0.3793533081723194,18035.0,0.4543376146620406
2026-08-06,2026-08-06_185929_681648_1_R3_C7,3,600.0,1.75,5,inter_cycle_dwell,30,1.9443271000000024,-1350.0,-0.2624260879659146,14209.0,-0.0009114565193091007
2026-08-06,2026-08-06_185929_681648_1_R3_C7,3,600.0,1.75,6,holding,7,0.4000470000000007,5742.0,0.3851626492863247,18331.0,0.4597080884238538
2026-08-06,2026-08-06_185929_681648_1_R3_C7,3,600.0,1.75,6,inter_cycle_dwell,30,1.9362032000000013,-962.0,-0.2464348388460064,15515.0,-0.00035630843218559943
2026-08-06,2026-08-06_185929_681648_1_R3_C7,3,600.0,1.75,7,holding,8,0.4647254000000025,-608.0,0.3949499194708175,14902.0,0.4819436723235324
2026-08-06,2026-08-06_185929_681648_1_R3_C7,3,600.0,1.75,7,inter_cycle_dwell,30,1.9346124000000025,219.0,-0.1449019365926448,15419.0,-0.0009149760989666973
2026-08-06,2026-08-06_185929_681648_1_R3_C7,3,600.0,1.75,8,holding,8,0.4797863999999983,2210.0,0.44386703162855295,15782.0,0.49530676354143055
2026-08-06,2026-08-06_185929_681648_1_R3_C7,3,600.0,1.75,8,inter_cycle_dwell,30,1.9365831,-1635.0,-0.1692001311859801,16328.0,-0.000821310447144348
2026-08-06,2026-08-06_185929_681648_1_R3_C7,3,600.0,1.75,9,holding,8,0.4640480999999994,-1316.0,0.4884285517392623,15362.0,0.5325962145417283
2026-08-06,2026-08-06_185929_681648_1_R3_C7,3,600.0,1.75,9,inter_cycle_dwell,30,1.9360891000000002,-2134.0,-0.2227675148703568,15038.0,-0.0010615891180240505
2026-08-06,2026-08-06_185929_681648_1_R3_C7,3,600.0,1.75,10,holding,7,0.40024230000000216,1235.0,0.3924780782315862,14110.0,0.5325811791198019
2026-08-06,2026-08-06_185929_681648_1_R3_C7,3,600.0,1.75,10,inter_cycle_dwell,30,1.9358482000000024,529.0,-0.26359051597604327,15564.0,-0.0014142304443421003
2026-08-06,2026-08-06_185929_681648_1_R3_C7,3,600.0,1.75,11,holding,7,0.3994460999999987,2524.0,0.4054368339176132,16597.0,0.5362796223655778
2026-08-06,2026-08-06_185929_681648_1_R3_C7,3,600.0,1.75,11,inter_cycle_dwell,30,1.9358758000000051,2192.0,-0.2834251879103705,18907.0,-0.0011598181488695
2026-08-06,2026-08-06_185929_681648_1_R3_C7,3,600.0,1.75,12,holding,8,0.464201199999998,1779.0,0.4278657538602897,17415.0,0.5311007604054614
2026-08-06,2026-08-06_185929_681648_1_R3_C7,3,600.0,1.75,12,inter_cycle_dwell,30,1.9362599999999972,-720.0,-0.3205732726946746,14908.0,-0.0005936090761467991
2026-08-06,2026-08-06_185929_681648_1_R3_C7,3,600.0,1.75,13,holding,8,0.4799860000000038,6034.0,0.45204168702574066,17389.0,0.5329750440743916
2026-08-06,2026-08-06_185929_681648_1_R3_C7,3,600.0,1.75,13,inter_cycle_dwell,30,1.9222931999999986,4315.0,-0.3294506326980618,17598.0,-0.0005077848310969003
2026-08-06,2026-08-06_185929_681648_1_R3_C7,3,600.0,1.75,14,holding,8,0.46443390000000306,1056.0,0.45093305499674274,15290.0,0.5478713957664813
2026-08-06,2026-08-06_185929_681648_1_R3_C7,3,600.0,1.75,14,inter_cycle_dwell,30,1.9364408999999938,-590.0,-0.1969469259202844,18310.0,-0.0012843250859009975
2026-08-06,2026-08-06_185929_681648_1_R3_C7,3,600.0,1.75,15,holding,7,0.3999134999999967,-2245.0,0.3481745440336287,16662.0,0.5470920893680085
2026-08-06,2026-08-06_185929_681648_1_R3_C7,3,600.0,1.75,15,inter_cycle_dwell,30,1.9348833999999968,5799.0,-0.2364876991540396,19254.0,-0.0014521657817825988
2026-08-06,2026-08-06_185929_681648_1_R3_C7,3,600.0,1.75,16,holding,7,0.39950379999999797,562.0,0.3477830605541865,17763.0,0.5476767422013374
2026-08-06,2026-08-06_185929_681648_1_R3_C7,3,600.0,1.75,16,inter_cycle_dwell,30,1.935887099999995,-1182.0,-0.2388857476881673,16492.0,-0.00010738929675050204
2026-08-06,2026-08-06_185929_681648_1_R3_C7,3,600.0,1.75,17,holding,7,0.4000571999999991,-1535.0,0.4204523458104822,12803.0,0.5459161383041772
2026-08-06,2026-08-06_185929_681648_1_R3_C7,3,600.0,1.75,17,inter_cycle_dwell,30,1.935713100000001,-464.0,-0.1826101178148245,15729.0,-0.0008914147058093
2026-08-06,2026-08-06_185929_681648_1_R3_C7,3,600.0,1.75,18,holding,7,0.4004698999999974,-1018.0,0.34322379679780807,16560.0,0.5550330137004066
2026-08-06,2026-08-06_185929_681648_1_R3_C7,3,600.0,1.75,18,inter_cycle_dwell,30,1.9338537000000002,-1696.0,-0.1788818539493492,15254.0,-0.0001383523078040995
2026-08-06,2026-08-06_185929_681648_1_R3_C7,3,600.0,1.75,19,holding,7,0.39974819999999767,-4282.0,0.35985431047027916,12411.0,0.5707675094711617
2026-08-06,2026-08-06_185929_681648_1_R3_C7,3,600.0,1.75,19,inter_cycle_dwell,30,1.9350709999999935,-4539.0,-0.2564224856262051,14263.0,-0.0013323722547864993
2026-08-06,2026-08-06_185929_681648_1_R3_C7,3,600.0,1.75,20,holding,7,0.39988819999999947,3694.0,0.4090752597216639,18293.0,0.5713426096215298
2026-08-06,2026-08-06_190205_982848_1_R3_C8,3,600.0,2.625,1,holding,8,0.4638719,3335.0,0.5910504982562094,14079.0,0.8336845201948779
2026-08-06,2026-08-06_190205_982848_1_R3_C8,3,600.0,2.625,1,inter_cycle_dwell,45,2.9434240999999997,-91.0,-0.1876205002445187,17237.0,-0.0015124069367603021
2026-08-06,2026-08-06_190205_982848_1_R3_C8,3,600.0,2.625,2,holding,8,0.46388689999999944,168.0,0.5665971718833717,14579.0,0.8408215099804595
2026-08-06,2026-08-06_190205_982848_1_R3_C8,3,600.0,2.625,2,inter_cycle_dwell,45,2.9284279,-2704.0,-0.14879075818834897,12423.0,-0.0012556705026905007
2026-08-06,2026-08-06_190205_982848_1_R3_C8,3,600.0,2.625,3,holding,8,0.47925590000000007,4702.0,0.6032881585674753,19331.0,0.8262523421320745
2026-08-06,2026-08-06_190205_982848_1_R3_C8,3,600.0,2.625,3,inter_cycle_dwell,45,2.928236,-1521.0,-0.15736473939529333,15942.0,-0.0006650764575387019
2026-08-06,2026-08-06_190205_982848_1_R3_C8,3,600.0,2.625,4,holding,8,0.4641517000000004,-305.0,0.59626009073908,14224.0,0.8873276478399996
2026-08-06,2026-08-06_190205_982848_1_R3_C8,3,600.0,2.625,4,inter_cycle_dwell,45,2.943797199999999,2189.0,-0.1536725199754052,17759.0,-0.00040259588682300257
2026-08-06,2026-08-06_190205_982848_1_R3_C8,3,600.0,2.625,5,holding,8,0.4635229999999986,2438.0,0.5788335694541848,14153.0,0.8675186469141143
2026-08-06,2026-08-06_190205_982848_1_R3_C8,3,600.0,2.625,5,inter_cycle_dwell,45,2.9288376000000014,8884.0,-0.11599415268489502,22143.0,-0.0007407945576287031
2026-08-06,2026-08-06_190205_982848_1_R3_C8,3,600.0,2.625,6,holding,7,0.39993510000000043,-478.0,0.507687741181977,14776.0,0.8863986433761111
2026-08-06,2026-08-06_190205_982848_1_R3_C8,3,600.0,2.625,6,inter_cycle_dwell,45,2.9450740000000017,1846.0,-0.1316506872759654,17374.0,-0.0004984878058806042
2026-08-06,2026-08-06_190205_982848_1_R3_C8,3,600.0,2.625,7,holding,7,0.3998930999999999,3831.0,0.5150841030354303,17134.0,0.8918780482995846
2026-08-06,2026-08-06_190205_982848_1_R3_C8,3,600.0,2.625,7,inter_cycle_dwell,45,2.928446400000002,-4640.0,-0.11206267815064769,13196.0,-0.0006986647676944027
2026-08-06,2026-08-06_190205_982848_1_R3_C8,3,600.0,2.625,8,holding,7,0.3991554999999991,-2121.0,0.495428154146463,13439.0,0.8882589288921615
2026-08-06,2026-08-06_190205_982848_1_R3_C8,3,600.0,2.625,8,inter_cycle_dwell,45,2.9445093,-4166.0,-0.1276419158575162,14898.0,-0.0007762420973815021
2026-08-06,2026-08-06_190205_982848_1_R3_C8,3,600.0,2.625,9,holding,7,0.39998560000000083,928.0,0.5423921903057898,15007.0,0.8846503655300639
2026-08-06,2026-08-06_190205_982848_1_R3_C8,3,600.0,2.625,9,inter_cycle_dwell,45,2.9279192999999992,1729.0,-0.094155420773914,16083.0,0.0
2026-08-06,2026-08-06_190205_982848_1_R3_C8,3,600.0,2.625,10,holding,7,0.39981239999999474,2967.0,0.5559084292180698,17834.0,0.9001118223749339
2026-08-06,2026-08-06_190205_982848_1_R3_C8,3,600.0,2.625,10,inter_cycle_dwell,45,2.9280958999999953,1512.0,-0.1135336883253378,18170.0,-0.0004372029099873054
2026-08-06,2026-08-06_190205_982848_1_R3_C8,3,600.0,2.625,11,holding,7,0.39762540000000257,-2900.0,0.5190335360675097,14434.0,0.9052505117118447
2026-08-06,2026-08-06_190205_982848_1_R3_C8,3,600.0,2.625,11,inter_cycle_dwell,45,2.9437963999999965,2299.0,-0.14703608818686567,18980.0,-0.0018772277174005994
2026-08-06,2026-08-06_190205_982848_1_R3_C8,3,600.0,2.625,12,holding,7,0.39434349999999796,-2810.0,0.511806214204972,17168.0,0.9192865597762176
2026-08-06,2026-08-06_190205_982848_1_R3_C8,3,600.0,2.625,12,inter_cycle_dwell,45,2.924542500000001,356.0,-0.1121851349818679,15421.0,-0.0008163837493049969
2026-08-06,2026-08-06_190205_982848_1_R3_C8,3,600.0,2.625,13,holding,7,0.3993846999999988,-4206.0,0.4863991384236816,15810.0,0.8987852312981155
2026-08-06,2026-08-06_190205_982848_1_R3_C8,3,600.0,2.625,13,inter_cycle_dwell,45,2.9440262000000033,3365.0,-0.13230012672798971,15909.0,-0.00043739063992020294
2026-08-06,2026-08-06_190205_982848_1_R3_C8,3,600.0,2.625,14,holding,8,0.46447850000000557,3995.0,0.5545399232478948,16906.0,0.9051274475136832
2026-08-06,2026-08-06_190205_982848_1_R3_C8,3,600.0,2.625,14,inter_cycle_dwell,45,2.928159100000002,-3082.0,-0.13177381299047772,14330.0,-0.0012888438536073007
2026-08-06,2026-08-06_190205_982848_1_R3_C8,3,600.0,2.625,15,holding,7,0.4015606000000105,-2293.0,0.5062481891561186,13957.0,0.9025244580897934
2026-08-06,2026-08-06_190205_982848_1_R3_C8,3,600.0,2.625,15,inter_cycle_dwell,45,2.9442953999999872,3149.0,-0.0836343131186092,17412.0,-0.0006553858516539016
2026-08-06,2026-08-06_190205_982848_1_R3_C8,3,600.0,2.625,16,holding,7,0.3999600000000072,-2342.0,0.49900824249884373,14269.0,0.8854788304184794
2026-08-06,2026-08-06_190205_982848_1_R3_C8,3,600.0,2.625,16,inter_cycle_dwell,45,2.9416140000000013,-118.0,-0.2673005639305187,18710.0,-0.0011096462171973978
2026-08-06,2026-08-06_190205_982848_1_R3_C8,3,600.0,2.625,17,holding,7,0.40006239999999593,674.0,0.4589806251217284,18092.0,0.8379687671323405
2026-08-06,2026-08-06_190205_982848_1_R3_C8,3,600.0,2.625,17,inter_cycle_dwell,46,2.9851935000000083,-2974.0,-0.21296326317863323,12572.0,-0.00011841365636349604
2026-08-06,2026-08-06_190205_982848_1_R3_C8,3,600.0,2.625,18,holding,7,0.39880630000000394,1035.0,0.4671305255080224,17289.0,0.8527409001390377
2026-08-06,2026-08-06_190205_982848_1_R3_C8,3,600.0,2.625,18,inter_cycle_dwell,44,2.8793560000000014,-4.0,-0.1216906233294067,16301.0,-2.664807414990561e-05
2026-08-06,2026-08-06_190205_982848_1_R3_C8,3,600.0,2.625,19,holding,7,0.40052079999999535,1353.0,0.5040345926145381,17402.0,0.8669989728084915
2026-08-06,2026-08-06_190205_982848_1_R3_C8,3,600.0,2.625,19,inter_cycle_dwell,46,2.9918348999999864,-2572.0,-0.2346545346345631,15450.0,-0.0010989499507556566
2026-08-06,2026-08-06_190205_982848_1_R3_C8,3,600.0,2.625,20,holding,7,0.39991000000000554,-60.0,0.43672247099621286,16156.0,0.8552033155062939
2026-08-06,2026-08-06_190724_390600_1_R3_C9,3,600.0,3.5,1,holding,8,0.46624850000000007,936.0,0.7965012756668636,14525.0,1.5063769346833777
2026-08-06,2026-08-06_190724_390600_1_R3_C9,3,600.0,3.5,1,inter_cycle_dwell,30,1.9354362000000003,2525.0,-0.2129649629950407,17666.0,-0.002262155463224551
2026-08-06,2026-08-06_190724_390600_1_R3_C9,3,600.0,3.5,2,holding,8,0.4642004000000002,-1662.0,0.7110711865849573,12297.0,1.4253052828457133
2026-08-06,2026-08-06_190724_390600_1_R3_C9,3,600.0,3.5,2,inter_cycle_dwell,30,1.9357639000000004,-268.0,-0.1665222134641178,16425.0,-0.0011292255074285516
2026-08-06,2026-08-06_190724_390600_1_R3_C9,3,600.0,3.5,3,holding,7,0.39985749999999953,-3878.0,0.5134542007881907,16154.0,1.4602163548773304
2026-08-06,2026-08-06_190724_390600_1_R3_C9,3,600.0,3.5,3,inter_cycle_dwell,30,1.9277342999999991,179.0,-0.1033768987652885,14017.0,-0.001658837699604697
2026-08-06,2026-08-06_190724_390600_1_R3_C9,3,600.0,3.5,4,holding,8,0.46382479999999937,2819.0,0.7993590580870726,18853.0,1.4299684842539748
2026-08-06,2026-08-06_190724_390600_1_R3_C9,3,600.0,3.5,4,inter_cycle_dwell,30,1.9199991999999995,-950.0,-0.20762685302909759,14986.0,-0.0020178584373965504
2026-08-06,2026-08-06_190724_390600_1_R3_C9,3,600.0,3.5,5,holding,8,0.46401509999999746,1433.0,0.7424751721711361,17938.0,1.4526388823197283
2026-08-06,2026-08-06_190724_390600_1_R3_C9,3,600.0,3.5,5,inter_cycle_dwell,30,1.9358924000000002,-3748.0,-0.1769218409778618,13112.0,-0.0018437693918959518
2026-08-06,2026-08-06_190724_390600_1_R3_C9,3,600.0,3.5,6,holding,7,0.40102259999999745,-788.0,0.6193512376494266,14275.0,1.4470336118027505
2026-08-06,2026-08-06_190724_390600_1_R3_C9,3,600.0,3.5,6,inter_cycle_dwell,30,1.936304100000001,3548.0,-0.1835111985440224,14261.0,-0.0014778683238004
2026-08-06,2026-08-06_190724_390600_1_R3_C9,3,600.0,3.5,7,holding,7,0.39986569999999944,274.0,0.5881545995418295,16604.0,1.4634451588031945
2026-08-06,2026-08-06_190724_390600_1_R3_C9,3,600.0,3.5,7,inter_cycle_dwell,30,1.9360460999999987,2083.0,-0.1222399676049923,15853.0,-0.0010084332936066524
2026-08-06,2026-08-06_190724_390600_1_R3_C9,3,600.0,3.5,8,holding,7,0.40002660000000034,1967.0,0.5199262001573652,15306.0,1.451590502642166
2026-08-06,2026-08-06_190724_390600_1_R3_C9,3,600.0,3.5,8,inter_cycle_dwell,30,1.9359420000000007,-381.0,-0.1143321574337635,16216.0,-0.0011687503844089488
2026-08-06,2026-08-06_190724_390600_1_R3_C9,3,600.0,3.5,9,holding,8,0.4640845999999996,-751.0,0.7401322409994877,15668.0,1.4488759937652886
2026-08-06,2026-08-06_190724_390600_1_R3_C9,3,600.0,3.5,9,inter_cycle_dwell,30,1.9357992999999993,-64.0,-0.2075458097788728,13684.0,-0.0016195888947552022
2026-08-06,2026-08-06_190724_390600_1_R3_C9,3,600.0,3.5,10,holding,7,0.4003899000000004,-4728.0,0.6345509221806237,12655.0,1.4568744578420756
2026-08-06,2026-08-06_190724_390600_1_R3_C9,3,600.0,3.5,10,inter_cycle_dwell,30,1.9366263000000004,2591.0,-0.1274703502719745,16836.0,-0.0013892926701386497
2026-08-06,2026-08-06_190724_390600_1_R3_C9,3,600.0,3.5,11,holding,7,0.40002640000000156,-3420.0,0.5318200936317028,14774.0,1.4451315280473223
2026-08-06,2026-08-06_190724_390600_1_R3_C9,3,600.0,3.5,11,inter_cycle_dwell,30,1.936312000000001,-3463.0,-0.08560029779784889,11220.0,-0.0020433175205226486
2026-08-06,2026-08-06_190724_390600_1_R3_C9,3,600.0,3.5,12,holding,8,0.4642262000000059,-828.0,0.7741791297061988,14995.0,1.4376332072692048
2026-08-06,2026-08-06_190724_390600_1_R3_C9,3,600.0,3.5,12,inter_cycle_dwell,30,1.935933900000002,-1690.0,-0.0770376893478121,15791.0,-0.0012604424798253015
2026-08-06,2026-08-06_190724_390600_1_R3_C9,3,600.0,3.5,13,holding,8,0.46406600000000253,2846.0,0.5887145701057698,17818.0,1.298432777427034
2026-08-06,2026-08-06_190724_390600_1_R3_C9,3,600.0,3.5,13,inter_cycle_dwell,30,1.9360709000000043,-220.0,-0.1439336804423173,16660.0,-0.0007997973747693524
2026-08-06,2026-08-06_190724_390600_1_R3_C9,3,600.0,3.5,14,holding,7,0.3998823000000016,453.0,0.648041048086437,14700.0,1.428895759594372
2026-08-06,2026-08-06_190724_390600_1_R3_C9,3,600.0,3.5,14,inter_cycle_dwell,30,1.936200300000003,-1541.0,-0.1235917924885096,12907.0,-0.0008321553810729
2026-08-06,2026-08-06_190724_390600_1_R3_C9,3,600.0,3.5,15,holding,8,0.46388220000000047,1504.0,0.8205829897416527,16195.0,1.358713383908633
2026-08-06,2026-08-06_190724_390600_1_R3_C9,3,600.0,3.5,15,inter_cycle_dwell,30,1.9358855000000048,666.0,-0.19697562207177538,17440.0,-0.0013274124668656018
2026-08-06,2026-08-06_190724_390600_1_R3_C9,3,600.0,3.5,16,holding,8,0.4640561999999946,1895.0,0.702900299167289,16040.0,1.3558342227403337
2026-08-06,2026-08-06_190724_390600_1_R3_C9,3,600.0,3.5,16,inter_cycle_dwell,30,1.9361916000000008,-1929.0,-0.11270683802772821,14365.0,-0.001236405033400497
2026-08-06,2026-08-06_190724_390600_1_R3_C9,3,600.0,3.5,17,holding,7,0.4003231000000014,-2333.0,0.6562766550483281,15737.0,1.380116612036159
2026-08-06,2026-08-06_190724_390600_1_R3_C9,3,600.0,3.5,17,inter_cycle_dwell,30,1.9386936000000006,76.0,-0.08751098885035839,15882.0,-0.0016159309735617501
2026-08-06,2026-08-06_190724_390600_1_R3_C9,3,600.0,3.5,18,holding,7,0.4000059000000036,1149.0,0.4470095070272362,15259.0,1.354802265737756
2026-08-06,2026-08-06_190724_390600_1_R3_C9,3,600.0,3.5,18,inter_cycle_dwell,30,1.9308533999999895,2317.0,-0.0557932144859744,19223.0,-0.0003649230725462499
2026-08-06,2026-08-06_190724_390600_1_R3_C9,3,600.0,3.5,19,holding,8,0.4641250000000099,-3776.0,0.7303910827895475,13416.0,1.362704760849317
2026-08-06,2026-08-06_190724_390600_1_R3_C9,3,600.0,3.5,19,inter_cycle_dwell,30,1.9354359999999957,-81.0,-0.1640588289095913,17427.0,-0.0012421368695722974
2026-08-06,2026-08-06_190724_390600_1_R3_C9,3,600.0,3.5,20,holding,7,0.39959119999998904,2805.0,0.6769021945393789,18033.0,1.3767960235149432
2026-08-06,2026-08-06_191115_902071_1_R4_C1,4,200.0,1.75,1,holding,8,0.4641831999999999,-3378.0,0.3196359793275114,11766.0,0.6936186862066245
2026-08-06,2026-08-06_191115_902071_1_R4_C1,4,200.0,1.75,1,inter_cycle_dwell,30,1.9327720999999998,111.0,-0.039664515563952896,14026.0,-0.0006279737470217504
2026-08-06,2026-08-06_191115_902071_1_R4_C1,4,200.0,1.75,2,holding,8,0.46374470000000034,544.0,0.3171711810555897,14043.0,0.6811755251679166
2026-08-06,2026-08-06_191115_902071_1_R4_C1,4,200.0,1.75,2,inter_cycle_dwell,30,1.9360390999999995,5945.0,-0.039670415941201805,17072.0,-0.0003909219945081501
2026-08-06,2026-08-06_191115_902071_1_R4_C1,4,200.0,1.75,3,holding,7,0.40016110000000005,1157.0,0.20012293453600805,14522.0,0.6400611038804456
2026-08-06,2026-08-06_191115_902071_1_R4_C1,4,200.0,1.75,3,inter_cycle_dwell,30,1.9362034999999995,2376.0,-0.0447753043748651,16880.0,-0.00026183975628769895
2026-08-06,2026-08-06_191115_902071_1_R4_C1,4,200.0,1.75,4,holding,7,0.39947089999999896,2895.0,0.24242599757958938,16819.0,0.6516625149550738
2026-08-06,2026-08-06_191115_902071_1_R4_C1,4,200.0,1.75,4,inter_cycle_dwell,30,1.9359018999999993,-2151.0,-0.0234594367092018,14678.0,-0.00034517363303135026
2026-08-06,2026-08-06_191115_902071_1_R4_C1,4,200.0,1.75,5,holding,8,0.46394980000000174,-1052.0,0.2660524388462103,14366.0,0.627874856350122
2026-08-06,2026-08-06_191115_902071_1_R4_C1,4,200.0,1.75,5,inter_cycle_dwell,30,1.9367783000000003,-1538.0,-0.0317772763377388,14704.0,-0.0010542579739314488
2026-08-06,2026-08-06_191115_902071_1_R4_C1,4,200.0,1.75,6,holding,8,0.4645347000000015,-2230.0,0.26322908568965353,11646.0,0.6212153880640824
2026-08-06,2026-08-06_191115_902071_1_R4_C1,4,200.0,1.75,6,inter_cycle_dwell,30,1.9358455000000028,-272.0,-0.028918463167206,11960.0,-0.00048367570025434695
2026-08-06,2026-08-06_191115_902071_1_R4_C1,4,200.0,1.75,7,holding,8,0.46726209999999924,8160.0,0.28502874779205783,19725.0,0.6346146049021041
2026-08-06,2026-08-06_191115_902071_1_R4_C1,4,200.0,1.75,7,inter_cycle_dwell,30,1.9370301000000012,1065.0,-0.0270273860015752,14780.0,-0.0007118238616461992
2026-08-06,2026-08-06_191115_902071_1_R4_C1,4,200.0,1.75,8,holding,7,0.3997554000000001,-1367.0,0.18124410089684356,14779.0,0.6245274989036124
2026-08-06,2026-08-06_191115_902071_1_R4_C1,4,200.0,1.75,8,inter_cycle_dwell,29,1.8529626000000015,5744.0,-0.0088662308697786,18425.0,1.82012555168011e-05
2026-08-06,2026-08-06_191115_902071_1_R4_C1,4,200.0,1.75,9,holding,7,0.41584350000000114,968.0,0.23824653545032115,13037.0,0.627204450581702
2026-08-06,2026-08-06_191115_902071_1_R4_C1,4,200.0,1.75,9,inter_cycle_dwell,29,1.8558571000000015,1749.0,-0.014504268201463399,16356.0,-3.7565708481297755e-05
2026-08-06,2026-08-06_191115_902071_1_R4_C1,4,200.0,1.75,10,holding,7,0.3999153000000035,-2708.0,0.23492197664597425,13140.0,0.6337040424528892
2026-08-06,2026-08-06_191115_902071_1_R4_C1,4,200.0,1.75,10,inter_cycle_dwell,30,1.9360843000000045,474.0,-0.0232624939429096,16795.0,0.0004076354239411495
2026-08-06,2026-08-06_191115_902071_1_R4_C1,4,200.0,1.75,11,holding,8,0.46457430000000244,-4342.0,0.25935451005796506,15342.0,0.6380160820156233
2026-08-06,2026-08-06_191115_902071_1_R4_C1,4,200.0,1.75,11,inter_cycle_dwell,30,1.935827599999996,4135.0,-0.0293902009627999,17151.0,-0.00012409305067994855
2026-08-06,2026-08-06_191115_902071_1_R4_C1,4,200.0,1.75,12,holding,8,0.4640564999999981,-113.0,0.27062055194978457,13443.0,0.6391093267089538
2026-08-06,2026-08-06_191115_902071_1_R4_C1,4,200.0,1.75,12,inter_cycle_dwell,30,1.9359945999999937,273.0,-0.034376167511899994,16274.0,-0.0008736652156943019
2026-08-06,2026-08-06_191115_902071_1_R4_C1,4,200.0,1.75,13,holding,7,0.39999329999999844,576.0,0.2091825598978213,13510.0,0.6506950739983249
2026-08-06,2026-08-06_191115_902071_1_R4_C1,4,200.0,1.75,13,inter_cycle_dwell,30,1.9361072999999962,-1271.0,-0.0140298076357669,16099.0,-0.0006908725076158473
2026-08-06,2026-08-06_191115_902071_1_R4_C1,4,200.0,1.75,14,holding,8,0.46407620000000094,2098.0,0.23385645579820263,14587.0,0.6126400191254737
2026-08-06,2026-08-06_191115_902071_1_R4_C1,4,200.0,1.75,14,inter_cycle_dwell,30,1.9359104999999985,2029.0,-0.0193723539363925,15462.0,-0.00043482028406335166
2026-08-06,2026-08-06_191115_902071_1_R4_C1,4,200.0,1.75,15,holding,8,0.4638842000000025,-167.0,0.2676732374763734,14995.0,0.6191185490630786
2026-08-06,2026-08-06_191115_902071_1_R4_C1,4,200.0,1.75,15,inter_cycle_dwell,30,1.9451470999999998,5988.0,-0.0292919967016962,15355.0,-0.000743553277963098
2026-08-06,2026-08-06_191115_902071_1_R4_C1,4,200.0,1.75,16,holding,8,0.46401569999999737,2785.0,0.2641923156934793,17283.0,0.6229854309873493
2026-08-06,2026-08-06_191115_902071_1_R4_C1,4,200.0,1.75,16,inter_cycle_dwell,30,1.936015900000001,3004.0,-0.031423569259039205,14651.0,-0.0013855496499272021
2026-08-06,2026-08-06_191115_902071_1_R4_C1,4,200.0,1.75,17,holding,8,0.4657195999999999,-5077.0,0.29541272685818387,9947.0,0.6228759140644123
2026-08-06,2026-08-06_191115_902071_1_R4_C1,4,200.0,1.75,17,inter_cycle_dwell,30,1.9360299000000083,-233.0,-0.029228908675641003,12707.0,-0.0007271430838025027
2026-08-06,2026-08-06_191115_902071_1_R4_C1,4,200.0,1.75,18,holding,8,0.4639725000000112,-851.0,0.3004555048380063,14214.0,0.6244931904962256
2026-08-06,2026-08-06_191115_902071_1_R4_C1,4,200.0,1.75,18,inter_cycle_dwell,30,1.9356557999999922,1974.0,-0.0408930961964101,16665.0,-0.0005588994174846006
2026-08-06,2026-08-06_191115_902071_1_R4_C1,4,200.0,1.75,19,holding,7,0.3998723000000126,1546.0,0.19955200150607721,15481.0,0.6474599350000034
2026-08-06,2026-08-06_191115_902071_1_R4_C1,4,200.0,1.75,19,inter_cycle_dwell,30,1.9357430999999963,4103.0,-0.0133060639614336,15277.0,-2.3233765111946997e-05
2026-08-06,2026-08-06_191115_902071_1_R4_C1,4,200.0,1.75,20,holding,7,0.3996381999999983,3490.0,0.23241793889234552,14710.0,0.6378004811336835
2026-08-06,2026-08-06_191358_881488_1_R4_C2,4,200.0,2.625,1,holding,7,0.40021020000000007,-3260.0,0.19929276320137979,11359.0,0.9043495817189076
2026-08-06,2026-08-06_191358_881488_1_R4_C2,4,200.0,2.625,1,inter_cycle_dwell,30,1.9360174999999997,633.0,-0.004241669460290799,17145.0,-0.0021869490167977495
2026-08-06,2026-08-06_191358_881488_1_R4_C2,4,200.0,2.625,2,holding,8,0.46382869999999965,-1083.0,0.22931374987163955,13865.0,0.8451238501582687
2026-08-06,2026-08-06_191358_881488_1_R4_C2,4,200.0,2.625,2,inter_cycle_dwell,30,1.9353219,2503.0,-0.0029187509737515008,18047.0,-8.395387706320017e-05
2026-08-06,2026-08-06_191358_881488_1_R4_C2,4,200.0,2.625,3,holding,7,0.39999610000000096,-2132.0,0.13954747012644741,14077.0,0.8444031101521338
2026-08-06,2026-08-06_191358_881488_1_R4_C2,4,200.0,2.625,3,inter_cycle_dwell,30,1.9360810999999991,-6464.0,-0.003313609705751599,13138.0,-0.0007008448053443996
2026-08-06,2026-08-06_191358_881488_1_R4_C2,4,200.0,2.625,4,holding,7,0.3999398000000003,4236.0,0.18520613826686572,15084.0,0.8425432992148347
2026-08-06,2026-08-06_191358_881488_1_R4_C2,4,200.0,2.625,4,inter_cycle_dwell,30,1.9358329000000012,-1433.0,-0.002336014224256099,11785.0,-0.0004533198561215996
2026-08-06,2026-08-06_191358_881488_1_R4_C2,4,200.0,2.625,5,holding,7,0.3980208999999988,496.0,0.12685382091381137,16056.0,0.8365849563363533
2026-08-06,2026-08-06_191358_881488_1_R4_C2,4,200.0,2.625,5,inter_cycle_dwell,29,1.8563231999999985,-2660.0,-0.001146145601430601,12803.0,-7.724038827270144e-05
2026-08-06,2026-08-06_191358_881488_1_R4_C2,4,200.0,2.625,6,holding,8,0.4647009000000004,-2508.0,0.20553902486311715,13970.0,0.8353602770034959
2026-08-06,2026-08-06_191358_881488_1_R4_C2,4,200.0,2.625,6,inter_cycle_dwell,30,1.9361196000000014,-241.0,-0.0014099046745454993,16069.0,-1.3535222202990665e-06
2026-08-06,2026-08-06_191358_881488_1_R4_C2,4,200.0,2.625,7,holding,7,0.3998998,2283.0,0.12043354880705304,15535.0,0.8389021065103608
2026-08-06,2026-08-06_191358_881488_1_R4_C2,4,200.0,2.625,7,inter_cycle_dwell,30,1.9361535999999973,3627.0,-0.003338525998440301,17380.0,-0.00025028086095135044
2026-08-06,2026-08-06_191358_881488_1_R4_C2,4,200.0,2.625,8,holding,7,0.4003715999999997,3734.0,0.15206650795643695,16830.0,0.8350887081791906
2026-08-06,2026-08-06_191358_881488_1_R4_C2,4,200.0,2.625,8,inter_cycle_dwell,30,1.9203629999999947,-2283.0,-0.0030426907575094985,14526.0,-0.0008959759945979494
2026-08-06,2026-08-06_191358_881488_1_R4_C2,4,200.0,2.625,9,holding,8,0.4638926000000012,-5228.0,0.22161760392628727,10263.0,0.8464827184222802
2026-08-06,2026-08-06_191358_881488_1_R4_C2,4,200.0,2.625,9,inter_cycle_dwell,30,1.9373940999999988,-13.0,-0.0025410534506263016,14390.0,-0.00032017703978529967
2026-08-06,2026-08-06_191358_881488_1_R4_C2,4,200.0,2.625,10,holding,7,0.40038359999999784,369.0,0.14204604251337705,15855.0,0.840032103527731
2026-08-06,2026-08-06_191358_881488_1_R4_C2,4,200.0,2.625,10,inter_cycle_dwell,30,1.9430110999999997,-2304.0,-0.0035694254142560004,14280.0,-0.0007725161748519498
2026-08-06,2026-08-06_191358_881488_1_R4_C2,4,200.0,2.625,11,holding,7,0.4003244999999964,2314.0,0.1629524016349193,14951.0,0.8421395559585658
2026-08-06,2026-08-06_191358_881488_1_R4_C2,4,200.0,2.625,11,inter_cycle_dwell,30,1.9358646000000022,-234.0,-0.0010280567228685006,18307.0,-1.6765924653199676e-05
2026-08-06,2026-08-06_191358_881488_1_R4_C2,4,200.0,2.625,12,holding,8,0.464072299999998,-689.0,0.19933255437037245,14731.0,0.921622531239635
2026-08-06,2026-08-06_191358_881488_1_R4_C2,4,200.0,2.625,12,inter_cycle_dwell,30,1.9358713000000023,6129.0,-0.0042254380857651,17264.0,-0.0015146977895621003
2026-08-06,2026-08-06_191358_881488_1_R4_C2,4,200.0,2.625,13,holding,8,0.46924210000000244,553.0,0.26490324735105564,18328.0,0.8978651334608174
2026-08-06,2026-08-06_191358_881488_1_R4_C2,4,200.0,2.625,13,inter_cycle_dwell,30,1.934803500000001,-4635.0,-0.0051373478411819,13676.0,-0.0008638257208391995
2026-08-06,2026-08-06_191358_881488_1_R4_C2,4,200.0,2.625,14,holding,7,0.3998296000000039,-2547.0,0.1554582814746297,12911.0,0.8903977024817954
2026-08-06,2026-08-06_191358_881488_1_R4_C2,4,200.0,2.625,14,inter_cycle_dwell,30,1.9358481000000012,-3493.0,-0.0033070684831759,14832.0,-0.0010853915740798494
2026-08-06,2026-08-06_191358_881488_1_R4_C2,4,200.0,2.625,15,holding,8,0.4641778999999957,-807.0,0.1876173045894135,14274.0,0.8864943593990491
2026-08-06,2026-08-06_191358_881488_1_R4_C2,4,200.0,2.625,15,inter_cycle_dwell,30,1.9403319000000039,-4913.0,-0.0041358919123423,13416.0,-0.0006006275636998501
2026-08-06,2026-08-06_191358_881488_1_R4_C2,4,200.0,2.625,16,holding,7,0.401369399999993,837.0,0.15635958973435904,16953.0,0.9018110418924078
2026-08-06,2026-08-06_191358_881488_1_R4_C2,4,200.0,2.625,16,inter_cycle_dwell,31,1.9971109000000098,-2252.0,-0.005827387595299399,14758.0,-0.0008669325698291985
2026-08-06,2026-08-06_191358_881488_1_R4_C2,4,200.0,2.625,17,holding,7,0.3992398000000037,-1455.0,0.17916238594542377,14584.0,0.902118459283703
2026-08-06,2026-08-06_191358_881488_1_R4_C2,4,200.0,2.625,17,inter_cycle_dwell,30,1.9360257000000018,-1888.0,-0.003383400555519299,16911.0,-0.000546849156900649
2026-08-06,2026-08-06_191358_881488_1_R4_C2,4,200.0,2.625,18,holding,8,0.463998200000006,-2959.0,0.22185662895010827,12447.0,0.8930258669451044
2026-08-06,2026-08-06_191358_881488_1_R4_C2,4,200.0,2.625,18,inter_cycle_dwell,30,1.9339537000000036,503.0,-0.0047024193164286006,17453.0,-0.0009270589471813001
2026-08-06,2026-08-06_191358_881488_1_R4_C2,4,200.0,2.625,19,holding,7,0.4000838999999985,-1775.0,0.15943363561540347,14537.0,0.8923527722734984
2026-08-06,2026-08-06_191358_881488_1_R4_C2,4,200.0,2.625,19,inter_cycle_dwell,31,1.990650599999995,1984.0,-0.0065296071302488,15945.0,-0.0001626604175719009
2026-08-06,2026-08-06_191358_881488_1_R4_C2,4,200.0,2.625,20,holding,8,0.46405350000000567,5425.0,0.18849957034057785,20369.0,0.9009176632184532
2026-08-06,2026-08-06_192118_888808_1_R4_C3,4,200.0,3.5,1,holding,7,0.39978369999999996,-1738.0,0.20512921613776625,13909.0,1.609505621325687
2026-08-06,2026-08-06_192118_888808_1_R4_C3,4,200.0,3.5,1,inter_cycle_dwell,45,2.9282571000000006,-1063.0,-0.0046668812044663435,14363.0,-0.0005832715564734437
2026-08-06,2026-08-06_192118_888808_1_R4_C3,4,200.0,3.5,2,holding,8,0.4637544000000009,-586.0,0.3114730710995999,13120.0,1.614644185004891
2026-08-06,2026-08-06_192118_888808_1_R4_C3,4,200.0,3.5,2,inter_cycle_dwell,45,2.9280654000000013,-2775.0,-0.0034265109848480206,15638.0,-0.0005216155681175001
2026-08-06,2026-08-06_192118_888808_1_R4_C3,4,200.0,3.5,3,holding,7,0.409656,-7774.0,0.19099485908576908,11080.0,1.6978930031736787
2026-08-06,2026-08-06_192118_888808_1_R4_C3,4,200.0,3.5,3,inter_cycle_dwell,45,2.9279474000000008,271.0,-0.0235832882663492,15206.0,2.7896414022800004e-05
2026-08-06,2026-08-06_192118_888808_1_R4_C3,4,200.0,3.5,4,holding,7,0.3998537999999989,-1558.0,0.37997084801418013,11630.0,2.265240490700228
2026-08-06,2026-08-06_192118_888808_1_R4_C3,4,200.0,3.5,4,inter_cycle_dwell,45,2.9438666999999974,5155.0,-0.013963235144346402,15814.0,0.0007926009133087998
2026-08-06,2026-08-06_192118_888808_1_R4_C3,4,200.0,3.5,5,holding,8,0.4648003999999979,-510.0,0.4760476596065568,13728.0,2.2958854981059367
2026-08-06,2026-08-06_192118_888808_1_R4_C3,4,200.0,3.5,5,inter_cycle_dwell,45,2.944085000000001,-6585.0,-0.0622869319949521,10902.0,0.001498598357379699
2026-08-06,2026-08-06_192118_888808_1_R4_C3,4,200.0,3.5,6,holding,7,0.3994077000000047,-2823.0,0.43486424863747253,10737.0,2.2709908748455985
2026-08-06,2026-08-06_192118_888808_1_R4_C3,4,200.0,3.5,6,inter_cycle_dwell,45,2.927989799999999,4959.0,-0.025158710862045405,18366.0,0.0010717468135915988
2026-08-06,2026-08-06_192118_888808_1_R4_C3,4,200.0,3.5,7,holding,8,0.46389369999999985,1361.0,0.562069830070274,15715.0,2.224334325859062
2026-08-06,2026-08-06_192118_888808_1_R4_C3,4,200.0,3.5,7,inter_cycle_dwell,45,2.9279796000000005,-1762.0,-0.0435535137296431,16311.0,0.0022247657459264006
2026-08-06,2026-08-06_192118_888808_1_R4_C3,4,200.0,3.5,8,holding,7,0.3992065999999994,5851.0,0.395079570561895,18548.0,2.2765976983407867
2026-08-06,2026-08-06_192118_888808_1_R4_C3,4,200.0,3.5,8,inter_cycle_dwell,44,2.8792760999999985,-5090.0,-0.0225422724180381,12899.0,0.002798703775753149
2026-08-06,2026-08-06_192118_888808_1_R4_C3,4,200.0,3.5,9,holding,8,0.46403959999999955,-2094.0,0.5041858684094225,13163.0,2.2491054181844397
2026-08-06,2026-08-06_192118_888808_1_R4_C3,4,200.0,3.5,9,inter_cycle_dwell,45,2.9443973999999997,1642.0,-0.0393353975255967,16415.0,0.0022050718356421
2026-08-06,2026-08-06_192118_888808_1_R4_C3,4,200.0,3.5,10,holding,8,0.4642975000000007,-4620.0,0.6754636283675977,9883.0,2.256713785011336
2026-08-06,2026-08-06_192118_888808_1_R4_C3,4,200.0,3.5,10,inter_cycle_dwell,45,2.9319387999999975,1691.0,-0.055633923654747,16401.0,0.0015689094236361004
2026-08-06,2026-08-06_192118_888808_1_R4_C3,4,200.0,3.5,11,holding,7,0.40110289999999793,1631.0,0.37673721638763635,13271.0,2.1396796217858194
2026-08-06,2026-08-06_192118_888808_1_R4_C3,4,200.0,3.5,11,inter_cycle_dwell,45,2.944010300000002,-3014.0,-0.0232128102087176,15038.0,0.0030311027140102
2026-08-06,2026-08-06_192118_888808_1_R4_C3,4,200.0,3.5,12,holding,8,0.46408669999999574,4578.0,0.5251567717099239,18362.0,2.164781061395106
2026-08-06,2026-08-06_192118_888808_1_R4_C3,4,200.0,3.5,12,inter_cycle_dwell,45,2.9378574999999927,-5478.0,-0.030695363397333607,11820.0,0.0017041367269967998
2026-08-06,2026-08-06_192118_888808_1_R4_C3,4,200.0,3.5,13,holding,8,0.4661755999999997,486.0,0.6037863855109824,11879.0,2.168350923208107
2026-08-06,2026-08-06_192118_888808_1_R4_C3,4,200.0,3.5,13,inter_cycle_dwell,44,2.861087100000006,329.0,-0.0104695654512153,13495.0,0.0010357279690048002
2026-08-06,2026-08-06_192118_888808_1_R4_C3,4,200.0,3.5,14,holding,7,0.400043299999993,-3072.0,0.49559557370567187,12102.0,2.1888160929747578
2026-08-06,2026-08-06_192118_888808_1_R4_C3,4,200.0,3.5,14,inter_cycle_dwell,45,2.9283742000000075,-3624.0,-0.0309151774541035,15283.0,0.0017791328748199
2026-08-06,2026-08-06_192118_888808_1_R4_C3,4,200.0,3.5,15,holding,8,0.4641692000000006,4121.0,0.5270011327398958,16840.0,2.073490247665389
2026-08-06,2026-08-06_192118_888808_1_R4_C3,4,200.0,3.5,15,inter_cycle_dwell,44,2.863888700000004,-4194.0,-0.011156688087728,13235.0,0.0009672390784508504
2026-08-06,2026-08-06_192118_888808_1_R4_C3,4,200.0,3.5,16,holding,8,0.4595649999999978,1382.0,0.44582335960309805,13711.0,2.1203648648687725
2026-08-06,2026-08-06_192118_888808_1_R4_C3,4,200.0,3.5,16,inter_cycle_dwell,45,2.946901199999999,3712.0,-0.0357608988080237,16888.0,0.002113024514963
2026-08-06,2026-08-06_192118_888808_1_R4_C3,4,200.0,3.5,17,holding,7,0.3966599999999971,3500.0,0.36283886091077244,15051.0,2.1523265638786206
2026-08-06,2026-08-06_192118_888808_1_R4_C3,4,200.0,3.5,17,inter_cycle_dwell,44,2.865969100000001,1258.0,-0.014339600193967801,15792.0,0.0019107114529640498
2026-08-06,2026-08-06_192118_888808_1_R4_C3,4,200.0,3.5,18,holding,7,0.40022749999999974,1719.0,0.4948429703390411,16268.0,2.1387958621107845
2026-08-06,2026-08-06_192118_888808_1_R4_C3,4,200.0,3.5,18,inter_cycle_dwell,45,2.9280477000000076,176.0,-0.027712216734995618,16129.0,-0.0005974168097828187
2026-08-06,2026-08-06_192118_888808_1_R4_C3,4,200.0,3.5,19,holding,8,0.4641374000000127,2130.0,0.4834549461617279,17053.0,2.020681299482208
2026-08-06,2026-08-06_192118_888808_1_R4_C3,4,200.0,3.5,19,inter_cycle_dwell,44,2.880463700000007,-3924.0,-0.0102539940538809,12669.0,0.00124530365859105
2026-08-06,2026-08-06_192118_888808_1_R4_C3,4,200.0,3.5,20,holding,8,0.46399040000000014,1200.0,0.41787513306364654,14482.0,2.0160173562625303
2026-08-06,2026-08-06_192659_980626_1_R4_C4,4,400.0,1.75,1,holding,7,0.4001881999999999,-2009.0,0.4015115177028018,14548.0,0.6621578397069341
2026-08-06,2026-08-06_192659_980626_1_R4_C4,4,400.0,1.75,1,inter_cycle_dwell,30,1.9196385999999999,-608.0,-0.12055430000276281,16508.0,-0.00036865507708420085
2026-08-06,2026-08-06_192659_980626_1_R4_C4,4,400.0,1.75,2,holding,8,0.4594327000000007,-4412.0,0.5000837193294587,12331.0,0.6185195291877564
2026-08-06,2026-08-06_192659_980626_1_R4_C4,4,400.0,1.75,2,inter_cycle_dwell,30,1.9403939000000001,-985.0,-0.13266111340480619,14740.0,-0.0018951180792811505
2026-08-06,2026-08-06_192659_980626_1_R4_C4,4,400.0,1.75,3,holding,7,0.4000330000000005,-92.0,0.2970028156888594,13275.0,0.6264426861774812
2026-08-06,2026-08-06_192659_980626_1_R4_C4,4,400.0,1.75,3,inter_cycle_dwell,30,1.935894300000001,309.0,-0.1208344723525041,16689.0,-0.0008688422138149986
2026-08-06,2026-08-06_192659_980626_1_R4_C4,4,400.0,1.75,4,holding,8,0.4640720999999992,1672.0,0.4667238506168758,15454.0,0.6034386350583912
2026-08-06,2026-08-06_192659_980626_1_R4_C4,4,400.0,1.75,4,inter_cycle_dwell,30,1.9366638999999992,515.0,-0.1020230545897424,15040.0,-0.0004964552142557501
2026-08-06,2026-08-06_192659_980626_1_R4_C4,4,400.0,1.75,5,holding,8,0.46457440000000005,-648.0,0.46824532867835184,14500.0,0.59844942760442
2026-08-06,2026-08-06_192659_980626_1_R4_C4,4,400.0,1.75,5,inter_cycle_dwell,30,1.9363475999999977,-1821.0,-0.12562277120871562,13470.0,-0.0002703543600423002
2026-08-06,2026-08-06_192659_980626_1_R4_C4,4,400.0,1.75,6,holding,8,0.47603579999999823,3650.0,0.487874660523228,17818.0,0.5998042264494237
2026-08-06,2026-08-06_192659_980626_1_R4_C4,4,400.0,1.75,6,inter_cycle_dwell,30,1.9395284000000004,1381.0,-0.1202586084646143,16006.0,-0.0002770933094686009
2026-08-06,2026-08-06_192659_980626_1_R4_C4,4,400.0,1.75,7,holding,7,0.3993840000000013,-5241.0,0.33696243877685483,13322.0,0.5927888245507321
2026-08-06,2026-08-06_192659_980626_1_R4_C4,4,400.0,1.75,7,inter_cycle_dwell,30,1.9358907999999992,888.0,-0.1059498992760089,16620.0,-0.0003494148147259509
2026-08-06,2026-08-06_192659_980626_1_R4_C4,4,400.0,1.75,8,holding,8,0.45902829999999994,1797.0,0.479813744500837,16793.0,0.6037940922559119
2026-08-06,2026-08-06_192659_980626_1_R4_C4,4,400.0,1.75,8,inter_cycle_dwell,30,1.9358956999999997,1955.0,-0.108731022726042,15866.0,-0.00022897865724839928
2026-08-06,2026-08-06_192659_980626_1_R4_C4,4,400.0,1.75,9,holding,8,0.46396560000000164,-1525.0,0.4426527244265993,12444.0,0.5958867945790832
2026-08-06,2026-08-06_192659_980626_1_R4_C4,4,400.0,1.75,9,inter_cycle_dwell,30,1.9343800000000009,-138.0,-0.0980418123370253,15823.0,-0.0010657557678198006
2026-08-06,2026-08-06_192659_980626_1_R4_C4,4,400.0,1.75,10,holding,8,0.46401110000000045,-5877.0,0.4689817606039508,12384.0,0.5956843527705036
2026-08-06,2026-08-06_192659_980626_1_R4_C4,4,400.0,1.75,10,inter_cycle_dwell,30,1.9362785000000002,-600.0,-0.2305006441484481,16007.0,-0.00014700417039835087
2026-08-06,2026-08-06_192659_980626_1_R4_C4,4,400.0,1.75,11,holding,8,0.46401300000000134,2197.0,0.44153812256554986,15772.0,0.5975922356893417
2026-08-06,2026-08-06_192659_980626_1_R4_C4,4,400.0,1.75,11,inter_cycle_dwell,31,1.9957124999999962,196.0,-0.2249540511601013,16740.0,-9.870948725679979e-05
2026-08-06,2026-08-06_192659_980626_1_R4_C4,4,400.0,1.75,12,holding,8,0.46404420000000357,1598.0,0.40496121038492844,11762.0,0.5849475112754456
2026-08-06,2026-08-06_192659_980626_1_R4_C4,4,400.0,1.75,12,inter_cycle_dwell,30,1.9405921999999975,-1381.0,-0.20341658733279738,13811.0,-0.0013813470689120495
2026-08-06,2026-08-06_192659_980626_1_R4_C4,4,400.0,1.75,13,holding,8,0.48381450000000115,2462.0,0.4514418811581619,15964.0,0.5914780189430499
2026-08-06,2026-08-06_192659_980626_1_R4_C4,4,400.0,1.75,13,inter_cycle_dwell,30,1.9358800999999985,-6384.0,-0.22706451690723628,16508.0,-0.0007366877922044511
2026-08-06,2026-08-06_192659_980626_1_R4_C4,4,400.0,1.75,14,holding,8,0.46390799999999643,10.0,0.45654270105534034,15281.0,0.6136580980972398
2026-08-06,2026-08-06_192659_980626_1_R4_C4,4,400.0,1.75,14,inter_cycle_dwell,29,1.852943400000001,442.0,-0.055158671285832295,16850.0,-0.00021270608536650033
2026-08-06,2026-08-06_192659_980626_1_R4_C4,4,400.0,1.75,15,holding,8,0.4638555000000011,-1059.0,0.42235088578278124,13973.0,0.5973790099117793
2026-08-06,2026-08-06_192659_980626_1_R4_C4,4,400.0,1.75,15,inter_cycle_dwell,30,1.9360104000000007,380.0,-0.2120127999269553,19148.0,-0.0009190575266766511
2026-08-06,2026-08-06_192659_980626_1_R4_C4,4,400.0,1.75,16,holding,7,0.4163668999999999,1577.0,0.4120286709003981,16287.0,0.598768435645998
2026-08-06,2026-08-06_192659_980626_1_R4_C4,4,400.0,1.75,16,inter_cycle_dwell,30,1.9360015000000033,3922.0,-0.1657379730397368,19354.0,-0.0011122780883872502
2026-08-06,2026-08-06_192659_980626_1_R4_C4,4,400.0,1.75,17,holding,7,0.4003134000000017,123.0,0.36230854282133484,14746.0,0.6118190832202756
2026-08-06,2026-08-06_192659_980626_1_R4_C4,4,400.0,1.75,17,inter_cycle_dwell,30,1.9365299000000036,-3429.0,-0.1501847984210791,13086.0,-0.00024817847129825037
2026-08-06,2026-08-06_192659_980626_1_R4_C4,4,400.0,1.75,18,holding,7,0.40033280000000104,1323.0,0.33538691758654016,13918.0,0.6538113730852513
2026-08-06,2026-08-06_192659_980626_1_R4_C4,4,400.0,1.75,18,inter_cycle_dwell,30,1.936065500000005,574.0,-0.1870678032321479,15994.0,-0.0012522477887316995
2026-08-06,2026-08-06_192659_980626_1_R4_C4,4,400.0,1.75,19,holding,7,0.39991640000000217,2202.0,0.30923387459432966,16420.0,0.6556674349621167
2026-08-06,2026-08-06_192659_980626_1_R4_C4,4,400.0,1.75,19,inter_cycle_dwell,30,1.9332298999999935,222.0,-0.13419258372477721,12642.0,-0.0012253507679855502
2026-08-06,2026-08-06_192659_980626_1_R4_C4,4,400.0,1.75,20,holding,8,0.46388220000000047,319.0,0.47579546895703984,15058.0,0.6464560217248807
2026-08-06,2026-08-06_192914_525462_1_R4_C5,4,400.0,2.625,1,holding,7,0.39997550000000004,1249.0,0.44937022279991745,12030.0,1.1843684328218314
2026-08-06,2026-08-06_192914_525462_1_R4_C5,4,400.0,2.625,1,inter_cycle_dwell,45,2.9443804,4634.0,-0.202343752817477,20760.0,-0.0009132404816023024
2026-08-06,2026-08-06_192914_525462_1_R4_C5,4,400.0,2.625,2,holding,7,0.40006569999999986,-1748.0,0.41965411465269054,15841.0,1.1307964172893439
2026-08-06,2026-08-06_192914_525462_1_R4_C5,4,400.0,2.625,2,inter_cycle_dwell,45,2.9441173999999997,3075.0,-0.1809024291985144,19690.0,-0.00017892991921169762
2026-08-06,2026-08-06_192914_525462_1_R4_C5,4,400.0,2.625,3,holding,7,0.4028697000000001,-1157.0,0.42094525901550994,13272.0,1.135577524088157
2026-08-06,2026-08-06_192914_525462_1_R4_C5,4,400.0,2.625,3,inter_cycle_dwell,45,2.9440963,5506.0,-0.2025687906077486,17249.0,0.00020996621121300088
2026-08-06,2026-08-06_192914_525462_1_R4_C5,4,400.0,2.625,4,holding,7,0.4048954000000009,760.0,0.4118765963910713,19419.0,1.1358599942854886
2026-08-06,2026-08-06_192914_525462_1_R4_C5,4,400.0,2.625,4,inter_cycle_dwell,45,2.9307993000000003,-1751.0,-0.1619840535127264,13434.0,-0.00011665770408059856
2026-08-06,2026-08-06_192914_525462_1_R4_C5,4,400.0,2.625,5,holding,7,0.4016653000000012,-3647.0,0.40386477167840595,14299.0,1.1451215974090592
2026-08-06,2026-08-06_192914_525462_1_R4_C5,4,400.0,2.625,5,inter_cycle_dwell,45,2.9300776000000006,-4617.0,-0.1724553931989115,15061.0,-0.0003700346602624992
2026-08-06,2026-08-06_192914_525462_1_R4_C5,4,400.0,2.625,6,holding,7,0.3999522000000013,331.0,0.3811111648979705,12536.0,1.1202028605199654
2026-08-06,2026-08-06_192914_525462_1_R4_C5,4,400.0,2.625,6,inter_cycle_dwell,45,2.926053399999997,606.0,-0.165279264194769,16115.0,-0.0003328695892375992
2026-08-06,2026-08-06_192914_525462_1_R4_C5,4,400.0,2.625,7,holding,7,0.4002555000000001,1461.0,0.37445730459840876,14581.0,1.1223069305304882
2026-08-06,2026-08-06_192914_525462_1_R4_C5,4,400.0,2.625,7,inter_cycle_dwell,45,2.927841100000002,-3983.0,-0.1563576352502232,11531.0,-0.0008307329667566997
2026-08-06,2026-08-06_192914_525462_1_R4_C5,4,400.0,2.625,8,holding,7,0.40223850000000283,-1220.0,0.3523830587709662,14327.0,1.1058973127432747
2026-08-06,2026-08-06_192914_525462_1_R4_C5,4,400.0,2.625,8,inter_cycle_dwell,45,2.9279914999999974,4206.0,-0.1394629889450077,18528.0,-0.0005974041738888991
2026-08-06,2026-08-06_192914_525462_1_R4_C5,4,400.0,2.625,9,holding,7,0.4002771000000038,-1476.0,0.34966336249928864,11505.0,1.0941950333697033
2026-08-06,2026-08-06_192914_525462_1_R4_C5,4,400.0,2.625,9,inter_cycle_dwell,45,2.927921099999999,1823.0,-0.1366094883025415,17263.0,0.0001056743573373993
2026-08-06,2026-08-06_192914_525462_1_R4_C5,4,400.0,2.625,10,holding,7,0.3998063000000016,574.0,0.34391931073975923,17648.0,1.0871553955857989
2026-08-06,2026-08-06_192914_525462_1_R4_C5,4,400.0,2.625,10,inter_cycle_dwell,45,2.927476300000002,-2581.0,-0.1282349157708386,15159.0,-0.0003760439649026018
2026-08-06,2026-08-06_192914_525462_1_R4_C5,4,400.0,2.625,11,holding,8,0.46418400000000304,1021.0,0.5535391036591497,13635.0,1.0737866859150356
2026-08-06,2026-08-06_192914_525462_1_R4_C5,4,400.0,2.625,11,inter_cycle_dwell,45,2.9283572000000007,2443.0,-0.09695009977858682,18101.0,-0.0004675200938909982
2026-08-06,2026-08-06_192914_525462_1_R4_C5,4,400.0,2.625,12,holding,8,0.46393830000000236,1180.0,0.4832900173806073,15756.0,1.0603373942759906
2026-08-06,2026-08-06_192914_525462_1_R4_C5,4,400.0,2.625,12,inter_cycle_dwell,45,2.9281071999999995,-1217.0,-0.08478965121888961,15535.0,-0.0007828259180411995
2026-08-06,2026-08-06_192914_525462_1_R4_C5,4,400.0,2.625,13,holding,8,0.46214599999999706,2007.0,0.4542525466771583,16861.0,1.0577954674892023
2026-08-06,2026-08-06_192914_525462_1_R4_C5,4,400.0,2.625,13,inter_cycle_dwell,45,2.9437745000000035,-1209.0,-0.1169340973815505,15629.0,-0.0003711665671294988
2026-08-06,2026-08-06_192914_525462_1_R4_C5,4,400.0,2.625,14,holding,7,0.3997351000000009,1921.0,0.3309371048768148,16815.0,1.0564486112984415
2026-08-06,2026-08-06_192914_525462_1_R4_C5,4,400.0,2.625,14,inter_cycle_dwell,45,2.943824300000003,-2186.0,-0.160176340280342,14733.0,-0.0009075247365225025
2026-08-06,2026-08-06_192914_525462_1_R4_C5,4,400.0,2.625,15,holding,7,0.4042114000000083,-350.0,0.3441437587927453,13430.0,1.0593173182665392
2026-08-06,2026-08-06_192914_525462_1_R4_C5,4,400.0,2.625,15,inter_cycle_dwell,45,2.9438504000000023,1451.0,-0.15101994667982283,16953.0,0.00032554940283750083
2026-08-06,2026-08-06_192914_525462_1_R4_C5,4,400.0,2.625,16,holding,7,0.4063428999999985,-39.0,0.339131717066272,14375.0,1.0693732859282181
2026-08-06,2026-08-06_192914_525462_1_R4_C5,4,400.0,2.625,16,inter_cycle_dwell,45,2.9439335,3671.0,-0.16768850388493028,17203.0,-0.0004680324102073023
2026-08-06,2026-08-06_192914_525462_1_R4_C5,4,400.0,2.625,17,holding,7,0.4158364999999975,-2485.0,0.38355346867161755,13848.0,1.0664524564277125
2026-08-06,2026-08-06_192914_525462_1_R4_C5,4,400.0,2.625,17,inter_cycle_dwell,45,2.9438150000000007,-4490.0,-0.1608368990461488,12894.0,-0.00045170044384910263
2026-08-06,2026-08-06_192914_525462_1_R4_C5,4,400.0,2.625,18,holding,7,0.4001394000000005,1077.0,0.38090092823989796,15288.0,1.073287924509408
2026-08-06,2026-08-06_192914_525462_1_R4_C5,4,400.0,2.625,18,inter_cycle_dwell,45,2.9438803000000036,-684.0,-0.1500364258102496,17061.0,-0.0010732485061882013
2026-08-06,2026-08-06_192914_525462_1_R4_C5,4,400.0,2.625,19,holding,7,0.3996583000000129,-1766.0,0.37191076667208445,14219.0,1.0763094232486632
2026-08-06,2026-08-06_192914_525462_1_R4_C5,4,400.0,2.625,19,inter_cycle_dwell,45,2.9446417999999994,6425.0,-0.1467521488109734,19694.0,-0.0004532325459637998
2026-08-06,2026-08-06_192914_525462_1_R4_C5,4,400.0,2.625,20,holding,7,0.40023519999999735,843.0,0.3580409766711795,18418.0,1.0704103709569681
2026-08-06,2026-08-06_193335_273481_1_R4_C6,4,400.0,3.5,1,holding,7,0.41640199999999994,1372.0,0.41373933304154553,15475.0,1.636458929388127
2026-08-06,2026-08-06_193335_273481_1_R4_C6,4,400.0,3.5,1,inter_cycle_dwell,45,2.9276258,4513.0,-0.044135779569094896,19406.0,-0.0009238434163778009
2026-08-06,2026-08-06_193335_273481_1_R4_C6,4,400.0,3.5,2,holding,7,0.3999701,-3581.0,0.414461151038787,8454.0,1.6172429649932738
2026-08-06,2026-08-06_193335_273481_1_R4_C6,4,400.0,3.5,2,inter_cycle_dwell,45,2.9395246999999998,-4059.0,-0.053215355455814406,14046.0,-0.0008482136307609023
2026-08-06,2026-08-06_193335_273481_1_R4_C6,4,400.0,3.5,3,holding,7,0.3999385000000011,-1855.0,0.38850199472367763,12383.0,1.5858988059359471
2026-08-06,2026-08-06_193335_273481_1_R4_C6,4,400.0,3.5,3,inter_cycle_dwell,45,2.9296273,-846.0,-0.0497430826868039,14495.0,-0.00010279678223770045
2026-08-06,2026-08-06_193335_273481_1_R4_C6,4,400.0,3.5,4,holding,7,0.39969219999999694,-4902.0,0.4383000673156934,11478.0,1.572244478720185
2026-08-06,2026-08-06_193335_273481_1_R4_C6,4,400.0,3.5,4,inter_cycle_dwell,45,2.9440728000000007,-3778.0,-0.0742626937034819,14717.0,-0.0007281138415009998
2026-08-06,2026-08-06_193335_273481_1_R4_C6,4,400.0,3.5,5,holding,7,0.3999091000000021,-2299.0,0.47928301476684587,11039.0,1.582303078132565
2026-08-06,2026-08-06_193335_273481_1_R4_C6,4,400.0,3.5,5,inter_cycle_dwell,45,2.9437803000000002,-1422.0,-0.0809517314161157,14828.0,-0.0008725059472942005
2026-08-06,2026-08-06_193335_273481_1_R4_C6,4,400.0,3.5,6,holding,7,0.4006300999999972,5798.0,0.49604245793052226,16087.0,1.7137179129764142
2026-08-06,2026-08-06_193335_273481_1_R4_C6,4,400.0,3.5,6,inter_cycle_dwell,45,2.927787600000002,4050.0,-0.0985573017192413,16319.0,-0.0015248342311321005
2026-08-06,2026-08-06_193335_273481_1_R4_C6,4,400.0,3.5,7,holding,7,0.3997516999999995,565.0,0.5158582504045537,14261.0,1.687297769452818
2026-08-06,2026-08-06_193335_273481_1_R4_C6,4,400.0,3.5,7,inter_cycle_dwell,45,2.9436943999999983,-4317.0,-0.1117743971945218,11335.0,-0.0006184102397771979
2026-08-06,2026-08-06_193335_273481_1_R4_C6,4,400.0,3.5,8,holding,7,0.3999562999999995,6458.0,0.5424489526469065,16598.0,1.7357750992043068
2026-08-06,2026-08-06_193335_273481_1_R4_C6,4,400.0,3.5,8,inter_cycle_dwell,45,2.9280132000000023,-975.0,-0.1130988809561688,13957.0,-0.0004178218707052983
2026-08-06,2026-08-06_193335_273481_1_R4_C6,4,400.0,3.5,9,holding,7,0.400127899999994,-383.0,0.7396012263608598,14349.0,2.1272833884358393
2026-08-06,2026-08-06_193335_273481_1_R4_C6,4,400.0,3.5,9,inter_cycle_dwell,45,2.9279967000000013,-1057.0,-0.165163988130341,14307.0,-0.0001855007125071001
2026-08-06,2026-08-06_193335_273481_1_R4_C6,4,400.0,3.5,10,holding,8,0.4639386999999999,-3183.0,0.7377988674572307,13189.0,2.086234264716238
2026-08-06,2026-08-06_193335_273481_1_R4_C6,4,400.0,3.5,10,inter_cycle_dwell,45,2.944597299999998,5390.0,-0.2093168079190062,15914.0,-0.0011305784863546997
2026-08-06,2026-08-06_193335_273481_1_R4_C6,4,400.0,3.5,11,holding,8,0.464091499999995,-3478.0,0.6984574406215909,13871.0,2.0779184857284
2026-08-06,2026-08-06_193335_273481_1_R4_C6,4,400.0,3.5,11,inter_cycle_dwell,45,2.928270900000001,7588.0,-0.2168847738653262,18539.0,-0.0015656815852745
2026-08-06,2026-08-06_193335_273481_1_R4_C6,4,400.0,3.5,12,holding,7,0.40004280000000136,4206.0,0.7890281190581323,14855.0,2.085669372189059
2026-08-06,2026-08-06_193335_273481_1_R4_C6,4,400.0,3.5,12,inter_cycle_dwell,45,2.9438061000000033,2767.0,-0.2283830996970333,17013.0,-0.0002841283116773001
2026-08-06,2026-08-06_193335_273481_1_R4_C6,4,400.0,3.5,13,holding,7,0.39983900000000006,-5282.0,0.7152558281203536,12065.0,2.126511846103875
2026-08-06,2026-08-06_193335_273481_1_R4_C6,4,400.0,3.5,13,inter_cycle_dwell,45,2.9426343000000017,534.0,-0.1942486637791902,12554.0,-0.0006585256617438993
2026-08-06,2026-08-06_193335_273481_1_R4_C6,4,400.0,3.5,14,holding,7,0.39972040000000675,-3965.0,0.6778334933724584,12865.0,2.1846981464185897
2026-08-06,2026-08-06_193335_273481_1_R4_C6,4,400.0,3.5,14,inter_cycle_dwell,45,2.928198100000003,-315.0,-0.1778585348385641,17700.0,-0.0006652120342233985
2026-08-06,2026-08-06_193335_273481_1_R4_C6,4,400.0,3.5,15,holding,7,0.4004796999999911,894.0,0.6821038055160005,15919.0,2.129205829846792
2026-08-06,2026-08-06_193335_273481_1_R4_C6,4,400.0,3.5,15,inter_cycle_dwell,45,2.9438148999999925,859.0,-0.184307762403869,16692.0,-0.0013827897928465008
2026-08-06,2026-08-06_193335_273481_1_R4_C6,4,400.0,3.5,16,holding,7,0.4005810999999966,1063.0,0.6731900460920033,12135.0,2.1445306796204133
2026-08-06,2026-08-06_193335_273481_1_R4_C6,4,400.0,3.5,16,inter_cycle_dwell,45,2.928048099999998,2645.0,-0.19424072989638702,19359.0,-0.0011172581302106993
2026-08-06,2026-08-06_193335_273481_1_R4_C6,4,400.0,3.5,17,holding,7,0.4010680000000093,359.0,0.7890593971314335,15120.0,2.175211904227525
2026-08-06,2026-08-06_193335_273481_1_R4_C6,4,400.0,3.5,17,inter_cycle_dwell,45,2.9281577,-1742.0,-0.19123495807355012,16409.0,-0.001221638648946
2026-08-06,2026-08-06_193335_273481_1_R4_C6,4,400.0,3.5,18,holding,8,0.46385260000000983,-2655.0,0.7837837178835705,11769.0,2.1158727996052282
2026-08-06,2026-08-06_193335_273481_1_R4_C6,4,400.0,3.5,18,inter_cycle_dwell,45,2.938927300000003,-1040.0,-0.2071543475387046,14501.0,-0.0014783308286460007
2026-08-06,2026-08-06_193335_273481_1_R4_C6,4,400.0,3.5,19,holding,7,0.40002060000000483,-5135.0,0.7480155901598582,12076.0,2.1326370343339187
2026-08-06,2026-08-06_193335_273481_1_R4_C6,4,400.0,3.5,19,inter_cycle_dwell,45,2.9305109000000016,2703.0,-0.17344068232903062,17655.0,-0.0006829960619559004
2026-08-06,2026-08-06_193335_273481_1_R4_C6,4,400.0,3.5,20,holding,7,0.3999919000000034,149.0,0.7779636830183108,15890.0,2.096001308263067
2026-08-06,2026-08-06_193621_292128_1_R4_C7,4,600.0,1.75,1,holding,8,0.46798850000000014,2014.0,0.4381436484259554,14294.0,0.4560860784217466
2026-08-06,2026-08-06_193621_292128_1_R4_C7,4,600.0,1.75,1,inter_cycle_dwell,30,1.9359693,2484.0,-0.1294837188433341,16513.0,-8.451348895095051e-05
2026-08-06,2026-08-06_193621_292128_1_R4_C7,4,600.0,1.75,2,holding,8,0.4642470999999997,3302.0,0.4081541327836074,15732.0,0.44260959305339576
2026-08-06,2026-08-06_193621_292128_1_R4_C7,4,600.0,1.75,2,inter_cycle_dwell,30,1.9356763,3144.0,-0.0982643341703352,17132.0,-0.00027522722069704686
2026-08-06,2026-08-06_193621_292128_1_R4_C7,4,600.0,1.75,3,holding,8,0.46422199999999947,2355.0,0.3987519055976839,16068.0,0.4417209855397733
2026-08-06,2026-08-06_193621_292128_1_R4_C7,4,600.0,1.75,3,inter_cycle_dwell,30,1.936089299999999,-981.0,-0.1376693536159323,15698.0,-0.0009151026963151489
2026-08-06,2026-08-06_193621_292128_1_R4_C7,4,600.0,1.75,4,holding,7,0.4000336999999998,-567.0,0.3622248628694051,13299.0,0.44948858872924435
2026-08-06,2026-08-06_193621_292128_1_R4_C7,4,600.0,1.75,4,inter_cycle_dwell,30,1.9357977999999996,3875.0,-0.2222170388230798,19933.0,-0.001112875099330498
2026-08-06,2026-08-06_193621_292128_1_R4_C7,4,600.0,1.75,5,holding,8,0.46497910000000076,2114.0,0.3836591913325913,14511.0,0.4553276503320004
2026-08-06,2026-08-06_193621_292128_1_R4_C7,4,600.0,1.75,5,inter_cycle_dwell,31,1.9999137999999999,-341.0,-0.2363742670144739,15505.0,-1.4997505035987957e-06
2026-08-06,2026-08-06_193621_292128_1_R4_C7,4,600.0,1.75,6,holding,8,0.4637791999999976,-616.0,0.40505048676523475,14778.0,0.44593408035883986
2026-08-06,2026-08-06_193621_292128_1_R4_C7,4,600.0,1.75,6,inter_cycle_dwell,30,1.9360000000000035,5692.0,-0.1519583466071918,19034.0,-0.0008355893592912021
2026-08-06,2026-08-06_193621_292128_1_R4_C7,4,600.0,1.75,7,holding,8,0.46445509999999857,2507.0,0.43751340646156334,16191.0,0.4558801687367188
2026-08-06,2026-08-06_193621_292128_1_R4_C7,4,600.0,1.75,7,inter_cycle_dwell,30,1.9366571000000015,-5860.0,-0.12277368505003051,11083.0,-0.0001446302105532031
2026-08-06,2026-08-06_193621_292128_1_R4_C7,4,600.0,1.75,8,holding,7,0.399913999999999,913.0,0.3370761727747703,16663.0,0.4516161891190946
2026-08-06,2026-08-06_193621_292128_1_R4_C7,4,600.0,1.75,8,inter_cycle_dwell,30,1.9406617999999973,-982.0,-0.17043316621343801,15838.0,-0.000840230090651449
2026-08-06,2026-08-06_193621_292128_1_R4_C7,4,600.0,1.75,9,holding,7,0.40015989999999846,121.0,0.3784659492382385,14507.0,0.46211718421501774
2026-08-06,2026-08-06_193621_292128_1_R4_C7,4,600.0,1.75,9,inter_cycle_dwell,30,1.9383969999999984,1196.0,-0.2242006288146137,15785.0,4.1390876774748814e-05
2026-08-06,2026-08-06_193621_292128_1_R4_C7,4,600.0,1.75,10,holding,7,0.4158701000000029,-1307.0,0.48096168527290106,12786.0,0.5403277466139635
2026-08-06,2026-08-06_193621_292128_1_R4_C7,4,600.0,1.75,10,inter_cycle_dwell,30,1.9360530000000011,727.0,-0.4024361802763231,15453.0,-0.0008472695315878513
2026-08-06,2026-08-06_193621_292128_1_R4_C7,4,600.0,1.75,11,holding,8,0.4641301999999996,-1191.0,0.49811721405312187,14870.0,0.6036194620964994
2026-08-06,2026-08-06_193621_292128_1_R4_C7,4,600.0,1.75,11,inter_cycle_dwell,30,1.933967800000005,2487.0,-0.21442332355066868,14441.0,-0.0003436248775098988
2026-08-06,2026-08-06_193621_292128_1_R4_C7,4,600.0,1.75,12,holding,7,0.3999719999999982,-452.0,0.39485790760503103,14536.0,0.5964102756492414
2026-08-06,2026-08-06_193621_292128_1_R4_C7,4,600.0,1.75,12,inter_cycle_dwell,30,1.9384672999999992,3781.0,-0.2354537451591235,18467.0,-0.00037096959712904984
2026-08-06,2026-08-06_193621_292128_1_R4_C7,4,600.0,1.75,13,holding,7,0.3995875999999967,-1541.0,0.3869486169082131,13716.0,0.5964412177577909
2026-08-06,2026-08-06_193621_292128_1_R4_C7,4,600.0,1.75,13,inter_cycle_dwell,30,1.935852599999997,6027.0,-0.3019187813361148,19575.0,0.0008359486581549502
2026-08-06,2026-08-06_193621_292128_1_R4_C7,4,600.0,1.75,14,holding,8,0.46404770000000184,-1092.0,0.44769826080487046,12697.0,0.5743658770946739
2026-08-06,2026-08-06_193621_292128_1_R4_C7,4,600.0,1.75,14,inter_cycle_dwell,30,1.9360981000000024,-1246.0,-0.3210845257948465,18066.0,-0.0007287350458669017
2026-08-06,2026-08-06_193621_292128_1_R4_C7,4,600.0,1.75,15,holding,8,0.4762537000000009,-1380.0,0.5100192233245201,16064.0,0.5762860986324898
2026-08-06,2026-08-06_193621_292128_1_R4_C7,4,600.0,1.75,15,inter_cycle_dwell,31,1.9937936000000036,-1900.0,-0.3064568656196342,15805.0,-9.291547090600066e-05
2026-08-06,2026-08-06_193621_292128_1_R4_C7,4,600.0,1.75,16,holding,8,0.4626590999999962,2214.0,0.5436070774323294,16114.0,0.5963829252327641
2026-08-06,2026-08-06_193621_292128_1_R4_C7,4,600.0,1.75,16,inter_cycle_dwell,30,1.9359988000000001,-286.0,-0.2321113536779172,13567.0,2.8249150440098902e-05
2026-08-06,2026-08-06_193621_292128_1_R4_C7,4,600.0,1.75,17,holding,7,0.39986249999999757,-636.0,0.4245523591000079,13782.0,0.702286247731626
2026-08-06,2026-08-06_193621_292128_1_R4_C7,4,600.0,1.75,17,inter_cycle_dwell,30,1.9347161999999969,3746.0,-0.3069592167508158,19418.0,-0.0007068090692158475
2026-08-06,2026-08-06_193621_292128_1_R4_C7,4,600.0,1.75,18,holding,7,0.39360470000000447,3725.0,0.4291264612579078,15667.0,0.6503969737233533
2026-08-06,2026-08-06_193621_292128_1_R4_C7,4,600.0,1.75,18,inter_cycle_dwell,30,1.936335900000003,-4855.0,-0.33353658221159377,11519.0,-0.0018271238745826007
2026-08-06,2026-08-06_193621_292128_1_R4_C7,4,600.0,1.75,19,holding,8,0.45985689999999835,2140.0,0.4662613165370989,15008.0,0.6626940489680175
2026-08-06,2026-08-06_193621_292128_1_R4_C7,4,600.0,1.75,19,inter_cycle_dwell,30,1.9360418000000053,-3924.0,-0.4096641361127523,11291.0,-0.0009886861665924507
2026-08-06,2026-08-06_193621_292128_1_R4_C7,4,600.0,1.75,20,holding,8,0.4809932999999944,-627.0,0.5495010562858746,16509.0,0.7016139265099333
2026-08-06,2026-08-06_194249_708059_1_R4_C8,4,600.0,2.625,1,holding,7,0.4001018999999999,1181.0,0.48146313007986297,16069.0,0.9813307869646656
2026-08-06,2026-08-06_194249_708059_1_R4_C8,4,600.0,2.625,1,inter_cycle_dwell,45,2.9252778,5815.0,-0.135502245166681,18499.0,-0.0014471248962012982
2026-08-06,2026-08-06_194249_708059_1_R4_C8,4,600.0,2.625,2,holding,7,0.39694709999999933,1768.0,0.4766202070906186,17778.0,0.9550754488559879
2026-08-06,2026-08-06_194249_708059_1_R4_C8,4,600.0,2.625,2,inter_cycle_dwell,45,2.9475074,-1587.0,-0.15272493354526448,16304.0,-0.0011583790173815
2026-08-06,2026-08-06_194249_708059_1_R4_C8,4,600.0,2.625,3,holding,8,0.4642225999999994,3684.0,0.5276118436653771,15279.0,0.9640259868961247
2026-08-06,2026-08-06_194249_708059_1_R4_C8,4,600.0,2.625,3,inter_cycle_dwell,45,2.9283358999999987,-2392.0,-0.1705099534583889,15389.0,-0.0014837727910199001
2026-08-06,2026-08-06_194249_708059_1_R4_C8,4,600.0,2.625,4,holding,8,0.4641868999999996,192.0,0.5175669248825513,13191.0,0.9281318060185303
2026-08-06,2026-08-06_194249_708059_1_R4_C8,4,600.0,2.625,4,inter_cycle_dwell,45,2.9441342000000006,-360.0,-0.1893680037276704,18002.0,-0.0002564574347866007
2026-08-06,2026-08-06_194249_708059_1_R4_C8,4,600.0,2.625,5,holding,8,0.46403829999999857,-4063.0,0.6355112796173661,13652.0,0.9368811530364551
2026-08-06,2026-08-06_194249_708059_1_R4_C8,4,600.0,2.625,5,inter_cycle_dwell,45,2.927920699999998,-4646.0,-0.12990781966785112,15218.0,0.0
2026-08-06,2026-08-06_194249_708059_1_R4_C8,4,600.0,2.625,6,holding,7,0.39545439999999843,1204.0,0.3384494361787601,14535.0,0.9192697476905027
2026-08-06,2026-08-06_194249_708059_1_R4_C8,4,600.0,2.625,6,inter_cycle_dwell,45,2.943635200000003,268.0,-0.1891977707866293,19588.0,-0.00011156680498709826
2026-08-06,2026-08-06_194249_708059_1_R4_C8,4,600.0,2.625,7,holding,7,0.3999106000000019,2422.0,0.40950374285869073,19657.0,0.9476689815214399
2026-08-06,2026-08-06_194249_708059_1_R4_C8,4,600.0,2.625,7,inter_cycle_dwell,45,2.9432164000000007,-1057.0,-0.2715024321474607,15530.0,-0.0008661974127049006
2026-08-06,2026-08-06_194249_708059_1_R4_C8,4,600.0,2.625,8,holding,7,0.40005029999999664,-749.0,0.4152370889813015,14291.0,0.9067710973571241
2026-08-06,2026-08-06_194249_708059_1_R4_C8,4,600.0,2.625,8,inter_cycle_dwell,45,2.9283430999999993,-2550.0,-0.2518507793841267,13653.0,-0.000630053422837
2026-08-06,2026-08-06_194249_708059_1_R4_C8,4,600.0,2.625,9,holding,8,0.4641876000000025,-247.0,0.6751973908512081,14201.0,0.9244538804243096
2026-08-06,2026-08-06_194249_708059_1_R4_C8,4,600.0,2.625,9,inter_cycle_dwell,45,2.943970400000005,3309.0,-0.2546285428209635,16294.0,-0.0004339834623734995
2026-08-06,2026-08-06_194249_708059_1_R4_C8,4,600.0,2.625,10,holding,8,0.46378500000000145,-2737.0,0.6780121899875121,11599.0,0.9144339291468474
2026-08-06,2026-08-06_194249_708059_1_R4_C8,4,600.0,2.625,10,inter_cycle_dwell,45,2.9281302000000053,-3890.0,-0.1760192440273612,12001.0,-0.000541722676015502
2026-08-06,2026-08-06_194249_708059_1_R4_C8,4,600.0,2.625,11,holding,8,0.4629159999999999,-62.0,0.6031953274951726,14243.0,0.9345055802836321
2026-08-06,2026-08-06_194249_708059_1_R4_C8,4,600.0,2.625,11,inter_cycle_dwell,45,2.944429399999997,369.0,-0.1453586436672281,15219.0,-0.0009866869463620968
2026-08-06,2026-08-06_194249_708059_1_R4_C8,4,600.0,2.625,12,holding,8,0.45815130000000437,1398.0,0.5646421586677487,15401.0,0.9351223908430003
2026-08-06,2026-08-06_194249_708059_1_R4_C8,4,600.0,2.625,12,inter_cycle_dwell,45,2.928758700000003,1022.0,-0.100499098363316,17447.0,-0.0005361818411231019
2026-08-06,2026-08-06_194249_708059_1_R4_C8,4,600.0,2.625,13,holding,7,0.41588649999999916,3278.0,0.5710750298925737,14240.0,0.9155047816313866
2026-08-06,2026-08-06_194249_708059_1_R4_C8,4,600.0,2.625,13,inter_cycle_dwell,45,2.9439720999999963,-4326.0,-0.14074305529313932,14209.0,-0.0009579250464931029
2026-08-06,2026-08-06_194249_708059_1_R4_C8,4,600.0,2.625,14,holding,7,0.3905023000000014,623.0,0.4958466312393668,15680.0,0.9186904548519768
2026-08-06,2026-08-06_194249_708059_1_R4_C8,4,600.0,2.625,14,inter_cycle_dwell,44,2.8848377999999997,3656.0,-0.1271195199780819,15743.0,-0.0010811732323651492
2026-08-06,2026-08-06_194249_708059_1_R4_C8,4,600.0,2.625,15,holding,7,0.39881750000000693,-2729.0,0.4989286119163153,10217.0,0.9149134494521122
2026-08-06,2026-08-06_194249_708059_1_R4_C8,4,600.0,2.625,15,inter_cycle_dwell,45,2.9281699999999944,6692.0,-0.2234403467373403,20565.0,-5.238006437539855e-05
2026-08-06,2026-08-06_194249_708059_1_R4_C8,4,600.0,2.625,16,holding,7,0.4024453999999906,5234.0,0.4978018430199146,22195.0,0.9378775754864916
2026-08-06,2026-08-06_194249_708059_1_R4_C8,4,600.0,2.625,16,inter_cycle_dwell,45,2.943938199999991,3400.0,-0.1125231550050077,17484.0,-0.00010031584600550189
2026-08-06,2026-08-06_194249_708059_1_R4_C8,4,600.0,2.625,17,holding,8,0.46429229999999677,-3642.0,0.5273022186771745,13951.0,0.929691519264116
2026-08-06,2026-08-06_194249_708059_1_R4_C8,4,600.0,2.625,17,inter_cycle_dwell,45,2.9279426999999885,-804.0,-0.1153308177361525,15824.0,-8.058605631810004e-05
2026-08-06,2026-08-06_194249_708059_1_R4_C8,4,600.0,2.625,18,holding,8,0.4640463000000068,1981.0,0.5025145587935282,17647.0,0.9313517674973366
2026-08-06,2026-08-06_194249_708059_1_R4_C8,4,600.0,2.625,18,inter_cycle_dwell,45,2.948553799999999,1803.0,-0.1127626266212937,15123.0,-0.0003584483701044999
2026-08-06,2026-08-06_194249_708059_1_R4_C8,4,600.0,2.625,19,holding,7,0.3997056000000043,504.0,0.5460256542853685,15625.0,0.9257811379036316
2026-08-06,2026-08-06_194249_708059_1_R4_C8,4,600.0,2.625,19,inter_cycle_dwell,45,2.927667800000009,2183.0,-0.1004277530064604,17245.0,-0.0010764489853608006
2026-08-06,2026-08-06_194249_708059_1_R4_C8,4,600.0,2.625,20,holding,7,0.3997135000000043,2706.0,0.5060107293721559,16056.0,0.9279629828835428
2026-08-06,2026-08-06_194530_798719_1_R4_C9,4,600.0,3.5,1,holding,7,0.4000602999999998,-73.0,0.7395278285717547,13913.0,1.591886699589567
2026-08-06,2026-08-06_194530_798719_1_R4_C9,4,600.0,3.5,1,inter_cycle_dwell,30,1.9358724,2086.0,-0.18273886989506918,14029.0,-0.0010178855433580006
2026-08-06,2026-08-06_194530_798719_1_R4_C9,4,600.0,3.5,2,holding,7,0.4018418000000006,-2347.0,0.4728183592618542,11799.0,1.4886973388600375
2026-08-06,2026-08-06_194530_798719_1_R4_C9,4,600.0,3.5,2,inter_cycle_dwell,30,1.9417496000000005,-6972.0,-0.1211741571532913,11604.0,-0.0016991249074265
2026-08-06,2026-08-06_194530_798719_1_R4_C9,4,600.0,3.5,3,holding,8,0.46393850000000114,-3117.0,0.7642891906400326,9408.0,1.4711483312768274
2026-08-06,2026-08-06_194530_798719_1_R4_C9,4,600.0,3.5,3,inter_cycle_dwell,30,1.9357753000000013,-247.0,-0.2126306619347087,16957.0,-0.0019023409136905006
2026-08-06,2026-08-06_194530_798719_1_R4_C9,4,600.0,3.5,4,holding,7,0.39653910000000003,-504.0,0.6516125431439144,13432.0,1.5009389876744794
2026-08-06,2026-08-06_194530_798719_1_R4_C9,4,600.0,3.5,4,inter_cycle_dwell,30,1.9356951999999996,3157.0,-0.1535968874325101,17263.0,-8.358898031080204e-05
2026-08-06,2026-08-06_194530_798719_1_R4_C9,4,600.0,3.5,5,holding,7,0.39983020000000025,863.0,0.5278841173251028,13350.0,1.4906628739824876
2026-08-06,2026-08-06_194530_798719_1_R4_C9,4,600.0,3.5,5,inter_cycle_dwell,30,1.9360593000000001,786.0,-0.1554985552879975,17542.0,-0.0010462022894342001
2026-08-06,2026-08-06_194530_798719_1_R4_C9,4,600.0,3.5,6,holding,8,0.46426119999999926,2992.0,0.8526414973573542,18638.0,1.4777613515154704
2026-08-06,2026-08-06_194530_798719_1_R4_C9,4,600.0,3.5,6,inter_cycle_dwell,30,1.936096299999999,-9227.0,-0.10119137599737352,8849.0,-0.00014976226275244947
2026-08-06,2026-08-06_194530_798719_1_R4_C9,4,600.0,3.5,7,holding,8,0.4641590999999998,-4628.0,0.7692760711029888,14098.0,1.464033989532098
2026-08-06,2026-08-06_194530_798719_1_R4_C9,4,600.0,3.5,7,inter_cycle_dwell,30,1.9366230000000009,-1355.0,-0.2155416027933964,13850.0,1.2077053113549244e-05
2026-08-06,2026-08-06_194530_798719_1_R4_C9,4,600.0,3.5,8,holding,7,0.4034949000000019,-917.0,0.65182746267788,14155.0,1.4906290798872583
2026-08-06,2026-08-06_194530_798719_1_R4_C9,4,600.0,3.5,8,inter_cycle_dwell,30,1.9353954000000009,-3978.0,-0.1607559677486086,10933.0,-0.0008723022707793002
2026-08-06,2026-08-06_194530_798719_1_R4_C9,4,600.0,3.5,9,holding,7,0.3999029000000007,-1242.0,0.5985449359773898,15624.0,1.4788846214204197
2026-08-06,2026-08-06_194530_798719_1_R4_C9,4,600.0,3.5,9,inter_cycle_dwell,30,1.9359940000000009,3024.0,-0.1157797034861267,16878.0,5.15815610186484e-05
2026-08-06,2026-08-06_194530_798719_1_R4_C9,4,600.0,3.5,10,holding,7,0.4000573000000003,108.0,0.5567240283253354,14396.0,1.4912455863788834
2026-08-06,2026-08-06_194530_798719_1_R4_C9,4,600.0,3.5,10,inter_cycle_dwell,30,1.9358736000000007,-5867.0,-0.0892930261919665,14320.0,-0.0006881345843065996
2026-08-06,2026-08-06_194530_798719_1_R4_C9,4,600.0,3.5,11,holding,8,0.4683653000000021,-2205.0,0.6710372614703152,13838.0,1.4563476308261925
2026-08-06,2026-08-06_194530_798719_1_R4_C9,4,600.0,3.5,11,inter_cycle_dwell,30,1.9200624000000062,1635.0,-0.0649244786835598,16339.0,-0.0013707584217024001
2026-08-06,2026-08-06_194530_798719_1_R4_C9,4,600.0,3.5,12,holding,8,0.46495440000000343,373.0,0.6824032448435231,14580.0,1.4805855882517704
2026-08-06,2026-08-06_194530_798719_1_R4_C9,4,600.0,3.5,12,inter_cycle_dwell,30,1.9348780999999988,4693.0,-0.17036303916205603,16407.0,-0.0009923419006100005
2026-08-06,2026-08-06_194530_798719_1_R4_C9,4,600.0,3.5,13,holding,7,0.3949826999999999,-2583.0,0.5859546988575345,13055.0,1.5215835973147436
2026-08-06,2026-08-06_194530_798719_1_R4_C9,4,600.0,3.5,13,inter_cycle_dwell,30,1.9361102000000017,2412.0,-0.1492026241523161,18006.0,-0.0009257484413211
2026-08-06,2026-08-06_194530_798719_1_R4_C9,4,600.0,3.5,14,holding,8,0.4632476999999966,-3364.0,0.8122993290306553,13330.0,1.4996411471732611
2026-08-06,2026-08-06_194530_798719_1_R4_C9,4,600.0,3.5,14,inter_cycle_dwell,30,1.9202967000000015,-5395.0,-0.0792436827620842,13136.0,-0.0005183026271958508
2026-08-06,2026-08-06_194530_798719_1_R4_C9,4,600.0,3.5,15,holding,8,0.4639468000000022,-2746.0,0.8067810548193793,12506.0,1.533448056850836
2026-08-06,2026-08-06_194530_798719_1_R4_C9,4,600.0,3.5,15,inter_cycle_dwell,30,1.9357918999999981,4334.0,-0.2178483482379452,16106.0,-0.0003748487583632998
2026-08-06,2026-08-06_194530_798719_1_R4_C9,4,600.0,3.5,16,holding,7,0.3993462999999977,4052.0,0.666221268026248,15122.0,1.5091849321929887
2026-08-06,2026-08-06_194530_798719_1_R4_C9,4,600.0,3.5,16,inter_cycle_dwell,30,1.9357626000000039,754.0,-0.1769504336416841,14619.0,-0.000406361373611901
2026-08-06,2026-08-06_194530_798719_1_R4_C9,4,600.0,3.5,17,holding,7,0.3998102999999986,5033.0,0.5778244190745057,15449.0,1.5214930105251239
2026-08-06,2026-08-06_194530_798719_1_R4_C9,4,600.0,3.5,17,inter_cycle_dwell,30,1.919971799999999,8553.0,-0.1487282316808754,18025.0,-0.0014133476090883498
2026-08-06,2026-08-06_194530_798719_1_R4_C9,4,600.0,3.5,18,holding,7,0.3997486999999964,-1655.0,0.5022297216757247,14268.0,1.4730412427909474
2026-08-06,2026-08-06_194530_798719_1_R4_C9,4,600.0,3.5,18,inter_cycle_dwell,30,1.9360907000000083,-2572.0,-0.1145654800969639,14450.0,-0.0007139469500536989
2026-08-06,2026-08-06_194530_798719_1_R4_C9,4,600.0,3.5,19,holding,7,0.3995809000000037,218.0,0.35851940001310867,17048.0,1.4779997430029326
2026-08-06,2026-08-06_194530_798719_1_R4_C9,4,600.0,3.5,19,inter_cycle_dwell,30,1.940718799999999,-2248.0,-0.1233902223210636,12608.0,-0.000770824035332799
2026-08-06,2026-08-06_194530_798719_1_R4_C9,4,600.0,3.5,20,holding,8,0.4641541000000018,319.0,0.7404783006686315,14252.0,1.4689165838736256
2026-08-06,2026-08-06_194830_490665_1_R5_C1,5,200.0,1.75,1,holding,7,0.39498940000000005,-6069.0,0.0648973474729369,13331.0,0.0703450811798904
2026-08-06,2026-08-06_194830_490665_1_R5_C1,5,200.0,1.75,1,inter_cycle_dwell,30,1.9347048,8375.0,-0.00010906909585899766,23603.0,0.00011819876285005387
2026-08-06,2026-08-06_194830_490665_1_R5_C1,5,200.0,1.75,2,holding,8,0.46721520000000005,-1474.0,0.1001199099671718,15868.0,0.10278356379530815
2026-08-06,2026-08-06_194830_490665_1_R5_C1,5,200.0,1.75,2,inter_cycle_dwell,30,1.9361134999999994,-1375.0,-0.0009647133783411005,14350.0,-0.0002104357577387972
2026-08-06,2026-08-06_194830_490665_1_R5_C1,5,200.0,1.75,3,holding,8,0.4640695000000008,3592.0,0.1119705466262659,20504.0,0.1178483343881746
2026-08-06,2026-08-06_194830_490665_1_R5_C1,5,200.0,1.75,3,inter_cycle_dwell,30,1.9361686999999996,-1672.0,-0.0008587209604713,14904.0,-0.0009613764651385942
2026-08-06,2026-08-06_194830_490665_1_R5_C1,5,200.0,1.75,4,holding,7,0.3997156999999998,589.0,0.056341670004959196,17714.0,0.0616222084759803
2026-08-06,2026-08-06_194830_490665_1_R5_C1,5,200.0,1.75,4,inter_cycle_dwell,30,1.9358426999999985,3280.0,7.014489088239678e-05,20019.0,8.756343351829649e-05
2026-08-06,2026-08-06_194830_490665_1_R5_C1,5,200.0,1.75,5,holding,8,0.4684495999999996,-5361.0,0.062088514781195495,16443.0,0.0644002192455514
2026-08-06,2026-08-06_194830_490665_1_R5_C1,5,200.0,1.75,5,inter_cycle_dwell,30,1.932065699999999,-4178.0,-0.0007330890084143032,16747.0,-0.0001635602621223517
2026-08-06,2026-08-06_194830_490665_1_R5_C1,5,200.0,1.75,6,holding,8,0.4637279999999997,2328.0,0.0680856655427394,14911.0,0.06851010952484105
2026-08-06,2026-08-06_194830_490665_1_R5_C1,5,200.0,1.75,6,inter_cycle_dwell,30,1.9360247000000008,2572.0,-0.000738331938630099,19558.0,2.9412245193795317e-05
2026-08-06,2026-08-06_194830_490665_1_R5_C1,5,200.0,1.75,7,holding,7,0.4002866999999988,-2188.0,0.0560017459731929,15973.0,0.060501577761356395
2026-08-06,2026-08-06_194830_490665_1_R5_C1,5,200.0,1.75,7,inter_cycle_dwell,30,1.936722900000003,491.0,-0.00044402589642800194,18983.0,0.00018015187946134742
2026-08-06,2026-08-06_194830_490665_1_R5_C1,5,200.0,1.75,8,holding,8,0.46374289999999974,-7461.0,0.0613564998526332,13080.0,0.06289810090863075
2026-08-06,2026-08-06_194830_490665_1_R5_C1,5,200.0,1.75,8,inter_cycle_dwell,30,1.9359938999999962,324.0,-0.00028474993502049933,19843.0,-0.00032724849386615157
2026-08-06,2026-08-06_194830_490665_1_R5_C1,5,200.0,1.75,9,holding,8,0.4617395000000002,1955.0,0.0551907603568719,18530.0,0.05587637777012735
2026-08-06,2026-08-06_194830_490665_1_R5_C1,5,200.0,1.75,9,inter_cycle_dwell,30,1.9422138999999987,825.0,-8.064195671409619e-05,19160.0,-9.605439091560364e-05
2026-08-06,2026-08-06_194830_490665_1_R5_C1,5,200.0,1.75,10,holding,7,0.39969090000000307,-800.0,0.0543270534617794,15933.0,0.060969319636295496
2026-08-06,2026-08-06_194830_490665_1_R5_C1,5,200.0,1.75,10,inter_cycle_dwell,30,1.9374548999999988,3880.0,-0.0011401754262679031,20898.0,-0.0008365901375486998
2026-08-06,2026-08-06_194830_490665_1_R5_C1,5,200.0,1.75,11,holding,7,0.3990451999999962,499.0,0.056902086041737,20406.0,0.059372378059596304
2026-08-06,2026-08-06_194830_490665_1_R5_C1,5,200.0,1.75,11,inter_cycle_dwell,30,1.9407262999999944,-2103.0,-0.0006763565257388027,16162.0,-0.00019099581699334733
2026-08-06,2026-08-06_194830_490665_1_R5_C1,5,200.0,1.75,12,holding,8,0.47983030000000326,2505.0,0.0500534004057384,19070.0,0.04895603242898605
2026-08-06,2026-08-06_194830_490665_1_R5_C1,5,200.0,1.75,12,inter_cycle_dwell,30,1.9196047999999948,6548.0,-0.0002019345237413983,20417.0,7.530542315514754e-05
2026-08-06,2026-08-06_194830_490665_1_R5_C1,5,200.0,1.75,13,holding,7,0.3987070000000017,3005.0,0.0509268580494522,21601.0,0.05629244479808695
2026-08-06,2026-08-06_194830_490665_1_R5_C1,5,200.0,1.75,13,inter_cycle_dwell,29,1.8560780000000037,3199.0,-0.00011940407286949867,18993.0,-0.0002544934431375004
2026-08-06,2026-08-06_194830_490665_1_R5_C1,5,200.0,1.75,14,holding,7,0.39884650000000477,1327.0,0.0573382016670704,19562.0,0.060048991079470995
2026-08-06,2026-08-06_194830_490665_1_R5_C1,5,200.0,1.75,14,inter_cycle_dwell,30,1.9353948999999986,-3464.0,-0.0010301910959834015,17209.0,-0.000125198147250552
2026-08-06,2026-08-06_194830_490665_1_R5_C1,5,200.0,1.75,15,holding,7,0.4013530000000003,1949.0,0.0549572998325847,19663.0,0.055330291621303845
2026-08-06,2026-08-06_194830_490665_1_R5_C1,5,200.0,1.75,15,inter_cycle_dwell,30,1.936084600000001,639.0,-0.0007112318086641006,16340.0,-0.00026749171653510373
2026-08-06,2026-08-06_194830_490665_1_R5_C1,5,200.0,1.75,16,holding,8,0.4640199000000038,-1136.0,0.0552515191090601,15573.0,0.054166045367912495
2026-08-06,2026-08-06_194830_490665_1_R5_C1,5,200.0,1.75,16,inter_cycle_dwell,30,1.939472000000002,2943.0,-0.0012293765760817976,18085.0,-0.0005480022975894519
2026-08-06,2026-08-06_194830_490665_1_R5_C1,5,200.0,1.75,17,holding,7,0.3948553999999973,5214.0,0.0540732553689811,22982.0,0.05728080373225595
2026-08-06,2026-08-06_194830_490665_1_R5_C1,5,200.0,1.75,17,inter_cycle_dwell,30,1.9387918999999982,1910.0,0.00036154293092879874,17726.0,0.001337901096971801
2026-08-06,2026-08-06_194830_490665_1_R5_C1,5,200.0,1.75,18,holding,8,0.4598854999999986,-6047.0,0.0778231880508409,14921.0,0.0815838272123103
2026-08-06,2026-08-06_194830_490665_1_R5_C1,5,200.0,1.75,18,inter_cycle_dwell,30,1.9360451000000012,-7908.0,-0.00041877121332570266,12073.0,-0.00031162737610980484
2026-08-06,2026-08-06_194830_490665_1_R5_C1,5,200.0,1.75,19,holding,8,0.46408259999999757,351.0,0.0600515949131466,16919.0,0.0623171004972432
2026-08-06,2026-08-06_194830_490665_1_R5_C1,5,200.0,1.75,19,inter_cycle_dwell,30,1.9362378000000007,-3761.0,0.00017197773605109878,13394.0,9.44657870235524e-05
2026-08-06,2026-08-06_194830_490665_1_R5_C1,5,200.0,1.75,20,holding,7,0.4082655999999929,-1362.0,0.0595827726520465,16740.0,0.06382433523411185
2026-08-06,2026-08-06_195131_049166_1_R5_C2,5,200.0,2.625,1,holding,7,0.3999075000000003,-4428.0,0.1840608233695208,16449.0,0.7389119952168878
2026-08-06,2026-08-06_195131_049166_1_R5_C2,5,200.0,2.625,1,inter_cycle_dwell,30,1.9359446999999999,7072.0,-0.003332535607584501,20441.0,-0.001296446885121004
2026-08-06,2026-08-06_195131_049166_1_R5_C2,5,200.0,2.625,2,holding,8,0.46476190000000006,1413.0,0.2487405597715901,13695.0,0.7037692210669494
2026-08-06,2026-08-06_195131_049166_1_R5_C2,5,200.0,2.625,2,inter_cycle_dwell,30,1.9365254000000007,-1260.0,-0.0018515240645578974,14110.0,-0.0003545859755259978
2026-08-06,2026-08-06_195131_049166_1_R5_C2,5,200.0,2.625,3,holding,7,0.4001836999999995,-3871.0,0.19126236219210013,12614.0,0.6719112101177629
2026-08-06,2026-08-06_195131_049166_1_R5_C2,5,200.0,2.625,3,inter_cycle_dwell,31,1.9991725999999996,6550.0,-0.0018865541028429966,18425.0,-0.00025408821327999737
2026-08-06,2026-08-06_195131_049166_1_R5_C2,5,200.0,2.625,4,holding,7,0.39981749999999927,2928.0,0.23613568811080626,18899.0,0.6575914010724986
2026-08-06,2026-08-06_195131_049166_1_R5_C2,5,200.0,2.625,4,inter_cycle_dwell,30,1.9358687000000003,1884.0,-0.0015433316493714995,16750.0,-0.0001253264200763507
2026-08-06,2026-08-06_195131_049166_1_R5_C2,5,200.0,2.625,5,holding,7,0.40015650000000136,230.0,0.15889588699270174,16904.0,0.6721828129449221
2026-08-06,2026-08-06_195131_049166_1_R5_C2,5,200.0,2.625,5,inter_cycle_dwell,29,1.8557611999999999,3866.0,-0.002798027470244501,20716.0,-0.0011319580132765038
2026-08-06,2026-08-06_195131_049166_1_R5_C2,5,200.0,2.625,6,holding,8,0.4639096000000009,-1460.0,0.21590306143092514,14818.0,0.6353746536002167
2026-08-06,2026-08-06_195131_049166_1_R5_C2,5,200.0,2.625,6,inter_cycle_dwell,30,1.9342749999999995,-431.0,-0.0022444999182631015,16450.0,-0.0005780865908301507
2026-08-06,2026-08-06_195131_049166_1_R5_C2,5,200.0,2.625,7,holding,8,0.4797828000000024,816.0,0.26380508986226153,15269.0,0.6067227320887605
2026-08-06,2026-08-06_195131_049166_1_R5_C2,5,200.0,2.625,7,inter_cycle_dwell,30,1.9364129999999982,1029.0,-0.0025999743744421003,17039.0,-0.0010567358302455004
2026-08-06,2026-08-06_195131_049166_1_R5_C2,5,200.0,2.625,8,holding,8,0.464067,1435.0,0.2953187714995237,17919.0,0.6246975943112841
2026-08-06,2026-08-06_195131_049166_1_R5_C2,5,200.0,2.625,8,inter_cycle_dwell,30,1.9201823999999945,2530.0,-0.0027663554663540993,17414.0,-0.000545378499203452
2026-08-06,2026-08-06_195131_049166_1_R5_C2,5,200.0,2.625,9,holding,8,0.46415179999999623,1049.0,0.21482786494165773,16409.0,0.6183546343058988
2026-08-06,2026-08-06_195131_049166_1_R5_C2,5,200.0,2.625,9,inter_cycle_dwell,30,1.9358244000000013,-4100.0,-0.0019602204140492,12694.0,-0.000689219359635701
2026-08-06,2026-08-06_195131_049166_1_R5_C2,5,200.0,2.625,10,holding,8,0.4641590000000022,3609.0,0.26101531725372873,18110.0,0.6347705332208109
2026-08-06,2026-08-06_195131_049166_1_R5_C2,5,200.0,2.625,10,inter_cycle_dwell,30,1.9365900999999965,1716.0,-0.002430386016596401,18082.0,-0.00044554281596015377
2026-08-06,2026-08-06_195131_049166_1_R5_C2,5,200.0,2.625,11,holding,7,0.39979629999999844,2805.0,0.1644515909275926,16718.0,0.6078440724404083
2026-08-06,2026-08-06_195131_049166_1_R5_C2,5,200.0,2.625,11,inter_cycle_dwell,30,1.9358128000000008,-3434.0,-0.001700463768865599,16248.0,-0.0007087508054669477
2026-08-06,2026-08-06_195131_049166_1_R5_C2,5,200.0,2.625,12,holding,8,0.4638229000000038,1037.0,0.23923966648243677,16187.0,0.6007815695729326
2026-08-06,2026-08-06_195131_049166_1_R5_C2,5,200.0,2.625,12,inter_cycle_dwell,30,1.936101200000003,-540.0,-0.0015587529531101013,16196.0,-0.00021533863074889997
2026-08-06,2026-08-06_195131_049166_1_R5_C2,5,200.0,2.625,13,holding,7,0.40052730000000025,-4022.0,0.1861740863991037,15582.0,0.598918449782845
2026-08-06,2026-08-06_195131_049166_1_R5_C2,5,200.0,2.625,13,inter_cycle_dwell,31,1.9990404999999996,-3152.0,-0.0030876247611760985,16823.0,-0.0010090223532404977
2026-08-06,2026-08-06_195131_049166_1_R5_C2,5,200.0,2.625,14,holding,7,0.39996760000000364,523.0,0.20954485079305152,13909.0,0.6025088990362167
2026-08-06,2026-08-06_195131_049166_1_R5_C2,5,200.0,2.625,14,inter_cycle_dwell,30,1.9361433999999988,3498.0,-0.002168246330413199,18205.0,-7.901326296699818e-05
2026-08-06,2026-08-06_195131_049166_1_R5_C2,5,200.0,2.625,15,holding,8,0.4645006999999879,6.0,0.2680508789138086,15373.0,0.6304260102843743
2026-08-06,2026-08-06_195131_049166_1_R5_C2,5,200.0,2.625,15,inter_cycle_dwell,30,1.9465699999999941,6305.0,-0.0032318046071789022,20352.0,-0.0015556525311871024
2026-08-06,2026-08-06_195131_049166_1_R5_C2,5,200.0,2.625,16,holding,7,0.40025009999999384,-152.0,0.20796928947790821,18543.0,0.6065070231312256
2026-08-06,2026-08-06_195131_049166_1_R5_C2,5,200.0,2.625,16,inter_cycle_dwell,30,1.9361004000000008,-9878.0,-0.0028996046452038,9728.0,-0.0009440048615544996
2026-08-06,2026-08-06_195131_049166_1_R5_C2,5,200.0,2.625,17,holding,8,0.46392559999999605,-6539.0,0.23095890226620053,13655.0,0.6309538671901624
2026-08-06,2026-08-06_195131_049166_1_R5_C2,5,200.0,2.625,17,inter_cycle_dwell,30,1.936100499999995,4322.0,-0.0023719396170541994,19098.0,-0.0002920090798137487
2026-08-06,2026-08-06_195131_049166_1_R5_C2,5,200.0,2.625,18,holding,8,0.4641354999999976,2013.0,0.3072562144179058,17399.0,0.6176970816308335
2026-08-06,2026-08-06_195131_049166_1_R5_C2,5,200.0,2.625,18,inter_cycle_dwell,30,1.9449101999999954,-6403.0,-0.0033428861807839015,11856.0,-0.0006979594092333535
2026-08-06,2026-08-06_195131_049166_1_R5_C2,5,200.0,2.625,19,holding,8,0.46458729999999093,3193.0,0.21198055922062392,18153.0,0.6267906381287133
2026-08-06,2026-08-06_195131_049166_1_R5_C2,5,200.0,2.625,19,inter_cycle_dwell,30,1.9361628999999994,6453.0,-0.0026544880520348,17420.0,-0.0009381266424182029
2026-08-06,2026-08-06_195131_049166_1_R5_C2,5,200.0,2.625,20,holding,8,0.46479639999999733,-3768.0,0.23829082130801377,16466.0,0.6065741765030936
2026-08-06,2026-08-06_195403_454504_1_R5_C3,5,200.0,3.5,1,holding,8,0.4641198000000002,1808.0,0.14856854685301735,15087.0,1.0183080228554358
2026-08-06,2026-08-06_195403_454504_1_R5_C3,5,200.0,3.5,1,inter_cycle_dwell,30,1.9358460000000006,-570.0,-0.002276285172517399,17657.0,-0.0009240479721723469
2026-08-06,2026-08-06_195403_454504_1_R5_C3,5,200.0,3.5,2,holding,7,0.3932991000000001,-7998.0,0.11689150897015643,12200.0,0.9847940962494324
2026-08-06,2026-08-06_195403_454504_1_R5_C3,5,200.0,3.5,2,inter_cycle_dwell,30,1.9345333,-3567.0,-0.002828719748413498,14648.0,-0.0009440967299753564
2026-08-06,2026-08-06_195403_454504_1_R5_C3,5,200.0,3.5,3,holding,8,0.45734229999999876,-1172.0,0.14651293640481955,13684.0,0.9710063174646668
2026-08-06,2026-08-06_195403_454504_1_R5_C3,5,200.0,3.5,3,inter_cycle_dwell,30,1.9398907000000012,-135.0,-0.001957667761142104,16361.0,-0.0012192334375795977
2026-08-06,2026-08-06_195403_454504_1_R5_C3,5,200.0,3.5,4,holding,8,0.4683448999999982,3534.0,0.12161393713564572,16386.0,0.9371576906550356
2026-08-06,2026-08-06_195403_454504_1_R5_C3,5,200.0,3.5,4,inter_cycle_dwell,30,1.9367437999999986,4996.0,-0.0014208094368291027,19706.0,-0.0006124258987481035
2026-08-06,2026-08-06_195403_454504_1_R5_C3,5,200.0,3.5,5,holding,7,0.40173570000000325,-2619.0,0.11083420825144097,14516.0,0.9715966274001986
2026-08-06,2026-08-06_195403_454504_1_R5_C3,5,200.0,3.5,5,inter_cycle_dwell,30,1.9359392,-1326.0,-0.0030319070784858015,17888.0,-0.0010278592435525521
2026-08-06,2026-08-06_195403_454504_1_R5_C3,5,200.0,3.5,6,holding,8,0.46399219999999985,6155.0,0.19232808231873855,19837.0,0.9456468073878295
2026-08-06,2026-08-06_195403_454504_1_R5_C3,5,200.0,3.5,6,inter_cycle_dwell,30,1.9368894999999995,-1198.0,-0.0024030959796793976,16325.0,-0.0011788352843300973
2026-08-06,2026-08-06_195403_454504_1_R5_C3,5,200.0,3.5,7,holding,7,0.40000690000000105,478.0,0.14590681240669212,16119.0,0.9648948796184541
2026-08-06,2026-08-06_195403_454504_1_R5_C3,5,200.0,3.5,7,inter_cycle_dwell,30,1.9431821000000014,-2999.0,-0.002004003722106698,17135.0,-0.00046335164741145157
2026-08-06,2026-08-06_195403_454504_1_R5_C3,5,200.0,3.5,8,holding,8,0.465945700000006,4387.0,0.16606914916586613,20896.0,0.9390074140984657
2026-08-06,2026-08-06_195403_454504_1_R5_C3,5,200.0,3.5,8,inter_cycle_dwell,30,1.9407613999999995,-3823.0,-0.002185483157669102,15530.0,-0.0012915182483094027
2026-08-06,2026-08-06_195403_454504_1_R5_C3,5,200.0,3.5,9,holding,7,0.4001078000000007,-3186.0,0.1652903239757546,16642.0,0.9359692006218909
2026-08-06,2026-08-06_195403_454504_1_R5_C3,5,200.0,3.5,9,inter_cycle_dwell,30,1.9371748999999951,2817.0,-0.0013136290081600978,20686.0,0.00013376868453950086
2026-08-06,2026-08-06_195403_454504_1_R5_C3,5,200.0,3.5,10,holding,7,0.4005847000000031,-146.0,0.09576437276862271,16896.0,0.9030327243458306
2026-08-06,2026-08-06_195403_454504_1_R5_C3,5,200.0,3.5,10,inter_cycle_dwell,30,1.9193041999999991,441.0,-0.0023537615192029994,18716.0,-0.0012870969984336011
2026-08-06,2026-08-06_195403_454504_1_R5_C3,5,200.0,3.5,11,holding,7,0.40003509999999665,4218.0,0.1399302008942127,17829.0,0.902760230737866
2026-08-06,2026-08-06_195403_454504_1_R5_C3,5,200.0,3.5,11,inter_cycle_dwell,30,1.936056299999997,3941.0,-0.0020117175611555037,19578.0,-0.001234885150042251
2026-08-06,2026-08-06_195403_454504_1_R5_C3,5,200.0,3.5,12,holding,7,0.3996074000000007,-612.0,0.08228182040315923,15470.0,0.9095676871853157
2026-08-06,2026-08-06_195403_454504_1_R5_C3,5,200.0,3.5,12,inter_cycle_dwell,29,1.8720795999999993,-600.0,-0.001484877006944,18375.0,-8.006344500540233e-05
2026-08-06,2026-08-06_195403_454504_1_R5_C3,5,200.0,3.5,13,holding,8,0.4643765000000002,-5271.0,0.16062782723730695,15620.0,0.92516212493368
2026-08-06,2026-08-06_195403_454504_1_R5_C3,5,200.0,3.5,13,inter_cycle_dwell,30,1.9418529999999947,-441.0,-0.002156942235630198,18454.0,-0.0009235261745290969
2026-08-06,2026-08-06_195403_454504_1_R5_C3,5,200.0,3.5,14,holding,7,0.39845959999999536,1998.0,0.1069735153602478,17999.0,0.9135578561147631
2026-08-06,2026-08-06_195403_454504_1_R5_C3,5,200.0,3.5,14,inter_cycle_dwell,30,1.9198315999999949,248.0,-0.0018507407140335996,18562.0,-0.0006372038118008516
2026-08-06,2026-08-06_195403_454504_1_R5_C3,5,200.0,3.5,15,holding,8,0.46409470000000397,720.0,0.1421383831923394,17443.0,0.9520737130385978
2026-08-06,2026-08-06_195403_454504_1_R5_C3,5,200.0,3.5,15,inter_cycle_dwell,30,1.9359625999999963,1348.0,-0.0030449070607812996,18300.0,-0.0013108800471079984
2026-08-06,2026-08-06_195403_454504_1_R5_C3,5,200.0,3.5,16,holding,7,0.4002763000000016,5183.0,0.09163430885197321,21470.0,0.9272290308961865
2026-08-06,2026-08-06_195403_454504_1_R5_C3,5,200.0,3.5,16,inter_cycle_dwell,30,1.935986899999989,-1319.0,-0.0014151536175346993,15627.0,-0.0001496577808452991
2026-08-06,2026-08-06_195403_454504_1_R5_C3,5,200.0,3.5,17,holding,8,0.4642709000000025,-810.0,0.1475274637936057,16146.0,0.9249278802317086
2026-08-06,2026-08-06_195403_454504_1_R5_C3,5,200.0,3.5,17,inter_cycle_dwell,30,1.9366308999999973,-5299.0,-0.002282851367758302,12748.0,-0.0006340220975265994
2026-08-06,2026-08-06_195403_454504_1_R5_C3,5,200.0,3.5,18,holding,7,0.3940720000000084,-5844.0,0.10683870543398055,16035.0,0.9737650175041316
2026-08-06,2026-08-06_195403_454504_1_R5_C3,5,200.0,3.5,18,inter_cycle_dwell,30,1.931872300000009,-2752.0,-0.002811998959251199,15865.0,-0.0007168690881078979
2026-08-06,2026-08-06_195403_454504_1_R5_C3,5,200.0,3.5,19,holding,8,0.4640903000000094,5305.0,0.15487840056987234,19774.0,0.9753394040602833
2026-08-06,2026-08-06_195403_454504_1_R5_C3,5,200.0,3.5,19,inter_cycle_dwell,30,1.9305844000000008,2572.0,-0.002921626900794099,21242.0,-0.0009589158990617012
2026-08-06,2026-08-06_195403_454504_1_R5_C3,5,200.0,3.5,20,holding,7,0.4060077000000035,1652.0,0.15576205299289025,16101.0,0.9267409651645411
2026-08-06,2026-08-06_195745_434078_1_R5_C4,5,400.0,1.75,1,holding,8,0.4594099999999999,-2003.0,0.256036729737109,16101.0,0.27189152372239184
2026-08-06,2026-08-06_195745_434078_1_R5_C4,5,400.0,1.75,1,inter_cycle_dwell,30,1.9203997,-3842.0,-0.0522466438180181,15537.0,-0.00019521629139085395
2026-08-06,2026-08-06_195745_434078_1_R5_C4,5,400.0,1.75,2,holding,7,0.39987740000000027,-596.0,0.2588615074028124,14149.0,0.29269235705697194
2026-08-06,2026-08-06_195745_434078_1_R5_C4,5,400.0,1.75,2,inter_cycle_dwell,30,1.9362496,675.0,-0.055355058009660396,19671.0,-0.0010033692957983967
2026-08-06,2026-08-06_195745_434078_1_R5_C4,5,400.0,1.75,3,holding,7,0.39949499999999993,-6766.0,0.2364338243800756,13625.0,0.2892176491879056
2026-08-06,2026-08-06_195745_434078_1_R5_C4,5,400.0,1.75,3,inter_cycle_dwell,30,1.9447174999999994,4264.0,-0.0376013402919309,19772.0,-0.0002750746221439476
2026-08-06,2026-08-06_195745_434078_1_R5_C4,5,400.0,1.75,4,holding,7,0.39994070000000015,1700.0,0.2572480439998679,17474.0,0.30472132797915613
2026-08-06,2026-08-06_195745_434078_1_R5_C4,5,400.0,1.75,4,inter_cycle_dwell,30,1.9428468999999993,-5645.0,-0.041913847283063105,14266.0,-0.00031610156407375217
2026-08-06,2026-08-06_195745_434078_1_R5_C4,5,400.0,1.75,5,holding,8,0.46554750000000134,3926.0,0.29777798990319004,19193.0,0.3175964418402596
2026-08-06,2026-08-06_195745_434078_1_R5_C4,5,400.0,1.75,5,inter_cycle_dwell,30,1.918819499999998,-217.0,-0.011297184185312198,18682.0,-0.0006601717006091967
2026-08-06,2026-08-06_195745_434078_1_R5_C4,5,400.0,1.75,6,holding,8,0.4605163999999995,-852.0,0.24979117316104021,16666.0,0.261634708267156
2026-08-06,2026-08-06_195745_434078_1_R5_C4,5,400.0,1.75,6,inter_cycle_dwell,29,1.8717840000000017,-1226.0,-0.016875812824987804,17122.0,-0.0013753984635863012
2026-08-06,2026-08-06_195745_434078_1_R5_C4,5,400.0,1.75,7,holding,8,0.4802420999999981,8.0,0.2136005692477005,15718.0,0.2223871562220345
2026-08-06,2026-08-06_195745_434078_1_R5_C4,5,400.0,1.75,7,inter_cycle_dwell,30,1.9366172000000006,6118.0,-0.0381197414270422,19324.0,-0.0007837548194838465
2026-08-06,2026-08-06_195745_434078_1_R5_C4,5,400.0,1.75,8,holding,8,0.46479970000000037,-725.0,0.2152878292410676,17434.0,0.23115741651587035
2026-08-06,2026-08-06_195745_434078_1_R5_C4,5,400.0,1.75,8,inter_cycle_dwell,29,1.8561043999999995,5513.0,-0.0099948811683951,19679.0,-0.001671568665374698
2026-08-06,2026-08-06_195745_434078_1_R5_C4,5,400.0,1.75,9,holding,8,0.4643911000000003,5275.0,0.2180840232671244,19253.0,0.2346178609039374
2026-08-06,2026-08-06_195745_434078_1_R5_C4,5,400.0,1.75,9,inter_cycle_dwell,30,1.9360648000000005,834.0,-0.010620092343171801,17127.0,-0.000658844078833147
2026-08-06,2026-08-06_195745_434078_1_R5_C4,5,400.0,1.75,10,holding,7,0.40395200000000386,4928.0,0.1643488274031312,21221.0,0.21878077433610266
2026-08-06,2026-08-06_195745_434078_1_R5_C4,5,400.0,1.75,10,inter_cycle_dwell,30,1.9354760999999954,1681.0,-0.019125943228553998,19399.0,-0.0006527626104475964
2026-08-06,2026-08-06_195745_434078_1_R5_C4,5,400.0,1.75,11,holding,7,0.3996236000000053,-1575.0,0.18002318229301828,14121.0,0.2148377473359838
2026-08-06,2026-08-06_195745_434078_1_R5_C4,5,400.0,1.75,11,inter_cycle_dwell,30,1.9438782000000003,-2595.0,-0.01241305346056,17322.0,-0.0007340160465923451
2026-08-06,2026-08-06_195745_434078_1_R5_C4,5,400.0,1.75,12,holding,8,0.4638777999999988,-13.0,0.1983868952588461,17001.0,0.20412010570202635
2026-08-06,2026-08-06_195745_434078_1_R5_C4,5,400.0,1.75,12,inter_cycle_dwell,30,1.9367738000000045,-5616.0,-0.012774159484526003,14703.0,-0.0015693292803474965
2026-08-06,2026-08-06_195745_434078_1_R5_C4,5,400.0,1.75,13,holding,8,0.4642432999999997,1591.0,0.1896572483157931,15739.0,0.2004943395531365
2026-08-06,2026-08-06_195745_434078_1_R5_C4,5,400.0,1.75,13,inter_cycle_dwell,30,1.9359765999999965,418.0,-0.009125630074319803,19248.0,-2.4599566369847004e-05
2026-08-06,2026-08-06_195745_434078_1_R5_C4,5,400.0,1.75,14,holding,8,0.46453059999999624,2798.0,0.2019708544414201,17862.0,0.20745337952207565
2026-08-06,2026-08-06_195745_434078_1_R5_C4,5,400.0,1.75,14,inter_cycle_dwell,31,1.990109799999999,3696.0,-0.0392990173671609,18330.0,-0.00042387899336229773
2026-08-06,2026-08-06_195745_434078_1_R5_C4,5,400.0,1.75,15,holding,8,0.4638674999999992,-3441.0,0.1952521482726952,16232.0,0.19961739226104158
2026-08-06,2026-08-06_195745_434078_1_R5_C4,5,400.0,1.75,15,inter_cycle_dwell,30,1.9196302999999943,1047.0,-0.0094113966569992,17205.0,5.350746403810086e-05
2026-08-06,2026-08-06_195745_434078_1_R5_C4,5,400.0,1.75,16,holding,8,0.4640388999999985,-3457.0,0.19138830964236878,15146.0,0.1985071604422549
2026-08-06,2026-08-06_195745_434078_1_R5_C4,5,400.0,1.75,16,inter_cycle_dwell,30,1.9257176999999999,-3993.0,-0.007989133365977896,18498.0,0.0005953345913149513
2026-08-06,2026-08-06_195745_434078_1_R5_C4,5,400.0,1.75,17,holding,7,0.39450740000000195,3728.0,0.165557149063292,18343.0,0.21282531432878835
2026-08-06,2026-08-06_195745_434078_1_R5_C4,5,400.0,1.75,17,inter_cycle_dwell,30,1.9371943000000016,-1913.0,-0.009987270389414,19422.0,-0.0005558983016975966
2026-08-06,2026-08-06_195745_434078_1_R5_C4,5,400.0,1.75,18,holding,8,0.46232260000000025,-2426.0,0.1922679535765991,15968.0,0.198580536213876
2026-08-06,2026-08-06_195745_434078_1_R5_C4,5,400.0,1.75,18,inter_cycle_dwell,30,1.9364300000000014,2253.0,-0.004873406189071602,20336.0,0.0003879230161912481
2026-08-06,2026-08-06_195745_434078_1_R5_C4,5,400.0,1.75,19,holding,8,0.46396469999999823,3683.0,0.1976483165334313,20744.0,0.20788307404521283
2026-08-06,2026-08-06_195745_434078_1_R5_C4,5,400.0,1.75,19,inter_cycle_dwell,30,1.9360990999999999,510.0,-0.0178569757013837,18868.0,-0.00042286049172259726
2026-08-06,2026-08-06_195745_434078_1_R5_C4,5,400.0,1.75,20,holding,7,0.3996955000000071,2152.0,0.1524159261640116,19538.0,0.1831239480947807
2026-08-06,2026-08-06_200232_791572_1_R5_C5,5,400.0,2.625,1,holding,7,0.4001876,-2073.0,0.37665702161715187,15791.0,0.533388206992104
2026-08-06,2026-08-06_200232_791572_1_R5_C5,5,400.0,2.625,1,inter_cycle_dwell,45,2.9438378000000003,-2643.0,-0.0049746268018155005,11257.0,-0.000408290274208
2026-08-06,2026-08-06_200232_791572_1_R5_C5,5,400.0,2.625,2,holding,8,0.4640607000000001,-6825.0,0.37415772027820415,14556.0,0.5259377941676789
2026-08-06,2026-08-06_200232_791572_1_R5_C5,5,400.0,2.625,2,inter_cycle_dwell,45,2.9281614000000005,-4875.0,-0.0103800086686703,19175.0,-0.0006101599518026002
2026-08-06,2026-08-06_200232_791572_1_R5_C5,5,400.0,2.625,3,holding,8,0.4641182999999991,2583.0,0.4097048998549357,19044.0,0.5134402601164987
2026-08-06,2026-08-06_200232_791572_1_R5_C5,5,400.0,2.625,3,inter_cycle_dwell,45,2.9278031999999996,6887.0,-0.011615651500864299,21244.0,-0.0004049826012374
2026-08-06,2026-08-06_200232_791572_1_R5_C5,5,400.0,2.625,4,holding,8,0.46415199999999857,947.0,0.4103392007071748,18931.0,0.5018171958153435
2026-08-06,2026-08-06_200232_791572_1_R5_C5,5,400.0,2.625,4,inter_cycle_dwell,44,2.8642375000000015,3764.0,-0.0024455763070366007,21521.0,0.0001634720177442
2026-08-06,2026-08-06_200232_791572_1_R5_C5,5,400.0,2.625,5,holding,8,0.4705063999999979,2069.0,0.4076142418684694,14962.0,0.4933041089745684
2026-08-06,2026-08-06_200232_791572_1_R5_C5,5,400.0,2.625,5,inter_cycle_dwell,46,2.997905600000003,4422.0,-0.013450298736933099,17911.0,-0.0006253529674193
2026-08-06,2026-08-06_200232_791572_1_R5_C5,5,400.0,2.625,6,holding,8,0.4592989999999979,-1248.0,0.3824263011944897,17414.0,0.4735632660729188
2026-08-06,2026-08-06_200232_791572_1_R5_C5,5,400.0,2.625,6,inter_cycle_dwell,46,2.9943845000000024,-3482.0,-0.0086037143995062,14396.0,-0.00035086173869265007
2026-08-06,2026-08-06_200232_791572_1_R5_C5,5,400.0,2.625,7,holding,8,0.46281740000000227,7461.0,0.3588741097472893,19043.0,0.44031414415064185
2026-08-06,2026-08-06_200232_791572_1_R5_C5,5,400.0,2.625,7,inter_cycle_dwell,46,2.9919395999999985,352.0,-0.0096250575757021,16842.0,0.00031005676470069986
2026-08-06,2026-08-06_200232_791572_1_R5_C5,5,400.0,2.625,8,holding,8,0.4624342000000041,1382.0,0.38001171773702047,16025.0,0.4438570807631196
2026-08-06,2026-08-06_200232_791572_1_R5_C5,5,400.0,2.625,8,inter_cycle_dwell,45,2.9276935000000037,-4144.0,-0.0066660073104103,16670.0,-0.0005635498803588
2026-08-06,2026-08-06_200232_791572_1_R5_C5,5,400.0,2.625,9,holding,7,0.4002012999999991,-4763.0,0.3456870450644258,12311.0,0.462820012147218
2026-08-06,2026-08-06_200232_791572_1_R5_C5,5,400.0,2.625,9,inter_cycle_dwell,45,2.928010900000004,-5.0,-0.0046396370837751,18251.0,0.0005711352283302002
2026-08-06,2026-08-06_200232_791572_1_R5_C5,5,400.0,2.625,10,holding,8,0.4566446000000042,-3370.0,0.3332647060960741,15481.0,0.417442118670596
2026-08-06,2026-08-06_200232_791572_1_R5_C5,5,400.0,2.625,10,inter_cycle_dwell,45,2.943879299999999,462.0,-0.008403937282643398,18353.0,-0.0010809715071517
2026-08-06,2026-08-06_200232_791572_1_R5_C5,5,400.0,2.625,11,holding,7,0.3999396000000033,-2472.0,0.3468534066761164,11045.0,0.44398631648742143
2026-08-06,2026-08-06_200232_791572_1_R5_C5,5,400.0,2.625,11,inter_cycle_dwell,45,2.9441293999999942,-2442.0,-0.0087121281255663,14411.0,-0.00023024438711009994
2026-08-06,2026-08-06_200232_791572_1_R5_C5,5,400.0,2.625,12,holding,8,0.46445589999999726,-448.0,0.34074282296458125,17562.0,0.4462976518357579
2026-08-06,2026-08-06_200232_791572_1_R5_C5,5,400.0,2.625,12,inter_cycle_dwell,45,2.943730499999994,465.0,-0.0119002805346669,18972.0,-0.0007508886856081001
2026-08-06,2026-08-06_200232_791572_1_R5_C5,5,400.0,2.625,13,holding,7,0.3993983999999955,1953.0,0.3524793531034405,17855.0,0.43432082472979977
2026-08-06,2026-08-06_200232_791572_1_R5_C5,5,400.0,2.625,13,inter_cycle_dwell,45,2.9439078999999992,2893.0,-0.0104430130752119,18201.0,-0.00036356256172349996
2026-08-06,2026-08-06_200232_791572_1_R5_C5,5,400.0,2.625,14,holding,8,0.46749780000000385,-2134.0,0.3604889758263203,15136.0,0.4373903408710836
2026-08-06,2026-08-06_200232_791572_1_R5_C5,5,400.0,2.625,14,inter_cycle_dwell,44,2.886249299999996,-2116.0,-0.0038712362867507006,14729.0,-0.0014131173366905
2026-08-06,2026-08-06_200232_791572_1_R5_C5,5,400.0,2.625,15,holding,8,0.4807811999999956,565.0,0.3865982869057673,16201.0,0.4457521825754258
2026-08-06,2026-08-06_200232_791572_1_R5_C5,5,400.0,2.625,15,inter_cycle_dwell,44,2.8837249999999983,-2345.0,-0.0020188813037304004,16180.0,-0.00015295132268395
2026-08-06,2026-08-06_200232_791572_1_R5_C5,5,400.0,2.625,16,holding,8,0.4808432999999894,-4181.0,0.38527289030700246,11690.0,0.4436016833240031
2026-08-06,2026-08-06_200232_791572_1_R5_C5,5,400.0,2.625,16,inter_cycle_dwell,45,2.9439555999999953,-5202.0,-0.013249139562544802,13467.0,-0.0007788961175703999
2026-08-06,2026-08-06_200232_791572_1_R5_C5,5,400.0,2.625,17,holding,8,0.479750199999998,-1183.0,0.38160618390807727,17890.0,0.4330565941674739
2026-08-06,2026-08-06_200232_791572_1_R5_C5,5,400.0,2.625,17,inter_cycle_dwell,45,2.945816899999997,664.0,-0.0116924339569607,15883.0,-2.068430281469951e-05
2026-08-06,2026-08-06_200232_791572_1_R5_C5,5,400.0,2.625,18,holding,8,0.47082120000000316,-1691.0,0.3751490730587217,14647.0,0.4495359661562342
2026-08-06,2026-08-06_200232_791572_1_R5_C5,5,400.0,2.625,18,inter_cycle_dwell,45,2.935921499999992,6570.0,-0.0081646551483106,20958.0,-0.0001289150519083
2026-08-06,2026-08-06_200232_791572_1_R5_C5,5,400.0,2.625,19,holding,7,0.3998010999999906,2338.0,0.3606819434543919,18908.0,0.4607138467222373
2026-08-06,2026-08-06_200232_791572_1_R5_C5,5,400.0,2.625,19,inter_cycle_dwell,45,2.9248612000000094,67.0,-0.006199219495874499,16814.0,0.0002622360240656001
2026-08-06,2026-08-06_200232_791572_1_R5_C5,5,400.0,2.625,20,holding,8,0.4583336000000031,-1359.0,0.3418789034037173,11769.0,0.4395531764556352
2026-08-06,2026-08-06_200455_454425_1_R5_C6,5,400.0,3.5,1,holding,7,0.3997001,-2978.0,0.4605915995997826,14105.0,0.9271689344316458
2026-08-06,2026-08-06_200455_454425_1_R5_C6,5,400.0,3.5,1,inter_cycle_dwell,45,2.9284226999999996,2244.0,-0.0035291641453910998,16608.0,-0.000724765446585899
2026-08-06,2026-08-06_200455_454425_1_R5_C6,5,400.0,3.5,2,holding,8,0.46422130000000017,680.0,0.48096420809009555,16980.0,0.8866129533849593
2026-08-06,2026-08-06_200455_454425_1_R5_C6,5,400.0,3.5,2,inter_cycle_dwell,45,2.9439484999999994,1920.0,-0.0030169578370296997,18726.0,-0.0012049903596121
2026-08-06,2026-08-06_200455_454425_1_R5_C6,5,400.0,3.5,3,holding,7,0.3998010000000001,4544.0,0.30102015353276645,17627.0,0.8874996207343324
2026-08-06,2026-08-06_200455_454425_1_R5_C6,5,400.0,3.5,3,inter_cycle_dwell,45,2.9281043999999987,3268.0,-0.002897730212628199,17135.0,-0.00016782589215069872
2026-08-06,2026-08-06_200455_454425_1_R5_C6,5,400.0,3.5,4,holding,7,0.39619160000000164,-954.0,0.3092165767854773,17348.0,0.8967830351726452
2026-08-06,2026-08-06_200455_454425_1_R5_C6,5,400.0,3.5,4,inter_cycle_dwell,45,2.9439455000000017,2086.0,-0.0033855497622802995,17527.0,-0.0006898748664236985
2026-08-06,2026-08-06_200455_454425_1_R5_C6,5,400.0,3.5,5,holding,7,0.3980333999999992,3093.0,0.3251453751789307,17856.0,0.8627358242320755
2026-08-06,2026-08-06_200455_454425_1_R5_C6,5,400.0,3.5,5,inter_cycle_dwell,45,2.944055800000001,-5094.0,-0.0031320950281960996,16805.0,-0.0009819241308278992
2026-08-06,2026-08-06_200455_454425_1_R5_C6,5,400.0,3.5,6,holding,7,0.39903710000000103,-864.0,0.3229252863252092,18296.0,0.8417490064053537
2026-08-06,2026-08-06_200455_454425_1_R5_C6,5,400.0,3.5,6,inter_cycle_dwell,45,2.927935399999999,3406.0,-0.0032295616074400017,19131.0,-0.0003897077541628012
2026-08-06,2026-08-06_200455_454425_1_R5_C6,5,400.0,3.5,7,holding,8,0.46403339999999815,-746.0,0.38529378223090455,16858.0,0.82724434133038
2026-08-06,2026-08-06_200455_454425_1_R5_C6,5,400.0,3.5,7,inter_cycle_dwell,45,2.9378811999999996,3542.0,-0.004506474051157099,18898.0,-0.0008798896928397006
2026-08-06,2026-08-06_200455_454425_1_R5_C6,5,400.0,3.5,8,holding,7,0.39654070000000274,1190.0,0.3646110770294965,18416.0,0.8576586552556613
2026-08-06,2026-08-06_200455_454425_1_R5_C6,5,400.0,3.5,8,inter_cycle_dwell,45,2.928518699999998,-1097.0,-0.0025127342683634,12959.0,-0.0005586332421392004
2026-08-06,2026-08-06_200455_454425_1_R5_C6,5,400.0,3.5,9,holding,8,0.47215200000000124,-2128.0,0.37871056166259026,14589.0,0.8564362845411022
2026-08-06,2026-08-06_200455_454425_1_R5_C6,5,400.0,3.5,9,inter_cycle_dwell,46,2.9888770000000022,-1636.0,-0.002986340168966102,13828.0,-0.00018321174765055168
2026-08-06,2026-08-06_200455_454425_1_R5_C6,5,400.0,3.5,10,holding,8,0.4582199999999972,5458.0,0.448141573273265,17539.0,0.8470938019484253
2026-08-06,2026-08-06_200455_454425_1_R5_C6,5,400.0,3.5,10,inter_cycle_dwell,45,2.944176800000001,1482.0,-0.0023448451559611,15335.0,-0.00022227761073539964
2026-08-06,2026-08-06_200455_454425_1_R5_C6,5,400.0,3.5,11,holding,7,0.3983179000000021,3913.0,0.3067313133949747,17806.0,0.8229261185668825
2026-08-06,2026-08-06_200455_454425_1_R5_C6,5,400.0,3.5,11,inter_cycle_dwell,45,2.944977399999999,-3438.0,-0.0040128007752681,15856.0,-0.0003809897744848009
2026-08-06,2026-08-06_200455_454425_1_R5_C6,5,400.0,3.5,12,holding,7,0.3999965000000003,2726.0,0.30691989990060586,20229.0,0.8164936305991567
2026-08-06,2026-08-06_200455_454425_1_R5_C6,5,400.0,3.5,12,inter_cycle_dwell,45,2.9281171000000015,2945.0,-0.0044560998546944,20483.0,-0.0013236818439745987
2026-08-06,2026-08-06_200455_454425_1_R5_C6,5,400.0,3.5,13,holding,8,0.4636641000000026,981.0,0.3321341649524401,17717.0,0.8266551953486506
2026-08-06,2026-08-06_200455_454425_1_R5_C6,5,400.0,3.5,13,inter_cycle_dwell,45,2.943964500000007,-4337.0,-0.0047720778752319976,12719.0,-0.0005021267895692974
2026-08-06,2026-08-06_200455_454425_1_R5_C6,5,400.0,3.5,14,holding,7,0.40211269999998933,6534.0,0.3496928406202478,20854.0,0.8122712274263004
2026-08-06,2026-08-06_200455_454425_1_R5_C6,5,400.0,3.5,14,inter_cycle_dwell,45,2.9279968000000025,-7084.0,-0.004218463707152502,14611.0,-0.0007659422330777016
2026-08-06,2026-08-06_200455_454425_1_R5_C6,5,400.0,3.5,15,holding,8,0.4805206000000055,4760.0,0.37550776187217577,19129.0,0.80137343502719
2026-08-06,2026-08-06_200455_454425_1_R5_C6,5,400.0,3.5,15,inter_cycle_dwell,46,2.9919360000000097,-972.0,-0.006671369155728298,17091.0,-0.00046806257847874927
2026-08-06,2026-08-06_200455_454425_1_R5_C6,5,400.0,3.5,16,holding,8,0.46442650000000185,47.0,0.4578815247645525,15708.0,0.8106849371496508
2026-08-06,2026-08-06_200455_454425_1_R5_C6,5,400.0,3.5,16,inter_cycle_dwell,45,2.9384311000000025,-633.0,-0.0018170287396004,19038.0,-0.0005464848441583021
2026-08-06,2026-08-06_200455_454425_1_R5_C6,5,400.0,3.5,17,holding,8,0.4639133999999956,-4076.0,0.49020904323370074,13313.0,0.8310481844665591
2026-08-06,2026-08-06_200455_454425_1_R5_C6,5,400.0,3.5,17,inter_cycle_dwell,45,2.9274863999999923,-3534.0,-0.0007908635642902007,15691.0,-0.0006213291402098996
2026-08-06,2026-08-06_200455_454425_1_R5_C6,5,400.0,3.5,18,holding,7,0.4158867000000015,-1488.0,0.33369178981885617,17402.0,0.8416760352755449
2026-08-06,2026-08-06_200455_454425_1_R5_C6,5,400.0,3.5,18,inter_cycle_dwell,45,2.9311328000000003,1616.0,-0.0020172440619171013,16259.0,-0.0007280068910201012
2026-08-06,2026-08-06_200455_454425_1_R5_C6,5,400.0,3.5,19,holding,8,0.4663627000000048,6058.0,0.43217151317125996,18746.0,0.8342937134562847
2026-08-06,2026-08-06_200455_454425_1_R5_C6,5,400.0,3.5,19,inter_cycle_dwell,45,2.9431407000000007,-2012.0,-0.0019665979802633987,18036.0,-0.00017096947102039975
2026-08-06,2026-08-06_200455_454425_1_R5_C6,5,400.0,3.5,20,holding,7,0.40563530000000014,-2029.0,0.30133982405053855,17339.0,0.7984883534985591
2026-08-06,2026-08-06_201033_905050_1_R5_C7,5,600.0,1.75,1,holding,7,0.40801350000000003,-733.0,0.16802639057951207,12395.0,0.20028085227692194
2026-08-06,2026-08-06_201033_905050_1_R5_C7,5,600.0,1.75,1,inter_cycle_dwell,30,1.9320414000000006,5573.0,-0.057544885026988096,17070.0,-0.00043912633997674616
2026-08-06,2026-08-06_201033_905050_1_R5_C7,5,600.0,1.75,2,holding,7,0.3947521000000007,1042.0,0.1759642899993632,18619.0,0.18482248460376616
2026-08-06,2026-08-06_201033_905050_1_R5_C7,5,600.0,1.75,2,inter_cycle_dwell,30,1.9199931999999995,979.0,-0.07610802430152859,14752.0,4.27190466369496e-05
2026-08-06,2026-08-06_201033_905050_1_R5_C7,5,600.0,1.75,3,holding,8,0.4582208000000012,-2724.0,0.19365082495359237,15660.0,0.21278530428376163
2026-08-06,2026-08-06_201033_905050_1_R5_C7,5,600.0,1.75,3,inter_cycle_dwell,30,1.9360122999999998,1511.0,-0.0957615057727794,19586.0,0.0004239395763114993
2026-08-06,2026-08-06_201033_905050_1_R5_C7,5,600.0,1.75,4,holding,8,0.46378950000000074,1134.0,0.1458289662493224,15948.0,0.1526555061239489
2026-08-06,2026-08-06_201033_905050_1_R5_C7,5,600.0,1.75,4,inter_cycle_dwell,30,1.9360062000000013,886.0,-0.0364321256908646,17856.0,0.00016966475349325036
2026-08-06,2026-08-06_201033_905050_1_R5_C7,5,600.0,1.75,5,holding,7,0.3902971999999991,-3232.0,0.1248416887579639,14616.0,0.15131664686113006
2026-08-06,2026-08-06_201033_905050_1_R5_C7,5,600.0,1.75,5,inter_cycle_dwell,30,1.9360790000000012,-1539.0,-0.0496349820757923,18062.0,-0.00042165279014275137
2026-08-06,2026-08-06_201033_905050_1_R5_C7,5,600.0,1.75,6,holding,8,0.4564288999999988,3663.0,0.10979085183997571,17390.0,0.11722529245647076
2026-08-06,2026-08-06_201033_905050_1_R5_C7,5,600.0,1.75,6,inter_cycle_dwell,30,1.935854899999999,-1718.0,-0.030819307858753402,15692.0,-1.7404604187549327e-05
2026-08-06,2026-08-06_201033_905050_1_R5_C7,5,600.0,1.75,7,holding,8,0.46420430000000223,-1783.0,0.11330785003636809,16588.0,0.11647085300799984
2026-08-06,2026-08-06_201033_905050_1_R5_C7,5,600.0,1.75,7,inter_cycle_dwell,30,1.9272146999999968,-1059.0,-0.025999083788412404,17308.0,-0.00015081895191564922
2026-08-06,2026-08-06_201033_905050_1_R5_C7,5,600.0,1.75,8,holding,7,0.39883199999999874,-5583.0,0.1031888325510029,12827.0,0.11023946941513325
2026-08-06,2026-08-06_201033_905050_1_R5_C7,5,600.0,1.75,8,inter_cycle_dwell,30,1.9360970999999978,-4039.0,-0.0500965904054083,14606.0,-0.0002508747083330518
2026-08-06,2026-08-06_201033_905050_1_R5_C7,5,600.0,1.75,9,holding,8,0.4639319999999998,-3809.0,0.0928847642976726,15172.0,0.09654498487246545
2026-08-06,2026-08-06_201033_905050_1_R5_C7,5,600.0,1.75,9,inter_cycle_dwell,29,1.8566680000000026,-3115.0,-0.0189253866725851,17180.0,0.00047037167252110025
2026-08-06,2026-08-06_201033_905050_1_R5_C7,5,600.0,1.75,10,holding,8,0.46405479999999955,1742.0,0.0839741207492469,18092.0,0.0873156202865489
2026-08-06,2026-08-06_201033_905050_1_R5_C7,5,600.0,1.75,10,inter_cycle_dwell,30,1.935294600000006,-3190.0,-0.029774492641540203,14153.0,5.405921116715014e-05
2026-08-06,2026-08-06_201033_905050_1_R5_C7,5,600.0,1.75,11,holding,8,0.4638200999999995,1806.0,0.0745476876724945,19066.0,0.07983040143694055
2026-08-06,2026-08-06_201033_905050_1_R5_C7,5,600.0,1.75,11,inter_cycle_dwell,29,1.8720473000000055,1850.0,-0.021938428737601996,20677.0,-0.0002335209632039004
2026-08-06,2026-08-06_201033_905050_1_R5_C7,5,600.0,1.75,12,holding,8,0.491576699999996,6196.0,0.08050041055937651,20944.0,0.0831501274625081
2026-08-06,2026-08-06_201033_905050_1_R5_C7,5,600.0,1.75,12,inter_cycle_dwell,30,1.9326541000000006,2247.0,-0.020092622312084703,17605.0,0.00025625950762094875
2026-08-06,2026-08-06_201033_905050_1_R5_C7,5,600.0,1.75,13,holding,7,0.3991601999999972,8094.0,0.07263609067815001,20472.0,0.07896163348788876
2026-08-06,2026-08-06_201033_905050_1_R5_C7,5,600.0,1.75,13,inter_cycle_dwell,30,1.9359467999999964,2132.0,-0.0318432795798611,18425.0,-0.0001528869118097003
2026-08-06,2026-08-06_201033_905050_1_R5_C7,5,600.0,1.75,14,holding,7,0.399739799999999,449.0,0.0749973734032157,15244.0,0.0803304023553351
2026-08-06,2026-08-06_201033_905050_1_R5_C7,5,600.0,1.75,14,inter_cycle_dwell,30,1.9186979999999991,-952.0,-0.0357936297584939,16282.0,8.991850821910008e-05
2026-08-06,2026-08-06_201033_905050_1_R5_C7,5,600.0,1.75,15,holding,8,0.4640969999999953,-78.0,0.07652961712815048,18000.0,0.07998146785068999
2026-08-06,2026-08-06_201033_905050_1_R5_C7,5,600.0,1.75,15,inter_cycle_dwell,30,1.939249100000005,4661.0,-0.026361475500614098,19559.0,4.076649613215036e-05
2026-08-06,2026-08-06_201033_905050_1_R5_C7,5,600.0,1.75,16,holding,7,0.3998510000000053,-3501.0,0.072428059883436,16833.0,0.07888211907109705
2026-08-06,2026-08-06_201033_905050_1_R5_C7,5,600.0,1.75,16,inter_cycle_dwell,30,1.9360525000000024,-389.0,-0.0363832017494354,17379.0,-0.0004535742747611999
2026-08-06,2026-08-06_201033_905050_1_R5_C7,5,600.0,1.75,17,holding,8,0.4682030000000026,-1350.0,0.11638209116242179,17269.0,0.1215428766374289
2026-08-06,2026-08-06_201033_905050_1_R5_C7,5,600.0,1.75,17,inter_cycle_dwell,30,1.9335142999999988,1289.0,-0.028742998362238096,18511.0,-7.805746688240023e-05
2026-08-06,2026-08-06_201033_905050_1_R5_C7,5,600.0,1.75,18,holding,7,0.3925337000000013,-2261.0,0.09067284151180681,18800.0,0.1046596891534252
2026-08-06,2026-08-06_201033_905050_1_R5_C7,5,600.0,1.75,18,inter_cycle_dwell,30,1.9362358999999998,-1485.0,-0.04782178067917919,17076.0,-0.00025726552851590076
2026-08-06,2026-08-06_201033_905050_1_R5_C7,5,600.0,1.75,19,holding,7,0.40008399999999966,855.0,0.0938380541755065,19061.0,0.1160606239576289
2026-08-06,2026-08-06_201033_905050_1_R5_C7,5,600.0,1.75,19,inter_cycle_dwell,30,1.9360482000000019,3040.0,-0.0325366655749848,20592.0,0.00030527663117464916
2026-08-06,2026-08-06_201033_905050_1_R5_C7,5,600.0,1.75,20,holding,7,0.3998685999999907,6689.0,0.0899599745756437,22795.0,0.10087721788599385
2026-08-06,2026-08-06_201304_772051_1_R5_C8,5,600.0,2.625,1,holding,8,0.4637947,-3018.0,0.5406730608427622,17073.0,0.655662881798775
2026-08-06,2026-08-06_201304_772051_1_R5_C8,5,600.0,2.625,1,inter_cycle_dwell,30,1.9369661000000002,-1923.0,-0.106069099423913,14916.0,-0.00023349981471424905
2026-08-06,2026-08-06_201304_772051_1_R5_C8,5,600.0,2.625,2,holding,8,0.46099719999999955,3862.0,0.5022498237913705,20241.0,0.6180218815136094
2026-08-06,2026-08-06_201304_772051_1_R5_C8,5,600.0,2.625,2,inter_cycle_dwell,30,1.938504000000001,5036.0,-0.1063876092263572,19218.0,-0.0005572778000813502
2026-08-06,2026-08-06_201304_772051_1_R5_C8,5,600.0,2.625,3,holding,8,0.4889745999999988,7133.0,0.5093519956633011,19453.0,0.5999543309755138
2026-08-06,2026-08-06_201304_772051_1_R5_C8,5,600.0,2.625,3,inter_cycle_dwell,30,1.9439562000000006,-1955.0,-0.10387085535527549,16536.0,0.0006123758790973002
2026-08-06,2026-08-06_201304_772051_1_R5_C8,5,600.0,2.625,4,holding,8,0.4799369000000002,3701.0,0.4968729820207551,21448.0,0.5880581823094451
2026-08-06,2026-08-06_201304_772051_1_R5_C8,5,600.0,2.625,4,inter_cycle_dwell,30,1.9361344000000003,2573.0,-0.0827976826500404,19472.0,-5.4492876105049354e-05
2026-08-06,2026-08-06_201304_772051_1_R5_C8,5,600.0,2.625,5,holding,7,0.40020239999999774,-2605.0,0.39963702473141494,16273.0,0.5769639051856995
2026-08-06,2026-08-06_201304_772051_1_R5_C8,5,600.0,2.625,5,inter_cycle_dwell,30,1.9359161,4977.0,-0.11295597555262729,19788.0,-0.00022940210685210363
2026-08-06,2026-08-06_201304_772051_1_R5_C8,5,600.0,2.625,6,holding,7,0.39935429999999883,3778.0,0.39069785593738215,20263.0,0.5458661663991203
2026-08-06,2026-08-06_201304_772051_1_R5_C8,5,600.0,2.625,6,inter_cycle_dwell,30,1.9358866,-4683.0,-0.09331487000793101,13022.0,-0.00030319086862445194
2026-08-06,2026-08-06_201304_772051_1_R5_C8,5,600.0,2.625,7,holding,8,0.46408230000000117,2691.0,0.47524610890715846,22997.0,0.5244877459628231
2026-08-06,2026-08-06_201304_772051_1_R5_C8,5,600.0,2.625,7,inter_cycle_dwell,30,1.9341243999999982,-1785.0,-0.108766445537408,17655.0,0.00010552517466960037
2026-08-06,2026-08-06_201304_772051_1_R5_C8,5,600.0,2.625,8,holding,7,0.39971330000000194,-5844.0,0.36908494738392306,12967.0,0.5119829853263203
2026-08-06,2026-08-06_201304_772051_1_R5_C8,5,600.0,2.625,8,inter_cycle_dwell,30,1.9296244000000016,3116.0,-0.08562725562552231,21154.0,-0.0012505926833682006
2026-08-06,2026-08-06_201304_772051_1_R5_C8,5,600.0,2.625,9,holding,8,0.4640923000000008,-1537.0,0.47734240442162285,16632.0,0.537735477144532
2026-08-06,2026-08-06_201304_772051_1_R5_C8,5,600.0,2.625,9,inter_cycle_dwell,30,1.9349560999999973,-2743.0,-0.0761919338733552,17193.0,5.560850844139875e-05
2026-08-06,2026-08-06_201304_772051_1_R5_C8,5,600.0,2.625,10,holding,8,0.45629680000000405,-1794.0,0.473057893076248,20925.0,0.5346145100238576
2026-08-06,2026-08-06_201304_772051_1_R5_C8,5,600.0,2.625,10,inter_cycle_dwell,30,1.9420067000000003,2523.0,-0.12496155816484442,20100.0,-0.00045178418137525184
2026-08-06,2026-08-06_201304_772051_1_R5_C8,5,600.0,2.625,11,holding,7,0.4034977000000026,-6871.0,0.3822957122226718,14844.0,0.5299175901483539
2026-08-06,2026-08-06_201304_772051_1_R5_C8,5,600.0,2.625,11,inter_cycle_dwell,30,1.9449332000000012,2858.0,-0.07344949674642201,19204.0,-0.00014300744979635002
2026-08-06,2026-08-06_201304_772051_1_R5_C8,5,600.0,2.625,12,holding,8,0.48783989999999733,-4339.0,0.45562423798010654,19019.0,0.5221019519635973
2026-08-06,2026-08-06_201304_772051_1_R5_C8,5,600.0,2.625,12,inter_cycle_dwell,30,1.9359791999999985,-3757.0,-0.09611806922294061,17564.0,-0.0006087659070002013
2026-08-06,2026-08-06_201304_772051_1_R5_C8,5,600.0,2.625,13,holding,8,0.47977919999999585,-4842.0,0.4631347033271146,13884.0,0.5189732940927164
2026-08-06,2026-08-06_201304_772051_1_R5_C8,5,600.0,2.625,13,inter_cycle_dwell,30,1.9358636999999987,-779.0,-0.0793828699874925,17360.0,-0.0005125060228364474
2026-08-06,2026-08-06_201304_772051_1_R5_C8,5,600.0,2.625,14,holding,7,0.3933044000000052,7525.0,0.3465955444729017,19915.0,0.5115685840134085
2026-08-06,2026-08-06_201304_772051_1_R5_C8,5,600.0,2.625,14,inter_cycle_dwell,30,1.9362855000000039,1234.0,-0.078733097976325,18952.0,-7.167314889770099e-05
2026-08-06,2026-08-06_201304_772051_1_R5_C8,5,600.0,2.625,15,holding,7,0.39971969999999857,-4075.0,0.38648686951155076,14819.0,0.5224655192338605
2026-08-06,2026-08-06_201304_772051_1_R5_C8,5,600.0,2.625,15,inter_cycle_dwell,30,1.935973599999997,1404.0,-0.0870531390725251,19033.0,-0.00036948589728199796
2026-08-06,2026-08-06_201304_772051_1_R5_C8,5,600.0,2.625,16,holding,7,0.3990548000000018,-397.0,0.39397457196010643,20696.0,0.5183246955485763
2026-08-06,2026-08-06_201304_772051_1_R5_C8,5,600.0,2.625,16,inter_cycle_dwell,30,1.9302915000000027,5003.0,-0.1032627271210491,20586.0,-0.0008449893217745003
2026-08-06,2026-08-06_201304_772051_1_R5_C8,5,600.0,2.625,17,holding,7,0.39731420000000384,-7159.0,0.4038758762776344,14742.0,0.5135281018790703
2026-08-06,2026-08-06_201304_772051_1_R5_C8,5,600.0,2.625,17,inter_cycle_dwell,30,1.920084199999998,-1545.0,-0.0297749275180175,16724.0,-0.0006626135901814482
2026-08-06,2026-08-06_201304_772051_1_R5_C8,5,600.0,2.625,18,holding,7,0.4008802999999972,-1455.0,0.4093899321467224,15740.0,0.5089111254150799
2026-08-06,2026-08-06_201304_772051_1_R5_C8,5,600.0,2.625,18,inter_cycle_dwell,30,1.936655199999997,-3775.0,-0.0545827948646921,18909.0,-0.0006430700144458013
2026-08-06,2026-08-06_201304_772051_1_R5_C8,5,600.0,2.625,19,holding,8,0.4568577000000005,4159.0,0.39908621427823,23946.0,0.4997768212630521
2026-08-06,2026-08-06_201304_772051_1_R5_C8,5,600.0,2.625,19,inter_cycle_dwell,30,1.9460553000000118,-464.0,-0.0835132091616126,17218.0,-0.00032742002891400154
2026-08-06,2026-08-06_201304_772051_1_R5_C8,5,600.0,2.625,20,holding,8,0.47332969999999364,3656.0,0.4201280942233406,16406.0,0.4942825458950659
2026-08-06,2026-08-06_202208_781184_1_R5_C9,5,600.0,3.5,1,holding,7,0.3998085,-3406.0,0.6083205869125492,12903.0,2.0794259939597515
2026-08-06,2026-08-06_202208_781184_1_R5_C9,5,600.0,3.5,1,inter_cycle_dwell,30,1.9203025000000005,-941.0,-0.3567117319325819,13845.0,0.005683373023871896
2026-08-06,2026-08-06_202208_781184_1_R5_C9,5,600.0,3.5,2,holding,7,0.40025909999999953,3090.0,0.5317795316864509,18688.0,1.9217133937192046
2026-08-06,2026-08-06_202208_781184_1_R5_C9,5,600.0,3.5,2,inter_cycle_dwell,30,1.935248500000001,3422.0,-0.3166407439426664,17995.0,0.005517566906481766
2026-08-06,2026-08-06_202208_781184_1_R5_C9,5,600.0,3.5,3,holding,7,0.40695550000000047,2003.0,0.4046306376653326,20401.0,1.8902652593044753
2026-08-06,2026-08-06_202208_781184_1_R5_C9,5,600.0,3.5,3,inter_cycle_dwell,30,1.9361204999999995,-54.0,-0.3175813560825652,19207.0,0.009473977748067047
2026-08-06,2026-08-06_202208_781184_1_R5_C9,5,600.0,3.5,4,holding,7,0.3952200000000001,1258.0,0.44414957643270037,17659.0,1.8766396268883638
2026-08-06,2026-08-06_202208_781184_1_R5_C9,5,600.0,3.5,4,inter_cycle_dwell,30,1.9366789999999998,1865.0,-0.3392459669721189,17805.0,0.008952534177568486
2026-08-06,2026-08-06_202208_781184_1_R5_C9,5,600.0,3.5,5,holding,8,0.4564661000000001,-1216.0,0.9246293678096396,18513.0,1.9119249998896093
2026-08-06,2026-08-06_202208_781184_1_R5_C9,5,600.0,3.5,5,inter_cycle_dwell,30,1.9358243000000002,-1388.0,-0.3243842480997965,16107.0,0.010386521416543101
2026-08-06,2026-08-06_202208_781184_1_R5_C9,5,600.0,3.5,6,holding,8,0.46407819999999944,6125.0,0.8146686873556361,19499.0,1.9204491820560965
2026-08-06,2026-08-06_202208_781184_1_R5_C9,5,600.0,3.5,6,inter_cycle_dwell,31,1.9962916000000028,1628.0,-0.4453461713576423,18342.0,0.007764345148154106
2026-08-06,2026-08-06_202208_781184_1_R5_C9,5,600.0,3.5,7,holding,8,0.4637291999999995,4443.0,0.7833422855147278,20464.0,1.902748982917108
2026-08-06,2026-08-06_202208_781184_1_R5_C9,5,600.0,3.5,7,inter_cycle_dwell,30,1.936335200000002,-5012.0,-0.3848078095788527,15628.0,0.008821563515229947
2026-08-06,2026-08-06_202208_781184_1_R5_C9,5,600.0,3.5,8,holding,8,0.465422199999999,1940.0,0.7124137856111403,15776.0,1.9155238166708237
2026-08-06,2026-08-06_202208_781184_1_R5_C9,5,600.0,3.5,8,inter_cycle_dwell,30,1.9412231999999996,-1746.0,-0.3754081015999621,17719.0,0.010358870148689747
2026-08-06,2026-08-06_202208_781184_1_R5_C9,5,600.0,3.5,9,holding,7,0.4003103999999986,2698.0,0.6861716247505507,20961.0,1.9210705749833095
2026-08-06,2026-08-06_202208_781184_1_R5_C9,5,600.0,3.5,9,inter_cycle_dwell,30,1.935547299999996,-889.0,-0.38610854842839726,14643.0,0.014994458938579758
2026-08-06,2026-08-06_202208_781184_1_R5_C9,5,600.0,3.5,10,holding,7,0.39996510000000285,2858.0,0.589779088921895,18788.0,1.95315938532521
2026-08-06,2026-08-06_202208_781184_1_R5_C9,5,600.0,3.5,10,inter_cycle_dwell,30,1.9358197000000033,-469.0,-0.28883280563909075,15294.0,0.012290973569157398
2026-08-06,2026-08-06_202208_781184_1_R5_C9,5,600.0,3.5,11,holding,7,0.3998988999999966,4151.0,0.6014163791913241,19638.0,1.9602312841325815
2026-08-06,2026-08-06_202208_781184_1_R5_C9,5,600.0,3.5,11,inter_cycle_dwell,30,1.935884299999998,-4588.0,-0.3201519866846698,13458.0,0.00977703961752771
2026-08-06,2026-08-06_202208_781184_1_R5_C9,5,600.0,3.5,12,holding,7,0.3942811000000006,4924.0,0.43576366161004954,20248.0,1.876515612898976
2026-08-06,2026-08-06_202208_781184_1_R5_C9,5,600.0,3.5,12,inter_cycle_dwell,30,1.9359615999999988,1296.0,-0.3367497379199249,16587.0,0.0008923143398572031
2026-08-06,2026-08-06_202208_781184_1_R5_C9,5,600.0,3.5,13,holding,7,0.3945237000000006,-1065.0,0.5285266411842235,16202.0,1.8435615001297758
2026-08-06,2026-08-06_202208_781184_1_R5_C9,5,600.0,3.5,13,inter_cycle_dwell,30,1.9360077000000047,1937.0,-0.407396909540479,19312.0,0.009946430654912311
2026-08-06,2026-08-06_202208_781184_1_R5_C9,5,600.0,3.5,14,holding,7,0.40010110000000054,664.0,0.6780501942080377,17284.0,1.881820512278429
2026-08-06,2026-08-06_202208_781184_1_R5_C9,5,600.0,3.5,14,inter_cycle_dwell,30,1.9359710999999962,3606.0,-0.3939274174734493,20054.0,0.00815334259562954
2026-08-06,2026-08-06_202208_781184_1_R5_C9,5,600.0,3.5,15,holding,7,0.40001219999999904,3355.0,0.6015850706371642,17168.0,1.8377219725235399
2026-08-06,2026-08-06_202208_781184_1_R5_C9,5,600.0,3.5,15,inter_cycle_dwell,30,1.936281700000002,-2858.0,-0.2898751940174377,17049.0,0.010949226437098059
2026-08-06,2026-08-06_202208_781184_1_R5_C9,5,600.0,3.5,16,holding,7,0.3908790000000053,5590.0,0.5729203339627484,18005.0,1.8774278055844744
2026-08-06,2026-08-06_202208_781184_1_R5_C9,5,600.0,3.5,16,inter_cycle_dwell,30,1.936156099999998,-2517.0,-0.3318153055677844,14731.0,0.005850175486674707
2026-08-06,2026-08-06_202208_781184_1_R5_C9,5,600.0,3.5,17,holding,8,0.4641951999999989,1909.0,0.8562832172640128,16614.0,1.8531603698669665
2026-08-06,2026-08-06_202208_781184_1_R5_C9,5,600.0,3.5,17,inter_cycle_dwell,30,1.931763199999999,-1241.0,-0.2541942112676485,18282.0,0.011647072281929058
2026-08-06,2026-08-06_202208_781184_1_R5_C9,5,600.0,3.5,18,holding,8,0.46388869999999827,-352.0,0.8056076463700599,18773.0,1.8625155359466747
2026-08-06,2026-08-06_202208_781184_1_R5_C9,5,600.0,3.5,18,inter_cycle_dwell,30,1.9360652000000016,1110.0,-0.4736001162483318,18507.0,0.006121490105114702
2026-08-06,2026-08-06_202208_781184_1_R5_C9,5,600.0,3.5,19,holding,8,0.48405300000000295,509.0,0.8299309758041458,17625.0,1.797357657659618
2026-08-06,2026-08-06_202208_781184_1_R5_C9,5,600.0,3.5,19,inter_cycle_dwell,30,1.9357473999999968,155.0,-0.2501191350249613,17172.0,0.008887144502088107
2026-08-06,2026-08-06_202208_781184_1_R5_C9,5,600.0,3.5,20,holding,8,0.4616537000000136,-1070.0,0.6846972899363823,14470.0,1.7884234029597168
2026-08-06,2026-08-06_202937_503280_1_R6_C1,6,200.0,1.75,1,holding,8,0.46422700000000017,1794.0,0.2774454675931488,18508.0,1.012663167293871
2026-08-06,2026-08-06_202937_503280_1_R6_C1,6,200.0,1.75,1,inter_cycle_dwell,30,1.9358377000000004,1928.0,-0.16446087979359075,16562.0,0.02046383691499698
2026-08-06,2026-08-06_202937_503280_1_R6_C1,6,200.0,1.75,2,holding,7,0.4012323000000002,-1108.0,0.25367437755744393,13220.0,0.9745127193821708
2026-08-06,2026-08-06_202937_503280_1_R6_C1,6,200.0,1.75,2,inter_cycle_dwell,30,1.9439465999999994,-1818.0,-0.10976875430663086,13014.0,0.023935570208489076
2026-08-06,2026-08-06_202937_503280_1_R6_C1,6,200.0,1.75,3,holding,8,0.44949450000000013,-4669.0,0.23897699214007573,15249.0,0.9131215988898944
2026-08-06,2026-08-06_202937_503280_1_R6_C1,6,200.0,1.75,3,inter_cycle_dwell,30,1.9321200999999988,-114.0,-0.1449046120032934,14591.0,0.00846678385762667
2026-08-06,2026-08-06_202937_503280_1_R6_C1,6,200.0,1.75,4,holding,7,0.3871683000000008,3275.0,0.13129596015149847,14615.0,0.890342811311312
2026-08-06,2026-08-06_202937_503280_1_R6_C1,6,200.0,1.75,4,inter_cycle_dwell,30,1.917045100000001,6397.0,-0.17104001112956313,18883.0,0.010801118234985752
2026-08-06,2026-08-06_202937_503280_1_R6_C1,6,200.0,1.75,5,holding,7,0.3992929000000025,361.0,0.20125098335577718,16737.0,0.8710025507691226
2026-08-06,2026-08-06_202937_503280_1_R6_C1,6,200.0,1.75,5,inter_cycle_dwell,29,1.8559401000000015,931.0,-0.09020329530275445,16001.0,0.009082676287233693
2026-08-06,2026-08-06_202937_503280_1_R6_C1,6,200.0,1.75,6,holding,7,0.4007757000000005,-1727.0,0.27197037669713153,12678.0,0.8890826076776726
2026-08-06,2026-08-06_202937_503280_1_R6_C1,6,200.0,1.75,6,inter_cycle_dwell,30,1.9363670999999982,-2902.0,-0.15982942780860682,16146.0,0.011865678265559565
2026-08-06,2026-08-06_202937_503280_1_R6_C1,6,200.0,1.75,7,holding,8,0.4655155999999998,-100.0,0.3530290168870669,15768.0,0.8676274751836371
2026-08-06,2026-08-06_202937_503280_1_R6_C1,6,200.0,1.75,7,inter_cycle_dwell,30,1.9402507,77.0,-0.20812869681336033,13655.0,0.003941373422209515
2026-08-06,2026-08-06_202937_503280_1_R6_C1,6,200.0,1.75,8,holding,7,0.3999964000000027,1449.0,0.26833183531690574,15516.0,0.850977143282005
2026-08-06,2026-08-06_202937_503280_1_R6_C1,6,200.0,1.75,8,inter_cycle_dwell,30,1.9424744999999994,-1224.0,-0.13291440248116426,16452.0,0.008543062790659972
2026-08-06,2026-08-06_202937_503280_1_R6_C1,6,200.0,1.75,9,holding,8,0.463033700000004,4856.0,0.3129436687260725,16827.0,0.8576648340130487
2026-08-06,2026-08-06_202937_503280_1_R6_C1,6,200.0,1.75,9,inter_cycle_dwell,30,1.9393145000000018,4229.0,-0.15858766853003753,20293.0,0.010304241640805734
2026-08-06,2026-08-06_202937_503280_1_R6_C1,6,200.0,1.75,10,holding,7,0.3980654000000001,-3268.0,0.18574488944793544,13453.0,0.8403355543873766
2026-08-06,2026-08-06_202937_503280_1_R6_C1,6,200.0,1.75,10,inter_cycle_dwell,30,1.9403660999999985,-2085.0,-0.12808843970294237,14777.0,0.00732582309205565
2026-08-06,2026-08-06_202937_503280_1_R6_C1,6,200.0,1.75,11,holding,8,0.46109529999999666,1943.0,0.237968931972955,16668.0,0.8333221159885607
2026-08-06,2026-08-06_202937_503280_1_R6_C1,6,200.0,1.75,11,inter_cycle_dwell,30,1.9358848999999978,-2337.0,-0.15681627398648118,16565.0,0.011245391660390625
2026-08-06,2026-08-06_202937_503280_1_R6_C1,6,200.0,1.75,12,holding,8,0.46402169999999643,4240.0,0.30237931133041496,16896.0,0.8325923616874562
2026-08-06,2026-08-06_202937_503280_1_R6_C1,6,200.0,1.75,12,inter_cycle_dwell,30,1.9362105000000014,2879.0,-0.191673500955849,17374.0,0.0035717057987169065
2026-08-06,2026-08-06_202937_503280_1_R6_C1,6,200.0,1.75,13,holding,8,0.47202159999999793,1751.0,0.31225278981577087,14665.0,0.8101631955960882
2026-08-06,2026-08-06_202937_503280_1_R6_C1,6,200.0,1.75,13,inter_cycle_dwell,31,1.9983391000000026,2787.0,-0.18211667110605334,17399.0,0.005270899854857625
2026-08-06,2026-08-06_202937_503280_1_R6_C1,6,200.0,1.75,14,holding,8,0.45794539999999984,-2890.0,0.2297947151137576,16015.0,0.8041718933474508
2026-08-06,2026-08-06_202937_503280_1_R6_C1,6,200.0,1.75,14,inter_cycle_dwell,30,1.9355117000000064,-1049.0,-0.14571776820483212,11775.0,0.007353191794416014
2026-08-06,2026-08-06_202937_503280_1_R6_C1,6,200.0,1.75,15,holding,8,0.4587122000000008,74.0,0.24309019203089965,13139.0,0.8088210026346048
2026-08-06,2026-08-06_202937_503280_1_R6_C1,6,200.0,1.75,15,inter_cycle_dwell,30,1.933720099999995,338.0,-0.16153186115477597,16729.0,0.0067258868441505415
2026-08-06,2026-08-06_202937_503280_1_R6_C1,6,200.0,1.75,16,holding,7,0.39172980000000024,-599.0,0.17463906657392392,14968.0,0.8055605397528194
2026-08-06,2026-08-06_202937_503280_1_R6_C1,6,200.0,1.75,16,inter_cycle_dwell,30,1.9359096999999963,-582.0,-0.18876364857262973,16022.0,0.006481176097229924
2026-08-06,2026-08-06_202937_503280_1_R6_C1,6,200.0,1.75,17,holding,8,0.4641912000000019,3969.0,0.21656877868076574,17515.0,0.809339003501208
2026-08-06,2026-08-06_202937_503280_1_R6_C1,6,200.0,1.75,17,inter_cycle_dwell,30,1.9359249000000034,2698.0,-0.13363720735150525,16027.0,0.008180946603982775
2026-08-06,2026-08-06_202937_503280_1_R6_C1,6,200.0,1.75,18,holding,8,0.4742221999999998,-2970.0,0.28784334495036157,15449.0,0.8049630160132507
2026-08-06,2026-08-06_202937_503280_1_R6_C1,6,200.0,1.75,18,inter_cycle_dwell,30,1.9307292000000018,238.0,-0.1889177610655136,15973.0,0.0009619566991971862
2026-08-06,2026-08-06_202937_503280_1_R6_C1,6,200.0,1.75,19,holding,8,0.47586599999999635,1232.0,0.3148353115233624,16885.0,0.821398977885124
2026-08-06,2026-08-06_202937_503280_1_R6_C1,6,200.0,1.75,19,inter_cycle_dwell,30,1.9305709000000064,-212.0,-0.16995360222016204,13533.0,0.006763367502791773
2026-08-06,2026-08-06_202937_503280_1_R6_C1,6,200.0,1.75,20,holding,8,0.47497909999999877,2570.0,0.2523285391272889,15337.0,0.8007398861110793
2026-08-06,2026-08-06_203241_232640_1_R6_C2,6,200.0,2.625,1,holding,8,0.4634543999999998,988.0,0.31634614544235307,15090.0,1.381908675505432
2026-08-06,2026-08-06_203241_232640_1_R6_C2,6,200.0,2.625,1,inter_cycle_dwell,30,1.9367219000000002,-755.0,-0.17636391828173986,14508.0,0.017135439623419513
2026-08-06,2026-08-06_203241_232640_1_R6_C2,6,200.0,2.625,2,holding,8,0.46265970000000056,2579.0,0.2946228920803804,16607.0,1.5376619814646744
2026-08-06,2026-08-06_203241_232640_1_R6_C2,6,200.0,2.625,2,inter_cycle_dwell,30,1.9416320999999996,2364.0,-0.11281540694604059,17173.0,-0.004417583713587081
2026-08-06,2026-08-06_203241_232640_1_R6_C2,6,200.0,2.625,3,holding,7,0.40041249999999984,-7564.0,0.2531812245249314,9779.0,1.3957828591891064
2026-08-06,2026-08-06_203241_232640_1_R6_C2,6,200.0,2.625,3,inter_cycle_dwell,30,1.9389020000000006,2410.0,-0.10473301504230237,16769.0,0.004956429301559151
2026-08-06,2026-08-06_203241_232640_1_R6_C2,6,200.0,2.625,4,holding,8,0.46346179999999926,-3436.0,0.34080003488167687,13096.0,1.4002294389142007
2026-08-06,2026-08-06_203241_232640_1_R6_C2,6,200.0,2.625,4,inter_cycle_dwell,30,1.9277390000000025,-2279.0,-0.15181841743198976,14785.0,0.007641315250897507
2026-08-06,2026-08-06_203241_232640_1_R6_C2,6,200.0,2.625,5,holding,8,0.4641237999999994,-952.0,0.32322447130549437,12189.0,1.433510878317385
2026-08-06,2026-08-06_203241_232640_1_R6_C2,6,200.0,2.625,5,inter_cycle_dwell,30,1.9262683000000003,-4378.0,-0.1367568060076585,11034.0,0.005899138556902439
2026-08-06,2026-08-06_203241_232640_1_R6_C2,6,200.0,2.625,6,holding,7,0.40008399999999966,1790.0,0.12984929579083682,17689.0,1.1958752017668122
2026-08-06,2026-08-06_203241_232640_1_R6_C2,6,200.0,2.625,6,inter_cycle_dwell,30,1.9357937000000014,-349.0,-0.10402359563676938,14203.0,0.010209585905400831
2026-08-06,2026-08-06_203241_232640_1_R6_C2,6,200.0,2.625,7,holding,8,0.4732833999999997,-2030.0,0.2830902356863576,10713.0,1.2921286154405118
2026-08-06,2026-08-06_203241_232640_1_R6_C2,6,200.0,2.625,7,inter_cycle_dwell,30,1.9404336000000022,-2670.0,-0.1564191698420715,13018.0,0.007940341774591853
2026-08-06,2026-08-06_203241_232640_1_R6_C2,6,200.0,2.625,8,holding,7,0.40542830000000407,3920.0,0.28741827576206735,17883.0,1.3731256759847752
2026-08-06,2026-08-06_203241_232640_1_R6_C2,6,200.0,2.625,8,inter_cycle_dwell,30,1.9362350000000035,-651.0,-0.09274297988517749,16307.0,0.013929969446814516
2026-08-06,2026-08-06_203241_232640_1_R6_C2,6,200.0,2.625,9,holding,7,0.4106737000000038,1134.0,0.2572125666877152,15251.0,1.4261474748359677
2026-08-06,2026-08-06_203241_232640_1_R6_C2,6,200.0,2.625,9,inter_cycle_dwell,30,1.946356299999998,-271.0,-0.15110923044145197,17112.0,0.008898181845737985
2026-08-06,2026-08-06_203241_232640_1_R6_C2,6,200.0,2.625,10,holding,7,0.4048244999999966,-503.0,0.1983572141588632,14555.0,1.339530228392971
2026-08-06,2026-08-06_203241_232640_1_R6_C2,6,200.0,2.625,10,inter_cycle_dwell,30,1.9362514000000033,4029.0,-0.08639400636849098,19042.0,0.01244614394275273
2026-08-06,2026-08-06_203241_232640_1_R6_C2,6,200.0,2.625,11,holding,8,0.4642526000000018,-1715.0,0.3348490641474946,14826.0,1.3526713379206248
2026-08-06,2026-08-06_203241_232640_1_R6_C2,6,200.0,2.625,11,inter_cycle_dwell,30,1.9434170999999978,422.0,-0.1422132941643019,14396.0,0.015158499456912
2026-08-06,2026-08-06_203241_232640_1_R6_C2,6,200.0,2.625,12,holding,7,0.4008881000000031,694.0,0.2080554069992273,14449.0,1.3368956694112593
2026-08-06,2026-08-06_203241_232640_1_R6_C2,6,200.0,2.625,12,inter_cycle_dwell,31,1.9954305999999988,-2611.0,-0.15547517438490221,15760.0,0.00953560105575929
2026-08-06,2026-08-06_203241_232640_1_R6_C2,6,200.0,2.625,13,holding,8,0.46459809999999635,176.0,0.24396026832971507,14262.0,1.2920871224160762
2026-08-06,2026-08-06_203241_232640_1_R6_C2,6,200.0,2.625,13,inter_cycle_dwell,30,1.9420162999999988,2358.0,-0.1532723753124517,16719.0,0.002934683369074209
2026-08-06,2026-08-06_203241_232640_1_R6_C2,6,200.0,2.625,14,holding,7,0.401723699999998,-827.0,0.2707899099926766,15695.0,1.2204703589123542
2026-08-06,2026-08-06_203241_232640_1_R6_C2,6,200.0,2.625,14,inter_cycle_dwell,30,1.9357933000000003,-3631.0,-0.0990757940618584,14326.0,0.0052666739333129264
2026-08-06,2026-08-06_203241_232640_1_R6_C2,6,200.0,2.625,15,holding,8,0.4644935999999973,-509.0,0.2854857260466497,16890.0,1.329818587594837
2026-08-06,2026-08-06_203241_232640_1_R6_C2,6,200.0,2.625,15,inter_cycle_dwell,30,1.920009499999992,-5639.0,0.01532440496781673,12863.0,0.12537784390364076
2026-08-06,2026-08-06_203241_232640_1_R6_C2,6,200.0,2.625,16,holding,8,0.46401579999999853,-1501.0,0.1947635862223558,13622.0,1.2857310367657362
2026-08-06,2026-08-06_203241_232640_1_R6_C2,6,200.0,2.625,16,inter_cycle_dwell,30,1.936271099999999,-62.0,-0.11344588892703655,17132.0,0.00752128872419322
2026-08-06,2026-08-06_203241_232640_1_R6_C2,6,200.0,2.625,17,holding,7,0.39566929999999445,5244.0,0.17758195227786122,17750.0,1.2899599429139932
2026-08-06,2026-08-06_203241_232640_1_R6_C2,6,200.0,2.625,17,inter_cycle_dwell,30,1.936187700000005,-558.0,-0.16983033507555512,18216.0,0.009804804836724967
2026-08-06,2026-08-06_203241_232640_1_R6_C2,6,200.0,2.625,18,holding,7,0.39998090000000275,4625.0,0.2291361102745475,16199.0,1.3980091649875104
2026-08-06,2026-08-06_203241_232640_1_R6_C2,6,200.0,2.625,18,inter_cycle_dwell,30,1.936035000000004,-513.0,-0.0922897612063377,14881.0,0.013222204424120365
2026-08-06,2026-08-06_203241_232640_1_R6_C2,6,200.0,2.625,19,holding,8,0.4648210000000006,-1066.0,0.2900629147079572,15035.0,1.4022734565584454
2026-08-06,2026-08-06_203241_232640_1_R6_C2,6,200.0,2.625,19,inter_cycle_dwell,30,1.9362449000000055,7322.0,-0.14574174960082042,17973.0,0.006247609401425769
2026-08-06,2026-08-06_203241_232640_1_R6_C2,6,200.0,2.625,20,holding,7,0.4001107999999931,1247.0,0.2530534538287672,15165.0,1.3095849857873256
2026-08-06,2026-08-06_203541_327988_1_R6_C3,6,200.0,3.5,1,holding,8,0.4641727000000002,1495.0,0.5889190427230722,13593.0,2.275746402330604
2026-08-06,2026-08-06_203541_327988_1_R6_C3,6,200.0,3.5,1,inter_cycle_dwell,30,1.9358667,2257.0,-0.08038626808485,16707.0,0.008638910487406226
2026-08-06,2026-08-06_203541_327988_1_R6_C3,6,200.0,3.5,2,holding,7,0.40004740000000005,-3956.0,0.483312327295375,11609.0,2.2128240267783776
2026-08-06,2026-08-06_203541_327988_1_R6_C3,6,200.0,3.5,2,inter_cycle_dwell,30,1.935864500000001,555.0,-0.10358013905843555,16273.0,0.00884267765911917
2026-08-06,2026-08-06_203541_327988_1_R6_C3,6,200.0,3.5,3,holding,8,0.4835799999999999,478.0,0.49893523384062166,15398.0,2.1331712015980395
2026-08-06,2026-08-06_203541_327988_1_R6_C3,6,200.0,3.5,3,inter_cycle_dwell,30,1.940010299999999,-3059.0,-0.11988974329061403,15364.0,0.009352752251832519
2026-08-06,2026-08-06_203541_327988_1_R6_C3,6,200.0,3.5,4,holding,7,0.40069349999999915,1373.0,0.1786277630769042,15204.0,1.706689032413507
2026-08-06,2026-08-06_203541_327988_1_R6_C3,6,200.0,3.5,4,inter_cycle_dwell,30,1.9385158999999987,-2088.0,-0.10633328751227739,16121.0,0.01694941759589863
2026-08-06,2026-08-06_203541_327988_1_R6_C3,6,200.0,3.5,5,holding,7,0.4000058000000024,-3124.0,0.07287389286096713,13291.0,1.5390645287300935
2026-08-06,2026-08-06_203541_327988_1_R6_C3,6,200.0,3.5,5,inter_cycle_dwell,30,1.9359065000000015,-3299.0,-0.08882852323774487,13560.0,0.011283968187029703
2026-08-06,2026-08-06_203541_327988_1_R6_C3,6,200.0,3.5,6,holding,7,0.39985980000000154,728.0,0.22987114944222276,16089.0,1.6726027968183974
2026-08-06,2026-08-06_203541_327988_1_R6_C3,6,200.0,3.5,6,inter_cycle_dwell,30,1.9359418999999995,80.0,-0.10145719960470362,16694.0,0.01650046643202313
2026-08-06,2026-08-06_203541_327988_1_R6_C3,6,200.0,3.5,7,holding,7,0.39904380000000117,5607.0,0.18621809728050698,19265.0,1.6474018735145437
2026-08-06,2026-08-06_203541_327988_1_R6_C3,6,200.0,3.5,7,inter_cycle_dwell,31,2.0033624000000003,2338.0,-0.1576355676936257,13888.0,0.009247762805218107
2026-08-06,2026-08-06_203541_327988_1_R6_C3,6,200.0,3.5,8,holding,8,0.46405510000000305,4340.0,0.44804393265151776,17298.0,2.106950846488891
2026-08-06,2026-08-06_203541_327988_1_R6_C3,6,200.0,3.5,8,inter_cycle_dwell,30,1.9310006000000044,-1264.0,-0.14606596510008568,13365.0,-0.0002781503638494831
2026-08-06,2026-08-06_203541_327988_1_R6_C3,6,200.0,3.5,9,holding,7,0.40031079999999974,-1504.0,0.3187935869728704,16327.0,2.0932648655061197
2026-08-06,2026-08-06_203541_327988_1_R6_C3,6,200.0,3.5,9,inter_cycle_dwell,30,1.9357603999999995,957.0,-0.08861437638189162,16955.0,0.009464137881433576
2026-08-06,2026-08-06_203541_327988_1_R6_C3,6,200.0,3.5,10,holding,8,0.48047809999999913,-2833.0,0.34216398551677996,10789.0,1.7492008060459523
2026-08-06,2026-08-06_203541_327988_1_R6_C3,6,200.0,3.5,10,inter_cycle_dwell,31,1.999954499999994,2719.0,-0.15562820442165043,16582.0,0.014082621742035673
2026-08-06,2026-08-06_203541_327988_1_R6_C3,6,200.0,3.5,11,holding,8,0.4639756000000048,-2184.0,0.3366599833214696,14175.0,1.9492041233902868
2026-08-06,2026-08-06_203541_327988_1_R6_C3,6,200.0,3.5,11,inter_cycle_dwell,30,1.9363390000000038,2139.0,-0.11561752253482782,18543.0,0.012458929588208711
2026-08-06,2026-08-06_203541_327988_1_R6_C3,6,200.0,3.5,12,holding,7,0.39972190000000296,-4207.0,0.39602494832354895,11010.0,2.0394342224377864
2026-08-06,2026-08-06_203541_327988_1_R6_C3,6,200.0,3.5,12,inter_cycle_dwell,30,1.929183700000003,-1027.0,-0.07090756711426882,17010.0,0.00647773978091698
2026-08-06,2026-08-06_203541_327988_1_R6_C3,6,200.0,3.5,13,holding,7,0.4000246999999959,153.0,0.38356508478380413,17028.0,2.1852629398414716
2026-08-06,2026-08-06_203541_327988_1_R6_C3,6,200.0,3.5,13,inter_cycle_dwell,30,1.936027099999997,-1046.0,-0.11051010558371122,15457.0,0.01996737792809533
2026-08-06,2026-08-06_203541_327988_1_R6_C3,6,200.0,3.5,14,holding,7,0.4000794999999897,1987.0,0.45290349325101165,16156.0,2.1996329322877264
2026-08-06,2026-08-06_203541_327988_1_R6_C3,6,200.0,3.5,14,inter_cycle_dwell,30,1.9359876999999983,-1126.0,-0.08335335963925611,15374.0,0.011067083910393405
2026-08-06,2026-08-06_203541_327988_1_R6_C3,6,200.0,3.5,15,holding,8,0.46438910000000533,245.0,0.5294028844207448,14895.0,2.1097604689087985
2026-08-06,2026-08-06_203541_327988_1_R6_C3,6,200.0,3.5,15,inter_cycle_dwell,30,1.9361265999999944,2578.0,-0.11129962821330269,17412.0,0.011330042945947694
2026-08-06,2026-08-06_203541_327988_1_R6_C3,6,200.0,3.5,16,holding,7,0.3998773,5283.0,0.45292749657798614,17135.0,2.137691324429035
2026-08-06,2026-08-06_203541_327988_1_R6_C3,6,200.0,3.5,16,inter_cycle_dwell,30,1.928553700000009,1980.0,-0.1070352795857048,17058.0,0.013380088072793783
2026-08-06,2026-08-06_203541_327988_1_R6_C3,6,200.0,3.5,17,holding,8,0.45951929999999663,2180.0,0.5866303311527568,14592.0,2.1710043325085935
2026-08-06,2026-08-06_203541_327988_1_R6_C3,6,200.0,3.5,17,inter_cycle_dwell,30,1.9365728000000075,2856.0,-0.07625289243386929,17630.0,0.014383315378653505
2026-08-06,2026-08-06_203541_327988_1_R6_C3,6,200.0,3.5,18,holding,8,0.4797869000000077,-1222.0,0.6265030075400118,12403.0,2.1867790319058646
2026-08-06,2026-08-06_203541_327988_1_R6_C3,6,200.0,3.5,18,inter_cycle_dwell,30,1.9358521000000053,-141.0,-0.06525490875096912,18489.0,0.013523394846843062
2026-08-06,2026-08-06_203541_327988_1_R6_C3,6,200.0,3.5,19,holding,8,0.46334759999999164,-2511.0,0.5316840428172196,14588.0,2.170785580481401
2026-08-06,2026-08-06_203541_327988_1_R6_C3,6,200.0,3.5,19,inter_cycle_dwell,30,1.9358256999999952,-3620.0,-0.11316285087060762,15788.0,0.011846378392143697
2026-08-06,2026-08-06_203541_327988_1_R6_C3,6,200.0,3.5,20,holding,7,0.40002550000001236,-5871.0,0.5268550678709754,11641.0,2.2605141642067297
2026-08-06,2026-08-06_203834_012908_1_R6_C4,6,400.0,1.75,1,holding,7,0.4000121000000001,-1609.0,0.3548536518115974,11813.0,0.7933602253967647
2026-08-06,2026-08-06_203834_012908_1_R6_C4,6,400.0,1.75,1,inter_cycle_dwell,30,1.9418666999999998,-2937.0,-0.3209584169010034,12833.0,0.005058236595122889
2026-08-06,2026-08-06_203834_012908_1_R6_C4,6,400.0,1.75,2,holding,8,0.4617797999999995,1045.0,0.3727674922439548,16780.0,0.768046946338595
2026-08-06,2026-08-06_203834_012908_1_R6_C4,6,400.0,1.75,2,inter_cycle_dwell,29,1.8585403000000005,2294.0,-0.19800815125102456,16545.0,0.012717898827582175
2026-08-06,2026-08-06_203834_012908_1_R6_C4,6,400.0,1.75,3,holding,8,0.45809699999999864,4319.0,0.3900288740205196,16580.0,0.7464009574945032
2026-08-06,2026-08-06_203834_012908_1_R6_C4,6,400.0,1.75,3,inter_cycle_dwell,30,1.9438648,-1389.0,-0.3938354559019323,14876.0,0.007572569847121902
2026-08-06,2026-08-06_203834_012908_1_R6_C4,6,400.0,1.75,4,holding,8,0.48429639999999985,-2946.0,0.4820486820854175,12728.0,0.7649658915487865
2026-08-06,2026-08-06_203834_012908_1_R6_C4,6,400.0,1.75,4,inter_cycle_dwell,30,1.934289999999999,3270.0,-0.24985291748266575,16064.0,0.01347702633788933
2026-08-06,2026-08-06_203834_012908_1_R6_C4,6,400.0,1.75,5,holding,8,0.46002149999999986,-51.0,0.4755616077226825,18645.0,0.7642671809111895
2026-08-06,2026-08-06_203834_012908_1_R6_C4,6,400.0,1.75,5,inter_cycle_dwell,30,1.9274783000000006,441.0,-0.23488695360925255,15456.0,0.008232711690233319
2026-08-06,2026-08-06_203834_012908_1_R6_C4,6,400.0,1.75,6,holding,7,0.4002231999999992,-541.0,0.30507089018826167,14162.0,0.7709538689883781
2026-08-06,2026-08-06_203834_012908_1_R6_C4,6,400.0,1.75,6,inter_cycle_dwell,30,1.9295307999999984,3129.0,-0.34245552401014057,19080.0,0.005714326667138558
2026-08-06,2026-08-06_203834_012908_1_R6_C4,6,400.0,1.75,7,holding,8,0.4641686999999983,1256.0,0.3615223515360383,16262.0,0.7458328873659165
2026-08-06,2026-08-06_203834_012908_1_R6_C4,6,400.0,1.75,7,inter_cycle_dwell,30,1.9361189000000003,10.0,-0.3852627126964765,13861.0,0.00642917246359942
2026-08-06,2026-08-06_203834_012908_1_R6_C4,6,400.0,1.75,8,holding,8,0.4802236999999998,1196.0,0.4417212891081782,14963.0,0.7557606113611259
2026-08-06,2026-08-06_203834_012908_1_R6_C4,6,400.0,1.75,8,inter_cycle_dwell,30,1.935899899999999,-1140.0,-0.2714152720883756,15973.0,0.006674447880887835
2026-08-06,2026-08-06_203834_012908_1_R6_C4,6,400.0,1.75,9,holding,8,0.46389990000000125,-3956.0,0.4866528926084507,13576.0,0.7621864931847279
2026-08-06,2026-08-06_203834_012908_1_R6_C4,6,400.0,1.75,9,inter_cycle_dwell,30,1.9360400999999996,-411.0,-0.23596707611971662,15456.0,0.007751407112986497
2026-08-06,2026-08-06_203834_012908_1_R6_C4,6,400.0,1.75,10,holding,7,0.40343999999999625,-8888.0,0.31719722662684197,9543.0,0.7471909597213158
2026-08-06,2026-08-06_203834_012908_1_R6_C4,6,400.0,1.75,10,inter_cycle_dwell,30,1.9464082999999945,73.0,-0.32672772459058574,18542.0,0.003914461633142019
2026-08-06,2026-08-06_203834_012908_1_R6_C4,6,400.0,1.75,11,holding,7,0.4073978999999994,-5560.0,0.3362981290581428,9376.0,0.7576421912543925
2026-08-06,2026-08-06_203834_012908_1_R6_C4,6,400.0,1.75,11,inter_cycle_dwell,30,1.9340613999999974,3171.0,-0.36356495606598366,15834.0,0.00404826334699554
2026-08-06,2026-08-06_203834_012908_1_R6_C4,6,400.0,1.75,12,holding,7,0.39336440000000295,-2436.0,0.37130505851465667,16756.0,0.7548702758480254
2026-08-06,2026-08-06_203834_012908_1_R6_C4,6,400.0,1.75,12,inter_cycle_dwell,30,1.9350090000000009,-993.0,-0.3120351534030012,15282.0,0.00576620290871227
2026-08-06,2026-08-06_203834_012908_1_R6_C4,6,400.0,1.75,13,holding,7,0.3993302000000014,-3360.0,0.39535369558356903,14212.0,0.7417272033453153
2026-08-06,2026-08-06_203834_012908_1_R6_C4,6,400.0,1.75,13,inter_cycle_dwell,30,1.9203152999999986,3453.0,-0.34429515453586845,17063.0,0.006059295965633482
2026-08-06,2026-08-06_203834_012908_1_R6_C4,6,400.0,1.75,14,holding,7,0.4001708999999991,-101.0,0.37377472045092974,18116.0,0.7445870069501288
2026-08-06,2026-08-06_203834_012908_1_R6_C4,6,400.0,1.75,14,inter_cycle_dwell,30,1.936214200000002,404.0,-0.35220279382290126,16189.0,0.0064836252180780485
2026-08-06,2026-08-06_203834_012908_1_R6_C4,6,400.0,1.75,15,holding,8,0.46413009999999844,-2899.0,0.38238431409977425,11399.0,0.7420394657251149
2026-08-06,2026-08-06_203834_012908_1_R6_C4,6,400.0,1.75,15,inter_cycle_dwell,30,1.9358756999999969,1832.0,-0.24421220701799357,14715.0,0.0065213786892374115
2026-08-06,2026-08-06_203834_012908_1_R6_C4,6,400.0,1.75,16,holding,8,0.4639021999999997,-6561.0,0.45169172735549773,14635.0,0.7457613922971147
2026-08-06,2026-08-06_203834_012908_1_R6_C4,6,400.0,1.75,16,inter_cycle_dwell,30,1.9362791000000001,3662.0,-0.2544626479635894,15968.0,0.007677429750678588
2026-08-06,2026-08-06_203834_012908_1_R6_C4,6,400.0,1.75,17,holding,7,0.4034137999999956,-3085.0,0.38816131872760823,14859.0,0.7403042648396025
2026-08-06,2026-08-06_203834_012908_1_R6_C4,6,400.0,1.75,17,inter_cycle_dwell,30,1.9355910000000023,1760.0,-0.3503721172037171,17979.0,0.006716216240882145
2026-08-06,2026-08-06_203834_012908_1_R6_C4,6,400.0,1.75,18,holding,7,0.40868679999999813,3378.0,0.3381692067662456,14441.0,0.7370940730336776
2026-08-06,2026-08-06_203834_012908_1_R6_C4,6,400.0,1.75,18,inter_cycle_dwell,30,1.9288699999999963,236.0,-0.3316659982211162,17389.0,0.006680916823771477
2026-08-06,2026-08-06_203834_012908_1_R6_C4,6,400.0,1.75,19,holding,7,0.40071290000000204,-2842.0,0.34439631615073596,14441.0,0.7454448375543814
2026-08-06,2026-08-06_203834_012908_1_R6_C4,6,400.0,1.75,19,inter_cycle_dwell,31,1.9969547999999975,921.0,-0.39640259290283125,19486.0,0.010310166743651872
2026-08-06,2026-08-06_203834_012908_1_R6_C4,6,400.0,1.75,20,holding,8,0.47489490000000956,-961.0,0.4906252515031937,14362.0,0.7635660801577429
2026-08-06,2026-08-06_204358_285902_1_R6_C5,6,400.0,2.625,1,holding,7,0.3994333999999997,-1449.0,0.40831789796356543,13072.0,1.2268410851855385
2026-08-06,2026-08-06_204358_285902_1_R6_C5,6,400.0,2.625,1,inter_cycle_dwell,30,1.9410972000000002,3957.0,-0.32065948090772883,18863.0,0.008295902827585688
2026-08-06,2026-08-06_204358_285902_1_R6_C5,6,400.0,2.625,2,holding,7,0.3999143000000007,-918.0,0.38361875265246936,13508.0,1.1724350402653423
2026-08-06,2026-08-06_204358_285902_1_R6_C5,6,400.0,2.625,2,inter_cycle_dwell,30,1.9459989999999996,-2214.0,-0.2878965114972507,14276.0,0.008376704748140201
2026-08-06,2026-08-06_204358_285902_1_R6_C5,6,400.0,2.625,3,holding,7,0.3980852000000006,-1431.0,0.35400018739171435,12190.0,1.1360238153897955
2026-08-06,2026-08-06_204358_285902_1_R6_C5,6,400.0,2.625,3,inter_cycle_dwell,30,1.9320085999999996,39.0,-0.2520804673684072,17666.0,0.007351068390696325
2026-08-06,2026-08-06_204358_285902_1_R6_C5,6,400.0,2.625,4,holding,7,0.40635950000000065,-1018.0,0.3239483626839066,13036.0,1.131765295213422
2026-08-06,2026-08-06_204358_285902_1_R6_C5,6,400.0,2.625,4,inter_cycle_dwell,30,1.9331233,601.0,-0.2675857703070519,14708.0,0.009347945027166377
2026-08-06,2026-08-06_204358_285902_1_R6_C5,6,400.0,2.625,5,holding,8,0.4639704999999985,-969.0,0.3866212441414709,15002.0,1.1081073809150832
2026-08-06,2026-08-06_204358_285902_1_R6_C5,6,400.0,2.625,5,inter_cycle_dwell,30,1.9363303999999992,-240.0,-0.19964591435700763,15471.0,0.008103636099494937
2026-08-06,2026-08-06_204358_285902_1_R6_C5,6,400.0,2.625,6,holding,8,0.4641719000000002,-2569.0,0.5404107519963659,12966.0,1.1437767089663096
2026-08-06,2026-08-06_204358_285902_1_R6_C5,6,400.0,2.625,6,inter_cycle_dwell,30,1.9462192999999992,-202.0,-0.29852016648247703,15936.0,0.007687084522926102
2026-08-06,2026-08-06_204358_285902_1_R6_C5,6,400.0,2.625,7,holding,7,0.41177740000000185,4609.0,0.3399427572786067,15078.0,1.1368596190570648
2026-08-06,2026-08-06_204358_285902_1_R6_C5,6,400.0,2.625,7,inter_cycle_dwell,30,1.9301904999999984,3347.0,-0.2073058828976635,15748.0,0.006186028585522529
2026-08-06,2026-08-06_204358_285902_1_R6_C5,6,400.0,2.625,8,holding,7,0.4001057999999986,-2031.0,0.34450446466500184,12777.0,1.2054590826892184
2026-08-06,2026-08-06_204358_285902_1_R6_C5,6,400.0,2.625,8,inter_cycle_dwell,30,1.9256819000000007,3234.0,-0.3035123331956031,16011.0,0.007819008054865267
2026-08-06,2026-08-06_204358_285902_1_R6_C5,6,400.0,2.625,9,holding,8,0.464285499999999,-4344.0,0.48744455984191015,14427.0,1.1696354801107351
2026-08-06,2026-08-06_204358_285902_1_R6_C5,6,400.0,2.625,9,inter_cycle_dwell,30,1.9364368000000027,-3902.0,-0.3569729215060535,14965.0,0.005333380086873063
2026-08-06,2026-08-06_204358_285902_1_R6_C5,6,400.0,2.625,10,holding,8,0.4640328999999994,-366.0,0.5083714962199335,15511.0,1.1726218491713563
2026-08-06,2026-08-06_204358_285902_1_R6_C5,6,400.0,2.625,10,inter_cycle_dwell,30,1.9340678000000011,1144.0,-0.22792146072268832,18122.0,0.006355141969197398
2026-08-06,2026-08-06_204358_285902_1_R6_C5,6,400.0,2.625,11,holding,8,0.4612525999999946,-5660.0,0.4960011151738468,13676.0,1.1779211668265868
2026-08-06,2026-08-06_204358_285902_1_R6_C5,6,400.0,2.625,11,inter_cycle_dwell,29,1.8558650000000014,881.0,-0.19800651662016627,15403.0,0.009944112009221101
2026-08-06,2026-08-06_204358_285902_1_R6_C5,6,400.0,2.625,12,holding,7,0.40380740000000515,-1104.0,0.2829129375061902,14365.0,1.190383234302503
2026-08-06,2026-08-06_204358_285902_1_R6_C5,6,400.0,2.625,12,inter_cycle_dwell,30,1.9360817000000026,-5239.0,-0.2372157402800396,14189.0,0.01108869915103941
2026-08-06,2026-08-06_204358_285902_1_R6_C5,6,400.0,2.625,13,holding,8,0.47598030000000335,1947.0,0.5522380843327961,16933.0,1.1877541614047304
2026-08-06,2026-08-06_204358_285902_1_R6_C5,6,400.0,2.625,13,inter_cycle_dwell,30,1.9305724999999967,-580.0,-0.232568905235104,18332.0,0.010579652692365188
2026-08-06,2026-08-06_204358_285902_1_R6_C5,6,400.0,2.625,14,holding,7,0.39463409999999755,-989.0,0.3559652564028182,17034.0,1.2041053501714771
2026-08-06,2026-08-06_204358_285902_1_R6_C5,6,400.0,2.625,14,inter_cycle_dwell,30,1.9361588000000012,-2071.0,-0.30781200085375005,15683.0,0.009330521069900871
2026-08-06,2026-08-06_204358_285902_1_R6_C5,6,400.0,2.625,15,holding,7,0.393289799999998,-1474.0,0.4552568682048199,15825.0,1.1853808934344798
2026-08-06,2026-08-06_204358_285902_1_R6_C5,6,400.0,2.625,15,inter_cycle_dwell,30,1.9362959999999987,-3871.0,-0.3394960294431808,16464.0,0.008352553328429574
2026-08-06,2026-08-06_204358_285902_1_R6_C5,6,400.0,2.625,16,holding,7,0.399762299999999,-4983.0,0.4928167096649294,13193.0,1.193683474238931
2026-08-06,2026-08-06_204358_285902_1_R6_C5,6,400.0,2.625,16,inter_cycle_dwell,30,1.9358486,-7078.0,-0.40654481311145785,11409.0,0.007985486359949112
2026-08-06,2026-08-06_204358_285902_1_R6_C5,6,400.0,2.625,17,holding,8,0.45569679999999835,-2110.0,0.39066099946428523,11863.0,1.1671216347064304
2026-08-06,2026-08-06_204358_285902_1_R6_C5,6,400.0,2.625,17,inter_cycle_dwell,31,1.9906811999999974,3937.0,-0.3354499913343843,16827.0,0.009260777767797435
2026-08-06,2026-08-06_204358_285902_1_R6_C5,6,400.0,2.625,18,holding,8,0.4632445999999959,-218.0,0.5382710060324405,12229.0,1.179936661994352
2026-08-06,2026-08-06_204358_285902_1_R6_C5,6,400.0,2.625,18,inter_cycle_dwell,30,1.9360835000000094,3053.0,-0.28658536587779015,13895.0,0.007819744700615833
2026-08-06,2026-08-06_204358_285902_1_R6_C5,6,400.0,2.625,19,holding,7,0.39979170000000863,257.0,0.4343933749483253,16084.0,1.1945749145641882
2026-08-06,2026-08-06_204358_285902_1_R6_C5,6,400.0,2.625,19,inter_cycle_dwell,30,1.9406984000000023,263.0,-0.3162234967687835,17666.0,0.0068918507647748595
2026-08-06,2026-08-06_204358_285902_1_R6_C5,6,400.0,2.625,20,holding,8,0.4805587000000031,5178.0,0.4541732085539968,14845.0,1.1842064014961944
2026-08-06,2026-08-06_204614_459866_1_R6_C6,6,400.0,3.5,1,holding,8,0.46409009999999995,632.0,0.517369365338705,13362.0,1.8137996946081594
2026-08-06,2026-08-06_204614_459866_1_R6_C6,6,400.0,3.5,1,inter_cycle_dwell,30,1.9357361000000002,3365.0,-0.2189062440283036,19015.0,0.008478707983205741
2026-08-06,2026-08-06_204614_459866_1_R6_C6,6,400.0,3.5,2,holding,8,0.4640020000000007,254.0,0.6134384556790953,13513.0,1.765917949660399
2026-08-06,2026-08-06_204614_459866_1_R6_C6,6,400.0,3.5,2,inter_cycle_dwell,30,1.920042800000001,-2938.0,-0.2417508350182189,13383.0,0.007134429080696031
2026-08-06,2026-08-06_204614_459866_1_R6_C6,6,400.0,3.5,3,holding,8,0.4639831000000001,3149.0,0.498377860353137,15261.0,1.7510031570681155
2026-08-06,2026-08-06_204614_459866_1_R6_C6,6,400.0,3.5,3,inter_cycle_dwell,30,1.9357846999999992,-1264.0,-0.35352196835855154,14706.0,0.009430858411683313
2026-08-06,2026-08-06_204614_459866_1_R6_C6,6,400.0,3.5,4,holding,8,0.46408809999999967,-2263.0,0.6014743200208432,13269.0,1.7768286288862094
2026-08-06,2026-08-06_204614_459866_1_R6_C6,6,400.0,3.5,4,inter_cycle_dwell,30,1.9329813999999992,-4598.0,-0.18882383361327262,14731.0,0.009882170540383567
2026-08-06,2026-08-06_204614_459866_1_R6_C6,6,400.0,3.5,5,holding,8,0.4643164999999989,1340.0,0.6613617109738041,13354.0,1.7787463142182443
2026-08-06,2026-08-06_204614_459866_1_R6_C6,6,400.0,3.5,5,inter_cycle_dwell,30,1.9289378,799.0,-0.2319826997475096,15698.0,0.007866345485411763
2026-08-06,2026-08-06_204614_459866_1_R6_C6,6,400.0,3.5,6,holding,7,0.40015289999999837,4458.0,0.41738880376812015,16259.0,1.7486324511976867
2026-08-06,2026-08-06_204614_459866_1_R6_C6,6,400.0,3.5,6,inter_cycle_dwell,30,1.9286430999999986,-1071.0,-0.2438879917892116,18578.0,0.011234139347926442
2026-08-06,2026-08-06_204614_459866_1_R6_C6,6,400.0,3.5,7,holding,7,0.4000519000000011,4226.0,0.4287461077018413,16979.0,1.7857261182630413
2026-08-06,2026-08-06_204614_459866_1_R6_C6,6,400.0,3.5,7,inter_cycle_dwell,31,1.9966916999999995,421.0,-0.31794594410849836,18111.0,0.0103199920807992
2026-08-06,2026-08-06_204614_459866_1_R6_C6,6,400.0,3.5,8,holding,7,0.3999485000000007,-3519.0,0.3795991441521862,13619.0,1.7688390806382621
2026-08-06,2026-08-06_204614_459866_1_R6_C6,6,400.0,3.5,8,inter_cycle_dwell,30,1.9274124000000015,1448.0,-0.24667863919458177,14779.0,0.013353939977449714
2026-08-06,2026-08-06_204614_459866_1_R6_C6,6,400.0,3.5,9,holding,7,0.40132900000000404,-466.0,0.4520813789926419,12720.0,1.7922332363724447
2026-08-06,2026-08-06_204614_459866_1_R6_C6,6,400.0,3.5,9,inter_cycle_dwell,30,1.9260108000000002,-227.0,-0.303293713907099,15602.0,0.00875852888051884
2026-08-06,2026-08-06_204614_459866_1_R6_C6,6,400.0,3.5,10,holding,7,0.4028244000000001,-445.0,0.5346540701710156,12051.0,1.8062478507325033
2026-08-06,2026-08-06_204614_459866_1_R6_C6,6,400.0,3.5,10,inter_cycle_dwell,30,1.925902200000003,-2885.0,-0.3137525410447641,14097.0,0.005445044051534786
2026-08-06,2026-08-06_204614_459866_1_R6_C6,6,400.0,3.5,11,holding,8,0.4801526999999979,3379.0,0.5598362763677784,16818.0,1.7421255577681374
2026-08-06,2026-08-06_204614_459866_1_R6_C6,6,400.0,3.5,11,inter_cycle_dwell,30,1.9442511000000025,-3016.0,-0.1635983212675119,13734.0,0.008734749838345351
2026-08-06,2026-08-06_204614_459866_1_R6_C6,6,400.0,3.5,12,holding,7,0.4000448000000034,37.0,0.36156695123912685,13685.0,1.7928685385059302
2026-08-06,2026-08-06_204614_459866_1_R6_C6,6,400.0,3.5,12,inter_cycle_dwell,30,1.9440456999999967,3125.0,-0.2443995682508466,19104.0,0.009774881466581703
2026-08-06,2026-08-06_204614_459866_1_R6_C6,6,400.0,3.5,13,holding,8,0.46368370000000425,-772.0,0.4614365738861641,16414.0,1.7759302007406716
2026-08-06,2026-08-06_204614_459866_1_R6_C6,6,400.0,3.5,13,inter_cycle_dwell,30,1.9359222000000003,1242.0,-0.192402979452125,17379.0,0.012556754635717149
2026-08-06,2026-08-06_204614_459866_1_R6_C6,6,400.0,3.5,14,holding,8,0.46403370000000166,-3502.0,0.5741665636658047,15408.0,1.7499075155267845
2026-08-06,2026-08-06_204614_459866_1_R6_C6,6,400.0,3.5,14,inter_cycle_dwell,30,1.9356766999999948,-4520.0,-0.24778447402022089,12646.0,0.007308782787311702
2026-08-06,2026-08-06_204614_459866_1_R6_C6,6,400.0,3.5,15,holding,8,0.4638232999999943,-443.0,0.5929345381818591,15639.0,1.7852838991850826
2026-08-06,2026-08-06_204614_459866_1_R6_C6,6,400.0,3.5,15,inter_cycle_dwell,31,1.9999353999999983,-927.0,-0.355697657474052,16842.0,0.009870181585870802
2026-08-06,2026-08-06_204614_459866_1_R6_C6,6,400.0,3.5,16,holding,8,0.46371810000000124,4431.0,0.5908357808535207,16105.0,1.8060733139896317
2026-08-06,2026-08-06_204614_459866_1_R6_C6,6,400.0,3.5,16,inter_cycle_dwell,30,1.9264757999999986,-3030.0,-0.17909464194856828,14603.0,0.010377484309062879
2026-08-06,2026-08-06_204614_459866_1_R6_C6,6,400.0,3.5,17,holding,7,0.3998332999999974,-5792.0,0.5007892237979825,11411.0,1.8756571418747112
2026-08-06,2026-08-06_204614_459866_1_R6_C6,6,400.0,3.5,17,inter_cycle_dwell,30,1.9351996999999983,-172.0,-0.2709628051946536,16835.0,0.012067413458393406
2026-08-06,2026-08-06_204614_459866_1_R6_C6,6,400.0,3.5,18,holding,7,0.39303700000000674,1029.0,0.5014447153275858,14877.0,1.9564585704950823
2026-08-06,2026-08-06_204614_459866_1_R6_C6,6,400.0,3.5,18,inter_cycle_dwell,30,1.9349440000000016,-2831.0,-0.21316042096458154,15030.0,0.005991237133416649
2026-08-06,2026-08-06_204614_459866_1_R6_C6,6,400.0,3.5,19,holding,7,0.3995372000000117,-356.0,0.7183337659452111,15358.0,2.1940107314450805
2026-08-06,2026-08-06_204614_459866_1_R6_C6,6,400.0,3.5,19,inter_cycle_dwell,29,1.8573595000000012,1584.0,-0.107543316995096,17172.0,0.007117058435524015
2026-08-06,2026-08-06_204614_459866_1_R6_C6,6,400.0,3.5,20,holding,7,0.4012876000000034,-1985.0,0.5391615898313429,10867.0,2.0790334328241635
2026-08-06,2026-08-06_204846_576213_1_R6_C7,6,600.0,1.75,1,holding,7,0.39485420000000016,4874.0,0.3563590485316033,17275.0,0.7399516476005747
2026-08-06,2026-08-06_204846_576213_1_R6_C7,6,600.0,1.75,1,inter_cycle_dwell,30,1.9201424,1832.0,-0.403944121242229,14091.0,0.008629926527935566
2026-08-06,2026-08-06_204846_576213_1_R6_C7,6,600.0,1.75,2,holding,7,0.4123051000000002,1729.0,0.5000175768377807,16361.0,0.6974776876732427
2026-08-06,2026-08-06_204846_576213_1_R6_C7,6,600.0,1.75,2,inter_cycle_dwell,30,1.9307273999999994,-433.0,-0.2887348646361627,16962.0,0.0035879407216141412
2026-08-06,2026-08-06_204846_576213_1_R6_C7,6,600.0,1.75,3,holding,7,0.39629250000000127,-233.0,0.42316364916532245,13268.0,0.6766482933558317
2026-08-06,2026-08-06_204846_576213_1_R6_C7,6,600.0,1.75,3,inter_cycle_dwell,30,1.9361426999999996,-3569.0,-0.43699360194824477,10637.0,0.004091678257189396
2026-08-06,2026-08-06_204846_576213_1_R6_C7,6,600.0,1.75,4,holding,7,0.39439139999999995,-797.0,0.42077771524813967,15361.0,0.6836662239172967
2026-08-06,2026-08-06_204846_576213_1_R6_C7,6,600.0,1.75,4,inter_cycle_dwell,30,1.9375900999999995,4436.0,-0.3072628560091082,16856.0,0.00569130859087516
2026-08-06,2026-08-06_204846_576213_1_R6_C7,6,600.0,1.75,5,holding,7,0.3999025000000014,922.0,0.36748722707711534,14356.0,0.6835829545670482
2026-08-06,2026-08-06_204846_576213_1_R6_C7,6,600.0,1.75,5,inter_cycle_dwell,30,1.935784400000001,1364.0,-0.40314809440310956,16685.0,0.004567279124792434
2026-08-06,2026-08-06_204846_576213_1_R6_C7,6,600.0,1.75,6,holding,7,0.39049460000000025,1436.0,0.42443555728627713,17269.0,0.6838763260943794
2026-08-06,2026-08-06_204846_576213_1_R6_C7,6,600.0,1.75,6,inter_cycle_dwell,31,2.000107200000002,245.0,-0.4697625486461754,16394.0,0.004154589642537593
2026-08-06,2026-08-06_204846_576213_1_R6_C7,6,600.0,1.75,7,holding,8,0.47112519999999947,-2008.0,0.517850007152844,14254.0,0.688214314259525
2026-08-06,2026-08-06_204846_576213_1_R6_C7,6,600.0,1.75,7,inter_cycle_dwell,30,1.9328593999999981,-166.0,-0.39116192042719944,16329.0,0.002550601655682383
2026-08-06,2026-08-06_204846_576213_1_R6_C7,6,600.0,1.75,8,holding,7,0.3926885999999996,5350.0,0.4256665743976644,17535.0,0.6983462750398968
2026-08-06,2026-08-06_204846_576213_1_R6_C7,6,600.0,1.75,8,inter_cycle_dwell,30,1.9409163000000014,-2202.0,-0.39807264443894363,14402.0,0.04680042760396699
2026-08-06,2026-08-06_204846_576213_1_R6_C7,6,600.0,1.75,9,holding,8,0.4643329999999999,-2280.0,0.4572220726941099,10872.0,0.7284757045954513
2026-08-06,2026-08-06_204846_576213_1_R6_C7,6,600.0,1.75,9,inter_cycle_dwell,30,1.935756099999999,-5829.0,-0.3762765992670317,11845.0,0.007158947981432046
2026-08-06,2026-08-06_204846_576213_1_R6_C7,6,600.0,1.75,10,holding,7,0.40008979999999994,-5347.0,0.37032906251475295,10783.0,0.6930224006891533
2026-08-06,2026-08-06_204846_576213_1_R6_C7,6,600.0,1.75,10,inter_cycle_dwell,30,1.9362027999999967,-4220.0,-0.21062047653495436,13133.0,0.08795577218648742
2026-08-06,2026-08-06_204846_576213_1_R6_C7,6,600.0,1.75,11,holding,7,0.39341329999999886,-2870.0,0.3958061504624461,14082.0,0.8353226336466093
2026-08-06,2026-08-06_204846_576213_1_R6_C7,6,600.0,1.75,11,inter_cycle_dwell,30,1.9360788000000042,1770.0,-0.24831636892675124,16512.0,0.06087081071809952
2026-08-06,2026-08-06_204846_576213_1_R6_C7,6,600.0,1.75,12,holding,8,0.4669819000000004,3692.0,0.5016043870327288,18562.0,0.8215750549537968
2026-08-06,2026-08-06_204846_576213_1_R6_C7,6,600.0,1.75,12,inter_cycle_dwell,29,1.8715765000000033,4189.0,-0.2958910631091085,14527.0,0.007027732877665782
2026-08-06,2026-08-06_204846_576213_1_R6_C7,6,600.0,1.75,13,holding,7,0.40001929999999675,-28.0,0.33505291072826493,13618.0,0.776639909150673
2026-08-06,2026-08-06_204846_576213_1_R6_C7,6,600.0,1.75,13,inter_cycle_dwell,31,1.9862651000000042,-4351.0,-0.49998818704252124,13257.0,0.005358486862158451
2026-08-06,2026-08-06_204846_576213_1_R6_C7,6,600.0,1.75,14,holding,7,0.39722650000000215,5834.0,0.46437058547529686,17033.0,0.7801985970659546
2026-08-06,2026-08-06_204846_576213_1_R6_C7,6,600.0,1.75,14,inter_cycle_dwell,30,1.9294784000000007,-3733.0,-0.253974828759576,13915.0,0.007058429771453989
2026-08-06,2026-08-06_204846_576213_1_R6_C7,6,600.0,1.75,15,holding,7,0.4000727000000026,1301.0,0.44814464812864796,15640.0,0.7783382513018884
2026-08-06,2026-08-06_204846_576213_1_R6_C7,6,600.0,1.75,15,inter_cycle_dwell,30,1.9496321999999964,-935.0,-0.39267203218461666,15763.0,0.007444206904990036
2026-08-06,2026-08-06_204846_576213_1_R6_C7,6,600.0,1.75,16,holding,7,0.39689099999999655,2607.0,0.4416977514532823,15883.0,0.7702587617730111
2026-08-06,2026-08-06_204846_576213_1_R6_C7,6,600.0,1.75,16,inter_cycle_dwell,30,1.9359172999999998,-5385.0,-0.4357392675953441,10669.0,0.011121323192468169
2026-08-06,2026-08-06_204846_576213_1_R6_C7,6,600.0,1.75,17,holding,7,0.39333589999999674,-7386.0,0.49629615118490356,11872.0,0.7913133024737087
2026-08-06,2026-08-06_204846_576213_1_R6_C7,6,600.0,1.75,17,inter_cycle_dwell,30,1.944757100000004,2163.0,-0.34226210160364634,14876.0,0.0025980061794476095
2026-08-06,2026-08-06_204846_576213_1_R6_C7,6,600.0,1.75,18,holding,7,0.3996214000000009,-3367.0,0.32607670245628206,12402.0,0.7593999675029564
2026-08-06,2026-08-06_204846_576213_1_R6_C7,6,600.0,1.75,18,inter_cycle_dwell,30,1.923947400000003,-2630.0,-0.34316510335473815,12940.0,0.007931203928258967
2026-08-06,2026-08-06_204846_576213_1_R6_C7,6,600.0,1.75,19,holding,7,0.4000365000000059,939.0,0.46976898661147226,16329.0,0.7673551396336239
2026-08-06,2026-08-06_204846_576213_1_R6_C7,6,600.0,1.75,19,inter_cycle_dwell,30,1.9359298999999979,-3472.0,-0.49348369726412766,14046.0,0.010549619138730093
2026-08-06,2026-08-06_204846_576213_1_R6_C7,6,600.0,1.75,20,holding,7,0.41179209999999955,1432.0,0.5523313901702093,14962.0,0.7759965990647696
2026-08-06,2026-08-06_205041_958053_1_R6_C8,6,600.0,2.625,1,holding,8,0.46663690000000013,-1210.0,0.6485329133857182,12608.0,1.415908185320315
2026-08-06,2026-08-06_205041_958053_1_R6_C8,6,600.0,2.625,1,inter_cycle_dwell,30,1.9297231,-986.0,-0.2758308042181792,15626.0,0.030157944499372258
2026-08-06,2026-08-06_205041_958053_1_R6_C8,6,600.0,2.625,2,holding,8,0.48010400000000075,2788.0,0.8471587909139093,15942.0,1.5369972611655267
2026-08-06,2026-08-06_205041_958053_1_R6_C8,6,600.0,2.625,2,inter_cycle_dwell,30,1.939310400000001,125.0,-0.38330882421738866,14019.0,0.0034527181399101603
2026-08-06,2026-08-06_205041_958053_1_R6_C8,6,600.0,2.625,3,holding,8,0.46582530000000055,-1075.0,0.7134259369128744,15887.0,1.2544483701728992
2026-08-06,2026-08-06_205041_958053_1_R6_C8,6,600.0,2.625,3,inter_cycle_dwell,30,1.94374,5157.0,-0.3549894431244326,16516.0,0.023797686946457508
2026-08-06,2026-08-06_205041_958053_1_R6_C8,6,600.0,2.625,4,holding,8,0.4588611,1632.0,0.7498779985565698,14988.0,1.3447336915515153
2026-08-06,2026-08-06_205041_958053_1_R6_C8,6,600.0,2.625,4,inter_cycle_dwell,30,1.930619,184.0,-0.32167265017525776,15478.0,0.010163975850964402
2026-08-06,2026-08-06_205041_958053_1_R6_C8,6,600.0,2.625,5,holding,8,0.4589307999999992,3196.0,0.6266020186640995,14075.0,1.3221198545717852
2026-08-06,2026-08-06_205041_958053_1_R6_C8,6,600.0,2.625,5,inter_cycle_dwell,30,1.9204804000000024,-2581.0,-0.28616343463642746,13737.0,0.015212266018602927
2026-08-06,2026-08-06_205041_958053_1_R6_C8,6,600.0,2.625,6,holding,8,0.4740959999999994,-5086.0,0.6947253079696514,10792.0,1.3054430923606184
2026-08-06,2026-08-06_205041_958053_1_R6_C8,6,600.0,2.625,6,inter_cycle_dwell,30,1.9360983000000012,-3567.0,-0.480765838246715,11683.0,-0.00651462682864723
2026-08-06,2026-08-06_205041_958053_1_R6_C8,6,600.0,2.625,7,holding,8,0.46416630000000225,-1264.0,0.7854697327952642,15889.0,1.2886217283348187
2026-08-06,2026-08-06_205041_958053_1_R6_C8,6,600.0,2.625,7,inter_cycle_dwell,30,1.9360779999999984,1641.0,-0.4590428234821596,16424.0,0.011072410635524499
2026-08-06,2026-08-06_205041_958053_1_R6_C8,6,600.0,2.625,8,holding,7,0.40006139999999846,767.0,0.5096293640921976,16697.0,1.2682317352525427
2026-08-06,2026-08-06_205041_958053_1_R6_C8,6,600.0,2.625,8,inter_cycle_dwell,30,1.9310873000000015,1631.0,-0.22881343210987554,15721.0,0.007849401943371193
2026-08-06,2026-08-06_205041_958053_1_R6_C8,6,600.0,2.625,9,holding,7,0.3997686999999992,-880.0,0.5433367818351651,15233.0,1.2859876205835024
2026-08-06,2026-08-06_205041_958053_1_R6_C8,6,600.0,2.625,9,inter_cycle_dwell,30,1.936055600000003,-396.0,-0.28187363475823185,14843.0,0.009893435936275063
2026-08-06,2026-08-06_205041_958053_1_R6_C8,6,600.0,2.625,10,holding,7,0.4157069999999976,2998.0,0.6123994076246423,16376.0,1.2861277298589218
2026-08-06,2026-08-06_205041_958053_1_R6_C8,6,600.0,2.625,10,inter_cycle_dwell,30,1.9366409999999945,637.0,-0.25814402802802233,16162.0,0.0038660673549205105
2026-08-06,2026-08-06_205041_958053_1_R6_C8,6,600.0,2.625,11,holding,7,0.39767100000000255,-65.0,0.6109867734742872,15576.0,1.2720365645646123
2026-08-06,2026-08-06_205041_958053_1_R6_C8,6,600.0,2.625,11,inter_cycle_dwell,30,1.9466384000000048,-106.0,-0.2770451947715187,15812.0,0.005019867130816147
2026-08-06,2026-08-06_205041_958053_1_R6_C8,6,600.0,2.625,12,holding,8,0.4639027999999996,-3958.0,0.6344308703192982,15465.0,1.3097649751632778
2026-08-06,2026-08-06_205041_958053_1_R6_C8,6,600.0,2.625,12,inter_cycle_dwell,30,1.9260729000000012,1275.0,-0.308954832290149,17266.0,0.014081278232951244
2026-08-06,2026-08-06_205041_958053_1_R6_C8,6,600.0,2.625,13,holding,8,0.4570340999999942,-4366.0,0.595633544051334,14442.0,1.265899149417085
2026-08-06,2026-08-06_205041_958053_1_R6_C8,6,600.0,2.625,13,inter_cycle_dwell,30,1.9210740999999985,2005.0,-0.30700035208708876,15127.0,0.01137360711330282
2026-08-06,2026-08-06_205041_958053_1_R6_C8,6,600.0,2.625,14,holding,8,0.46413160000000175,2699.0,0.7601103748338129,16846.0,1.3017570271049401
2026-08-06,2026-08-06_205041_958053_1_R6_C8,6,600.0,2.625,14,inter_cycle_dwell,30,1.920118500000001,-3130.0,-0.37356000609557194,15337.0,0.02358099604326519
2026-08-06,2026-08-06_205041_958053_1_R6_C8,6,600.0,2.625,15,holding,8,0.4640911999999986,-1442.0,0.8230870457273343,14524.0,1.3652913542459433
2026-08-06,2026-08-06_205041_958053_1_R6_C8,6,600.0,2.625,15,inter_cycle_dwell,30,1.9347454999999982,4140.0,-0.47615501864355264,18759.0,0.016402606409004705
2026-08-06,2026-08-06_205041_958053_1_R6_C8,6,600.0,2.625,16,holding,8,0.46396400000000426,1086.0,0.8737089917521501,13563.0,1.421517660953681
2026-08-06,2026-08-06_205041_958053_1_R6_C8,6,600.0,2.625,16,inter_cycle_dwell,30,1.927264000000001,979.0,-0.21693813245422927,19464.0,0.0143614229672962
2026-08-06,2026-08-06_205041_958053_1_R6_C8,6,600.0,2.625,17,holding,8,0.46419450000000495,-3905.0,0.8789760877128496,14668.0,1.3512152484334528
2026-08-06,2026-08-06_205041_958053_1_R6_C8,6,600.0,2.625,17,inter_cycle_dwell,29,1.871366800000004,861.0,-0.2243808767625869,17939.0,0.013742084882458205
2026-08-06,2026-08-06_205041_958053_1_R6_C8,6,600.0,2.625,18,holding,7,0.3902871000000019,865.0,0.46229479635471304,16195.0,1.3210981847112375
2026-08-06,2026-08-06_205041_958053_1_R6_C8,6,600.0,2.625,18,inter_cycle_dwell,30,1.9423890999999998,-1536.0,-0.2637311334960426,13132.0,0.013912842380295498
2026-08-06,2026-08-06_205041_958053_1_R6_C8,6,600.0,2.625,19,holding,7,0.40000320000000045,-106.0,0.5903354921298674,12430.0,1.3315817092301876
2026-08-06,2026-08-06_205041_958053_1_R6_C8,6,600.0,2.625,19,inter_cycle_dwell,29,1.8662460000000038,-1873.0,-0.29680889149489675,13243.0,0.01003040176260317
2026-08-06,2026-08-06_205041_958053_1_R6_C8,6,600.0,2.625,20,holding,7,0.39347380000000953,643.0,0.6802054283785884,16966.0,1.3872148589384405
2026-08-06,2026-08-06_205305_219434_1_R6_C9,6,600.0,3.5,1,holding,8,0.4598164,3700.0,1.3774321818855797,16356.0,3.0190239560486214
2026-08-06,2026-08-06_205305_219434_1_R6_C9,6,600.0,3.5,1,inter_cycle_dwell,30,1.9359068000000001,122.0,-0.233388048883252,14784.0,0.008926153391888125
2026-08-06,2026-08-06_205305_219434_1_R6_C9,6,600.0,3.5,2,holding,7,0.41583340000000035,-202.0,1.317141319540478,16427.0,2.8860462373811444
2026-08-06,2026-08-06_205305_219434_1_R6_C9,6,600.0,3.5,2,inter_cycle_dwell,30,1.9360526,1140.0,-0.3793845597171724,15823.0,0.01996927704989465
2026-08-06,2026-08-06_205305_219434_1_R6_C9,6,600.0,3.5,3,holding,7,0.39991749999999904,161.0,1.177299644869754,13828.0,2.708459899196721
2026-08-06,2026-08-06_205305_219434_1_R6_C9,6,600.0,3.5,3,inter_cycle_dwell,30,1.9464569999999988,3021.0,-0.3427252177605543,17914.0,0.015729836696614208
2026-08-06,2026-08-06_205305_219434_1_R6_C9,6,600.0,3.5,4,holding,7,0.4012934999999995,1656.0,1.1429541380951564,14067.0,2.76365205924536
2026-08-06,2026-08-06_205305_219434_1_R6_C9,6,600.0,3.5,4,inter_cycle_dwell,30,1.9377396000000005,2124.0,-0.33142805857269814,15661.0,0.01584915232188827
2026-08-06,2026-08-06_205305_219434_1_R6_C9,6,600.0,3.5,5,holding,7,0.39986860000000135,2359.0,0.8846020049723862,17975.0,2.5473630305925044
2026-08-06,2026-08-06_205305_219434_1_R6_C9,6,600.0,3.5,5,inter_cycle_dwell,30,1.925259399999998,321.0,-0.3017831980332302,16181.0,0.011480881370507567
2026-08-06,2026-08-06_205305_219434_1_R6_C9,6,600.0,3.5,6,holding,8,0.46396490000000057,-4382.0,1.3763555681221644,12939.0,2.460978510347922
2026-08-06,2026-08-06_205305_219434_1_R6_C9,6,600.0,3.5,6,inter_cycle_dwell,30,1.9405444000000003,-4369.0,-0.23963265010469648,15745.0,0.019961890736156618
2026-08-06,2026-08-06_205305_219434_1_R6_C9,6,600.0,3.5,7,holding,7,0.39996049999999883,4518.0,1.2933078316690483,13955.0,2.9172262677164014
2026-08-06,2026-08-06_205305_219434_1_R6_C9,6,600.0,3.5,7,inter_cycle_dwell,30,1.9385036000000007,-2698.0,-0.315955188450395,13829.0,0.007763703384438603
2026-08-06,2026-08-06_205305_219434_1_R6_C9,6,600.0,3.5,8,holding,8,0.4556995999999991,-3524.0,1.4212026583718442,13369.0,2.6913690230053744
2026-08-06,2026-08-06_205305_219434_1_R6_C9,6,600.0,3.5,8,inter_cycle_dwell,30,1.9199471999999993,-2291.0,-0.21161622689824738,14474.0,0.01571156884277819
2026-08-06,2026-08-06_205305_219434_1_R6_C9,6,600.0,3.5,9,holding,8,0.45854510000000204,4567.0,1.454024313123046,16081.0,2.797604930527757
2026-08-06,2026-08-06_205305_219434_1_R6_C9,6,600.0,3.5,9,inter_cycle_dwell,30,1.9358384999999956,213.0,-0.5261914765388974,16850.0,0.007897604393260704
2026-08-06,2026-08-06_205305_219434_1_R6_C9,6,600.0,3.5,10,holding,7,0.3986095000000063,-1030.0,1.3826733157446849,12443.0,2.745966521481494
2026-08-06,2026-08-06_205305_219434_1_R6_C9,6,600.0,3.5,10,inter_cycle_dwell,30,1.9357747000000032,-3375.0,-0.44868724931515885,17162.0,0.008759470531653268
2026-08-06,2026-08-06_205305_219434_1_R6_C9,6,600.0,3.5,11,holding,7,0.38886719999999997,-789.0,1.228504803451746,14568.0,2.9448748591117044
2026-08-06,2026-08-06_205305_219434_1_R6_C9,6,600.0,3.5,11,inter_cycle_dwell,30,1.9476161999999988,-215.0,-0.3609347546465304,13486.0,0.020099294042499716
2026-08-06,2026-08-06_205305_219434_1_R6_C9,6,600.0,3.5,12,holding,7,0.3942865999999938,29.0,1.0546941896720914,15094.0,2.680313550993589
2026-08-06,2026-08-06_205305_219434_1_R6_C9,6,600.0,3.5,12,inter_cycle_dwell,30,1.9328357999999994,-3389.0,-0.2424993507451984,14779.0,0.016015255899496483
2026-08-06,2026-08-06_205305_219434_1_R6_C9,6,600.0,3.5,13,holding,7,0.400099400000002,-4756.0,0.7471297420251191,14573.0,2.401574023515453
2026-08-06,2026-08-06_205305_219434_1_R6_C9,6,600.0,3.5,13,inter_cycle_dwell,30,1.9310080999999997,-1175.0,-0.27323589681877963,13902.0,0.028417719685165765
2026-08-06,2026-08-06_205305_219434_1_R6_C9,6,600.0,3.5,14,holding,8,0.4647745999999984,-2429.0,1.340314325631529,13112.0,2.437168849351254
2026-08-06,2026-08-06_205305_219434_1_R6_C9,6,600.0,3.5,14,inter_cycle_dwell,29,1.8563045000000002,-1308.0,-0.26232455673169564,15735.0,0.012399584066629887
2026-08-06,2026-08-06_205305_219434_1_R6_C9,6,600.0,3.5,15,holding,7,0.3995727999999943,1761.0,1.0370883391203798,15066.0,2.49364135926613
2026-08-06,2026-08-06_205305_219434_1_R6_C9,6,600.0,3.5,15,inter_cycle_dwell,30,1.9288053000000005,-4968.0,-0.3150591383292394,13842.0,0.007758940341217102
2026-08-06,2026-08-06_205305_219434_1_R6_C9,6,600.0,3.5,16,holding,8,0.4610996000000043,3839.0,1.3448415628422565,19998.0,2.3946792006028725
2026-08-06,2026-08-06_205305_219434_1_R6_C9,6,600.0,3.5,16,inter_cycle_dwell,30,1.9304716000000042,-6738.0,-0.3029861975314089,12050.0,0.017098243522640222
2026-08-06,2026-08-06_205305_219434_1_R6_C9,6,600.0,3.5,17,holding,7,0.40115399999999823,3505.0,0.8154650567051271,16061.0,2.426968458417642
2026-08-06,2026-08-06_205305_219434_1_R6_C9,6,600.0,3.5,17,inter_cycle_dwell,30,1.9358839000000003,-1370.0,-0.4175397989614101,12205.0,0.013026836297715949
2026-08-06,2026-08-06_205305_219434_1_R6_C9,6,600.0,3.5,18,holding,7,0.40009930000000793,-5673.0,1.3279781324663307,11828.0,2.466679411456992
2026-08-06,2026-08-06_205305_219434_1_R6_C9,6,600.0,3.5,18,inter_cycle_dwell,30,1.936062199999995,-2179.0,-0.434672330503566,15551.0,0.0037687287337005992
2026-08-06,2026-08-06_205305_219434_1_R6_C9,6,600.0,3.5,19,holding,7,0.3930043000000012,1716.0,1.107896801324241,16146.0,2.401768762649718
2026-08-06,2026-08-06_205305_219434_1_R6_C9,6,600.0,3.5,19,inter_cycle_dwell,30,1.9359111999999925,-895.0,-0.35366892673016875,14197.0,0.010080006882022985
2026-08-06,2026-08-06_205305_219434_1_R6_C9,6,600.0,3.5,20,holding,7,0.38774030000000437,-2437.0,1.046173296516848,12557.0,2.335739775293887
2026-08-07,2026-08-07_094240_670545_1_R7_C1,7,200.0,1.75,1,holding,8,0.46420609999999995,-4041.0,0.32747289783979205,8577.0,0.96948261084362
2026-08-07,2026-08-07_094240_670545_1_R7_C1,7,200.0,1.75,1,inter_cycle_dwell,30,1.9358365000000002,168.0,-0.13225347956173922,13589.0,0.011741847548000117
2026-08-07,2026-08-07_094240_670545_1_R7_C1,7,200.0,1.75,2,holding,8,0.4640371999999999,400.0,0.3313543041618555,13052.0,0.9864762651849506
2026-08-07,2026-08-07_094240_670545_1_R7_C1,7,200.0,1.75,2,inter_cycle_dwell,30,1.9342318999999994,-685.0,-0.14338146878401087,11067.0,0.013822933814809257
2026-08-07,2026-08-07_094240_670545_1_R7_C1,7,200.0,1.75,3,holding,8,0.46393220000000035,3421.0,0.347864257737572,12747.0,0.9678894192345423
2026-08-07,2026-08-07_094240_670545_1_R7_C1,7,200.0,1.75,3,inter_cycle_dwell,30,1.935777999999999,3532.0,-0.1399934034786659,13270.0,0.011637064320478119
2026-08-07,2026-08-07_094240_670545_1_R7_C1,7,200.0,1.75,4,holding,7,0.3996544000000011,-1526.0,0.21294593398937045,10321.0,0.9499155408705874
2026-08-07,2026-08-07_094240_670545_1_R7_C1,7,200.0,1.75,4,inter_cycle_dwell,30,1.9357688000000017,-4204.0,-0.1733137644115183,9659.0,0.012888816636866807
2026-08-07,2026-08-07_094240_670545_1_R7_C1,7,200.0,1.75,5,holding,7,0.3998734999999982,-1277.0,0.24868774381849512,11566.0,0.9703215766044786
2026-08-07,2026-08-07_094240_670545_1_R7_C1,7,200.0,1.75,5,inter_cycle_dwell,30,1.9358228000000004,777.0,-0.08733352523015286,12392.0,0.010695928054894777
2026-08-07,2026-08-07_094240_670545_1_R7_C1,7,200.0,1.75,6,holding,8,0.46371249999999975,-887.0,0.28954809856497365,9895.0,0.9665592106274199
2026-08-07,2026-08-07_094240_670545_1_R7_C1,7,200.0,1.75,6,inter_cycle_dwell,30,1.9362367999999996,-2619.0,-0.1767337113725495,12657.0,-0.01593689774549162
2026-08-07,2026-08-07_094240_670545_1_R7_C1,7,200.0,1.75,7,holding,8,0.46521800000000013,713.0,0.31107724568322903,11286.0,0.9329672717218397
2026-08-07,2026-08-07_094240_670545_1_R7_C1,7,200.0,1.75,7,inter_cycle_dwell,30,1.9354306000000001,598.0,-0.1261682214522562,11082.0,0.015429980749365302
2026-08-07,2026-08-07_094240_670545_1_R7_C1,7,200.0,1.75,8,holding,8,0.4640317999999972,164.0,0.3486811888312993,11448.0,1.0149709707511143
2026-08-07,2026-08-07_094240_670545_1_R7_C1,7,200.0,1.75,8,inter_cycle_dwell,30,1.9360651000000004,-2194.0,-0.14618074357526778,9436.0,-0.0030020941286024727
2026-08-07,2026-08-07_094240_670545_1_R7_C1,7,200.0,1.75,9,holding,8,0.46422489999999783,-1719.0,0.3405736722101621,10934.0,0.8987125767501704
2026-08-07,2026-08-07_094240_670545_1_R7_C1,7,200.0,1.75,9,inter_cycle_dwell,30,1.9369331999999986,3028.0,-0.1590209659467629,13193.0,0.01068600912785228
2026-08-07,2026-08-07_094240_670545_1_R7_C1,7,200.0,1.75,10,holding,7,0.39901509999999973,-1988.0,0.232752309597407,8971.0,0.9118392707729361
2026-08-07,2026-08-07_094240_670545_1_R7_C1,7,200.0,1.75,10,inter_cycle_dwell,30,1.936050999999999,-699.0,-0.10734557694784119,11988.0,0.008128525314736734
2026-08-07,2026-08-07_094240_670545_1_R7_C1,7,200.0,1.75,11,holding,7,0.4001625000000004,-3445.0,0.28051839054271066,8612.0,0.9244615888441657
2026-08-07,2026-08-07_094240_670545_1_R7_C1,7,200.0,1.75,11,inter_cycle_dwell,30,1.9355358000000038,-899.0,-0.11775043647263872,11230.0,0.00010093848162856522
2026-08-07,2026-08-07_094240_670545_1_R7_C1,7,200.0,1.75,12,holding,8,0.4801641000000032,-859.0,0.278406024034214,10198.0,0.8629023054891337
2026-08-07,2026-08-07_094240_670545_1_R7_C1,7,200.0,1.75,12,inter_cycle_dwell,30,1.9202753000000001,-767.0,-0.13131941678201703,11812.0,0.007456415757126356
2026-08-07,2026-08-07_094240_670545_1_R7_C1,7,200.0,1.75,13,holding,7,0.3997791000000035,1914.0,0.1925813383893582,10827.0,0.9426590113491993
2026-08-07,2026-08-07_094240_670545_1_R7_C1,7,200.0,1.75,13,inter_cycle_dwell,30,1.9359685000000013,-439.0,-0.148235879301424,11052.0,0.012321986844823773
2026-08-07,2026-08-07_094240_670545_1_R7_C1,7,200.0,1.75,14,holding,7,0.39994430000000136,-2038.0,0.2588533270235751,10321.0,0.9611822228974125
2026-08-07,2026-08-07_094240_670545_1_R7_C1,7,200.0,1.75,14,inter_cycle_dwell,30,1.9352961000000022,404.0,-0.09386302880580599,11692.0,0.010223414714455481
2026-08-07,2026-08-07_094240_670545_1_R7_C1,7,200.0,1.75,15,holding,7,0.4004486999999983,909.0,0.27180735231339714,12542.0,0.9447825648785897
2026-08-07,2026-08-07_094240_670545_1_R7_C1,7,200.0,1.75,15,inter_cycle_dwell,30,1.9361517000000035,2416.0,-0.08717160317853606,13372.0,0.018262491517168133
2026-08-07,2026-08-07_094240_670545_1_R7_C1,7,200.0,1.75,16,holding,7,0.39936069999999546,205.0,0.28798950858521777,11124.0,1.0019804096110412
2026-08-07,2026-08-07_094240_670545_1_R7_C1,7,200.0,1.75,16,inter_cycle_dwell,30,1.9362457000000006,-1465.0,-0.1116548118914325,11825.0,0.01053184266480034
2026-08-07,2026-08-07_094240_670545_1_R7_C1,7,200.0,1.75,17,holding,8,0.4640479000000113,-2707.0,0.2848290464491894,10656.0,0.9598526718215984
2026-08-07,2026-08-07_094240_670545_1_R7_C1,7,200.0,1.75,17,inter_cycle_dwell,30,1.9360779000000008,-1989.0,-0.1201544089580906,9704.0,0.009515971062347417
2026-08-07,2026-08-07_094240_670545_1_R7_C1,7,200.0,1.75,18,holding,8,0.46475080000000446,3306.0,0.32335141502174825,14491.0,0.9777024873892691
2026-08-07,2026-08-07_094240_670545_1_R7_C1,7,200.0,1.75,18,inter_cycle_dwell,30,1.9361984000000092,-73.0,-0.11304004486260183,9645.0,0.01065765714856004
2026-08-07,2026-08-07_094240_670545_1_R7_C1,7,200.0,1.75,19,holding,8,0.464197800000008,149.0,0.2771815099473054,10430.0,0.9572640599337816
2026-08-07,2026-08-07_094240_670545_1_R7_C1,7,200.0,1.75,19,inter_cycle_dwell,30,1.9366596999999928,-1981.0,-0.11907291859582642,10292.0,0.021286352901855266
2026-08-07,2026-08-07_094240_670545_1_R7_C1,7,200.0,1.75,20,holding,8,0.46319979999999816,-55.0,0.3542434862816559,12104.0,0.9635797748620951
2026-08-07,2026-08-07_094528_762418_1_R7_C2,7,200.0,2.625,1,holding,8,0.46360219999999996,1633.0,0.38395031835070537,11433.0,1.9957435674036672
2026-08-07,2026-08-07_094528_762418_1_R7_C2,7,200.0,2.625,1,inter_cycle_dwell,29,1.8559685,-2795.0,0.16594731099783316,11549.0,0.16594731099783316
2026-08-07,2026-08-07_094528_762418_1_R7_C2,7,200.0,2.625,2,holding,8,0.4633275000000001,3537.0,-0.3870808867232147,14106.0,1.1644746026116763
2026-08-07,2026-08-07_094528_762418_1_R7_C2,7,200.0,2.625,2,inter_cycle_dwell,30,1.9358281000000002,-2121.0,0.16525364841806772,11758.0,0.01607900090008385
2026-08-07,2026-08-07_094528_762418_1_R7_C2,7,200.0,2.625,3,holding,8,0.47982610000000037,240.0,0.5160619221316245,11845.0,1.8388750585247764
2026-08-07,2026-08-07_094528_762418_1_R7_C2,7,200.0,2.625,3,inter_cycle_dwell,30,1.9360513000000008,3432.0,-0.2120909563237471,14561.0,-0.06315933382542269
2026-08-07,2026-08-07_094528_762418_1_R7_C2,7,200.0,2.625,4,holding,8,0.4642754,2168.0,0.5963334236292308,13139.0,1.9997262035416552
2026-08-07,2026-08-07_094528_762418_1_R7_C2,7,200.0,2.625,4,inter_cycle_dwell,29,1.8563247000000018,1702.0,-0.0648166726099983,16813.0,0.0
2026-08-07,2026-08-07_094528_762418_1_R7_C2,7,200.0,2.625,5,holding,7,0.4000079999999997,-784.0,0.3042757181882312,11794.0,1.2177979289316612
2026-08-07,2026-08-07_094528_762418_1_R7_C2,7,200.0,2.625,5,inter_cycle_dwell,30,1.9359353000000006,-34.0,-0.03103819600726898,14187.0,0.018302704195460817
2026-08-07,2026-08-07_094528_762418_1_R7_C2,7,200.0,2.625,6,holding,8,0.47829189999999855,2268.0,0.25353827338490875,12327.0,1.2642698554561456
2026-08-07,2026-08-07_094528_762418_1_R7_C2,7,200.0,2.625,6,inter_cycle_dwell,30,1.9358505000000008,-3191.0,-0.05856851008569841,10797.0,0.01244137177683663
2026-08-07,2026-08-07_094528_762418_1_R7_C2,7,200.0,2.625,7,holding,8,0.46419129999999953,2400.0,0.22835515008609253,14223.0,1.2910400145559349
2026-08-07,2026-08-07_094528_762418_1_R7_C2,7,200.0,2.625,7,inter_cycle_dwell,30,1.9201068999999968,2411.0,0.03666507087010268,14426.0,0.07725312342842405
2026-08-07,2026-08-07_094528_762418_1_R7_C2,7,200.0,2.625,8,holding,7,0.3999126000000004,-3032.0,0.3117764175354796,11718.0,1.957668053900171
2026-08-07,2026-08-07_094528_762418_1_R7_C2,7,200.0,2.625,8,inter_cycle_dwell,30,1.936692200000003,-1368.0,-0.07739083454364343,13926.0,0.006238410079605072
2026-08-07,2026-08-07_094528_762418_1_R7_C2,7,200.0,2.625,9,holding,8,0.46402750000000026,-3818.0,0.06992192134564656,11846.0,1.3510863408736473
2026-08-07,2026-08-07_094528_762418_1_R7_C2,7,200.0,2.625,9,inter_cycle_dwell,30,1.9357486999999978,-1733.0,-0.0980034386420805,12402.0,0.014167525307011486
2026-08-07,2026-08-07_094528_762418_1_R7_C2,7,200.0,2.625,10,holding,7,0.39992420000000095,4649.0,0.1642047660469399,15206.0,1.295783539991002
2026-08-07,2026-08-07_094528_762418_1_R7_C2,7,200.0,2.625,10,inter_cycle_dwell,30,1.9360735000000062,-1957.0,-0.0677229591164637,12632.0,0.014182909058243098
2026-08-07,2026-08-07_094528_762418_1_R7_C2,7,200.0,2.625,11,holding,7,0.4000867000000028,-1127.0,0.20453804454492852,13967.0,1.2894214613931423
2026-08-07,2026-08-07_094528_762418_1_R7_C2,7,200.0,2.625,11,inter_cycle_dwell,30,1.9357410000000002,-2383.0,-0.06043742987800432,12249.0,0.015980131680747967
2026-08-07,2026-08-07_094528_762418_1_R7_C2,7,200.0,2.625,12,holding,8,0.464540300000003,-21.0,0.3675711209928356,12963.0,1.9862674636732534
2026-08-07,2026-08-07_094528_762418_1_R7_C2,7,200.0,2.625,12,inter_cycle_dwell,30,1.9366933000000017,-1629.0,-0.07256179706378402,11607.0,0.01829883378250663
2026-08-07,2026-08-07_094528_762418_1_R7_C2,7,200.0,2.625,13,holding,7,0.400153600000003,207.0,0.2982014643448334,11399.0,2.235606219100487
2026-08-07,2026-08-07_094528_762418_1_R7_C2,7,200.0,2.625,13,inter_cycle_dwell,30,1.936039700000002,4975.0,-0.11610355246253606,15001.0,0.006789139567944524
2026-08-07,2026-08-07_094528_762418_1_R7_C2,7,200.0,2.625,14,holding,8,0.46399100000000004,1678.0,0.19164716627974165,13678.0,1.734345527140678
2026-08-07,2026-08-07_094528_762418_1_R7_C2,7,200.0,2.625,14,inter_cycle_dwell,30,1.9361437000000024,-423.0,-0.059238535927446045,13406.0,0.014346926136918237
2026-08-07,2026-08-07_094528_762418_1_R7_C2,7,200.0,2.625,15,holding,8,0.4641276999999917,901.0,0.26154177681547597,13393.0,1.631455471654299
2026-08-07,2026-08-07_094528_762418_1_R7_C2,7,200.0,2.625,15,inter_cycle_dwell,30,1.9356746999999928,1372.0,-0.0857130623250188,14512.0,0.011376167356694611
2026-08-07,2026-08-07_094528_762418_1_R7_C2,7,200.0,2.625,16,holding,7,0.39942519999999604,2941.0,0.12746391543705804,14596.0,1.6361317895322347
2026-08-07,2026-08-07_094528_762418_1_R7_C2,7,200.0,2.625,16,inter_cycle_dwell,30,1.9339473999999939,1852.0,-0.11284313679005553,14828.0,0.009193649932391024
2026-08-07,2026-08-07_094528_762418_1_R7_C2,7,200.0,2.625,17,holding,7,0.3997892999999948,-483.0,0.20309732974334782,10396.0,1.557281772270671
2026-08-07,2026-08-07_094528_762418_1_R7_C2,7,200.0,2.625,17,inter_cycle_dwell,29,1.8572226999999941,-749.0,-0.040724739926084275,13430.0,0.011700303530978784
2026-08-07,2026-08-07_094528_762418_1_R7_C2,7,200.0,2.625,18,holding,7,0.39986689999999214,-3514.0,0.1933814666887479,10824.0,1.5827591115403132
2026-08-07,2026-08-07_094528_762418_1_R7_C2,7,200.0,2.625,18,inter_cycle_dwell,30,1.9361379999999997,506.0,-0.0594559298411938,16104.0,0.030687934913425252
2026-08-07,2026-08-07_094528_762418_1_R7_C2,7,200.0,2.625,19,holding,8,0.4791542999999905,128.0,0.3511535451614294,12287.0,1.7903847992840984
2026-08-07,2026-08-07_094528_762418_1_R7_C2,7,200.0,2.625,19,inter_cycle_dwell,30,1.9356437,2987.0,-0.11016290995962802,15736.0,0.009740894578322057
2026-08-07,2026-08-07_094528_762418_1_R7_C2,7,200.0,2.625,20,holding,7,0.3999692999999951,-1861.0,0.2826311579360583,11082.0,2.0756242917919354
2026-08-07,2026-08-07_094818_406548_1_R7_C3,7,200.0,3.5,1,holding,8,0.46386079999999996,1003.0,0.8017497268827176,11413.0,3.540345873668884
2026-08-07,2026-08-07_094818_406548_1_R7_C3,7,200.0,3.5,1,inter_cycle_dwell,29,1.8558743,2731.0,-0.038240702500674906,14667.0,0.012413179951014708
2026-08-07,2026-08-07_094818_406548_1_R7_C3,7,200.0,3.5,2,holding,7,0.4001530999999998,812.0,0.5776785112590095,12177.0,2.673309001856691
2026-08-07,2026-08-07_094818_406548_1_R7_C3,7,200.0,3.5,2,inter_cycle_dwell,30,1.9361093,223.0,0.1741773571498657,13100.0,0.20950198465867598
2026-08-07,2026-08-07_094818_406548_1_R7_C3,7,200.0,3.5,3,holding,8,0.47978079999999856,-1276.0,0.48609538295888566,8363.0,4.226926653974149
2026-08-07,2026-08-07_094818_406548_1_R7_C3,7,200.0,3.5,3,inter_cycle_dwell,30,1.9358339999999998,-8795.0,-0.05052377221904225,8189.0,0.01611623074534385
2026-08-07,2026-08-07_094818_406548_1_R7_C3,7,200.0,3.5,4,holding,8,0.46397469999999785,-997.0,0.46361665518608497,11613.0,3.7074170774347417
2026-08-07,2026-08-07_094818_406548_1_R7_C3,7,200.0,3.5,4,inter_cycle_dwell,30,1.9373216000000006,2458.0,-0.045125167236688246,14516.0,0.006918898079157576
2026-08-07,2026-08-07_094818_406548_1_R7_C3,7,200.0,3.5,5,holding,7,0.39996790000000004,-1152.0,0.45351765751424367,10834.0,4.74496433729861
2026-08-07,2026-08-07_094818_406548_1_R7_C3,7,200.0,3.5,5,inter_cycle_dwell,30,1.9395542,-6232.0,0.18210479473965513,9248.0,-0.0006001319529231885
2026-08-07,2026-08-07_094818_406548_1_R7_C3,7,200.0,3.5,6,holding,8,0.4663333999999999,278.0,1.0168144298520723,12224.0,5.2308735921382326
2026-08-07,2026-08-07_094818_406548_1_R7_C3,7,200.0,3.5,6,inter_cycle_dwell,30,1.9357302999999995,511.0,-0.0755570785263201,14684.0,0.023287411961654625
2026-08-07,2026-08-07_094818_406548_1_R7_C3,7,200.0,3.5,7,holding,7,0.3997493999999975,578.0,0.5964905015105559,12593.0,5.594130240558516
2026-08-07,2026-08-07_094818_406548_1_R7_C3,7,200.0,3.5,7,inter_cycle_dwell,30,1.9358362999999983,-169.0,-0.06563092162862116,13570.0,0.024736148523314405
2026-08-07,2026-08-07_094818_406548_1_R7_C3,7,200.0,3.5,8,holding,7,0.39985599999999977,-1717.0,0.62522239168191,11045.0,5.0369703520286
2026-08-07,2026-08-07_094818_406548_1_R7_C3,7,200.0,3.5,8,inter_cycle_dwell,30,1.9200520000000054,-1067.0,0.002949480381984837,11761.0,0.016949428511472076
2026-08-07,2026-08-07_094818_406548_1_R7_C3,7,200.0,3.5,9,holding,8,0.463401300000001,2352.0,0.8603381297560135,14033.0,5.325861144505641
2026-08-07,2026-08-07_094818_406548_1_R7_C3,7,200.0,3.5,9,inter_cycle_dwell,30,1.9347263000000012,-112.0,-0.07819406754898328,13226.0,0.027867247128221195
2026-08-07,2026-08-07_094818_406548_1_R7_C3,7,200.0,3.5,10,holding,7,0.39869350000000026,1449.0,0.5253211104032882,10795.0,5.127987816707728
2026-08-07,2026-08-07_094818_406548_1_R7_C3,7,200.0,3.5,10,inter_cycle_dwell,30,1.9374440000000064,878.0,0.23731122999338405,14936.0,0.2111523616715646
2026-08-07,2026-08-07_094818_406548_1_R7_C3,7,200.0,3.5,11,holding,8,0.4644740000000027,-14.0,0.9123851716263065,9461.0,6.640602314235219
2026-08-07,2026-08-07_094818_406548_1_R7_C3,7,200.0,3.5,11,inter_cycle_dwell,30,1.9354095999999998,-6637.0,-0.10151339920232338,10281.0,0.030366984946145203
2026-08-07,2026-08-07_094818_406548_1_R7_C3,7,200.0,3.5,12,holding,7,0.40010230000000035,2509.0,0.7429917600296108,12329.0,6.453880634837089
2026-08-07,2026-08-07_094818_406548_1_R7_C3,7,200.0,3.5,12,inter_cycle_dwell,30,1.9363354000000044,-1143.0,-0.019528321171063623,13606.0,0.03376314327187402
2026-08-07,2026-08-07_094818_406548_1_R7_C3,7,200.0,3.5,13,holding,8,0.4639049999999969,-422.0,0.9019135572397428,8251.0,6.312389800700446
2026-08-07,2026-08-07_094818_406548_1_R7_C3,7,200.0,3.5,13,inter_cycle_dwell,30,1.9365740000000073,-2687.0,-0.011700588893446717,7329.0,0.08942435034213192
2026-08-07,2026-08-07_094818_406548_1_R7_C3,7,200.0,3.5,14,holding,7,0.39925479999999425,2139.0,0.5690348433206811,11135.0,5.963544934676996
2026-08-07,2026-08-07_094818_406548_1_R7_C3,7,200.0,3.5,14,inter_cycle_dwell,30,1.935973599999997,891.0,-0.05159733355015517,13763.0,0.018115150055232454
2026-08-07,2026-08-07_094818_406548_1_R7_C3,7,200.0,3.5,15,holding,8,0.4641825000000068,-1808.0,0.7081451239071272,10936.0,5.577355843569919
2026-08-07,2026-08-07_094818_406548_1_R7_C3,7,200.0,3.5,15,inter_cycle_dwell,30,1.937934299999995,-528.0,-0.09647392779539576,10867.0,0.035850361178397905
2026-08-07,2026-08-07_094818_406548_1_R7_C3,7,200.0,3.5,16,holding,7,0.40167900000000145,-1079.0,1.0155594667809584,11224.0,6.146723154450925
2026-08-07,2026-08-07_094818_406548_1_R7_C3,7,200.0,3.5,16,inter_cycle_dwell,30,1.9360827,611.0,-0.1181906313313349,11771.0,0.021639827275070522
2026-08-07,2026-08-07_094818_406548_1_R7_C3,7,200.0,3.5,17,holding,8,0.4818984000000057,-331.0,0.7507028039626293,11517.0,5.613339160230002
2026-08-07,2026-08-07_094818_406548_1_R7_C3,7,200.0,3.5,17,inter_cycle_dwell,30,1.936142100000012,-5063.0,-0.08898098031371438,10584.0,0.0281946867981665
2026-08-07,2026-08-07_094818_406548_1_R7_C3,7,200.0,3.5,18,holding,7,0.3999397999999985,2055.0,0.4144086492289665,12656.0,5.584698404026411
2026-08-07,2026-08-07_094818_406548_1_R7_C3,7,200.0,3.5,18,inter_cycle_dwell,29,1.856042500000001,1559.0,0.0015351158960508204,13193.0,0.030355722773845906
2026-08-07,2026-08-07_094818_406548_1_R7_C3,7,200.0,3.5,19,holding,7,0.40012030000001175,2064.0,0.5136922610167405,12935.0,5.319033186582528
2026-08-07,2026-08-07_094818_406548_1_R7_C3,7,200.0,3.5,19,inter_cycle_dwell,30,1.9263452,2435.0,-0.030781366975668245,13552.0,0.03078864676343529
2026-08-07,2026-08-07_094818_406548_1_R7_C3,7,200.0,3.5,20,holding,8,0.48025410000001045,-479.0,0.5087089477040836,11797.0,5.026744761492404
2026-08-07,2026-08-07_095053_424037_1_R7_C4,7,400.0,1.75,1,holding,7,0.3993932000000002,3068.0,0.6150499068240696,14437.0,1.1265758308989522
2026-08-07,2026-08-07_095053_424037_1_R7_C4,7,400.0,1.75,1,inter_cycle_dwell,30,1.9356869000000003,2006.0,-0.12552980355304233,14454.0,0.12843122871212997
2026-08-07,2026-08-07_095053_424037_1_R7_C4,7,400.0,1.75,2,holding,7,0.40024500000000085,517.0,0.5558384517585893,13200.0,1.519216430225022
2026-08-07,2026-08-07_095053_424037_1_R7_C4,7,400.0,1.75,2,inter_cycle_dwell,30,1.9367573,-1724.0,-0.2955013211363068,11728.0,0.008349229725841845
2026-08-07,2026-08-07_095053_424037_1_R7_C4,7,400.0,1.75,3,holding,7,0.39988699999999966,1150.0,0.5316089095324537,12265.0,1.268979160127365
2026-08-07,2026-08-07_095053_424037_1_R7_C4,7,400.0,1.75,3,inter_cycle_dwell,30,1.9359585999999993,-1325.0,-0.29532241904068657,14381.0,0.014387236293809225
2026-08-07,2026-08-07_095053_424037_1_R7_C4,7,400.0,1.75,4,holding,7,0.3997978999999994,1376.0,0.5382287730689028,14049.0,1.2836886004596608
2026-08-07,2026-08-07_095053_424037_1_R7_C4,7,400.0,1.75,4,inter_cycle_dwell,30,1.9364743999999998,1924.0,-0.3075660944377061,12135.0,0.017429171117703035
2026-08-07,2026-08-07_095053_424037_1_R7_C4,7,400.0,1.75,5,holding,7,0.3998773,925.0,0.5940886805129283,12065.0,1.3066946594584503
2026-08-07,2026-08-07_095053_424037_1_R7_C4,7,400.0,1.75,5,inter_cycle_dwell,30,1.9364071999999979,-288.0,-0.24991739431125826,11322.0,0.013644399816065134
2026-08-07,2026-08-07_095053_424037_1_R7_C4,7,400.0,1.75,6,holding,8,0.4639987999999988,-23.0,0.7774148990097692,12222.0,1.2295990735203342
2026-08-07,2026-08-07_095053_424037_1_R7_C4,7,400.0,1.75,6,inter_cycle_dwell,30,1.9352766999999993,-4614.0,-0.25377976610949693,8304.0,0.020226683664310574
2026-08-07,2026-08-07_095053_424037_1_R7_C4,7,400.0,1.75,7,holding,8,0.4642230999999981,2772.0,0.7603504369310243,12487.0,1.263539285263565
2026-08-07,2026-08-07_095053_424037_1_R7_C4,7,400.0,1.75,7,inter_cycle_dwell,30,1.9359031000000009,-3403.0,0.044843231144727214,11629.0,0.02650937154396371
2026-08-07,2026-08-07_095053_424037_1_R7_C4,7,400.0,1.75,8,holding,8,0.4637607000000017,-657.0,1.1531234929187844,10647.0,2.0199888588138855
2026-08-07,2026-08-07_095053_424037_1_R7_C4,7,400.0,1.75,8,inter_cycle_dwell,30,1.935890699999998,2974.0,-0.7542768060015002,14380.0,0.0064930628972676985
2026-08-07,2026-08-07_095053_424037_1_R7_C4,7,400.0,1.75,9,holding,8,0.4637057999999996,4770.0,1.0266243841331495,14184.0,1.8138845369716083
2026-08-07,2026-08-07_095053_424037_1_R7_C4,7,400.0,1.75,9,inter_cycle_dwell,30,1.9373574000000033,1800.0,-0.625268798885677,14915.0,0.014392558069965422
2026-08-07,2026-08-07_095053_424037_1_R7_C4,7,400.0,1.75,10,holding,7,0.4002929000000037,-179.0,0.8194099061480387,10465.0,1.7307655983209747
2026-08-07,2026-08-07_095053_424037_1_R7_C4,7,400.0,1.75,10,inter_cycle_dwell,30,1.935608600000002,-820.0,-0.4884607677141297,12173.0,0.00894836590514414
2026-08-07,2026-08-07_095053_424037_1_R7_C4,7,400.0,1.75,11,holding,7,0.40127760000000023,-193.0,0.778890625237429,12906.0,1.6875666882116436
2026-08-07,2026-08-07_095053_424037_1_R7_C4,7,400.0,1.75,11,inter_cycle_dwell,30,1.9360135999999954,-771.0,-0.39478886225572163,11393.0,0.008122189189397
2026-08-07,2026-08-07_095053_424037_1_R7_C4,7,400.0,1.75,12,holding,8,0.4639538999999999,1045.0,1.0775227352501338,12786.0,1.6655808359815423
2026-08-07,2026-08-07_095053_424037_1_R7_C4,7,400.0,1.75,12,inter_cycle_dwell,30,1.9356464999999972,-1178.0,-0.3793951691692876,10463.0,0.01525138045720742
2026-08-07,2026-08-07_095053_424037_1_R7_C4,7,400.0,1.75,13,holding,8,0.46348790000000406,1027.0,1.0252773735975715,12312.0,1.6574980381112745
2026-08-07,2026-08-07_095053_424037_1_R7_C4,7,400.0,1.75,13,inter_cycle_dwell,30,1.9358308999999991,-950.0,-0.37579664250096245,12323.0,0.017759028361697626
2026-08-07,2026-08-07_095053_424037_1_R7_C4,7,400.0,1.75,14,holding,7,0.4002662999999984,3213.0,0.812247154006228,12181.0,1.668845606765668
2026-08-07,2026-08-07_095053_424037_1_R7_C4,7,400.0,1.75,14,inter_cycle_dwell,30,1.9360880999999992,-2372.0,-0.4118331713919404,11011.0,0.012471628908619414
2026-08-07,2026-08-07_095053_424037_1_R7_C4,7,400.0,1.75,15,holding,8,0.46182879999999926,167.0,1.091537021966174,10486.0,1.6806968852693585
2026-08-07,2026-08-07_095053_424037_1_R7_C4,7,400.0,1.75,15,inter_cycle_dwell,30,1.9171864999999997,114.0,-0.2074147566183946,11999.0,0.07784298931126454
2026-08-07,2026-08-07_095053_424037_1_R7_C4,7,400.0,1.75,16,holding,8,0.4637287999999984,742.0,1.2242301013046912,13116.0,1.83980705403074
2026-08-07,2026-08-07_095053_424037_1_R7_C4,7,400.0,1.75,16,inter_cycle_dwell,30,1.9368265999999963,-972.0,-0.4830890749912121,11918.0,0.015920841728068846
2026-08-07,2026-08-07_095053_424037_1_R7_C4,7,400.0,1.75,17,holding,7,0.39948280000000125,-1094.0,0.6542179052075663,10792.0,1.789312887928244
2026-08-07,2026-08-07_095053_424037_1_R7_C4,7,400.0,1.75,17,inter_cycle_dwell,30,1.9360602,-1285.0,-0.32512279664331756,12908.0,0.08391768009466927
2026-08-07,2026-08-07_095053_424037_1_R7_C4,7,400.0,1.75,18,holding,8,0.46408850000000257,-2011.0,1.1492759967337163,10656.0,1.9136190785696288
2026-08-07,2026-08-07_095053_424037_1_R7_C4,7,400.0,1.75,18,inter_cycle_dwell,29,1.8557051000000016,-399.0,-0.30683734540367924,10897.0,0.024006798748905545
2026-08-07,2026-08-07_095053_424037_1_R7_C4,7,400.0,1.75,19,holding,8,0.4640660999999966,-1529.0,1.0826344293382513,9517.0,1.8048105572213142
2026-08-07,2026-08-07_095053_424037_1_R7_C4,7,400.0,1.75,19,inter_cycle_dwell,30,1.9364569000000103,-2003.0,-0.34887622202863855,9966.0,0.014644433158397807
2026-08-07,2026-08-07_095053_424037_1_R7_C4,7,400.0,1.75,20,holding,8,0.4796934999999962,-4107.0,1.1817258299730378,8259.0,1.7876483440968027
2026-08-07,2026-08-07_095436_287372_1_R7_C5,7,400.0,2.625,1,holding,7,0.40042690000000025,746.0,0.7048797311429351,12310.0,2.0272757916958217
2026-08-07,2026-08-07_095436_287372_1_R7_C5,7,400.0,2.625,1,inter_cycle_dwell,30,1.9353577,1649.0,-0.06386230921076341,13850.0,0.16100490842764553
2026-08-07,2026-08-07_095436_287372_1_R7_C5,7,400.0,2.625,2,holding,7,0.3997130999999996,-1857.0,0.9184079380981871,10104.0,2.796935666601953
2026-08-07,2026-08-07_095436_287372_1_R7_C5,7,400.0,2.625,2,inter_cycle_dwell,30,1.9362403000000006,368.0,-0.14726583027922002,14491.0,0.027146285095473677
2026-08-07,2026-08-07_095436_287372_1_R7_C5,7,400.0,2.625,3,holding,7,0.40001029999999993,277.0,0.7429795313028558,12490.0,2.0189574262564904
2026-08-07,2026-08-07_095436_287372_1_R7_C5,7,400.0,2.625,3,inter_cycle_dwell,30,1.9361809,395.0,-0.19324326791974095,12583.0,0.014467177915222396
2026-08-07,2026-08-07_095436_287372_1_R7_C5,7,400.0,2.625,4,holding,8,0.46433500000000016,3129.0,0.9651712875353975,13429.0,2.0472230045905793
2026-08-07,2026-08-07_095436_287372_1_R7_C5,7,400.0,2.625,4,inter_cycle_dwell,30,1.9200663000000002,-831.0,-0.15772041758768462,11434.0,0.013995232437511496
2026-08-07,2026-08-07_095436_287372_1_R7_C5,7,400.0,2.625,5,holding,7,0.4004626999999985,-686.0,0.9205888902506874,9281.0,2.1360443753457203
2026-08-07,2026-08-07_095436_287372_1_R7_C5,7,400.0,2.625,5,inter_cycle_dwell,30,1.936033100000003,-3320.0,-0.09072586662460491,11077.0,0.12150185770366678
2026-08-07,2026-08-07_095436_287372_1_R7_C5,7,400.0,2.625,6,holding,7,0.40006870000000205,-1639.0,0.7159461938153631,10854.0,2.6364087141261345
2026-08-07,2026-08-07_095436_287372_1_R7_C5,7,400.0,2.625,6,inter_cycle_dwell,30,1.9358016000000013,402.0,-0.20633475943426705,15089.0,0.006328407432462213
2026-08-07,2026-08-07_095436_287372_1_R7_C5,7,400.0,2.625,7,holding,8,0.4639078000000012,1530.0,1.1449492414833857,12991.0,2.3680606181645008
2026-08-07,2026-08-07_095436_287372_1_R7_C5,7,400.0,2.625,7,inter_cycle_dwell,30,1.9356650000000002,-4640.0,-0.10727276487226634,10216.0,0.055680914593595254
2026-08-07,2026-08-07_095436_287372_1_R7_C5,7,400.0,2.625,8,holding,8,0.4641479000000004,-586.0,1.487947244680373,11455.0,2.882189673224296
2026-08-07,2026-08-07_095436_287372_1_R7_C5,7,400.0,2.625,8,inter_cycle_dwell,30,1.9366720999999991,-1770.0,-0.16959395328211868,11187.0,0.013549132127772534
2026-08-07,2026-08-07_095436_287372_1_R7_C5,7,400.0,2.625,9,holding,8,0.46704349999999906,853.0,1.427873142205489,12616.0,2.934047203117479
2026-08-07,2026-08-07_095436_287372_1_R7_C5,7,400.0,2.625,9,inter_cycle_dwell,30,1.9358426000000009,361.0,-0.10968772108514191,12586.0,0.0013922532562302692
2026-08-07,2026-08-07_095436_287372_1_R7_C5,7,400.0,2.625,10,holding,8,0.46426600000000207,-969.0,1.6818903024436087,9506.0,3.3140909857124408
2026-08-07,2026-08-07_095436_287372_1_R7_C5,7,400.0,2.625,10,inter_cycle_dwell,30,1.9358937000000012,506.0,-0.6000814111933365,12438.0,0.012749014664411584
2026-08-07,2026-08-07_095436_287372_1_R7_C5,7,400.0,2.625,11,holding,8,0.4638491999999985,1099.0,1.644392400480997,11047.0,3.3203117169518808
2026-08-07,2026-08-07_095436_287372_1_R7_C5,7,400.0,2.625,11,inter_cycle_dwell,30,1.9357966999999974,-1989.0,-0.21109721425564587,12053.0,0.013643878182954094
2026-08-07,2026-08-07_095436_287372_1_R7_C5,7,400.0,2.625,12,holding,8,0.4639907999999977,-59.0,1.5103581620362558,11102.0,3.288940791458912
2026-08-07,2026-08-07_095436_287372_1_R7_C5,7,400.0,2.625,12,inter_cycle_dwell,29,1.8558810000000037,-293.0,-0.13614847616647696,12263.0,0.017814316972300848
2026-08-07,2026-08-07_095436_287372_1_R7_C5,7,400.0,2.625,13,holding,8,0.4640703999999971,2936.0,1.607636734674169,12871.0,3.477961304770233
2026-08-07,2026-08-07_095436_287372_1_R7_C5,7,400.0,2.625,13,inter_cycle_dwell,30,1.9358069000000029,-184.0,-0.3456586893489355,11513.0,-0.003773145913536391
2026-08-07,2026-08-07_095436_287372_1_R7_C5,7,400.0,2.625,14,holding,8,0.4827826000000002,-2523.0,1.8917191160145466,9996.0,4.144404868502899
2026-08-07,2026-08-07_095436_287372_1_R7_C5,7,400.0,2.625,14,inter_cycle_dwell,30,1.9358803000000009,-1441.0,-0.6595021997927403,13454.0,0.012291402975051935
2026-08-07,2026-08-07_095436_287372_1_R7_C5,7,400.0,2.625,15,holding,8,0.46366700000000094,-75.0,1.7466890750009378,11257.0,3.9311280569204463
2026-08-07,2026-08-07_095436_287372_1_R7_C5,7,400.0,2.625,15,inter_cycle_dwell,30,1.9204885999999988,1404.0,-0.6341356890536004,12407.0,0.000695688930502425
2026-08-07,2026-08-07_095436_287372_1_R7_C5,7,400.0,2.625,16,holding,8,0.46264569999999594,2079.0,1.7492081900665508,12483.0,3.6937238706585895
2026-08-07,2026-08-07_095436_287372_1_R7_C5,7,400.0,2.625,16,inter_cycle_dwell,30,1.935872500000002,1948.0,-0.5720120263872166,15068.0,0.012155061749116625
2026-08-07,2026-08-07_095436_287372_1_R7_C5,7,400.0,2.625,17,holding,7,0.3996808999999999,1937.0,1.555091419456097,13599.0,3.6742657742794074
2026-08-07,2026-08-07_095436_287372_1_R7_C5,7,400.0,2.625,17,inter_cycle_dwell,30,1.9356499000000014,-2963.0,-0.5383186219406987,12926.0,0.007283176065695396
2026-08-07,2026-08-07_095436_287372_1_R7_C5,7,400.0,2.625,18,holding,7,0.40011850000000493,-550.0,1.39985379289357,10078.0,3.326987388684353
2026-08-07,2026-08-07_095436_287372_1_R7_C5,7,400.0,2.625,18,inter_cycle_dwell,30,1.9358895999999959,-959.0,-0.40531690819008437,13622.0,0.019308617675007578
2026-08-07,2026-08-07_095436_287372_1_R7_C5,7,400.0,2.625,19,holding,7,0.4003938999999974,3763.0,1.433484290024968,11956.0,3.443497080321923
2026-08-07,2026-08-07_095436_287372_1_R7_C5,7,400.0,2.625,19,inter_cycle_dwell,30,1.936142899999993,-415.0,-0.37112769392304845,12024.0,0.021291420540897166
2026-08-07,2026-08-07_095436_287372_1_R7_C5,7,400.0,2.625,20,holding,7,0.4003124999999983,-2917.0,1.2544333756561894,9555.0,3.3904031690787964
2026-08-07,2026-08-07_095653_974863_1_R7_C6,7,400.0,3.5,1,holding,8,0.46406009999999975,4239.0,1.6176325868311765,13402.0,4.1771996443407575
2026-08-07,2026-08-07_095653_974863_1_R7_C6,7,400.0,3.5,1,inter_cycle_dwell,30,1.9360631000000001,-346.0,-0.2355049088456822,12039.0,0.023674476595860083
2026-08-07,2026-08-07_095653_974863_1_R7_C6,7,400.0,3.5,2,holding,8,0.4587229000000006,-272.0,0.7218266432169744,12813.0,3.0450861835624283
2026-08-07,2026-08-07_095653_974863_1_R7_C6,7,400.0,3.5,2,inter_cycle_dwell,30,1.935796700000001,-2452.0,-0.22625022559250962,13636.0,0.015473474774992113
2026-08-07,2026-08-07_095653_974863_1_R7_C6,7,400.0,3.5,3,holding,7,0.39696,-1245.0,1.2613344868370104,13119.0,3.500152664510104
2026-08-07,2026-08-07_095653_974863_1_R7_C6,7,400.0,3.5,3,inter_cycle_dwell,30,1.9359970000000004,-4561.0,-0.5506657907772567,10357.0,0.030585318145143647
2026-08-07,2026-08-07_095653_974863_1_R7_C6,7,400.0,3.5,4,holding,8,0.4639503999999999,-2883.0,1.6723142882844986,9003.0,6.353898908540081
2026-08-07,2026-08-07_095653_974863_1_R7_C6,7,400.0,3.5,4,inter_cycle_dwell,30,1.936047300000002,2633.0,-0.31804751470876935,11643.0,0.06829684072757569
2026-08-07,2026-08-07_095653_974863_1_R7_C6,7,400.0,3.5,5,holding,8,0.4638586999999994,-2167.0,1.662199663994837,11749.0,6.263669341696756
2026-08-07,2026-08-07_095653_974863_1_R7_C6,7,400.0,3.5,5,inter_cycle_dwell,30,1.9360451999999988,1957.0,-0.45125338983126184,13340.0,0.022080722638223138
2026-08-07,2026-08-07_095653_974863_1_R7_C6,7,400.0,3.5,6,holding,8,0.46137819999999863,-2436.0,1.5860377323696397,11785.0,5.267258253601039
2026-08-07,2026-08-07_095653_974863_1_R7_C6,7,400.0,3.5,6,inter_cycle_dwell,30,1.935172699999999,40.0,-0.16227227457339088,12833.0,0.027223783260910572
2026-08-07,2026-08-07_095653_974863_1_R7_C6,7,400.0,3.5,7,holding,8,0.47983409999999793,-167.0,2.232343902124844,9779.0,5.749620715166909
2026-08-07,2026-08-07_095653_974863_1_R7_C6,7,400.0,3.5,7,inter_cycle_dwell,30,1.9353612999999967,-2104.0,-0.13969043518355218,11832.0,0.027244686664687157
2026-08-07,2026-08-07_095653_974863_1_R7_C6,7,400.0,3.5,8,holding,7,0.40007760000000303,423.0,1.0545766222670885,10464.0,5.723187063622943
2026-08-07,2026-08-07_095653_974863_1_R7_C6,7,400.0,3.5,8,inter_cycle_dwell,30,1.9354473999999975,4093.0,-0.15420935217624687,15452.0,0.02956508838211014
2026-08-07,2026-08-07_095653_974863_1_R7_C6,7,400.0,3.5,9,holding,7,0.39990130000000335,-2008.0,1.072959469175963,11159.0,5.36576308420948
2026-08-07,2026-08-07_095653_974863_1_R7_C6,7,400.0,3.5,9,inter_cycle_dwell,30,1.9358069000000029,355.0,-0.23158822393522327,14274.0,0.02007842306778418
2026-08-07,2026-08-07_095653_974863_1_R7_C6,7,400.0,3.5,10,holding,7,0.4000370999999987,1413.0,0.8034535063261101,13313.0,4.999858610623821
2026-08-07,2026-08-07_095653_974863_1_R7_C6,7,400.0,3.5,10,inter_cycle_dwell,30,1.9357842000000005,-1701.0,-0.2254165948345841,11351.0,0.024133487957270328
2026-08-07,2026-08-07_095653_974863_1_R7_C6,7,400.0,3.5,11,holding,7,0.40035629999999855,344.0,1.3876527605680105,10597.0,5.534609353529332
2026-08-07,2026-08-07_095653_974863_1_R7_C6,7,400.0,3.5,11,inter_cycle_dwell,30,1.9359578999999982,-2067.0,-0.24125392088200914,12386.0,0.019519433414945442
2026-08-07,2026-08-07_095653_974863_1_R7_C6,7,400.0,3.5,12,holding,7,0.39993159999999506,642.0,1.3160341351582279,12582.0,5.496835023308612
2026-08-07,2026-08-07_095653_974863_1_R7_C6,7,400.0,3.5,12,inter_cycle_dwell,30,1.9360578000000004,388.0,-0.24702030466631375,12699.0,0.019643188275065726
2026-08-07,2026-08-07_095653_974863_1_R7_C6,7,400.0,3.5,13,holding,7,0.39978289999999816,2743.0,1.5647563335789094,14202.0,5.559918606771901
2026-08-07,2026-08-07_095653_974863_1_R7_C6,7,400.0,3.5,13,inter_cycle_dwell,30,1.9358119000000045,-952.0,-0.2867707344594522,14074.0,0.017743209618904743
2026-08-07,2026-08-07_095653_974863_1_R7_C6,7,400.0,3.5,14,holding,7,0.39998680000000064,133.0,1.4803968214029837,11359.0,5.754677747786667
2026-08-07,2026-08-07_095653_974863_1_R7_C6,7,400.0,3.5,14,inter_cycle_dwell,30,1.9358895000000018,-1418.0,-0.39348328688082745,12898.0,0.02111594752049839
2026-08-07,2026-08-07_095653_974863_1_R7_C6,7,400.0,3.5,15,holding,8,0.4634868999999995,3894.0,1.7801313555895435,14901.0,5.80799389933273
2026-08-07,2026-08-07_095653_974863_1_R7_C6,7,400.0,3.5,15,inter_cycle_dwell,30,1.9382181000000003,2326.0,-0.4517110860906055,15374.0,0.020913887615562454
2026-08-07,2026-08-07_095653_974863_1_R7_C6,7,400.0,3.5,16,holding,8,0.4638086000000001,2852.0,1.8952221377946419,13193.0,5.948965966918528
2026-08-07,2026-08-07_095653_974863_1_R7_C6,7,400.0,3.5,16,inter_cycle_dwell,30,1.9357670999999996,-1388.0,-0.4900406447376322,14721.0,0.024410599776830244
2026-08-07,2026-08-07_095653_974863_1_R7_C6,7,400.0,3.5,17,holding,8,0.4639722000000006,-2779.0,2.047852609138072,10341.0,5.839584787485214
2026-08-07,2026-08-07_095653_974863_1_R7_C6,7,400.0,3.5,17,inter_cycle_dwell,30,1.9357962999999927,1974.0,-0.5197010120308686,13950.0,0.024460301776738747
2026-08-07,2026-08-07_095653_974863_1_R7_C6,7,400.0,3.5,18,holding,8,0.4634088000000105,2779.0,1.9660103369602977,13857.0,5.772071204034349
2026-08-07,2026-08-07_095653_974863_1_R7_C6,7,400.0,3.5,18,inter_cycle_dwell,30,1.9363196000000045,-4505.0,-0.1399571565958586,12499.0,0.026240765846510916
2026-08-07,2026-08-07_095653_974863_1_R7_C6,7,400.0,3.5,19,holding,8,0.4638009000000096,1700.0,2.1411734044169366,12659.0,5.643180775932516
2026-08-07,2026-08-07_095653_974863_1_R7_C6,7,400.0,3.5,19,inter_cycle_dwell,30,1.9200507999999985,-543.0,-0.1219846411810479,12152.0,0.02695615318668887
2026-08-07,2026-08-07_095653_974863_1_R7_C6,7,400.0,3.5,20,holding,7,0.3997223999999875,-4290.0,1.0479075707519359,8443.0,5.6238657307865205
2026-08-07,2026-08-07_095957_373755_1_R7_C7,7,600.0,1.75,1,holding,8,0.464399,-2248.0,0.5868845478928846,7349.0,0.8018064366505323
2026-08-07,2026-08-07_095957_373755_1_R7_C7,7,600.0,1.75,1,inter_cycle_dwell,30,1.9358917,370.0,-0.3920813103645955,14877.0,0.014707010263257714
2026-08-07,2026-08-07_095957_373755_1_R7_C7,7,600.0,1.75,2,holding,7,0.39995530000000024,-1126.0,0.4517177084510743,10321.0,0.8138611956638226
2026-08-07,2026-08-07_095957_373755_1_R7_C7,7,600.0,1.75,2,inter_cycle_dwell,30,1.9351030000000007,3551.0,-0.37973790281027625,14975.0,0.004785493095682436
2026-08-07,2026-08-07_095957_373755_1_R7_C7,7,600.0,1.75,3,holding,7,0.3999486999999995,-3766.0,0.4793684375894814,10018.0,0.769361906479709
2026-08-07,2026-08-07_095957_373755_1_R7_C7,7,600.0,1.75,3,inter_cycle_dwell,30,1.9354528999999996,1299.0,-0.4318327287130486,12500.0,0.004265526589495916
2026-08-07,2026-08-07_095957_373755_1_R7_C7,7,600.0,1.75,4,holding,8,0.4640360999999995,-1920.0,0.47760702612010086,9831.0,0.7451254912849588
2026-08-07,2026-08-07_095957_373755_1_R7_C7,7,600.0,1.75,4,inter_cycle_dwell,31,2.0003948000000005,790.0,-0.4715882369107611,13831.0,0.008609244649781633
2026-08-07,2026-08-07_095957_373755_1_R7_C7,7,600.0,1.75,5,holding,8,0.47982310000000084,826.0,0.5195751957905138,11614.0,0.7305696348522195
2026-08-07,2026-08-07_095957_373755_1_R7_C7,7,600.0,1.75,5,inter_cycle_dwell,30,1.9358535000000003,645.0,-0.2730515489534661,15883.0,0.011397699160199448
2026-08-07,2026-08-07_095957_373755_1_R7_C7,7,600.0,1.75,6,holding,7,0.3993485999999997,3944.0,0.3297020303974332,15875.0,0.7285126795951158
2026-08-07,2026-08-07_095957_373755_1_R7_C7,7,600.0,1.75,6,inter_cycle_dwell,30,1.9362712000000002,-733.0,-0.36309267944205653,13311.0,0.012399343031069321
2026-08-07,2026-08-07_095957_373755_1_R7_C7,7,600.0,1.75,7,holding,7,0.3999557999999972,-3351.0,0.41883050240294073,10296.0,0.7517567647351183
2026-08-07,2026-08-07_095957_373755_1_R7_C7,7,600.0,1.75,7,inter_cycle_dwell,30,1.935782800000002,-401.0,-0.3503396044483511,11870.0,0.007939933564801493
2026-08-07,2026-08-07_095957_373755_1_R7_C7,7,600.0,1.75,8,holding,8,0.4634929999999997,-4928.0,0.368980945626033,12360.0,0.6510219899584958
2026-08-07,2026-08-07_095957_373755_1_R7_C7,7,600.0,1.75,8,inter_cycle_dwell,30,1.9248040000000017,-2157.0,-0.45016282024820414,11168.0,-9.921845723975808e-05
2026-08-07,2026-08-07_095957_373755_1_R7_C7,7,600.0,1.75,9,holding,8,0.4657978000000007,-2006.0,0.5341721470598777,12123.0,0.7612508421334598
2026-08-07,2026-08-07_095957_373755_1_R7_C7,7,600.0,1.75,9,inter_cycle_dwell,29,1.871732999999999,-147.0,-0.2659308577349326,12779.0,0.01308687386339924
2026-08-07,2026-08-07_095957_373755_1_R7_C7,7,600.0,1.75,10,holding,8,0.4818414000000004,2611.0,0.5637263725950237,14393.0,0.7886202720839546
2026-08-07,2026-08-07_095957_373755_1_R7_C7,7,600.0,1.75,10,inter_cycle_dwell,30,1.935935200000003,-1530.0,-0.47971780034500183,10048.0,-0.014945208190241865
2026-08-07,2026-08-07_095957_373755_1_R7_C7,7,600.0,1.75,11,holding,8,0.46368990000000565,1472.0,0.6110839391000354,12503.0,0.8303783191848388
2026-08-07,2026-08-07_095957_373755_1_R7_C7,7,600.0,1.75,11,inter_cycle_dwell,30,1.9360715999999982,-2417.0,-0.3634693496517236,10964.0,-0.0036061548417285483
2026-08-07,2026-08-07_095957_373755_1_R7_C7,7,600.0,1.75,12,holding,7,0.399870700000001,2885.0,0.48363474927259475,14502.0,0.9419651239497375
2026-08-07,2026-08-07_095957_373755_1_R7_C7,7,600.0,1.75,12,inter_cycle_dwell,30,1.935864500000001,-853.0,-0.39692675884220585,13610.0,0.006991315879988691
2026-08-07,2026-08-07_095957_373755_1_R7_C7,7,600.0,1.75,13,holding,7,0.4176631999999998,-6755.0,0.4825878807378734,10667.0,0.9287272232057918
2026-08-07,2026-08-07_095957_373755_1_R7_C7,7,600.0,1.75,13,inter_cycle_dwell,30,1.935455300000001,-861.0,-0.4033097342851236,13086.0,0.007247326453022174
2026-08-07,2026-08-07_095957_373755_1_R7_C7,7,600.0,1.75,14,holding,7,0.40006580000000014,-2142.0,0.6051429070808956,12574.0,0.9921889683557674
2026-08-07,2026-08-07_095957_373755_1_R7_C7,7,600.0,1.75,14,inter_cycle_dwell,30,1.9363766000000027,1339.0,-0.531873654148445,14843.0,0.004630080529629155
2026-08-07,2026-08-07_095957_373755_1_R7_C7,7,600.0,1.75,15,holding,7,0.4002052999999961,-1267.0,0.6037832653279152,11492.0,0.9197448405548586
2026-08-07,2026-08-07_095957_373755_1_R7_C7,7,600.0,1.75,15,inter_cycle_dwell,30,1.9358356999999984,-1923.0,-0.4802062224925674,12612.0,0.008265422643835008
2026-08-07,2026-08-07_095957_373755_1_R7_C7,7,600.0,1.75,16,holding,8,0.4640360000000001,-840.0,0.6232475145471718,11330.0,0.9221454589573223
2026-08-07,2026-08-07_095957_373755_1_R7_C7,7,600.0,1.75,16,inter_cycle_dwell,30,1.936587000000003,-2264.0,-0.28717470740543277,12462.0,0.008803664205341455
2026-08-07,2026-08-07_095957_373755_1_R7_C7,7,600.0,1.75,17,holding,8,0.4642252999999954,-1722.0,0.687554665062883,10949.0,0.9237032519336681
2026-08-07,2026-08-07_095957_373755_1_R7_C7,7,600.0,1.75,17,inter_cycle_dwell,30,1.920303599999997,-3447.0,-0.30166556215415385,11818.0,0.011800273535802153
2026-08-07,2026-08-07_095957_373755_1_R7_C7,7,600.0,1.75,18,holding,8,0.46082919999999916,-451.0,0.6850753994596718,12450.0,0.9480182226979434
2026-08-07,2026-08-07_095957_373755_1_R7_C7,7,600.0,1.75,18,inter_cycle_dwell,30,1.9385046999999958,-2365.0,-0.41439575276770874,12416.0,0.007170795770113536
2026-08-07,2026-08-07_095957_373755_1_R7_C7,7,600.0,1.75,19,holding,7,0.3998590000000064,1382.0,0.5672106002648969,11139.0,0.993307197914559
2026-08-07,2026-08-07_095957_373755_1_R7_C7,7,600.0,1.75,19,inter_cycle_dwell,30,1.9389271000000008,2449.0,-0.537164642727376,15809.0,0.0074036547024556865
2026-08-07,2026-08-07_095957_373755_1_R7_C7,7,600.0,1.75,20,holding,8,0.4798543999999936,1397.0,0.7040364898188384,13877.0,1.0036134106866157
2026-08-07,2026-08-07_100214_041362_1_R7_C8,7,600.0,2.625,1,holding,8,0.46421959999999984,958.0,0.7720395846058563,13273.0,1.4350535750808606
2026-08-07,2026-08-07_100214_041362_1_R7_C8,7,600.0,2.625,1,inter_cycle_dwell,30,1.9359012,-1683.0,-0.3351896874750248,13451.0,0.009234986765008779
2026-08-07,2026-08-07_100214_041362_1_R7_C8,7,600.0,2.625,2,holding,8,0.4795921999999999,8224.0,0.7945277091264469,16348.0,1.421531840437419
2026-08-07,2026-08-07_100214_041362_1_R7_C8,7,600.0,2.625,2,inter_cycle_dwell,30,1.9359279999999996,3425.0,-0.11637940604873459,13331.0,0.017375116364369947
2026-08-07,2026-08-07_100214_041362_1_R7_C8,7,600.0,2.625,3,holding,8,0.4799441000000009,1786.0,1.0267291711925894,13657.0,1.8056175753757022
2026-08-07,2026-08-07_100214_041362_1_R7_C8,7,600.0,2.625,3,inter_cycle_dwell,30,1.9361332999999998,-39.0,-0.27707359305523344,14007.0,0.02186336119473281
2026-08-07,2026-08-07_100214_041362_1_R7_C8,7,600.0,2.625,4,holding,8,0.4642166000000003,3416.0,0.991430015090252,14671.0,1.8078313045691183
2026-08-07,2026-08-07_100214_041362_1_R7_C8,7,600.0,2.625,4,inter_cycle_dwell,30,1.9371977999999999,3382.0,-0.29279214886132826,15341.0,0.01216878790917919
2026-08-07,2026-08-07_100214_041362_1_R7_C8,7,600.0,2.625,5,holding,8,0.46360649999999914,1083.0,0.9406423836895517,11840.0,1.754240783977814
2026-08-07,2026-08-07_100214_041362_1_R7_C8,7,600.0,2.625,5,inter_cycle_dwell,30,1.933690600000002,1439.0,-0.2618792604096551,14255.0,0.010616938582610813
2026-08-07,2026-08-07_100214_041362_1_R7_C8,7,600.0,2.625,6,holding,7,0.4078723999999987,3967.0,0.8487006540650976,12436.0,1.6978427876753182
2026-08-07,2026-08-07_100214_041362_1_R7_C8,7,600.0,2.625,6,inter_cycle_dwell,30,1.920141300000001,1627.0,-0.14507677056806528,13027.0,0.021748080699793615
2026-08-07,2026-08-07_100214_041362_1_R7_C8,7,600.0,2.625,7,holding,7,0.39976389999999995,-2209.0,1.0086842179440834,9956.0,2.153885698301822
2026-08-07,2026-08-07_100214_041362_1_R7_C8,7,600.0,2.625,7,inter_cycle_dwell,30,1.9359313,2415.0,-0.3174714237356945,14842.0,0.015273826667333124
2026-08-07,2026-08-07_100214_041362_1_R7_C8,7,600.0,2.625,8,holding,7,0.40361070000000154,-980.0,1.129455599605762,11589.0,2.205998297919484
2026-08-07,2026-08-07_100214_041362_1_R7_C8,7,600.0,2.625,8,inter_cycle_dwell,30,1.936501400000001,527.0,-0.30381425788368305,15170.0,0.014569352795532342
2026-08-07,2026-08-07_100214_041362_1_R7_C8,7,600.0,2.625,9,holding,7,0.39599910000000094,721.0,1.0491552969978097,11550.0,2.122123423185396
2026-08-07,2026-08-07_100214_041362_1_R7_C8,7,600.0,2.625,9,inter_cycle_dwell,30,1.9323856999999975,-2307.0,-0.24210540682981807,11559.0,0.013865617294357091
2026-08-07,2026-08-07_100214_041362_1_R7_C8,7,600.0,2.625,10,holding,7,0.3998305000000002,11.0,1.0259331729411463,12534.0,2.0479501940615976
2026-08-07,2026-08-07_100214_041362_1_R7_C8,7,600.0,2.625,10,inter_cycle_dwell,30,1.9354505000000017,-1421.0,-0.24550050455113914,13596.0,0.013560556768582255
2026-08-07,2026-08-07_100214_041362_1_R7_C8,7,600.0,2.625,11,holding,7,0.40015309999999715,1017.0,1.116746709205255,13080.0,2.151031564603558
2026-08-07,2026-08-07_100214_041362_1_R7_C8,7,600.0,2.625,11,inter_cycle_dwell,30,1.9353267000000045,243.0,-0.6564329030040948,13027.0,0.015502656094651623
2026-08-07,2026-08-07_100214_041362_1_R7_C8,7,600.0,2.625,12,holding,7,0.400082900000001,362.0,0.9551671627726939,12739.0,2.0168352930136906
2026-08-07,2026-08-07_100214_041362_1_R7_C8,7,600.0,2.625,12,inter_cycle_dwell,30,1.9362629000000027,596.0,-0.5709291127551671,13224.0,0.012463913215413402
2026-08-07,2026-08-07_100214_041362_1_R7_C8,7,600.0,2.625,13,holding,7,0.39978290000000527,562.0,1.0058363082808848,11878.0,2.06172155905457
2026-08-07,2026-08-07_100214_041362_1_R7_C8,7,600.0,2.625,13,inter_cycle_dwell,29,1.8558327000000006,1295.0,-0.21247279409570408,13115.0,0.018877472751508917
2026-08-07,2026-08-07_100214_041362_1_R7_C8,7,600.0,2.625,14,holding,7,0.4104280999999972,-907.0,0.8952129135819944,12067.0,1.9573718292662479
2026-08-07,2026-08-07_100214_041362_1_R7_C8,7,600.0,2.625,14,inter_cycle_dwell,30,1.9365679,165.0,-0.6531982549929123,13240.0,0.015813581663522147
2026-08-07,2026-08-07_100214_041362_1_R7_C8,7,600.0,2.625,15,holding,8,0.4638346999999996,1557.0,1.2806628800302917,13219.0,1.9910171389450324
2026-08-07,2026-08-07_100214_041362_1_R7_C8,7,600.0,2.625,15,inter_cycle_dwell,30,1.9366362000000024,398.0,-0.5157428282449804,11768.0,0.010218688648185759
2026-08-07,2026-08-07_100214_041362_1_R7_C8,7,600.0,2.625,16,holding,8,0.46361220000000003,-565.0,1.195990180079276,12794.0,1.949293808304728
2026-08-07,2026-08-07_100214_041362_1_R7_C8,7,600.0,2.625,16,inter_cycle_dwell,30,1.9352985000000018,175.0,-0.46649215751485745,12996.0,0.012238230312748899
2026-08-07,2026-08-07_100214_041362_1_R7_C8,7,600.0,2.625,17,holding,7,0.4000862999999981,-1380.0,0.6532722318292132,11128.0,1.9261326712349551
2026-08-07,2026-08-07_100214_041362_1_R7_C8,7,600.0,2.625,17,inter_cycle_dwell,30,1.9359483000000068,-339.0,-0.5304837797604414,14304.0,0.012440560415982904
2026-08-07,2026-08-07_100214_041362_1_R7_C8,7,600.0,2.625,18,holding,7,0.39989690000000166,790.0,0.8295847481963983,12157.0,1.845852976573824
2026-08-07,2026-08-07_100214_041362_1_R7_C8,7,600.0,2.625,18,inter_cycle_dwell,30,1.9358126999999996,-1801.0,-0.5236492207289172,10773.0,0.012946634160479975
2026-08-07,2026-08-07_100214_041362_1_R7_C8,7,600.0,2.625,19,holding,7,0.4000601000000046,4492.0,0.8556334918132393,13280.0,1.9457013785313804
2026-08-07,2026-08-07_100214_041362_1_R7_C8,7,600.0,2.625,19,inter_cycle_dwell,30,1.9359275999999994,2131.0,-0.5030867713124823,15775.0,0.009448308878567846
2026-08-07,2026-08-07_100214_041362_1_R7_C8,7,600.0,2.625,20,holding,8,0.4640121999999991,-393.0,1.2553418893149395,12611.0,1.9585811622129716
2026-08-07,2026-08-07_100416_759979_1_R7_C9,7,600.0,3.5,1,holding,7,0.40002609999999983,1430.0,1.101938747379019,12349.0,2.533363742094749
2026-08-07,2026-08-07_100416_759979_1_R7_C9,7,600.0,3.5,1,inter_cycle_dwell,30,1.9361519000000005,1121.0,0.05077513613180229,14196.0,0.368082081251978
2026-08-07,2026-08-07_100416_759979_1_R7_C9,7,600.0,3.5,2,holding,7,0.40009720000000026,1327.0,1.253846395533332,14124.0,3.6790859026804545
2026-08-07,2026-08-07_100416_759979_1_R7_C9,7,600.0,3.5,2,inter_cycle_dwell,30,1.9382925999999996,-3221.0,-0.20676085896454394,11263.0,0.012173460158429628
2026-08-07,2026-08-07_100416_759979_1_R7_C9,7,600.0,3.5,3,holding,8,0.46351980000000026,2281.0,1.6470537888169532,13335.0,3.281040335529318
2026-08-07,2026-08-07_100416_759979_1_R7_C9,7,600.0,3.5,3,inter_cycle_dwell,30,1.9364916,-3294.0,-0.3725151670980452,10437.0,0.02276791318663962
2026-08-07,2026-08-07_100416_759979_1_R7_C9,7,600.0,3.5,4,holding,7,0.3999446000000013,-450.0,1.3660429578621658,11909.0,3.4633994332275764
2026-08-07,2026-08-07_100416_759979_1_R7_C9,7,600.0,3.5,4,inter_cycle_dwell,30,1.9356089999999995,-984.0,-0.2897539632246955,12497.0,0.007528976731949966
2026-08-07,2026-08-07_100416_759979_1_R7_C9,7,600.0,3.5,5,holding,8,0.4638543999999989,-578.0,1.5857384309797007,10928.0,3.0103556159935545
2026-08-07,2026-08-07_100416_759979_1_R7_C9,7,600.0,3.5,5,inter_cycle_dwell,30,1.9358054000000031,-2153.0,-0.38697234471954317,12949.0,0.010716341201401414
2026-08-07,2026-08-07_100416_759979_1_R7_C9,7,600.0,3.5,6,holding,8,0.4640933000000018,-645.0,1.6799446544932841,12525.0,3.5695749928576306
2026-08-07,2026-08-07_100416_759979_1_R7_C9,7,600.0,3.5,6,inter_cycle_dwell,30,1.9360658999999991,-2060.0,-0.3744672609301381,13868.0,0.011270906378684109
2026-08-07,2026-08-07_100416_759979_1_R7_C9,7,600.0,3.5,7,holding,7,0.39984179999999725,1377.0,1.47795157514418,12763.0,3.4503703098960754
2026-08-07,2026-08-07_100416_759979_1_R7_C9,7,600.0,3.5,7,inter_cycle_dwell,30,1.9359713999999997,-2927.0,-0.38486706354172684,13015.0,0.015243691700005169
2026-08-07,2026-08-07_100416_759979_1_R7_C9,7,600.0,3.5,8,holding,7,0.3998488000000009,1800.0,1.2243118484734712,11660.0,3.2604177008593136
2026-08-07,2026-08-07_100416_759979_1_R7_C9,7,600.0,3.5,8,inter_cycle_dwell,30,1.9358887000000031,-926.0,-0.252626114381547,13642.0,0.011860693505895081
2026-08-07,2026-08-07_100416_759979_1_R7_C9,7,600.0,3.5,9,holding,7,0.4002186999999999,-28.0,1.2817051174538392,13280.0,3.423350548189063
2026-08-07,2026-08-07_100416_759979_1_R7_C9,7,600.0,3.5,9,inter_cycle_dwell,30,1.9360338000000041,-495.0,-0.21088036425388695,13949.0,0.014193444597162708
2026-08-07,2026-08-07_100416_759979_1_R7_C9,7,600.0,3.5,10,holding,8,0.4636993999999959,2157.0,1.5547988395848873,13805.0,3.205087994427216
2026-08-07,2026-08-07_100416_759979_1_R7_C9,7,600.0,3.5,10,inter_cycle_dwell,30,1.9199108000000038,1539.0,-0.14500179692710014,14089.0,0.026781769624583007
2026-08-07,2026-08-07_100416_759979_1_R7_C9,7,600.0,3.5,11,holding,8,0.46403030000000456,-3350.0,1.7766091070448764,11009.0,3.6199946038898023
2026-08-07,2026-08-07_100416_759979_1_R7_C9,7,600.0,3.5,11,inter_cycle_dwell,30,1.9365800000000064,-144.0,-0.39046527585165897,14359.0,0.00940247760971652
2026-08-07,2026-08-07_100416_759979_1_R7_C9,7,600.0,3.5,12,holding,7,0.39994809999999603,-3671.0,1.2757760702713772,11292.0,3.2617513480976683
2026-08-07,2026-08-07_100416_759979_1_R7_C9,7,600.0,3.5,12,inter_cycle_dwell,30,1.9363220999999982,-1076.0,-0.2945230250798017,12930.0,0.015419826280114346
2026-08-07,2026-08-07_100416_759979_1_R7_C9,7,600.0,3.5,13,holding,8,0.46413660000000334,1480.0,2.0789518489627827,13566.0,3.734383099489336
2026-08-07,2026-08-07_100416_759979_1_R7_C9,7,600.0,3.5,13,inter_cycle_dwell,30,1.919952000000002,-86.0,-0.18285510555973794,14141.0,0.014488774053297071
2026-08-07,2026-08-07_100416_759979_1_R7_C9,7,600.0,3.5,14,holding,8,0.4639659999999992,-2003.0,2.0282202323777527,12976.0,3.8160448108986103
2026-08-07,2026-08-07_100416_759979_1_R7_C9,7,600.0,3.5,14,inter_cycle_dwell,30,1.936466700000004,-1474.0,-0.42339876848475055,13294.0,0.017736662997894004
2026-08-07,2026-08-07_100416_759979_1_R7_C9,7,600.0,3.5,15,holding,7,0.4000953000000038,-1508.0,1.758991770398332,9569.0,3.71744365948682
2026-08-07,2026-08-07_100416_759979_1_R7_C9,7,600.0,3.5,15,inter_cycle_dwell,30,1.9353291000000041,-2537.0,-0.4054205793439628,11402.0,0.014470800557331298
2026-08-07,2026-08-07_100416_759979_1_R7_C9,7,600.0,3.5,16,holding,7,0.40284859999999867,-2329.0,1.418425346291241,10899.0,3.642472540190399
2026-08-07,2026-08-07_100416_759979_1_R7_C9,7,600.0,3.5,16,inter_cycle_dwell,30,1.9294810000000027,-81.0,-0.2509784180820968,13767.0,0.03496291732476409
2026-08-07,2026-08-07_100416_759979_1_R7_C9,7,600.0,3.5,17,holding,8,0.4649994000000035,444.0,2.1588397454048427,14579.0,4.106553045126216
2026-08-07,2026-08-07_100416_759979_1_R7_C9,7,600.0,3.5,17,inter_cycle_dwell,30,1.9358911999999933,-686.0,-0.18319723573953378,14296.0,0.011467674596774835
2026-08-07,2026-08-07_100416_759979_1_R7_C9,7,600.0,3.5,18,holding,7,0.39985479999999995,-5790.0,1.8812176145378454,8620.0,3.854813627843378
2026-08-07,2026-08-07_100416_759979_1_R7_C9,7,600.0,3.5,18,inter_cycle_dwell,30,1.9362440999999961,-1809.0,-0.4255314454485027,9496.0,0.018434243536422146
2026-08-07,2026-08-07_100416_759979_1_R7_C9,7,600.0,3.5,19,holding,7,0.39968849999999634,-1142.0,1.3675583603153272,13328.0,3.776485046691071
2026-08-07,2026-08-07_100416_759979_1_R7_C9,7,600.0,3.5,19,inter_cycle_dwell,30,1.9342120000000023,-3732.0,-0.29245509310975243,12729.0,0.013969905661745441
2026-08-07,2026-08-07_100416_759979_1_R7_C9,7,600.0,3.5,20,holding,7,0.4003130999999911,-1499.0,1.3438329487617118,10128.0,3.807660012987268
2026-08-07,2026-08-07_100731_125330_1_R8_C1,8,200.0,1.75,1,holding,7,0.4001868000000002,-864.0,0.19963729310203615,11002.0,0.7686689068055392
2026-08-07,2026-08-07_100731_125330_1_R8_C1,8,200.0,1.75,1,inter_cycle_dwell,30,1.9354223,98.0,-0.0946201764803204,15349.0,0.01826410439416626
2026-08-07,2026-08-07_100731_125330_1_R8_C1,8,200.0,1.75,2,holding,8,0.46401190000000003,4473.0,0.39692723923448914,14552.0,1.0202128406720261
2026-08-07,2026-08-07_100731_125330_1_R8_C1,8,200.0,1.75,2,inter_cycle_dwell,30,1.9359941999999997,-1072.0,-0.0964617658325686,12214.0,0.009627958226821831
2026-08-07,2026-08-07_100731_125330_1_R8_C1,8,200.0,1.75,3,holding,8,0.46396939999999987,-3674.0,0.3289665877259912,11005.0,0.9669841623575023
2026-08-07,2026-08-07_100731_125330_1_R8_C1,8,200.0,1.75,3,inter_cycle_dwell,30,1.9364084000000013,979.0,-0.09616551261028017,14307.0,0.011563401890264335
2026-08-07,2026-08-07_100731_125330_1_R8_C1,8,200.0,1.75,4,holding,8,0.46402329999999914,-70.0,0.3288149963120952,12274.0,0.8630575142647244
2026-08-07,2026-08-07_100731_125330_1_R8_C1,8,200.0,1.75,4,inter_cycle_dwell,30,1.936003900000001,-3077.0,-0.12500660065351293,11912.0,0.015960398578443724
2026-08-07,2026-08-07_100731_125330_1_R8_C1,8,200.0,1.75,5,holding,7,0.4001322000000016,-3804.0,0.2680036828455792,11264.0,0.9241675358458915
2026-08-07,2026-08-07_100731_125330_1_R8_C1,8,200.0,1.75,5,inter_cycle_dwell,29,1.8558005000000009,-56.0,-0.06418100996723491,12817.0,0.014797783876711379
2026-08-07,2026-08-07_100731_125330_1_R8_C1,8,200.0,1.75,6,holding,7,0.4002218000000006,1392.0,0.2888547860563526,12504.0,0.8898795886391702
2026-08-07,2026-08-07_100731_125330_1_R8_C1,8,200.0,1.75,6,inter_cycle_dwell,30,1.9196218000000016,-851.0,-0.0737633373633289,11172.0,0.011373639095297372
2026-08-07,2026-08-07_100731_125330_1_R8_C1,8,200.0,1.75,7,holding,8,0.47170540000000116,6149.0,0.2966730725335005,14383.0,0.8790202356642418
2026-08-07,2026-08-07_100731_125330_1_R8_C1,8,200.0,1.75,7,inter_cycle_dwell,30,1.9360289000000002,669.0,-0.11051198129766149,12830.0,0.010277988900053991
2026-08-07,2026-08-07_100731_125330_1_R8_C1,8,200.0,1.75,8,holding,8,0.4645501000000003,-505.0,0.3349917189176945,11493.0,0.8356589810944114
2026-08-07,2026-08-07_100731_125330_1_R8_C1,8,200.0,1.75,8,inter_cycle_dwell,30,1.9362949,223.0,-0.11263682689220472,11664.0,0.012214949255875074
2026-08-07,2026-08-07_100731_125330_1_R8_C1,8,200.0,1.75,9,holding,7,0.40005889999999766,-1277.0,0.24505409910630283,12547.0,0.8871785393644979
2026-08-07,2026-08-07_100731_125330_1_R8_C1,8,200.0,1.75,9,inter_cycle_dwell,30,1.9423615999999981,1367.0,-0.06413134223505518,15334.0,0.010542420484552895
2026-08-07,2026-08-07_100731_125330_1_R8_C1,8,200.0,1.75,10,holding,8,0.4624285999999955,-1958.0,0.2606256090591026,12291.0,0.8547748783492094
2026-08-07,2026-08-07_100731_125330_1_R8_C1,8,200.0,1.75,10,inter_cycle_dwell,30,1.935981499999997,3832.0,-0.08553364536017122,15213.0,0.010036767162992288
2026-08-07,2026-08-07_100731_125330_1_R8_C1,8,200.0,1.75,11,holding,8,0.46425550000000015,1022.0,0.3126721888606707,13423.0,0.8762240417360091
2026-08-07,2026-08-07_100731_125330_1_R8_C1,8,200.0,1.75,11,inter_cycle_dwell,30,1.9360655999999992,361.0,-0.11181906186701246,15633.0,0.01268183503146153
2026-08-07,2026-08-07_100731_125330_1_R8_C1,8,200.0,1.75,12,holding,8,0.4639296999999942,846.0,0.3707893822097166,11671.0,0.8977631724470077
2026-08-07,2026-08-07_100731_125330_1_R8_C1,8,200.0,1.75,12,inter_cycle_dwell,30,1.9368375000000029,-1270.0,-0.1308058246543472,11660.0,0.0108600277362772
2026-08-07,2026-08-07_100731_125330_1_R8_C1,8,200.0,1.75,13,holding,7,0.40012120000000095,-351.0,0.2449192031908196,10874.0,0.8543995235226415
2026-08-07,2026-08-07_100731_125330_1_R8_C1,8,200.0,1.75,13,inter_cycle_dwell,30,1.935992800000001,3016.0,-0.06928353092527834,13435.0,0.006867004165124424
2026-08-07,2026-08-07_100731_125330_1_R8_C1,8,200.0,1.75,14,holding,7,0.40041430000000133,-1685.0,0.2828767810172038,13781.0,0.8647854317863642
2026-08-07,2026-08-07_100731_125330_1_R8_C1,8,200.0,1.75,14,inter_cycle_dwell,30,1.9339005,2311.0,-0.07602509355245923,14095.0,0.011028463641524877
2026-08-07,2026-08-07_100731_125330_1_R8_C1,8,200.0,1.75,15,holding,8,0.4637274999999974,-1708.0,0.3558794741189708,10914.0,0.91992892985966
2026-08-07,2026-08-07_100731_125330_1_R8_C1,8,200.0,1.75,15,inter_cycle_dwell,30,1.9361277000000001,890.0,-0.06947276858861384,12357.0,0.007199782245524533
2026-08-07,2026-08-07_100731_125330_1_R8_C1,8,200.0,1.75,16,holding,8,0.4611967000000021,-240.0,0.4071247075697495,11645.0,0.9656122869480938
2026-08-07,2026-08-07_100731_125330_1_R8_C1,8,200.0,1.75,16,inter_cycle_dwell,30,1.9358714999999975,-199.0,-0.1229518336504612,12396.0,0.00942229369486458
2026-08-07,2026-08-07_100731_125330_1_R8_C1,8,200.0,1.75,17,holding,8,0.4640373000000011,-3571.0,0.4160281715187337,13263.0,0.9762924818738197
2026-08-07,2026-08-07_100731_125330_1_R8_C1,8,200.0,1.75,17,inter_cycle_dwell,30,1.9366614999999996,3890.0,-0.10722493624459312,14462.0,0.008713459839681303
2026-08-07,2026-08-07_100731_125330_1_R8_C1,8,200.0,1.75,18,holding,7,0.39998620000000074,3881.0,0.3247927296129154,14696.0,0.9908209263532625
2026-08-07,2026-08-07_100731_125330_1_R8_C1,8,200.0,1.75,18,inter_cycle_dwell,30,1.9360769999999974,-797.0,-0.06689181817728046,13966.0,0.010168701925720613
2026-08-07,2026-08-07_100731_125330_1_R8_C1,8,200.0,1.75,19,holding,7,0.39986969999999644,-1159.0,0.38483037656560903,13580.0,1.0539094581691213
2026-08-07,2026-08-07_100731_125330_1_R8_C1,8,200.0,1.75,19,inter_cycle_dwell,30,1.9357100000000003,1179.0,-0.08482120613802202,11589.0,0.010473401686969086
2026-08-07,2026-08-07_100731_125330_1_R8_C1,8,200.0,1.75,20,holding,8,0.46482049999998765,-2142.0,0.35116685738393416,8550.0,0.9781166492717868
2026-08-07,2026-08-07_101009_300632_1_R8_C2,8,200.0,2.625,1,holding,7,0.4001275999999998,-263.0,0.30764627147198276,10408.0,1.5702965624495389
2026-08-07,2026-08-07_101009_300632_1_R8_C2,8,200.0,2.625,1,inter_cycle_dwell,30,1.9362825999999997,3026.0,-0.11666906681869102,13128.0,0.02273027079916959
2026-08-07,2026-08-07_101009_300632_1_R8_C2,8,200.0,2.625,2,holding,8,0.4640330000000006,2049.0,0.3901086532439546,12603.0,1.6665446737055563
2026-08-07,2026-08-07_101009_300632_1_R8_C2,8,200.0,2.625,2,inter_cycle_dwell,30,1.9365418000000005,1383.0,-0.09736914472082259,12564.0,0.0177387081653273
2026-08-07,2026-08-07_101009_300632_1_R8_C2,8,200.0,2.625,3,holding,8,0.4654971999999997,788.0,0.34185277794651237,12597.0,1.4221823760692955
2026-08-07,2026-08-07_101009_300632_1_R8_C2,8,200.0,2.625,3,inter_cycle_dwell,30,1.9358819,-900.0,-0.10874303614362488,13724.0,0.015256849106416143
2026-08-07,2026-08-07_101009_300632_1_R8_C2,8,200.0,2.625,4,holding,7,0.4014135999999997,-191.0,0.2741341810244866,11806.0,1.4621670417696198
2026-08-07,2026-08-07_101009_300632_1_R8_C2,8,200.0,2.625,4,inter_cycle_dwell,30,1.9363914000000015,650.0,-0.0599133870703156,13558.0,0.010987946318100378
2026-08-07,2026-08-07_101009_300632_1_R8_C2,8,200.0,2.625,5,holding,8,0.46793170000000117,-4033.0,0.40053256484803645,9170.0,1.5182117823761114
2026-08-07,2026-08-07_101009_300632_1_R8_C2,8,200.0,2.625,5,inter_cycle_dwell,30,1.9361527999999986,-2689.0,-0.097093999137838,12768.0,0.01350612892121461
2026-08-07,2026-08-07_101009_300632_1_R8_C2,8,200.0,2.625,6,holding,7,0.3994844999999998,-2272.0,0.3018148714032871,10668.0,1.630916752392986
2026-08-07,2026-08-07_101009_300632_1_R8_C2,8,200.0,2.625,6,inter_cycle_dwell,30,1.9359454000000014,4091.0,-0.05526114916692432,15051.0,0.017794064813655752
2026-08-07,2026-08-07_101009_300632_1_R8_C2,8,200.0,2.625,7,holding,8,0.46402880000000124,4424.0,0.3716203778897351,14692.0,1.5218863536275988
2026-08-07,2026-08-07_101009_300632_1_R8_C2,8,200.0,2.625,7,inter_cycle_dwell,30,1.9427562999999992,-1209.0,-0.0656291147116585,11883.0,0.01661542826059481
2026-08-07,2026-08-07_101009_300632_1_R8_C2,8,200.0,2.625,8,holding,8,0.4638829999999956,1416.0,0.45665517191973226,13450.0,1.5158490256386878
2026-08-07,2026-08-07_101009_300632_1_R8_C2,8,200.0,2.625,8,inter_cycle_dwell,30,1.9360512000000014,2375.0,-0.07837288242268078,15337.0,0.04112915488505045
2026-08-07,2026-08-07_101009_300632_1_R8_C2,8,200.0,2.625,9,holding,7,0.4021997999999982,-2858.0,0.4239652067777677,10846.0,1.8394056224632513
2026-08-07,2026-08-07_101009_300632_1_R8_C2,8,200.0,2.625,9,inter_cycle_dwell,30,1.9364677000000015,4069.0,-0.05164819537310977,15858.0,0.0077964216034869804
2026-08-07,2026-08-07_101009_300632_1_R8_C2,8,200.0,2.625,10,holding,8,0.4642768000000004,853.0,0.48985478664069193,12108.0,1.7651794888298575
2026-08-07,2026-08-07_101009_300632_1_R8_C2,8,200.0,2.625,10,inter_cycle_dwell,30,1.9347652999999951,-1535.0,-0.0638397553057774,12519.0,0.027563394193068746
2026-08-07,2026-08-07_101009_300632_1_R8_C2,8,200.0,2.625,11,holding,7,0.3996524000000008,289.0,0.3635436835589618,12074.0,1.75918642735963
2026-08-07,2026-08-07_101009_300632_1_R8_C2,8,200.0,2.625,11,inter_cycle_dwell,30,1.9356077000000056,1180.0,-0.09359192954544227,12669.0,0.017041482289890775
2026-08-07,2026-08-07_101009_300632_1_R8_C2,8,200.0,2.625,12,holding,7,0.3997965000000008,76.0,0.4143536971750925,12271.0,1.7519215019577936
2026-08-07,2026-08-07_101009_300632_1_R8_C2,8,200.0,2.625,12,inter_cycle_dwell,30,1.936102500000004,1011.0,-0.05739363080970633,12494.0,-0.007232220757511176
2026-08-07,2026-08-07_101009_300632_1_R8_C2,8,200.0,2.625,13,holding,8,0.46408849999999546,-1530.0,0.6033000381191393,11431.0,2.265369543197431
2026-08-07,2026-08-07_101009_300632_1_R8_C2,8,200.0,2.625,13,inter_cycle_dwell,30,1.9358573000000021,-238.0,-0.04475411108742888,12775.0,0.0204163814175658
2026-08-07,2026-08-07_101009_300632_1_R8_C2,8,200.0,2.625,14,holding,7,0.4001905000000008,1335.0,0.5144639398857966,11538.0,2.3458658500995346
2026-08-07,2026-08-07_101009_300632_1_R8_C2,8,200.0,2.625,14,inter_cycle_dwell,30,1.935932000000001,699.0,-0.04598291639749391,12531.0,0.025805131195196673
2026-08-07,2026-08-07_101009_300632_1_R8_C2,8,200.0,2.625,15,holding,7,0.41660889999999995,-2146.0,0.6404782039260661,11131.0,2.42316445468096
2026-08-07,2026-08-07_101009_300632_1_R8_C2,8,200.0,2.625,15,inter_cycle_dwell,30,1.9359117000000055,-2003.0,-0.057570281649826416,12128.0,0.01115629553158931
2026-08-07,2026-08-07_101009_300632_1_R8_C2,8,200.0,2.625,16,holding,8,0.46433069999999077,-1948.0,0.6150840745553561,11538.0,2.270683820071953
2026-08-07,2026-08-07_101009_300632_1_R8_C2,8,200.0,2.625,16,inter_cycle_dwell,30,1.9212691999999976,647.0,-0.0540532258211916,11789.0,0.01579518868483193
2026-08-07,2026-08-07_101009_300632_1_R8_C2,8,200.0,2.625,17,holding,7,0.39992569999999716,1641.0,0.4401167967056705,13252.0,2.232087827430748
2026-08-07,2026-08-07_101009_300632_1_R8_C2,8,200.0,2.625,17,inter_cycle_dwell,30,1.9309837999999928,-1676.0,-0.024346065678385376,12893.0,0.01856112801241494
2026-08-07,2026-08-07_101009_300632_1_R8_C2,8,200.0,2.625,18,holding,8,0.4798837999999961,1032.0,0.5991370709178971,12604.0,2.2443552421590742
2026-08-07,2026-08-07_101009_300632_1_R8_C2,8,200.0,2.625,18,inter_cycle_dwell,30,1.9361868000000015,-2319.0,-0.06358325025452283,13081.0,0.02198060172031574
2026-08-07,2026-08-07_101009_300632_1_R8_C2,8,200.0,2.625,19,holding,8,0.4602919000000014,239.0,0.6318184261167759,12669.0,2.257785355719187
2026-08-07,2026-08-07_101009_300632_1_R8_C2,8,200.0,2.625,19,inter_cycle_dwell,30,1.9351588000000106,-1341.0,-0.11053528537305912,12688.0,0.011118772508941666
2026-08-07,2026-08-07_101009_300632_1_R8_C2,8,200.0,2.625,20,holding,7,0.39767750000000035,-1915.0,0.442856818022197,9424.0,2.0648220781864937
2026-08-07,2026-08-07_101257_411774_1_R8_C3,8,200.0,3.5,1,holding,7,0.39977229999999997,-1643.0,0.5507330502730112,7183.0,2.378209096173745
2026-08-07,2026-08-07_101257_411774_1_R8_C3,8,200.0,3.5,1,inter_cycle_dwell,30,1.9356245999999997,503.0,-0.07998711541743359,14427.0,0.015022411658708344
2026-08-07,2026-08-07_101257_411774_1_R8_C3,8,200.0,3.5,2,holding,7,0.4000383999999997,614.0,0.21822903824339668,12688.0,2.1366676817723764
2026-08-07,2026-08-07_101257_411774_1_R8_C3,8,200.0,3.5,2,inter_cycle_dwell,29,1.8559102000000003,2540.0,-0.050211635797889786,15848.0,0.021964356098786803
2026-08-07,2026-08-07_101257_411774_1_R8_C3,8,200.0,3.5,3,holding,8,0.46385000000000076,1543.0,0.5243124091383258,11735.0,2.2949345861766104
2026-08-07,2026-08-07_101257_411774_1_R8_C3,8,200.0,3.5,3,inter_cycle_dwell,30,1.9358562000000017,-1596.0,-0.0876203974663144,14058.0,0.014348020207496953
2026-08-07,2026-08-07_101257_411774_1_R8_C3,8,200.0,3.5,4,holding,7,0.39984169999999963,-1441.0,0.11403421824740168,12610.0,1.6256700281073921
2026-08-07,2026-08-07_101257_411774_1_R8_C3,8,200.0,3.5,4,inter_cycle_dwell,31,1.9947248000000002,-1159.0,-0.037951501904417706,12827.0,0.003630581431209187
2026-08-07,2026-08-07_101257_411774_1_R8_C3,8,200.0,3.5,5,holding,8,0.4639039000000018,-440.0,0.2272624258240057,11889.0,1.6715472960943503
2026-08-07,2026-08-07_101257_411774_1_R8_C3,8,200.0,3.5,5,inter_cycle_dwell,30,1.9338261999999986,644.0,-0.0510424829131052,12868.0,0.02758589373969511
2026-08-07,2026-08-07_101257_411774_1_R8_C3,8,200.0,3.5,6,holding,7,0.39992750000000044,-1103.0,0.015674766287539832,12207.0,1.9355833041191484
2026-08-07,2026-08-07_101257_411774_1_R8_C3,8,200.0,3.5,6,inter_cycle_dwell,30,1.919807500000001,199.0,-0.043561932203472,14170.0,0.010700439934400154
2026-08-07,2026-08-07_101257_411774_1_R8_C3,8,200.0,3.5,7,holding,8,0.46429150000000163,-208.0,0.314646514784064,12618.0,2.290435954757502
2026-08-07,2026-08-07_101257_411774_1_R8_C3,8,200.0,3.5,7,inter_cycle_dwell,30,1.9303694000000036,-4135.0,-0.0747563315929243,10542.0,0.01400168952894898
2026-08-07,2026-08-07_101257_411774_1_R8_C3,8,200.0,3.5,8,holding,7,0.41630630000000224,1971.0,0.5038527666315424,14569.0,2.5423619023492052
2026-08-07,2026-08-07_101257_411774_1_R8_C3,8,200.0,3.5,8,inter_cycle_dwell,30,1.9362398999999968,-924.0,-0.049478619646519006,14926.0,0.01948458081672816
2026-08-07,2026-08-07_101257_411774_1_R8_C3,8,200.0,3.5,9,holding,8,0.46476729999999833,-2657.0,0.3650085391393163,11149.0,1.9351290416602516
2026-08-07,2026-08-07_101257_411774_1_R8_C3,8,200.0,3.5,9,inter_cycle_dwell,30,1.9196006999999966,819.0,0.31472328541489003,13550.0,0.4049514202202883
2026-08-07,2026-08-07_101257_411774_1_R8_C3,8,200.0,3.5,10,holding,7,0.40010139999999694,-649.0,0.6406006668654061,12455.0,4.3660158205635415
2026-08-07,2026-08-07_101257_411774_1_R8_C3,8,200.0,3.5,10,inter_cycle_dwell,30,1.9359632000000033,1287.0,-0.019234959955860886,11729.0,0.016934132113882894
2026-08-07,2026-08-07_101257_411774_1_R8_C3,8,200.0,3.5,11,holding,8,0.4639093999999986,-306.0,0.3916382953938782,12404.0,3.180971118363529
2026-08-07,2026-08-07_101257_411774_1_R8_C3,8,200.0,3.5,11,inter_cycle_dwell,30,1.938580899999998,-284.0,-0.029625977536952897,13154.0,0.014730432138472638
2026-08-07,2026-08-07_101257_411774_1_R8_C3,8,200.0,3.5,12,holding,7,0.4012851999999967,600.0,0.23541711917987485,13216.0,2.574486919684368
2026-08-07,2026-08-07_101257_411774_1_R8_C3,8,200.0,3.5,12,inter_cycle_dwell,30,1.9397976999999997,2308.0,0.01584578985310492,14924.0,0.005384933110533063
2026-08-07,2026-08-07_101257_411774_1_R8_C3,8,200.0,3.5,13,holding,8,0.46520549999999616,-2715.0,0.7574096733120443,11449.0,3.4285547054569454
2026-08-07,2026-08-07_101257_411774_1_R8_C3,8,200.0,3.5,13,inter_cycle_dwell,30,1.9350987999999987,1134.0,-0.0711912458278175,14238.0,0.02014991770557928
2026-08-07,2026-08-07_101257_411774_1_R8_C3,8,200.0,3.5,14,holding,7,0.3987646000000069,3583.0,0.4194888773381722,15140.0,3.013626336057764
2026-08-07,2026-08-07_101257_411774_1_R8_C3,8,200.0,3.5,14,inter_cycle_dwell,30,1.9400423000000018,26.0,0.036250621975575714,15880.0,0.06816849416276899
2026-08-07,2026-08-07_101257_411774_1_R8_C3,8,200.0,3.5,15,holding,8,0.48357850000000724,1449.0,1.0988536739661559,13259.0,4.202415475235284
2026-08-07,2026-08-07_101257_411774_1_R8_C3,8,200.0,3.5,15,inter_cycle_dwell,30,1.9362506000000081,921.0,-0.057072873781992106,13115.0,0.019560318664495147
2026-08-07,2026-08-07_101257_411774_1_R8_C3,8,200.0,3.5,16,holding,8,0.4637724999999904,-494.0,0.8458679690128759,12035.0,4.1279278100610854
2026-08-07,2026-08-07_101257_411774_1_R8_C3,8,200.0,3.5,16,inter_cycle_dwell,30,1.9363668000000018,-2567.0,-0.03510404720211291,12129.0,0.020290614884181657
2026-08-07,2026-08-07_101257_411774_1_R8_C3,8,200.0,3.5,17,holding,7,0.39745480000000555,-3338.0,0.5548147072039784,10705.0,4.029497243540479
2026-08-07,2026-08-07_101257_411774_1_R8_C3,8,200.0,3.5,17,inter_cycle_dwell,29,1.8718759000000063,708.0,-0.03158139634622681,14559.0,0.008875656340425309
2026-08-07,2026-08-07_101257_411774_1_R8_C3,8,200.0,3.5,18,holding,7,0.40024540000000286,943.0,0.7564796107562204,12263.0,3.9402741512153217
2026-08-07,2026-08-07_101257_411774_1_R8_C3,8,200.0,3.5,18,inter_cycle_dwell,30,1.9358564999999999,-2542.0,-0.04894668932856061,12628.0,0.010579595915119089
2026-08-07,2026-08-07_101257_411774_1_R8_C3,8,200.0,3.5,19,holding,7,0.40056300000000533,1557.0,0.5755140477406391,11750.0,3.830434559382548
2026-08-07,2026-08-07_101257_411774_1_R8_C3,8,200.0,3.5,19,inter_cycle_dwell,30,1.9358246000000037,3084.0,-0.06949270597390139,13637.0,0.015289091470445326
2026-08-07,2026-08-07_101257_411774_1_R8_C3,8,200.0,3.5,20,holding,7,0.4018053000000066,3037.0,0.7838165438336278,11173.0,3.700883649603813
2026-08-07,2026-08-07_101531_828063_1_R8_C4,8,400.0,1.75,1,holding,8,0.4612919000000002,-1811.0,0.39235986446715204,11049.0,0.6844042990047049
2026-08-07,2026-08-07_101531_828063_1_R8_C4,8,400.0,1.75,1,inter_cycle_dwell,30,1.9200451000000003,-734.0,-0.33859736175854327,9460.0,0.006683100275809484
2026-08-07,2026-08-07_101531_828063_1_R8_C4,8,400.0,1.75,2,holding,8,0.4639033999999995,-2281.0,0.36085041489720676,9644.0,0.6609687016644357
2026-08-07,2026-08-07_101531_828063_1_R8_C4,8,400.0,1.75,2,inter_cycle_dwell,30,1.935808399999999,821.0,-0.24733194981781217,14332.0,0.0030971878563982036
2026-08-07,2026-08-07_101531_828063_1_R8_C4,8,400.0,1.75,3,holding,8,0.464625100000001,-569.0,0.4158512357762624,12652.0,0.692632947055071
2026-08-07,2026-08-07_101531_828063_1_R8_C4,8,400.0,1.75,3,inter_cycle_dwell,30,1.9361349000000008,3049.0,0.14010776139312242,15120.0,0.27581501872183795
2026-08-07,2026-08-07_101531_828063_1_R8_C4,8,400.0,1.75,4,holding,7,0.3997577000000003,3128.0,0.34835744469704766,11885.0,1.1333411061110665
2026-08-07,2026-08-07_101531_828063_1_R8_C4,8,400.0,1.75,4,inter_cycle_dwell,30,1.9358401,-2021.0,-0.15648606190357345,11205.0,0.013173809410539528
2026-08-07,2026-08-07_101531_828063_1_R8_C4,8,400.0,1.75,5,holding,8,0.46431449999999863,3840.0,0.5718952592137682,14656.0,0.924364585727433
2026-08-07,2026-08-07_101531_828063_1_R8_C4,8,400.0,1.75,5,inter_cycle_dwell,30,1.9201977000000028,-1506.0,-0.1867682528732626,12611.0,0.005129697235340291
2026-08-07,2026-08-07_101531_828063_1_R8_C4,8,400.0,1.75,6,holding,8,0.4611680999999983,-1788.0,0.5436874814204563,12431.0,0.8433858794128766
2026-08-07,2026-08-07_101531_828063_1_R8_C4,8,400.0,1.75,6,inter_cycle_dwell,30,1.9352938000000002,3497.0,-0.19388942391060332,14711.0,0.019285071099540252
2026-08-07,2026-08-07_101531_828063_1_R8_C4,8,400.0,1.75,7,holding,8,0.4785605000000004,487.0,0.5546447834952544,13401.0,0.8990577337025669
2026-08-07,2026-08-07_101531_828063_1_R8_C4,8,400.0,1.75,7,inter_cycle_dwell,30,1.9357155000000006,3612.0,-0.16236213523445936,15092.0,0.012284775109910662
2026-08-07,2026-08-07_101531_828063_1_R8_C4,8,400.0,1.75,8,holding,8,0.4639451000000001,1359.0,0.5228568060775258,13167.0,0.8209716846256492
2026-08-07,2026-08-07_101531_828063_1_R8_C4,8,400.0,1.75,8,inter_cycle_dwell,29,1.8528506,723.0,-0.1562722212112984,13184.0,0.015218489403418467
2026-08-07,2026-08-07_101531_828063_1_R8_C4,8,400.0,1.75,9,holding,8,0.4592229000000003,2529.0,0.5072055231526449,15977.0,0.8328114123529226
2026-08-07,2026-08-07_101531_828063_1_R8_C4,8,400.0,1.75,9,inter_cycle_dwell,30,1.935854899999999,114.0,-0.18620678557675707,13596.0,0.011515655438534056
2026-08-07,2026-08-07_101531_828063_1_R8_C4,8,400.0,1.75,10,holding,8,0.4798775000000006,-2925.0,0.5338668038582095,10034.0,0.8272326043474305
2026-08-07,2026-08-07_101531_828063_1_R8_C4,8,400.0,1.75,10,inter_cycle_dwell,30,1.9359680000000026,-3309.0,-0.33361903976225876,9782.0,0.008127288234770325
2026-08-07,2026-08-07_101531_828063_1_R8_C4,8,400.0,1.75,11,holding,8,0.4639205000000004,985.0,0.484675302354156,13390.0,0.8229652260124672
2026-08-07,2026-08-07_101531_828063_1_R8_C4,8,400.0,1.75,11,inter_cycle_dwell,30,1.9370304999999988,-382.0,-0.2930260025425661,11687.0,0.005355058432551185
2026-08-07,2026-08-07_101531_828063_1_R8_C4,8,400.0,1.75,12,holding,8,0.46405229999999875,-1922.0,0.44109404463302204,9883.0,0.8159939941886042
2026-08-07,2026-08-07_101531_828063_1_R8_C4,8,400.0,1.75,12,inter_cycle_dwell,30,1.932645700000002,841.0,-0.29050655800868785,12709.0,0.014942903444650657
2026-08-07,2026-08-07_101531_828063_1_R8_C4,8,400.0,1.75,13,holding,7,0.40022870000000665,1424.0,0.41978243268204407,12470.0,0.8429645113934363
2026-08-07,2026-08-07_101531_828063_1_R8_C4,8,400.0,1.75,13,inter_cycle_dwell,30,1.9365602000000024,-761.0,-0.31160917608239813,12213.0,0.010071886685558584
2026-08-07,2026-08-07_101531_828063_1_R8_C4,8,400.0,1.75,14,holding,8,0.4642386000000016,1659.0,0.47224884086990504,10689.0,0.824834260954284
2026-08-07,2026-08-07_101531_828063_1_R8_C4,8,400.0,1.75,14,inter_cycle_dwell,30,1.9348547000000025,1727.0,-0.2878842470129516,15854.0,0.01148443559118345
2026-08-07,2026-08-07_101531_828063_1_R8_C4,8,400.0,1.75,15,holding,8,0.462986199999996,-4608.0,0.47047622251353527,10758.0,0.8015580187812413
2026-08-07,2026-08-07_101531_828063_1_R8_C4,8,400.0,1.75,15,inter_cycle_dwell,29,1.855960500000002,922.0,-0.10738105177697288,14323.0,0.00566207173501182
2026-08-07,2026-08-07_101531_828063_1_R8_C4,8,400.0,1.75,16,holding,8,0.46393359999999717,2771.0,0.44235289452943544,14005.0,0.7886519757077435
2026-08-07,2026-08-07_101531_828063_1_R8_C4,8,400.0,1.75,16,inter_cycle_dwell,29,1.8680896000000047,-1489.0,-0.1485235793374451,12865.0,0.013533133073525605
2026-08-07,2026-08-07_101531_828063_1_R8_C4,8,400.0,1.75,17,holding,8,0.4819948000000025,2158.0,0.5338884913294144,13687.0,0.8346112511521455
2026-08-07,2026-08-07_101531_828063_1_R8_C4,8,400.0,1.75,17,inter_cycle_dwell,30,1.936326600000001,1508.0,-0.16159283557768306,12250.0,0.00536803875842734
2026-08-07,2026-08-07_101531_828063_1_R8_C4,8,400.0,1.75,18,holding,8,0.46720730000000543,-2011.0,0.5476718474251612,11177.0,0.8452224020823519
2026-08-07,2026-08-07_101531_828063_1_R8_C4,8,400.0,1.75,18,inter_cycle_dwell,29,1.8558688999999973,-2785.0,-0.17239323011963475,11679.0,0.008760792126844497
2026-08-07,2026-08-07_101531_828063_1_R8_C4,8,400.0,1.75,19,holding,8,0.4641110000000026,-108.0,0.4745414480951642,12307.0,0.8051480638128824
2026-08-07,2026-08-07_101531_828063_1_R8_C4,8,400.0,1.75,19,inter_cycle_dwell,30,1.9363388999999955,-346.0,-0.3553520843363444,14005.0,0.006932580689076595
2026-08-07,2026-08-07_101531_828063_1_R8_C4,8,400.0,1.75,20,holding,7,0.40074629999999445,-2562.0,0.5004228657238476,12532.0,0.8265019005267039
2026-08-07,2026-08-07_101740_121167_1_R8_C5,8,400.0,2.625,1,holding,7,0.3998493999999999,-2547.0,0.3664120389260229,8506.0,1.2148794103945861
2026-08-07,2026-08-07_101740_121167_1_R8_C5,8,400.0,2.625,1,inter_cycle_dwell,30,1.935876,-1365.0,-0.21378886281926351,12766.0,0.0031491190195526014
2026-08-07,2026-08-07_101740_121167_1_R8_C5,8,400.0,2.625,2,holding,8,0.4640447999999999,1858.0,0.518815715772021,13570.0,1.125155540901359
2026-08-07,2026-08-07_101740_121167_1_R8_C5,8,400.0,2.625,2,inter_cycle_dwell,29,1.8567877,1507.0,-0.14328049839675772,13680.0,0.0181715659961547
2026-08-07,2026-08-07_101740_121167_1_R8_C5,8,400.0,2.625,3,holding,8,0.4641207000000005,-1796.0,0.5548035157018075,9441.0,1.145976682350402
2026-08-07,2026-08-07_101740_121167_1_R8_C5,8,400.0,2.625,3,inter_cycle_dwell,30,1.937311900000001,-2752.0,-0.18798918486198662,10580.0,0.011536229907989984
2026-08-07,2026-08-07_101740_121167_1_R8_C5,8,400.0,2.625,4,holding,7,0.39620889999999953,1244.0,0.37100297345977795,13786.0,1.1485663334552247
2026-08-07,2026-08-07_101740_121167_1_R8_C5,8,400.0,2.625,4,inter_cycle_dwell,30,1.9388436000000002,-1117.0,-0.2465883287582433,12142.0,0.011118363849174057
2026-08-07,2026-08-07_101740_121167_1_R8_C5,8,400.0,2.625,5,holding,7,0.39990979999999965,-2528.0,0.3500214091747067,11298.0,1.1422333879839741
2026-08-07,2026-08-07_101740_121167_1_R8_C5,8,400.0,2.625,5,inter_cycle_dwell,30,1.9363291999999994,-3414.0,-0.1992544817183457,11507.0,0.016436882411224762
2026-08-07,2026-08-07_101740_121167_1_R8_C5,8,400.0,2.625,6,holding,7,0.41586949999999945,-3811.0,0.3643263121243372,10415.0,1.1074845536549285
2026-08-07,2026-08-07_101740_121167_1_R8_C5,8,400.0,2.625,6,inter_cycle_dwell,30,1.9359917000000024,1255.0,-0.2068245205924732,13989.0,0.011368233131247865
2026-08-07,2026-08-07_101740_121167_1_R8_C5,8,400.0,2.625,7,holding,7,0.4003362999999993,1510.0,0.33048946971945226,13398.0,1.1022610475627213
2026-08-07,2026-08-07_101740_121167_1_R8_C5,8,400.0,2.625,7,inter_cycle_dwell,30,1.936137800000001,-1089.0,-0.15780090076263886,11767.0,0.011126186168963048
2026-08-07,2026-08-07_101740_121167_1_R8_C5,8,400.0,2.625,8,holding,7,0.39591519999999747,1096.0,0.3231029381196584,12741.0,1.1120634384475703
2026-08-07,2026-08-07_101740_121167_1_R8_C5,8,400.0,2.625,8,inter_cycle_dwell,30,1.9355942999999982,-1613.0,-0.18104623606957532,12331.0,0.010349321398587491
2026-08-07,2026-08-07_101740_121167_1_R8_C5,8,400.0,2.625,9,holding,7,0.4004045999999981,-2729.0,0.2767419908967621,10285.0,1.1138502126285632
2026-08-07,2026-08-07_101740_121167_1_R8_C5,8,400.0,2.625,9,inter_cycle_dwell,30,1.9322878999999986,-268.0,-0.1801367595525828,13990.0,0.010716258687161792
2026-08-07,2026-08-07_101740_121167_1_R8_C5,8,400.0,2.625,10,holding,8,0.4640527999999975,-1554.0,0.4949261203055142,10156.0,1.0875699141862416
2026-08-07,2026-08-07_101740_121167_1_R8_C5,8,400.0,2.625,10,inter_cycle_dwell,30,1.9330498000000063,3231.0,-0.1914271868156681,14689.0,0.0117392225130582
2026-08-07,2026-08-07_101740_121167_1_R8_C5,8,400.0,2.625,11,holding,8,0.46394390000000385,-779.0,0.49952179117939366,10863.0,1.0750509239414074
2026-08-07,2026-08-07_101740_121167_1_R8_C5,8,400.0,2.625,11,inter_cycle_dwell,30,1.9361997999999971,-986.0,-0.16736377721782508,11739.0,0.010575462588016643
2026-08-07,2026-08-07_101740_121167_1_R8_C5,8,400.0,2.625,12,holding,8,0.46418090000000234,1537.0,0.44863762491923187,12917.0,1.076664284512164
2026-08-07,2026-08-07_101740_121167_1_R8_C5,8,400.0,2.625,12,inter_cycle_dwell,30,1.9206401,-703.0,-0.1487818631576924,12346.0,0.006881719550541204
2026-08-07,2026-08-07_101740_121167_1_R8_C5,8,400.0,2.625,13,holding,8,0.4645261000000005,-1429.0,0.4334169225995612,11489.0,1.040331822346253
2026-08-07,2026-08-07_101740_121167_1_R8_C5,8,400.0,2.625,13,inter_cycle_dwell,30,1.9357199000000023,2294.0,-0.28661133393657073,13952.0,0.004351062950256043
2026-08-07,2026-08-07_101740_121167_1_R8_C5,8,400.0,2.625,14,holding,8,0.4820403000000013,2123.0,0.4269261103296581,10884.0,1.0113079220873538
2026-08-07,2026-08-07_101740_121167_1_R8_C5,8,400.0,2.625,14,inter_cycle_dwell,30,1.935849300000001,-481.0,-0.28636857994187387,13875.0,0.016102752558954755
2026-08-07,2026-08-07_101740_121167_1_R8_C5,8,400.0,2.625,15,holding,8,0.46383790000000147,217.0,0.4185000646500878,14360.0,1.0645416687403628
2026-08-07,2026-08-07_101740_121167_1_R8_C5,8,400.0,2.625,15,inter_cycle_dwell,29,1.856201200000001,-2619.0,-0.11313141017721311,13227.0,0.008889554106236208
2026-08-07,2026-08-07_101740_121167_1_R8_C5,8,400.0,2.625,16,holding,8,0.46430780000000027,1976.0,0.45728823640112704,13735.0,1.097356718595762
2026-08-07,2026-08-07_101740_121167_1_R8_C5,8,400.0,2.625,16,inter_cycle_dwell,30,1.9359340000000032,435.0,-0.27128611615784615,13126.0,0.018052644669894452
2026-08-07,2026-08-07_101740_121167_1_R8_C5,8,400.0,2.625,17,holding,8,0.46407059999999944,2369.0,0.4006968848143131,13359.0,1.0756747733057372
2026-08-07,2026-08-07_101740_121167_1_R8_C5,8,400.0,2.625,17,inter_cycle_dwell,30,1.936208999999998,-2885.0,-0.28245971328316016,12233.0,0.0147953237857084
2026-08-07,2026-08-07_101740_121167_1_R8_C5,8,400.0,2.625,18,holding,8,0.46516149999999357,2577.0,0.3765108724600934,13421.0,1.0932701849244881
2026-08-07,2026-08-07_101740_121167_1_R8_C5,8,400.0,2.625,18,inter_cycle_dwell,30,1.9364518000000004,1279.0,-0.23847477915420726,13953.0,0.012105507618447947
2026-08-07,2026-08-07_101740_121167_1_R8_C5,8,400.0,2.625,19,holding,8,0.464016799999996,-1298.0,0.37428719159234636,11471.0,1.0727205490490854
2026-08-07,2026-08-07_101740_121167_1_R8_C5,8,400.0,2.625,19,inter_cycle_dwell,30,1.935145300000002,1068.0,-0.1354382262052887,13103.0,0.011706033791523102
2026-08-07,2026-08-07_101740_121167_1_R8_C5,8,400.0,2.625,20,holding,8,0.46437420000000884,3011.0,0.40485433311414853,13455.0,1.0671513224239177
2026-08-07,2026-08-07_102007_014740_1_R8_C6,8,400.0,3.5,1,holding,8,0.4760536000000002,4274.0,0.4920696936190072,13361.0,1.7014051946297615
2026-08-07,2026-08-07_102007_014740_1_R8_C6,8,400.0,3.5,1,inter_cycle_dwell,29,1.8562883999999995,-2502.0,-0.1029520238592881,12766.0,0.019910927687915803
2026-08-07,2026-08-07_102007_014740_1_R8_C6,8,400.0,3.5,2,holding,8,0.48000350000000047,1450.0,0.4958071824639416,13152.0,1.796045812985467
2026-08-07,2026-08-07_102007_014740_1_R8_C6,8,400.0,3.5,2,inter_cycle_dwell,30,1.9203491999999995,1112.0,-0.24430058511435937,15215.0,0.01054463821008711
2026-08-07,2026-08-07_102007_014740_1_R8_C6,8,400.0,3.5,3,holding,8,0.4624282999999991,-2309.0,0.5012906469874929,11900.0,1.756845862178659
2026-08-07,2026-08-07_102007_014740_1_R8_C6,8,400.0,3.5,3,inter_cycle_dwell,30,1.9365845999999998,2750.0,-0.2577591104493679,14118.0,0.014591780464916548
2026-08-07,2026-08-07_102007_014740_1_R8_C6,8,400.0,3.5,4,holding,8,0.4666135000000011,-1256.0,0.5718549727730144,12174.0,1.7841395437261611
2026-08-07,2026-08-07_102007_014740_1_R8_C6,8,400.0,3.5,4,inter_cycle_dwell,31,1.9992873999999983,-1873.0,-0.26712771341166675,12718.0,0.011358439584820884
2026-08-07,2026-08-07_102007_014740_1_R8_C6,8,400.0,3.5,5,holding,8,0.46462860000000106,348.0,0.6452020344203793,13176.0,1.80444174991897
2026-08-07,2026-08-07_102007_014740_1_R8_C6,8,400.0,3.5,5,inter_cycle_dwell,30,1.935195199999999,188.0,-0.1274550847240018,13456.0,0.015960443758276446
2026-08-07,2026-08-07_102007_014740_1_R8_C6,8,400.0,3.5,6,holding,8,0.46432930000000283,-1406.0,0.6572755061728888,13447.0,1.8462701013097305
2026-08-07,2026-08-07_102007_014740_1_R8_C6,8,400.0,3.5,6,inter_cycle_dwell,30,1.9362952,1279.0,-0.171802372717195,14431.0,0.014811053778549813
2026-08-07,2026-08-07_102007_014740_1_R8_C6,8,400.0,3.5,7,holding,7,0.3994882000000004,-233.0,0.40395314981001906,12733.0,1.9224770054739422
2026-08-07,2026-08-07_102007_014740_1_R8_C6,8,400.0,3.5,7,inter_cycle_dwell,30,1.9408716999999989,-243.0,-0.1954078731335542,13123.0,0.015684753963084053
2026-08-07,2026-08-07_102007_014740_1_R8_C6,8,400.0,3.5,8,holding,7,0.4024044999999994,3120.0,0.4501333763486153,15034.0,1.824637782446002
2026-08-07,2026-08-07_102007_014740_1_R8_C6,8,400.0,3.5,8,inter_cycle_dwell,30,1.9356831999999997,-608.0,-0.1974831492840029,11595.0,0.01651060698028775
2026-08-07,2026-08-07_102007_014740_1_R8_C6,8,400.0,3.5,9,holding,7,0.40393999999999863,153.0,0.5304625084511081,13234.0,1.9216442168040195
2026-08-07,2026-08-07_102007_014740_1_R8_C6,8,400.0,3.5,9,inter_cycle_dwell,30,1.9360762000000022,893.0,-0.2072147371822826,13458.0,0.015083901447142695
2026-08-07,2026-08-07_102007_014740_1_R8_C6,8,400.0,3.5,10,holding,8,0.46376300000000015,-2910.0,0.5618881639761564,11502.0,1.893612555694335
2026-08-07,2026-08-07_102007_014740_1_R8_C6,8,400.0,3.5,10,inter_cycle_dwell,30,1.9359043999999983,-1850.0,-0.24274692175567908,11778.0,0.014964516843675058
2026-08-07,2026-08-07_102007_014740_1_R8_C6,8,400.0,3.5,11,holding,8,0.4641617999999994,2196.0,0.5359234311465033,14992.0,1.945000052494931
2026-08-07,2026-08-07_102007_014740_1_R8_C6,8,400.0,3.5,11,inter_cycle_dwell,30,1.9359988000000001,-136.0,-0.25268734285536865,11720.0,0.009868804086108601
2026-08-07,2026-08-07_102007_014740_1_R8_C6,8,400.0,3.5,12,holding,8,0.46477370000000207,-1232.0,0.5652308806880764,13184.0,1.87641175843797
2026-08-07,2026-08-07_102007_014740_1_R8_C6,8,400.0,3.5,12,inter_cycle_dwell,30,1.9354475000000022,-307.0,-0.27093766546548104,13531.0,0.009210188435115355
2026-08-07,2026-08-07_102007_014740_1_R8_C6,8,400.0,3.5,13,holding,8,0.4733299000000031,58.0,0.5482431913020323,13344.0,1.8104218520729127
2026-08-07,2026-08-07_102007_014740_1_R8_C6,8,400.0,3.5,13,inter_cycle_dwell,29,1.8557844999999986,-5213.0,-0.1010554586768523,10368.0,0.01777214805218881
2026-08-07,2026-08-07_102007_014740_1_R8_C6,8,400.0,3.5,14,holding,8,0.4797399999999996,118.0,0.625532188979802,12167.0,1.8147835850421659
2026-08-07,2026-08-07_102007_014740_1_R8_C6,8,400.0,3.5,14,inter_cycle_dwell,29,1.8558503000000002,-4412.0,-0.11716972592829711,10555.0,0.012344075825785894
2026-08-07,2026-08-07_102007_014740_1_R8_C6,8,400.0,3.5,15,holding,8,0.4796508000000017,2987.0,0.7116322574466585,14029.0,1.8871433345559319
2026-08-07,2026-08-07_102007_014740_1_R8_C6,8,400.0,3.5,15,inter_cycle_dwell,30,1.9359072000000026,-1206.0,-0.13900734149642247,13399.0,0.014022639289896652
2026-08-07,2026-08-07_102007_014740_1_R8_C6,8,400.0,3.5,16,holding,8,0.4669099999999986,2075.0,0.6544756817793036,12442.0,1.8897070033066496
2026-08-07,2026-08-07_102007_014740_1_R8_C6,8,400.0,3.5,16,inter_cycle_dwell,31,1.9995209000000003,-639.0,-0.2697386321441229,13358.0,0.01277726071703339
2026-08-07,2026-08-07_102007_014740_1_R8_C6,8,400.0,3.5,17,holding,8,0.4639130999999992,2267.0,0.6909652310419765,14256.0,1.8744765850893759
2026-08-07,2026-08-07_102007_014740_1_R8_C6,8,400.0,3.5,17,inter_cycle_dwell,30,1.9355256999999995,78.0,-0.15917277728794602,12660.0,0.011868666383403698
2026-08-07,2026-08-07_102007_014740_1_R8_C6,8,400.0,3.5,18,holding,8,0.4639877999999982,-1680.0,0.7526550690564493,12157.0,1.8797746280519545
2026-08-07,2026-08-07_102007_014740_1_R8_C6,8,400.0,3.5,18,inter_cycle_dwell,30,1.9361013999999983,-2315.0,-0.15641467256208963,11110.0,0.013993212651746537
2026-08-07,2026-08-07_102007_014740_1_R8_C6,8,400.0,3.5,19,holding,8,0.4643369000000064,-1423.0,0.705923504996169,11177.0,1.8784015253671824
2026-08-07,2026-08-07_102007_014740_1_R8_C6,8,400.0,3.5,19,inter_cycle_dwell,30,1.9395193000000006,-647.0,-0.1531759715210762,13638.0,0.012846224076257046
2026-08-07,2026-08-07_102007_014740_1_R8_C6,8,400.0,3.5,20,holding,7,0.40543890000000715,2426.0,0.46756963437921994,14842.0,1.8536539820253648
2026-08-07,2026-08-07_102231_135842_1_R8_C7,8,600.0,1.75,1,holding,8,0.46364150000000004,-3430.0,0.43344832125080895,10439.0,0.6724409744675954
2026-08-07,2026-08-07_102231_135842_1_R8_C7,8,600.0,1.75,1,inter_cycle_dwell,30,1.9358689999999994,147.0,-0.27449712748065075,12417.0,0.013560021096570896
2026-08-07,2026-08-07_102231_135842_1_R8_C7,8,600.0,1.75,2,holding,7,0.39995590000000014,1596.0,0.2843713435005151,14143.0,0.6891333621538824
2026-08-07,2026-08-07_102231_135842_1_R8_C7,8,600.0,1.75,2,inter_cycle_dwell,30,1.9356100000000005,-2517.0,-0.31819120703373904,13110.0,0.002522334128472331
2026-08-07,2026-08-07_102231_135842_1_R8_C7,8,600.0,1.75,3,holding,7,0.4004536000000005,1948.0,0.34262388109317654,13405.0,0.6470412624111778
2026-08-07,2026-08-07_102231_135842_1_R8_C7,8,600.0,1.75,3,inter_cycle_dwell,30,1.9356891000000012,2893.0,-0.37787547559378265,16508.0,0.005526385615219703
2026-08-07,2026-08-07_102231_135842_1_R8_C7,8,600.0,1.75,4,holding,8,0.46379849999999934,168.0,0.42268356245146405,14359.0,0.6359435276837138
2026-08-07,2026-08-07_102231_135842_1_R8_C7,8,600.0,1.75,4,inter_cycle_dwell,30,1.9278389999999987,1125.0,-0.3844530041626287,13507.0,0.0036308064470395585
2026-08-07,2026-08-07_102231_135842_1_R8_C7,8,600.0,1.75,5,holding,8,0.46475930000000076,7383.0,0.3981325063760578,17433.0,0.6422254634675008
2026-08-07,2026-08-07_102231_135842_1_R8_C7,8,600.0,1.75,5,inter_cycle_dwell,30,1.9360092000000009,-573.0,-0.4233984533844237,12213.0,0.012294428927400264
2026-08-07,2026-08-07_102231_135842_1_R8_C7,8,600.0,1.75,6,holding,8,0.463857100000002,262.0,0.4168636540332194,14076.0,0.6379168852828427
2026-08-07,2026-08-07_102231_135842_1_R8_C7,8,600.0,1.75,6,inter_cycle_dwell,30,1.9352047999999975,2090.0,-0.2732178075016364,15436.0,0.005711984045478763
2026-08-07,2026-08-07_102231_135842_1_R8_C7,8,600.0,1.75,7,holding,7,0.3908635999999994,634.0,0.24724658255873805,10912.0,0.6239424149069266
2026-08-07,2026-08-07_102231_135842_1_R8_C7,8,600.0,1.75,7,inter_cycle_dwell,30,1.9358333000000023,1308.0,-0.3116266346125195,12856.0,0.00824080341074837
2026-08-07,2026-08-07_102231_135842_1_R8_C7,8,600.0,1.75,8,holding,7,0.4003224999999979,1422.0,0.3444902171285692,14270.0,0.625368375448496
2026-08-07,2026-08-07_102231_135842_1_R8_C7,8,600.0,1.75,8,inter_cycle_dwell,30,1.9320664,-1342.0,-0.3611051303795996,13301.0,0.006411090405959663
2026-08-07,2026-08-07_102231_135842_1_R8_C7,8,600.0,1.75,9,holding,8,0.46408369999999977,-2094.0,0.4032525775305209,12874.0,0.6083351982271188
2026-08-07,2026-08-07_102231_135842_1_R8_C7,8,600.0,1.75,9,inter_cycle_dwell,30,1.936091300000001,4825.0,-0.22990286006144228,16004.0,0.010025392707010305
2026-08-07,2026-08-07_102231_135842_1_R8_C7,8,600.0,1.75,10,holding,8,0.4653478,-902.0,0.4380979023724513,11978.0,0.6089905891432328
2026-08-07,2026-08-07_102231_135842_1_R8_C7,8,600.0,1.75,10,inter_cycle_dwell,30,1.9359143000000003,-2045.0,-0.1027697284416238,12041.0,0.20053815152231325
2026-08-07,2026-08-07_102231_135842_1_R8_C7,8,600.0,1.75,11,holding,7,0.4048170000000013,1476.0,0.37611062444274457,14570.0,0.9752960987485519
2026-08-07,2026-08-07_102231_135842_1_R8_C7,8,600.0,1.75,11,inter_cycle_dwell,30,1.9360698999999997,1853.0,-0.3631688244315123,14352.0,0.0021800884263970532
2026-08-07,2026-08-07_102231_135842_1_R8_C7,8,600.0,1.75,12,holding,7,0.3988531999999978,-622.0,0.338930806063206,12882.0,0.694367499126844
2026-08-07,2026-08-07_102231_135842_1_R8_C7,8,600.0,1.75,12,inter_cycle_dwell,30,1.9360377,-2712.0,-0.37406239473015485,11299.0,0.010731754285112471
2026-08-07,2026-08-07_102231_135842_1_R8_C7,8,600.0,1.75,13,holding,8,0.46208589999999816,-1129.0,0.419055695976958,14505.0,0.7045461962435166
2026-08-07,2026-08-07_102231_135842_1_R8_C7,8,600.0,1.75,13,inter_cycle_dwell,30,1.9360460999999987,666.0,-0.4180096492030532,15484.0,0.01374769371393042
2026-08-07,2026-08-07_102231_135842_1_R8_C7,8,600.0,1.75,14,holding,8,0.46403470000000624,1502.0,0.49993659484578024,13926.0,0.7380420012705577
2026-08-07,2026-08-07_102231_135842_1_R8_C7,8,600.0,1.75,14,inter_cycle_dwell,29,1.8554517999999973,-3039.0,-0.2515343312395787,12697.0,0.010949471116122933
2026-08-07,2026-08-07_102231_135842_1_R8_C7,8,600.0,1.75,15,holding,8,0.46063010000000304,-251.0,0.5179035500780238,11793.0,0.7207076058592157
2026-08-07,2026-08-07_102231_135842_1_R8_C7,8,600.0,1.75,15,inter_cycle_dwell,30,1.9357333000000025,-308.0,-0.2732118783819072,11817.0,0.0957332937702633
2026-08-07,2026-08-07_102231_135842_1_R8_C7,8,600.0,1.75,16,holding,7,0.40230499999999836,-3068.0,0.4141110043575512,11897.0,0.7764520882639546
2026-08-07,2026-08-07_102231_135842_1_R8_C7,8,600.0,1.75,16,inter_cycle_dwell,30,1.9344001000000048,-752.0,-0.40384125659827297,12720.0,0.007931183664192765
2026-08-07,2026-08-07_102231_135842_1_R8_C7,8,600.0,1.75,17,holding,8,0.47869070000000136,1767.0,0.5009951425903701,13167.0,0.6972414184255966
2026-08-07,2026-08-07_102231_135842_1_R8_C7,8,600.0,1.75,17,inter_cycle_dwell,30,1.9360428000000027,-1603.0,-0.2728162634545126,11780.0,0.0006799230669085055
2026-08-07,2026-08-07_102231_135842_1_R8_C7,8,600.0,1.75,18,holding,7,0.39966559999999873,-966.0,0.31698657599893326,11989.0,0.6823482686574796
2026-08-07,2026-08-07_102231_135842_1_R8_C7,8,600.0,1.75,18,inter_cycle_dwell,30,1.9356828999999962,1153.0,-0.3805575999425674,13010.0,0.011054347563288547
2026-08-07,2026-08-07_102231_135842_1_R8_C7,8,600.0,1.75,19,holding,8,0.47388159999999857,468.0,0.43886694077850286,11537.0,0.6866878267529857
2026-08-07,2026-08-07_102231_135842_1_R8_C7,8,600.0,1.75,19,inter_cycle_dwell,30,1.936274300000001,584.0,-0.2501803108189324,12642.0,0.009966379764052125
2026-08-07,2026-08-07_102231_135842_1_R8_C7,8,600.0,1.75,20,holding,7,0.3998359999999934,2253.0,0.3200281714370005,13117.0,0.6939148258944712
2026-08-07,2026-08-07_102422_750493_1_R8_C8,8,600.0,2.625,1,holding,7,0.39998240000000007,-502.0,0.5049001675405749,9741.0,1.1300493176039783
2026-08-07,2026-08-07_102422_750493_1_R8_C8,8,600.0,2.625,1,inter_cycle_dwell,30,1.9359821000000004,3933.0,-0.24234415229202383,12707.0,0.016409460962470812
2026-08-07,2026-08-07_102422_750493_1_R8_C8,8,600.0,2.625,2,holding,7,0.40024430000000066,2562.0,0.4265463098417668,12474.0,1.0959979985262986
2026-08-07,2026-08-07_102422_750493_1_R8_C8,8,600.0,2.625,2,inter_cycle_dwell,30,1.9370911999999993,-658.0,-0.22685029427891912,12497.0,0.0054633855134775255
2026-08-07,2026-08-07_102422_750493_1_R8_C8,8,600.0,2.625,3,holding,7,0.3994375000000012,-2336.0,0.4829903315699391,10005.0,1.0475371797481055
2026-08-07,2026-08-07_102422_750493_1_R8_C8,8,600.0,2.625,3,inter_cycle_dwell,30,1.9337529999999994,-2729.0,-0.248299023299626,13115.0,0.014930132145071051
2026-08-07,2026-08-07_102422_750493_1_R8_C8,8,600.0,2.625,4,holding,7,0.4001090999999999,-551.0,0.5059502156358666,11948.0,1.1012241593154142
2026-08-07,2026-08-07_102422_750493_1_R8_C8,8,600.0,2.625,4,inter_cycle_dwell,30,1.935940800000001,10.0,-0.2074046743864871,13003.0,0.01281840773105361
2026-08-07,2026-08-07_102422_750493_1_R8_C8,8,600.0,2.625,5,holding,8,0.4639968000000003,-74.0,0.45936312244729005,12425.0,1.0625307335781133
2026-08-07,2026-08-07_102422_750493_1_R8_C8,8,600.0,2.625,5,inter_cycle_dwell,30,1.935705200000001,-498.0,-0.19645597200304582,13273.0,0.005911829700994409
2026-08-07,2026-08-07_102422_750493_1_R8_C8,8,600.0,2.625,6,holding,8,0.46406470000000155,378.0,0.544094601689977,12082.0,1.134729456241936
2026-08-07,2026-08-07_102422_750493_1_R8_C8,8,600.0,2.625,6,inter_cycle_dwell,30,1.9361894999999976,-903.0,-0.24650368704163428,10826.0,0.0072092721474043
2026-08-07,2026-08-07_102422_750493_1_R8_C8,8,600.0,2.625,7,holding,7,0.4006001999999995,1098.0,0.5220372380997267,13465.0,1.0960554975032077
2026-08-07,2026-08-07_102422_750493_1_R8_C8,8,600.0,2.625,7,inter_cycle_dwell,30,1.9357404000000002,-631.0,-0.269634319457307,12360.0,0.009582159799658957
2026-08-07,2026-08-07_102422_750493_1_R8_C8,8,600.0,2.625,8,holding,7,0.39969589999999755,-771.0,0.48359448778206715,12533.0,1.1225260842114348
2026-08-07,2026-08-07_102422_750493_1_R8_C8,8,600.0,2.625,8,inter_cycle_dwell,30,1.9310201000000013,1094.0,-0.24806966748160386,13448.0,0.00846036092161273
2026-08-07,2026-08-07_102422_750493_1_R8_C8,8,600.0,2.625,9,holding,8,0.4639276999999993,-2290.0,0.49396315151269066,10288.0,1.108691067578183
2026-08-07,2026-08-07_102422_750493_1_R8_C8,8,600.0,2.625,9,inter_cycle_dwell,30,1.9388974999999995,1510.0,-0.2787273343626113,12593.0,0.012108170063448387
2026-08-07,2026-08-07_102422_750493_1_R8_C8,8,600.0,2.625,10,holding,7,0.4145363999999958,3466.0,0.5534155001499779,15702.0,1.1165189965878242
2026-08-07,2026-08-07_102422_750493_1_R8_C8,8,600.0,2.625,10,inter_cycle_dwell,30,1.9363758000000004,-2621.0,-0.25333516679688306,10178.0,0.007244963380634184
2026-08-07,2026-08-07_102422_750493_1_R8_C8,8,600.0,2.625,11,holding,7,0.4039518999999956,563.0,0.5488231228787438,14644.0,1.1118692275693132
2026-08-07,2026-08-07_102422_750493_1_R8_C8,8,600.0,2.625,11,inter_cycle_dwell,30,1.9359725999999995,-824.0,-0.23959778077944693,14356.0,0.011558638976495783
2026-08-07,2026-08-07_102422_750493_1_R8_C8,8,600.0,2.625,12,holding,8,0.4637819999999948,-850.0,0.5334570443132763,12471.0,1.1321146819697487
2026-08-07,2026-08-07_102422_750493_1_R8_C8,8,600.0,2.625,12,inter_cycle_dwell,30,1.9359673000000015,1568.0,-0.23024866200144728,13420.0,0.01033853426714093
2026-08-07,2026-08-07_102422_750493_1_R8_C8,8,600.0,2.625,13,holding,8,0.4602815000000007,1057.0,0.5010508099189905,15273.0,1.1185788927909264
2026-08-07,2026-08-07_102422_750493_1_R8_C8,8,600.0,2.625,13,inter_cycle_dwell,30,1.9319983999999977,1399.0,-0.20966839509857876,14352.0,0.011233734051784877
2026-08-07,2026-08-07_102422_750493_1_R8_C8,8,600.0,2.625,14,holding,8,0.46402450000000073,-2057.0,0.5131500391205721,10773.0,1.1259011534346404
2026-08-07,2026-08-07_102422_750493_1_R8_C8,8,600.0,2.625,14,inter_cycle_dwell,30,1.9201517999999993,-2216.0,-0.2162537339019821,12942.0,0.010434341247310908
2026-08-07,2026-08-07_102422_750493_1_R8_C8,8,600.0,2.625,15,holding,7,0.3995949999999979,-3044.0,0.4949862716307094,11666.0,1.1110371713389273
2026-08-07,2026-08-07_102422_750493_1_R8_C8,8,600.0,2.625,15,inter_cycle_dwell,30,1.9360025000000007,-361.0,-0.2435517336434096,13569.0,0.007187932804933517
2026-08-07,2026-08-07_102422_750493_1_R8_C8,8,600.0,2.625,16,holding,7,0.40513930000000187,-4902.0,0.446427133286182,10412.0,1.1010677420738473
2026-08-07,2026-08-07_102422_750493_1_R8_C8,8,600.0,2.625,16,inter_cycle_dwell,31,1.9998997000000003,-981.0,-0.43288877915878204,13702.0,0.012592026566228709
2026-08-07,2026-08-07_102422_750493_1_R8_C8,8,600.0,2.625,17,holding,7,0.3999621999999974,1332.0,0.41290405663924656,13717.0,1.0919413723130222
2026-08-07,2026-08-07_102422_750493_1_R8_C8,8,600.0,2.625,17,inter_cycle_dwell,30,1.9312016000000014,2604.0,-0.38979468812555806,12707.0,0.010096837940491904
2026-08-07,2026-08-07_102422_750493_1_R8_C8,8,600.0,2.625,18,holding,7,0.3995681000000033,-4618.0,0.4232988236947197,11209.0,1.1168055991518964
2026-08-07,2026-08-07_102422_750493_1_R8_C8,8,600.0,2.625,18,inter_cycle_dwell,30,1.935908099999999,-986.0,-0.3464992794174621,12752.0,0.006661311119901203
2026-08-07,2026-08-07_102422_750493_1_R8_C8,8,600.0,2.625,19,holding,8,0.46379829999999345,-722.0,0.6262516650824201,11733.0,1.1182714169239207
2026-08-07,2026-08-07_102422_750493_1_R8_C8,8,600.0,2.625,19,inter_cycle_dwell,30,1.9351683000000008,723.0,-0.30527788454819216,12821.0,0.014130910485240233
2026-08-07,2026-08-07_102422_750493_1_R8_C8,8,600.0,2.625,20,holding,8,0.4640193000000039,3605.0,0.5765421658939953,13184.0,1.093777767811194
2026-08-07,2026-08-07_102613_098259_1_R8_C9,8,600.0,3.5,1,holding,8,0.4638626000000001,4963.0,1.002523361838631,15689.0,2.09503329795594
2026-08-07,2026-08-07_102613_098259_1_R8_C9,8,600.0,3.5,1,inter_cycle_dwell,30,1.9363426999999995,733.0,-0.3627855993364618,11893.0,0.015238201479748331
2026-08-07,2026-08-07_102613_098259_1_R8_C9,8,600.0,3.5,2,holding,7,0.4003128,-1831.0,0.8896934524471727,10853.0,2.0520604362678174
2026-08-07,2026-08-07_102613_098259_1_R8_C9,8,600.0,3.5,2,inter_cycle_dwell,30,1.935898599999999,-1492.0,-0.34837178839232247,11181.0,0.014657726217040201
2026-08-07,2026-08-07_102613_098259_1_R8_C9,8,600.0,3.5,3,holding,8,0.4693316999999997,3432.0,0.888781287742979,13716.0,2.0435507791133003
2026-08-07,2026-08-07_102613_098259_1_R8_C9,8,600.0,3.5,3,inter_cycle_dwell,30,1.9361889000000012,-1972.0,-0.32700678537150873,11782.0,0.013639093573954597
2026-08-07,2026-08-07_102613_098259_1_R8_C9,8,600.0,3.5,4,holding,8,0.46394549999999946,-1008.0,0.9076698154415761,11831.0,2.1373525958100412
2026-08-07,2026-08-07_102613_098259_1_R8_C9,8,600.0,3.5,4,inter_cycle_dwell,30,1.9357819000000003,483.0,-0.27982817128274723,13909.0,0.01834497131353019
2026-08-07,2026-08-07_102613_098259_1_R8_C9,8,600.0,3.5,5,holding,7,0.3962064000000005,-203.0,0.7235979103536037,12946.0,2.1683146635269113
2026-08-07,2026-08-07_102613_098259_1_R8_C9,8,600.0,3.5,5,inter_cycle_dwell,30,1.9361730000000001,1.0,-0.14011581012311725,12825.0,0.009929675726733367
2026-08-07,2026-08-07_102613_098259_1_R8_C9,8,600.0,3.5,6,holding,7,0.40499439999999964,-3846.0,1.2843802301143679,8795.0,3.098942539720334
2026-08-07,2026-08-07_102613_098259_1_R8_C9,8,600.0,3.5,6,inter_cycle_dwell,30,1.9355568999999981,-1738.0,-0.20971090221436123,13751.0,0.016975475689673336
2026-08-07,2026-08-07_102613_098259_1_R8_C9,8,600.0,3.5,7,holding,8,0.4641268000000025,4058.0,1.9679124031511201,12808.0,3.111042739131904
2026-08-07,2026-08-07_102613_098259_1_R8_C9,8,600.0,3.5,7,inter_cycle_dwell,30,1.9336230000000008,-2473.0,-0.42686933410812083,12151.0,0.013239258726157055
2026-08-07,2026-08-07_102613_098259_1_R8_C9,8,600.0,3.5,8,holding,7,0.41579809999999995,-2357.0,1.7766629188760283,10766.0,3.165620062087055
2026-08-07,2026-08-07_102613_098259_1_R8_C9,8,600.0,3.5,8,inter_cycle_dwell,30,1.936331199999998,-2547.0,-0.3125608365637029,10925.0,0.01655511261905529
2026-08-07,2026-08-07_102613_098259_1_R8_C9,8,600.0,3.5,9,holding,8,0.4641051999999988,249.0,1.8747268758952782,14207.0,3.1232884024480474
2026-08-07,2026-08-07_102613_098259_1_R8_C9,8,600.0,3.5,9,inter_cycle_dwell,30,1.9325211999999965,-1495.0,-0.09750163347020308,12125.0,0.07210664333214051
2026-08-07,2026-08-07_102613_098259_1_R8_C9,8,600.0,3.5,10,holding,8,0.46400900000000433,-4488.0,1.8552812730727464,8308.0,3.319997740379944
2026-08-07,2026-08-07_102613_098259_1_R8_C9,8,600.0,3.5,10,inter_cycle_dwell,30,1.9354762999999977,-1011.0,-0.36961745659219714,14554.0,0.011230129304157732
2026-08-07,2026-08-07_102613_098259_1_R8_C9,8,600.0,3.5,11,holding,8,0.4796483000000009,-2625.0,1.7403762795147302,9749.0,3.1719978989627693
2026-08-07,2026-08-07_102613_098259_1_R8_C9,8,600.0,3.5,11,inter_cycle_dwell,30,1.9366519999999952,3868.0,-0.3782099483315369,14321.0,0.012391069888115946
2026-08-07,2026-08-07_102613_098259_1_R8_C9,8,600.0,3.5,12,holding,8,0.4639487000000031,-1085.0,1.6593267035949162,14830.0,3.1843216227731896
2026-08-07,2026-08-07_102613_098259_1_R8_C9,8,600.0,3.5,12,inter_cycle_dwell,30,1.9362686999999994,-150.0,-0.3055888969170868,14921.0,0.016719091141018882
2026-08-07,2026-08-07_102613_098259_1_R8_C9,8,600.0,3.5,13,holding,7,0.39976650000000546,399.0,1.6247800302804036,11913.0,3.248753081051354
2026-08-07,2026-08-07_102613_098259_1_R8_C9,8,600.0,3.5,13,inter_cycle_dwell,30,1.932380700000003,3710.0,-0.21661582144271985,15065.0,0.016351356677087037
2026-08-07,2026-08-07_102613_098259_1_R8_C9,8,600.0,3.5,14,holding,7,0.400069699999996,-1305.0,1.2787511705101982,13427.0,3.1212682547555017
2026-08-07,2026-08-07_102613_098259_1_R8_C9,8,600.0,3.5,14,inter_cycle_dwell,30,1.932192900000004,-2258.0,-0.2106463471097974,9669.0,0.009429233479363197
2026-08-07,2026-08-07_102613_098259_1_R8_C9,8,600.0,3.5,15,holding,8,0.46423350000000596,2527.0,1.798423347991289,15469.0,3.1375076692162067
2026-08-07,2026-08-07_102613_098259_1_R8_C9,8,600.0,3.5,15,inter_cycle_dwell,30,1.9362116,1059.0,-0.4353912090680603,12697.0,0.01165104856017074
2026-08-07,2026-08-07_102613_098259_1_R8_C9,8,600.0,3.5,16,holding,8,0.45862809999999854,1672.0,1.6978112242568466,13809.0,3.1700770116895916
2026-08-07,2026-08-07_102613_098259_1_R8_C9,8,600.0,3.5,16,inter_cycle_dwell,30,1.936013299999999,332.0,-0.37058411121973334,13132.0,0.015866864527725233
2026-08-07,2026-08-07_102613_098259_1_R8_C9,8,600.0,3.5,17,holding,7,0.400191999999997,-2858.0,1.5620006009434941,9158.0,3.2747712243818006
2026-08-07,2026-08-07_102613_098259_1_R8_C9,8,600.0,3.5,17,inter_cycle_dwell,30,1.9389824000000004,-3638.0,-0.3216244835483338,9721.0,0.010979375703394023
2026-08-07,2026-08-07_102613_098259_1_R8_C9,8,600.0,3.5,18,holding,7,0.39985849999999346,-3863.0,1.4760317014359898,9608.0,3.1786364359066392
2026-08-07,2026-08-07_102613_098259_1_R8_C9,8,600.0,3.5,18,inter_cycle_dwell,30,1.9360441999999978,544.0,-0.23592911743214967,12264.0,0.013309343349980629
2026-08-07,2026-08-07_102613_098259_1_R8_C9,8,600.0,3.5,19,holding,7,0.39665249999998764,-1435.0,1.5737302844778276,12912.0,3.2845080599217216
2026-08-07,2026-08-07_102613_098259_1_R8_C9,8,600.0,3.5,19,inter_cycle_dwell,30,1.9465971999999994,69.0,-0.255466184203666,13955.0,0.007679457918001564
2026-08-07,2026-08-07_102613_098259_1_R8_C9,8,600.0,3.5,20,holding,8,0.46436140000000137,2342.0,1.8435687254742723,14975.0,3.110917427598353
2026-08-07,2026-08-07_103221_876936_1_R9_C1,9,200.0,1.75,1,holding,8,0.4640504999999999,-1515.0,0.21433920727731193,12291.0,0.7597743415571856
2026-08-07,2026-08-07_103221_876936_1_R9_C1,9,200.0,1.75,1,inter_cycle_dwell,30,1.9359105999999997,869.0,-0.1776170931944187,11804.0,0.013295276685788088
2026-08-07,2026-08-07_103221_876936_1_R9_C1,9,200.0,1.75,2,holding,7,0.40000339999999923,-1394.0,0.10722979456924864,9311.0,0.7700236907763021
2026-08-07,2026-08-07_103221_876936_1_R9_C1,9,200.0,1.75,2,inter_cycle_dwell,30,1.9364550000000005,3098.0,-0.10862533822932191,12670.0,0.012608254521608242
2026-08-07,2026-08-07_103221_876936_1_R9_C1,9,200.0,1.75,3,holding,7,0.3978307000000001,1109.0,0.1371077098514466,10034.0,0.758820765518613
2026-08-07,2026-08-07_103221_876936_1_R9_C1,9,200.0,1.75,3,inter_cycle_dwell,30,1.935953099999999,584.0,-0.13826328936894888,11746.0,0.0096299565876658
2026-08-07,2026-08-07_103221_876936_1_R9_C1,9,200.0,1.75,4,holding,8,0.46900729999999946,1050.0,0.1708438110503404,11282.0,0.7410792105322562
2026-08-07,2026-08-07_103221_876936_1_R9_C1,9,200.0,1.75,4,inter_cycle_dwell,30,1.9333795999999985,3013.0,-0.1499919440815528,13540.0,0.006840404614441048
2026-08-07,2026-08-07_103221_876936_1_R9_C1,9,200.0,1.75,5,holding,7,0.4001012999999993,-771.0,0.1298402187462323,11256.0,0.7626512314551525
2026-08-07,2026-08-07_103221_876936_1_R9_C1,9,200.0,1.75,5,inter_cycle_dwell,31,1.9998977000000018,-2902.0,-0.1840000443149297,9504.0,0.010014597626915478
2026-08-07,2026-08-07_103221_876936_1_R9_C1,9,200.0,1.75,6,holding,7,0.4000704999999982,1401.0,0.152539857226359,12097.0,0.7695679808806256
2026-08-07,2026-08-07_103221_876936_1_R9_C1,9,200.0,1.75,6,inter_cycle_dwell,30,1.9358882000000008,2715.0,-0.09895586176288168,12693.0,0.024326886184113383
2026-08-07,2026-08-07_103221_876936_1_R9_C1,9,200.0,1.75,7,holding,7,0.4011130999999999,-1396.0,0.19150617307377638,10065.0,0.8371841883150816
2026-08-07,2026-08-07_103221_876936_1_R9_C1,9,200.0,1.75,7,inter_cycle_dwell,30,1.9356317999999995,-38.0,-0.1105024058439476,13278.0,0.02127789303110106
2026-08-07,2026-08-07_103221_876936_1_R9_C1,9,200.0,1.75,8,holding,8,0.46550339999999935,-1666.0,0.1367650929644354,9625.0,0.762318163927892
2026-08-07,2026-08-07_103221_876936_1_R9_C1,9,200.0,1.75,8,inter_cycle_dwell,30,1.9339189999999995,-257.0,-0.1307081300489683,10889.0,0.008714763540582704
2026-08-07,2026-08-07_103221_876936_1_R9_C1,9,200.0,1.75,9,holding,8,0.4643524000000028,-753.0,0.17767364836810273,11887.0,0.7551096019001619
2026-08-07,2026-08-07_103221_876936_1_R9_C1,9,200.0,1.75,9,inter_cycle_dwell,30,1.9370613000000034,-467.0,-0.15236542056429092,11762.0,0.009322485687354887
2026-08-07,2026-08-07_103221_876936_1_R9_C1,9,200.0,1.75,10,holding,7,0.4000978999999987,-2212.0,0.11530337046783945,9485.0,0.7655274258219743
2026-08-07,2026-08-07_103221_876936_1_R9_C1,9,200.0,1.75,10,inter_cycle_dwell,30,1.9201094000000012,1728.0,-0.17002812330508676,12506.0,0.011206716907623093
2026-08-07,2026-08-07_103221_876936_1_R9_C1,9,200.0,1.75,11,holding,8,0.4623764000000037,298.0,0.1323760759510635,9251.0,0.7615997008189611
2026-08-07,2026-08-07_103221_876936_1_R9_C1,9,200.0,1.75,11,inter_cycle_dwell,30,1.9362844000000052,-3373.0,-0.13272881348662957,11450.0,0.01047606733250045
2026-08-07,2026-08-07_103221_876936_1_R9_C1,9,200.0,1.75,12,holding,7,0.3921382000000051,-3064.0,0.10062440016945129,9364.0,0.7662805345638735
2026-08-07,2026-08-07_103221_876936_1_R9_C1,9,200.0,1.75,12,inter_cycle_dwell,29,1.8554327000000015,3700.0,-0.0931621016525192,14703.0,0.00507075592454298
2026-08-07,2026-08-07_103221_876936_1_R9_C1,9,200.0,1.75,13,holding,7,0.41540919999999915,1024.0,0.16578413219980248,11907.0,0.7847353773033827
2026-08-07,2026-08-07_103221_876936_1_R9_C1,9,200.0,1.75,13,inter_cycle_dwell,30,1.9356869000000003,-861.0,-0.1481583285986688,12038.0,-0.004087365169926471
2026-08-07,2026-08-07_103221_876936_1_R9_C1,9,200.0,1.75,14,holding,8,0.48062239999999434,-274.0,0.2010288836426496,11935.0,0.7765195934798362
2026-08-07,2026-08-07_103221_876936_1_R9_C1,9,200.0,1.75,14,inter_cycle_dwell,29,1.8561980000000062,1443.0,-0.0870382950440845,11968.0,0.006718242918736073
2026-08-07,2026-08-07_103221_876936_1_R9_C1,9,200.0,1.75,15,holding,7,0.4002505999999997,-1086.0,0.15856863540432786,11697.0,0.7713324360612656
2026-08-07,2026-08-07_103221_876936_1_R9_C1,9,200.0,1.75,15,inter_cycle_dwell,30,1.9203960000000038,14.0,-0.0868449101189041,11704.0,0.010956710873623099
2026-08-07,2026-08-07_103221_876936_1_R9_C1,9,200.0,1.75,16,holding,8,0.48763290000000126,1165.0,0.19388546039908383,11853.0,0.7487019695799708
2026-08-07,2026-08-07_103221_876936_1_R9_C1,9,200.0,1.75,16,inter_cycle_dwell,30,1.9370770999999962,159.0,-0.18560401174911523,11680.0,0.014564560897669443
2026-08-07,2026-08-07_103221_876936_1_R9_C1,9,200.0,1.75,17,holding,7,0.4001334999999955,739.0,0.0746756062013042,11641.0,0.7094164650087892
2026-08-07,2026-08-07_103221_876936_1_R9_C1,9,200.0,1.75,17,inter_cycle_dwell,30,1.9372440000000068,-1842.0,-0.20588701155247663,10575.0,0.006464017103225306
2026-08-07,2026-08-07_103221_876936_1_R9_C1,9,200.0,1.75,18,holding,7,0.39996039999999766,589.0,0.1562344918500893,12781.0,0.7432004425983687
2026-08-07,2026-08-07_103221_876936_1_R9_C1,9,200.0,1.75,18,inter_cycle_dwell,30,1.935448099999988,-1077.0,-0.09603714064162061,10720.0,0.02406454594855975
2026-08-07,2026-08-07_103221_876936_1_R9_C1,9,200.0,1.75,19,holding,8,0.4639161000000058,-2086.0,0.13658335547460676,11492.0,0.7418711782459451
2026-08-07,2026-08-07_103221_876936_1_R9_C1,9,200.0,1.75,19,inter_cycle_dwell,30,1.9298517000000004,1920.0,-0.15140746606289393,13580.0,0.0019455118668674498
2026-08-07,2026-08-07_103221_876936_1_R9_C1,9,200.0,1.75,20,holding,7,0.40031329999999343,2909.0,0.12063374376467562,11682.0,0.7475881142802485
2026-08-07,2026-08-07_103441_167892_1_R9_C2,9,200.0,2.625,1,holding,7,0.39980030000000033,-631.0,0.08044192750338985,10964.0,1.0771236488698752
2026-08-07,2026-08-07_103441_167892_1_R9_C2,9,200.0,2.625,1,inter_cycle_dwell,30,1.9399574,4384.0,-0.12962602409448037,13281.0,0.01247709512336942
2026-08-07,2026-08-07_103441_167892_1_R9_C2,9,200.0,2.625,2,holding,8,0.46601230000000005,-676.0,0.21143355230091043,11249.0,1.205966519335608
2026-08-07,2026-08-07_103441_167892_1_R9_C2,9,200.0,2.625,2,inter_cycle_dwell,30,1.9363092999999996,233.0,-0.08551253834221961,12282.0,0.006645673601562485
2026-08-07,2026-08-07_103441_167892_1_R9_C2,9,200.0,2.625,3,holding,7,0.3999061000000008,-3049.0,0.10479952993623431,10104.0,1.2484865304015866
2026-08-07,2026-08-07_103441_167892_1_R9_C2,9,200.0,2.625,3,inter_cycle_dwell,30,1.9359920000000006,2254.0,-0.12526096752144072,13630.0,0.012389787943479225
2026-08-07,2026-08-07_103441_167892_1_R9_C2,9,200.0,2.625,4,holding,8,0.4559293000000011,817.0,0.20635261789721593,12539.0,1.0996144620955344
2026-08-07,2026-08-07_103441_167892_1_R9_C2,9,200.0,2.625,4,inter_cycle_dwell,30,1.9361168000000006,1541.0,-0.05298756106509531,13668.0,0.016381272683558462
2026-08-07,2026-08-07_103441_167892_1_R9_C2,9,200.0,2.625,5,holding,8,0.46477700000000155,560.0,0.18397281069190496,12174.0,1.0912140557177736
2026-08-07,2026-08-07_103441_167892_1_R9_C2,9,200.0,2.625,5,inter_cycle_dwell,30,1.9345640999999993,2956.0,-0.10534548097644242,14204.0,0.009734276138532283
2026-08-07,2026-08-07_103441_167892_1_R9_C2,9,200.0,2.625,6,holding,7,0.40542879999999926,2811.0,0.10329475031688717,12836.0,1.076744831893476
2026-08-07,2026-08-07_103441_167892_1_R9_C2,9,200.0,2.625,6,inter_cycle_dwell,30,1.9357866000000001,-2777.0,-0.0637316115923855,10657.0,0.03647594446430946
2026-08-07,2026-08-07_103441_167892_1_R9_C2,9,200.0,2.625,7,holding,8,0.4637701000000014,-481.0,0.21345064438477723,11943.0,1.1794942329965583
2026-08-07,2026-08-07_103441_167892_1_R9_C2,9,200.0,2.625,7,inter_cycle_dwell,30,1.9367119999999964,1028.0,-0.10227028557809442,11405.0,0.01885482834171731
2026-08-07,2026-08-07_103441_167892_1_R9_C2,9,200.0,2.625,8,holding,7,0.39659520000000015,1598.0,0.1670222466288278,12740.0,1.2375926051419543
2026-08-07,2026-08-07_103441_167892_1_R9_C2,9,200.0,2.625,8,inter_cycle_dwell,30,1.9330505000000002,-2118.0,-0.06450961276612749,10450.0,0.008232880474563553
2026-08-07,2026-08-07_103441_167892_1_R9_C2,9,200.0,2.625,9,holding,7,0.40011930000000007,2615.0,0.19865883514877125,13940.0,1.20425213548438
2026-08-07,2026-08-07_103441_167892_1_R9_C2,9,200.0,2.625,9,inter_cycle_dwell,30,1.9361268999999979,1781.0,-0.09434598681009321,13846.0,0.019105954926121937
2026-08-07,2026-08-07_103441_167892_1_R9_C2,9,200.0,2.625,10,holding,7,0.4000764000000032,2440.0,0.3286362896997497,13561.0,1.3232817675916828
2026-08-07,2026-08-07_103441_167892_1_R9_C2,9,200.0,2.625,10,inter_cycle_dwell,30,1.9357254999999967,-1097.0,-0.12404712322109684,11008.0,0.014051094767653594
2026-08-07,2026-08-07_103441_167892_1_R9_C2,9,200.0,2.625,11,holding,8,0.463700799999998,-89.0,0.16944208145687467,11714.0,1.152686578188132
2026-08-07,2026-08-07_103441_167892_1_R9_C2,9,200.0,2.625,11,inter_cycle_dwell,30,1.934753200000003,2521.0,-0.10760896160033961,14046.0,0.014114198245304077
2026-08-07,2026-08-07_103441_167892_1_R9_C2,9,200.0,2.625,12,holding,8,0.4641617999999994,400.0,0.09912839031408982,12786.0,1.1094903964011356
2026-08-07,2026-08-07_103441_167892_1_R9_C2,9,200.0,2.625,12,inter_cycle_dwell,30,1.9359509000000017,-4820.0,-0.1315789295781437,10709.0,-0.0010163174832001076
2026-08-07,2026-08-07_103441_167892_1_R9_C2,9,200.0,2.625,13,holding,7,0.40024079999999884,-424.0,0.1245788348302449,13951.0,1.1108823155965066
2026-08-07,2026-08-07_103441_167892_1_R9_C2,9,200.0,2.625,13,inter_cycle_dwell,30,1.9361786999999993,1776.0,-0.06603488535383889,12830.0,0.01149537103236209
2026-08-07,2026-08-07_103441_167892_1_R9_C2,9,200.0,2.625,14,holding,8,0.4640197000000015,1423.0,0.11702999010180215,13804.0,1.115417828081185
2026-08-07,2026-08-07_103441_167892_1_R9_C2,9,200.0,2.625,14,inter_cycle_dwell,30,1.9358323999999953,-492.0,-0.11848170896804738,11067.0,0.015033263269474406
2026-08-07,2026-08-07_103441_167892_1_R9_C2,9,200.0,2.625,15,holding,7,0.40628580000000625,-48.0,0.1467785118856968,13698.0,1.2229413491943022
2026-08-07,2026-08-07_103441_167892_1_R9_C2,9,200.0,2.625,15,inter_cycle_dwell,30,1.9387631999999968,621.0,-0.09576438132447554,14077.0,0.012316348770394864
2026-08-07,2026-08-07_103441_167892_1_R9_C2,9,200.0,2.625,16,holding,8,0.4614715999999959,245.0,0.2389313067988199,11654.0,1.2098392944756686
2026-08-07,2026-08-07_103441_167892_1_R9_C2,9,200.0,2.625,16,inter_cycle_dwell,30,1.9361617999999936,1470.0,-0.11679802026396341,13267.0,0.017770668119404143
2026-08-07,2026-08-07_103441_167892_1_R9_C2,9,200.0,2.625,17,holding,7,0.4000216000000023,-2274.0,0.1490844115320522,11969.0,1.1171050184138398
2026-08-07,2026-08-07_103441_167892_1_R9_C2,9,200.0,2.625,17,inter_cycle_dwell,30,1.9361671999999999,1170.0,-0.079223186629658,13748.0,0.008863891591176065
2026-08-07,2026-08-07_103441_167892_1_R9_C2,9,200.0,2.625,18,holding,8,0.46414559999999483,1509.0,0.12028263615366086,11843.0,1.0785950289886692
2026-08-07,2026-08-07_103441_167892_1_R9_C2,9,200.0,2.625,18,inter_cycle_dwell,30,1.9359939999999938,46.0,-0.1172764294985513,11234.0,0.012103569544454046
2026-08-07,2026-08-07_103441_167892_1_R9_C2,9,200.0,2.625,19,holding,8,0.4712808000000024,3574.0,0.21232899650637638,12937.0,1.1677938766727904
2026-08-07,2026-08-07_103441_167892_1_R9_C2,9,200.0,2.625,19,inter_cycle_dwell,30,1.9356274999999954,-1410.0,-0.1242618320465523,11958.0,0.013316408021687598
2026-08-07,2026-08-07_103441_167892_1_R9_C2,9,200.0,2.625,20,holding,7,0.3999639999999971,-722.0,0.1300957161434797,12094.0,1.1441023755517397
2026-08-07,2026-08-07_103650_255736_1_R9_C3,9,200.0,3.5,1,holding,8,0.46410039999999997,-3897.0,0.4516940343070037,10099.0,1.8037491902337977
2026-08-07,2026-08-07_103650_255736_1_R9_C3,9,200.0,3.5,1,inter_cycle_dwell,45,2.9440304999999993,1193.0,-0.09834665041238,12318.0,0.012541562806485412
2026-08-07,2026-08-07_103650_255736_1_R9_C3,9,200.0,3.5,2,holding,7,0.3974568999999999,-1472.0,0.2572254941337788,11287.0,1.753170316508395
2026-08-07,2026-08-07_103650_255736_1_R9_C3,9,200.0,3.5,2,inter_cycle_dwell,44,2.8796473999999996,-3873.0,-0.0638513745925936,9111.0,0.014315802242126918
2026-08-07,2026-08-07_103650_255736_1_R9_C3,9,200.0,3.5,3,holding,8,0.4643403999999993,-2824.0,0.19773285720884326,9878.0,1.63905831058311
2026-08-07,2026-08-07_103650_255736_1_R9_C3,9,200.0,3.5,3,inter_cycle_dwell,45,2.9276452999999982,-2364.0,-0.08041409445072223,9948.0,0.006118390942684376
2026-08-07,2026-08-07_103650_255736_1_R9_C3,9,200.0,3.5,4,holding,7,0.41912220000000033,-231.0,0.15097583322062302,13623.0,1.616255337678306
2026-08-07,2026-08-07_103650_255736_1_R9_C3,9,200.0,3.5,4,inter_cycle_dwell,46,2.992323599999999,235.0,-0.11329685469618517,11932.0,0.013127745520219836
2026-08-07,2026-08-07_103650_255736_1_R9_C3,9,200.0,3.5,5,holding,8,0.46413809999999955,45.0,0.321307805824671,11481.0,1.9741587242199856
2026-08-07,2026-08-07_103650_255736_1_R9_C3,9,200.0,3.5,5,inter_cycle_dwell,45,2.940495900000002,-1740.0,0.013888109019696726,9619.0,-0.0005039518364454709
2026-08-07,2026-08-07_103650_255736_1_R9_C3,9,200.0,3.5,6,holding,8,0.466592900000002,983.0,0.47610465441101746,11987.0,2.4007197497190886
2026-08-07,2026-08-07_103650_255736_1_R9_C3,9,200.0,3.5,6,inter_cycle_dwell,45,2.943946700000005,-81.0,-0.1041664615626674,11564.0,0.01306520134487954
2026-08-07,2026-08-07_103650_255736_1_R9_C3,9,200.0,3.5,7,holding,8,0.4639938999999984,919.0,0.34742290189079394,9989.0,2.1872183329489436
2026-08-07,2026-08-07_103650_255736_1_R9_C3,9,200.0,3.5,7,inter_cycle_dwell,45,2.9280589000000035,1941.0,-0.06680958260698056,12812.0,0.012848606355421316
2026-08-07,2026-08-07_103650_255736_1_R9_C3,9,200.0,3.5,8,holding,8,0.4800614999999979,-1502.0,0.4883186751335522,11146.0,2.1914507058690837
2026-08-07,2026-08-07_103650_255736_1_R9_C3,9,200.0,3.5,8,inter_cycle_dwell,45,2.9280475999999993,-3542.0,-0.08080908004271814,11158.0,0.015449833943629893
2026-08-07,2026-08-07_103650_255736_1_R9_C3,9,200.0,3.5,9,holding,7,0.4001876000000024,3293.0,0.32635974756515074,13327.0,2.11311377930174
2026-08-07,2026-08-07_103650_255736_1_R9_C3,9,200.0,3.5,9,inter_cycle_dwell,45,2.941494299999995,-1683.0,-0.019481313703819447,11251.0,0.02367082871450682
2026-08-07,2026-08-07_103650_255736_1_R9_C3,9,200.0,3.5,10,holding,8,0.4651951999999966,-203.0,0.5443779632507246,11580.0,2.3906892164316154
2026-08-07,2026-08-07_103650_255736_1_R9_C3,9,200.0,3.5,10,inter_cycle_dwell,45,2.943768899999995,-1380.0,-0.09023389834781526,10140.0,0.01457911955652802
2026-08-07,2026-08-07_103650_255736_1_R9_C3,9,200.0,3.5,11,holding,7,0.4000541999999996,1705.0,0.39923537481509697,10669.0,2.2225848679256353
2026-08-07,2026-08-07_103650_255736_1_R9_C3,9,200.0,3.5,11,inter_cycle_dwell,46,2.992229700000003,-3087.0,-0.09413139379933322,10310.0,0.016656519312639506
2026-08-07,2026-08-07_103650_255736_1_R9_C3,9,200.0,3.5,12,holding,7,0.40001089999999806,1882.0,0.45539047806079136,12409.0,2.20487733975004
2026-08-07,2026-08-07_103650_255736_1_R9_C3,9,200.0,3.5,12,inter_cycle_dwell,45,2.9276121000000046,-427.0,-0.0786011777543387,14005.0,0.0009116944538871963
2026-08-07,2026-08-07_103650_255736_1_R9_C3,9,200.0,3.5,13,holding,8,0.46820499999999754,-459.0,0.08332801916180821,11922.0,1.613672703526068
2026-08-07,2026-08-07_103650_255736_1_R9_C3,9,200.0,3.5,13,inter_cycle_dwell,45,2.943747000000002,3920.0,-0.118906408581817,13984.0,0.014833084319206602
2026-08-07,2026-08-07_103650_255736_1_R9_C3,9,200.0,3.5,14,holding,8,0.4641244000000029,-3876.0,0.1684480671317612,9503.0,1.5470644433902347
2026-08-07,2026-08-07_103650_255736_1_R9_C3,9,200.0,3.5,14,inter_cycle_dwell,45,2.94286799999999,123.0,-0.06492805483446037,12422.0,0.016018972509712404
2026-08-07,2026-08-07_103650_255736_1_R9_C3,9,200.0,3.5,15,holding,8,0.46011930000000234,4492.0,0.2718679292360664,12083.0,1.6960073326809715
2026-08-07,2026-08-07_103650_255736_1_R9_C3,9,200.0,3.5,15,inter_cycle_dwell,45,2.9282888999999983,3788.0,-0.017612660879635283,14453.0,0.013148736405555111
2026-08-07,2026-08-07_103650_255736_1_R9_C3,9,200.0,3.5,16,holding,8,0.45603749999999366,-1137.0,0.18226685182764557,12908.0,1.7234533214710415
2026-08-07,2026-08-07_103650_255736_1_R9_C3,9,200.0,3.5,16,inter_cycle_dwell,45,2.928113400000001,15.0,-0.0777181165244285,10417.0,0.022386130575901497
2026-08-07,2026-08-07_103650_255736_1_R9_C3,9,200.0,3.5,17,holding,8,0.464150900000007,83.0,0.31140749442864246,9877.0,1.5593186763250642
2026-08-07,2026-08-07_103650_255736_1_R9_C3,9,200.0,3.5,17,inter_cycle_dwell,45,2.9363890000000055,-1897.0,-0.03101749897607059,10915.0,0.027046657488203507
2026-08-07,2026-08-07_103650_255736_1_R9_C3,9,200.0,3.5,18,holding,8,0.4641118999999918,-1294.0,0.292440059164625,10427.0,1.6429122609486015
2026-08-07,2026-08-07_103650_255736_1_R9_C3,9,200.0,3.5,18,inter_cycle_dwell,45,2.934890100000004,1625.0,-0.06837512078962049,13947.0,0.018374602364485793
2026-08-07,2026-08-07_103650_255736_1_R9_C3,9,200.0,3.5,19,holding,7,0.4004865999999936,1426.0,0.22874836275752153,12635.0,1.79096984938122
2026-08-07,2026-08-07_103650_255736_1_R9_C3,9,200.0,3.5,19,inter_cycle_dwell,45,2.928170899999998,1260.0,-0.05547636238744638,10434.0,0.013089143202693498
2026-08-07,2026-08-07_103650_255736_1_R9_C3,9,200.0,3.5,20,holding,8,0.4639416000000125,3370.0,0.32024924634873075,12231.0,1.6770051759995683
2026-08-07,2026-08-07_103945_858185_1_R9_C4,9,400.0,1.75,1,holding,8,0.46417589999999986,-581.0,0.31522240238908655,9688.0,0.7501093839328188
2026-08-07,2026-08-07_103945_858185_1_R9_C4,9,400.0,1.75,1,inter_cycle_dwell,30,1.9364872000000002,-1278.0,-0.3470986300247717,11872.0,0.006231790530983522
2026-08-07,2026-08-07_103945_858185_1_R9_C4,9,400.0,1.75,2,holding,8,0.4637608999999996,751.0,0.3341933386407138,12643.0,0.7497180934839327
2026-08-07,2026-08-07_103945_858185_1_R9_C4,9,400.0,1.75,2,inter_cycle_dwell,30,1.9359038999999996,2655.0,-0.2952705505374559,13418.0,0.01332891898734101
2026-08-07,2026-08-07_103945_858185_1_R9_C4,9,400.0,1.75,3,holding,7,0.4002054000000008,2721.0,0.31688418492077586,15430.0,0.7985073469408167
2026-08-07,2026-08-07_103945_858185_1_R9_C4,9,400.0,1.75,3,inter_cycle_dwell,30,1.9373679999999993,-1363.0,-0.2954096207890069,12189.0,0.01352522012045862
2026-08-07,2026-08-07_103945_858185_1_R9_C4,9,400.0,1.75,4,holding,7,0.4061830000000004,-1138.0,0.2564172906068425,11248.0,0.7738458592163698
2026-08-07,2026-08-07_103945_858185_1_R9_C4,9,400.0,1.75,4,inter_cycle_dwell,30,1.9280276999999995,1720.0,-0.2504316468879666,12530.0,0.0120527186696337
2026-08-07,2026-08-07_103945_858185_1_R9_C4,9,400.0,1.75,5,holding,7,0.3990291999999993,-932.0,0.23435870962451388,9496.0,0.773842480203913
2026-08-07,2026-08-07_103945_858185_1_R9_C4,9,400.0,1.75,5,inter_cycle_dwell,30,1.9360074000000012,941.0,-0.2553555333301005,14108.0,0.009495528492426603
2026-08-07,2026-08-07_103945_858185_1_R9_C4,9,400.0,1.75,6,holding,7,0.3996582999999987,872.0,0.23727725699940427,14161.0,0.7598900115530757
2026-08-07,2026-08-07_103945_858185_1_R9_C4,9,400.0,1.75,6,inter_cycle_dwell,30,1.9358471999999978,734.0,-0.2943751359160022,12120.0,0.009825188854926503
2026-08-07,2026-08-07_103945_858185_1_R9_C4,9,400.0,1.75,7,holding,7,0.3961410999999977,1627.0,0.2903383856884168,12935.0,0.7551789104727882
2026-08-07,2026-08-07_103945_858185_1_R9_C4,9,400.0,1.75,7,inter_cycle_dwell,30,1.9356702000000006,880.0,-0.347782727283427,11791.0,0.013554823262488247
2026-08-07,2026-08-07_103945_858185_1_R9_C4,9,400.0,1.75,8,holding,7,0.4124656000000009,902.0,0.32225605890160275,13098.0,0.7551046416870635
2026-08-07,2026-08-07_103945_858185_1_R9_C4,9,400.0,1.75,8,inter_cycle_dwell,30,1.9363246000000025,-1587.0,-0.3032822070862064,11802.0,0.006984655018470454
2026-08-07,2026-08-07_103945_858185_1_R9_C4,9,400.0,1.75,9,holding,7,0.4000212999999988,2995.0,0.26374456694117804,13407.0,0.7352168177042406
2026-08-07,2026-08-07_103945_858185_1_R9_C4,9,400.0,1.75,9,inter_cycle_dwell,30,1.9364284000000005,1074.0,-0.27137159728654814,11305.0,0.00620223467834613
2026-08-07,2026-08-07_103945_858185_1_R9_C4,9,400.0,1.75,10,holding,7,0.4000792000000004,-521.0,0.30442568003773984,12120.0,0.7311994259112498
2026-08-07,2026-08-07_103945_858185_1_R9_C4,9,400.0,1.75,10,inter_cycle_dwell,30,1.9414622000000037,-2401.0,-0.3402952542550223,9837.0,0.002438679619266554
2026-08-07,2026-08-07_103945_858185_1_R9_C4,9,400.0,1.75,11,holding,7,0.3994263000000018,-3783.0,0.24971751549011917,10107.0,0.7189462792242527
2026-08-07,2026-08-07_103945_858185_1_R9_C4,9,400.0,1.75,11,inter_cycle_dwell,30,1.9359006999999977,697.0,-0.2770174348839065,10535.0,0.0082562440862117
2026-08-07,2026-08-07_103945_858185_1_R9_C4,9,400.0,1.75,12,holding,7,0.39993410000000296,1607.0,0.25675282365754654,13277.0,0.725180572104323
2026-08-07,2026-08-07_103945_858185_1_R9_C4,9,400.0,1.75,12,inter_cycle_dwell,30,1.9373383999999945,-43.0,-0.27779443482256083,13000.0,0.005007248071732778
2026-08-07,2026-08-07_103945_858185_1_R9_C4,9,400.0,1.75,13,holding,8,0.4639564999999948,-1476.0,0.4155427161883564,9887.0,0.7163395911527175
2026-08-07,2026-08-07_103945_858185_1_R9_C4,9,400.0,1.75,13,inter_cycle_dwell,30,1.936508400000001,-1716.0,-0.27187355479847275,11320.0,0.008384810274036397
2026-08-07,2026-08-07_103945_858185_1_R9_C4,9,400.0,1.75,14,holding,8,0.4643275999999972,1952.0,0.38338304221390807,12683.0,0.7318061017406238
2026-08-07,2026-08-07_103945_858185_1_R9_C4,9,400.0,1.75,14,inter_cycle_dwell,30,1.934464300000002,-445.0,-0.22082297116913818,12724.0,0.009122293984187652
2026-08-07,2026-08-07_103945_858185_1_R9_C4,9,400.0,1.75,15,holding,8,0.4640223999999975,1323.0,0.36576944316254545,11191.0,0.7194007500570353
2026-08-07,2026-08-07_103945_858185_1_R9_C4,9,400.0,1.75,15,inter_cycle_dwell,30,1.9417053999999965,-1003.0,-0.35650842552505035,12079.0,0.008620355293871007
2026-08-07,2026-08-07_103945_858185_1_R9_C4,9,400.0,1.75,16,holding,8,0.4640008000000009,-1239.0,0.3004235347300604,11503.0,0.7184455487633479
2026-08-07,2026-08-07_103945_858185_1_R9_C4,9,400.0,1.75,16,inter_cycle_dwell,30,1.936071499999997,-332.0,-0.3718893923716109,10939.0,0.011171796004942697
2026-08-07,2026-08-07_103945_858185_1_R9_C4,9,400.0,1.75,17,holding,7,0.40155379999999496,2565.0,0.30620842531070525,12660.0,0.748954202105775
2026-08-07,2026-08-07_103945_858185_1_R9_C4,9,400.0,1.75,17,inter_cycle_dwell,30,1.9356910999999997,712.0,-0.333384890501878,13463.0,0.0073808322764709056
2026-08-07,2026-08-07_103945_858185_1_R9_C4,9,400.0,1.75,18,holding,7,0.39364899999999636,-829.0,0.27968844679657806,11023.0,0.7431258693280482
2026-08-07,2026-08-07_103945_858185_1_R9_C4,9,400.0,1.75,18,inter_cycle_dwell,30,1.9291181999999978,1767.0,-0.2677498890460629,11124.0,0.009500771534609959
2026-08-07,2026-08-07_103945_858185_1_R9_C4,9,400.0,1.75,19,holding,8,0.46370499999999737,-943.0,0.4282209201996713,10595.0,0.7396263240131268
2026-08-07,2026-08-07_103945_858185_1_R9_C4,9,400.0,1.75,19,inter_cycle_dwell,30,1.930895299999996,986.0,-0.2586212374022309,13537.0,0.012073442910974397
2026-08-07,2026-08-07_103945_858185_1_R9_C4,9,400.0,1.75,20,holding,8,0.46377040000000136,-1165.0,0.38807714565746965,12410.0,0.7471093583175041
2026-08-07,2026-08-07_104144_165197_1_R9_C5,9,400.0,2.625,1,holding,7,0.39998979999999995,-106.0,0.4397765001444641,11189.0,1.1148781120632891
2026-08-07,2026-08-07_104144_165197_1_R9_C5,9,400.0,2.625,1,inter_cycle_dwell,30,1.9366658000000005,-77.0,-0.3238692564730633,10539.0,0.008335193123608503
2026-08-07,2026-08-07_104144_165197_1_R9_C5,9,400.0,2.625,2,holding,8,0.4541731999999996,1236.0,0.31587931222188337,9579.0,1.0861933331030025
2026-08-07,2026-08-07_104144_165197_1_R9_C5,9,400.0,2.625,2,inter_cycle_dwell,30,1.9220831,1079.0,-0.28704887553722763,12573.0,0.007652645763138954
2026-08-07,2026-08-07_104144_165197_1_R9_C5,9,400.0,2.625,3,holding,8,0.4634222000000001,-3383.0,0.24373115213302143,8108.0,0.9540498001669231
2026-08-07,2026-08-07_104144_165197_1_R9_C5,9,400.0,2.625,3,inter_cycle_dwell,30,1.9359561999999997,-469.0,-0.2953361680795572,10538.0,0.010480686002913103
2026-08-07,2026-08-07_104144_165197_1_R9_C5,9,400.0,2.625,4,holding,8,0.46413879999999885,-1047.0,0.35319251798742735,9048.0,1.1498447228309887
2026-08-07,2026-08-07_104144_165197_1_R9_C5,9,400.0,2.625,4,inter_cycle_dwell,30,1.935826200000001,-286.0,-0.33106289746577144,12686.0,0.008985902272723723
2026-08-07,2026-08-07_104144_165197_1_R9_C5,9,400.0,2.625,5,holding,8,0.46410649999999976,2249.0,0.3548074016330838,13466.0,1.1559794557667842
2026-08-07,2026-08-07_104144_165197_1_R9_C5,9,400.0,2.625,5,inter_cycle_dwell,30,1.9357727000000011,1294.0,-0.3020852314176385,12656.0,0.009170841544025532
2026-08-07,2026-08-07_104144_165197_1_R9_C5,9,400.0,2.625,6,holding,8,0.484381299999999,585.0,0.3986196563020794,10497.0,1.1168596948649323
2026-08-07,2026-08-07_104144_165197_1_R9_C5,9,400.0,2.625,6,inter_cycle_dwell,30,1.942782900000001,980.0,-0.3487961528959008,13206.0,0.00691203429649101
2026-08-07,2026-08-07_104144_165197_1_R9_C5,9,400.0,2.625,7,holding,8,0.45911090000000243,-708.0,0.3143780944944963,10314.0,1.0944400709021238
2026-08-07,2026-08-07_104144_165197_1_R9_C5,9,400.0,2.625,7,inter_cycle_dwell,29,1.8560728999999974,302.0,-0.1622589018748732,10692.0,0.012103943359981884
2026-08-07,2026-08-07_104144_165197_1_R9_C5,9,400.0,2.625,8,holding,8,0.46707680000000096,1586.0,0.34552620651329224,10741.0,1.0805854232061742
2026-08-07,2026-08-07_104144_165197_1_R9_C5,9,400.0,2.625,8,inter_cycle_dwell,30,1.9364303000000014,-1226.0,-0.2063727403206189,12280.0,0.01043632056837454
2026-08-07,2026-08-07_104144_165197_1_R9_C5,9,400.0,2.625,9,holding,7,0.3998720999999996,1650.0,0.2209049515214646,10502.0,1.0920331105484942
2026-08-07,2026-08-07_104144_165197_1_R9_C5,9,400.0,2.625,9,inter_cycle_dwell,30,1.9358144000000053,707.0,-0.2113372078183984,12344.0,0.011262009570595533
2026-08-07,2026-08-07_104144_165197_1_R9_C5,9,400.0,2.625,10,holding,8,0.4639821000000026,-202.0,0.36381933847631553,10568.0,1.1143594474449892
2026-08-07,2026-08-07_104144_165197_1_R9_C5,9,400.0,2.625,10,inter_cycle_dwell,30,1.935927999999997,3353.0,-0.31707484875121383,12661.0,0.009308749046897685
2026-08-07,2026-08-07_104144_165197_1_R9_C5,9,400.0,2.625,11,holding,7,0.39973130000000623,1283.0,0.22844855488813098,10462.0,1.1099548883682928
2026-08-07,2026-08-07_104144_165197_1_R9_C5,9,400.0,2.625,11,inter_cycle_dwell,30,1.9361020999999994,219.0,-0.2689299364506973,11821.0,0.009919138397807337
2026-08-07,2026-08-07_104144_165197_1_R9_C5,9,400.0,2.625,12,holding,7,0.4000776999999971,-324.0,0.2513418631249845,8817.0,1.092457084122032
2026-08-07,2026-08-07_104144_165197_1_R9_C5,9,400.0,2.625,12,inter_cycle_dwell,30,1.9201748999999992,-714.0,-0.2171444056615148,10363.0,0.009402873274441031
2026-08-07,2026-08-07_104144_165197_1_R9_C5,9,400.0,2.625,13,holding,7,0.40027179999999873,1314.0,0.2873737193600997,10901.0,1.0934293088659377
2026-08-07,2026-08-07_104144_165197_1_R9_C5,9,400.0,2.625,13,inter_cycle_dwell,30,1.9451018000000033,-949.0,-0.2646029839543832,11891.0,0.010955064483409604
2026-08-07,2026-08-07_104144_165197_1_R9_C5,9,400.0,2.625,14,holding,7,0.4007749999999959,-1419.0,0.2623329319748783,11180.0,1.0938680423549765
2026-08-07,2026-08-07_104144_165197_1_R9_C5,9,400.0,2.625,14,inter_cycle_dwell,30,1.935853999999999,1113.0,-0.2892750156659867,12756.0,0.008000904257470576
2026-08-07,2026-08-07_104144_165197_1_R9_C5,9,400.0,2.625,15,holding,7,0.3989625000000032,1579.0,0.26513889874586893,13127.0,1.1036518282014964
2026-08-07,2026-08-07_104144_165197_1_R9_C5,9,400.0,2.625,15,inter_cycle_dwell,30,1.934796100000007,-209.0,-0.24915396049316407,11855.0,0.010541997315971163
2026-08-07,2026-08-07_104144_165197_1_R9_C5,9,400.0,2.625,16,holding,7,0.3969411000000065,-2097.0,0.2684251441518266,9289.0,1.0714069124746113
2026-08-07,2026-08-07_104144_165197_1_R9_C5,9,400.0,2.625,16,inter_cycle_dwell,30,1.9360068000000012,5293.0,-0.27022942362100827,13927.0,0.008687363524367941
2026-08-07,2026-08-07_104144_165197_1_R9_C5,9,400.0,2.625,17,holding,7,0.40012620000000254,3345.0,0.256097619269801,12603.0,1.0996293927015723
2026-08-07,2026-08-07_104144_165197_1_R9_C5,9,400.0,2.625,17,inter_cycle_dwell,30,1.9368130000000008,1425.0,-0.27879837295707544,12415.0,0.012193162290040832
2026-08-07,2026-08-07_104144_165197_1_R9_C5,9,400.0,2.625,18,holding,7,0.400170899999992,-668.0,0.2573493116285547,12288.0,1.1138220639682745
2026-08-07,2026-08-07_104144_165197_1_R9_C5,9,400.0,2.625,18,inter_cycle_dwell,30,1.9412836999999996,2117.0,-0.22269234973311763,12882.0,0.004688107048045509
2026-08-07,2026-08-07_104144_165197_1_R9_C5,9,400.0,2.625,19,holding,7,0.40024669999999674,-2511.0,0.2997589420162552,10413.0,1.120606478182232
2026-08-07,2026-08-07_104144_165197_1_R9_C5,9,400.0,2.625,19,inter_cycle_dwell,30,1.942457399999995,2164.0,-0.2426456603726927,13870.0,0.011531666555200437
2026-08-07,2026-08-07_104144_165197_1_R9_C5,9,400.0,2.625,20,holding,8,0.4646445000000057,-1373.0,0.2988371685910107,10539.0,0.9702318795748448
2026-08-07,2026-08-07_104339_334149_1_R9_C6,9,400.0,3.5,1,holding,7,0.40012629999999993,-1581.0,0.5051275193317688,9415.0,1.798672122954903
2026-08-07,2026-08-07_104339_334149_1_R9_C6,9,400.0,3.5,1,inter_cycle_dwell,45,2.9374956,1456.0,-0.20091773148166872,11054.0,0.015021353070806098
2026-08-07,2026-08-07_104339_334149_1_R9_C6,9,400.0,3.5,2,holding,8,0.46372260000000054,-2169.0,0.5610175290977399,10317.0,1.9250395673083485
2026-08-07,2026-08-07_104339_334149_1_R9_C6,9,400.0,3.5,2,inter_cycle_dwell,45,2.928060799999999,931.0,-0.2379894954079896,12820.0,0.0106803597615584
2026-08-07,2026-08-07_104339_334149_1_R9_C6,9,400.0,3.5,3,holding,7,0.40604940000000056,-460.0,0.5958041267495862,11191.0,1.9689150042923784
2026-08-07,2026-08-07_104339_334149_1_R9_C6,9,400.0,3.5,3,inter_cycle_dwell,45,2.9283783000000003,-274.0,-0.21647079638825328,11163.0,0.011093317262748315
2026-08-07,2026-08-07_104339_334149_1_R9_C6,9,400.0,3.5,4,holding,7,0.3998960999999994,989.0,0.5298805896205461,12509.0,1.8169382487574497
2026-08-07,2026-08-07_104339_334149_1_R9_C6,9,400.0,3.5,4,inter_cycle_dwell,45,2.9439223000000005,-171.0,-0.14168961950094558,11438.0,0.011439841984537014
2026-08-07,2026-08-07_104339_334149_1_R9_C6,9,400.0,3.5,5,holding,8,0.4639782000000032,548.0,0.6412997991484866,10539.0,1.865929587230816
2026-08-07,2026-08-07_104339_334149_1_R9_C6,9,400.0,3.5,5,inter_cycle_dwell,45,2.9281919999999992,1647.0,-0.17483303645459997,11286.0,0.00964262953286521
2026-08-07,2026-08-07_104339_334149_1_R9_C6,9,400.0,3.5,6,holding,7,0.4106248999999984,-634.0,0.5461015154137627,10441.0,2.028405206077751
2026-08-07,2026-08-07_104339_334149_1_R9_C6,9,400.0,3.5,6,inter_cycle_dwell,45,2.927867899999999,59.0,-0.1699028783966146,12118.0,0.012718423009201812
2026-08-07,2026-08-07_104339_334149_1_R9_C6,9,400.0,3.5,7,holding,7,0.39992649999999585,696.0,0.5299249935166774,12188.0,2.0310906840792877
2026-08-07,2026-08-07_104339_334149_1_R9_C6,9,400.0,3.5,7,inter_cycle_dwell,45,2.943384899999998,3433.0,-0.20334204775303819,12794.0,0.01021814650812461
2026-08-07,2026-08-07_104339_334149_1_R9_C6,9,400.0,3.5,8,holding,7,0.40009889999999615,-1580.0,0.5424335165227809,10029.0,2.001496153226691
2026-08-07,2026-08-07_104339_334149_1_R9_C6,9,400.0,3.5,8,inter_cycle_dwell,45,2.9229156999999972,-3982.0,-0.2095465690271573,10509.0,0.011548107971496802
2026-08-07,2026-08-07_104339_334149_1_R9_C6,9,400.0,3.5,9,holding,7,0.3978155000000001,2041.0,0.69137751773991,11291.0,2.0224846587420178
2026-08-07,2026-08-07_104339_334149_1_R9_C6,9,400.0,3.5,9,inter_cycle_dwell,45,2.9437838999999997,4000.0,-0.2396629731544237,13780.0,0.012700633029937403
2026-08-07,2026-08-07_104339_334149_1_R9_C6,9,400.0,3.5,10,holding,7,0.3999960000000016,1854.0,0.6195670109467384,11852.0,2.0948270553467143
2026-08-07,2026-08-07_104339_334149_1_R9_C6,9,400.0,3.5,10,inter_cycle_dwell,45,2.9439113999999975,955.0,-0.27598292108102274,10806.0,0.012438179650885006
2026-08-07,2026-08-07_104339_334149_1_R9_C6,9,400.0,3.5,11,holding,7,0.3996430999999987,459.0,0.7231169322812454,11153.0,2.1659266140218723
2026-08-07,2026-08-07_104339_334149_1_R9_C6,9,400.0,3.5,11,inter_cycle_dwell,46,2.9880382999999995,1415.0,-0.24961109638546858,10680.0,0.018440274412996283
2026-08-07,2026-08-07_104339_334149_1_R9_C6,9,400.0,3.5,12,holding,7,0.4003672999999992,1450.0,0.49862402148009477,13691.0,2.0910376296224227
2026-08-07,2026-08-07_104339_334149_1_R9_C6,9,400.0,3.5,12,inter_cycle_dwell,45,2.9437602,-3984.0,-0.20728125048337304,8761.0,0.011451766079250275
2026-08-07,2026-08-07_104339_334149_1_R9_C6,9,400.0,3.5,13,holding,7,0.3960402999999957,-163.0,0.43518116329861467,9313.0,1.964351764597212
2026-08-07,2026-08-07_104339_334149_1_R9_C6,9,400.0,3.5,13,inter_cycle_dwell,45,2.943571199999994,-679.0,-0.2009860830058419,10480.0,0.015854561505897813
2026-08-07,2026-08-07_104339_334149_1_R9_C6,9,400.0,3.5,14,holding,7,0.3921466000000038,1628.0,0.4491946813131362,13372.0,1.9098441675436206
2026-08-07,2026-08-07_104339_334149_1_R9_C6,9,400.0,3.5,14,inter_cycle_dwell,45,2.9250167000000005,-1323.0,-0.19878703557694047,9668.0,0.02437197009794642
2026-08-07,2026-08-07_104339_334149_1_R9_C6,9,400.0,3.5,15,holding,8,0.46360439999999414,390.0,0.5230849479915314,10523.0,1.9085150557627877
2026-08-07,2026-08-07_104339_334149_1_R9_C6,9,400.0,3.5,15,inter_cycle_dwell,45,2.9509121999999905,-141.0,-0.26457197067990157,11930.0,0.010650310298331717
2026-08-07,2026-08-07_104339_334149_1_R9_C6,9,400.0,3.5,16,holding,7,0.4002201999999926,-4022.0,0.5063844390946617,8163.0,1.8043837998490857
2026-08-07,2026-08-07_104339_334149_1_R9_C6,9,400.0,3.5,16,inter_cycle_dwell,45,2.9280693999999983,-2725.0,-0.23963583861417556,9025.0,0.02652971139737839
2026-08-07,2026-08-07_104339_334149_1_R9_C6,9,400.0,3.5,17,holding,8,0.4640546000000114,-668.0,0.5965433143436454,12265.0,1.9652190285845328
2026-08-07,2026-08-07_104339_334149_1_R9_C6,9,400.0,3.5,17,inter_cycle_dwell,45,2.9278316999999987,2032.0,-0.1319298220340428,12230.0,0.012922608839988914
2026-08-07,2026-08-07_104339_334149_1_R9_C6,9,400.0,3.5,18,holding,8,0.4638116999999937,3442.0,0.7135815183251686,14514.0,1.9089422032468941
2026-08-07,2026-08-07_104339_334149_1_R9_C6,9,400.0,3.5,18,inter_cycle_dwell,45,2.94403650000001,670.0,-0.1886210132344655,10735.0,0.012097525587299984
2026-08-07,2026-08-07_104339_334149_1_R9_C6,9,400.0,3.5,19,holding,7,0.40003690000000347,1971.0,0.4426141064664102,10502.0,1.975036751410582
2026-08-07,2026-08-07_104339_334149_1_R9_C6,9,400.0,3.5,19,inter_cycle_dwell,45,2.944395,1972.0,-0.17943697618427917,12829.0,0.011716346186812304
2026-08-07,2026-08-07_104339_334149_1_R9_C6,9,400.0,3.5,20,holding,7,0.3971846000000028,-2255.0,0.32676222387747145,9048.0,1.7219461266766685
2026-08-07,2026-08-07_104553_398347_1_R9_C7,9,600.0,1.75,1,holding,8,0.46411999999999987,1734.0,0.5049530247573986,12357.0,0.7379303445593343
2026-08-07,2026-08-07_104553_398347_1_R9_C7,9,600.0,1.75,1,inter_cycle_dwell,30,1.9362824,5697.0,-0.3230301315650398,14906.0,0.012803463134452991
2026-08-07,2026-08-07_104553_398347_1_R9_C7,9,600.0,1.75,2,holding,7,0.39861829999999987,-4761.0,0.2918882933406023,7036.0,0.7349860456007882
2026-08-07,2026-08-07_104553_398347_1_R9_C7,9,600.0,1.75,2,inter_cycle_dwell,30,1.9361413,1380.0,-0.4065756890222114,12525.0,0.008410652246711031
2026-08-07,2026-08-07_104553_398347_1_R9_C7,9,600.0,1.75,3,holding,7,0.39989830000000026,-45.0,0.4123789008285479,12268.0,0.7093795568898833
2026-08-07,2026-08-07_104553_398347_1_R9_C7,9,600.0,1.75,3,inter_cycle_dwell,30,1.9359891000000005,-3295.0,-0.45644874947324166,11824.0,0.006266086119907005
2026-08-07,2026-08-07_104553_398347_1_R9_C7,9,600.0,1.75,4,holding,8,0.473286400000001,800.0,0.4525173835487927,12269.0,0.6896985417244903
2026-08-07,2026-08-07_104553_398347_1_R9_C7,9,600.0,1.75,4,inter_cycle_dwell,30,1.9206683000000009,-88.0,-0.4597296690231164,11042.0,0.005887948324010045
2026-08-07,2026-08-07_104553_398347_1_R9_C7,9,600.0,1.75,5,holding,8,0.4624973000000008,-1068.0,0.45291321484394026,9745.0,0.6929575673762316
2026-08-07,2026-08-07_104553_398347_1_R9_C7,9,600.0,1.75,5,inter_cycle_dwell,30,1.9381328,1446.0,-0.35139063953552874,13253.0,0.016792513946774917
2026-08-07,2026-08-07_104553_398347_1_R9_C7,9,600.0,1.75,6,holding,7,0.40132850000000175,352.0,0.323209163684787,10567.0,0.7185982868466256
2026-08-07,2026-08-07_104553_398347_1_R9_C7,9,600.0,1.75,6,inter_cycle_dwell,30,1.9444114,-2032.0,-0.41591859936908193,11796.0,0.009198294659802125
2026-08-07,2026-08-07_104553_398347_1_R9_C7,9,600.0,1.75,7,holding,7,0.3999014999999986,3598.0,0.3679578223959015,12383.0,0.6988187560160075
2026-08-07,2026-08-07_104553_398347_1_R9_C7,9,600.0,1.75,7,inter_cycle_dwell,30,1.9360874999999993,-1431.0,-0.4654836228725142,9922.0,0.0010458361390396076
2026-08-07,2026-08-07_104553_398347_1_R9_C7,9,600.0,1.75,8,holding,8,0.4637764000000004,-1175.0,0.4246587869562964,10182.0,0.6827807489872204
2026-08-07,2026-08-07_104553_398347_1_R9_C7,9,600.0,1.75,8,inter_cycle_dwell,30,1.9370227,-4191.0,-0.2962451550262266,7911.0,0.009064931790046
2026-08-07,2026-08-07_104553_398347_1_R9_C7,9,600.0,1.75,9,holding,7,0.3997661999999984,-612.0,0.35395148250422304,11806.0,0.6954968097415449
2026-08-07,2026-08-07_104553_398347_1_R9_C7,9,600.0,1.75,9,inter_cycle_dwell,30,1.9361815999999976,3586.0,-0.4160074139399229,13060.0,0.0076777274608021695
2026-08-07,2026-08-07_104553_398347_1_R9_C7,9,600.0,1.75,10,holding,8,0.4581172000000002,-315.0,0.3689981282509075,10117.0,0.6755720640294827
2026-08-07,2026-08-07_104553_398347_1_R9_C7,9,600.0,1.75,10,inter_cycle_dwell,30,1.9357275999999999,-3161.0,-0.2724105119525262,9889.0,0.006906451446940132
2026-08-07,2026-08-07_104553_398347_1_R9_C7,9,600.0,1.75,11,holding,8,0.46382189999999923,2215.0,0.47293232488069764,12352.0,0.6715896956017087
2026-08-07,2026-08-07_104553_398347_1_R9_C7,9,600.0,1.75,11,inter_cycle_dwell,30,1.9412109000000015,-2758.0,-0.29367662233273295,11807.0,0.009244417571019653
2026-08-07,2026-08-07_104553_398347_1_R9_C7,9,600.0,1.75,12,holding,7,0.4001722000000001,-893.0,0.33127164721758484,11191.0,0.6958665747775115
2026-08-07,2026-08-07_104553_398347_1_R9_C7,9,600.0,1.75,12,inter_cycle_dwell,30,1.9359460000000013,-2218.0,-0.4211308287984682,14172.0,0.006852548008093817
2026-08-07,2026-08-07_104553_398347_1_R9_C7,9,600.0,1.75,13,holding,8,0.4639976000000061,211.0,0.4395233322935393,11252.0,0.6826899483417992
2026-08-07,2026-08-07_104553_398347_1_R9_C7,9,600.0,1.75,13,inter_cycle_dwell,30,1.9354782999999998,-3208.0,-0.33978887545964614,10495.0,0.00788237360960281
2026-08-07,2026-08-07_104553_398347_1_R9_C7,9,600.0,1.75,14,holding,7,0.40070939999999666,6429.0,0.25215838820396475,15245.0,0.6753884884489428
2026-08-07,2026-08-07_104553_398347_1_R9_C7,9,600.0,1.75,14,inter_cycle_dwell,30,1.9360160000000022,-1385.0,-0.3895458286060365,12578.0,0.007586133150458446
2026-08-07,2026-08-07_104553_398347_1_R9_C7,9,600.0,1.75,15,holding,8,0.46386640000000057,-3235.0,0.3649815865235026,8536.0,0.6812382193066517
2026-08-07,2026-08-07_104553_398347_1_R9_C7,9,600.0,1.75,15,inter_cycle_dwell,30,1.9360730000000004,1069.0,-0.26476427718751205,13481.0,0.006726788613246798
2026-08-07,2026-08-07_104553_398347_1_R9_C7,9,600.0,1.75,16,holding,7,0.41641090000000247,-516.0,0.2703093013032433,11187.0,0.6736657524029577
2026-08-07,2026-08-07_104553_398347_1_R9_C7,9,600.0,1.75,16,inter_cycle_dwell,30,1.936553400000001,188.0,-0.36289182494701666,11831.0,0.0030429811903839588
2026-08-07,2026-08-07_104553_398347_1_R9_C7,9,600.0,1.75,17,holding,8,0.4639232999999976,-1125.0,0.34440344821452284,10249.0,0.6796183479697663
2026-08-07,2026-08-07_104553_398347_1_R9_C7,9,600.0,1.75,17,inter_cycle_dwell,30,1.9321257000000003,1779.0,-0.4648616513996039,9855.0,0.01492939299045759
2026-08-07,2026-08-07_104553_398347_1_R9_C7,9,600.0,1.75,18,holding,8,0.4644343999999947,-1965.0,0.46479228439068,11190.0,0.6817471477603311
2026-08-07,2026-08-07_104553_398347_1_R9_C7,9,600.0,1.75,18,inter_cycle_dwell,30,1.9360723000000064,1371.0,-0.2953482893841192,11766.0,0.0070852529755529026
2026-08-07,2026-08-07_104553_398347_1_R9_C7,9,600.0,1.75,19,holding,7,0.3996846000000005,427.0,0.30669846928924743,13805.0,0.6853311212999496
2026-08-07,2026-08-07_104553_398347_1_R9_C7,9,600.0,1.75,19,inter_cycle_dwell,30,1.9356537999999972,-1713.0,-0.44039726482587527,11784.0,0.005369753974337588
2026-08-07,2026-08-07_104553_398347_1_R9_C7,9,600.0,1.75,20,holding,8,0.46386710000000164,-1105.0,0.41159967294763744,11944.0,0.6797010684907023
2026-08-07,2026-08-07_104753_096796_1_R9_C8,9,600.0,2.625,1,holding,7,0.3996344999999999,3882.0,0.46839708826934245,11028.0,1.0391160478768624
2026-08-07,2026-08-07_104753_096796_1_R9_C8,9,600.0,2.625,1,inter_cycle_dwell,30,1.9362513000000003,2756.0,-0.3578509495383701,13184.0,0.01407067432146597
2026-08-07,2026-08-07_104753_096796_1_R9_C8,9,600.0,2.625,2,holding,8,0.4640677000000002,894.0,0.557313710067032,12291.0,1.0861811954789604
2026-08-07,2026-08-07_104753_096796_1_R9_C8,9,600.0,2.625,2,inter_cycle_dwell,30,1.9359634000000003,2067.0,-0.4027484199241024,12673.0,0.010449835186352785
2026-08-07,2026-08-07_104753_096796_1_R9_C8,9,600.0,2.625,3,holding,7,0.40028560000000013,-443.0,0.3442933937817416,10713.0,1.0627470229989355
2026-08-07,2026-08-07_104753_096796_1_R9_C8,9,600.0,2.625,3,inter_cycle_dwell,30,1.9358787999999993,833.0,-0.43499412991251213,12038.0,0.003715693199690784
2026-08-07,2026-08-07_104753_096796_1_R9_C8,9,600.0,2.625,4,holding,7,0.4000330000000005,3296.0,0.2621908294273776,13686.0,0.978644613258485
2026-08-07,2026-08-07_104753_096796_1_R9_C8,9,600.0,2.625,4,inter_cycle_dwell,29,1.8598084000000004,833.0,-0.2309013628359535,12782.0,0.006855952574281593
2026-08-07,2026-08-07_104753_096796_1_R9_C8,9,600.0,2.625,5,holding,7,0.40358499999999964,3410.0,0.4190392612222378,12648.0,1.1219079445881888
2026-08-07,2026-08-07_104753_096796_1_R9_C8,9,600.0,2.625,5,inter_cycle_dwell,30,1.9211266999999985,-1553.0,-0.24075071984154361,11751.0,0.009502102693064784
2026-08-07,2026-08-07_104753_096796_1_R9_C8,9,600.0,2.625,6,holding,7,0.40028620000000004,785.0,0.38605398492151677,12146.0,1.099629990531995
2026-08-07,2026-08-07_104753_096796_1_R9_C8,9,600.0,2.625,6,inter_cycle_dwell,31,1.9934271000000017,-2534.0,-0.46584269813253976,11682.0,0.012618252847830386
2026-08-07,2026-08-07_104753_096796_1_R9_C8,9,600.0,2.625,7,holding,7,0.39999699999999905,3030.0,0.4300093054564934,12905.0,1.1288390609973762
2026-08-07,2026-08-07_104753_096796_1_R9_C8,9,600.0,2.625,7,inter_cycle_dwell,30,1.9359714000000032,21.0,-0.28202044520382147,10699.0,0.011193104742949489
2026-08-07,2026-08-07_104753_096796_1_R9_C8,9,600.0,2.625,8,holding,8,0.4639796000000018,-708.0,0.4017433496726701,12056.0,1.089524936358932
2026-08-07,2026-08-07_104753_096796_1_R9_C8,9,600.0,2.625,8,inter_cycle_dwell,30,1.9360010999999986,548.0,-0.3680804041415786,13217.0,0.013550493873198705
2026-08-07,2026-08-07_104753_096796_1_R9_C8,9,600.0,2.625,9,holding,8,0.47624230000000267,992.0,0.5618544781178791,13259.0,1.1495445549894707
2026-08-07,2026-08-07_104753_096796_1_R9_C8,9,600.0,2.625,9,inter_cycle_dwell,30,1.9309584000000015,-48.0,-0.356251999744041,9890.0,0.010745267071134434
2026-08-07,2026-08-07_104753_096796_1_R9_C8,9,600.0,2.625,10,holding,8,0.48017790000000105,1626.0,0.5736537443901829,12411.0,1.1428628940193213
2026-08-07,2026-08-07_104753_096796_1_R9_C8,9,600.0,2.625,10,inter_cycle_dwell,30,1.9362279999999998,-1976.0,-0.39721599083294046,11546.0,0.006999735364443899
2026-08-07,2026-08-07_104753_096796_1_R9_C8,9,600.0,2.625,11,holding,8,0.45766750000000656,-3953.0,0.49925212457884316,10707.0,1.0882792455847423
2026-08-07,2026-08-07_104753_096796_1_R9_C8,9,600.0,2.625,11,inter_cycle_dwell,30,1.9363655000000008,-2010.0,-0.4316476332348429,10460.0,0.0075491139177920885
2026-08-07,2026-08-07_104753_096796_1_R9_C8,9,600.0,2.625,12,holding,7,0.4000328000000053,-3064.0,0.43002023955897273,9874.0,1.1861414036043076
2026-08-07,2026-08-07_104753_096796_1_R9_C8,9,600.0,2.625,12,inter_cycle_dwell,30,1.9310615999999996,-3539.0,-0.4406906041594748,10407.0,0.006806858409829641
2026-08-07,2026-08-07_104753_096796_1_R9_C8,9,600.0,2.625,13,holding,7,0.4051596999999987,-5880.0,0.3640205538079839,7721.0,1.1453604854278723
2026-08-07,2026-08-07_104753_096796_1_R9_C8,9,600.0,2.625,13,inter_cycle_dwell,29,1.8562178999999972,-191.0,-0.21781617161562572,10228.0,0.009405870248113207
2026-08-07,2026-08-07_104753_096796_1_R9_C8,9,600.0,2.625,14,holding,7,0.40046040000000005,-628.0,0.42664299352196433,10097.0,1.1361663763246068
2026-08-07,2026-08-07_104753_096796_1_R9_C8,9,600.0,2.625,14,inter_cycle_dwell,30,1.9201623000000012,-3978.0,-0.2509009258356837,10687.0,0.009468756698461978
2026-08-07,2026-08-07_104753_096796_1_R9_C8,9,600.0,2.625,15,holding,7,0.3995631999999958,1364.0,0.3822486542697885,10530.0,1.1597054630194292
2026-08-07,2026-08-07_104753_096796_1_R9_C8,9,600.0,2.625,15,inter_cycle_dwell,29,1.8727707999999978,-3237.0,-0.24660144064534467,11151.0,0.01602709473137881
2026-08-07,2026-08-07_104753_096796_1_R9_C8,9,600.0,2.625,16,holding,7,0.3994702000000032,-92.0,0.3916335710150505,11773.0,1.202009776683274
2026-08-07,2026-08-07_104753_096796_1_R9_C8,9,600.0,2.625,16,inter_cycle_dwell,30,1.9360610000000023,-4166.0,-0.42501128156417145,10059.0,0.008142941054233549
2026-08-07,2026-08-07_104753_096796_1_R9_C8,9,600.0,2.625,17,holding,7,0.4002406000000036,1146.0,0.3718445536835132,11724.0,1.1744498522180402
2026-08-07,2026-08-07_104753_096796_1_R9_C8,9,600.0,2.625,17,inter_cycle_dwell,30,1.930821299999998,-112.0,-0.23917380114430123,12799.0,0.014500442562745047
2026-08-07,2026-08-07_104753_096796_1_R9_C8,9,600.0,2.625,18,holding,7,0.39989260000000115,-1393.0,0.4926446815968921,11651.0,1.1696368212136563
2026-08-07,2026-08-07_104753_096796_1_R9_C8,9,600.0,2.625,18,inter_cycle_dwell,30,1.9372722000000024,-596.0,-0.2973745475613816,11463.0,0.008107470710930209
2026-08-07,2026-08-07_104753_096796_1_R9_C8,9,600.0,2.625,19,holding,7,0.39963089999999113,-1725.0,0.45796632736179366,10355.0,1.1698760339698637
2026-08-07,2026-08-07_104753_096796_1_R9_C8,9,600.0,2.625,19,inter_cycle_dwell,30,1.936017800000002,-1488.0,-0.30094992041698504,12554.0,0.0117122723345095
2026-08-07,2026-08-07_104753_096796_1_R9_C8,9,600.0,2.625,20,holding,8,0.4638905000000051,-394.0,0.4632381874445084,11803.0,1.0929563349268248
2026-08-07,2026-08-07_104950_940412_1_R9_C9,9,600.0,3.5,1,holding,7,0.3914346000000002,2267.0,0.6115404472100603,11188.0,1.9242044252957045
2026-08-07,2026-08-07_104950_940412_1_R9_C9,9,600.0,3.5,1,inter_cycle_dwell,30,1.9393943999999994,-31.0,-0.2930549019896737,11572.0,0.011404797916768294
2026-08-07,2026-08-07_104950_940412_1_R9_C9,9,600.0,3.5,2,holding,7,0.40020580000000017,-3435.0,0.595449342370397,8739.0,1.8972266379160208
2026-08-07,2026-08-07_104950_940412_1_R9_C9,9,600.0,3.5,2,inter_cycle_dwell,30,1.9318857999999999,-1336.0,-0.2187015434046754,11319.0,0.015189774764833103
2026-08-07,2026-08-07_104950_940412_1_R9_C9,9,600.0,3.5,3,holding,8,0.46409820000000046,730.0,0.8690678241132526,11529.0,1.9632305405247508
2026-08-07,2026-08-07_104950_940412_1_R9_C9,9,600.0,3.5,3,inter_cycle_dwell,30,1.9309165999999998,161.0,-0.2100087110733952,10463.0,0.016820185135905802
2026-08-07,2026-08-07_104950_940412_1_R9_C9,9,600.0,3.5,4,holding,8,0.46434029999999993,2354.0,0.8945702265945723,13283.0,2.0282960286022442
2026-08-07,2026-08-07_104950_940412_1_R9_C9,9,600.0,3.5,4,inter_cycle_dwell,30,1.9360411000000006,1242.0,-0.3857565126643966,11438.0,0.031540357079782505
2026-08-07,2026-08-07_104950_940412_1_R9_C9,9,600.0,3.5,5,holding,8,0.46392200000000017,2031.0,0.9475542214259061,9950.0,2.1261764832489907
2026-08-07,2026-08-07_104950_940412_1_R9_C9,9,600.0,3.5,5,inter_cycle_dwell,30,1.9335296999999976,-877.0,-0.4283151945648476,10463.0,0.01265966830956533
2026-08-07,2026-08-07_104950_940412_1_R9_C9,9,600.0,3.5,6,holding,7,0.3999547999999997,-1605.0,0.9299474564463643,10202.0,2.164047135877284
2026-08-07,2026-08-07_104950_940412_1_R9_C9,9,600.0,3.5,6,inter_cycle_dwell,29,1.8555493999999975,925.0,-0.13330735933297697,11374.0,0.01364012789223562
2026-08-07,2026-08-07_104950_940412_1_R9_C9,9,600.0,3.5,7,holding,8,0.4637506999999985,3042.0,1.074511085526414,11852.0,2.309025964248053
2026-08-07,2026-08-07_104950_940412_1_R9_C9,9,600.0,3.5,7,inter_cycle_dwell,30,1.9356644000000003,-285.0,-0.3742948247382355,10906.0,0.011452542017491657
2026-08-07,2026-08-07_104950_940412_1_R9_C9,9,600.0,3.5,8,holding,7,0.40015089999999987,2018.0,0.9424782570384633,12710.0,2.2414327779788827
2026-08-07,2026-08-07_104950_940412_1_R9_C9,9,600.0,3.5,8,inter_cycle_dwell,30,1.9360348999999992,549.0,-0.17963057965603932,9946.0,0.017116952081716902
2026-08-07,2026-08-07_104950_940412_1_R9_C9,9,600.0,3.5,9,holding,8,0.4623053000000006,623.0,0.9161572034647447,12007.0,2.18477354108006
2026-08-07,2026-08-07_104950_940412_1_R9_C9,9,600.0,3.5,9,inter_cycle_dwell,30,1.9356712000000016,1505.0,-0.38756545857187763,12836.0,0.011140231495139846
2026-08-07,2026-08-07_104950_940412_1_R9_C9,9,600.0,3.5,10,holding,8,0.4558035000000018,1945.0,0.8835223232039138,12613.0,2.1946114201133984
2026-08-07,2026-08-07_104950_940412_1_R9_C9,9,600.0,3.5,10,inter_cycle_dwell,30,1.9349027999999961,7618.0,-0.32403504221989765,14256.0,0.011762066468741145
2026-08-07,2026-08-07_104950_940412_1_R9_C9,9,600.0,3.5,11,holding,7,0.40003719999999987,-884.0,0.80884735415934,9890.0,2.199791393949394
2026-08-07,2026-08-07_104950_940412_1_R9_C9,9,600.0,3.5,11,inter_cycle_dwell,30,1.9362230999999994,616.0,-0.3263706103046633,10942.0,0.02053797776470076
2026-08-07,2026-08-07_104950_940412_1_R9_C9,9,600.0,3.5,12,holding,7,0.4001386999999994,1027.0,0.9229370887383721,9981.0,2.29615589264369
2026-08-07,2026-08-07_104950_940412_1_R9_C9,9,600.0,3.5,12,inter_cycle_dwell,30,1.942358800000001,-1021.0,-0.2592694790997451,11140.0,0.0179350795932412
2026-08-07,2026-08-07_104950_940412_1_R9_C9,9,600.0,3.5,13,holding,7,0.40010639999999853,-2333.0,0.8019497784434488,10387.0,2.257662426822316
2026-08-07,2026-08-07_104950_940412_1_R9_C9,9,600.0,3.5,13,inter_cycle_dwell,30,1.9357469999999992,-188.0,-0.2403505716199227,11973.0,0.01950661247788424
2026-08-07,2026-08-07_104950_940412_1_R9_C9,9,600.0,3.5,14,holding,8,0.4640716999999981,1087.0,1.047256481682528,12279.0,2.1733583736614115
2026-08-07,2026-08-07_104950_940412_1_R9_C9,9,600.0,3.5,14,inter_cycle_dwell,30,1.936009900000002,-869.0,-0.23906315734732259,11963.0,0.01620539907912355
2026-08-07,2026-08-07_104950_940412_1_R9_C9,9,600.0,3.5,15,holding,8,0.46399319999999733,711.0,1.1193192689145357,11338.0,2.235251714278378
2026-08-07,2026-08-07_104950_940412_1_R9_C9,9,600.0,3.5,15,inter_cycle_dwell,30,1.9263983999999965,-2498.0,-0.3549161859967082,11245.0,0.012463599464070496
2026-08-07,2026-08-07_104950_940412_1_R9_C9,9,600.0,3.5,16,holding,7,0.4097103000000004,-2688.0,0.9275473078097043,10623.0,2.174145319774302
2026-08-07,2026-08-07_104950_940412_1_R9_C9,9,600.0,3.5,16,inter_cycle_dwell,30,1.936161300000002,-1564.0,-0.2732834811202678,10470.0,0.016631459953299482
2026-08-07,2026-08-07_104950_940412_1_R9_C9,9,600.0,3.5,17,holding,7,0.4001047,1849.0,0.6599980369786549,11405.0,2.245106498122832
2026-08-07,2026-08-07_104950_940412_1_R9_C9,9,600.0,3.5,17,inter_cycle_dwell,30,1.9373383999999945,-561.0,-0.2432835779088304,12144.0,0.015823256240170308
2026-08-07,2026-08-07_104950_940412_1_R9_C9,9,600.0,3.5,18,holding,8,0.4617067000000077,-1682.0,1.1548979599557438,11044.0,2.301948220705923
2026-08-07,2026-08-07_104950_940412_1_R9_C9,9,600.0,3.5,18,inter_cycle_dwell,30,1.9358402000000012,1161.0,-0.427816088952093,12716.0,0.0132798937530679
2026-08-07,2026-08-07_104950_940412_1_R9_C9,9,600.0,3.5,19,holding,8,0.4797651000000087,1672.0,1.0368758677185883,13003.0,2.199723593993295
2026-08-07,2026-08-07_104950_940412_1_R9_C9,9,600.0,3.5,19,inter_cycle_dwell,30,1.9359460000000013,-1690.0,-0.43891427950625983,10917.0,0.013768208360549816
2026-08-07,2026-08-07_104950_940412_1_R9_C9,9,600.0,3.5,20,holding,7,0.3999866999999995,-601.0,0.8721939295230086,10342.0,2.193412810320755
2026-08-07,2026-08-07_105648_296214_1_R9_C1_10,9,200.0,1.75,1,holding,7,0.39693560000000017,-2008.0,0.1410947914054197,11397.0,0.7911136065864333
2026-08-07,2026-08-07_105648_296214_1_R9_C1_10,9,200.0,1.75,1,inter_cycle_dwell,30,1.9358011999999998,3472.0,-0.09983081287096007,13381.0,0.012757193141972267
2026-08-07,2026-08-07_105648_296214_1_R9_C1_10,9,200.0,1.75,2,holding,8,0.4643052000000001,-2142.0,0.17987768617952482,10860.0,0.7684485264419323
2026-08-07,2026-08-07_105648_296214_1_R9_C1_10,9,200.0,1.75,2,inter_cycle_dwell,30,1.9294204000000006,1568.0,-0.1136592608613094,11004.0,0.009799188274428605
2026-08-07,2026-08-07_105648_296214_1_R9_C1_10,9,200.0,1.75,3,holding,7,0.4001830000000002,3587.0,0.10666599303171853,14408.0,0.7656621489031334
2026-08-07,2026-08-07_105648_296214_1_R9_C1_10,9,200.0,1.75,3,inter_cycle_dwell,30,1.936931099999999,-1193.0,-0.08967753064899922,11681.0,0.01370867464888606
2026-08-07,2026-08-07_105648_296214_1_R9_C1_10,9,200.0,1.75,4,holding,8,0.46393660000000025,-2607.0,0.12385261518371593,10538.0,0.7512658221802369
2026-08-07,2026-08-07_105648_296214_1_R9_C1_10,9,200.0,1.75,4,inter_cycle_dwell,30,1.9360677000000006,1989.0,-0.12306835162552882,12922.0,0.008685724519263693
2026-08-07,2026-08-07_105648_296214_1_R9_C1_10,9,200.0,1.75,5,holding,8,0.46427189999999996,-1539.0,0.18664275258677332,11540.0,0.7387813810603252
2026-08-07,2026-08-07_105648_296214_1_R9_C1_10,9,200.0,1.75,5,inter_cycle_dwell,30,1.936333900000001,-815.0,-0.17001132328469148,10093.0,0.007203287543721598
2026-08-07,2026-08-07_105648_296214_1_R9_C1_10,9,200.0,1.75,6,holding,7,0.40603209999999734,2241.0,0.11754235059402318,13637.0,0.7221719712328977
2026-08-07,2026-08-07_105648_296214_1_R9_C1_10,9,200.0,1.75,6,inter_cycle_dwell,30,1.9359490999999984,1086.0,-0.09653456996687121,12512.0,0.009107991757890399
2026-08-07,2026-08-07_105648_296214_1_R9_C1_10,9,200.0,1.75,7,holding,8,0.46389130000000023,-1053.0,0.1561630763553432,9666.0,0.7141388045005395
2026-08-07,2026-08-07_105648_296214_1_R9_C1_10,9,200.0,1.75,7,inter_cycle_dwell,30,1.928695600000001,-1844.0,-0.1265686309430582,10210.0,0.008545854612405368
2026-08-07,2026-08-07_105648_296214_1_R9_C1_10,9,200.0,1.75,8,holding,8,0.4640898,2430.0,0.19783885354245057,13303.0,0.7339601567624169
2026-08-07,2026-08-07_105648_296214_1_R9_C1_10,9,200.0,1.75,8,inter_cycle_dwell,30,1.9401508000000014,-1443.0,-0.16622970360848252,9177.0,0.006683841431033372
2026-08-07,2026-08-07_105648_296214_1_R9_C1_10,9,200.0,1.75,9,holding,7,0.3998516000000052,1507.0,0.1321345568839376,11487.0,0.720272006913862
2026-08-07,2026-08-07_105648_296214_1_R9_C1_10,9,200.0,1.75,9,inter_cycle_dwell,29,1.8718648999999985,-1696.0,-0.1083337089924842,9549.0,0.007313869633238185
2026-08-07,2026-08-07_105648_296214_1_R9_C1_10,9,200.0,1.75,10,holding,8,0.458226499999995,441.0,0.13002347168003514,13117.0,0.6978394063596107
2026-08-07,2026-08-07_105802_547467_1_R9_C2_10,9,200.0,2.625,1,holding,7,0.3999296000000001,2196.0,0.14739346210631998,12337.0,1.1528141028187702
2026-08-07,2026-08-07_105802_547467_1_R9_C2_10,9,200.0,2.625,1,inter_cycle_dwell,30,1.9199598,-1841.0,-0.07516850554386881,11585.0,0.009645967054494692
2026-08-07,2026-08-07_105802_547467_1_R9_C2_10,9,200.0,2.625,2,holding,8,0.4614080999999999,-719.0,0.1622389384474633,10060.0,1.096725327786595
2026-08-07,2026-08-07_105802_547467_1_R9_C2_10,9,200.0,2.625,2,inter_cycle_dwell,30,1.9359129,972.0,-0.11556704755474118,12049.0,0.011043923666021555
2026-08-07,2026-08-07_105802_547467_1_R9_C2_10,9,200.0,2.625,3,holding,7,0.40024760000000015,415.0,0.1512692021176908,12953.0,1.0886203718833138
2026-08-07,2026-08-07_105802_547467_1_R9_C2_10,9,200.0,2.625,3,inter_cycle_dwell,30,1.9415004000000007,-588.0,-0.08815729961847521,11727.0,0.007932966432383642
2026-08-07,2026-08-07_105802_547467_1_R9_C2_10,9,200.0,2.625,4,holding,8,0.4582639999999998,2031.0,0.215788391733156,13736.0,1.1233156522598615
2026-08-07,2026-08-07_105802_547467_1_R9_C2_10,9,200.0,2.625,4,inter_cycle_dwell,30,1.9397528999999984,2723.0,-0.10641132592424427,12768.0,0.01960281761247426
2026-08-07,2026-08-07_105802_547467_1_R9_C2_10,9,200.0,2.625,5,holding,7,0.39005560000000017,-162.0,0.14469196696351894,11536.0,1.0629381579456847
2026-08-07,2026-08-07_105802_547467_1_R9_C2_10,9,200.0,2.625,5,inter_cycle_dwell,30,1.9360250000000008,205.0,-0.08509058033373271,9910.0,0.010127336248122315
2026-08-07,2026-08-07_105802_547467_1_R9_C2_10,9,200.0,2.625,6,holding,7,0.3967330000000011,2086.0,0.17986453894330512,12339.0,1.0318646281193333
2026-08-07,2026-08-07_105802_547467_1_R9_C2_10,9,200.0,2.625,6,inter_cycle_dwell,30,1.9359430000000017,-813.0,-0.11521603473427092,10570.0,0.008142642066951339
2026-08-07,2026-08-07_105802_547467_1_R9_C2_10,9,200.0,2.625,7,holding,7,0.40901079999999723,1348.0,0.07917852894250976,13278.0,1.0509981306429337
2026-08-07,2026-08-07_105802_547467_1_R9_C2_10,9,200.0,2.625,7,inter_cycle_dwell,29,1.8495886000000006,-116.0,-0.0470640410181839,12956.0,0.0113178821823251
2026-08-07,2026-08-07_105802_547467_1_R9_C2_10,9,200.0,2.625,8,holding,7,0.4057137999999938,-1896.0,0.14487411553610063,9090.0,0.9993078205801428
2026-08-07,2026-08-07_105802_547467_1_R9_C2_10,9,200.0,2.625,8,inter_cycle_dwell,30,1.9307707000000036,-1318.0,-0.11096413943993022,12049.0,-0.002900059533669952
2026-08-07,2026-08-07_105802_547467_1_R9_C2_10,9,200.0,2.625,9,holding,8,0.4736128999999991,-574.0,0.1883279182291433,9366.0,0.9905829612946389
2026-08-07,2026-08-07_105802_547467_1_R9_C2_10,9,200.0,2.625,9,inter_cycle_dwell,30,1.9316796999999966,4021.0,-0.11730695059340021,13257.0,0.011918432468139006
2026-08-07,2026-08-07_105802_547467_1_R9_C2_10,9,200.0,2.625,10,holding,8,0.4640118999999956,-3280.0,0.12168393298389857,10124.0,0.9393475535098221
2026-08-07,2026-08-07_105919_843572_1_R9_C3_10,9,200.0,3.5,1,holding,8,0.4643990999999996,-2115.0,0.23327436766906384,9560.0,1.7899717294615325
2026-08-07,2026-08-07_105919_843572_1_R9_C3_10,9,200.0,3.5,1,inter_cycle_dwell,45,2.9409146,1490.0,-0.0659487470381806,10152.0,0.026039613279516094
2026-08-07,2026-08-07_105919_843572_1_R9_C3_10,9,200.0,3.5,2,holding,7,0.39261899999999983,1936.0,0.14508200783422787,11504.0,1.54753951101599
2026-08-07,2026-08-07_105919_843572_1_R9_C3_10,9,200.0,3.5,2,inter_cycle_dwell,45,2.9221173999999994,-1418.0,-0.053309301102308804,11620.0,0.008324478203300983
2026-08-07,2026-08-07_105919_843572_1_R9_C3_10,9,200.0,3.5,3,holding,8,0.4685876000000011,3984.0,0.2917915272674976,13191.0,1.6265312540654167
2026-08-07,2026-08-07_105919_843572_1_R9_C3_10,9,200.0,3.5,3,inter_cycle_dwell,45,2.9281490000000012,1261.0,-0.09947269277798798,10493.0,0.012764993305982103
2026-08-07,2026-08-07_105919_843572_1_R9_C3_10,9,200.0,3.5,4,holding,7,0.40006740000000107,215.0,0.11997804916174215,9620.0,1.3889338415468573
2026-08-07,2026-08-07_105919_843572_1_R9_C3_10,9,200.0,3.5,4,inter_cycle_dwell,45,2.943987100000001,1789.0,-0.06687309418200602,12709.0,0.010501522439634398
2026-08-07,2026-08-07_105919_843572_1_R9_C3_10,9,200.0,3.5,5,holding,8,0.46383550000000184,3196.0,0.24277525768817076,13573.0,1.5327543598077207
2026-08-07,2026-08-07_105919_843572_1_R9_C3_10,9,200.0,3.5,5,inter_cycle_dwell,45,2.9282041999999997,1526.0,-0.023759059751978978,12360.0,0.016290377143200502
2026-08-07,2026-08-07_105919_843572_1_R9_C3_10,9,200.0,3.5,6,holding,7,0.40015739999999766,-674.0,0.13284077352230295,11084.0,1.5074086377384048
2026-08-07,2026-08-07_105919_843572_1_R9_C3_10,9,200.0,3.5,6,inter_cycle_dwell,45,2.9438347000000036,-49.0,-0.05192299526306632,11983.0,0.0188430881766746
2026-08-07,2026-08-07_105919_843572_1_R9_C3_10,9,200.0,3.5,7,holding,8,0.4581146999999959,-1394.0,0.23541450431564614,11897.0,1.629149560169235
2026-08-07,2026-08-07_105919_843572_1_R9_C3_10,9,200.0,3.5,7,inter_cycle_dwell,45,2.9510920000000027,-1880.0,-0.10058992946319228,10357.0,0.01177435797735188
2026-08-07,2026-08-07_105919_843572_1_R9_C3_10,9,200.0,3.5,8,holding,8,0.4631411000000014,1552.0,0.1771888553567753,12727.0,1.612850797360248
2026-08-07,2026-08-07_105919_843572_1_R9_C3_10,9,200.0,3.5,8,inter_cycle_dwell,45,2.927881500000005,286.0,-0.08058944249288147,11178.0,0.04849335359126711
2026-08-07,2026-08-07_105919_843572_1_R9_C3_10,9,200.0,3.5,9,holding,7,0.4001842999999994,-387.0,0.225865375576082,9913.0,1.6118534857423052
2026-08-07,2026-08-07_105919_843572_1_R9_C3_10,9,200.0,3.5,9,inter_cycle_dwell,45,2.9210138999999984,-1206.0,-0.0321210419991587,12245.0,0.0181602025694023
2026-08-07,2026-08-07_105919_843572_1_R9_C3_10,9,200.0,3.5,10,holding,8,0.46400620000000004,1016.0,0.35279153174800926,11863.0,2.2113955683124624
2026-08-07,2026-08-07_110055_692031_1_R9_C4_10,9,400.0,1.75,1,holding,8,0.45396649999999994,429.0,0.3569387584079151,9203.0,0.7530497972368735
2026-08-07,2026-08-07_110055_692031_1_R9_C4_10,9,400.0,1.75,1,inter_cycle_dwell,30,1.9199989,910.0,-0.345724699972459,11206.0,0.02205954976650834
2026-08-07,2026-08-07_110055_692031_1_R9_C4_10,9,400.0,1.75,2,holding,8,0.46809610000000035,607.0,0.3451983242671191,10183.0,0.7296846266752497
2026-08-07,2026-08-07_110055_692031_1_R9_C4_10,9,400.0,1.75,2,inter_cycle_dwell,30,1.9357844999999996,1528.0,-0.25026667565146277,11143.0,0.011162100959288518
2026-08-07,2026-08-07_110055_692031_1_R9_C4_10,9,400.0,1.75,3,holding,8,0.464079700000001,1242.0,0.409723945914123,12762.0,0.738680344439871
2026-08-07,2026-08-07_110055_692031_1_R9_C4_10,9,400.0,1.75,3,inter_cycle_dwell,30,1.9348633,1233.0,-0.2884658040556109,13802.0,0.005815155838931663
2026-08-07,2026-08-07_110055_692031_1_R9_C4_10,9,400.0,1.75,4,holding,7,0.3997732000000003,428.0,0.2901699260509399,11880.0,0.7329571219310362
2026-08-07,2026-08-07_110055_692031_1_R9_C4_10,9,400.0,1.75,4,inter_cycle_dwell,30,1.9360226999999988,1913.0,-0.28455477822814157,12599.0,0.005633464203562338
2026-08-07,2026-08-07_110055_692031_1_R9_C4_10,9,400.0,1.75,5,holding,8,0.4641394999999999,-1497.0,0.31656529649728216,10381.0,0.7138142504141689
2026-08-07,2026-08-07_110055_692031_1_R9_C4_10,9,400.0,1.75,5,inter_cycle_dwell,30,1.9436937999999984,-2284.0,-0.35918758492218816,12122.0,0.0052320439035876964
2026-08-07,2026-08-07_110055_692031_1_R9_C4_10,9,400.0,1.75,6,holding,8,0.4641617000000018,-20.0,0.31618349990952976,11602.0,0.7149343342639656
2026-08-07,2026-08-07_110055_692031_1_R9_C4_10,9,400.0,1.75,6,inter_cycle_dwell,30,1.9357988999999982,801.0,-0.2392331355181849,10965.0,0.0070290973009471125
2026-08-07,2026-08-07_110055_692031_1_R9_C4_10,9,400.0,1.75,7,holding,8,0.4636598999999997,1362.0,0.33483077551221196,12331.0,0.706575808560424
2026-08-07,2026-08-07_110055_692031_1_R9_C4_10,9,400.0,1.75,7,inter_cycle_dwell,31,1.999812200000001,-821.0,-0.39237041686974333,12256.0,0.006800151909101493
2026-08-07,2026-08-07_110055_692031_1_R9_C4_10,9,400.0,1.75,8,holding,7,0.39997629999999873,203.0,0.2252439167993333,11428.0,0.6918855759722736
2026-08-07,2026-08-07_110055_692031_1_R9_C4_10,9,400.0,1.75,8,inter_cycle_dwell,30,1.9361616999999995,-1597.0,-0.26721393541376093,11483.0,0.011530351474487582
2026-08-07,2026-08-07_110055_692031_1_R9_C4_10,9,400.0,1.75,9,holding,7,0.39987059999999985,75.0,0.2575155151131391,10259.0,0.7024759662619384
2026-08-07,2026-08-07_110055_692031_1_R9_C4_10,9,400.0,1.75,9,inter_cycle_dwell,30,1.940415999999999,-1290.0,-0.29416980154003536,11784.0,0.009002273287326251
2026-08-07,2026-08-07_110055_692031_1_R9_C4_10,9,400.0,1.75,10,holding,7,0.40851820000000316,-367.0,0.25072498346292316,10977.0,0.7078455236034038
2026-08-07,2026-08-07_110207_287853_1_R9_C5_10,9,400.0,2.625,1,holding,8,0.4630419000000001,1407.0,0.38243783555926136,12077.0,1.0797128077053908
2026-08-07,2026-08-07_110207_287853_1_R9_C5_10,9,400.0,2.625,1,inter_cycle_dwell,30,1.9345204999999996,-2058.0,-0.1947515232284119,10450.0,0.010611480333642204
2026-08-07,2026-08-07_110207_287853_1_R9_C5_10,9,400.0,2.625,2,holding,8,0.47035099999999996,2954.0,0.3368413607038282,13658.0,1.0719163073631686
2026-08-07,2026-08-07_110207_287853_1_R9_C5_10,9,400.0,2.625,2,inter_cycle_dwell,30,1.9360453,418.0,-0.2172545901057955,12737.0,0.012586683019983946
2026-08-07,2026-08-07_110207_287853_1_R9_C5_10,9,400.0,2.625,3,holding,7,0.40019269999999985,-258.0,0.1981529541020406,10299.0,1.0256233953724663
2026-08-07,2026-08-07_110207_287853_1_R9_C5_10,9,400.0,2.625,3,inter_cycle_dwell,30,1.9356880999999984,6.0,-0.24349075890435432,11831.0,0.013677913860285579
2026-08-07,2026-08-07_110207_287853_1_R9_C5_10,9,400.0,2.625,4,holding,7,0.40001640000000016,-1065.0,0.2454107327067464,9817.0,1.0208660703104369
2026-08-07,2026-08-07_110207_287853_1_R9_C5_10,9,400.0,2.625,4,inter_cycle_dwell,30,1.9360204999999997,1448.0,-0.2684371215472886,14473.0,0.009075560509838931
2026-08-07,2026-08-07_110207_287853_1_R9_C5_10,9,400.0,2.625,5,holding,8,0.4721428000000003,2100.0,0.25089294625616043,12588.0,0.9692677794001303
2026-08-07,2026-08-07_110207_287853_1_R9_C5_10,9,400.0,2.625,5,inter_cycle_dwell,30,1.9360119000000005,-71.0,-0.3024917012687814,12453.0,0.006919287212216463
2026-08-07,2026-08-07_110207_287853_1_R9_C5_10,9,400.0,2.625,6,holding,8,0.4632033,805.0,0.27415128091868657,13334.0,0.9761945808600541
2026-08-07,2026-08-07_110207_287853_1_R9_C5_10,9,400.0,2.625,6,inter_cycle_dwell,30,1.9199370999999985,1357.0,-0.1786697821797883,12752.0,0.010428520673827796
2026-08-07,2026-08-07_110207_287853_1_R9_C5_10,9,400.0,2.625,7,holding,8,0.46235289999999907,-1249.0,0.2971608117651309,10792.0,0.9505647140259041
2026-08-07,2026-08-07_110207_287853_1_R9_C5_10,9,400.0,2.625,7,inter_cycle_dwell,30,1.9340579000000027,2804.0,-0.2100322383978141,13620.0,0.01342933316591205
2026-08-07,2026-08-07_110207_287853_1_R9_C5_10,9,400.0,2.625,8,holding,8,0.4795226000000028,-2598.0,0.31935664551614873,9075.0,0.9477466389935844
2026-08-07,2026-08-07_110207_287853_1_R9_C5_10,9,400.0,2.625,8,inter_cycle_dwell,30,1.9361087999999995,-1259.0,-0.2151771011303064,11468.0,0.008690820354990497
2026-08-07,2026-08-07_110207_287853_1_R9_C5_10,9,400.0,2.625,9,holding,8,0.4639924000000022,-109.0,0.3445023811900354,11889.0,0.9880876663093825
2026-08-07,2026-08-07_110207_287853_1_R9_C5_10,9,400.0,2.625,9,inter_cycle_dwell,30,1.9366400999999982,1963.0,-0.22223721408703212,14426.0,0.00886313349989698
2026-08-07,2026-08-07_110207_287853_1_R9_C5_10,9,400.0,2.625,10,holding,8,0.4641035000000002,1884.0,0.38263697798256546,11929.0,1.0763239030715654
2026-08-07,2026-08-07_110347_071170_1_R9_C6_10,9,400.0,3.5,1,holding,8,0.46403000000000016,-4807.0,0.4505333388318853,9463.0,1.6467877444716614
2026-08-07,2026-08-07_110347_071170_1_R9_C6_10,9,400.0,3.5,1,inter_cycle_dwell,30,1.9379293,4703.0,-0.1773383483451544,13923.0,0.007686183139283959
2026-08-07,2026-08-07_110347_071170_1_R9_C6_10,9,400.0,3.5,2,holding,7,0.3999234999999999,-1696.0,0.33198901028080074,9447.0,1.5778360943488299
2026-08-07,2026-08-07_110347_071170_1_R9_C6_10,9,400.0,3.5,2,inter_cycle_dwell,30,1.9411101999999998,1399.0,-0.217034914437323,13131.0,0.012286240461896497
2026-08-07,2026-08-07_110347_071170_1_R9_C6_10,9,400.0,3.5,3,holding,7,0.4082737999999999,-4764.0,0.32189559051290306,8789.0,1.488356668914407
2026-08-07,2026-08-07_110347_071170_1_R9_C6_10,9,400.0,3.5,3,inter_cycle_dwell,30,1.9360254000000001,2044.0,-0.2301607903350842,13717.0,0.01583345324724779
2026-08-07,2026-08-07_110347_071170_1_R9_C6_10,9,400.0,3.5,4,holding,7,0.4008074999999991,-796.0,0.29866723733231293,11215.0,1.4934352111146596
2026-08-07,2026-08-07_110347_071170_1_R9_C6_10,9,400.0,3.5,4,inter_cycle_dwell,30,1.9359783000000022,9.0,-0.22305717463191388,12158.0,0.01526805896536465
2026-08-07,2026-08-07_110347_071170_1_R9_C6_10,9,400.0,3.5,5,holding,7,0.404212900000001,5736.0,0.44655000888703644,13873.0,1.4847316880403116
2026-08-07,2026-08-07_110347_071170_1_R9_C6_10,9,400.0,3.5,5,inter_cycle_dwell,30,1.9367471000000016,560.0,-0.2731919254739269,10979.0,0.008632484889526004
2026-08-07,2026-08-07_110347_071170_1_R9_C6_10,9,400.0,3.5,6,holding,7,0.4081815000000013,4312.0,0.377156995085729,13004.0,1.4834960542949744
2026-08-07,2026-08-07_110347_071170_1_R9_C6_10,9,400.0,3.5,6,inter_cycle_dwell,30,1.9361750999999998,1924.0,-0.25746725022250183,12597.0,0.012127256568524647
2026-08-07,2026-08-07_110347_071170_1_R9_C6_10,9,400.0,3.5,7,holding,7,0.4156991999999988,-2262.0,0.3268713201258697,11306.0,1.3836038945098226
2026-08-07,2026-08-07_110347_071170_1_R9_C6_10,9,400.0,3.5,7,inter_cycle_dwell,30,1.9204675999999985,2710.0,-0.22310293862241798,12526.0,0.012177072212391046
2026-08-07,2026-08-07_110347_071170_1_R9_C6_10,9,400.0,3.5,8,holding,7,0.4031981000000009,2574.0,0.2809911162003933,11973.0,1.4135200330916367
2026-08-07,2026-08-07_110347_071170_1_R9_C6_10,9,400.0,3.5,8,inter_cycle_dwell,30,1.9360180999999983,-2173.0,-0.24251138842604686,10406.0,0.010572596831319545
2026-08-07,2026-08-07_110347_071170_1_R9_C6_10,9,400.0,3.5,9,holding,8,0.4638720999999961,3934.0,0.3233080984511687,12647.0,1.3883359015934817
2026-08-07,2026-08-07_110347_071170_1_R9_C6_10,9,400.0,3.5,9,inter_cycle_dwell,30,1.9361654000000001,925.0,-0.1664691128330409,12084.0,0.010800101502609252
2026-08-07,2026-08-07_110347_071170_1_R9_C6_10,9,400.0,3.5,10,holding,8,0.463830999999999,1980.0,0.37664296889188575,10964.0,1.4241609481966953
2026-08-07,2026-08-07_110513_841199_1_R9_C7_10,9,600.0,1.75,1,holding,8,0.46427419999999975,976.0,0.5366287731143136,11373.0,0.7462050653630453
2026-08-07,2026-08-07_110513_841199_1_R9_C7_10,9,600.0,1.75,1,inter_cycle_dwell,30,1.9283848,1653.0,-0.35407450414174296,10826.0,0.008873548785130303
2026-08-07,2026-08-07_110513_841199_1_R9_C7_10,9,600.0,1.75,2,holding,7,0.3997062000000007,1074.0,0.3762834629150732,12104.0,0.7441023723719087
2026-08-07,2026-08-07_110513_841199_1_R9_C7_10,9,600.0,1.75,2,inter_cycle_dwell,30,1.9360172999999996,-906.0,-0.4158933907369726,9827.0,0.013039497549145712
2026-08-07,2026-08-07_110513_841199_1_R9_C7_10,9,600.0,1.75,3,holding,7,0.3993973000000004,3395.0,0.4017132783372201,11489.0,0.7395628487810523
2026-08-07,2026-08-07_110513_841199_1_R9_C7_10,9,600.0,1.75,3,inter_cycle_dwell,30,1.935761900000001,2225.0,-0.4769315311554617,13826.0,0.005220417664645871
2026-08-07,2026-08-07_110513_841199_1_R9_C7_10,9,600.0,1.75,4,holding,8,0.4707226000000002,2447.0,0.45777131916423497,12202.0,0.7000103374772844
2026-08-07,2026-08-07_110513_841199_1_R9_C7_10,9,600.0,1.75,4,inter_cycle_dwell,30,1.9345675,2631.0,-0.2986906086959429,13756.0,0.007212231516931428
2026-08-07,2026-08-07_110513_841199_1_R9_C7_10,9,600.0,1.75,5,holding,7,0.39873329999999996,5066.0,0.28285167598476757,14273.0,0.6593485309499205
2026-08-07,2026-08-07_110513_841199_1_R9_C7_10,9,600.0,1.75,5,inter_cycle_dwell,30,1.936380500000002,2300.0,-0.41864002455253047,12618.0,0.009362667121161211
2026-08-07,2026-08-07_110513_841199_1_R9_C7_10,9,600.0,1.75,6,holding,8,0.4646228999999984,-1266.0,0.4181985481097753,12510.0,0.7042481789487944
2026-08-07,2026-08-07_110513_841199_1_R9_C7_10,9,600.0,1.75,6,inter_cycle_dwell,30,1.9360827,-469.0,-0.28172908890619774,11373.0,0.006464585237601156
2026-08-07,2026-08-07_110513_841199_1_R9_C7_10,9,600.0,1.75,7,holding,7,0.39692429999999845,109.0,0.24835569305939997,10954.0,0.7019109766885083
2026-08-07,2026-08-07_110513_841199_1_R9_C7_10,9,600.0,1.75,7,inter_cycle_dwell,30,1.9370561999999971,3123.0,-0.4034632349015118,12153.0,0.005253800811393788
2026-08-07,2026-08-07_110513_841199_1_R9_C7_10,9,600.0,1.75,8,holding,7,0.39994399999999786,-708.0,0.40373716936300674,10918.0,0.6970805860321252
2026-08-07,2026-08-07_110513_841199_1_R9_C7_10,9,600.0,1.75,8,inter_cycle_dwell,30,1.9361146999999974,-525.0,-0.465386934445844,11415.0,0.006357483397418887
2026-08-07,2026-08-07_110513_841199_1_R9_C7_10,9,600.0,1.75,9,holding,8,0.4640461999999985,344.0,0.47230903980186956,13288.0,0.6916515396259701
2026-08-07,2026-08-07_110513_841199_1_R9_C7_10,9,600.0,1.75,9,inter_cycle_dwell,30,1.9317163999999991,-3184.0,-0.30867702926488694,10783.0,0.00599958086384586
2026-08-07,2026-08-07_110513_841199_1_R9_C7_10,9,600.0,1.75,10,holding,7,0.40029380000000003,871.0,0.3425703000784625,11268.0,0.7085687780065029
2026-08-07,2026-08-07_110625_821668_1_R9_C8_10,9,600.0,2.625,1,holding,8,0.46435399999999993,-2098.0,0.6674446871715565,9189.0,1.1031363126236602
2026-08-07,2026-08-07_110625_821668_1_R9_C8_10,9,600.0,2.625,1,inter_cycle_dwell,30,1.9359235999999997,-3473.0,-0.4052643632930101,10080.0,0.011233792680645033
2026-08-07,2026-08-07_110625_821668_1_R9_C8_10,9,600.0,2.625,2,holding,8,0.4635902999999999,735.0,0.5990911406733421,12221.0,1.1301891827053656
2026-08-07,2026-08-07_110625_821668_1_R9_C8_10,9,600.0,2.625,2,inter_cycle_dwell,30,1.9216285999999991,3181.0,-0.45720492112813277,12492.0,0.009000422545893227
2026-08-07,2026-08-07_110625_821668_1_R9_C8_10,9,600.0,2.625,3,holding,7,0.3998677000000015,-156.0,0.37678312934644165,10067.0,1.1388235475034507
2026-08-07,2026-08-07_110625_821668_1_R9_C8_10,9,600.0,2.625,3,inter_cycle_dwell,30,1.9325318000000014,2996.0,-0.23209571269155888,13625.0,0.01321844678016193
2026-08-07,2026-08-07_110625_821668_1_R9_C8_10,9,600.0,2.625,4,holding,8,0.4595722000000002,-481.0,0.44730759809229836,8889.0,1.1550564212212606
2026-08-07,2026-08-07_110625_821668_1_R9_C8_10,9,600.0,2.625,4,inter_cycle_dwell,30,1.9360906,1472.0,-0.3884358422833857,13715.0,0.006280335827406058
2026-08-07,2026-08-07_110625_821668_1_R9_C8_10,9,600.0,2.625,5,holding,8,0.4642234000000016,-4372.0,0.5749124934010148,9342.0,1.1547765330824817
2026-08-07,2026-08-07_110625_821668_1_R9_C8_10,9,600.0,2.625,5,inter_cycle_dwell,30,1.936121400000001,-558.0,-0.41301693141493023,10052.0,0.013861777116184942
2026-08-07,2026-08-07_110625_821668_1_R9_C8_10,9,600.0,2.625,6,holding,8,0.4642563000000024,5188.0,0.6055283469553503,14359.0,1.1726465824624845
2026-08-07,2026-08-07_110625_821668_1_R9_C8_10,9,600.0,2.625,6,inter_cycle_dwell,30,1.9361371999999974,-694.0,-0.44919389291100326,11372.0,0.011394574720416661
2026-08-07,2026-08-07_110625_821668_1_R9_C8_10,9,600.0,2.625,7,holding,7,0.3951188000000023,504.0,0.3315813099527587,11211.0,1.188794519165073
2026-08-07,2026-08-07_110625_821668_1_R9_C8_10,9,600.0,2.625,7,inter_cycle_dwell,30,1.9431086999999998,101.0,-0.21040812581522692,11332.0,0.00947591198342998
2026-08-07,2026-08-07_110625_821668_1_R9_C8_10,9,600.0,2.625,8,holding,7,0.3998884999999994,-1375.0,0.38968897385833423,7236.0,1.1934659192143686
2026-08-07,2026-08-07_110625_821668_1_R9_C8_10,9,600.0,2.625,8,inter_cycle_dwell,30,1.9341960999999976,327.0,-0.2412330827127535,11381.0,0.012229517949710222
2026-08-07,2026-08-07_110625_821668_1_R9_C8_10,9,600.0,2.625,9,holding,7,0.4062367000000009,-444.0,0.5658102838655369,9974.0,1.201421697342182
2026-08-07,2026-08-07_110625_821668_1_R9_C8_10,9,600.0,2.625,9,inter_cycle_dwell,30,1.936743400000001,2533.0,-0.3869914424364138,14186.0,0.012367531365306689
2026-08-07,2026-08-07_110625_821668_1_R9_C8_10,9,600.0,2.625,10,holding,8,0.464155599999998,-496.0,0.5654070197977135,10937.0,1.17868398515043
2026-08-07,2026-08-07_110748_800932_1_R9_C9_10,9,600.0,3.5,1,holding,7,0.3951053,-1310.0,0.413081253867182,10034.0,1.5480691776697078
2026-08-07,2026-08-07_110748_800932_1_R9_C9_10,9,600.0,3.5,1,inter_cycle_dwell,31,2.0001168,-980.0,-0.4316686698562603,9237.0,0.011295701921245592
2026-08-07,2026-08-07_110748_800932_1_R9_C9_10,9,600.0,3.5,2,holding,8,0.4588042999999997,-3993.0,0.4849038592164867,10176.0,1.553874386187768
2026-08-07,2026-08-07_110748_800932_1_R9_C9_10,9,600.0,3.5,2,inter_cycle_dwell,30,1.9289812999999993,43.0,-0.3470930211877137,12808.0,0.015951592008469045
2026-08-07,2026-08-07_110748_800932_1_R9_C9_10,9,600.0,3.5,3,holding,8,0.4588604000000007,1334.0,0.5143377876627246,9370.0,1.5890005837007999
2026-08-07,2026-08-07_110748_800932_1_R9_C9_10,9,600.0,3.5,3,inter_cycle_dwell,30,1.9365143000000007,-985.0,-0.3722181221878113,11260.0,0.019063396966573762
2026-08-07,2026-08-07_110748_800932_1_R9_C9_10,9,600.0,3.5,4,holding,7,0.3998007000000001,-33.0,0.5474612566434807,10475.0,1.756489381944461
2026-08-07,2026-08-07_110748_800932_1_R9_C9_10,9,600.0,3.5,4,inter_cycle_dwell,30,1.935932900000001,1163.0,-0.35323635192185227,12864.0,0.014794893197037348
2026-08-07,2026-08-07_110748_800932_1_R9_C9_10,9,600.0,3.5,5,holding,7,0.40278610000000015,-270.0,0.7526750958704302,9871.0,2.129992054288346
2026-08-07,2026-08-07_110748_800932_1_R9_C9_10,9,600.0,3.5,5,inter_cycle_dwell,30,1.9359670999999992,-204.0,-0.2696671589449099,11626.0,0.0031520390456729053
2026-08-07,2026-08-07_110748_800932_1_R9_C9_10,9,600.0,3.5,6,holding,8,0.46407780000000187,-1359.0,1.1525106281146404,11013.0,2.2224947660392558
2026-08-07,2026-08-07_110748_800932_1_R9_C9_10,9,600.0,3.5,6,inter_cycle_dwell,30,1.9301308999999982,1090.0,-0.2275358070671341,10734.0,0.012503270227336744
2026-08-07,2026-08-07_110748_800932_1_R9_C9_10,9,600.0,3.5,7,holding,8,0.4642322000000014,-1651.0,0.932777099209172,10715.0,1.9968923164441106
2026-08-07,2026-08-07_110748_800932_1_R9_C9_10,9,600.0,3.5,7,inter_cycle_dwell,30,1.9360836,-3060.0,-0.4457705276939474,9698.0,0.010521663646526874
2026-08-07,2026-08-07_110748_800932_1_R9_C9_10,9,600.0,3.5,8,holding,8,0.4638567999999985,-1727.0,0.8246513088313416,10535.0,1.9801387588433075
2026-08-07,2026-08-07_110748_800932_1_R9_C9_10,9,600.0,3.5,8,inter_cycle_dwell,30,1.9359703999999986,-546.0,-0.36091256372709934,12287.0,0.013770258730078894
2026-08-07,2026-08-07_110748_800932_1_R9_C9_10,9,600.0,3.5,9,holding,7,0.39994609999999753,-133.0,0.9385388393579319,10149.0,2.012554362603407
2026-08-07,2026-08-07_110748_800932_1_R9_C9_10,9,600.0,3.5,9,inter_cycle_dwell,30,1.9370879000000016,62.0,-0.1793250151958971,12241.0,0.0138106468841305
2026-08-07,2026-08-07_110748_800932_1_R9_C9_10,9,600.0,3.5,10,holding,7,0.39465669999999875,-3820.0,0.8424924895699415,10543.0,2.071106950866562
2026-08-07,2026-08-07_123435_699757_1_R8_C1_10,8,200.0,1.75,1,holding,7,0.39413730000000013,587.0,0.2588295183673208,11408.0,0.9507044040754551
2026-08-07,2026-08-07_123435_699757_1_R8_C1_10,8,200.0,1.75,1,inter_cycle_dwell,29,1.8730267,-2010.0,-0.07496657159871056,11899.0,0.005293485831791123
2026-08-07,2026-08-07_123435_699757_1_R8_C1_10,8,200.0,1.75,2,holding,8,0.4768958000000003,2535.0,0.309439328157181,14979.0,0.8647520051716117
2026-08-07,2026-08-07_123435_699757_1_R8_C1_10,8,200.0,1.75,2,inter_cycle_dwell,30,1.9360542,168.0,-0.03676328754664626,13092.0,0.021155232698341853
2026-08-07,2026-08-07_123435_699757_1_R8_C1_10,8,200.0,1.75,3,holding,7,0.41587130000000094,1897.0,0.22948438059947662,14599.0,0.8828487221347359
2026-08-07,2026-08-07_123435_699757_1_R8_C1_10,8,200.0,1.75,3,inter_cycle_dwell,30,1.9359137000000004,612.0,-0.17438162040006683,12775.0,-0.02992091066305963
2026-08-07,2026-08-07_123435_699757_1_R8_C1_10,8,200.0,1.75,4,holding,7,0.40002540000000053,-1471.0,0.24322592514335217,11828.0,0.8535361570432407
2026-08-07,2026-08-07_123435_699757_1_R8_C1_10,8,200.0,1.75,4,inter_cycle_dwell,30,1.9197859000000008,799.0,-0.07516272954116987,13416.0,0.012954738325302695
2026-08-07,2026-08-07_123435_699757_1_R8_C1_10,8,200.0,1.75,5,holding,7,0.4206776000000012,1371.0,0.2554694153526149,13428.0,0.9150668249121632
2026-08-07,2026-08-07_123435_699757_1_R8_C1_10,8,200.0,1.75,5,inter_cycle_dwell,31,1.9975129000000003,-587.0,-0.19238452335155104,12523.0,0.006904528383710196
2026-08-07,2026-08-07_123435_699757_1_R8_C1_10,8,200.0,1.75,6,holding,7,0.4116747000000025,24.0,0.25792661919096527,13008.0,0.826121127635238
2026-08-07,2026-08-07_123435_699757_1_R8_C1_10,8,200.0,1.75,6,inter_cycle_dwell,30,1.935843300000002,-3082.0,-0.1384467169594482,9783.0,0.018879794570982822
2026-08-07,2026-08-07_123435_699757_1_R8_C1_10,8,200.0,1.75,7,holding,8,0.4638535000000026,3293.0,0.24360521975031668,15080.0,0.8397275645747768
2026-08-07,2026-08-07_123435_699757_1_R8_C1_10,8,200.0,1.75,7,inter_cycle_dwell,30,1.935827100000001,1125.0,-0.1448608992683662,13674.0,0.005061406390965084
2026-08-07,2026-08-07_123435_699757_1_R8_C1_10,8,200.0,1.75,8,holding,8,0.4638480999999999,-2599.0,0.1644871276854205,12858.0,0.8482625647264895
2026-08-07,2026-08-07_123435_699757_1_R8_C1_10,8,200.0,1.75,8,inter_cycle_dwell,30,1.9360889000000014,2800.0,-0.12847131393334688,14843.0,0.003824127052199755
2026-08-07,2026-08-07_123435_699757_1_R8_C1_10,8,200.0,1.75,9,holding,8,0.4643118000000044,-304.0,0.24716160252860808,12016.0,0.831176305043871
2026-08-07,2026-08-07_123435_699757_1_R8_C1_10,8,200.0,1.75,9,inter_cycle_dwell,30,1.935761300000003,-752.0,-0.1475025842562373,13506.0,0.0038759939991950265
2026-08-07,2026-08-07_123435_699757_1_R8_C1_10,8,200.0,1.75,10,holding,8,0.4617706999999953,-2236.0,0.2176303134147919,11555.0,0.864431507324687
2026-08-07,2026-08-07_123619_614408_1_R8_C2_10,8,200.0,2.625,1,holding,7,0.3913427999999999,-2408.0,0.4400040644980414,11340.0,2.0222919216519704
2026-08-07,2026-08-07_123619_614408_1_R8_C2_10,8,200.0,2.625,1,inter_cycle_dwell,30,1.9400500999999997,-5270.0,-0.07639013493456609,10987.0,0.005659654199664854
2026-08-07,2026-08-07_123619_614408_1_R8_C2_10,8,200.0,2.625,2,holding,7,0.39796490000000073,420.0,0.1737866647240882,12265.0,1.5918399470263047
2026-08-07,2026-08-07_123619_614408_1_R8_C2_10,8,200.0,2.625,2,inter_cycle_dwell,30,1.9305724000000009,1832.0,-0.05649579881923433,15527.0,0.039666321246802916
2026-08-07,2026-08-07_123619_614408_1_R8_C2_10,8,200.0,2.625,3,holding,8,0.453039200000001,586.0,0.22429749512994634,14979.0,1.859274821358659
2026-08-07,2026-08-07_123619_614408_1_R8_C2_10,8,200.0,2.625,3,inter_cycle_dwell,30,1.9463608000000008,918.0,-0.10031020195725182,13950.0,0.011455673328404414
2026-08-07,2026-08-07_123619_614408_1_R8_C2_10,8,200.0,2.625,4,holding,7,0.4181284999999999,5004.0,-0.318494429418928,14622.0,1.1580910969163298
2026-08-07,2026-08-07_123619_614408_1_R8_C2_10,8,200.0,2.625,4,inter_cycle_dwell,30,1.9360695999999997,-1940.0,-0.11263492405876302,11983.0,0.022838378962053152
2026-08-07,2026-08-07_123619_614408_1_R8_C2_10,8,200.0,2.625,5,holding,7,0.41030759999999944,2892.0,0.33384069135643846,13802.0,1.3494945025489726
2026-08-07,2026-08-07_123619_614408_1_R8_C2_10,8,200.0,2.625,5,inter_cycle_dwell,30,1.9199719000000002,-1354.0,0.11861170032717538,13703.0,0.1459581090929788
2026-08-07,2026-08-07_123619_614408_1_R8_C2_10,8,200.0,2.625,6,holding,8,0.4644687000000012,1133.0,0.44641307083397996,12798.0,2.09440541815772
2026-08-07,2026-08-07_123619_614408_1_R8_C2_10,8,200.0,2.625,6,inter_cycle_dwell,29,1.8718190999999997,1480.0,0.01092131705430921,14085.0,0.0384248504274875
2026-08-07,2026-08-07_123619_614408_1_R8_C2_10,8,200.0,2.625,7,holding,8,0.4638284999999982,2390.0,0.28760434098687226,12881.0,1.6274782254844964
2026-08-07,2026-08-07_123619_614408_1_R8_C2_10,8,200.0,2.625,7,inter_cycle_dwell,30,1.9506368999999992,-5795.0,-0.06879369493578663,10335.0,0.003483064507014244
2026-08-07,2026-08-07_123619_614408_1_R8_C2_10,8,200.0,2.625,8,holding,7,0.3942685000000026,-343.0,0.2722320662781432,12034.0,1.3838488540383609
2026-08-07,2026-08-07_123619_614408_1_R8_C2_10,8,200.0,2.625,8,inter_cycle_dwell,30,1.925391900000001,360.0,-0.13177385985530593,12617.0,-0.012838437843003314
2026-08-07,2026-08-07_123619_614408_1_R8_C2_10,8,200.0,2.625,9,holding,8,0.4640558999999982,2277.0,0.16068561802669712,13904.0,1.3134561208654008
2026-08-07,2026-08-07_123619_614408_1_R8_C2_10,8,200.0,2.625,9,inter_cycle_dwell,30,1.935806300000003,-3246.0,-0.05526396357156049,10558.0,0.020607581097505545
2026-08-07,2026-08-07_123619_614408_1_R8_C2_10,8,200.0,2.625,10,holding,8,0.46403800000000217,-282.0,0.3521988983783517,11226.0,1.9107036302918496
2026-08-07,2026-08-07_123814_851482_1_R8_C3_10,8,200.0,3.5,1,holding,7,0.38901470000000016,519.0,0.06015012703471001,12016.0,2.858003163456136
2026-08-07,2026-08-07_123814_851482_1_R8_C3_10,8,200.0,3.5,1,inter_cycle_dwell,45,2.9460435,501.0,0.1542665138518976,13380.0,0.030386163027509405
2026-08-07,2026-08-07_123814_851482_1_R8_C3_10,8,200.0,3.5,2,holding,7,0.4002017000000002,-883.0,0.6928045616460574,10926.0,4.454540225919771
2026-08-07,2026-08-07_123814_851482_1_R8_C3_10,8,200.0,3.5,2,inter_cycle_dwell,45,2.9440364,-758.0,-0.03222911233788017,12775.0,0.013149493199663964
2026-08-07,2026-08-07_123814_851482_1_R8_C3_10,8,200.0,3.5,3,holding,8,0.45363169999999897,-2737.0,-0.029300105191600867,11914.0,2.7604849305869017
2026-08-07,2026-08-07_123814_851482_1_R8_C3_10,8,200.0,3.5,3,inter_cycle_dwell,46,2.9963412,1288.0,0.13968021214616022,12246.0,0.12680386721177106
2026-08-07,2026-08-07_123814_851482_1_R8_C3_10,8,200.0,3.5,4,holding,8,0.47469290000000086,64.0,0.8089011125785115,13387.0,5.781548084775966
2026-08-07,2026-08-07_123814_851482_1_R8_C3_10,8,200.0,3.5,4,inter_cycle_dwell,45,2.944161600000001,-1496.0,-0.03379732326782636,12768.0,0.027765046044318398
2026-08-07,2026-08-07_123814_851482_1_R8_C3_10,8,200.0,3.5,5,holding,7,0.3800990999999989,2225.0,0.8215327282979574,15142.0,5.992722277879751
2026-08-07,2026-08-07_123814_851482_1_R8_C3_10,8,200.0,3.5,5,inter_cycle_dwell,45,2.9352646999999976,-1820.0,-0.06391940442339539,12875.0,0.021459985822579353
2026-08-07,2026-08-07_123814_851482_1_R8_C3_10,8,200.0,3.5,6,holding,7,0.41045580000000115,2693.0,0.5216600775216316,14484.0,5.4891132874083945
2026-08-07,2026-08-07_123814_851482_1_R8_C3_10,8,200.0,3.5,6,inter_cycle_dwell,45,2.928264999999996,930.0,-0.011901107332866534,15956.0,0.014145562462750338
2026-08-07,2026-08-07_123814_851482_1_R8_C3_10,8,200.0,3.5,7,holding,8,0.4642337000000012,-590.0,0.86796851010953,11253.0,5.7239668904184535
2026-08-07,2026-08-07_123814_851482_1_R8_C3_10,8,200.0,3.5,7,inter_cycle_dwell,45,2.954196099999997,1381.0,-0.02348240898852494,14031.0,0.03536042909104131
2026-08-07,2026-08-07_123814_851482_1_R8_C3_10,8,200.0,3.5,8,holding,8,0.4679751999999979,-1228.0,0.4892054765834901,13719.0,5.404096570179155
2026-08-07,2026-08-07_123814_851482_1_R8_C3_10,8,200.0,3.5,8,inter_cycle_dwell,45,2.9637974000000042,857.0,-0.11366909406324788,13881.0,0.020792242253092064
2026-08-07,2026-08-07_123814_851482_1_R8_C3_10,8,200.0,3.5,9,holding,7,0.39230159999999614,5812.0,0.8476553508585756,15556.0,5.756748918566472
2026-08-07,2026-08-07_123814_851482_1_R8_C3_10,8,200.0,3.5,9,inter_cycle_dwell,45,2.9287840000000003,-1007.0,-0.02571769201120322,11809.0,0.01748560319694248
2026-08-07,2026-08-07_123814_851482_1_R8_C3_10,8,200.0,3.5,10,holding,8,0.4528344000000004,-3864.0,0.740410719690284,7973.0,5.817197477220917
2026-08-07,2026-08-07_124122_519050_1_R8_C4_10,8,400.0,1.75,1,holding,7,0.39710080000000003,4749.0,0.9334991575607047,13341.0,1.6076137471651428
2026-08-07,2026-08-07_124122_519050_1_R8_C4_10,8,400.0,1.75,1,inter_cycle_dwell,30,1.9480507000000005,3630.0,-0.24960840300656995,13955.0,0.06599644265947835
2026-08-07,2026-08-07_124122_519050_1_R8_C4_10,8,400.0,1.75,2,holding,7,0.4014785999999999,2752.0,1.0750555163268496,13814.0,1.948352650363796
2026-08-07,2026-08-07_124122_519050_1_R8_C4_10,8,400.0,1.75,2,inter_cycle_dwell,30,1.9359397000000005,864.0,-0.2879959696485004,16627.0,0.04192521974454033
2026-08-07,2026-08-07_124122_519050_1_R8_C4_10,8,400.0,1.75,3,holding,8,0.4639756999999989,157.0,1.247020799449298,13349.0,2.1117667187149762
2026-08-07,2026-08-07_124122_519050_1_R8_C4_10,8,400.0,1.75,3,inter_cycle_dwell,30,1.9361823000000005,-2239.0,-0.5320982315479069,12992.0,0.01605722380431407
2026-08-07,2026-08-07_124122_519050_1_R8_C4_10,8,400.0,1.75,4,holding,8,0.46373320000000007,2008.0,1.5288210066332002,12520.0,2.215952161492729
2026-08-07,2026-08-07_124122_519050_1_R8_C4_10,8,400.0,1.75,4,inter_cycle_dwell,30,1.9361457000000009,-2060.0,0.131613728478851,13737.0,0.13642531372228217
2026-08-07,2026-08-07_124122_519050_1_R8_C4_10,8,400.0,1.75,5,holding,8,0.4649809999999981,-3430.0,2.502063861146446,11935.0,3.8086532710964116
2026-08-07,2026-08-07_124122_519050_1_R8_C4_10,8,400.0,1.75,5,inter_cycle_dwell,30,1.9184325999999992,-413.0,-1.1865171656973186,12527.0,0.010808832204706631
2026-08-07,2026-08-07_124122_519050_1_R8_C4_10,8,400.0,1.75,6,holding,8,0.46410589999999985,-1175.0,2.850151734318156,11168.0,3.81341359767055
2026-08-07,2026-08-07_124122_519050_1_R8_C4_10,8,400.0,1.75,6,inter_cycle_dwell,29,1.8630028000000003,563.0,-0.42193590873774434,13236.0,0.03881327028995951
2026-08-07,2026-08-07_124122_519050_1_R8_C4_10,8,400.0,1.75,7,holding,7,0.3958966000000004,-893.0,1.321524046448201,12368.0,3.4646178243609422
2026-08-07,2026-08-07_124122_519050_1_R8_C4_10,8,400.0,1.75,7,inter_cycle_dwell,31,1.993374499999998,-216.0,-1.3017264516587228,12830.0,0.04485906575057719
2026-08-07,2026-08-07_124122_519050_1_R8_C4_10,8,400.0,1.75,8,holding,7,0.3862692999999986,-523.0,1.4399872429933551,13009.0,2.9967971395506194
2026-08-07,2026-08-07_124122_519050_1_R8_C4_10,8,400.0,1.75,8,inter_cycle_dwell,30,1.9473067000000022,4026.0,-0.7160896644839371,15324.0,0.023698588920039065
2026-08-07,2026-08-07_124122_519050_1_R8_C4_10,8,400.0,1.75,9,holding,7,0.40007519999999985,-5603.0,1.5633539141228303,11824.0,2.8605926706235687
2026-08-07,2026-08-07_124122_519050_1_R8_C4_10,8,400.0,1.75,9,inter_cycle_dwell,30,1.955995099999999,-3167.0,-0.8970691333818825,12086.0,0.013881997153092684
2026-08-07,2026-08-07_124122_519050_1_R8_C4_10,8,400.0,1.75,10,holding,7,0.4005521999999999,82.0,1.2423198295438946,14172.0,2.0281403996745606
2026-08-07,2026-08-07_124257_772512_1_R8_C5_10,8,400.0,2.625,1,holding,8,0.47985659999999974,-2831.0,1.8404456064209553,9514.0,2.9677071497716465
2026-08-07,2026-08-07_124257_772512_1_R8_C5_10,8,400.0,2.625,1,inter_cycle_dwell,30,1.9300914000000002,2471.0,-0.3566866205320227,13862.0,0.05512553931592268
2026-08-07,2026-08-07_124257_772512_1_R8_C5_10,8,400.0,2.625,2,holding,7,0.3931331,-1212.0,1.3837185152325437,11217.0,3.996895819991207
2026-08-07,2026-08-07_124257_772512_1_R8_C5_10,8,400.0,2.625,2,inter_cycle_dwell,30,1.9214367,474.0,0.0044860317106338865,15397.0,0.3707560931259999
2026-08-07,2026-08-07_124257_772512_1_R8_C5_10,8,400.0,2.625,3,holding,7,0.39802219999999977,-951.0,1.8115641501603728,12266.0,5.415098690551993
2026-08-07,2026-08-07_124257_772512_1_R8_C5_10,8,400.0,2.625,3,inter_cycle_dwell,30,1.940669399999999,2196.0,-0.8272209296033475,14259.0,0.11039441333953831
2026-08-07,2026-08-07_124257_772512_1_R8_C5_10,8,400.0,2.625,4,holding,7,0.40017369999999985,694.0,1.6736374438537305,12048.0,5.492341472195673
2026-08-07,2026-08-07_124257_772512_1_R8_C5_10,8,400.0,2.625,4,inter_cycle_dwell,30,1.9390438999999997,566.0,-0.9599828171803926,13170.0,0.057603782597687
2026-08-07,2026-08-07_124257_772512_1_R8_C5_10,8,400.0,2.625,5,holding,8,0.46425410000000156,-5245.0,1.919794362950527,9197.0,5.2579868861933
2026-08-07,2026-08-07_124257_772512_1_R8_C5_10,8,400.0,2.625,5,inter_cycle_dwell,30,1.9503482999999981,-1464.0,-0.7899197261223043,13429.0,0.035411775102289655
2026-08-07,2026-08-07_124257_772512_1_R8_C5_10,8,400.0,2.625,6,holding,7,0.3826785000000008,2080.0,2.1959872308869204,11483.0,5.852581305008926
2026-08-07,2026-08-07_124257_772512_1_R8_C5_10,8,400.0,2.625,6,inter_cycle_dwell,30,1.9322832000000005,-1264.0,-0.7917837841796005,11305.0,0.01903016121323664
2026-08-07,2026-08-07_124257_772512_1_R8_C5_10,8,400.0,2.625,7,holding,8,0.4610114000000003,1406.0,2.602934736637496,11612.0,5.896958205785689
2026-08-07,2026-08-07_124257_772512_1_R8_C5_10,8,400.0,2.625,7,inter_cycle_dwell,30,1.935725699999999,-569.0,-0.9166842415385426,12421.0,0.03320925888869358
2026-08-07,2026-08-07_124257_772512_1_R8_C5_10,8,400.0,2.625,8,holding,7,0.3885000999999981,-689.0,2.0001015200254573,10408.0,6.092548175670058
2026-08-07,2026-08-07_124257_772512_1_R8_C5_10,8,400.0,2.625,8,inter_cycle_dwell,29,1.8607737000000029,-515.0,-0.7130585560569005,12845.0,0.035270474958669695
2026-08-07,2026-08-07_124257_772512_1_R8_C5_10,8,400.0,2.625,9,holding,8,0.47624880000000047,2390.0,3.0268744751886985,12677.0,6.351912501165378
2026-08-07,2026-08-07_124257_772512_1_R8_C5_10,8,400.0,2.625,9,inter_cycle_dwell,31,1.9984006999999977,778.0,-1.3662822877092768,11889.0,0.044907649526109705
2026-08-07,2026-08-07_124257_772512_1_R8_C5_10,8,400.0,2.625,10,holding,8,0.48553920000000517,-162.0,3.1144965606892336,13810.0,6.34594250137211
2026-08-07,2026-08-07_124601_232759_1_R8_C6_10,8,400.0,3.5,1,holding,7,0.3913833000000002,117.0,2.6245587001913417,10425.0,8.36609399619836
2026-08-07,2026-08-07_124601_232759_1_R8_C6_10,8,400.0,3.5,1,inter_cycle_dwell,30,1.9396301999999999,-2777.0,-0.07814529265165238,10954.0,0.2993443885964554
2026-08-07,2026-08-07_124601_232759_1_R8_C6_10,8,400.0,3.5,2,holding,7,0.4093430999999992,1192.0,1.6465205204047821,13234.0,7.976383362373517
2026-08-07,2026-08-07_124601_232759_1_R8_C6_10,8,400.0,3.5,2,inter_cycle_dwell,30,1.9359362999999998,-887.0,-0.7528356874354214,12601.0,-0.04504215752412155
2026-08-07,2026-08-07_124601_232759_1_R8_C6_10,8,400.0,3.5,3,holding,8,0.4637861000000001,-739.0,2.3888946478187165,10339.0,8.48467890277106
2026-08-07,2026-08-07_124601_232759_1_R8_C6_10,8,400.0,3.5,3,inter_cycle_dwell,30,1.9356102999999987,27.0,-0.7415283261070097,11581.0,0.06800339903782082
2026-08-07,2026-08-07_124601_232759_1_R8_C6_10,8,400.0,3.5,4,holding,7,0.39651000000000103,763.0,1.7970255855910962,13135.0,7.758987039713649
2026-08-07,2026-08-07_124601_232759_1_R8_C6_10,8,400.0,3.5,4,inter_cycle_dwell,29,1.8556431000000018,-247.0,-0.20389525637226313,11227.0,0.16864385700680995
2026-08-07,2026-08-07_124601_232759_1_R8_C6_10,8,400.0,3.5,5,holding,7,0.37203050000000104,-905.0,-0.34892753094453965,11596.0,6.145468158082997
2026-08-07,2026-08-07_124601_232759_1_R8_C6_10,8,400.0,3.5,5,inter_cycle_dwell,31,1.9879672,922.0,-0.5026514261892525,12899.0,0.12950759870496442
2026-08-07,2026-08-07_124601_232759_1_R8_C6_10,8,400.0,3.5,6,holding,8,0.4639401999999997,-1998.0,-0.3037744187109408,10855.0,1.1825123241809479
2026-08-07,2026-08-07_124601_232759_1_R8_C6_10,8,400.0,3.5,6,inter_cycle_dwell,30,1.935842000000001,1968.0,0.03309429728090718,13129.0,0.3978889193879981
2026-08-07,2026-08-07_124601_232759_1_R8_C6_10,8,400.0,3.5,7,holding,8,0.463853799999999,-2686.0,2.119362659551253,9660.0,4.3323392598993955
2026-08-07,2026-08-07_124601_232759_1_R8_C6_10,8,400.0,3.5,7,inter_cycle_dwell,30,1.933632799999998,83.0,-0.6963042344206729,12142.0,0.013687879432591477
2026-08-07,2026-08-07_124601_232759_1_R8_C6_10,8,400.0,3.5,8,holding,7,0.3983060999999992,2341.0,-0.4396064525419252,13022.0,0.17033201915002627
2026-08-07,2026-08-07_124601_232759_1_R8_C6_10,8,400.0,3.5,8,inter_cycle_dwell,30,1.9451606000000012,391.0,0.18770984928596568,13316.0,0.05361702617435475
2026-08-07,2026-08-07_124601_232759_1_R8_C6_10,8,400.0,3.5,9,holding,7,0.4088563000000036,-2387.0,0.05118890738275328,9972.0,0.6434592951387733
2026-08-07,2026-08-07_124601_232759_1_R8_C6_10,8,400.0,3.5,9,inter_cycle_dwell,30,1.9358563999999987,804.0,0.04164252725115221,14294.0,0.0077845911243491495
2026-08-07,2026-08-07_124601_232759_1_R8_C6_10,8,400.0,3.5,10,holding,8,0.46390019999999765,954.0,0.027414125311314375,12087.0,0.5822175602054546
2026-08-07,2026-08-07_124904_883403_1_R8_C7_10,8,600.0,1.75,1,holding,8,0.46277959999999996,1033.0,0.6321400315795326,12500.0,0.8227579508351911
2026-08-07,2026-08-07_124904_883403_1_R8_C7_10,8,600.0,1.75,1,inter_cycle_dwell,30,1.9327540000000005,-2778.0,-0.3340454520240788,12981.0,0.008266602108402651
2026-08-07,2026-08-07_124904_883403_1_R8_C7_10,8,600.0,1.75,2,holding,7,0.39557150000000085,-453.0,0.37202392525614847,13553.0,0.7412373250041969
2026-08-07,2026-08-07_124904_883403_1_R8_C7_10,8,600.0,1.75,2,inter_cycle_dwell,30,1.9359283000000005,-1176.0,-0.4625906909700416,11673.0,0.00560418821687915
2026-08-07,2026-08-07_124904_883403_1_R8_C7_10,8,600.0,1.75,3,holding,8,0.4534047000000001,-3642.0,0.5086204540043773,12062.0,0.7413035999484564
2026-08-07,2026-08-07_124904_883403_1_R8_C7_10,8,600.0,1.75,3,inter_cycle_dwell,29,1.8402789999999989,-1849.0,-0.2838857657764824,11798.0,0.008274818626688898
2026-08-07,2026-08-07_124904_883403_1_R8_C7_10,8,600.0,1.75,4,holding,8,0.4644415999999989,1896.0,0.5333331630449208,14096.0,0.7336768140957488
2026-08-07,2026-08-07_124904_883403_1_R8_C7_10,8,600.0,1.75,4,inter_cycle_dwell,30,1.9367842,-2284.0,-0.40098210874200146,11109.0,0.0050484604093352925
2026-08-07,2026-08-07_124904_883403_1_R8_C7_10,8,600.0,1.75,5,holding,8,0.44944820000000085,-1160.0,0.40027224136476586,13379.0,0.7384220107956829
2026-08-07,2026-08-07_124904_883403_1_R8_C7_10,8,600.0,1.75,5,inter_cycle_dwell,29,1.8531154000000019,3439.0,-0.3079661949163471,15982.0,0.007163970699235897
2026-08-07,2026-08-07_124904_883403_1_R8_C7_10,8,600.0,1.75,6,holding,8,0.47302910000000153,1217.0,0.5663276294351972,12821.0,0.7283291107613697
2026-08-07,2026-08-07_124904_883403_1_R8_C7_10,8,600.0,1.75,6,inter_cycle_dwell,30,1.9480037999999986,-1610.0,-0.42848190364531347,12564.0,0.00487356664205265
2026-08-07,2026-08-07_124904_883403_1_R8_C7_10,8,600.0,1.75,7,holding,7,0.39235169999999897,2103.0,0.3789365891234973,11441.0,0.7445279375413717
2026-08-07,2026-08-07_124904_883403_1_R8_C7_10,8,600.0,1.75,7,inter_cycle_dwell,29,1.8621559999999988,1408.0,-0.3407186676822835,15626.0,0.0149177516525218
2026-08-07,2026-08-07_124904_883403_1_R8_C7_10,8,600.0,1.75,8,holding,8,0.4796683999999978,357.0,0.5560050568556039,12597.0,0.7599770947165688
2026-08-07,2026-08-07_124904_883403_1_R8_C7_10,8,600.0,1.75,8,inter_cycle_dwell,30,1.9483082000000032,-1494.0,-0.3655211050926424,12574.0,0.007522924976056149
2026-08-07,2026-08-07_124904_883403_1_R8_C7_10,8,600.0,1.75,9,holding,7,0.39951500000000095,3221.0,0.4584458795588268,14272.0,0.7312194842193364
2026-08-07,2026-08-07_124904_883403_1_R8_C7_10,8,600.0,1.75,9,inter_cycle_dwell,30,1.9362724999999976,18.0,-0.18691786208336533,13406.0,0.006089692330398744
2026-08-07,2026-08-07_124904_883403_1_R8_C7_10,8,600.0,1.75,10,holding,8,0.47625690000000276,-1222.0,0.5719971172213147,13100.0,0.7482248304172909
2026-08-07,2026-08-07_125056_967138_1_R8_C8_10,8,600.0,2.625,1,holding,7,0.3865911999999998,-439.0,0.39289363335419325,9731.0,1.0522859227006995
2026-08-07,2026-08-07_125056_967138_1_R8_C8_10,8,600.0,2.625,1,inter_cycle_dwell,30,1.9357729999999997,-594.0,-0.2733642152161356,15981.0,0.002458957369687209
2026-08-07,2026-08-07_125056_967138_1_R8_C8_10,8,600.0,2.625,2,holding,8,0.4565159000000003,-1244.0,0.3998941159425571,10878.0,1.0262485534187338
2026-08-07,2026-08-07_125056_967138_1_R8_C8_10,8,600.0,2.625,2,inter_cycle_dwell,30,1.9361980999999995,2810.0,-0.2689012415055393,13387.0,0.0034405645877535473
2026-08-07,2026-08-07_125056_967138_1_R8_C8_10,8,600.0,2.625,3,holding,7,0.3875024000000007,1062.0,0.48611530441932005,13373.0,1.0403609191136247
2026-08-07,2026-08-07_125056_967138_1_R8_C8_10,8,600.0,2.625,3,inter_cycle_dwell,30,1.9251569999999987,-3078.0,-0.27884071850010506,12204.0,0.0018381958740672777
2026-08-07,2026-08-07_125056_967138_1_R8_C8_10,8,600.0,2.625,4,holding,8,0.4552101000000004,-1929.0,0.4769269444775961,11216.0,1.0266293420970147
2026-08-07,2026-08-07_125056_967138_1_R8_C8_10,8,600.0,2.625,4,inter_cycle_dwell,30,1.9358308999999991,-1006.0,-0.4061016570614492,12104.0,0.005350850716435013
2026-08-07,2026-08-07_125056_967138_1_R8_C8_10,8,600.0,2.625,5,holding,7,0.4134109000000006,-857.0,0.37281837572877263,11352.0,1.0401418472802537
2026-08-07,2026-08-07_125056_967138_1_R8_C8_10,8,600.0,2.625,5,inter_cycle_dwell,30,1.9361783999999993,54.0,-0.3759261559714507,14172.0,0.012574227435091047
2026-08-07,2026-08-07_125056_967138_1_R8_C8_10,8,600.0,2.625,6,holding,8,0.4641863000000015,-1960.0,0.658561464848942,12361.0,1.1493234540806518
2026-08-07,2026-08-07_125056_967138_1_R8_C8_10,8,600.0,2.625,6,inter_cycle_dwell,30,1.9440896000000016,-1810.0,-0.3251151157221964,13201.0,0.005686938891932301
2026-08-07,2026-08-07_125056_967138_1_R8_C8_10,8,600.0,2.625,7,holding,8,0.46352189999999993,-226.0,0.4564567688839054,12595.0,1.1205869632939063
2026-08-07,2026-08-07_125056_967138_1_R8_C8_10,8,600.0,2.625,7,inter_cycle_dwell,30,1.9284034000000005,2247.0,-0.31164764545426077,13504.0,0.007440621383358048
2026-08-07,2026-08-07_125056_967138_1_R8_C8_10,8,600.0,2.625,8,holding,7,0.39444230000000147,-294.0,0.5597470073217943,12199.0,1.1255662913142555
2026-08-07,2026-08-07_125056_967138_1_R8_C8_10,8,600.0,2.625,8,inter_cycle_dwell,30,1.9293756999999978,-822.0,-0.37756546790803586,14870.0,0.008157048319455705
2026-08-07,2026-08-07_125056_967138_1_R8_C8_10,8,600.0,2.625,9,holding,8,0.49264180000000124,1827.0,0.6040503351911704,11320.0,1.1021031200962528
2026-08-07,2026-08-07_125056_967138_1_R8_C8_10,8,600.0,2.625,9,inter_cycle_dwell,30,1.9359792999999996,3311.0,-0.47353677150968576,13379.0,0.006329113804433552
2026-08-07,2026-08-07_125056_967138_1_R8_C8_10,8,600.0,2.625,10,holding,8,0.46413009999999844,-1681.0,0.6547585231383313,10568.0,1.1058253709662416
2026-08-07,2026-08-07_125220_451550_1_R8_C9_10,8,600.0,3.5,1,holding,8,0.46397620000000006,4304.0,1.1128570635070936,12956.0,2.077002752910224
2026-08-07,2026-08-07_125220_451550_1_R8_C9_10,8,600.0,3.5,1,inter_cycle_dwell,30,1.9261835999999999,651.0,-0.23399026200980597,12831.0,0.01592372581638065
2026-08-07,2026-08-07_125220_451550_1_R8_C9_10,8,600.0,3.5,2,holding,8,0.4832795000000001,972.0,1.277992206031898,11862.0,2.224860754300718
2026-08-07,2026-08-07_125220_451550_1_R8_C9_10,8,600.0,3.5,2,inter_cycle_dwell,29,1.8632755999999997,2540.0,-0.2268896310671376,13048.0,0.0057551608078499
2026-08-07,2026-08-07_125220_451550_1_R8_C9_10,8,600.0,3.5,3,holding,8,0.4583511999999992,2636.0,1.1387022469594383,13316.0,2.2280882454349773
2026-08-07,2026-08-07_125220_451550_1_R8_C9_10,8,600.0,3.5,3,inter_cycle_dwell,30,1.9159004999999993,-91.0,-0.24483710350283971,13497.0,0.011734867276476648
2026-08-07,2026-08-07_125220_451550_1_R8_C9_10,8,600.0,3.5,4,holding,8,0.46422409999999914,0.0,1.4145522017123484,14671.0,2.366964373775935
2026-08-07,2026-08-07_125220_451550_1_R8_C9_10,8,600.0,3.5,4,inter_cycle_dwell,30,1.9316182999999985,932.0,-0.235663386147515,15657.0,0.014364718055243001
2026-08-07,2026-08-07_125220_451550_1_R8_C9_10,8,600.0,3.5,5,holding,7,0.3864729000000011,-4794.0,1.171580650644477,9498.0,2.2736899690432546
2026-08-07,2026-08-07_125220_451550_1_R8_C9_10,8,600.0,3.5,5,inter_cycle_dwell,29,1.8686393999999993,-555.0,-0.1825671933011655,13829.0,0.023492236930949595
2026-08-07,2026-08-07_125220_451550_1_R8_C9_10,8,600.0,3.5,6,holding,7,0.39227419999999924,3967.0,1.1249657220292175,14079.0,2.242050173054192
2026-08-07,2026-08-07_125220_451550_1_R8_C9_10,8,600.0,3.5,6,inter_cycle_dwell,29,1.8562386999999987,1853.0,-0.21715564638754012,13984.0,0.009487327822369197
2026-08-07,2026-08-07_125220_451550_1_R8_C9_10,8,600.0,3.5,7,holding,8,0.4763319999999993,-46.0,1.3055459466240142,11559.0,2.2740155292409012
2026-08-07,2026-08-07_125220_451550_1_R8_C9_10,8,600.0,3.5,7,inter_cycle_dwell,29,1.8707287000000008,321.0,-0.25370623493429945,13475.0,0.010619261052304506
2026-08-07,2026-08-07_125220_451550_1_R8_C9_10,8,600.0,3.5,8,holding,8,0.46927829999999915,321.0,1.2762084544558525,14400.0,2.315971144641321
2026-08-07,2026-08-07_125220_451550_1_R8_C9_10,8,600.0,3.5,8,inter_cycle_dwell,30,1.9292715999999999,-3578.0,-0.29850702449027544,10791.0,0.00927760305831625
2026-08-07,2026-08-07_125220_451550_1_R8_C9_10,8,600.0,3.5,9,holding,8,0.46395949999999786,-2844.0,1.037146169599094,12466.0,2.3129458880607627
2026-08-07,2026-08-07_125220_451550_1_R8_C9_10,8,600.0,3.5,9,inter_cycle_dwell,29,1.8573108000000005,399.0,-0.206531623834195,12515.0,0.012040902579766397
2026-08-07,2026-08-07_125220_451550_1_R8_C9_10,8,600.0,3.5,10,holding,7,0.40497789999999867,-4648.0,0.8534250664457765,10989.0,2.35325795519112
2026-08-07,2026-08-07_134120_489574_1_R7_C1_10,7,200.0,1.75,1,holding,7,0.39883369999999996,141.0,0.13587497798375625,141.0,0.8166495762074499
2026-08-07,2026-08-07_134120_489574_1_R7_C1_10,7,200.0,1.75,1,inter_cycle_dwell,30,1.9358518999999998,-257.0,-0.17953334628372217,0.0,0.002294818480300359
2026-08-07,2026-08-07_134120_489574_1_R7_C1_10,7,200.0,1.75,2,holding,7,0.39972669999999955,0.0,0.11884528788682425,0.0,0.7472568627701219
2026-08-07,2026-08-07_134120_489574_1_R7_C1_10,7,200.0,1.75,2,inter_cycle_dwell,30,1.9359747,-488.0,-0.1849313420407052,0.0,-0.002928181143226599
2026-08-07,2026-08-07_134120_489574_1_R7_C1_10,7,200.0,1.75,3,holding,7,0.399951999999999,0.0,0.1341514839305492,0.0,0.7089380008253761
2026-08-07,2026-08-07_134120_489574_1_R7_C1_10,7,200.0,1.75,3,inter_cycle_dwell,30,1.9349071999999996,220.0,-0.0741406076441455,220.0,0.029953107338225995
2026-08-07,2026-08-07_134120_489574_1_R7_C1_10,7,200.0,1.75,4,holding,7,0.3999012999999998,0.0,-0.14398960483661333,0.0,0.4025050795114868
2026-08-07,2026-08-07_134120_489574_1_R7_C1_10,7,200.0,1.75,4,inter_cycle_dwell,31,1.9996636000000017,-207.0,-0.1648524719434476,0.0,-0.0326414473643175
2026-08-07,2026-08-07_134120_489574_1_R7_C1_10,7,200.0,1.75,5,holding,7,0.4000239999999984,0.0,0.1599230744244488,0.0,0.5491220567066529
2026-08-07,2026-08-07_134120_489574_1_R7_C1_10,7,200.0,1.75,5,inter_cycle_dwell,30,1.9362305999999982,-154.0,-0.08154655728463459,0.0,0.003386034767489249
2026-08-07,2026-08-07_134120_489574_1_R7_C1_10,7,200.0,1.75,6,holding,8,0.46380470000000074,445.0,0.16602280371119954,445.0,0.637386604831291
2026-08-07,2026-08-07_134120_489574_1_R7_C1_10,7,200.0,1.75,6,inter_cycle_dwell,30,1.9359319,-327.0,-0.08117251912077791,0.0,0.00541670225695335
2026-08-07,2026-08-07_134120_489574_1_R7_C1_10,7,200.0,1.75,7,holding,8,0.4800247999999989,0.0,0.2314155733818244,0.0,0.6372967325025148
2026-08-07,2026-08-07_134120_489574_1_R7_C1_10,7,200.0,1.75,7,inter_cycle_dwell,30,1.9189274999999988,0.0,-0.0875982348995427,0.0,0.0026221583058188003
2026-08-07,2026-08-07_134120_489574_1_R7_C1_10,7,200.0,1.75,8,holding,7,0.40015089999999987,0.0,0.12599801665228172,0.0,0.6543234745708901
2026-08-07,2026-08-07_134120_489574_1_R7_C1_10,7,200.0,1.75,8,inter_cycle_dwell,29,1.8561937999999962,-302.0,-0.048621514121879796,52.0,0.004067186577005701
2026-08-07,2026-08-07_134120_489574_1_R7_C1_10,7,200.0,1.75,9,holding,7,0.39989479999999844,0.0,0.17337518637258087,0.0,0.6662287596171517
2026-08-07,2026-08-07_134120_489574_1_R7_C1_10,7,200.0,1.75,9,inter_cycle_dwell,30,1.936017800000002,-338.0,-0.0707515554640877,160.0,0.004835125523957751
2026-08-07,2026-08-07_134120_489574_1_R7_C1_10,7,200.0,1.75,10,holding,8,0.46411369999999863,-188.0,0.18634682000081454,0.0,0.6577070118734305
2026-08-07,2026-08-07_134258_312163_1_R7_C2_10,7,200.0,2.625,1,holding,7,0.39987419999999974,0.0,0.05993364371514942,0.0,1.1101950295556924
2026-08-07,2026-08-07_134258_312163_1_R7_C2_10,7,200.0,2.625,1,inter_cycle_dwell,30,1.9353346999999994,0.0,-0.0641962828363322,0.0,0.007588536043862049
2026-08-07,2026-08-07_134258_312163_1_R7_C2_10,7,200.0,2.625,2,holding,8,0.4649405,0.0,0.10731621992185902,0.0,1.0502987032199058
2026-08-07,2026-08-07_134258_312163_1_R7_C2_10,7,200.0,2.625,2,inter_cycle_dwell,30,1.920435900000001,0.0,-0.0714875580647632,0.0,0.00564968268141235
2026-08-07,2026-08-07_134258_312163_1_R7_C2_10,7,200.0,2.625,3,holding,7,0.400112,0.0,0.0892908907970007,0.0,1.020502469463184
2026-08-07,2026-08-07_134258_312163_1_R7_C2_10,7,200.0,2.625,3,inter_cycle_dwell,30,1.9389751000000004,0.0,-0.0978132666689035,0.0,0.004253087756904049
2026-08-07,2026-08-07_134258_312163_1_R7_C2_10,7,200.0,2.625,4,holding,7,0.3998568999999996,0.0,0.11882506218425393,0.0,1.006700078116741
2026-08-07,2026-08-07_134258_312163_1_R7_C2_10,7,200.0,2.625,4,inter_cycle_dwell,30,1.9349871000000007,-36.0,-0.06804472957360588,0.0,0.005057586543633301
2026-08-07,2026-08-07_134258_312163_1_R7_C2_10,7,200.0,2.625,5,holding,8,0.4642027000000013,0.0,0.17127511255943872,0.0,0.9922538585682659
2026-08-07,2026-08-07_134258_312163_1_R7_C2_10,7,200.0,2.625,5,inter_cycle_dwell,30,1.936108100000002,-7.0,-0.0796754296178959,0.0,0.006844319326461599
2026-08-07,2026-08-07_134258_312163_1_R7_C2_10,7,200.0,2.625,6,holding,8,0.46193259999999725,0.0,0.17443558020605587,0.0,0.9982289113437895
2026-08-07,2026-08-07_134258_312163_1_R7_C2_10,7,200.0,2.625,6,inter_cycle_dwell,30,1.9357602000000007,0.0,-0.0869248573496836,0.0,0.0053284596170188984
2026-08-07,2026-08-07_134258_312163_1_R7_C2_10,7,200.0,2.625,7,holding,7,0.39998150000000265,0.0,0.10783453342869753,0.0,0.9678828808911737
2026-08-07,2026-08-07_134258_312163_1_R7_C2_10,7,200.0,2.625,7,inter_cycle_dwell,30,1.9269715999999981,56.0,-0.042465937479523194,56.0,0.005117590611466452
2026-08-07,2026-08-07_134258_312163_1_R7_C2_10,7,200.0,2.625,8,holding,7,0.39944899999999706,0.0,0.13441526458190645,0.0,0.9936056267978111
2026-08-07,2026-08-07_134258_312163_1_R7_C2_10,7,200.0,2.625,8,inter_cycle_dwell,30,1.936021199999999,0.0,-0.0676283535603415,0.0,0.00514166344151995
2026-08-07,2026-08-07_134258_312163_1_R7_C2_10,7,200.0,2.625,9,holding,8,0.46407430000000005,0.0,0.15333637495506558,0.0,0.9831945851314424
2026-08-07,2026-08-07_134258_312163_1_R7_C2_10,7,200.0,2.625,9,inter_cycle_dwell,30,1.935936599999998,0.0,-0.07827955406691049,0.0,0.0041555755457345495
2026-08-07,2026-08-07_134258_312163_1_R7_C2_10,7,200.0,2.625,10,holding,7,0.400622300000002,0.0,0.11127083691671369,0.0,0.9566353324928988
2026-08-07,2026-08-07_134426_185463_1_R7_C3_10,7,200.0,3.5,1,holding,7,0.39940700000000007,0.0,0.03246323384285432,0.0,1.4775068086687781
2026-08-07,2026-08-07_134426_185463_1_R7_C3_10,7,200.0,3.5,1,inter_cycle_dwell,45,2.9437765999999996,0.0,-0.04976473090040941,0.0,0.01616978243915
2026-08-07,2026-08-07_134426_185463_1_R7_C3_10,7,200.0,3.5,2,holding,8,0.4642228999999993,0.0,0.23204710352633362,0.0,1.5576081087296583
2026-08-07,2026-08-07_134426_185463_1_R7_C3_10,7,200.0,3.5,2,inter_cycle_dwell,45,2.9280092999999994,0.0,-0.03270022389315281,0.0,0.030598726064263303
2026-08-07,2026-08-07_134426_185463_1_R7_C3_10,7,200.0,3.5,3,holding,7,0.39999689999999966,0.0,0.1717765818587873,0.0,1.5908172212635292
2026-08-07,2026-08-07_134426_185463_1_R7_C3_10,7,200.0,3.5,3,inter_cycle_dwell,46,2.9919961000000015,0.0,-0.093184312034288,0.0,0.01469664008650455
2026-08-07,2026-08-07_134426_185463_1_R7_C3_10,7,200.0,3.5,4,holding,7,0.39967309999999756,0.0,0.21470902045799423,0.0,1.6126360816223377
2026-08-07,2026-08-07_134426_185463_1_R7_C3_10,7,200.0,3.5,4,inter_cycle_dwell,45,2.9438543000000017,0.0,-0.06060235919659021,0.0,0.0090349403262633
2026-08-07,2026-08-07_134426_185463_1_R7_C3_10,7,200.0,3.5,5,holding,8,0.46376860000000164,0.0,0.2532581908412852,0.0,1.536545083868295
2026-08-07,2026-08-07_134426_185463_1_R7_C3_10,7,200.0,3.5,5,inter_cycle_dwell,45,2.9439914000000016,0.0,-0.0824081534882864,0.0,0.015041449363855097
2026-08-07,2026-08-07_134426_185463_1_R7_C3_10,7,200.0,3.5,6,holding,7,0.40023339999999763,0.0,0.20955164710022456,0.0,1.5673477402040996
2026-08-07,2026-08-07_134426_185463_1_R7_C3_10,7,200.0,3.5,6,inter_cycle_dwell,45,2.9278125000000017,0.0,-0.057440218694788894,0.0,0.0008896578035173935
2026-08-07,2026-08-07_134426_185463_1_R7_C3_10,7,200.0,3.5,7,holding,8,0.4797502999999992,0.0,0.01308105867719167,0.0,0.4481728546859216
2026-08-07,2026-08-07_134426_185463_1_R7_C3_10,7,200.0,3.5,7,inter_cycle_dwell,45,2.928098400000003,0.0,0.020367056022575006,0.0,0.012294484981966003
2026-08-07,2026-08-07_134426_185463_1_R7_C3_10,7,200.0,3.5,8,holding,8,0.46486289999999997,0.0,0.24096330080444206,0.0,1.533313520664105
2026-08-07,2026-08-07_134426_185463_1_R7_C3_10,7,200.0,3.5,8,inter_cycle_dwell,45,2.9281635999999978,0.0,-0.09379179013628461,0.0,0.0083133625298926
2026-08-07,2026-08-07_134426_185463_1_R7_C3_10,7,200.0,3.5,9,holding,7,0.3999689999999987,0.0,0.17897849265939003,0.0,1.5186493347400316
2026-08-07,2026-08-07_134426_185463_1_R7_C3_10,7,200.0,3.5,9,inter_cycle_dwell,45,2.9434692999999967,0.0,-0.048923810840068596,0.0,0.013251471005265004
2026-08-07,2026-08-07_134426_185463_1_R7_C3_10,7,200.0,3.5,10,holding,8,0.46168819999999755,0.0,0.26598743670260805,0.0,1.5000664643389219
2026-08-07,2026-08-07_134606_024401_1_R7_C4_10,7,400.0,1.75,1,holding,7,0.399861,0.0,0.28110107467820056,0.0,0.722293197271687
2026-08-07,2026-08-07_134606_024401_1_R7_C4_10,7,400.0,1.75,1,inter_cycle_dwell,30,1.9366413000000002,0.0,-0.21361080642994018,0.0,0.005858331558371441
2026-08-07,2026-08-07_134606_024401_1_R7_C4_10,7,400.0,1.75,2,holding,8,0.4642317,0.0,0.41963656877989886,0.0,0.6816966650465226
2026-08-07,2026-08-07_134606_024401_1_R7_C4_10,7,400.0,1.75,2,inter_cycle_dwell,30,1.9356384000000002,0.0,-0.2243172415970805,0.0,0.008623211004655448
2026-08-07,2026-08-07_134606_024401_1_R7_C4_10,7,400.0,1.75,3,holding,8,0.4805115999999998,0.0,0.4101025040139189,0.0,0.696060931110587
2026-08-07,2026-08-07_134606_024401_1_R7_C4_10,7,400.0,1.75,3,inter_cycle_dwell,30,1.9366977999999992,0.0,-0.3423921169683908,0.0,0.0048184022278188465
2026-08-07,2026-08-07_134606_024401_1_R7_C4_10,7,400.0,1.75,4,holding,8,0.4635978000000005,0.0,0.3407501455398113,0.0,0.689182803516373
2026-08-07,2026-08-07_134606_024401_1_R7_C4_10,7,400.0,1.75,4,inter_cycle_dwell,30,1.9197688,0.0,-0.2913156244681695,0.0,0.004538820573252597
2026-08-07,2026-08-07_134606_024401_1_R7_C4_10,7,400.0,1.75,5,holding,7,0.40010860000000115,0.0,0.32990048248232284,0.0,0.6889314258866661
2026-08-07,2026-08-07_134606_024401_1_R7_C4_10,7,400.0,1.75,5,inter_cycle_dwell,30,1.9366008000000008,0.0,-0.2862352290550872,0.0,0.0019013334515093488
2026-08-07,2026-08-07_134606_024401_1_R7_C4_10,7,400.0,1.75,6,holding,7,0.40028990000000064,0.0,0.24333078615824638,0.0,0.6250235559573875
2026-08-07,2026-08-07_134606_024401_1_R7_C4_10,7,400.0,1.75,6,inter_cycle_dwell,30,1.9357589999999973,0.0,-0.21844761065985757,0.0,0.01780041294002216
2026-08-07,2026-08-07_134606_024401_1_R7_C4_10,7,400.0,1.75,7,holding,7,0.3998790000000021,0.0,0.24582123107340076,0.0,0.6416493721500067
2026-08-07,2026-08-07_134606_024401_1_R7_C4_10,7,400.0,1.75,7,inter_cycle_dwell,30,1.9356924000000006,0.0,-0.19523160927053138,0.0,0.006000659633810405
2026-08-07,2026-08-07_134606_024401_1_R7_C4_10,7,400.0,1.75,8,holding,8,0.4644687999999988,0.0,0.42487525871475773,0.0,0.6983974411873934
2026-08-07,2026-08-07_134606_024401_1_R7_C4_10,7,400.0,1.75,8,inter_cycle_dwell,30,1.9360432000000003,0.0,-0.21996043756833777,0.0,0.003544349073615602
2026-08-07,2026-08-07_134606_024401_1_R7_C4_10,7,400.0,1.75,9,holding,7,0.3999901000000001,0.0,0.2153982017111445,0.0,0.6425192080757829
2026-08-07,2026-08-07_134606_024401_1_R7_C4_10,7,400.0,1.75,9,inter_cycle_dwell,30,1.935985200000001,0.0,-0.20772754764314805,0.0,0.004227830937968899
2026-08-07,2026-08-07_134606_024401_1_R7_C4_10,7,400.0,1.75,10,holding,7,0.4000032999999945,0.0,0.27679933370559395,0.0,0.6707948888595042
2026-08-07,2026-08-07_134729_621602_1_R7_C5_10,7,400.0,2.625,1,holding,8,0.46397199999999983,0.0,0.3261104589143812,0.0,1.0092543077462102
2026-08-07,2026-08-07_134729_621602_1_R7_C5_10,7,400.0,2.625,1,inter_cycle_dwell,30,1.9362391999999997,0.0,-0.2360343347835077,0.0,0.0012112929052279994
2026-08-07,2026-08-07_134729_621602_1_R7_C5_10,7,400.0,2.625,2,holding,7,0.3997750999999994,0.0,0.2882092471443518,0.0,1.0414249348665952
2026-08-07,2026-08-07_134729_621602_1_R7_C5_10,7,400.0,2.625,2,inter_cycle_dwell,30,1.9359807,0.0,-0.27838392515330124,0.0,0.007406446398481849
2026-08-07,2026-08-07_134729_621602_1_R7_C5_10,7,400.0,2.625,3,holding,8,0.4641851999999993,0.0,0.28828964504079024,0.0,1.0341454549478093
2026-08-07,2026-08-07_134729_621602_1_R7_C5_10,7,400.0,2.625,3,inter_cycle_dwell,30,1.9359014000000005,0.0,-0.2562606439423626,0.0,0.0055526899519504555
2026-08-07,2026-08-07_134729_621602_1_R7_C5_10,7,400.0,2.625,4,holding,7,0.40001190000000086,0.0,0.311676090073291,0.0,1.045368612762264
2026-08-07,2026-08-07_134729_621602_1_R7_C5_10,7,400.0,2.625,4,inter_cycle_dwell,30,1.9364954,0.0,-0.2438507648753862,0.0,0.008639493158674447
2026-08-07,2026-08-07_134729_621602_1_R7_C5_10,7,400.0,2.625,5,holding,7,0.4022598999999971,0.0,0.2423748820789603,0.0,1.018109609106274
2026-08-07,2026-08-07_134729_621602_1_R7_C5_10,7,400.0,2.625,5,inter_cycle_dwell,30,1.9390211999999991,0.0,-0.2906799117455939,0.0,0.0038107029831882487
2026-08-07,2026-08-07_134729_621602_1_R7_C5_10,7,400.0,2.625,6,holding,8,0.4631906999999984,0.0,0.225750715621455,0.0,0.8955811264970885
2026-08-07,2026-08-07_134729_621602_1_R7_C5_10,7,400.0,2.625,6,inter_cycle_dwell,30,1.9363305000000004,0.0,-0.19098579327432938,0.0,0.011910931117023899
2026-08-07,2026-08-07_134729_621602_1_R7_C5_10,7,400.0,2.625,7,holding,7,0.4015702999999995,0.0,0.2892767937278794,0.0,0.955727973223027
2026-08-07,2026-08-07_134729_621602_1_R7_C5_10,7,400.0,2.625,7,inter_cycle_dwell,30,1.9358868000000022,0.0,-0.22951682447508134,0.0,0.010815121200024352
2026-08-07,2026-08-07_134729_621602_1_R7_C5_10,7,400.0,2.625,8,holding,7,0.39981260000000063,0.0,0.25998555150767877,0.0,0.8878826868785589
2026-08-07,2026-08-07_134729_621602_1_R7_C5_10,7,400.0,2.625,8,inter_cycle_dwell,30,1.9365512000000003,0.0,-0.18432482173282402,0.0,0.0011007536366558499
2026-08-07,2026-08-07_134729_621602_1_R7_C5_10,7,400.0,2.625,9,holding,8,0.46404589999999857,0.0,0.30331007663179743,0.0,0.78430871443585
2026-08-07,2026-08-07_134729_621602_1_R7_C5_10,7,400.0,2.625,9,inter_cycle_dwell,30,1.9358627999999953,0.0,-0.1136531301615947,0.0,0.02003778182700785
2026-08-07,2026-08-07_134729_621602_1_R7_C5_10,7,400.0,2.625,10,holding,7,0.399963299999996,0.0,0.26247651946267936,0.0,1.086511249994965
2026-08-07,2026-08-07_134849_142666_1_R7_C6_10,7,400.0,3.5,1,holding,7,0.4001037999999999,0.0,0.34342798813728503,0.0,1.616127011136784
2026-08-07,2026-08-07_134849_142666_1_R7_C6_10,7,400.0,3.5,1,inter_cycle_dwell,30,1.9359710999999997,0.0,-0.21259095181575038,0.0,0.010797603107547002
2026-08-07,2026-08-07_134849_142666_1_R7_C6_10,7,400.0,3.5,2,holding,7,0.40011930000000007,0.0,0.3345217877657385,0.0,1.548352160013753
2026-08-07,2026-08-07_134849_142666_1_R7_C6_10,7,400.0,3.5,2,inter_cycle_dwell,30,1.935841100000001,0.0,-0.19890911965256897,0.0,0.007989603745491451
2026-08-07,2026-08-07_134849_142666_1_R7_C6_10,7,400.0,3.5,3,holding,7,0.40060819999999886,0.0,0.35657855476514944,0.0,1.5787600705524814
2026-08-07,2026-08-07_134849_142666_1_R7_C6_10,7,400.0,3.5,3,inter_cycle_dwell,30,1.9359555999999998,0.0,-0.2039089035630895,0.0,0.009124579485919652
2026-08-07,2026-08-07_134849_142666_1_R7_C6_10,7,400.0,3.5,4,holding,7,0.3999998999999992,0.0,0.3857217768163954,0.0,1.5865225896568007
2026-08-07,2026-08-07_134849_142666_1_R7_C6_10,7,400.0,3.5,4,inter_cycle_dwell,30,1.9303802,0.0,-0.18749630050694352,0.0,0.006922158342674144
2026-08-07,2026-08-07_134849_142666_1_R7_C6_10,7,400.0,3.5,5,holding,7,0.40065369999999945,0.0,0.38174305141706233,0.0,1.5900110763701605
2026-08-07,2026-08-07_134849_142666_1_R7_C6_10,7,400.0,3.5,5,inter_cycle_dwell,30,1.9359526999999979,0.0,-0.20800324546086518,0.0,0.009363379912358097
2026-08-07,2026-08-07_134849_142666_1_R7_C6_10,7,400.0,3.5,6,holding,7,0.40062589999999787,0.0,0.39197752188908463,0.0,1.6008044157877808
2026-08-07,2026-08-07_134849_142666_1_R7_C6_10,7,400.0,3.5,6,inter_cycle_dwell,30,1.9443546000000005,0.0,-0.21530286381551933,0.0,0.009308733044097794
2026-08-07,2026-08-07_134849_142666_1_R7_C6_10,7,400.0,3.5,7,holding,8,0.464799799999998,0.0,0.4159605605668806,0.0,1.6384927630794452
2026-08-07,2026-08-07_134849_142666_1_R7_C6_10,7,400.0,3.5,7,inter_cycle_dwell,30,1.9356982999999985,0.0,-0.24268689521997017,0.0,0.009364140095556146
2026-08-07,2026-08-07_134849_142666_1_R7_C6_10,7,400.0,3.5,8,holding,7,0.3999819000000002,0.0,0.5127001906897697,0.0,1.7921550502114743
2026-08-07,2026-08-07_134849_142666_1_R7_C6_10,7,400.0,3.5,8,inter_cycle_dwell,30,1.9382271999999965,0.0,-0.23608258660237957,0.0,0.01683898202235455
2026-08-07,2026-08-07_134849_142666_1_R7_C6_10,7,400.0,3.5,9,holding,7,0.4000619000000043,0.0,0.5272410191810935,0.0,1.8017892785518472
2026-08-07,2026-08-07_134849_142666_1_R7_C6_10,7,400.0,3.5,9,inter_cycle_dwell,30,1.9361552999999958,0.0,-0.26554587592506373,0.0,0.010968418361183896
2026-08-07,2026-08-07_134849_142666_1_R7_C6_10,7,400.0,3.5,10,holding,7,0.40146000000000015,0.0,0.5007540787767901,0.0,1.7540215016012002
2026-08-07,2026-08-07_135023_601951_1_R7_C7_10,7,600.0,1.75,1,holding,7,0.3994612999999998,0.0,0.29198983941080464,0.0,0.7235791768943973
2026-08-07,2026-08-07_135023_601951_1_R7_C7_10,7,600.0,1.75,1,inter_cycle_dwell,30,1.9359043000000002,0.0,-0.381408810132731,0.0,0.005336976686880754
2026-08-07,2026-08-07_135023_601951_1_R7_C7_10,7,600.0,1.75,2,holding,8,0.46390379999999976,0.0,0.426354350527387,0.0,0.706905463821276
2026-08-07,2026-08-07_135023_601951_1_R7_C7_10,7,600.0,1.75,2,inter_cycle_dwell,30,1.9358450000000005,0.0,-0.4928636193593012,0.0,0.007836674397976251
2026-08-07,2026-08-07_135023_601951_1_R7_C7_10,7,600.0,1.75,3,holding,8,0.4640385000000009,0.0,0.501177896628449,0.0,0.713048469146814
2026-08-07,2026-08-07_135023_601951_1_R7_C7_10,7,600.0,1.75,3,inter_cycle_dwell,30,1.9365445999999995,0.0,-0.28148567485925247,0.0,0.009344060919713945
2026-08-07,2026-08-07_135023_601951_1_R7_C7_10,7,600.0,1.75,4,holding,8,0.46396559999999987,0.0,0.5198500309931646,0.0,0.7137895967949935
2026-08-07,2026-08-07_135023_601951_1_R7_C7_10,7,600.0,1.75,4,inter_cycle_dwell,30,1.9359596999999997,0.0,-0.3310739951694553,0.0,0.007857164866435798
2026-08-07,2026-08-07_135023_601951_1_R7_C7_10,7,600.0,1.75,5,holding,7,0.40031019999999984,0.0,0.33929670936212775,0.0,0.708611109116928
2026-08-07,2026-08-07_135023_601951_1_R7_C7_10,7,600.0,1.75,5,inter_cycle_dwell,30,1.9353566000000004,0.0,-0.37765987547899454,0.0,0.006172800309421703
2026-08-07,2026-08-07_135023_601951_1_R7_C7_10,7,600.0,1.75,6,holding,7,0.40156179999999964,0.0,0.3388314500715369,0.0,0.7088819267502545
2026-08-07,2026-08-07_135023_601951_1_R7_C7_10,7,600.0,1.75,6,inter_cycle_dwell,30,1.9355437000000002,0.0,-0.35585314922961037,0.0,0.0062426983519806994
2026-08-07,2026-08-07_135023_601951_1_R7_C7_10,7,600.0,1.75,7,holding,7,0.3997671000000018,0.0,0.38430036531875417,0.0,0.7141765287014366
2026-08-07,2026-08-07_135023_601951_1_R7_C7_10,7,600.0,1.75,7,inter_cycle_dwell,30,1.938226199999999,0.0,-0.4401771156635853,0.0,0.008523192837634058
2026-08-07,2026-08-07_135023_601951_1_R7_C7_10,7,600.0,1.75,8,holding,8,0.46394790000000086,0.0,0.43289477647672014,0.0,0.7136041069390715
2026-08-07,2026-08-07_135023_601951_1_R7_C7_10,7,600.0,1.75,8,inter_cycle_dwell,30,1.935678799999998,0.0,-0.4648327778404149,0.0,0.007037962446759541
2026-08-07,2026-08-07_135023_601951_1_R7_C7_10,7,600.0,1.75,9,holding,8,0.4636706000000004,0.0,0.433885340525034,0.0,0.7129868454212847
2026-08-07,2026-08-07_135023_601951_1_R7_C7_10,7,600.0,1.75,9,inter_cycle_dwell,30,1.9333549000000012,0.0,-0.4405106775460043,0.0,0.00655480027625481
2026-08-07,2026-08-07_135023_601951_1_R7_C7_10,7,600.0,1.75,10,holding,8,0.4645680999999975,0.0,0.4689069309030428,0.0,0.7143795324424751
2026-08-07,2026-08-07_135138_998584_1_R7_C8_10,7,600.0,2.625,1,holding,7,0.39909989999999973,0.0,0.30784924464812957,0.0,1.0990204335527891
2026-08-07,2026-08-07_135138_998584_1_R7_C8_10,7,600.0,2.625,1,inter_cycle_dwell,30,1.9361751999999997,0.0,-0.2240272616916241,0.0,0.013445141340233308
2026-08-07,2026-08-07_135138_998584_1_R7_C8_10,7,600.0,2.625,2,holding,7,0.3999353999999995,0.0,0.4516966274848918,0.0,1.0906101442886462
2026-08-07,2026-08-07_135138_998584_1_R7_C8_10,7,600.0,2.625,2,inter_cycle_dwell,30,1.9360166000000012,0.0,-0.2771447648213496,0.0,0.009361091173918992
2026-08-07,2026-08-07_135138_998584_1_R7_C8_10,7,600.0,2.625,3,holding,8,0.4639154999999988,0.0,0.42344111577651866,0.0,1.0748533741014492
2026-08-07,2026-08-07_135138_998584_1_R7_C8_10,7,600.0,2.625,3,inter_cycle_dwell,30,1.9365453000000006,0.0,-0.4756741604662963,0.0,0.006801794772492403
2026-08-07,2026-08-07_135138_998584_1_R7_C8_10,7,600.0,2.625,4,holding,7,0.399951699999999,0.0,0.3810988762062133,0.0,1.0611080727063709
2026-08-07,2026-08-07_135138_998584_1_R7_C8_10,7,600.0,2.625,4,inter_cycle_dwell,30,1.9358516999999988,0.0,-0.24603151395371925,0.0,0.005318935139802347
2026-08-07,2026-08-07_135138_998584_1_R7_C8_10,7,600.0,2.625,5,holding,7,0.39952580000000104,0.0,0.3882398646404842,0.0,1.0729726790916208
2026-08-07,2026-08-07_135138_998584_1_R7_C8_10,7,600.0,2.625,5,inter_cycle_dwell,29,1.8556634999999986,0.0,-0.21804756925406887,0.0,0.008819754763234988
2026-08-07,2026-08-07_135138_998584_1_R7_C8_10,7,600.0,2.625,6,holding,7,0.4015537000000009,0.0,0.37381784662718454,0.0,1.065563866955414
2026-08-07,2026-08-07_135138_998584_1_R7_C8_10,7,600.0,2.625,6,inter_cycle_dwell,30,1.9360448000000012,0.0,-0.24767586646864823,0.0,0.004534167065811695
2026-08-07,2026-08-07_135138_998584_1_R7_C8_10,7,600.0,2.625,7,holding,7,0.3999307999999999,0.0,0.3243663888421572,0.0,1.0566291167253812
2026-08-07,2026-08-07_135138_998584_1_R7_C8_10,7,600.0,2.625,7,inter_cycle_dwell,30,1.9360494000000017,0.0,-0.4334957718219924,0.0,0.007068879906421105
2026-08-07,2026-08-07_135138_998584_1_R7_C8_10,7,600.0,2.625,8,holding,7,0.39389540000000167,0.0,0.3409715008116868,0.0,1.0068051226596457
2026-08-07,2026-08-07_135138_998584_1_R7_C8_10,7,600.0,2.625,8,inter_cycle_dwell,30,1.9360685999999987,0.0,-0.39895269404644673,0.0,0.010742350318868457
2026-08-07,2026-08-07_135138_998584_1_R7_C8_10,7,600.0,2.625,9,holding,7,0.3999342000000006,0.0,0.27024025381819605,0.0,1.0405184259294125
2026-08-07,2026-08-07_135138_998584_1_R7_C8_10,7,600.0,2.625,9,inter_cycle_dwell,30,1.9279098999999995,0.0,-0.34130892248009803,0.0,0.008408936278093151
2026-08-07,2026-08-07_135138_998584_1_R7_C8_10,7,600.0,2.625,10,holding,8,0.4640648999999968,0.0,0.5377466610778221,0.0,1.0658828850243156
2026-08-07,2026-08-07_135241_805113_1_R7_C9_10,7,600.0,3.5,1,holding,8,0.46387519999999993,0.0,0.6624824312025009,0.0,1.5366887922711079
2026-08-07,2026-08-07_135241_805113_1_R7_C9_10,7,600.0,3.5,1,inter_cycle_dwell,30,1.9359084000000002,0.0,-0.3383978676044168,0.0,0.0038337623937293452
2026-08-07,2026-08-07_135241_805113_1_R7_C9_10,7,600.0,3.5,2,holding,7,0.3923823999999998,0.0,0.4831793860157345,0.0,1.648184553030795
2026-08-07,2026-08-07_135241_805113_1_R7_C9_10,7,600.0,3.5,2,inter_cycle_dwell,30,1.936230000000001,0.0,-0.3386150023635987,0.0,0.005147351035015887
2026-08-07,2026-08-07_135241_805113_1_R7_C9_10,7,600.0,3.5,3,holding,7,0.40059290000000125,0.0,0.4986616997516369,0.0,1.6697193012699771
2026-08-07,2026-08-07_135241_805113_1_R7_C9_10,7,600.0,3.5,3,inter_cycle_dwell,30,1.9359344000000007,0.0,-0.2390769330388519,0.0,0.0227722217674583
2026-08-07,2026-08-07_135241_805113_1_R7_C9_10,7,600.0,3.5,4,holding,7,0.4002251000000001,0.0,0.34346813601775317,0.0,1.5980552172986284
2026-08-07,2026-08-07_135241_805113_1_R7_C9_10,7,600.0,3.5,4,inter_cycle_dwell,30,1.9355823,0.0,-0.20619893987718868,0.0,0.013206965015312794
2026-08-07,2026-08-07_135241_805113_1_R7_C9_10,7,600.0,3.5,5,holding,8,0.4639299000000001,0.0,0.5668987676456068,0.0,1.567016856564574
2026-08-07,2026-08-07_135241_805113_1_R7_C9_10,7,600.0,3.5,5,inter_cycle_dwell,30,1.935735600000001,0.0,-0.4135525171692354,0.0,0.006512460186516855
2026-08-07,2026-08-07_135241_805113_1_R7_C9_10,7,600.0,3.5,6,holding,7,0.39978340000000046,0.0,0.3568791317838478,0.0,1.241798888821951
2026-08-07,2026-08-07_135241_805113_1_R7_C9_10,7,600.0,3.5,6,inter_cycle_dwell,30,1.9355902999999977,0.0,-0.2536041047709589,0.0,0.010457046658823507
2026-08-07,2026-08-07_135241_805113_1_R7_C9_10,7,600.0,3.5,7,holding,7,0.3979701999999996,0.0,0.5185717041991642,0.0,1.6291067306518097
2026-08-07,2026-08-07_135241_805113_1_R7_C9_10,7,600.0,3.5,7,inter_cycle_dwell,30,1.932338999999999,0.0,-0.201157574114592,0.0,0.01068351511493014
2026-08-07,2026-08-07_135241_805113_1_R7_C9_10,7,600.0,3.5,8,holding,8,0.46398880000000275,0.0,0.4431499052246677,0.0,1.473697602143613
2026-08-07,2026-08-07_135241_805113_1_R7_C9_10,7,600.0,3.5,8,inter_cycle_dwell,30,1.9359116999999983,0.0,-0.22218195784249337,0.0,0.011064441008663245
2026-08-07,2026-08-07_135241_805113_1_R7_C9_10,7,600.0,3.5,9,holding,8,0.4636496999999977,0.0,0.4748841752552486,0.0,1.3846501683973926
2026-08-07,2026-08-07_135241_805113_1_R7_C9_10,7,600.0,3.5,9,inter_cycle_dwell,30,1.9358326000000048,0.0,-0.3033799050049998,0.0,0.00960950084179045
2026-08-07,2026-08-07_135241_805113_1_R7_C9_10,7,600.0,3.5,10,holding,7,0.3999282999999991,0.0,0.4709800528203061,0.0,1.488700319785474
2026-08-07,2026-08-07_135536_092435_1_R6_C1_10,6,200.0,1.75,1,holding,8,0.4639487000000002,0.0,0.18745510261054033,0.0,1.0799417234244162
2026-08-07,2026-08-07_135536_092435_1_R6_C1_10,6,200.0,1.75,1,inter_cycle_dwell,30,1.9362668000000003,0.0,-0.1381202579025328,0.0,0.004821082294712342
2026-08-07,2026-08-07_135536_092435_1_R6_C1_10,6,200.0,1.75,2,holding,8,0.4640336999999999,0.0,0.2334854364398381,0.0,1.0165801312867893
2026-08-07,2026-08-07_135536_092435_1_R6_C1_10,6,200.0,1.75,2,inter_cycle_dwell,30,1.9365675000000007,0.0,-0.13263213094808085,0.0,0.01228648038741803
2026-08-07,2026-08-07_135536_092435_1_R6_C1_10,6,200.0,1.75,3,holding,8,0.4640898,0.0,0.3096901781656147,0.0,1.0513078648740222
2026-08-07,2026-08-07_135536_092435_1_R6_C1_10,6,200.0,1.75,3,inter_cycle_dwell,30,1.9364000000000008,0.0,-0.1580875411371117,0.0,0.011583947807213835
2026-08-07,2026-08-07_135536_092435_1_R6_C1_10,6,200.0,1.75,4,holding,7,0.39967629999999943,0.0,0.19835853931434833,0.0,1.109434901881023
2026-08-07,2026-08-07_135536_092435_1_R6_C1_10,6,200.0,1.75,4,inter_cycle_dwell,30,1.935911599999999,0.0,-0.16926604478072654,0.0,0.01177988991509793
2026-08-07,2026-08-07_135536_092435_1_R6_C1_10,6,200.0,1.75,5,holding,7,0.4000320999999971,0.0,0.2224681526578418,0.0,1.0508139891995987
2026-08-07,2026-08-07_135536_092435_1_R6_C1_10,6,200.0,1.75,5,inter_cycle_dwell,30,1.9360990999999999,0.0,-0.1260938465474052,0.0,0.004176394292022656
2026-08-07,2026-08-07_135536_092435_1_R6_C1_10,6,200.0,1.75,6,holding,8,0.46653550000000266,0.0,0.3126478993928956,0.0,1.0581008808991519
2026-08-07,2026-08-07_135536_092435_1_R6_C1_10,6,200.0,1.75,6,inter_cycle_dwell,30,1.9360225999999976,0.0,-0.14774009306442487,0.0,0.009771166455657287
2026-08-07,2026-08-07_135536_092435_1_R6_C1_10,6,200.0,1.75,7,holding,8,0.4678931999999989,0.0,0.32644561334052935,0.0,1.1082712653162747
2026-08-07,2026-08-07_135536_092435_1_R6_C1_10,6,200.0,1.75,7,inter_cycle_dwell,30,1.935741499999999,0.0,-0.12159967886910755,0.0,0.004897891249169117
2026-08-07,2026-08-07_135536_092435_1_R6_C1_10,6,200.0,1.75,8,holding,7,0.3989754000000012,0.0,0.22521396484365808,0.0,1.0743534692075265
2026-08-07,2026-08-07_135536_092435_1_R6_C1_10,6,200.0,1.75,8,inter_cycle_dwell,31,1.9997671999999973,0.0,-0.18217883792466205,0.0,0.004660763616475216
2026-08-07,2026-08-07_135536_092435_1_R6_C1_10,6,200.0,1.75,9,holding,7,0.40031259999999946,0.0,0.2442618568074939,0.0,1.009397592537099
2026-08-07,2026-08-07_135536_092435_1_R6_C1_10,6,200.0,1.75,9,inter_cycle_dwell,30,1.9411875999999992,0.0,-0.10039403440745048,0.0,0.022696829601754176
2026-08-07,2026-08-07_135536_092435_1_R6_C1_10,6,200.0,1.75,10,holding,8,0.4612361000000007,0.0,0.28976361053533506,0.0,1.1116738908453914
2026-08-07,2026-08-07_135707_048188_1_R6_C2_10,6,200.0,2.625,1,holding,8,0.47998530000000006,0.0,0.1760093543102601,0.0,1.6517808891416679
2026-08-07,2026-08-07_135707_048188_1_R6_C2_10,6,200.0,2.625,1,inter_cycle_dwell,30,1.9359864999999998,0.0,-0.11437683881699529,0.0,0.014931548650093218
2026-08-07,2026-08-07_135707_048188_1_R6_C2_10,6,200.0,2.625,2,holding,8,0.4639806999999996,0.0,0.24993578575553377,0.0,1.615878948653525
2026-08-07,2026-08-07_135707_048188_1_R6_C2_10,6,200.0,2.625,2,inter_cycle_dwell,30,1.9361790999999995,0.0,-0.11766754114084116,0.0,0.022058750252824055
2026-08-07,2026-08-07_135707_048188_1_R6_C2_10,6,200.0,2.625,3,holding,7,0.4000889000000001,0.0,0.20657234295675586,0.0,1.659158956652833
2026-08-07,2026-08-07_135707_048188_1_R6_C2_10,6,200.0,2.625,3,inter_cycle_dwell,30,1.9365602000000006,0.0,-0.15700277224039222,0.0,0.008048529802250404
2026-08-07,2026-08-07_135707_048188_1_R6_C2_10,6,200.0,2.625,4,holding,7,0.40000649999999993,0.0,0.23276512700546448,0.0,1.6096918587401765
2026-08-07,2026-08-07_135707_048188_1_R6_C2_10,6,200.0,2.625,4,inter_cycle_dwell,29,1.8718753999999969,0.0,-0.0789918827424661,0.0,0.01718905650120578
2026-08-07,2026-08-07_135707_048188_1_R6_C2_10,6,200.0,2.625,5,holding,8,0.4640371000000023,0.0,0.2555456967783465,0.0,1.529926391494811
2026-08-07,2026-08-07_135707_048188_1_R6_C2_10,6,200.0,2.625,5,inter_cycle_dwell,30,1.9359676000000015,0.0,-0.1365995529461631,0.0,0.01584005938246441
2026-08-07,2026-08-07_135707_048188_1_R6_C2_10,6,200.0,2.625,6,holding,7,0.4000401000000018,0.0,0.18469385893708856,0.0,1.5718192943441627
2026-08-07,2026-08-07_135707_048188_1_R6_C2_10,6,200.0,2.625,6,inter_cycle_dwell,30,1.936304500000002,0.0,-0.1436014009142974,0.0,0.01942296424307699
2026-08-07,2026-08-07_135707_048188_1_R6_C2_10,6,200.0,2.625,7,holding,7,0.4000989999999973,0.0,0.2547170231258884,0.0,1.5803602114729516
2026-08-07,2026-08-07_135707_048188_1_R6_C2_10,6,200.0,2.625,7,inter_cycle_dwell,30,1.935750200000001,0.0,-0.09784707821144473,0.0,0.007937888487197453
2026-08-07,2026-08-07_135707_048188_1_R6_C2_10,6,200.0,2.625,8,holding,8,0.46400340000000284,0.0,0.2447180101563049,0.0,1.5572509369395027
2026-08-07,2026-08-07_135707_048188_1_R6_C2_10,6,200.0,2.625,8,inter_cycle_dwell,30,1.9358514999999983,0.0,-0.0943679058477288,0.0,0.0033011447362154556
2026-08-07,2026-08-07_135707_048188_1_R6_C2_10,6,200.0,2.625,9,holding,8,0.4638403000000011,0.0,0.34488764133254146,0.0,1.6386430973426855
2026-08-07,2026-08-07_135707_048188_1_R6_C2_10,6,200.0,2.625,9,inter_cycle_dwell,30,1.9358554000000012,0.0,-0.12441822662541457,0.0,0.008701715327672943
2026-08-07,2026-08-07_135707_048188_1_R6_C2_10,6,200.0,2.625,10,holding,7,0.4000039000000015,0.0,0.2377300846679571,0.0,1.6348212095435573
2026-08-07,2026-08-07_135821_173621_1_R6_C3_10,6,200.0,3.5,1,holding,7,0.4002918000000002,0.0,0.3650144767467651,0.0,2.653833413908036
2026-08-07,2026-08-07_135821_173621_1_R6_C3_10,6,200.0,3.5,1,inter_cycle_dwell,45,2.9429917000000003,0.0,-0.05327167833629748,0.0,0.029647553015903882
2026-08-07,2026-08-07_135821_173621_1_R6_C3_10,6,200.0,3.5,2,holding,8,0.46405409999999847,0.0,0.48343870562067703,0.0,2.5067312888390347
2026-08-07,2026-08-07_135821_173621_1_R6_C3_10,6,200.0,3.5,2,inter_cycle_dwell,44,2.8791424999999986,0.0,-0.05367725047885946,0.0,0.006889339860552568
2026-08-07,2026-08-07_135821_173621_1_R6_C3_10,6,200.0,3.5,3,holding,7,0.4009336000000001,0.0,0.3343905011264381,0.0,2.4305448272366834
2026-08-07,2026-08-07_135821_173621_1_R6_C3_10,6,200.0,3.5,3,inter_cycle_dwell,45,2.923923500000001,0.0,-0.055508619550370786,0.0,0.022396384859670382
2026-08-07,2026-08-07_135821_173621_1_R6_C3_10,6,200.0,3.5,4,holding,8,0.4827553999999985,0.0,0.4189780442401867,0.0,2.4271451359799032
2026-08-07,2026-08-07_135821_173621_1_R6_C3_10,6,200.0,3.5,4,inter_cycle_dwell,45,2.9278451000000025,0.0,-0.02048938881480844,0.0,0.005650064499532315
2026-08-07,2026-08-07_135821_173621_1_R6_C3_10,6,200.0,3.5,5,holding,7,0.39991730000000203,0.0,0.6094754304219763,0.0,2.3974751955812286
2026-08-07,2026-08-07_135821_173621_1_R6_C3_10,6,200.0,3.5,5,inter_cycle_dwell,45,2.9436223000000012,0.0,-0.05732779850184261,0.0,0.0022984814319247926
2026-08-07,2026-08-07_135821_173621_1_R6_C3_10,6,200.0,3.5,6,holding,8,0.4640871000000004,0.0,0.13812614654437594,0.0,2.067102266472361
2026-08-07,2026-08-07_135821_173621_1_R6_C3_10,6,200.0,3.5,6,inter_cycle_dwell,45,2.9437495999999967,0.0,-0.0752137631467995,0.0,0.006398237127414164
2026-08-07,2026-08-07_135821_173621_1_R6_C3_10,6,200.0,3.5,7,holding,7,0.39995449999999977,0.0,0.19100291027764116,0.0,2.1722151227344098
2026-08-07,2026-08-07_135821_173621_1_R6_C3_10,6,200.0,3.5,7,inter_cycle_dwell,45,2.9257115999999996,0.0,-0.014334499812928003,0.0,0.03272731637143861
2026-08-07,2026-08-07_135821_173621_1_R6_C3_10,6,200.0,3.5,8,holding,8,0.47973919999999737,0.0,0.6615913338370691,0.0,2.816352185569272
2026-08-07,2026-08-07_135821_173621_1_R6_C3_10,6,200.0,3.5,8,inter_cycle_dwell,45,2.9283351999999994,0.0,-0.08422520102360931,0.0,-0.014848166829852849
2026-08-07,2026-08-07_135821_173621_1_R6_C3_10,6,200.0,3.5,9,holding,7,0.3999021000000056,0.0,0.5907813867880938,0.0,1.6629003414894394
2026-08-07,2026-08-07_135821_173621_1_R6_C3_10,6,200.0,3.5,9,inter_cycle_dwell,44,2.8796919999999986,0.0,0.029860851958199486,0.0,0.026794256116642268
2026-08-07,2026-08-07_135821_173621_1_R6_C3_10,6,200.0,3.5,10,holding,7,0.40023460000000455,0.0,0.855774926360874,0.0,3.088503758246337
2026-08-07,2026-08-07_135952_640577_1_R6_C4_10,6,400.0,1.75,1,holding,7,0.4013333000000001,0.0,0.45519374417526903,0.0,0.904687115974837
2026-08-07,2026-08-07_135952_640577_1_R6_C4_10,6,400.0,1.75,1,inter_cycle_dwell,30,1.9362151,0.0,-0.19357182754732155,0.0,0.02151091994958948
2026-08-07,2026-08-07_135952_640577_1_R6_C4_10,6,400.0,1.75,2,holding,7,0.40015549999999944,0.0,0.3103222569304305,0.0,0.9340910361796895
2026-08-07,2026-08-07_135952_640577_1_R6_C4_10,6,400.0,1.75,2,inter_cycle_dwell,30,1.9353398000000004,0.0,-0.2040478312961413,0.0,0.017367695968348806
2026-08-07,2026-08-07_135952_640577_1_R6_C4_10,6,400.0,1.75,3,holding,8,0.4642178000000001,0.0,0.5000933835914972,0.0,0.9014878435458747
2026-08-07,2026-08-07_135952_640577_1_R6_C4_10,6,400.0,1.75,3,inter_cycle_dwell,30,1.9360160000000004,0.0,-0.2296564116493065,0.0,0.03309439875646686
2026-08-07,2026-08-07_135952_640577_1_R6_C4_10,6,400.0,1.75,4,holding,8,0.46690579999999926,0.0,0.4564314505204295,0.0,0.8590118461500527
2026-08-07,2026-08-07_135952_640577_1_R6_C4_10,6,400.0,1.75,4,inter_cycle_dwell,30,1.935861000000001,0.0,-0.10186594842478941,0.0,0.01636976504200577
2026-08-07,2026-08-07_135952_640577_1_R6_C4_10,6,400.0,1.75,5,holding,8,0.46608480000000085,0.0,0.5086699124751042,0.0,0.8996937604424764
2026-08-07,2026-08-07_135952_640577_1_R6_C4_10,6,400.0,1.75,5,inter_cycle_dwell,30,1.9360412000000018,0.0,-0.31617325165108184,0.0,0.03144128630903226
2026-08-07,2026-08-07_135952_640577_1_R6_C4_10,6,400.0,1.75,6,holding,8,0.4642291000000007,0.0,0.45404680284740906,0.0,0.9203872211848729
2026-08-07,2026-08-07_135952_640577_1_R6_C4_10,6,400.0,1.75,6,inter_cycle_dwell,30,1.9357924000000004,0.0,-0.36184054015493244,0.0,0.007573782216445724
2026-08-07,2026-08-07_135952_640577_1_R6_C4_10,6,400.0,1.75,7,holding,7,0.4026463999999983,0.0,0.4105969785140271,0.0,0.9048881426662453
2026-08-07,2026-08-07_135952_640577_1_R6_C4_10,6,400.0,1.75,7,inter_cycle_dwell,30,1.936014199999999,0.0,-0.27657939969750056,0.0,0.01357830463230647
2026-08-07,2026-08-07_135952_640577_1_R6_C4_10,6,400.0,1.75,8,holding,7,0.40040600000000026,0.0,0.384583544836983,0.0,0.9126736900826663
2026-08-07,2026-08-07_135952_640577_1_R6_C4_10,6,400.0,1.75,8,inter_cycle_dwell,30,1.9357308999999994,0.0,-0.22790012401380322,0.0,0.010482750427796894
2026-08-07,2026-08-07_135952_640577_1_R6_C4_10,6,400.0,1.75,9,holding,8,0.4640178999999982,0.0,0.551913131209294,0.0,0.9049045460838698
2026-08-07,2026-08-07_135952_640577_1_R6_C4_10,6,400.0,1.75,9,inter_cycle_dwell,30,1.935778299999999,0.0,-0.24408023720845717,0.0,0.01159198653877247
2026-08-07,2026-08-07_135952_640577_1_R6_C4_10,6,400.0,1.75,10,holding,8,0.46400960000000424,0.0,0.4885485304216117,0.0,0.9055984466396053
2026-08-07,2026-08-07_140114_451664_1_R6_C5_10,6,400.0,2.625,1,holding,8,0.4642535000000003,0.0,0.9014189120850171,0.0,1.699617223036916
2026-08-07,2026-08-07_140114_451664_1_R6_C5_10,6,400.0,2.625,1,inter_cycle_dwell,30,1.9364835000000005,0.0,-0.2965438508929398,0.0,0.013374122971540725
2026-08-07,2026-08-07_140114_451664_1_R6_C5_10,6,400.0,2.625,2,holding,8,0.4790941999999996,0.0,0.8139624440736367,0.0,1.7784623261692643
2026-08-07,2026-08-07_140114_451664_1_R6_C5_10,6,400.0,2.625,2,inter_cycle_dwell,30,1.9358911999999995,0.0,-0.11877935607579704,0.0,0.031009596949173046
2026-08-07,2026-08-07_140114_451664_1_R6_C5_10,6,400.0,2.625,3,holding,8,0.4636508999999993,0.0,0.995419276444335,0.0,2.014230374802466
2026-08-07,2026-08-07_140114_451664_1_R6_C5_10,6,400.0,2.625,3,inter_cycle_dwell,29,1.8561444000000016,0.0,-0.11072747345939526,0.0,0.02351300756559127
2026-08-07,2026-08-07_140114_451664_1_R6_C5_10,6,400.0,2.625,4,holding,8,0.4638515000000005,0.0,0.9879234393256815,0.0,2.0039684297443228
2026-08-07,2026-08-07_140114_451664_1_R6_C5_10,6,400.0,2.625,4,inter_cycle_dwell,30,1.9360875999999987,0.0,-0.2602340014989558,0.0,0.014354277167629825
2026-08-07,2026-08-07_140114_451664_1_R6_C5_10,6,400.0,2.625,5,holding,8,0.4646998999999994,0.0,0.882027940121288,0.0,2.0081175601035155
2026-08-07,2026-08-07_140114_451664_1_R6_C5_10,6,400.0,2.625,5,inter_cycle_dwell,30,1.9361020000000018,0.0,-0.2671975212682516,0.0,0.019964911879515768
2026-08-07,2026-08-07_140114_451664_1_R6_C5_10,6,400.0,2.625,6,holding,8,0.4650590000000001,0.0,0.9598495561172671,0.0,2.0681204200159033
2026-08-07,2026-08-07_140114_451664_1_R6_C5_10,6,400.0,2.625,6,inter_cycle_dwell,30,1.9361594999999987,0.0,-0.2788734923721137,0.0,-0.0013545139242930881
2026-08-07,2026-08-07_140114_451664_1_R6_C5_10,6,400.0,2.625,7,holding,8,0.4676229999999997,0.0,0.9490199248655304,0.0,1.9464463670023806
2026-08-07,2026-08-07_140114_451664_1_R6_C5_10,6,400.0,2.625,7,inter_cycle_dwell,30,1.926331900000001,0.0,-0.23184636296054917,0.0,0.006646005127534105
2026-08-07,2026-08-07_140114_451664_1_R6_C5_10,6,400.0,2.625,8,holding,8,0.4640261999999993,0.0,0.9084911866193484,0.0,1.9686801254420165
2026-08-07,2026-08-07_140114_451664_1_R6_C5_10,6,400.0,2.625,8,inter_cycle_dwell,30,1.9336818000000022,0.0,-0.2738830382186518,0.0,0.01680543098995202
2026-08-07,2026-08-07_140114_451664_1_R6_C5_10,6,400.0,2.625,9,holding,8,0.4638440999999993,0.0,0.949516855322833,0.0,2.022918379314597
2026-08-07,2026-08-07_140114_451664_1_R6_C5_10,6,400.0,2.625,9,inter_cycle_dwell,30,1.9359717999999972,0.0,-0.2570841110265454,0.0,0.009276739315384974
2026-08-07,2026-08-07_140114_451664_1_R6_C5_10,6,400.0,2.625,10,holding,8,0.480086,0.0,0.9500518701342788,0.0,1.9984588679217188
2026-08-07,2026-08-07_140221_558208_1_R6_C6_10,6,400.0,3.5,1,holding,8,0.4637728000000001,0.0,1.2849588900041398,0.0,2.7818415116606108
2026-08-07,2026-08-07_140221_558208_1_R6_C6_10,6,400.0,3.5,1,inter_cycle_dwell,30,1.9362091000000001,0.0,-0.1328965286075634,0.0,0.026910202675495265
2026-08-07,2026-08-07_140221_558208_1_R6_C6_10,6,400.0,3.5,2,holding,8,0.46080029999999983,0.0,1.1372820679928806,0.0,2.7143442293120286
2026-08-07,2026-08-07_140221_558208_1_R6_C6_10,6,400.0,3.5,2,inter_cycle_dwell,30,1.9359691999999997,0.0,-0.08354076153709639,0.0,0.017373193061113235
2026-08-07,2026-08-07_140221_558208_1_R6_C6_10,6,400.0,3.5,3,holding,8,0.46496280000000034,0.0,1.7977095105700454,0.0,3.5046859172635845
2026-08-07,2026-08-07_140221_558208_1_R6_C6_10,6,400.0,3.5,3,inter_cycle_dwell,30,1.9358336999999999,0.0,-0.158178867824946,0.0,0.00951630236755091
2026-08-07,2026-08-07_140221_558208_1_R6_C6_10,6,400.0,3.5,4,holding,7,0.3984702000000002,0.0,1.2632977447233684,0.0,3.495824944151477
2026-08-07,2026-08-07_140221_558208_1_R6_C6_10,6,400.0,3.5,4,inter_cycle_dwell,30,1.9360020999999978,0.0,-0.17032238199841965,0.0,0.00485299540088896
2026-08-07,2026-08-07_140221_558208_1_R6_C6_10,6,400.0,3.5,5,holding,8,0.46391279999999924,0.0,1.8333772029528428,0.0,3.3986215833200837
2026-08-07,2026-08-07_140221_558208_1_R6_C6_10,6,400.0,3.5,5,inter_cycle_dwell,30,1.9358471000000002,0.0,-0.1531357193003824,0.0,0.011564000507218397
2026-08-07,2026-08-07_140221_558208_1_R6_C6_10,6,400.0,3.5,6,holding,7,0.39958029999999667,0.0,1.1989686548236898,0.0,3.402900392641496
2026-08-07,2026-08-07_140221_558208_1_R6_C6_10,6,400.0,3.5,6,inter_cycle_dwell,30,1.9357876000000012,0.0,-0.17395503062741496,0.0,0.01617971795301426
2026-08-07,2026-08-07_140221_558208_1_R6_C6_10,6,400.0,3.5,7,holding,7,0.4000333999999981,0.0,0.8482502722514509,0.0,2.824225834810686
2026-08-07,2026-08-07_140221_558208_1_R6_C6_10,6,400.0,3.5,7,inter_cycle_dwell,30,1.935885299999999,0.0,-0.1699410371880154,0.0,0.02056327524080892
2026-08-07,2026-08-07_140221_558208_1_R6_C6_10,6,400.0,3.5,8,holding,7,0.40000889999999956,0.0,0.6741839953660991,0.0,2.3286279938011787
2026-08-07,2026-08-07_140221_558208_1_R6_C6_10,6,400.0,3.5,8,inter_cycle_dwell,30,1.9364714999999997,0.0,-0.190271806671995,0.0,0.01551390379743195
2026-08-07,2026-08-07_140221_558208_1_R6_C6_10,6,400.0,3.5,9,holding,7,0.4000375000000034,0.0,0.31636585126906547,0.0,1.529383829251194
2026-08-07,2026-08-07_140221_558208_1_R6_C6_10,6,400.0,3.5,9,inter_cycle_dwell,30,1.9183121999999955,0.0,-0.15705663741366133,0.0,0.014650674151230225
2026-08-07,2026-08-07_140221_558208_1_R6_C6_10,6,400.0,3.5,10,holding,7,0.40017069999999677,0.0,0.17896226407915417,0.0,1.4184698865287615
2026-08-07,2026-08-07_140358_124283_1_R6_C7_10,6,600.0,1.75,1,holding,7,0.4045936000000001,0.0,0.3195111309420742,0.0,0.628966228910987
2026-08-07,2026-08-07_140358_124283_1_R6_C7_10,6,600.0,1.75,1,inter_cycle_dwell,30,1.9360833999999998,0.0,-0.32996887154499505,0.0,0.0067608458706559516
2026-08-07,2026-08-07_140358_124283_1_R6_C7_10,6,600.0,1.75,2,holding,7,0.4005578000000005,0.0,0.38946941278547925,0.0,0.6418369619126754
2026-08-07,2026-08-07_140358_124283_1_R6_C7_10,6,600.0,1.75,2,inter_cycle_dwell,30,1.9202104999999996,0.0,-0.3902672156693645,0.0,0.009304108565122093
2026-08-07,2026-08-07_140358_124283_1_R6_C7_10,6,600.0,1.75,3,holding,8,0.46393929999999983,0.0,0.3810773088561008,0.0,0.6344880924594649
2026-08-07,2026-08-07_140358_124283_1_R6_C7_10,6,600.0,1.75,3,inter_cycle_dwell,30,1.9360389000000016,0.0,-0.25507428188166326,0.0,0.014736925757464825
2026-08-07,2026-08-07_140358_124283_1_R6_C7_10,6,600.0,1.75,4,holding,8,0.4686583000000013,0.0,0.42970177296215095,0.0,0.621992484649927
2026-08-07,2026-08-07_140358_124283_1_R6_C7_10,6,600.0,1.75,4,inter_cycle_dwell,30,1.9360871999999993,0.0,-0.2865336982310688,0.0,0.006295847826677914
2026-08-07,2026-08-07_140358_124283_1_R6_C7_10,6,600.0,1.75,5,holding,7,0.40009300000000003,0.0,0.280301035964468,0.0,0.6334763831797394
2026-08-07,2026-08-07_140358_124283_1_R6_C7_10,6,600.0,1.75,5,inter_cycle_dwell,30,1.9396849000000014,0.0,-0.2973117156634764,0.0,0.00844730678196548
2026-08-07,2026-08-07_140358_124283_1_R6_C7_10,6,600.0,1.75,6,holding,7,0.40048499999999976,0.0,0.31713493980174595,0.0,0.6314901513385573
2026-08-07,2026-08-07_140358_124283_1_R6_C7_10,6,600.0,1.75,6,inter_cycle_dwell,30,1.9423806,0.0,-0.327788681029877,0.0,0.006862372591810995
2026-08-07,2026-08-07_140358_124283_1_R6_C7_10,6,600.0,1.75,7,holding,7,0.39987759999999994,0.0,0.3516716138972491,0.0,0.6315901454299003
2026-08-07,2026-08-07_140358_124283_1_R6_C7_10,6,600.0,1.75,7,inter_cycle_dwell,30,1.9357697000000016,0.0,-0.362954446644663,0.0,0.011664489693689883
2026-08-07,2026-08-07_140358_124283_1_R6_C7_10,6,600.0,1.75,8,holding,8,0.46353340000000287,0.0,0.3354644729678513,0.0,0.6292769599590352
2026-08-07,2026-08-07_140358_124283_1_R6_C7_10,6,600.0,1.75,8,inter_cycle_dwell,29,1.8722384999999981,0.0,-0.21444239963645334,0.0,0.010035550661369741
2026-08-07,2026-08-07_140358_124283_1_R6_C7_10,6,600.0,1.75,9,holding,8,0.46383360000000096,0.0,0.4519783989363523,0.0,0.6428183473257907
2026-08-07,2026-08-07_140358_124283_1_R6_C7_10,6,600.0,1.75,9,inter_cycle_dwell,30,1.9361710999999993,0.0,-0.2839116660373399,0.0,0.0063681695621111145
2026-08-07,2026-08-07_140358_124283_1_R6_C7_10,6,600.0,1.75,10,holding,7,0.3953415000000007,0.0,0.26987214111591173,0.0,0.6359226979939511
2026-08-07,2026-08-07_140514_509041_1_R6_C8_10,6,600.0,2.625,1,holding,7,0.4002437999999999,0.0,0.3458815970396212,0.0,0.9054324031477042
2026-08-07,2026-08-07_140514_509041_1_R6_C8_10,6,600.0,2.625,1,inter_cycle_dwell,30,1.9359807,0.0,-0.21656819335081529,0.0,0.009469245454017727
2026-08-07,2026-08-07_140514_509041_1_R6_C8_10,6,600.0,2.625,2,holding,7,0.3999730999999995,0.0,0.376070310004349,0.0,0.964570846290643
2026-08-07,2026-08-07_140514_509041_1_R6_C8_10,6,600.0,2.625,2,inter_cycle_dwell,30,1.9366129999999995,0.0,-0.36841199270955827,0.0,0.007155505987188615
2026-08-07,2026-08-07_140514_509041_1_R6_C8_10,6,600.0,2.625,3,holding,7,0.39993829999999875,0.0,0.33485276818935483,0.0,0.9620979219150604
2026-08-07,2026-08-07_140514_509041_1_R6_C8_10,6,600.0,2.625,3,inter_cycle_dwell,30,1.9362589999999997,0.0,-0.21078134431461776,0.0,-0.0008760899782099263
2026-08-07,2026-08-07_140514_509041_1_R6_C8_10,6,600.0,2.625,4,holding,7,0.39964079999999846,0.0,0.3413186382214102,0.0,0.916008151192423
2026-08-07,2026-08-07_140514_509041_1_R6_C8_10,6,600.0,2.625,4,inter_cycle_dwell,29,1.8559416000000013,0.0,-0.15735083390755839,0.0,0.0063419723434764985
2026-08-07,2026-08-07_140514_509041_1_R6_C8_10,6,600.0,2.625,5,holding,7,0.3949923999999996,0.0,0.46658430889169245,0.0,1.1450343823836113
2026-08-07,2026-08-07_140514_509041_1_R6_C8_10,6,600.0,2.625,5,inter_cycle_dwell,29,1.851048500000001,0.0,-0.1311730398685026,0.0,0.0029210115499874734
2026-08-07,2026-08-07_140514_509041_1_R6_C8_10,6,600.0,2.625,6,holding,7,0.39939190000000124,0.0,0.35699520400052775,0.0,1.021581683670319
2026-08-07,2026-08-07_140514_509041_1_R6_C8_10,6,600.0,2.625,6,inter_cycle_dwell,30,1.932265000000001,0.0,-0.18771762567853273,0.0,0.009072575078951595
2026-08-07,2026-08-07_140514_509041_1_R6_C8_10,6,600.0,2.625,7,holding,7,0.39992930000000015,0.0,0.38814292939316575,0.0,1.0589067055308192
2026-08-07,2026-08-07_140514_509041_1_R6_C8_10,6,600.0,2.625,7,inter_cycle_dwell,30,1.933604299999999,0.0,-0.19336976298508096,0.0,0.0026270740577609697
2026-08-07,2026-08-07_140514_509041_1_R6_C8_10,6,600.0,2.625,8,holding,7,0.40257310000000146,0.0,0.39887515538519125,0.0,1.0894387524343185
2026-08-07,2026-08-07_140514_509041_1_R6_C8_10,6,600.0,2.625,8,inter_cycle_dwell,30,1.9358266999999998,0.0,-0.32676998690550474,0.0,0.013877748134538348
2026-08-07,2026-08-07_140514_509041_1_R6_C8_10,6,600.0,2.625,9,holding,7,0.400446800000001,0.0,0.3785546808614185,0.0,1.0920336154513524
2026-08-07,2026-08-07_140514_509041_1_R6_C8_10,6,600.0,2.625,9,inter_cycle_dwell,30,1.936618099999997,0.0,-0.315495127551264,0.0,0.00890676306289312
2026-08-07,2026-08-07_140514_509041_1_R6_C8_10,6,600.0,2.625,10,holding,8,0.46176929999999317,0.0,0.5965288383251085,0.0,1.0868689627733192
2026-08-07,2026-08-07_140619_186445_1_R6_C9_10,6,600.0,3.5,1,holding,7,0.4000024000000002,0.0,0.44707735995855113,0.0,1.540515693239192
2026-08-07,2026-08-07_140619_186445_1_R6_C9_10,6,600.0,3.5,1,inter_cycle_dwell,30,1.9360816,0.0,-0.2256422140380494,0.0,0.011922767431040926
2026-08-07,2026-08-07_140619_186445_1_R6_C9_10,6,600.0,3.5,2,holding,7,0.4164836000000003,0.0,0.38670377839341086,0.0,1.5773029584634564
2026-08-07,2026-08-07_140619_186445_1_R6_C9_10,6,600.0,3.5,2,inter_cycle_dwell,30,1.9361584999999994,0.0,-0.3499247372468229,0.0,0.012847116905852995
2026-08-07,2026-08-07_140619_186445_1_R6_C9_10,6,600.0,3.5,3,holding,8,0.4638285,0.0,0.5971826609630013,0.0,1.6428066454826753
2026-08-07,2026-08-07_140619_186445_1_R6_C9_10,6,600.0,3.5,3,inter_cycle_dwell,30,1.9362314999999999,0.0,-0.28402824902093493,0.0,0.006443444329340187
2026-08-07,2026-08-07_140619_186445_1_R6_C9_10,6,600.0,3.5,4,holding,7,0.39998819999999924,0.0,0.4853372796500355,0.0,1.6048425700024609
2026-08-07,2026-08-07_140619_186445_1_R6_C9_10,6,600.0,3.5,4,inter_cycle_dwell,30,1.9362581999999993,0.0,-0.18276743827092634,0.0,0.012052748501143573
2026-08-07,2026-08-07_140619_186445_1_R6_C9_10,6,600.0,3.5,5,holding,7,0.40019089999999835,0.0,0.43558774220121244,0.0,1.6406791301217307
2026-08-07,2026-08-07_140619_186445_1_R6_C9_10,6,600.0,3.5,5,inter_cycle_dwell,30,1.9348351000000008,0.0,-0.17066194968010817,0.0,0.015362376212544049
2026-08-07,2026-08-07_140619_186445_1_R6_C9_10,6,600.0,3.5,6,holding,8,0.46396179999999987,0.0,0.5565427874614275,0.0,1.549036974198175
2026-08-07,2026-08-07_140619_186445_1_R6_C9_10,6,600.0,3.5,6,inter_cycle_dwell,30,1.9360485999999995,0.0,-0.27482584559487233,0.0,0.012474055729911504
2026-08-07,2026-08-07_140619_186445_1_R6_C9_10,6,600.0,3.5,7,holding,8,0.4640447999999999,0.0,0.5315028780503368,0.0,1.5764273906014135
2026-08-07,2026-08-07_140619_186445_1_R6_C9_10,6,600.0,3.5,7,inter_cycle_dwell,30,1.9362299000000007,0.0,-0.22624467212482546,0.0,0.010781625889694113
2026-08-07,2026-08-07_140619_186445_1_R6_C9_10,6,600.0,3.5,8,holding,7,0.399734500000001,0.0,0.560636116427284,0.0,1.5830332488816885
2026-08-07,2026-08-07_140619_186445_1_R6_C9_10,6,600.0,3.5,8,inter_cycle_dwell,30,1.9356038999999967,0.0,-0.25385498789479105,0.0,0.00947545419580581
2026-08-07,2026-08-07_140619_186445_1_R6_C9_10,6,600.0,3.5,9,holding,7,0.3997042999999998,0.0,0.5198631617931686,0.0,1.6152646885649204
2026-08-07,2026-08-07_140619_186445_1_R6_C9_10,6,600.0,3.5,9,inter_cycle_dwell,30,1.9357760999999982,0.0,-0.18983685625395602,0.0,0.005756318287078788
2026-08-07,2026-08-07_140619_186445_1_R6_C9_10,6,600.0,3.5,10,holding,7,0.3997750999999994,0.0,0.44380955521911636,0.0,1.6363603546370054
2026-08-07,2026-08-07_140827_356397_1_R5_C1_10,5,200.0,1.75,1,holding,7,0.39940580000000003,0.0,0.12699037215377107,0.0,0.5810513147419032
2026-08-07,2026-08-07_140827_356397_1_R5_C1_10,5,200.0,1.75,1,inter_cycle_dwell,30,1.9363249000000002,0.0,-0.1286465501006291,0.0,-0.00421222807721644
2026-08-07,2026-08-07_140827_356397_1_R5_C1_10,5,200.0,1.75,2,holding,8,0.4644174999999997,0.0,0.13521190292187568,0.0,0.5619457132998565
2026-08-07,2026-08-07_140827_356397_1_R5_C1_10,5,200.0,1.75,2,inter_cycle_dwell,30,1.9379771000000012,0.0,-0.10737251781574028,0.0,0.006783256356640899
2026-08-07,2026-08-07_140827_356397_1_R5_C1_10,5,200.0,1.75,3,holding,8,0.46427649999999865,0.0,0.14518119804019836,0.0,0.5576219782202031
2026-08-07,2026-08-07_140827_356397_1_R5_C1_10,5,200.0,1.75,3,inter_cycle_dwell,30,1.9369159000000007,0.0,-0.1170124425309205,0.0,0.0061710583747919545
2026-08-07,2026-08-07_140827_356397_1_R5_C1_10,5,200.0,1.75,4,holding,8,0.4639610999999988,0.0,0.14952406549664515,0.0,0.5442083854711133
2026-08-07,2026-08-07_140827_356397_1_R5_C1_10,5,200.0,1.75,4,inter_cycle_dwell,30,1.9359159000000012,0.0,-0.1296071094016172,0.0,0.005675966510293645
2026-08-07,2026-08-07_140827_356397_1_R5_C1_10,5,200.0,1.75,5,holding,8,0.46075400000000144,0.0,0.16438671378618386,0.0,0.5571835164377007
2026-08-07,2026-08-07_140827_356397_1_R5_C1_10,5,200.0,1.75,5,inter_cycle_dwell,30,1.9368446000000006,0.0,-0.1376081083489146,0.0,0.003546895585639448
2026-08-07,2026-08-07_140827_356397_1_R5_C1_10,5,200.0,1.75,6,holding,7,0.40005509999999944,0.0,0.11663285969487464,0.0,0.5465182966518451
2026-08-07,2026-08-07_140827_356397_1_R5_C1_10,5,200.0,1.75,6,inter_cycle_dwell,30,1.9361048000000025,0.0,-0.09971823615187458,0.0,0.006850041996425138
2026-08-07,2026-08-07_140827_356397_1_R5_C1_10,5,200.0,1.75,7,holding,8,0.46304440000000113,0.0,0.14045080220278033,0.0,0.5434594641349497
2026-08-07,2026-08-07_140827_356397_1_R5_C1_10,5,200.0,1.75,7,inter_cycle_dwell,30,1.9358444000000006,0.0,-0.10611699506924402,0.0,0.012232059121440986
2026-08-07,2026-08-07_140827_356397_1_R5_C1_10,5,200.0,1.75,8,holding,7,0.39990689999999773,0.0,0.09986558719488847,0.0,0.5612202409244097
2026-08-07,2026-08-07_140827_356397_1_R5_C1_10,5,200.0,1.75,8,inter_cycle_dwell,30,1.9199600000000032,0.0,-0.1360754193615844,0.0,0.005476699739762392
2026-08-07,2026-08-07_140827_356397_1_R5_C1_10,5,200.0,1.75,9,holding,7,0.3997771999999955,0.0,0.12168014047852349,0.0,0.5637418985516984
2026-08-07,2026-08-07_140827_356397_1_R5_C1_10,5,200.0,1.75,9,inter_cycle_dwell,29,1.855628699999997,0.0,-0.08081214556570052,0.0,0.004765639871320615
2026-08-07,2026-08-07_140827_356397_1_R5_C1_10,5,200.0,1.75,10,holding,7,0.39996719999999897,0.0,0.13675888471338515,0.0,0.5401831747868323
2026-08-07,2026-08-07_140946_637079_1_R5_C2_10,5,200.0,2.625,1,holding,8,0.4796878000000002,0.0,0.21490062739407034,0.0,0.9678321272136367
2026-08-07,2026-08-07_140946_637079_1_R5_C2_10,5,200.0,2.625,1,inter_cycle_dwell,30,1.9411208000000002,0.0,-0.11113540729380716,0.0,0.006519512516121817
2026-08-07,2026-08-07_140946_637079_1_R5_C2_10,5,200.0,2.625,2,holding,7,0.4000775000000001,0.0,0.11757556119459389,0.0,0.8640970834319874
2026-08-07,2026-08-07_140946_637079_1_R5_C2_10,5,200.0,2.625,2,inter_cycle_dwell,30,1.912466499999999,0.0,-0.058641987623053504,0.0,0.007921234938716604
2026-08-07,2026-08-07_140946_637079_1_R5_C2_10,5,200.0,2.625,3,holding,8,0.46369720000000036,0.0,0.17096212156414403,0.0,0.8542664564505124
2026-08-07,2026-08-07_140946_637079_1_R5_C2_10,5,200.0,2.625,3,inter_cycle_dwell,30,1.9358795000000004,0.0,-0.08544978409687692,0.0,0.005637916613580901
2026-08-07,2026-08-07_140946_637079_1_R5_C2_10,5,200.0,2.625,4,holding,8,0.48239810000000105,0.0,0.24377119861311747,0.0,0.9083230515097986
2026-08-07,2026-08-07_140946_637079_1_R5_C2_10,5,200.0,2.625,4,inter_cycle_dwell,30,1.9360445000000013,0.0,-0.1122969091991613,0.0,0.0030757501263211917
2026-08-07,2026-08-07_140946_637079_1_R5_C2_10,5,200.0,2.625,5,holding,7,0.3999512000000003,0.0,0.14457345153574352,0.0,0.889416123186308
2026-08-07,2026-08-07_140946_637079_1_R5_C2_10,5,200.0,2.625,5,inter_cycle_dwell,30,1.9191426000000007,0.0,-0.049515193751254405,0.0,0.013036827119572436
2026-08-07,2026-08-07_140946_637079_1_R5_C2_10,5,200.0,2.625,6,holding,7,0.40016080000000187,0.0,0.20387137918138443,0.0,0.9582370374554128
2026-08-07,2026-08-07_140946_637079_1_R5_C2_10,5,200.0,2.625,6,inter_cycle_dwell,30,1.935342200000001,0.0,-0.07340886918127437,0.0,0.00703328337617376
2026-08-07,2026-08-07_140946_637079_1_R5_C2_10,5,200.0,2.625,7,holding,8,0.46410820000000186,0.0,0.22270414119586268,0.0,0.9406414483586029
2026-08-07,2026-08-07_140946_637079_1_R5_C2_10,5,200.0,2.625,7,inter_cycle_dwell,30,1.9361489999999968,0.0,-0.10622918106661433,0.0,0.009480499334571235
2026-08-07,2026-08-07_140946_637079_1_R5_C2_10,5,200.0,2.625,8,holding,7,0.3986841000000041,0.0,0.16881842982449813,0.0,0.9461472176135699
2026-08-07,2026-08-07_140946_637079_1_R5_C2_10,5,200.0,2.625,8,inter_cycle_dwell,30,1.9360795999999993,0.0,-0.06761202791047027,0.0,0.009726932759852203
2026-08-07,2026-08-07_140946_637079_1_R5_C2_10,5,200.0,2.625,9,holding,8,0.4612063000000006,0.0,0.14233775094218426,0.0,0.836774713519406
2026-08-07,2026-08-07_140946_637079_1_R5_C2_10,5,200.0,2.625,9,inter_cycle_dwell,30,1.9361350000000002,0.0,-0.09285227698844639,0.0,0.00024171343815759805
2026-08-07,2026-08-07_140946_637079_1_R5_C2_10,5,200.0,2.625,10,holding,7,0.4004618000000022,0.0,0.11545951213339112,0.0,0.8302488874990681
2026-08-07,2026-08-07_141105_019594_1_R5_C3_10,5,200.0,3.5,1,holding,7,0.3996021999999999,0.0,0.23651692989931683,0.0,1.4451404882902605
2026-08-07,2026-08-07_141105_019594_1_R5_C3_10,5,200.0,3.5,1,inter_cycle_dwell,45,2.926692,0.0,-0.06430780137473113,0.0,0.00836816505086696
2026-08-07,2026-08-07_141105_019594_1_R5_C3_10,5,200.0,3.5,2,holding,8,0.46742549999999916,0.0,0.376529500303989,0.0,1.7262711217253586
2026-08-07,2026-08-07_141105_019594_1_R5_C3_10,5,200.0,3.5,2,inter_cycle_dwell,45,2.941459,0.0,-0.07867600890798371,0.0,0.008703637705644807
2026-08-07,2026-08-07_141105_019594_1_R5_C3_10,5,200.0,3.5,3,holding,7,0.39965270000000075,0.0,0.26114029700337116,0.0,1.6967124797812947
2026-08-07,2026-08-07_141105_019594_1_R5_C3_10,5,200.0,3.5,3,inter_cycle_dwell,45,2.9434599000000006,0.0,-0.03886074636607728,0.0,0.004354215152490015
2026-08-07,2026-08-07_141105_019594_1_R5_C3_10,5,200.0,3.5,4,holding,8,0.46402060000000134,0.0,0.4324827478125617,0.0,1.8381173340318395
2026-08-07,2026-08-07_141105_019594_1_R5_C3_10,5,200.0,3.5,4,inter_cycle_dwell,45,2.9280681999999985,0.0,-0.03265210652294093,0.0,0.004035111533716107
2026-08-07,2026-08-07_141105_019594_1_R5_C3_10,5,200.0,3.5,5,holding,7,0.4001133999999986,0.0,0.18218884003033242,0.0,1.758486773817896
2026-08-07,2026-08-07_141105_019594_1_R5_C3_10,5,200.0,3.5,5,inter_cycle_dwell,44,2.863836899999999,0.0,-0.0296973778640357,0.0,0.011572943977201655
2026-08-07,2026-08-07_141105_019594_1_R5_C3_10,5,200.0,3.5,6,holding,8,0.4634146000000001,0.0,0.16859242755262782,0.0,1.3971432979739495
2026-08-07,2026-08-07_141105_019594_1_R5_C3_10,5,200.0,3.5,6,inter_cycle_dwell,45,2.9440132000000006,0.0,-0.0758146762282052,0.0,0.012694082995611311
2026-08-07,2026-08-07_141105_019594_1_R5_C3_10,5,200.0,3.5,7,holding,7,0.39985020000000304,0.0,0.18402978046406626,0.0,1.490658104674524
2026-08-07,2026-08-07_141105_019594_1_R5_C3_10,5,200.0,3.5,7,inter_cycle_dwell,44,2.8641071000000053,0.0,-0.03873775163408977,0.0,0.007937921959739247
2026-08-07,2026-08-07_141105_019594_1_R5_C3_10,5,200.0,3.5,8,holding,8,0.4614796000000041,0.0,0.2803927226738563,0.0,1.6136127609292723
2026-08-07,2026-08-07_141105_019594_1_R5_C3_10,5,200.0,3.5,8,inter_cycle_dwell,45,2.9297035999999963,0.0,-0.05531451817756261,0.0,0.005957022110664789
2026-08-07,2026-08-07_141105_019594_1_R5_C3_10,5,200.0,3.5,9,holding,8,0.4773801999999989,0.0,0.30885615666578725,0.0,1.51639694985494
2026-08-07,2026-08-07_141105_019594_1_R5_C3_10,5,200.0,3.5,9,inter_cycle_dwell,45,2.928169000000004,0.0,-0.07904787397525503,0.0,0.005530325425682381
2026-08-07,2026-08-07_141105_019594_1_R5_C3_10,5,200.0,3.5,10,holding,7,0.3999019999999973,0.0,-0.01320095139045685,0.0,0.27811836796813066
2026-08-07,2026-08-07_141238_342189_1_R5_C4_10,5,400.0,1.75,1,holding,7,0.3997158999999999,0.0,0.19566760296855457,0.0,0.5249363523360209
2026-08-07,2026-08-07_141238_342189_1_R5_C4_10,5,400.0,1.75,1,inter_cycle_dwell,30,1.9198303,0.0,-0.17110378435464318,0.0,0.004352904386158651
2026-08-07,2026-08-07_141238_342189_1_R5_C4_10,5,400.0,1.75,2,holding,7,0.4001903999999996,0.0,0.17993593250423473,0.0,0.5111740326469931
2026-08-07,2026-08-07_141238_342189_1_R5_C4_10,5,400.0,1.75,2,inter_cycle_dwell,30,1.9358003999999998,0.0,-0.1861316142106489,0.0,0.0023139988306419557
2026-08-07,2026-08-07_141238_342189_1_R5_C4_10,5,400.0,1.75,3,holding,7,0.40049579999999985,0.0,0.15187683941927166,0.0,0.5129694228427754
2026-08-07,2026-08-07_141238_342189_1_R5_C4_10,5,400.0,1.75,3,inter_cycle_dwell,29,1.8724641999999996,0.0,-0.1692577013106021,0.0,0.006830421669190012
2026-08-07,2026-08-07_141238_342189_1_R5_C4_10,5,400.0,1.75,4,holding,8,0.4640426999999985,0.0,0.2763203298519695,0.0,0.5109042679798507
2026-08-07,2026-08-07_141238_342189_1_R5_C4_10,5,400.0,1.75,4,inter_cycle_dwell,30,1.9360569000000005,0.0,-0.1442509905163929,0.0,0.007824258658389371
2026-08-07,2026-08-07_141238_342189_1_R5_C4_10,5,400.0,1.75,5,holding,8,0.4647457999999993,0.0,0.2623788577775015,0.0,0.50782896318623
2026-08-07,2026-08-07_141238_342189_1_R5_C4_10,5,400.0,1.75,5,inter_cycle_dwell,30,1.9362779000000003,0.0,-0.1555942764160949,0.0,0.005635659547666788
2026-08-07,2026-08-07_141238_342189_1_R5_C4_10,5,400.0,1.75,6,holding,8,0.47984190000000027,0.0,0.27466683272254355,0.0,0.5070257578477224
2026-08-07,2026-08-07_141238_342189_1_R5_C4_10,5,400.0,1.75,6,inter_cycle_dwell,30,1.9352696000000016,0.0,-0.25473799362550803,0.0,0.004662241955368407
2026-08-07,2026-08-07_141238_342189_1_R5_C4_10,5,400.0,1.75,7,holding,8,0.4636630000000004,0.0,0.2526144647214968,0.0,0.5026030194934018
2026-08-07,2026-08-07_141238_342189_1_R5_C4_10,5,400.0,1.75,7,inter_cycle_dwell,30,1.9365547999999997,0.0,-0.25000199120001987,0.0,0.006095529440145492
2026-08-07,2026-08-07_141238_342189_1_R5_C4_10,5,400.0,1.75,8,holding,8,0.46396230000000216,0.0,0.24473506361183084,0.0,0.5012101760536221
2026-08-07,2026-08-07_141238_342189_1_R5_C4_10,5,400.0,1.75,8,inter_cycle_dwell,30,1.9351859000000005,0.0,-0.15715967201721454,0.0,0.004261394693634013
2026-08-07,2026-08-07_141238_342189_1_R5_C4_10,5,400.0,1.75,9,holding,8,0.4636054999999999,0.0,0.2348237243340905,0.0,0.4988195201201362
2026-08-07,2026-08-07_141238_342189_1_R5_C4_10,5,400.0,1.75,9,inter_cycle_dwell,30,1.9361783999999993,0.0,-0.24807264383863048,0.0,0.008426233164819052
2026-08-07,2026-08-07_141238_342189_1_R5_C4_10,5,400.0,1.75,10,holding,8,0.4637761999999981,0.0,0.2366855885642688,0.0,0.5008534265313879
2026-08-07,2026-08-07_141341_745844_1_R5_C5_10,5,400.0,2.625,1,holding,7,0.40053629999999996,0.0,0.2831599817938836,0.0,0.8911682972029651
2026-08-07,2026-08-07_141341_745844_1_R5_C5_10,5,400.0,2.625,1,inter_cycle_dwell,30,1.9360782000000003,0.0,-0.21982151662698585,0.0,0.004583360538314707
2026-08-07,2026-08-07_141341_745844_1_R5_C5_10,5,400.0,2.625,2,holding,8,0.4639346,0.0,0.3133045072282141,0.0,0.8875970243357957
2026-08-07,2026-08-07_141341_745844_1_R5_C5_10,5,400.0,2.625,2,inter_cycle_dwell,30,1.936088999999999,0.0,-0.1777418119694129,0.0,0.005823122644496692
2026-08-07,2026-08-07_141341_745844_1_R5_C5_10,5,400.0,2.625,3,holding,7,0.4006723000000001,0.0,0.31731024395617646,0.0,0.9055021289081522
2026-08-07,2026-08-07_141341_745844_1_R5_C5_10,5,400.0,2.625,3,inter_cycle_dwell,30,1.9359348,0.0,-0.1825413404428367,0.0,0.005414103149336158
2026-08-07,2026-08-07_141341_745844_1_R5_C5_10,5,400.0,2.625,4,holding,7,0.40118350000000014,0.0,0.2711197588219745,0.0,0.9082368253568707
2026-08-07,2026-08-07_141341_745844_1_R5_C5_10,5,400.0,2.625,4,inter_cycle_dwell,30,1.9357330000000008,0.0,-0.17383300750384711,0.0,0.007946821944648352
2026-08-07,2026-08-07_141341_745844_1_R5_C5_10,5,400.0,2.625,5,holding,7,0.39068220000000053,0.0,0.2690344484683146,0.0,0.9101971261862878
2026-08-07,2026-08-07_141341_745844_1_R5_C5_10,5,400.0,2.625,5,inter_cycle_dwell,30,1.9359517000000004,0.0,-0.14833374571880098,0.0,0.0075811155604707525
2026-08-07,2026-08-07_141341_745844_1_R5_C5_10,5,400.0,2.625,6,holding,7,0.40337960000000095,0.0,0.28387093350190673,0.0,0.910331663358019
2026-08-07,2026-08-07_141341_745844_1_R5_C5_10,5,400.0,2.625,6,inter_cycle_dwell,30,1.9360575000000004,0.0,-0.16081373109390612,0.0,0.008884758417147476
2026-08-07,2026-08-07_141341_745844_1_R5_C5_10,5,400.0,2.625,7,holding,7,0.39995429999999743,0.0,0.2560370952226453,0.0,0.9417155557874017
2026-08-07,2026-08-07_141341_745844_1_R5_C5_10,5,400.0,2.625,7,inter_cycle_dwell,30,1.9367361999999986,0.0,-0.14512048815191558,0.0,0.006405039595655304
2026-08-07,2026-08-07_141341_745844_1_R5_C5_10,5,400.0,2.625,8,holding,7,0.399840600000001,0.0,0.31412444686144636,0.0,0.9211138146740878
2026-08-07,2026-08-07_141341_745844_1_R5_C5_10,5,400.0,2.625,8,inter_cycle_dwell,30,1.9375979,0.0,-0.15581326763592362,0.0,0.007737078321388258
2026-08-07,2026-08-07_141341_745844_1_R5_C5_10,5,400.0,2.625,9,holding,7,0.39988890000000055,0.0,0.28178964964238773,0.0,0.9422432114611144
2026-08-07,2026-08-07_141341_745844_1_R5_C5_10,5,400.0,2.625,9,inter_cycle_dwell,30,1.939932600000006,0.0,-0.14990861601357108,0.0,0.0022766944625123853
2026-08-07,2026-08-07_141341_745844_1_R5_C5_10,5,400.0,2.625,10,holding,8,0.4636807000000047,0.0,0.4869400408654466,0.0,0.9874128280122281
2026-08-07,2026-08-07_141459_959333_1_R5_C6_10,5,400.0,3.5,1,holding,7,0.3999280999999999,0.0,0.5843949732834786,0.0,1.747561007368832
2026-08-07,2026-08-07_141459_959333_1_R5_C6_10,5,400.0,3.5,1,inter_cycle_dwell,30,1.9360199999999996,0.0,-0.16051556336446748,0.0,0.004559573174560627
2026-08-07,2026-08-07_141459_959333_1_R5_C6_10,5,400.0,3.5,2,holding,7,0.4001941000000002,0.0,0.4998485977116638,0.0,1.6718638718534982
2026-08-07,2026-08-07_141459_959333_1_R5_C6_10,5,400.0,3.5,2,inter_cycle_dwell,30,1.9359751000000003,0.0,-0.1616630950005758,0.0,0.008166998954788673
2026-08-07,2026-08-07_141459_959333_1_R5_C6_10,5,400.0,3.5,3,holding,7,0.4001022999999986,0.0,0.5159715942850975,0.0,1.7015008324173468
2026-08-07,2026-08-07_141459_959333_1_R5_C6_10,5,400.0,3.5,3,inter_cycle_dwell,30,1.9334862000000008,0.0,-0.14832253819233798,0.0,0.012544219150565028
2026-08-07,2026-08-07_141459_959333_1_R5_C6_10,5,400.0,3.5,4,holding,7,0.3993658999999994,0.0,0.5442908168417766,0.0,1.6749939553223374
2026-08-07,2026-08-07_141459_959333_1_R5_C6_10,5,400.0,3.5,4,inter_cycle_dwell,30,1.9358513000000013,0.0,-0.16146911260642738,0.0,0.009042114916723965
2026-08-07,2026-08-07_141459_959333_1_R5_C6_10,5,400.0,3.5,5,holding,8,0.46376180000000033,0.0,0.5493212316666467,0.0,1.6620613742937715
2026-08-07,2026-08-07_141459_959333_1_R5_C6_10,5,400.0,3.5,5,inter_cycle_dwell,30,1.9362178000000014,0.0,-0.18084950321428428,0.0,0.010333506348493615
2026-08-07,2026-08-07_141459_959333_1_R5_C6_10,5,400.0,3.5,6,holding,8,0.46388809999999836,0.0,0.5838667952614998,0.0,1.6514133978988759
2026-08-07,2026-08-07_141459_959333_1_R5_C6_10,5,400.0,3.5,6,inter_cycle_dwell,30,1.9454586999999997,0.0,-0.18445689266846332,0.0,0.009243608421811267
2026-08-07,2026-08-07_141459_959333_1_R5_C6_10,5,400.0,3.5,7,holding,8,0.46379389999999887,0.0,0.49242765193122806,0.0,1.5458418020858742
2026-08-07,2026-08-07_141459_959333_1_R5_C6_10,5,400.0,3.5,7,inter_cycle_dwell,30,1.9360084000000022,0.0,-0.17872129817693927,0.0,0.012802586142798444
2026-08-07,2026-08-07_141459_959333_1_R5_C6_10,5,400.0,3.5,8,holding,8,0.46375910000000076,0.0,0.5967272909813994,0.0,1.6410784574407773
2026-08-07,2026-08-07_141459_959333_1_R5_C6_10,5,400.0,3.5,8,inter_cycle_dwell,30,1.9204362999999987,0.0,-0.07619577060772709,0.0,0.010818863371334086
2026-08-07,2026-08-07_141459_959333_1_R5_C6_10,5,400.0,3.5,9,holding,8,0.47993259999999793,0.0,0.6346168532370757,0.0,1.6314539529245276
2026-08-07,2026-08-07_141459_959333_1_R5_C6_10,5,400.0,3.5,9,inter_cycle_dwell,29,1.8562896999999978,0.0,-0.07577045387266129,0.0,0.009056423378657807
2026-08-07,2026-08-07_141459_959333_1_R5_C6_10,5,400.0,3.5,10,holding,8,0.4796697000000023,0.0,0.6432026606391075,0.0,1.588717025810752
2026-08-07,2026-08-07_141603_725937_1_R5_C7_10,5,600.0,1.75,1,holding,7,0.4046333000000002,0.0,0.26283848053173753,0.0,0.5239807955402485
2026-08-07,2026-08-07_141603_725937_1_R5_C7_10,5,600.0,1.75,1,inter_cycle_dwell,30,1.9358456,0.0,-0.2518825429659829,0.0,0.012876134251147864
2026-08-07,2026-08-07_141603_725937_1_R5_C7_10,5,600.0,1.75,2,holding,7,0.3997732000000003,0.0,0.3082967496295256,0.0,0.5439218569199932
2026-08-07,2026-08-07_141603_725937_1_R5_C7_10,5,600.0,1.75,2,inter_cycle_dwell,30,1.9377966000000004,0.0,-0.26618626295434605,0.0,0.0053951742567238115
2026-08-07,2026-08-07_141603_725937_1_R5_C7_10,5,600.0,1.75,3,holding,7,0.39967170000000074,0.0,0.3004663520500652,0.0,0.5281570929895677
2026-08-07,2026-08-07_141603_725937_1_R5_C7_10,5,600.0,1.75,3,inter_cycle_dwell,30,1.9359567999999996,0.0,-0.3087169466840608,0.0,0.008655030868248148
2026-08-07,2026-08-07_141603_725937_1_R5_C7_10,5,600.0,1.75,4,holding,8,0.462060000000001,0.0,0.34000585500458524,0.0,0.525617934079445
2026-08-07,2026-08-07_141603_725937_1_R5_C7_10,5,600.0,1.75,4,inter_cycle_dwell,30,1.9195968000000008,0.0,-0.16468730946299687,0.0,0.008708557358879487
2026-08-07,2026-08-07_141603_725937_1_R5_C7_10,5,600.0,1.75,5,holding,8,0.464183199999999,0.0,0.3796390440148555,0.0,0.5305026868664845
2026-08-07,2026-08-07_141603_725937_1_R5_C7_10,5,600.0,1.75,5,inter_cycle_dwell,30,1.9362255000000008,0.0,-0.21821449040815322,0.0,0.00717700215264977
2026-08-07,2026-08-07_141603_725937_1_R5_C7_10,5,600.0,1.75,6,holding,7,0.3996551000000004,0.0,0.29078217078040863,0.0,0.5283528056903282
2026-08-07,2026-08-07_141603_725937_1_R5_C7_10,5,600.0,1.75,6,inter_cycle_dwell,30,1.9372003000000007,0.0,-0.28206545746520595,0.0,0.0018868268310268665
2026-08-07,2026-08-07_141603_725937_1_R5_C7_10,5,600.0,1.75,7,holding,8,0.4800103,0.0,0.34960736193533554,0.0,0.5206866319221368
2026-08-07,2026-08-07_141603_725937_1_R5_C7_10,5,600.0,1.75,7,inter_cycle_dwell,30,1.9361525000000022,0.0,-0.30041090211145816,0.0,0.0052221358002984
2026-08-07,2026-08-07_141603_725937_1_R5_C7_10,5,600.0,1.75,8,holding,8,0.46389509999999845,0.0,0.329916581739061,0.0,0.5190690691298981
2026-08-07,2026-08-07_141603_725937_1_R5_C7_10,5,600.0,1.75,8,inter_cycle_dwell,30,1.9321625000000004,0.0,-0.16142897320150357,0.0,0.01351648961810753
2026-08-07,2026-08-07_141603_725937_1_R5_C7_10,5,600.0,1.75,9,holding,8,0.46409260000000074,0.0,0.3697985603574224,0.0,0.5500379721719336
2026-08-07,2026-08-07_141603_725937_1_R5_C7_10,5,600.0,1.75,9,inter_cycle_dwell,30,1.9260984999999984,0.0,-0.20529643370926182,0.0,0.0017537287690124193
2026-08-07,2026-08-07_141603_725937_1_R5_C7_10,5,600.0,1.75,10,holding,7,0.39856530000000134,0.0,0.2584076297727872,0.0,0.526455407483698
2026-08-07,2026-08-07_141730_372163_1_R5_C8_10,5,600.0,2.625,1,holding,8,0.4641549999999999,0.0,0.4179022578817224,0.0,0.8002924332871861
2026-08-07,2026-08-07_141730_372163_1_R5_C8_10,5,600.0,2.625,1,inter_cycle_dwell,30,1.9364187999999998,0.0,-0.2495423351280998,0.0,0.017974094109761973
2026-08-07,2026-08-07_141730_372163_1_R5_C8_10,5,600.0,2.625,2,holding,8,0.46357849999999967,0.0,0.49518805812513267,0.0,0.906750428995451
2026-08-07,2026-08-07_141730_372163_1_R5_C8_10,5,600.0,2.625,2,inter_cycle_dwell,30,1.9357331000000002,0.0,-0.2710517245007906,0.0,0.005171339618660009
2026-08-07,2026-08-07_141730_372163_1_R5_C8_10,5,600.0,2.625,3,holding,7,0.39610089999999865,0.0,0.29269327293524305,0.0,0.8838763197004401
2026-08-07,2026-08-07_141730_372163_1_R5_C8_10,5,600.0,2.625,3,inter_cycle_dwell,30,1.9359419000000013,0.0,-0.30861310269397246,0.0,0.010887715478036353
2026-08-07,2026-08-07_141730_372163_1_R5_C8_10,5,600.0,2.625,4,holding,7,0.3998489000000003,0.0,0.37101808625658583,0.0,0.8939767414264328
2026-08-07,2026-08-07_141730_372163_1_R5_C8_10,5,600.0,2.625,4,inter_cycle_dwell,30,1.9361204,0.0,-0.2861800342433589,0.0,0.00949624689495876
2026-08-07,2026-08-07_141730_372163_1_R5_C8_10,5,600.0,2.625,5,holding,7,0.4013302999999979,0.0,0.3894455818765258,0.0,0.9033574949167263
2026-08-07,2026-08-07_141730_372163_1_R5_C8_10,5,600.0,2.625,5,inter_cycle_dwell,30,1.935682,0.0,-0.2874457418790516,0.0,0.0053714891040333446
2026-08-07,2026-08-07_141730_372163_1_R5_C8_10,5,600.0,2.625,6,holding,7,0.39900829999999843,0.0,0.35292888689044744,0.0,0.8826446723099397
2026-08-07,2026-08-07_141730_372163_1_R5_C8_10,5,600.0,2.625,6,inter_cycle_dwell,30,1.9410872999999995,0.0,-0.26318141777141973,0.0,0.0072569851370272165
2026-08-07,2026-08-07_141730_372163_1_R5_C8_10,5,600.0,2.625,7,holding,8,0.46431850000000097,0.0,0.5218823034068163,0.0,0.8771081739216888
2026-08-07,2026-08-07_141730_372163_1_R5_C8_10,5,600.0,2.625,7,inter_cycle_dwell,30,1.938139600000003,0.0,-0.27512148382821483,0.0,0.007462110926824195
2026-08-07,2026-08-07_141730_372163_1_R5_C8_10,5,600.0,2.625,8,holding,8,0.46333139999999773,0.0,0.4345522968809934,0.0,0.8605446953229242
2026-08-07,2026-08-07_141730_372163_1_R5_C8_10,5,600.0,2.625,8,inter_cycle_dwell,30,1.9354584999999993,0.0,-0.22041585644456752,0.0,0.008396222554543975
2026-08-07,2026-08-07_141730_372163_1_R5_C8_10,5,600.0,2.625,9,holding,8,0.4643681999999991,0.0,0.4218848501432685,0.0,0.8740066043293202
2026-08-07,2026-08-07_141730_372163_1_R5_C8_10,5,600.0,2.625,9,inter_cycle_dwell,30,1.936153799999996,0.0,-0.22260851503237405,0.0,0.007970345611221896
2026-08-07,2026-08-07_141730_372163_1_R5_C8_10,5,600.0,2.625,10,holding,8,0.463992300000001,0.0,0.38555616017180133,0.0,0.8758883368955761
2026-08-07,2026-08-07_141909_581407_1_R5_C9_10,5,600.0,3.5,1,holding,8,0.4632624000000003,0.0,0.9047068015062516,0.0,1.7088167502735228
2026-08-07,2026-08-07_141909_581407_1_R5_C9_10,5,600.0,3.5,1,inter_cycle_dwell,30,1.9346853999999998,0.0,-0.1569293347313772,0.0,0.05039475569994234
2026-08-07,2026-08-07_141909_581407_1_R5_C9_10,5,600.0,3.5,2,holding,8,0.4636060999999998,0.0,0.8132956243206982,0.0,1.6874830578414524
2026-08-07,2026-08-07_141909_581407_1_R5_C9_10,5,600.0,3.5,2,inter_cycle_dwell,30,1.9359417000000008,0.0,-0.3016501336538504,0.0,0.011050517786979935
2026-08-07,2026-08-07_141909_581407_1_R5_C9_10,5,600.0,3.5,3,holding,7,0.4001321999999998,0.0,0.8603499346425678,0.0,1.627759407637857
2026-08-07,2026-08-07_141909_581407_1_R5_C9_10,5,600.0,3.5,3,inter_cycle_dwell,30,1.9361099,0.0,-0.29559542045610643,0.0,0.010532040695635597
2026-08-07,2026-08-07_141909_581407_1_R5_C9_10,5,600.0,3.5,4,holding,8,0.46481570000000083,0.0,0.7029333929918532,0.0,1.6392737823166952
2026-08-07,2026-08-07_141909_581407_1_R5_C9_10,5,600.0,3.5,4,inter_cycle_dwell,30,1.936328099999999,0.0,-0.28096554256884176,0.0,0.008023314191366454
2026-08-07,2026-08-07_141909_581407_1_R5_C9_10,5,600.0,3.5,5,holding,7,0.40010230000000035,0.0,0.7145053283383105,0.0,1.732912411802128
2026-08-07,2026-08-07_141909_581407_1_R5_C9_10,5,600.0,3.5,5,inter_cycle_dwell,30,1.9357124999999975,0.0,-0.2113939239058203,0.0,0.008232632978576349
2026-08-07,2026-08-07_141909_581407_1_R5_C9_10,5,600.0,3.5,6,holding,7,0.39950629999999876,0.0,0.6112371350489362,0.0,1.598396766117773
2026-08-07,2026-08-07_141909_581407_1_R5_C9_10,5,600.0,3.5,6,inter_cycle_dwell,30,1.9358129999999996,0.0,-0.37583934533270236,0.0,0.010416528287137544
2026-08-07,2026-08-07_141909_581407_1_R5_C9_10,5,600.0,3.5,7,holding,8,0.4636421000000013,0.0,0.8502471188483831,0.0,1.7057430629223849
2026-08-07,2026-08-07_141909_581407_1_R5_C9_10,5,600.0,3.5,7,inter_cycle_dwell,30,1.9360967000000002,0.0,-0.3154920628321932,0.0,0.009690597493846848
2026-08-07,2026-08-07_141909_581407_1_R5_C9_10,5,600.0,3.5,8,holding,7,0.3993424999999995,0.0,0.7643098970966133,0.0,1.681596264593701
2026-08-07,2026-08-07_141909_581407_1_R5_C9_10,5,600.0,3.5,8,inter_cycle_dwell,30,1.9369901000000027,0.0,-0.22120920137361322,0.0,0.00850270346499682
2026-08-07,2026-08-07_141909_581407_1_R5_C9_10,5,600.0,3.5,9,holding,7,0.39862169999999963,0.0,0.7226513550358433,0.0,1.795822401220657
2026-08-07,2026-08-07_141909_581407_1_R5_C9_10,5,600.0,3.5,9,inter_cycle_dwell,30,1.9292839000000015,0.0,-0.1849379337008978,0.0,0.008565324286870762
2026-08-07,2026-08-07_141909_581407_1_R5_C9_10,5,600.0,3.5,10,holding,8,0.46408449999999846,0.0,1.0002754311395314,0.0,1.7923596127092838
2026-08-07,2026-08-07_142150_188860_1_R4_C1_10,4,200.0,1.75,1,holding,8,0.4639640999999999,0.0,0.1531321883950051,0.0,0.7035802260876772
2026-08-07,2026-08-07_142150_188860_1_R4_C1_10,4,200.0,1.75,1,inter_cycle_dwell,30,1.9362477999999999,0.0,-0.13859114188505117,0.0,-0.016182678663849537
2026-08-07,2026-08-07_142150_188860_1_R4_C1_10,4,200.0,1.75,2,holding,8,0.4799754999999992,0.0,0.16910228448446984,0.0,0.5783462841750943
2026-08-07,2026-08-07_142150_188860_1_R4_C1_10,4,200.0,1.75,2,inter_cycle_dwell,30,1.9357909999999992,0.0,-0.1283150296967026,0.0,0.006765691103720051
2026-08-07,2026-08-07_142150_188860_1_R4_C1_10,4,200.0,1.75,3,holding,7,0.4160913000000015,0.0,0.10437617946870625,0.0,0.616992680834501
2026-08-07,2026-08-07_142150_188860_1_R4_C1_10,4,200.0,1.75,3,inter_cycle_dwell,30,1.9350289000000007,0.0,-0.14697656352386418,0.0,0.007560513494842935
2026-08-07,2026-08-07_142150_188860_1_R4_C1_10,4,200.0,1.75,4,holding,7,0.40013959999999926,0.0,0.11898513841643332,0.0,0.6145884292744136
2026-08-07,2026-08-07_142150_188860_1_R4_C1_10,4,200.0,1.75,4,inter_cycle_dwell,30,1.9301262999999977,0.0,-0.0882106970985102,0.0,0.00594812310526277
2026-08-07,2026-08-07_142150_188860_1_R4_C1_10,4,200.0,1.75,5,holding,8,0.46454160000000044,0.0,0.13920792836337614,0.0,0.6065822728701082
2026-08-07,2026-08-07_142150_188860_1_R4_C1_10,4,200.0,1.75,5,inter_cycle_dwell,30,1.9371828000000022,0.0,-0.1095672752389496,0.0,0.0056281964323359746
2026-08-07,2026-08-07_142150_188860_1_R4_C1_10,4,200.0,1.75,6,holding,8,0.46233589999999936,0.0,0.13759015578739142,0.0,0.6006004236826002
2026-08-07,2026-08-07_142150_188860_1_R4_C1_10,4,200.0,1.75,6,inter_cycle_dwell,30,1.9355423000000016,0.0,-0.12383957720265787,0.0,0.006843860867831786
2026-08-07,2026-08-07_142150_188860_1_R4_C1_10,4,200.0,1.75,7,holding,8,0.4641082999999995,0.0,0.17149047205823376,0.0,0.6087913721967332
2026-08-07,2026-08-07_142150_188860_1_R4_C1_10,4,200.0,1.75,7,inter_cycle_dwell,30,1.9366629000000017,0.0,-0.13512643985536876,0.0,0.006176757626035756
2026-08-07,2026-08-07_142150_188860_1_R4_C1_10,4,200.0,1.75,8,holding,7,0.40086690000000047,0.0,0.10591451390647394,0.0,0.6013717647222114
2026-08-07,2026-08-07_142150_188860_1_R4_C1_10,4,200.0,1.75,8,inter_cycle_dwell,30,1.9360372999999989,0.0,-0.0830378315088649,0.0,0.009651711585270395
2026-08-07,2026-08-07_142150_188860_1_R4_C1_10,4,200.0,1.75,9,holding,8,0.4675050999999968,0.0,0.13983822169880805,0.0,0.6148467871827739
2026-08-07,2026-08-07_142150_188860_1_R4_C1_10,4,200.0,1.75,9,inter_cycle_dwell,30,1.9358866999999975,0.0,-0.10872038329081046,0.0,0.008529699819041558
2026-08-07,2026-08-07_142150_188860_1_R4_C1_10,4,200.0,1.75,10,holding,8,0.4641700999999969,0.0,0.14586546268985223,0.0,0.6092453005704715
2026-08-07,2026-08-07_142331_778138_1_R4_C2_10,4,200.0,2.625,1,holding,8,0.46360049999999964,0.0,0.2892000355545621,0.0,1.1298083125574632
2026-08-07,2026-08-07_142331_778138_1_R4_C2_10,4,200.0,2.625,1,inter_cycle_dwell,30,1.9371804,0.0,-0.15406001959935822,0.0,0.014602803598079195
2026-08-07,2026-08-07_142331_778138_1_R4_C2_10,4,200.0,2.625,2,holding,8,0.4640278000000002,0.0,0.3002604426005394,0.0,1.1825410062018111
2026-08-07,2026-08-07_142331_778138_1_R4_C2_10,4,200.0,2.625,2,inter_cycle_dwell,30,1.9359314999999988,0.0,-0.1164034828457371,0.0,0.013971688214497846
2026-08-07,2026-08-07_142331_778138_1_R4_C2_10,4,200.0,2.625,3,holding,8,0.4548015000000003,0.0,0.3314060792745198,0.0,1.1976216551885481
2026-08-07,2026-08-07_142331_778138_1_R4_C2_10,4,200.0,2.625,3,inter_cycle_dwell,31,1.9985222,0.0,-0.12310337465492549,0.0,0.014103129341245024
2026-08-07,2026-08-07_142331_778138_1_R4_C2_10,4,200.0,2.625,4,holding,7,0.39996900000000046,0.0,0.3018484817157,0.0,1.1832060488643221
2026-08-07,2026-08-07_142331_778138_1_R4_C2_10,4,200.0,2.625,4,inter_cycle_dwell,30,1.9367128000000022,0.0,0.016986456385707005,0.0,0.0691422610295987
2026-08-07,2026-08-07_142331_778138_1_R4_C2_10,4,200.0,2.625,5,holding,8,0.4640108000000005,0.0,0.39577170451656185,0.0,1.3582943272661445
2026-08-07,2026-08-07_142331_778138_1_R4_C2_10,4,200.0,2.625,5,inter_cycle_dwell,30,1.9359344999999983,0.0,-0.13265675705719798,0.0,0.01860536516036848
2026-08-07,2026-08-07_142331_778138_1_R4_C2_10,4,200.0,2.625,6,holding,7,0.3999488999999983,0.0,0.2703199486885395,0.0,1.2807654957668628
2026-08-07,2026-08-07_142331_778138_1_R4_C2_10,4,200.0,2.625,6,inter_cycle_dwell,30,1.9360005000000022,0.0,-0.08067765089744172,0.0,0.01561431401408192
2026-08-07,2026-08-07_142331_778138_1_R4_C2_10,4,200.0,2.625,7,holding,8,0.4638688000000002,0.0,0.35060349398644575,0.0,1.2725642444543113
2026-08-07,2026-08-07_142331_778138_1_R4_C2_10,4,200.0,2.625,7,inter_cycle_dwell,30,1.9402408999999992,0.0,-0.10466618126417232,0.0,0.011598316730530356
2026-08-07,2026-08-07_142331_778138_1_R4_C2_10,4,200.0,2.625,8,holding,7,0.40058619999999934,0.0,0.28777360187577905,0.0,1.2625062732713672
2026-08-07,2026-08-07_142331_778138_1_R4_C2_10,4,200.0,2.625,8,inter_cycle_dwell,30,1.9360465999999974,0.0,-0.1316897224597699,0.0,0.010789673725238369
2026-08-07,2026-08-07_142331_778138_1_R4_C2_10,4,200.0,2.625,9,holding,7,0.4002344000000022,0.0,0.24338782714252694,0.0,1.2066266225546725
2026-08-07,2026-08-07_142331_778138_1_R4_C2_10,4,200.0,2.625,9,inter_cycle_dwell,30,1.935881799999997,0.0,-0.04263756140832897,0.0,0.015389282667229387
2026-08-07,2026-08-07_142331_778138_1_R4_C2_10,4,200.0,2.625,10,holding,8,0.4645025999999959,0.0,0.40753787688091514,0.0,1.3213393880872961
2026-08-07,2026-08-07_142448_171570_1_R4_C3_10,4,200.0,3.5,1,holding,7,0.4004403999999999,0.0,-0.23966950800553688,0.0,1.7351957140121157
2026-08-07,2026-08-07_142448_171570_1_R4_C3_10,4,200.0,3.5,1,inter_cycle_dwell,44,2.879879,0.0,0.03191438999352819,0.0,0.12311817033267974
2026-08-07,2026-08-07_142448_171570_1_R4_C3_10,4,200.0,3.5,2,holding,8,0.46285929999999986,0.0,0.5595153295646131,0.0,2.4476658825651514
2026-08-07,2026-08-07_142448_171570_1_R4_C3_10,4,200.0,3.5,2,inter_cycle_dwell,45,2.9281714,0.0,-0.0348606902751204,0.0,0.027227645380816512
2026-08-07,2026-08-07_142448_171570_1_R4_C3_10,4,200.0,3.5,3,holding,7,0.3979748000000001,0.0,0.31432709999177977,0.0,2.4002457613471337
2026-08-07,2026-08-07_142448_171570_1_R4_C3_10,4,200.0,3.5,3,inter_cycle_dwell,45,2.944972400000001,0.0,-0.03082360750749713,0.0,0.009331337373483961
2026-08-07,2026-08-07_142448_171570_1_R4_C3_10,4,200.0,3.5,4,holding,8,0.4637411,0.0,0.572799770767572,0.0,2.18850089673119
2026-08-07,2026-08-07_142448_171570_1_R4_C3_10,4,200.0,3.5,4,inter_cycle_dwell,45,2.936976699999999,0.0,-0.04577996710302118,0.0,0.02236035366491751
2026-08-07,2026-08-07_142448_171570_1_R4_C3_10,4,200.0,3.5,5,holding,8,0.46407889999999696,0.0,0.5108182237971854,0.0,2.209922235622089
2026-08-07,2026-08-07_142448_171570_1_R4_C3_10,4,200.0,3.5,5,inter_cycle_dwell,45,2.928001100000003,0.0,-0.0580398743295068,0.0,0.017261448081014708
2026-08-07,2026-08-07_142448_171570_1_R4_C3_10,4,200.0,3.5,6,holding,7,0.41599029999999715,0.0,0.26387076743095594,0.0,2.0512676519312274
2026-08-07,2026-08-07_142448_171570_1_R4_C3_10,4,200.0,3.5,6,inter_cycle_dwell,46,2.9922215000000065,0.0,-0.07164013443744649,0.0,0.013442169615637267
2026-08-07,2026-08-07_142448_171570_1_R4_C3_10,4,200.0,3.5,7,holding,7,0.3999126000000004,0.0,0.5482382093790195,0.0,2.2243804776368794
2026-08-07,2026-08-07_142448_171570_1_R4_C3_10,4,200.0,3.5,7,inter_cycle_dwell,45,2.9435597000000016,0.0,-0.04237551897695663,0.0,0.01368778213023869
2026-08-07,2026-08-07_142448_171570_1_R4_C3_10,4,200.0,3.5,8,holding,8,0.46423779999999937,0.0,0.6231282491922432,0.0,2.220024058857291
2026-08-07,2026-08-07_142448_171570_1_R4_C3_10,4,200.0,3.5,8,inter_cycle_dwell,45,2.944026799999996,0.0,-0.08383339118346983,0.0,0.012629115137298585
2026-08-07,2026-08-07_142448_171570_1_R4_C3_10,4,200.0,3.5,9,holding,7,0.3999663999999967,0.0,0.35741460357479404,0.0,1.9722102646233794
2026-08-07,2026-08-07_142448_171570_1_R4_C3_10,4,200.0,3.5,9,inter_cycle_dwell,45,2.9282927,0.0,-0.051061514647116835,0.0,0.027509429592674717
2026-08-07,2026-08-07_142448_171570_1_R4_C3_10,4,200.0,3.5,10,holding,8,0.4801825999999991,0.0,0.12331713262366195,0.0,1.13485813336872
2026-08-07,2026-08-07_142628_905280_1_R4_C4_10,4,400.0,1.75,1,holding,7,0.39985919999999986,0.0,0.20113453167448359,0.0,0.5765637478755988
2026-08-07,2026-08-07_142628_905280_1_R4_C4_10,4,400.0,1.75,1,inter_cycle_dwell,30,1.9356697,0.0,-0.200476588572352,0.0,0.016293622378179218
2026-08-07,2026-08-07_142628_905280_1_R4_C4_10,4,400.0,1.75,2,holding,7,0.40001640000000016,0.0,0.21625926465427642,0.0,0.5738988942016774
2026-08-07,2026-08-07_142628_905280_1_R4_C4_10,4,400.0,1.75,2,inter_cycle_dwell,30,1.9361709999999999,0.0,-0.20945421373441586,0.0,0.0038761651893879367
2026-08-07,2026-08-07_142628_905280_1_R4_C4_10,4,400.0,1.75,3,holding,7,0.39968999999999966,0.0,0.19850900395887727,0.0,0.5758643759820056
2026-08-07,2026-08-07_142628_905280_1_R4_C4_10,4,400.0,1.75,3,inter_cycle_dwell,30,1.9360420999999999,0.0,-0.2243211968917243,0.0,0.005488667976003392
2026-08-07,2026-08-07_142628_905280_1_R4_C4_10,4,400.0,1.75,4,holding,7,0.39998439999999924,0.0,0.17610497045102724,0.0,0.5740211045851032
2026-08-07,2026-08-07_142628_905280_1_R4_C4_10,4,400.0,1.75,4,inter_cycle_dwell,30,1.9377611000000012,0.0,-0.21140767070471744,0.0,0.004022084965346506
2026-08-07,2026-08-07_142628_905280_1_R4_C4_10,4,400.0,1.75,5,holding,7,0.3998324000000011,0.0,0.19003297576142664,0.0,0.5713897360825562
2026-08-07,2026-08-07_142628_905280_1_R4_C4_10,4,400.0,1.75,5,inter_cycle_dwell,30,1.9361379999999997,0.0,-0.1798270017523027,0.0,0.012264696197869629
2026-08-07,2026-08-07_142628_905280_1_R4_C4_10,4,400.0,1.75,6,holding,8,0.4701841000000009,0.0,0.30853098790017597,0.0,0.5700823994401897
2026-08-07,2026-08-07_142628_905280_1_R4_C4_10,4,400.0,1.75,6,inter_cycle_dwell,30,1.9212474000000022,0.0,-0.15065959421265618,0.0,0.006275646410499658
2026-08-07,2026-08-07_142628_905280_1_R4_C4_10,4,400.0,1.75,7,holding,8,0.4643507999999983,0.0,0.2574031274447107,0.0,0.5584981662432679
2026-08-07,2026-08-07_142628_905280_1_R4_C4_10,4,400.0,1.75,7,inter_cycle_dwell,30,1.9360582999999991,0.0,-0.2760959245455559,0.0,0.0021434858435959714
2026-08-07,2026-08-07_142628_905280_1_R4_C4_10,4,400.0,1.75,8,holding,8,0.47975359999999867,0.0,0.2768955601099682,0.0,0.5642943031246351
2026-08-07,2026-08-07_142628_905280_1_R4_C4_10,4,400.0,1.75,8,inter_cycle_dwell,30,1.9361195000000002,0.0,-0.17767873013600638,0.0,0.003108099398318742
2026-08-07,2026-08-07_142628_905280_1_R4_C4_10,4,400.0,1.75,9,holding,8,0.46416880000000305,0.0,0.28470890247477354,0.0,0.5687098367063027
2026-08-07,2026-08-07_142628_905280_1_R4_C4_10,4,400.0,1.75,9,inter_cycle_dwell,29,1.8600788999999978,0.0,-0.15027701260902288,0.0,0.008294210707141814
2026-08-07,2026-08-07_142628_905280_1_R4_C4_10,4,400.0,1.75,10,holding,8,0.46386640000000057,0.0,0.2553530814796707,0.0,0.5705223682608347
2026-08-07,2026-08-07_142725_765637_1_R4_C5_10,4,400.0,2.625,1,holding,8,0.46370690000000003,0.0,0.566914218792255,0.0,1.1332829932844364
2026-08-07,2026-08-07_142725_765637_1_R4_C5_10,4,400.0,2.625,1,inter_cycle_dwell,30,1.9351121,0.0,-0.1297823810336739,0.0,0.011465830341324257
2026-08-07,2026-08-07_142725_765637_1_R4_C5_10,4,400.0,2.625,2,holding,8,0.4633028000000001,0.0,0.5046745414683282,0.0,1.1436402701306603
2026-08-07,2026-08-07_142725_765637_1_R4_C5_10,4,400.0,2.625,2,inter_cycle_dwell,30,1.9357749999999996,0.0,-0.14720852570261211,0.0,0.007607423071009145
2026-08-07,2026-08-07_142725_765637_1_R4_C5_10,4,400.0,2.625,3,holding,8,0.46389880000000083,0.0,0.5018243833797825,0.0,1.1157712882820277
2026-08-07,2026-08-07_142725_765637_1_R4_C5_10,4,400.0,2.625,3,inter_cycle_dwell,29,1.8718319,0.0,-0.11157717157288222,0.0,0.014162804684011876
2026-08-07,2026-08-07_142725_765637_1_R4_C5_10,4,400.0,2.625,4,holding,8,0.46402119999999947,0.0,0.6082992349642784,0.0,1.2056326937990614
2026-08-07,2026-08-07_142725_765637_1_R4_C5_10,4,400.0,2.625,4,inter_cycle_dwell,30,1.9360248000000002,0.0,-0.24644852868543554,0.0,0.006801288374264858
2026-08-07,2026-08-07_142725_765637_1_R4_C5_10,4,400.0,2.625,5,holding,8,0.4727099999999993,0.0,0.47552454045935855,0.0,1.1174947392533618
2026-08-07,2026-08-07_142725_765637_1_R4_C5_10,4,400.0,2.625,5,inter_cycle_dwell,29,1.8518738999999975,0.0,-0.10192858348398037,0.0,0.008777028048954028
2026-08-07,2026-08-07_142725_765637_1_R4_C5_10,4,400.0,2.625,6,holding,8,0.464311900000002,0.0,0.5376715668939955,0.0,1.161703502153732
2026-08-07,2026-08-07_142725_765637_1_R4_C5_10,4,400.0,2.625,6,inter_cycle_dwell,30,1.9341393999999994,0.0,-0.10693008642853352,0.0,0.008560080984643004
2026-08-07,2026-08-07_142725_765637_1_R4_C5_10,4,400.0,2.625,7,holding,7,0.4001673999999973,0.0,0.32356926559275745,0.0,1.184346010758838
2026-08-07,2026-08-07_142725_765637_1_R4_C5_10,4,400.0,2.625,7,inter_cycle_dwell,30,1.9339696999999987,0.0,-0.11679115391905981,0.0,0.021827046195710076
2026-08-07,2026-08-07_142725_765637_1_R4_C5_10,4,400.0,2.625,8,holding,8,0.4639462999999999,0.0,0.5272340361861664,0.0,1.141101989492327
2026-08-07,2026-08-07_142725_765637_1_R4_C5_10,4,400.0,2.625,8,inter_cycle_dwell,31,1.999913799999998,0.0,-0.23082959892077415,0.0,0.010507896526743277
2026-08-07,2026-08-07_142725_765637_1_R4_C5_10,4,400.0,2.625,9,holding,8,0.4638641999999997,0.0,0.5475639065191729,0.0,1.157237866090342
2026-08-07,2026-08-07_142725_765637_1_R4_C5_10,4,400.0,2.625,9,inter_cycle_dwell,30,1.9360934000000043,0.0,-0.12116099464454594,0.0,0.0074967014524159326
2026-08-07,2026-08-07_142725_765637_1_R4_C5_10,4,400.0,2.625,10,holding,8,0.4646852999999993,0.0,0.48936874566775057,0.0,1.127169302456828
2026-08-07,2026-08-07_142829_384154_1_R4_C6_10,4,400.0,3.5,1,holding,7,0.4004114999999999,0.0,0.7418045364116903,0.0,2.089634099206619
2026-08-07,2026-08-07_142829_384154_1_R4_C6_10,4,400.0,3.5,1,inter_cycle_dwell,30,1.9363273000000003,0.0,-0.24986029849996316,0.0,0.004773643660718918
2026-08-07,2026-08-07_142829_384154_1_R4_C6_10,4,400.0,3.5,2,holding,7,0.3965128,0.0,0.513179329525328,0.0,1.847751616110647
2026-08-07,2026-08-07_142829_384154_1_R4_C6_10,4,400.0,3.5,2,inter_cycle_dwell,30,1.9361733999999995,0.0,-0.2242896746405713,0.0,0.017364639813747196
2026-08-07,2026-08-07_142829_384154_1_R4_C6_10,4,400.0,3.5,3,holding,7,0.40285040000000016,0.0,0.5744147977930443,0.0,1.7787006536118521
2026-08-07,2026-08-07_142829_384154_1_R4_C6_10,4,400.0,3.5,3,inter_cycle_dwell,30,1.9325916000000003,0.0,-0.23387459650907988,0.0,0.018975382116363904
2026-08-07,2026-08-07_142829_384154_1_R4_C6_10,4,400.0,3.5,4,holding,7,0.4042470000000016,0.0,0.6522948661200807,0.0,1.8493410466448448
2026-08-07,2026-08-07_142829_384154_1_R4_C6_10,4,400.0,3.5,4,inter_cycle_dwell,30,1.9358667999999994,0.0,-0.2434335372602868,0.0,0.01031867907699971
2026-08-07,2026-08-07_142829_384154_1_R4_C6_10,4,400.0,3.5,5,holding,7,0.4155949999999997,0.0,0.6413530831781569,0.0,1.7999523774214163
2026-08-07,2026-08-07_142829_384154_1_R4_C6_10,4,400.0,3.5,5,inter_cycle_dwell,30,1.9374309000000025,0.0,-0.2221110204580835,0.0,0.012054698649145212
2026-08-07,2026-08-07_142829_384154_1_R4_C6_10,4,400.0,3.5,6,holding,7,0.40079880000000045,0.0,0.6036500922783761,0.0,1.8631546424566685
2026-08-07,2026-08-07_142829_384154_1_R4_C6_10,4,400.0,3.5,6,inter_cycle_dwell,30,1.9409537000000014,0.0,-0.2111544838019639,0.0,0.012138279876555802
2026-08-07,2026-08-07_142829_384154_1_R4_C6_10,4,400.0,3.5,7,holding,7,0.3989582000000027,0.0,0.5566814545216312,0.0,1.8054024035406546
2026-08-07,2026-08-07_142829_384154_1_R4_C6_10,4,400.0,3.5,7,inter_cycle_dwell,30,1.9363993000000015,0.0,-0.2257244544198191,0.0,0.010403615801654054
2026-08-07,2026-08-07_142829_384154_1_R4_C6_10,4,400.0,3.5,8,holding,7,0.4000775999999995,0.0,0.5924971447478333,0.0,1.7860080561509177
2026-08-07,2026-08-07_142829_384154_1_R4_C6_10,4,400.0,3.5,8,inter_cycle_dwell,30,1.9359031000000009,0.0,-0.22456508446107243,0.0,0.01558592696370903
2026-08-07,2026-08-07_142829_384154_1_R4_C6_10,4,400.0,3.5,9,holding,7,0.40114619999999945,0.0,0.632445402096375,0.0,1.8409129175803818
2026-08-07,2026-08-07_142829_384154_1_R4_C6_10,4,400.0,3.5,9,inter_cycle_dwell,30,1.9316163000000017,0.0,-0.2103561725422214,0.0,0.014697146323705168
2026-08-07,2026-08-07_142829_384154_1_R4_C6_10,4,400.0,3.5,10,holding,7,0.4026357000000047,0.0,0.6939104852164837,0.0,1.926021026388864
2026-08-07,2026-08-07_142948_893571_1_R4_C7_10,4,600.0,1.75,1,holding,7,0.3997651,0.0,0.32433980356984776,0.0,0.6017184600456693
2026-08-07,2026-08-07_142948_893571_1_R4_C7_10,4,600.0,1.75,1,inter_cycle_dwell,30,1.9324688,0.0,-0.3663285016622063,0.0,0.007052279471925604
2026-08-07,2026-08-07_142948_893571_1_R4_C7_10,4,600.0,1.75,2,holding,8,0.4639049000000002,0.0,0.38776500168760236,0.0,0.5870780140531053
2026-08-07,2026-08-07_142948_893571_1_R4_C7_10,4,600.0,1.75,2,inter_cycle_dwell,30,1.9359393999999996,0.0,-0.24618538266910972,0.0,0.007513187210075212
2026-08-07,2026-08-07_142948_893571_1_R4_C7_10,4,600.0,1.75,3,holding,7,0.3954898,0.0,0.23884411310847964,0.0,0.585098871721523
2026-08-07,2026-08-07_142948_893571_1_R4_C7_10,4,600.0,1.75,3,inter_cycle_dwell,30,1.9358429000000008,0.0,-0.29152680073505666,0.0,0.010698283158707689
2026-08-07,2026-08-07_142948_893571_1_R4_C7_10,4,600.0,1.75,4,holding,7,0.39977070000000126,0.0,0.33518418340010603,0.0,0.6097729900403055
2026-08-07,2026-08-07_142948_893571_1_R4_C7_10,4,600.0,1.75,4,inter_cycle_dwell,30,1.9361011000000001,0.0,-0.3268383320951183,0.0,0.009205324347874744
2026-08-07,2026-08-07_142948_893571_1_R4_C7_10,4,600.0,1.75,5,holding,7,0.3960165,0.0,0.37490733233338913,0.0,0.5961815159997795
2026-08-07,2026-08-07_142948_893571_1_R4_C7_10,4,600.0,1.75,5,inter_cycle_dwell,30,1.9449010000000015,0.0,-0.33389917251901535,0.0,0.00650113024651594
2026-08-07,2026-08-07_142948_893571_1_R4_C7_10,4,600.0,1.75,6,holding,8,0.46403490000000147,0.0,0.36551777399641266,0.0,0.5854186470128486
2026-08-07,2026-08-07_142948_893571_1_R4_C7_10,4,600.0,1.75,6,inter_cycle_dwell,30,1.9357189999999989,0.0,-0.23534997610396252,0.0,0.008021346405940155
2026-08-07,2026-08-07_142948_893571_1_R4_C7_10,4,600.0,1.75,7,holding,7,0.40060740000000195,0.0,0.2709584241458739,0.0,0.5952633517028763
2026-08-07,2026-08-07_142948_893571_1_R4_C7_10,4,600.0,1.75,7,inter_cycle_dwell,30,1.9432554999999994,0.0,-0.2975750198405372,0.0,0.005703912295628666
2026-08-07,2026-08-07_142948_893571_1_R4_C7_10,4,600.0,1.75,8,holding,7,0.39987290000000186,0.0,0.28230228523296674,0.0,0.589705064966457
2026-08-07,2026-08-07_142948_893571_1_R4_C7_10,4,600.0,1.75,8,inter_cycle_dwell,30,1.9356799999999978,0.0,-0.31358146635463363,0.0,0.008307905901906165
2026-08-07,2026-08-07_142948_893571_1_R4_C7_10,4,600.0,1.75,9,holding,8,0.47087450000000075,0.0,0.3595266143163114,0.0,0.5856310677677525
2026-08-07,2026-08-07_142948_893571_1_R4_C7_10,4,600.0,1.75,9,inter_cycle_dwell,30,1.9360327999999996,0.0,-0.20792813028527823,0.0,0.008398333549782866
2026-08-07,2026-08-07_142948_893571_1_R4_C7_10,4,600.0,1.75,10,holding,7,0.4157962999999967,0.0,0.25169524273161076,0.0,0.5911118699060098
2026-08-07,2026-08-07_143104_921482_1_R4_C8_10,4,600.0,2.625,1,holding,8,0.46244439999999987,0.0,0.6533550102379506,0.0,1.1993209499427808
2026-08-07,2026-08-07_143104_921482_1_R4_C8_10,4,600.0,2.625,1,inter_cycle_dwell,30,1.9345455,0.0,-0.20010694241969618,0.0,0.018210394262733298
2026-08-07,2026-08-07_143104_921482_1_R4_C8_10,4,600.0,2.625,2,holding,8,0.46736439999999924,0.0,0.5522645754827217,0.0,1.1325736637506427
2026-08-07,2026-08-07_143104_921482_1_R4_C8_10,4,600.0,2.625,2,inter_cycle_dwell,30,1.9363525999999993,0.0,-0.20637757326612222,0.0,0.013027308196525256
2026-08-07,2026-08-07_143104_921482_1_R4_C8_10,4,600.0,2.625,3,holding,8,0.46386790000000033,0.0,0.5157986808804772,0.0,1.0724789866705657
2026-08-07,2026-08-07_143104_921482_1_R4_C8_10,4,600.0,2.625,3,inter_cycle_dwell,30,1.9201467,0.0,-0.1647229901353095,0.0,0.02271426981078578
2026-08-07,2026-08-07_143104_921482_1_R4_C8_10,4,600.0,2.625,4,holding,8,0.4639483999999996,0.0,0.5640376758460445,0.0,1.1721356412296786
2026-08-07,2026-08-07_143104_921482_1_R4_C8_10,4,600.0,2.625,4,inter_cycle_dwell,30,1.9358833000000004,0.0,-0.23639428087928593,0.0,0.008257488351516518
2026-08-07,2026-08-07_143104_921482_1_R4_C8_10,4,600.0,2.625,5,holding,8,0.46026099999999914,0.0,0.5669486961792917,0.0,1.171568468183028
2026-08-07,2026-08-07_143104_921482_1_R4_C8_10,4,600.0,2.625,5,inter_cycle_dwell,30,1.9359611,0.0,-0.22388539479856784,0.0,0.011359557276414578
2026-08-07,2026-08-07_143104_921482_1_R4_C8_10,4,600.0,2.625,6,holding,8,0.46986040000000173,0.0,0.5840137207566807,0.0,1.1742785270575025
2026-08-07,2026-08-07_143104_921482_1_R4_C8_10,4,600.0,2.625,6,inter_cycle_dwell,30,1.9361879000000002,0.0,-0.2494621727252132,0.0,0.011109715119201835
2026-08-07,2026-08-07_143104_921482_1_R4_C8_10,4,600.0,2.625,7,holding,8,0.4804206999999998,0.0,0.6760969317777832,0.0,1.1764892614618714
2026-08-07,2026-08-07_143104_921482_1_R4_C8_10,4,600.0,2.625,7,inter_cycle_dwell,30,1.9359026999999998,0.0,-0.3111318176513169,0.0,0.011731677690071995
2026-08-07,2026-08-07_143104_921482_1_R4_C8_10,4,600.0,2.625,8,holding,8,0.4799427999999999,0.0,0.7434850899255031,0.0,1.2031365750676575
2026-08-07,2026-08-07_143104_921482_1_R4_C8_10,4,600.0,2.625,8,inter_cycle_dwell,30,1.9362426,0.0,-0.23802334185271923,0.0,0.03039039107746694
2026-08-07,2026-08-07_143104_921482_1_R4_C8_10,4,600.0,2.625,9,holding,7,0.4000513000000012,0.0,0.4877773867234292,0.0,1.2731168086094018
2026-08-07,2026-08-07_143104_921482_1_R4_C8_10,4,600.0,2.625,9,inter_cycle_dwell,30,1.935982899999999,0.0,-0.28941084685748436,0.0,0.022104806160194834
2026-08-07,2026-08-07_143104_921482_1_R4_C8_10,4,600.0,2.625,10,holding,7,0.4000411000000028,0.0,0.5556444868058148,0.0,1.3424089265025567
2026-08-07,2026-08-07_143211_557162_1_R4_C9_10,4,600.0,3.5,1,holding,8,0.46221899999999994,0.0,0.9853858672419604,0.0,2.2746625207253515
2026-08-07,2026-08-07_143211_557162_1_R4_C9_10,4,600.0,3.5,1,inter_cycle_dwell,30,1.9358206,0.0,-0.33277359564509157,0.0,0.01645012537728313
2026-08-07,2026-08-07_143211_557162_1_R4_C9_10,4,600.0,3.5,2,holding,7,0.3981083000000005,0.0,0.891435116302514,0.0,2.25375681475747
2026-08-07,2026-08-07_143211_557162_1_R4_C9_10,4,600.0,3.5,2,inter_cycle_dwell,30,1.9359393999999996,0.0,-0.2878053192351924,0.0,0.012241413403289936
2026-08-07,2026-08-07_143211_557162_1_R4_C9_10,4,600.0,3.5,3,holding,7,0.4000270999999991,0.0,0.7553916886232479,0.0,2.255723122535195
2026-08-07,2026-08-07_143211_557162_1_R4_C9_10,4,600.0,3.5,3,inter_cycle_dwell,30,1.9359585,0.0,-0.2573439652905759,0.0,0.0127058044448497
2026-08-07,2026-08-07_143211_557162_1_R4_C9_10,4,600.0,3.5,4,holding,8,0.4639445999999996,0.0,1.1213093576417297,0.0,2.2448774726394665
2026-08-07,2026-08-07_143211_557162_1_R4_C9_10,4,600.0,3.5,4,inter_cycle_dwell,30,1.920211199999999,0.0,-0.3642918549046486,0.0,0.009821442160151461
2026-08-07,2026-08-07_143211_557162_1_R4_C9_10,4,600.0,3.5,5,holding,7,0.3997250000000001,0.0,0.9858094685152241,0.0,2.2596127025518613
2026-08-07,2026-08-07_143211_557162_1_R4_C9_10,4,600.0,3.5,5,inter_cycle_dwell,30,1.941962199999999,0.0,-0.2830772681639569,0.0,0.011182035154233494
2026-08-07,2026-08-07_143211_557162_1_R4_C9_10,4,600.0,3.5,6,holding,7,0.4042925000000004,0.0,0.664042156936433,0.0,2.199121536455413
2026-08-07,2026-08-07_143211_557162_1_R4_C9_10,4,600.0,3.5,6,inter_cycle_dwell,30,1.9416627999999996,0.0,-0.2667176634994832,0.0,0.013285180482973336
2026-08-07,2026-08-07_143211_557162_1_R4_C9_10,4,600.0,3.5,7,holding,8,0.45841000000000065,0.0,1.092567177472426,0.0,2.1760305062381646
2026-08-07,2026-08-07_143211_557162_1_R4_C9_10,4,600.0,3.5,7,inter_cycle_dwell,30,1.9201587999999994,0.0,-0.3475789869569762,0.0,0.012597316653885915
2026-08-07,2026-08-07_143211_557162_1_R4_C9_10,4,600.0,3.5,8,holding,7,0.4044419000000019,0.0,0.9336004483008655,0.0,2.228170243674062
2026-08-07,2026-08-07_143211_557162_1_R4_C9_10,4,600.0,3.5,8,inter_cycle_dwell,30,1.9360630999999984,0.0,-0.3008990690831106,0.0,0.01291055162426713
2026-08-07,2026-08-07_143211_557162_1_R4_C9_10,4,600.0,3.5,9,holding,7,0.3995804000000014,0.0,0.7467032899061681,0.0,2.119334285069371
2026-08-07,2026-08-07_143211_557162_1_R4_C9_10,4,600.0,3.5,9,inter_cycle_dwell,30,1.9361415999999991,0.0,-0.2693521517529197,0.0,0.013907894151828915
2026-08-07,2026-08-07_143211_557162_1_R4_C9_10,4,600.0,3.5,10,holding,8,0.4641996000000006,0.0,1.199138869274397,0.0,2.177774750467001
2026-08-07,2026-08-07_143439_978377_1_R3_C1_10,3,200.0,1.75,1,holding,8,0.4638620000000002,480.0,0.20213065853595014,480.0,0.7299714955423798
2026-08-07,2026-08-07_143439_978377_1_R3_C1_10,3,200.0,1.75,1,inter_cycle_dwell,30,1.9326611000000002,-231.0,-0.12562282397283853,0.0,0.008051944835149205
2026-08-07,2026-08-07_143439_978377_1_R3_C1_10,3,200.0,1.75,2,holding,7,0.3971815000000003,0.0,0.12719592767016885,0.0,0.727259623392948
2026-08-07,2026-08-07_143439_978377_1_R3_C1_10,3,200.0,1.75,2,inter_cycle_dwell,30,1.9202488000000004,-45.0,-0.14744049153915517,0.0,0.004729443205744255
2026-08-07,2026-08-07_143439_978377_1_R3_C1_10,3,200.0,1.75,3,holding,7,0.40024509999999935,0.0,0.14737260454676582,0.0,0.7010851530774476
2026-08-07,2026-08-07_143439_978377_1_R3_C1_10,3,200.0,1.75,3,inter_cycle_dwell,30,1.9402569000000014,-219.0,-0.09390540290514071,0.0,0.013057325309041079
2026-08-07,2026-08-07_143439_978377_1_R3_C1_10,3,200.0,1.75,4,holding,8,0.47990580000000094,312.0,0.1897264622382313,312.0,0.711943690815326
2026-08-07,2026-08-07_143439_978377_1_R3_C1_10,3,200.0,1.75,4,inter_cycle_dwell,30,1.9201219000000016,27.0,-0.10633291756751306,47.0,0.007884092433809275
2026-08-07,2026-08-07_143439_978377_1_R3_C1_10,3,200.0,1.75,5,holding,8,0.4800670999999994,340.0,0.20682168927160283,340.0,0.7074360759805168
2026-08-07,2026-08-07_143439_978377_1_R3_C1_10,3,200.0,1.75,5,inter_cycle_dwell,30,1.9358386000000003,212.0,-0.14068860134723143,212.0,0.0075751459602028115
2026-08-07,2026-08-07_143439_978377_1_R3_C1_10,3,200.0,1.75,6,holding,7,0.40022739999999857,362.0,0.14754933661158587,362.0,0.716723956391434
2026-08-07,2026-08-07_143439_978377_1_R3_C1_10,3,200.0,1.75,6,inter_cycle_dwell,31,1.9965489999999981,0.0,-0.1626992411383964,0.0,0.0025383881280355847
2026-08-07,2026-08-07_143439_978377_1_R3_C1_10,3,200.0,1.75,7,holding,7,0.40003679999999875,204.0,0.15246090831975234,204.0,0.7176459017791097
2026-08-07,2026-08-07_143439_978377_1_R3_C1_10,3,200.0,1.75,7,inter_cycle_dwell,29,1.8726008999999983,445.0,-0.09624004749098897,445.0,0.004754442540464032
2026-08-07,2026-08-07_143439_978377_1_R3_C1_10,3,200.0,1.75,8,holding,7,0.4016801000000001,0.0,0.17100717584066683,0.0,0.7120544902601064
2026-08-07,2026-08-07_143439_978377_1_R3_C1_10,3,200.0,1.75,8,inter_cycle_dwell,30,1.9359880000000018,103.0,-0.10168675910617542,103.0,0.005360040210107941
2026-08-07,2026-08-07_143439_978377_1_R3_C1_10,3,200.0,1.75,9,holding,8,0.4671994000000055,-496.0,0.21599952561646807,0.0,0.7210841117849162
2026-08-07,2026-08-07_143439_978377_1_R3_C1_10,3,200.0,1.75,9,inter_cycle_dwell,30,1.9354667999999933,0.0,-0.10815451994021841,0.0,0.010973451504381393
2026-08-07,2026-08-07_143439_978377_1_R3_C1_10,3,200.0,1.75,10,holding,7,0.3999114000000006,-403.0,0.1323070190004516,24.0,0.7029115760218276
2026-08-07,2026-08-07_143559_165814_1_R3_C2_10,3,200.0,2.625,1,holding,7,0.3999557,-118.0,0.22676267580169274,0.0,1.243528205455969
2026-08-07,2026-08-07_143559_165814_1_R3_C2_10,3,200.0,2.625,1,inter_cycle_dwell,30,1.9197348,139.0,-0.1008608263293832,139.0,0.01621508576035352
2026-08-07,2026-08-07_143559_165814_1_R3_C2_10,3,200.0,2.625,2,holding,8,0.46429459999999967,-5.0,0.3262307392219491,0.0,1.2547395146251161
2026-08-07,2026-08-07_143559_165814_1_R3_C2_10,3,200.0,2.625,2,inter_cycle_dwell,30,1.9359380999999996,51.0,-0.14869086804664583,62.0,0.006266755869527241
2026-08-07,2026-08-07_143559_165814_1_R3_C2_10,3,200.0,2.625,3,holding,7,0.39895379999999925,0.0,0.24330246092617414,0.0,1.1866660798054545
2026-08-07,2026-08-07_143559_165814_1_R3_C2_10,3,200.0,2.625,3,inter_cycle_dwell,30,1.9361666999999994,-190.0,-0.10454219142043875,32.0,0.007806420577754991
2026-08-07,2026-08-07_143559_165814_1_R3_C2_10,3,200.0,2.625,4,holding,8,0.46388350000000145,0.0,0.2531768677268995,0.0,1.1660325922074282
2026-08-07,2026-08-07_143559_165814_1_R3_C2_10,3,200.0,2.625,4,inter_cycle_dwell,30,1.9361214999999987,0.0,-0.13441151153325198,0.0,0.006303334219440959
2026-08-07,2026-08-07_143559_165814_1_R3_C2_10,3,200.0,2.625,5,holding,8,0.46414379999999866,-133.0,0.2650752787136722,0.0,1.1237793285369673
2026-08-07,2026-08-07_143559_165814_1_R3_C2_10,3,200.0,2.625,5,inter_cycle_dwell,30,1.9362150000000007,0.0,-0.15240004608129187,0.0,0.008780129654184066
2026-08-07,2026-08-07_143559_165814_1_R3_C2_10,3,200.0,2.625,6,holding,7,0.39778480000000016,240.0,0.23127779495056022,248.0,1.1404996374033554
2026-08-07,2026-08-07_143559_165814_1_R3_C2_10,3,200.0,2.625,6,inter_cycle_dwell,30,1.9358740999999995,-128.0,-0.12254138590882219,0.0,0.011622140254520907
2026-08-07,2026-08-07_143559_165814_1_R3_C2_10,3,200.0,2.625,7,holding,8,0.46409029999999873,-33.0,0.30102155943350084,156.0,1.2302480578685322
2026-08-07,2026-08-07_143559_165814_1_R3_C2_10,3,200.0,2.625,7,inter_cycle_dwell,30,1.9357927000000004,0.0,-0.1903973947407958,0.0,0.004951225894844036
2026-08-07,2026-08-07_143559_165814_1_R3_C2_10,3,200.0,2.625,8,holding,7,0.3937342999999984,0.0,0.25973233484447766,0.0,1.2141105311944846
2026-08-07,2026-08-07_143559_165814_1_R3_C2_10,3,200.0,2.625,8,inter_cycle_dwell,30,1.936109100000003,337.0,-0.09532766387165093,337.0,0.009321524541900272
2026-08-07,2026-08-07_143559_165814_1_R3_C2_10,3,200.0,2.625,9,holding,8,0.47614599999999996,537.0,0.2600563762060053,537.0,1.1719267550429213
2026-08-07,2026-08-07_143559_165814_1_R3_C2_10,3,200.0,2.625,9,inter_cycle_dwell,30,1.935827500000002,190.0,-0.146258502771895,190.0,0.004757592544597455
2026-08-07,2026-08-07_143559_165814_1_R3_C2_10,3,200.0,2.625,10,holding,7,0.3995211000000012,0.0,0.1994041489674696,0.0,1.1646011106196643
2026-08-07,2026-08-07_143708_058660_1_R3_C3_10,3,200.0,3.5,1,holding,8,0.4642428999999999,-241.0,0.4496227653037437,0.0,2.048272057668856
2026-08-07,2026-08-07_143708_058660_1_R3_C3_10,3,200.0,3.5,1,inter_cycle_dwell,45,2.9231219,263.0,-0.11462413379569958,263.0,0.009012426711026922
2026-08-07,2026-08-07_143708_058660_1_R3_C3_10,3,200.0,3.5,2,holding,8,0.4596245999999997,147.0,0.4162205873949838,147.0,2.028907957766679
2026-08-07,2026-08-07_143708_058660_1_R3_C3_10,3,200.0,3.5,2,inter_cycle_dwell,45,2.9473730999999983,285.0,-0.1308579922018056,285.0,0.014296857923109196
2026-08-07,2026-08-07_143708_058660_1_R3_C3_10,3,200.0,3.5,3,holding,8,0.46393660000000025,60.0,0.47015500838126023,474.0,1.9632408214782164
2026-08-07,2026-08-07_143708_058660_1_R3_C3_10,3,200.0,3.5,3,inter_cycle_dwell,45,2.943705999999999,-74.0,-0.15239101618074313,0.0,0.006029398015019449
2026-08-07,2026-08-07_143708_058660_1_R3_C3_10,3,200.0,3.5,4,holding,7,0.40000029999999853,-132.0,0.38856575280317784,0.0,1.9610072402278378
2026-08-07,2026-08-07_143708_058660_1_R3_C3_10,3,200.0,3.5,4,inter_cycle_dwell,45,2.932018000000003,-436.0,-0.10303835532747346,0.0,0.012768390462867818
2026-08-07,2026-08-07_143708_058660_1_R3_C3_10,3,200.0,3.5,5,holding,8,0.4656774000000006,0.0,0.5345043835669172,0.0,2.018041489490049
2026-08-07,2026-08-07_143708_058660_1_R3_C3_10,3,200.0,3.5,5,inter_cycle_dwell,45,2.950958,-319.0,-0.14641219198612365,198.0,0.011685105327775058
2026-08-07,2026-08-07_143708_058660_1_R3_C3_10,3,200.0,3.5,6,holding,7,0.3996799000000024,0.0,0.3040868007565851,0.0,1.786585619457878
2026-08-07,2026-08-07_143708_058660_1_R3_C3_10,3,200.0,3.5,6,inter_cycle_dwell,45,2.943786899999999,231.0,-0.1194299412221706,231.0,0.014752610866260285
2026-08-07,2026-08-07_143708_058660_1_R3_C3_10,3,200.0,3.5,7,holding,7,0.3946930999999978,0.0,0.4090492590043322,0.0,2.016176644554944
2026-08-07,2026-08-07_143708_058660_1_R3_C3_10,3,200.0,3.5,7,inter_cycle_dwell,45,2.9327128000000044,-65.0,-0.08547723870455665,0.0,0.011201379443973869
2026-08-07,2026-08-07_143708_058660_1_R3_C3_10,3,200.0,3.5,8,holding,8,0.48064660000000003,0.0,0.36926603876229347,0.0,1.7298789974046036
2026-08-07,2026-08-07_143708_058660_1_R3_C3_10,3,200.0,3.5,8,inter_cycle_dwell,45,2.924755399999995,0.0,-0.1376837962833125,0.0,0.008825222079027195
2026-08-07,2026-08-07_143708_058660_1_R3_C3_10,3,200.0,3.5,9,holding,8,0.4637316000000027,-506.0,0.39273342042423653,175.0,1.8135374018647537
2026-08-07,2026-08-07_143708_058660_1_R3_C3_10,3,200.0,3.5,9,inter_cycle_dwell,45,2.9439734000000044,0.0,-0.13584312618181976,0.0,0.012321394805786534
2026-08-07,2026-08-07_143708_058660_1_R3_C3_10,3,200.0,3.5,10,holding,7,0.39635109999999685,0.0,0.4199618298848349,0.0,1.9240402031650108
2026-08-07,2026-08-07_143834_343810_1_R3_C4_10,3,400.0,1.75,1,holding,7,0.3988058000000001,63.0,0.25850322700077444,63.0,0.6944778182070223
2026-08-07,2026-08-07_143834_343810_1_R3_C4_10,3,400.0,1.75,1,inter_cycle_dwell,30,1.9359333000000003,-339.0,-0.12505072872913497,0.0,0.003040278252345041
2026-08-07,2026-08-07_143834_343810_1_R3_C4_10,3,400.0,1.75,2,holding,8,0.46727070000000026,0.0,0.385279780906337,0.0,0.6724745661625184
2026-08-07,2026-08-07_143834_343810_1_R3_C4_10,3,400.0,1.75,2,inter_cycle_dwell,30,1.9363763999999994,162.0,-0.22882741816293473,162.0,0.003722815688013914
2026-08-07,2026-08-07_143834_343810_1_R3_C4_10,3,400.0,1.75,3,holding,8,0.47446309999999947,351.0,0.3756719602176134,351.0,0.6854975402360983
2026-08-07,2026-08-07_143834_343810_1_R3_C4_10,3,400.0,1.75,3,inter_cycle_dwell,30,1.9355464000000016,-184.0,-0.3504964081072841,0.0,0.005213709251562393
2026-08-07,2026-08-07_143834_343810_1_R3_C4_10,3,400.0,1.75,4,holding,8,0.46384259999999955,0.0,0.3745085403776327,0.0,0.6920934383961617
2026-08-07,2026-08-07_143834_343810_1_R3_C4_10,3,400.0,1.75,4,inter_cycle_dwell,30,1.9204279,-139.0,-0.3301810810380103,0.0,0.00022690819173737387
2026-08-07,2026-08-07_143834_343810_1_R3_C4_10,3,400.0,1.75,5,holding,8,0.46378810000000037,-140.0,0.33542796179080325,0.0,0.6776668136835596
2026-08-07,2026-08-07_143834_343810_1_R3_C4_10,3,400.0,1.75,5,inter_cycle_dwell,30,1.938786099999998,201.0,-0.18404214910210437,201.0,0.010999102705946062
2026-08-07,2026-08-07_143834_343810_1_R3_C4_10,3,400.0,1.75,6,holding,8,0.4646423000000013,-46.0,0.3399801528007592,0.0,0.6890879432372017
2026-08-07,2026-08-07_143834_343810_1_R3_C4_10,3,400.0,1.75,6,inter_cycle_dwell,30,1.9361651000000002,0.0,-0.1990349717026058,0.0,0.00888059951713277
2026-08-07,2026-08-07_143834_343810_1_R3_C4_10,3,400.0,1.75,7,holding,8,0.4637720999999999,0.0,0.35953399120336127,0.0,0.6725930638311287
2026-08-07,2026-08-07_143834_343810_1_R3_C4_10,3,400.0,1.75,7,inter_cycle_dwell,30,1.9361738000000024,0.0,-0.17827974727428925,0.0,0.003551087170580558
2026-08-07,2026-08-07_143834_343810_1_R3_C4_10,3,400.0,1.75,8,holding,8,0.46343609999999913,0.0,0.3785843032082369,0.0,0.6669462672116917
2026-08-07,2026-08-07_143834_343810_1_R3_C4_10,3,400.0,1.75,8,inter_cycle_dwell,30,1.9202794000000019,704.0,-0.1852345396482703,704.0,0.007970272596520611
2026-08-07,2026-08-07_143834_343810_1_R3_C4_10,3,400.0,1.75,9,holding,8,0.4639821000000026,-176.0,0.36850046548013726,0.0,0.6725941879309079
2026-08-07,2026-08-07_143834_343810_1_R3_C4_10,3,400.0,1.75,9,inter_cycle_dwell,30,1.9371875000000003,418.0,-0.20713576717977344,507.0,0.008968813755370064
2026-08-07,2026-08-07_143834_343810_1_R3_C4_10,3,400.0,1.75,10,holding,7,0.4045386000000022,0.0,0.20913851753891055,0.0,0.6809268622134103
2026-08-07,2026-08-07_143951_031030_1_R3_C5_10,3,400.0,2.625,1,holding,7,0.3994614000000001,290.0,0.3513724523335935,290.0,1.061044218933907
2026-08-07,2026-08-07_143951_031030_1_R3_C5_10,3,400.0,2.625,1,inter_cycle_dwell,30,1.9360578999999998,1126.0,-0.308867392586378,1159.0,0.00499846984397917
2026-08-07,2026-08-07_143951_031030_1_R3_C5_10,3,400.0,2.625,2,holding,7,0.40021289999999965,37.0,0.3370023335713602,37.0,1.0433628431811646
2026-08-07,2026-08-07_143951_031030_1_R3_C5_10,3,400.0,2.625,2,inter_cycle_dwell,30,1.9387394999999996,274.0,-0.2499293656434854,327.0,0.010493571446756056
2026-08-07,2026-08-07_143951_031030_1_R3_C5_10,3,400.0,2.625,3,holding,7,0.4000054000000013,-133.0,0.3447947495559077,86.0,1.0644463827745483
2026-08-07,2026-08-07_143951_031030_1_R3_C5_10,3,400.0,2.625,3,inter_cycle_dwell,30,1.9377781999999986,0.0,-0.28915939773502575,0.0,0.010954268452058047
2026-08-07,2026-08-07_143951_031030_1_R3_C5_10,3,400.0,2.625,4,holding,7,0.39850489999999894,0.0,0.2863888349068239,0.0,1.05244493919791
2026-08-07,2026-08-07_143951_031030_1_R3_C5_10,3,400.0,2.625,4,inter_cycle_dwell,30,1.9358506999999996,158.0,-0.27343545497456206,158.0,0.011806771797406135
2026-08-07,2026-08-07_143951_031030_1_R3_C5_10,3,400.0,2.625,5,holding,8,0.46410669999999854,0.0,0.2862728687291026,0.0,1.0390612084869795
2026-08-07,2026-08-07_143951_031030_1_R3_C5_10,3,400.0,2.625,5,inter_cycle_dwell,30,1.9362224999999995,-52.0,-0.2640532213126418,0.0,0.008777119995093563
2026-08-07,2026-08-07_143951_031030_1_R3_C5_10,3,400.0,2.625,6,holding,7,0.39954099999999926,0.0,0.2676170498871624,0.0,1.0336521162959964
2026-08-07,2026-08-07_143951_031030_1_R3_C5_10,3,400.0,2.625,6,inter_cycle_dwell,30,1.936837699999998,524.0,-0.263847880156883,524.0,0.01015681989248729
2026-08-07,2026-08-07_143951_031030_1_R3_C5_10,3,400.0,2.625,7,holding,7,0.4065700999999997,-268.0,0.3028246628532436,0.0,1.0694748962087788
2026-08-07,2026-08-07_143951_031030_1_R3_C5_10,3,400.0,2.625,7,inter_cycle_dwell,30,1.9361317000000007,0.0,-0.22952705934002104,0.0,0.013894509051921466
2026-08-07,2026-08-07_143951_031030_1_R3_C5_10,3,400.0,2.625,8,holding,8,0.4638591000000005,188.0,0.3882953771218618,221.0,1.1261576704480927
2026-08-07,2026-08-07_143951_031030_1_R3_C5_10,3,400.0,2.625,8,inter_cycle_dwell,30,1.9379953999999984,-187.0,-0.2658126267277534,247.0,0.01083096004832057
2026-08-07,2026-08-07_143951_031030_1_R3_C5_10,3,400.0,2.625,9,holding,7,0.40480879999999786,-693.0,0.3094544459141524,0.0,1.0780454936419754
2026-08-07,2026-08-07_143951_031030_1_R3_C5_10,3,400.0,2.625,9,inter_cycle_dwell,30,1.9358530000000016,0.0,-0.2514687749315735,0.0,0.007184074936423035
2026-08-07,2026-08-07_143951_031030_1_R3_C5_10,3,400.0,2.625,10,holding,7,0.3999803999999969,0.0,0.3435463318855907,0.0,1.087720095467103
2026-08-07,2026-08-07_144054_585104_1_R3_C6_10,3,400.0,3.5,1,holding,8,0.48005350000000013,0.0,1.08697263105313,0.0,2.136792059970402
2026-08-07,2026-08-07_144054_585104_1_R3_C6_10,3,400.0,3.5,1,inter_cycle_dwell,29,1.8543099999999995,-502.0,-0.15878299521706046,0.0,0.03292941179290049
2026-08-07,2026-08-07_144054_585104_1_R3_C6_10,3,400.0,3.5,2,holding,8,0.48015589999999975,233.0,1.1160682811401228,261.0,2.3385638955546035
2026-08-07,2026-08-07_144054_585104_1_R3_C6_10,3,400.0,3.5,2,inter_cycle_dwell,29,1.842382699999999,361.0,-0.1509735255612074,361.0,0.015655826680700202
2026-08-07,2026-08-07_144054_585104_1_R3_C6_10,3,400.0,3.5,3,holding,7,0.4010417000000004,0.0,0.6094713930904829,0.0,2.200487190319451
2026-08-07,2026-08-07_144054_585104_1_R3_C6_10,3,400.0,3.5,3,inter_cycle_dwell,30,1.9360645000000005,-8.0,-0.18716252733051086,0.0,0.014463000372776813
2026-08-07,2026-08-07_144054_585104_1_R3_C6_10,3,400.0,3.5,4,holding,8,0.46814359999999944,379.0,0.9907250952235562,424.0,2.1906327769511664
2026-08-07,2026-08-07_144054_585104_1_R3_C6_10,3,400.0,3.5,4,inter_cycle_dwell,30,1.9356928999999994,237.0,-0.180503802365943,237.0,0.014042946487537233
2026-08-07,2026-08-07_144054_585104_1_R3_C6_10,3,400.0,3.5,5,holding,8,0.4694186000000009,0.0,1.077953421110199,0.0,2.2057437035260805
2026-08-07,2026-08-07_144054_585104_1_R3_C6_10,3,400.0,3.5,5,inter_cycle_dwell,30,1.9357346,149.0,-0.20026527445064773,149.0,0.01540879796468203
2026-08-07,2026-08-07_144054_585104_1_R3_C6_10,3,400.0,3.5,6,holding,7,0.399810200000001,0.0,0.6145124431933331,0.0,2.040938388929338
2026-08-07,2026-08-07_144054_585104_1_R3_C6_10,3,400.0,3.5,6,inter_cycle_dwell,30,1.9361278000000013,-155.0,-0.20346910287150927,0.0,0.015279577319040005
2026-08-07,2026-08-07_144054_585104_1_R3_C6_10,3,400.0,3.5,7,holding,7,0.3998669000000028,0.0,0.729813585888563,0.0,2.180985467251992
2026-08-07,2026-08-07_144054_585104_1_R3_C6_10,3,400.0,3.5,7,inter_cycle_dwell,30,1.9360423000000004,0.0,-0.23587379352346977,0.0,0.014622927757618032
2026-08-07,2026-08-07_144054_585104_1_R3_C6_10,3,400.0,3.5,8,holding,7,0.39998540000000204,0.0,0.6426820672882974,0.0,2.0319874636879978
2026-08-07,2026-08-07_144054_585104_1_R3_C6_10,3,400.0,3.5,8,inter_cycle_dwell,30,1.9300610999999996,383.0,-0.2072433239826484,474.0,0.011250338671102422
2026-08-07,2026-08-07_144054_585104_1_R3_C6_10,3,400.0,3.5,9,holding,7,0.3997682999999981,-133.0,0.5267052732414106,2.0,1.7669805193214987
2026-08-07,2026-08-07_144054_585104_1_R3_C6_10,3,400.0,3.5,9,inter_cycle_dwell,30,1.9300274000000002,0.0,-0.2134479734779382,0.0,0.019227409377447102
2026-08-07,2026-08-07_144054_585104_1_R3_C6_10,3,400.0,3.5,10,holding,7,0.3971274999999963,0.0,0.6997146823303686,0.0,2.0978439097152206
2026-08-07,2026-08-07_144200_325579_1_R3_C7_10,3,600.0,1.75,1,holding,7,0.4001943000000001,-149.0,0.3692446637644137,167.0,0.6830133045181042
2026-08-07,2026-08-07_144200_325579_1_R3_C7_10,3,600.0,1.75,1,inter_cycle_dwell,30,1.9361189000000003,0.0,-0.39710536433143834,0.0,0.014247425962714166
2026-08-07,2026-08-07_144200_325579_1_R3_C7_10,3,600.0,1.75,2,holding,8,0.46455670000000016,-332.0,0.43453527234410794,0.0,0.683213970639702
2026-08-07,2026-08-07_144200_325579_1_R3_C7_10,3,600.0,1.75,2,inter_cycle_dwell,30,1.9360157999999998,454.0,-0.3025732612755587,454.0,0.004577458371504417
2026-08-07,2026-08-07_144200_325579_1_R3_C7_10,3,600.0,1.75,3,holding,7,0.3999323999999991,-756.0,0.28498019719474327,173.0,0.685973615619363
2026-08-07,2026-08-07_144200_325579_1_R3_C7_10,3,600.0,1.75,3,inter_cycle_dwell,30,1.9361037999999997,818.0,-0.3562985270611753,818.0,0.007755693115317597
2026-08-07,2026-08-07_144200_325579_1_R3_C7_10,3,600.0,1.75,4,holding,8,0.46426360000000066,-76.0,0.41219731827142003,0.0,0.694305349307201
2026-08-07,2026-08-07_144200_325579_1_R3_C7_10,3,600.0,1.75,4,inter_cycle_dwell,30,1.9359652,130.0,-0.4574156828700202,130.0,0.0051316232039171905
2026-08-07,2026-08-07_144200_325579_1_R3_C7_10,3,600.0,1.75,5,holding,7,0.41585280000000147,0.0,0.29279807744745684,0.0,0.7023663425819355
2026-08-07,2026-08-07_144200_325579_1_R3_C7_10,3,600.0,1.75,5,inter_cycle_dwell,30,1.9364144999999997,158.0,-0.31730924108304825,158.0,0.004505203921241319
2026-08-07,2026-08-07_144200_325579_1_R3_C7_10,3,600.0,1.75,6,holding,7,0.40321750000000023,28.0,0.39852474052103537,28.0,0.6901894142996509
2026-08-07,2026-08-07_144200_325579_1_R3_C7_10,3,600.0,1.75,6,inter_cycle_dwell,30,1.9353718999999998,0.0,-0.41387233135055856,0.0,0.004154885778232975
2026-08-07,2026-08-07_144200_325579_1_R3_C7_10,3,600.0,1.75,7,holding,8,0.4636552999999992,0.0,0.4124092599885487,0.0,0.6823699740422658
2026-08-07,2026-08-07_144200_325579_1_R3_C7_10,3,600.0,1.75,7,inter_cycle_dwell,29,1.8561125000000018,33.0,-0.19987110046567164,134.0,0.006695810789574597
2026-08-07,2026-08-07_144200_325579_1_R3_C7_10,3,600.0,1.75,8,holding,8,0.46425499999999786,-73.0,0.4438530098675512,54.0,0.7020428201925577
2026-08-07,2026-08-07_144200_325579_1_R3_C7_10,3,600.0,1.75,8,inter_cycle_dwell,30,1.9408033999999965,-388.0,-0.449726366989281,0.0,0.008634557339588678
2026-08-07,2026-08-07_144200_325579_1_R3_C7_10,3,600.0,1.75,9,holding,8,0.46380160000000004,0.0,0.4630133093633765,0.0,0.6948127137346682
2026-08-07,2026-08-07_144200_325579_1_R3_C7_10,3,600.0,1.75,9,inter_cycle_dwell,30,1.9402442000000022,-340.0,-0.3231378298433105,247.0,0.007649235833387613
2026-08-07,2026-08-07_144200_325579_1_R3_C7_10,3,600.0,1.75,10,holding,7,0.39875029999999967,-183.0,0.3396417904914192,0.0,0.6968969928780565
2026-08-07,2026-08-07_144307_932339_1_R3_C8_10,3,600.0,2.625,1,holding,8,0.4638743000000001,0.0,0.46532823559150294,0.0,1.0882497832140712
2026-08-07,2026-08-07_144307_932339_1_R3_C8_10,3,600.0,2.625,1,inter_cycle_dwell,30,1.9366135000000004,-87.0,-0.3272383561967082,151.0,0.007249981263083571
2026-08-07,2026-08-07_144307_932339_1_R3_C8_10,3,600.0,2.625,2,holding,8,0.46418809999999944,-200.0,0.4202773411778078,0.0,1.0663220911818785
2026-08-07,2026-08-07_144307_932339_1_R3_C8_10,3,600.0,2.625,2,inter_cycle_dwell,30,1.9362203999999998,-8.0,-0.32015368912291975,0.0,0.009393271752700438
2026-08-07,2026-08-07_144307_932339_1_R3_C8_10,3,600.0,2.625,3,holding,7,0.4002265000000005,0.0,0.46844285798762,0.0,1.0558816820537804
2026-08-07,2026-08-07_144307_932339_1_R3_C8_10,3,600.0,2.625,3,inter_cycle_dwell,30,1.9358246000000001,86.0,-0.2818463707904875,496.0,0.006312330678889089
2026-08-07,2026-08-07_144307_932339_1_R3_C8_10,3,600.0,2.625,4,holding,7,0.4004511999999991,104.0,0.49869600645510115,104.0,1.0803265295506082
2026-08-07,2026-08-07_144307_932339_1_R3_C8_10,3,600.0,2.625,4,inter_cycle_dwell,30,1.9355962999999985,-69.0,-0.2882555432516555,159.0,0.005725118374729332
2026-08-07,2026-08-07_144307_932339_1_R3_C8_10,3,600.0,2.625,5,holding,8,0.4589072000000005,0.0,0.4295603504269583,0.0,1.0563485486730813
2026-08-07,2026-08-07_144307_932339_1_R3_C8_10,3,600.0,2.625,5,inter_cycle_dwell,30,1.9309767000000022,21.0,-0.25396454639580524,21.0,0.0060979239905624705
2026-08-07,2026-08-07_144307_932339_1_R3_C8_10,3,600.0,2.625,6,holding,8,0.4636759000000019,0.0,0.442619698931789,0.0,1.058686868415875
2026-08-07,2026-08-07_144307_932339_1_R3_C8_10,3,600.0,2.625,6,inter_cycle_dwell,30,1.9367857999999991,0.0,-0.2618386398097147,0.0,0.005506231834095876
2026-08-07,2026-08-07_144307_932339_1_R3_C8_10,3,600.0,2.625,7,holding,7,0.40026590000000084,96.0,0.45161590043154254,420.0,1.090986400731564
2026-08-07,2026-08-07_144307_932339_1_R3_C8_10,3,600.0,2.625,7,inter_cycle_dwell,30,1.9304638999999995,193.0,-0.2883319209034304,193.0,0.00970948634409785
2026-08-07,2026-08-07_144307_932339_1_R3_C8_10,3,600.0,2.625,8,holding,8,0.46249180000000223,-28.0,0.4542815823785258,0.0,1.0931802143765126
2026-08-07,2026-08-07_144307_932339_1_R3_C8_10,3,600.0,2.625,8,inter_cycle_dwell,30,1.9354842000000012,182.0,-0.2997306886171075,658.0,0.00473237708756713
2026-08-07,2026-08-07_144307_932339_1_R3_C8_10,3,600.0,2.625,9,holding,8,0.4513988999999974,307.0,0.4456764725053205,312.0,1.1076079006433721
2026-08-07,2026-08-07_144307_932339_1_R3_C8_10,3,600.0,2.625,9,inter_cycle_dwell,30,1.9361806000000037,-373.0,-0.3105201511182702,0.0,0.009778317192500052
2026-08-07,2026-08-07_144307_932339_1_R3_C8_10,3,600.0,2.625,10,holding,7,0.4000249999999994,-126.0,0.40920625452225734,136.0,1.0094223154293176
2026-08-07,2026-08-07_144428_518012_1_R3_C9_10,3,600.0,3.5,1,holding,8,0.4642153000000002,0.0,0.8388134337767514,0.0,1.7555043774463102
2026-08-07,2026-08-07_144428_518012_1_R3_C9_10,3,600.0,3.5,1,inter_cycle_dwell,31,1.9733353000000005,-522.0,-0.3198777010321935,0.0,0.026237792254161008
2026-08-07,2026-08-07_144428_518012_1_R3_C9_10,3,600.0,3.5,2,holding,7,0.40903940000000016,-59.0,0.754312816517082,159.0,2.083623006471146
2026-08-07,2026-08-07_144428_518012_1_R3_C9_10,3,600.0,3.5,2,inter_cycle_dwell,30,1.9333771000000004,386.0,-0.3048209244236329,499.0,0.02141452066496502
2026-08-07,2026-08-07_144428_518012_1_R3_C9_10,3,600.0,3.5,3,holding,8,0.469823400000001,-905.0,1.1229918570286164,31.0,2.053141794359186
2026-08-07,2026-08-07_144428_518012_1_R3_C9_10,3,600.0,3.5,3,inter_cycle_dwell,30,1.9293259999999997,-446.0,-0.23645020927736665,0.0,0.010070549944877494
2026-08-07,2026-08-07_144428_518012_1_R3_C9_10,3,600.0,3.5,4,holding,8,0.4657511999999997,-174.0,1.1496091923730043,196.0,2.102660483858789
2026-08-07,2026-08-07_144428_518012_1_R3_C9_10,3,600.0,3.5,4,inter_cycle_dwell,30,1.9359489000000014,133.0,-0.4691675215976805,592.0,0.011008719449402071
2026-08-07,2026-08-07_144428_518012_1_R3_C9_10,3,600.0,3.5,5,holding,7,0.4155930999999988,0.0,1.0809051726196244,0.0,2.152612958494291
2026-08-07,2026-08-07_144428_518012_1_R3_C9_10,3,600.0,3.5,5,inter_cycle_dwell,30,1.9356761999999996,-52.0,-0.38958541320141565,0.0,0.011015301428226987
2026-08-07,2026-08-07_144428_518012_1_R3_C9_10,3,600.0,3.5,6,holding,7,0.4001082999999994,0.0,0.9491135127289003,0.0,2.154352898445061
2026-08-07,2026-08-07_144428_518012_1_R3_C9_10,3,600.0,3.5,6,inter_cycle_dwell,30,1.935867100000003,616.0,-0.2933442141184931,616.0,0.012463412147630581
2026-08-07,2026-08-07_144428_518012_1_R3_C9_10,3,600.0,3.5,7,holding,7,0.3999701000000009,-241.0,0.8927721018213752,0.0,2.129874692352716
2026-08-07,2026-08-07_144428_518012_1_R3_C9_10,3,600.0,3.5,7,inter_cycle_dwell,30,1.9361190000000015,-283.0,-0.2923335549427581,0.0,0.01056180196053208
2026-08-07,2026-08-07_144428_518012_1_R3_C9_10,3,600.0,3.5,8,holding,7,0.4003787999999986,-1173.0,0.6774566326652254,183.0,2.135705423057751
2026-08-07,2026-08-07_144428_518012_1_R3_C9_10,3,600.0,3.5,8,inter_cycle_dwell,30,1.9409072999999992,-181.0,-0.08510928500036086,0.0,0.028920172946070744
2026-08-07,2026-08-07_144428_518012_1_R3_C9_10,3,600.0,3.5,9,holding,8,0.4637785999999977,-20.0,1.483743509950057,527.0,2.7790046064370655
2026-08-07,2026-08-07_144428_518012_1_R3_C9_10,3,600.0,3.5,9,inter_cycle_dwell,30,1.9296956999999964,0.0,-0.31796030037620937,0.0,0.017746828290154282
2026-08-07,2026-08-07_144428_518012_1_R3_C9_10,3,600.0,3.5,10,holding,8,0.4640433999999942,0.0,1.4744099576308864,0.0,2.7797377540818218
2026-08-07,2026-08-07_144631_897061_1_R2_C1_10,2,200.0,1.75,1,holding,7,0.39988630000000014,0.0,0.09960379133797048,0.0,0.5720261616553208
2026-08-07,2026-08-07_144631_897061_1_R2_C1_10,2,200.0,1.75,1,inter_cycle_dwell,30,1.9353568999999995,0.0,-0.08597849315265949,0.0,0.007636834430113926
2026-08-07,2026-08-07_144631_897061_1_R2_C1_10,2,200.0,1.75,2,holding,8,0.4637089000000003,0.0,0.15756693014055145,0.0,0.6200943143167501
2026-08-07,2026-08-07_144631_897061_1_R2_C1_10,2,200.0,1.75,2,inter_cycle_dwell,30,1.9428080000000003,0.0,-0.10523278898295152,0.0,0.013769911328633755
2026-08-07,2026-08-07_144631_897061_1_R2_C1_10,2,200.0,1.75,3,holding,8,0.4564807999999996,0.0,0.1678906410463683,0.0,0.6049192531040882
2026-08-07,2026-08-07_144631_897061_1_R2_C1_10,2,200.0,1.75,3,inter_cycle_dwell,30,1.9428710000000002,0.0,-0.13386847281008463,0.0,0.006204415056528356
2026-08-07,2026-08-07_144631_897061_1_R2_C1_10,2,200.0,1.75,4,holding,7,0.39987569999999906,0.0,0.11716246123803087,0.0,0.600837960042155
2026-08-07,2026-08-07_144631_897061_1_R2_C1_10,2,200.0,1.75,4,inter_cycle_dwell,30,1.935970000000001,0.0,-0.08640568113383162,0.0,0.006810368284731805
2026-08-07,2026-08-07_144631_897061_1_R2_C1_10,2,200.0,1.75,5,holding,8,0.4797514000000014,0.0,0.15821945794418119,0.0,0.5918757605561875
2026-08-07,2026-08-07_144631_897061_1_R2_C1_10,2,200.0,1.75,5,inter_cycle_dwell,30,1.9338631999999976,0.0,-0.1098162311132228,0.0,0.005575934847836306
2026-08-07,2026-08-07_144631_897061_1_R2_C1_10,2,200.0,1.75,6,holding,7,0.3926929000000001,0.0,0.08542707856194798,0.0,0.5855260040244696
2026-08-07,2026-08-07_144631_897061_1_R2_C1_10,2,200.0,1.75,6,inter_cycle_dwell,29,1.8575939999999989,0.0,-0.06212647916608738,0.0,0.00752281867797
2026-08-07,2026-08-07_144631_897061_1_R2_C1_10,2,200.0,1.75,7,holding,7,0.4004394999999974,0.0,0.1305353766446003,0.0,0.5891210998910159
2026-08-07,2026-08-07_144631_897061_1_R2_C1_10,2,200.0,1.75,7,inter_cycle_dwell,30,1.9229214,0.0,-0.0870888120161476,0.0,0.0077145569489689425
2026-08-07,2026-08-07_144631_897061_1_R2_C1_10,2,200.0,1.75,8,holding,8,0.4804358999999998,0.0,0.17426252351133864,0.0,0.5960801005943079
2026-08-07,2026-08-07_144631_897061_1_R2_C1_10,2,200.0,1.75,8,inter_cycle_dwell,30,1.9373659000000032,0.0,-0.12623458804165544,0.0,0.005455754327805373
2026-08-07,2026-08-07_144631_897061_1_R2_C1_10,2,200.0,1.75,9,holding,7,0.400217099999999,0.0,0.10414922142820732,0.0,0.5822515041169456
2026-08-07,2026-08-07_144631_897061_1_R2_C1_10,2,200.0,1.75,9,inter_cycle_dwell,30,1.936627300000005,0.0,-0.07672785432117651,0.0,0.007186188934484639
2026-08-07,2026-08-07_144631_897061_1_R2_C1_10,2,200.0,1.75,10,holding,8,0.4650615999999985,0.0,0.14864517590284232,0.0,0.594969557310563
2026-08-07,2026-08-07_144756_980761_1_R2_C2_10,2,200.0,2.625,1,holding,7,0.4006190999999997,0.0,0.2333294857474021,0.0,1.0425048609357388
2026-08-07,2026-08-07_144756_980761_1_R2_C2_10,2,200.0,2.625,1,inter_cycle_dwell,30,1.9358760000000004,0.0,-0.06543232717796638,0.0,0.021028125389205565
2026-08-07,2026-08-07_144756_980761_1_R2_C2_10,2,200.0,2.625,2,holding,8,0.46414369999999927,0.0,0.23265413016531444,0.0,0.9683279504386132
2026-08-07,2026-08-07_144756_980761_1_R2_C2_10,2,200.0,2.625,2,inter_cycle_dwell,30,1.9363938999999988,0.0,-0.1103488297459449,0.0,0.006381002090500687
2026-08-07,2026-08-07_144756_980761_1_R2_C2_10,2,200.0,2.625,3,holding,8,0.4796817999999998,0.0,0.2714932179963593,0.0,0.9871542373558398
2026-08-07,2026-08-07_144756_980761_1_R2_C2_10,2,200.0,2.625,3,inter_cycle_dwell,30,1.9360660999999997,0.0,-0.13129178425104943,0.0,0.008886999409015328
2026-08-07,2026-08-07_144756_980761_1_R2_C2_10,2,200.0,2.625,4,holding,7,0.3998697,0.0,0.17075936521491197,0.0,0.9666753219908238
2026-08-07,2026-08-07_144756_980761_1_R2_C2_10,2,200.0,2.625,4,inter_cycle_dwell,30,1.9338061999999994,0.0,-0.0778015819468249,0.0,0.008568014045107042
2026-08-07,2026-08-07_144756_980761_1_R2_C2_10,2,200.0,2.625,5,holding,8,0.4644478999999997,0.0,0.22853227794242836,0.0,1.022846826017861
2026-08-07,2026-08-07_144756_980761_1_R2_C2_10,2,200.0,2.625,5,inter_cycle_dwell,30,1.935869799999999,141.0,-0.09327726326947278,141.0,0.013163944544168082
2026-08-07,2026-08-07_144756_980761_1_R2_C2_10,2,200.0,2.625,6,holding,8,0.48064589999999896,0.0,0.259078648492186,0.0,1.008145653390927
2026-08-07,2026-08-07_144756_980761_1_R2_C2_10,2,200.0,2.625,6,inter_cycle_dwell,30,1.9361225999999974,0.0,-0.14782019958211018,0.0,0.010933822832796647
2026-08-07,2026-08-07_144756_980761_1_R2_C2_10,2,200.0,2.625,7,holding,7,0.4001600000000032,0.0,0.1831426122429085,0.0,1.0161318978440625
2026-08-07,2026-08-07_144756_980761_1_R2_C2_10,2,200.0,2.625,7,inter_cycle_dwell,29,1.8560580000000009,0.0,-0.013487551807078002,0.0,0.021969930451290365
2026-08-07,2026-08-07_144756_980761_1_R2_C2_10,2,200.0,2.625,8,holding,8,0.4638127000000054,0.0,0.26760288424663903,0.0,1.0969846255370754
2026-08-07,2026-08-07_144756_980761_1_R2_C2_10,2,200.0,2.625,8,inter_cycle_dwell,30,1.9358587999999983,0.0,-0.11257338024905655,0.0,0.0021619649438784916
2026-08-07,2026-08-07_144756_980761_1_R2_C2_10,2,200.0,2.625,9,holding,8,0.48057500000000175,0.0,0.32239220623997844,0.0,1.095298357127367
2026-08-07,2026-08-07_144756_980761_1_R2_C2_10,2,200.0,2.625,9,inter_cycle_dwell,30,1.9360479999999995,0.0,-0.1265417322741898,0.0,0.005306238021394238
2026-08-07,2026-08-07_144756_980761_1_R2_C2_10,2,200.0,2.625,10,holding,7,0.40002050000000366,0.0,0.2621998371960491,0.0,1.1407494287558877
2026-08-07,2026-08-07_144902_920168_1_R2_C3_10,2,200.0,3.5,1,holding,8,0.4642225999999998,0.0,0.3747992848977668,0.0,1.858677031793826
2026-08-07,2026-08-07_144902_920168_1_R2_C3_10,2,200.0,3.5,1,inter_cycle_dwell,45,2.9281369,0.0,-0.10763954483995819,0.0,0.001356366889450289
2026-08-07,2026-08-07_144902_920168_1_R2_C3_10,2,200.0,3.5,2,holding,7,0.40025469999999963,0.0,0.3087378772686904,0.0,1.9402243117497933
2026-08-07,2026-08-07_144902_920168_1_R2_C3_10,2,200.0,3.5,2,inter_cycle_dwell,45,2.928260999999999,0.0,-0.046568681939983425,0.0,0.0129240296291106
2026-08-07,2026-08-07_144902_920168_1_R2_C3_10,2,200.0,3.5,3,holding,8,0.46418040000000005,0.0,0.5259148646573402,0.0,1.9871267518885776
2026-08-07,2026-08-07_144902_920168_1_R2_C3_10,2,200.0,3.5,3,inter_cycle_dwell,45,2.9444414000000023,0.0,-0.11422171283373972,0.0,0.012151948674534063
2026-08-07,2026-08-07_144902_920168_1_R2_C3_10,2,200.0,3.5,4,holding,7,0.4000191000000015,0.0,0.44309685308755364,0.0,1.9705158839577146
2026-08-07,2026-08-07_144902_920168_1_R2_C3_10,2,200.0,3.5,4,inter_cycle_dwell,45,2.9448443999999974,0.0,-0.08127709606152272,0.0,0.011646757452880796
2026-08-07,2026-08-07_144902_920168_1_R2_C3_10,2,200.0,3.5,5,holding,8,0.46419369999999915,0.0,0.5539739467887919,0.0,1.8691150381097343
2026-08-07,2026-08-07_144902_920168_1_R2_C3_10,2,200.0,3.5,5,inter_cycle_dwell,46,2.992068100000001,0.0,-0.11781107504206495,0.0,0.00997195536358092
2026-08-07,2026-08-07_144902_920168_1_R2_C3_10,2,200.0,3.5,6,holding,7,0.399787400000001,0.0,0.4483681236197239,0.0,1.9224591129088895
2026-08-07,2026-08-07_144902_920168_1_R2_C3_10,2,200.0,3.5,6,inter_cycle_dwell,45,2.943999600000005,0.0,-0.08654265128826505,0.0,0.012306862080581071
2026-08-07,2026-08-07_144902_920168_1_R2_C3_10,2,200.0,3.5,7,holding,8,0.4641348999999977,0.0,0.5508602152159459,0.0,1.978366457208717
2026-08-07,2026-08-07_144902_920168_1_R2_C3_10,2,200.0,3.5,7,inter_cycle_dwell,45,2.9438862999999955,0.0,-0.05083215629143539,0.0,0.0328549021192876
2026-08-07,2026-08-07_144902_920168_1_R2_C3_10,2,200.0,3.5,8,holding,8,0.4639082000000059,0.0,0.369928728792736,0.0,1.9249035151571083
2026-08-07,2026-08-07_144902_920168_1_R2_C3_10,2,200.0,3.5,8,inter_cycle_dwell,45,2.9280119000000013,0.0,-0.11518427507115586,0.0,-0.002363323560870878
2026-08-07,2026-08-07_144902_920168_1_R2_C3_10,2,200.0,3.5,9,holding,7,0.41598720000000355,0.0,0.09351404493460791,0.0,1.509363362094447
2026-08-07,2026-08-07_144902_920168_1_R2_C3_10,2,200.0,3.5,9,inter_cycle_dwell,45,2.9280259999999956,0.0,-0.048145802363037116,0.0,0.014331004250587365
2026-08-07,2026-08-07_144902_920168_1_R2_C3_10,2,200.0,3.5,10,holding,8,0.46372050000000087,0.0,0.39087951234357554,0.0,1.8343697833939117
2026-08-07,2026-08-07_145023_400029_1_R2_C4_10,2,400.0,1.75,1,holding,8,0.46691250000000006,0.0,0.28491855752165607,0.0,0.5600447832384698
2026-08-07,2026-08-07_145023_400029_1_R2_C4_10,2,400.0,1.75,1,inter_cycle_dwell,30,1.9301532000000003,0.0,-0.16455595060734435,0.0,0.006265817147999675
2026-08-07,2026-08-07_145023_400029_1_R2_C4_10,2,400.0,1.75,2,holding,8,0.4636154000000001,0.0,0.277715511761599,0.0,0.5714226670340645
2026-08-07,2026-08-07_145023_400029_1_R2_C4_10,2,400.0,1.75,2,inter_cycle_dwell,30,1.9320797999999995,0.0,-0.15899913026360196,0.0,0.0018723776913517343
2026-08-07,2026-08-07_145023_400029_1_R2_C4_10,2,400.0,1.75,3,holding,8,0.4640684000000004,0.0,0.29642398936492814,0.0,0.5631359159545468
2026-08-07,2026-08-07_145023_400029_1_R2_C4_10,2,400.0,1.75,3,inter_cycle_dwell,30,1.9359900000000003,0.0,-0.15076042353976044,0.0,0.012367263944032703
2026-08-07,2026-08-07_145023_400029_1_R2_C4_10,2,400.0,1.75,4,holding,8,0.4638923999999989,0.0,0.28222810009946675,0.0,0.5732458301843494
2026-08-07,2026-08-07_145023_400029_1_R2_C4_10,2,400.0,1.75,4,inter_cycle_dwell,30,1.9202291000000002,0.0,-0.1302402234722081,0.0,0.011490570049413562
2026-08-07,2026-08-07_145023_400029_1_R2_C4_10,2,400.0,1.75,5,holding,8,0.4592381000000003,0.0,0.2656682207026795,0.0,0.5694870183683195
2026-08-07,2026-08-07_145023_400029_1_R2_C4_10,2,400.0,1.75,5,inter_cycle_dwell,30,1.936152100000001,0.0,-0.16395483048264575,0.0,0.0017760832340479316
2026-08-07,2026-08-07_145023_400029_1_R2_C4_10,2,400.0,1.75,6,holding,8,0.4766376000000001,0.0,0.31518803602791967,0.0,0.5714048406441944
2026-08-07,2026-08-07_145023_400029_1_R2_C4_10,2,400.0,1.75,6,inter_cycle_dwell,30,1.9332864,0.0,-0.14979368213193023,0.0,0.009255986637672187
2026-08-07,2026-08-07_145023_400029_1_R2_C4_10,2,400.0,1.75,7,holding,7,0.39751099999999795,0.0,0.2121175727763302,0.0,0.5838677887864085
2026-08-07,2026-08-07_145023_400029_1_R2_C4_10,2,400.0,1.75,7,inter_cycle_dwell,30,1.9368840999999968,0.0,-0.1559220971744087,0.0,0.008974066634557631
2026-08-07,2026-08-07_145023_400029_1_R2_C4_10,2,400.0,1.75,8,holding,8,0.4640707000000006,0.0,0.27661256068989415,0.0,0.5622446069549282
2026-08-07,2026-08-07_145023_400029_1_R2_C4_10,2,400.0,1.75,8,inter_cycle_dwell,30,1.9360150999999988,0.0,-0.16487288803298633,0.0,0.007658959325720527
2026-08-07,2026-08-07_145023_400029_1_R2_C4_10,2,400.0,1.75,9,holding,8,0.4798751999999986,0.0,0.29183669683254976,0.0,0.5637960592979908
2026-08-07,2026-08-07_145023_400029_1_R2_C4_10,2,400.0,1.75,9,inter_cycle_dwell,30,1.9359053999999993,0.0,-0.1723851915491238,0.0,0.0025030324556299943
2026-08-07,2026-08-07_145023_400029_1_R2_C4_10,2,400.0,1.75,10,holding,8,0.46371030000000246,0.0,0.2816630651022073,0.0,0.5555966723977058
2026-08-07,2026-08-07_145129_967571_1_R2_C5_10,2,400.0,2.625,1,holding,7,0.4000619999999999,0.0,0.378981143118694,0.0,0.9622715594076077
2026-08-07,2026-08-07_145129_967571_1_R2_C5_10,2,400.0,2.625,1,inter_cycle_dwell,30,1.9381783000000001,0.0,-0.2491244126185887,0.0,0.010135102234530902
2026-08-07,2026-08-07_145129_967571_1_R2_C5_10,2,400.0,2.625,2,holding,8,0.4620746000000002,0.0,0.40738198648918633,0.0,1.0266483014299415
2026-08-07,2026-08-07_145129_967571_1_R2_C5_10,2,400.0,2.625,2,inter_cycle_dwell,30,1.9361151000000012,0.0,-0.24067241446888632,0.0,0.009874800485713098
2026-08-07,2026-08-07_145129_967571_1_R2_C5_10,2,400.0,2.625,3,holding,8,0.4637361999999996,0.0,0.3866705746413319,0.0,0.9886719046540823
2026-08-07,2026-08-07_145129_967571_1_R2_C5_10,2,400.0,2.625,3,inter_cycle_dwell,30,1.9359471999999993,0.0,-0.24880527089115717,0.0,0.008905826860862165
2026-08-07,2026-08-07_145129_967571_1_R2_C5_10,2,400.0,2.625,4,holding,7,0.4001298999999996,0.0,0.4031935629065093,0.0,1.1435471344091852
2026-08-07,2026-08-07_145129_967571_1_R2_C5_10,2,400.0,2.625,4,inter_cycle_dwell,30,1.9352128000000004,0.0,-0.23791448026217038,0.0,0.016064137340095486
2026-08-07,2026-08-07_145129_967571_1_R2_C5_10,2,400.0,2.625,5,holding,7,0.3998363999999981,0.0,0.42532454623422367,0.0,1.0432193961870009
2026-08-07,2026-08-07_145129_967571_1_R2_C5_10,2,400.0,2.625,5,inter_cycle_dwell,30,1.9358955000000009,0.0,-0.21119859989256412,0.0,0.015148225348663169
2026-08-07,2026-08-07_145129_967571_1_R2_C5_10,2,400.0,2.625,6,holding,7,0.3998837000000002,-216.0,0.4316617956130683,0.0,1.034516469803077
2026-08-07,2026-08-07_145129_967571_1_R2_C5_10,2,400.0,2.625,6,inter_cycle_dwell,30,1.935659300000001,-197.0,-0.21671701559351242,0.0,0.007330595538946438
2026-08-07,2026-08-07_145129_967571_1_R2_C5_10,2,400.0,2.625,7,holding,7,0.40007200000000154,0.0,0.3986206832656435,0.0,1.0724677064204324
2026-08-07,2026-08-07_145129_967571_1_R2_C5_10,2,400.0,2.625,7,inter_cycle_dwell,30,1.9158308999999996,0.0,-0.17152568068876373,0.0,0.014044544907213241
2026-08-07,2026-08-07_145129_967571_1_R2_C5_10,2,400.0,2.625,8,holding,7,0.40059090000000097,0.0,0.38402726535378395,0.0,1.0596584229411519
2026-08-07,2026-08-07_145129_967571_1_R2_C5_10,2,400.0,2.625,8,inter_cycle_dwell,30,1.945407600000003,0.0,-0.1927899652948552,0.0,-0.00027076111216745025
2026-08-07,2026-08-07_145129_967571_1_R2_C5_10,2,400.0,2.625,9,holding,7,0.40597569999999905,0.0,0.34090851285840773,0.0,1.06040435012022
2026-08-07,2026-08-07_145129_967571_1_R2_C5_10,2,400.0,2.625,9,inter_cycle_dwell,30,1.9437810000000013,0.0,-0.18769906249273466,0.0,0.00906280827560263
2026-08-07,2026-08-07_145129_967571_1_R2_C5_10,2,400.0,2.625,10,holding,7,0.404320399999996,0.0,0.35155961205342257,0.0,1.0544602582232911
2026-08-07,2026-08-07_145235_712747_1_R2_C6_10,2,400.0,3.5,1,holding,8,0.46389329999999984,0.0,0.6594090829884136,0.0,1.840589935118643
2026-08-07,2026-08-07_145235_712747_1_R2_C6_10,2,400.0,3.5,1,inter_cycle_dwell,30,1.9359891,0.0,-0.14065291931650914,0.0,0.02774300167807542
2026-08-07,2026-08-07_145235_712747_1_R2_C6_10,2,400.0,3.5,2,holding,7,0.4000383000000003,0.0,0.49330075553130204,0.0,1.919075507553257
2026-08-07,2026-08-07_145235_712747_1_R2_C6_10,2,400.0,3.5,2,inter_cycle_dwell,30,1.9372154000000004,0.0,-0.20231263640916863,0.0,0.01058800420101158
2026-08-07,2026-08-07_145235_712747_1_R2_C6_10,2,400.0,3.5,3,holding,7,0.4011737999999987,0.0,0.6891946504471367,0.0,1.9612331070736966
2026-08-07,2026-08-07_145235_712747_1_R2_C6_10,2,400.0,3.5,3,inter_cycle_dwell,30,1.9369499999999995,-145.0,-0.211743035011917,0.0,0.008909939888773477
2026-08-07,2026-08-07_145235_712747_1_R2_C6_10,2,400.0,3.5,4,holding,8,0.46391589999999994,0.0,0.3152173968767924,0.0,1.5007811397481845
2026-08-07,2026-08-07_145235_712747_1_R2_C6_10,2,400.0,3.5,4,inter_cycle_dwell,30,1.9385635999999984,331.0,-0.232897080553564,331.0,0.01571397818896042
2026-08-07,2026-08-07_145235_712747_1_R2_C6_10,2,400.0,3.5,5,holding,8,0.46283859999999777,0.0,0.4274798084729432,0.0,1.5838533766104916
2026-08-07,2026-08-07_145235_712747_1_R2_C6_10,2,400.0,3.5,5,inter_cycle_dwell,30,1.9363481999999976,0.0,-0.2660640625431244,0.0,0.010969540124530441
2026-08-07,2026-08-07_145235_712747_1_R2_C6_10,2,400.0,3.5,6,holding,7,0.4000690999999996,0.0,0.7167890707363751,0.0,1.8771147067586285
2026-08-07,2026-08-07_145235_712747_1_R2_C6_10,2,400.0,3.5,6,inter_cycle_dwell,30,1.9372700999999992,0.0,-0.13056585888920252,0.0,0.012758819199849725
2026-08-07,2026-08-07_145235_712747_1_R2_C6_10,2,400.0,3.5,7,holding,7,0.4005939000000005,0.0,0.49661817329812674,0.0,1.8666529034591344
2026-08-07,2026-08-07_145235_712747_1_R2_C6_10,2,400.0,3.5,7,inter_cycle_dwell,30,1.936251200000001,0.0,-0.17414906485255677,0.0,0.012007519424765967
2026-08-07,2026-08-07_145235_712747_1_R2_C6_10,2,400.0,3.5,8,holding,7,0.3998105999999986,0.0,0.544390586643271,0.0,1.8671017587826524
2026-08-07,2026-08-07_145235_712747_1_R2_C6_10,2,400.0,3.5,8,inter_cycle_dwell,30,1.9359981999999967,0.0,-0.20150556259970404,0.0,0.011547013011784901
2026-08-07,2026-08-07_145235_712747_1_R2_C6_10,2,400.0,3.5,9,holding,7,0.3997412999999952,0.0,0.6838356867930724,0.0,1.8802081341987642
2026-08-07,2026-08-07_145235_712747_1_R2_C6_10,2,400.0,3.5,9,inter_cycle_dwell,30,1.9360301999999976,0.0,-0.22792048290525335,0.0,0.013874857040135191
2026-08-07,2026-08-07_145235_712747_1_R2_C6_10,2,400.0,3.5,10,holding,8,0.4642272000000034,0.0,0.6521030715943175,0.0,1.8656526004601137
2026-08-07,2026-08-07_145400_245009_1_R2_C7_10,2,600.0,1.75,1,holding,8,0.46376399999999984,0.0,0.4376781295072235,0.0,0.6182380026081451
2026-08-07,2026-08-07_145400_245009_1_R2_C7_10,2,600.0,1.75,1,inter_cycle_dwell,30,1.9249892999999996,0.0,-0.22327742871209616,0.0,0.0017799806761599757
2026-08-07,2026-08-07_145400_245009_1_R2_C7_10,2,600.0,1.75,2,holding,7,0.39959080000000036,0.0,0.33588353420166395,0.0,0.6383212274376892
2026-08-07,2026-08-07_145400_245009_1_R2_C7_10,2,600.0,1.75,2,inter_cycle_dwell,30,1.9358626,0.0,-0.3137861200435503,0.0,0.005797058162979762
2026-08-07,2026-08-07_145400_245009_1_R2_C7_10,2,600.0,1.75,3,holding,7,0.3996759999999995,0.0,0.3982570000795431,0.0,0.633858014754841
2026-08-07,2026-08-07_145400_245009_1_R2_C7_10,2,600.0,1.75,3,inter_cycle_dwell,30,1.9336259999999985,0.0,-0.2065042949521384,0.0,0.0076694802434019715
2026-08-07,2026-08-07_145400_245009_1_R2_C7_10,2,600.0,1.75,4,holding,7,0.3991188000000001,0.0,0.2604563250546391,0.0,0.6324210650202263
2026-08-07,2026-08-07_145400_245009_1_R2_C7_10,2,600.0,1.75,4,inter_cycle_dwell,30,1.9417217999999998,0.0,-0.25889326906991217,0.0,0.007428835538531797
2026-08-07,2026-08-07_145400_245009_1_R2_C7_10,2,600.0,1.75,5,holding,7,0.39983400000000024,0.0,0.4130107223993599,0.0,0.6762689378689477
2026-08-07,2026-08-07_145400_245009_1_R2_C7_10,2,600.0,1.75,5,inter_cycle_dwell,30,1.9359154999999983,-10.0,-0.34674532983565043,0.0,0.004541150547876072
2026-08-07,2026-08-07_145400_245009_1_R2_C7_10,2,600.0,1.75,6,holding,8,0.4638726999999996,-546.0,0.41880018518401485,0.0,0.6300158628773347
2026-08-07,2026-08-07_145400_245009_1_R2_C7_10,2,600.0,1.75,6,inter_cycle_dwell,30,1.9316013000000005,0.0,-0.22526580453519962,0.0,0.005770036247652599
2026-08-07,2026-08-07_145400_245009_1_R2_C7_10,2,600.0,1.75,7,holding,7,0.39986299999999986,0.0,0.31364643156889593,0.0,0.6446379209782995
2026-08-07,2026-08-07_145400_245009_1_R2_C7_10,2,600.0,1.75,7,inter_cycle_dwell,30,1.936253899999997,373.0,-0.3048026255573396,373.0,0.006784746069848191
2026-08-07,2026-08-07_145400_245009_1_R2_C7_10,2,600.0,1.75,8,holding,8,0.46381629999999774,0.0,0.3667992091528585,0.0,0.6319442605922598
2026-08-07,2026-08-07_145400_245009_1_R2_C7_10,2,600.0,1.75,8,inter_cycle_dwell,29,1.8559791999999966,0.0,-0.1671153695281375,0.0,0.007229177768599826
2026-08-07,2026-08-07_145400_245009_1_R2_C7_10,2,600.0,1.75,9,holding,8,0.4640532999999998,0.0,0.41290120969964983,0.0,0.6324366359820551
2026-08-07,2026-08-07_145400_245009_1_R2_C7_10,2,600.0,1.75,9,inter_cycle_dwell,30,1.9449754000000006,0.0,-0.25004234750429855,0.0,0.008651705110046426
2026-08-07,2026-08-07_145400_245009_1_R2_C7_10,2,600.0,1.75,10,holding,7,0.3962863999999975,0.0,0.3301370868183605,0.0,0.6378088518991855
2026-08-07,2026-08-07_145458_654619_1_R2_C8_10,2,600.0,2.625,1,holding,7,0.3995499,0.0,0.4548442312305818,0.0,1.1728841235323024
2026-08-07,2026-08-07_145458_654619_1_R2_C8_10,2,600.0,2.625,1,inter_cycle_dwell,30,1.9357658000000004,0.0,-0.21012788680096217,0.0,0.0007602592523646701
2026-08-07,2026-08-07_145458_654619_1_R2_C8_10,2,600.0,2.625,2,holding,8,0.46388739999999995,0.0,0.4995413820245326,0.0,1.1235639842625607
2026-08-07,2026-08-07_145458_654619_1_R2_C8_10,2,600.0,2.625,2,inter_cycle_dwell,30,1.9360603999999997,272.0,-0.28027186016754846,272.0,0.01061415555670231
2026-08-07,2026-08-07_145458_654619_1_R2_C8_10,2,600.0,2.625,3,holding,8,0.4639761999999994,0.0,0.6016879168425315,0.0,1.1487298268125907
2026-08-07,2026-08-07_145458_654619_1_R2_C8_10,2,600.0,2.625,3,inter_cycle_dwell,30,1.9358013000000014,0.0,-0.2841259457142856,0.0,0.0044557414310050225
2026-08-07,2026-08-07_145458_654619_1_R2_C8_10,2,600.0,2.625,4,holding,8,0.4799118,0.0,0.6580557139139382,0.0,1.178712679512146
2026-08-07,2026-08-07_145458_654619_1_R2_C8_10,2,600.0,2.625,4,inter_cycle_dwell,30,1.9361035999999991,0.0,-0.26201328144388725,0.0,0.007375644339385035
2026-08-07,2026-08-07_145458_654619_1_R2_C8_10,2,600.0,2.625,5,holding,8,0.46389179999999897,0.0,0.655345448450418,0.0,1.1836213921081085
2026-08-07,2026-08-07_145458_654619_1_R2_C8_10,2,600.0,2.625,5,inter_cycle_dwell,30,1.9357250000000015,0.0,-0.23471613504178834,0.0,0.004757417565324218
2026-08-07,2026-08-07_145458_654619_1_R2_C8_10,2,600.0,2.625,6,holding,8,0.4599817999999978,0.0,0.5183777863368721,0.0,1.1297238038928068
2026-08-07,2026-08-07_145458_654619_1_R2_C8_10,2,600.0,2.625,6,inter_cycle_dwell,30,1.9292105,0.0,-0.12489667954926525,0.0,0.0022271611552160953
2026-08-07,2026-08-07_145458_654619_1_R2_C8_10,2,600.0,2.625,7,holding,8,0.4641081999999983,0.0,0.5864266606261168,0.0,1.147020900574581
2026-08-07,2026-08-07_145458_654619_1_R2_C8_10,2,600.0,2.625,7,inter_cycle_dwell,30,1.9362316000000028,0.0,-0.19639701764922235,0.0,0.01936887750290106
2026-08-07,2026-08-07_145458_654619_1_R2_C8_10,2,600.0,2.625,8,holding,7,0.3992614000000003,0.0,0.6002820365694618,0.0,1.262393595664269
2026-08-07,2026-08-07_145458_654619_1_R2_C8_10,2,600.0,2.625,8,inter_cycle_dwell,30,1.9290368000000022,0.0,-0.24139653982571546,0.0,0.009752336928125438
2026-08-07,2026-08-07_145458_654619_1_R2_C8_10,2,600.0,2.625,9,holding,8,0.46370609999999957,0.0,0.4977295550857138,0.0,1.0976063272618308
2026-08-07,2026-08-07_145458_654619_1_R2_C8_10,2,600.0,2.625,9,inter_cycle_dwell,30,1.9363244999999978,0.0,-0.2503840268625048,0.0,0.011655722410207625
2026-08-07,2026-08-07_145458_654619_1_R2_C8_10,2,600.0,2.625,10,holding,7,0.3920926000000051,0.0,0.4337497011292464,0.0,1.0712599541074441
2026-08-07,2026-08-07_145613_571627_1_R2_C9_10,2,600.0,3.5,1,holding,8,0.4617110000000002,0.0,0.9500616194131297,0.0,1.9272923525552204
2026-08-07,2026-08-07_145613_571627_1_R2_C9_10,2,600.0,3.5,1,inter_cycle_dwell,30,1.9272287000000001,0.0,-0.2553343241880238,0.0,0.01973880906659914
2026-08-07,2026-08-07_145613_571627_1_R2_C9_10,2,600.0,3.5,2,holding,8,0.4641231999999995,0.0,1.0000538060604378,0.0,2.0349582981828753
2026-08-07,2026-08-07_145613_571627_1_R2_C9_10,2,600.0,3.5,2,inter_cycle_dwell,30,1.9354978000000003,0.0,-0.42856259532885715,0.0,0.0017567373887564242
2026-08-07,2026-08-07_145613_571627_1_R2_C9_10,2,600.0,3.5,3,holding,8,0.4641202999999994,0.0,1.091442954866264,0.0,2.058836869138195
2026-08-07,2026-08-07_145613_571627_1_R2_C9_10,2,600.0,3.5,3,inter_cycle_dwell,30,1.9360152999999993,0.0,-0.36509824960464066,0.0,0.01032573741209375
2026-08-07,2026-08-07_145613_571627_1_R2_C9_10,2,600.0,3.5,4,holding,7,0.3997426999999991,0.0,1.016179692913497,0.0,2.5520420281740335
2026-08-07,2026-08-07_145613_571627_1_R2_C9_10,2,600.0,3.5,4,inter_cycle_dwell,30,1.9435731,0.0,-0.3483061086078868,0.0,0.014980371593565023
2026-08-07,2026-08-07_145613_571627_1_R2_C9_10,2,600.0,3.5,5,holding,7,0.39984349999999935,0.0,0.7926902002473648,0.0,2.1806909904702985
2026-08-07,2026-08-07_145613_571627_1_R2_C9_10,2,600.0,3.5,5,inter_cycle_dwell,30,1.9326508999999987,0.0,-0.2372511901708685,0.0,0.010805896200065224
2026-08-07,2026-08-07_145613_571627_1_R2_C9_10,2,600.0,3.5,6,holding,7,0.3938756000000012,0.0,0.710689202139442,0.0,2.1339265317492186
2026-08-07,2026-08-07_145613_571627_1_R2_C9_10,2,600.0,3.5,6,inter_cycle_dwell,30,1.9293556999999986,0.0,-0.20481835653269187,0.0,0.013116815025507211
2026-08-07,2026-08-07_145613_571627_1_R2_C9_10,2,600.0,3.5,7,holding,8,0.4644268999999994,0.0,1.0106536562951671,0.0,2.1098661113338095
2026-08-07,2026-08-07_145613_571627_1_R2_C9_10,2,600.0,3.5,7,inter_cycle_dwell,30,1.9392773000000005,0.0,-0.1895889741618908,0.0,0.011444313276273932
2026-08-07,2026-08-07_145613_571627_1_R2_C9_10,2,600.0,3.5,8,holding,8,0.46392809999999685,0.0,1.1086997153819058,0.0,2.188173256660329
2026-08-07,2026-08-07_145613_571627_1_R2_C9_10,2,600.0,3.5,8,inter_cycle_dwell,30,1.9360043000000005,0.0,-0.35997041354697523,0.0,0.016669984798779458
2026-08-07,2026-08-07_145613_571627_1_R2_C9_10,2,600.0,3.5,9,holding,8,0.4798833000000009,0.0,1.0706408148676803,0.0,2.2334955332051205
2026-08-07,2026-08-07_145613_571627_1_R2_C9_10,2,600.0,3.5,9,inter_cycle_dwell,30,1.9360925000000009,0.0,-0.33062125804109255,0.0,0.008710995516818532
2026-08-07,2026-08-07_145613_571627_1_R2_C9_10,2,600.0,3.5,10,holding,7,0.4059182999999962,0.0,0.9514943379197849,0.0,2.214436022323863
2026-08-07,2026-08-07_145838_520114_1_R1_C1_10,1,200.0,1.75,1,holding,8,0.4799313999999999,1477.0,0.18900548668708783,1890.0,0.6893767741340644
2026-08-07,2026-08-07_145838_520114_1_R1_C1_10,1,200.0,1.75,1,inter_cycle_dwell,30,1.9303943000000001,225.0,-0.12410873050213783,878.0,0.005096067036377189
2026-08-07,2026-08-07_145838_520114_1_R1_C1_10,1,200.0,1.75,2,holding,8,0.4798403999999996,1062.0,0.20690174985890986,1483.0,0.6581285994391833
2026-08-07,2026-08-07_145838_520114_1_R1_C1_10,1,200.0,1.75,2,inter_cycle_dwell,30,1.9354125,-651.0,-0.1590925608697707,396.0,0.0075341440337418075
2026-08-07,2026-08-07_145838_520114_1_R1_C1_10,1,200.0,1.75,3,holding,7,0.4007682999999993,-762.0,0.1226678732477049,372.0,0.6445114201553395
2026-08-07,2026-08-07_145838_520114_1_R1_C1_10,1,200.0,1.75,3,inter_cycle_dwell,30,1.9359874999999995,-123.0,-0.11148175909849381,542.0,0.006468962541098439
2026-08-07,2026-08-07_145838_520114_1_R1_C1_10,1,200.0,1.75,4,holding,8,0.46463740000000087,-85.0,0.14638424945692902,346.0,0.6456059727570271
2026-08-07,2026-08-07_145838_520114_1_R1_C1_10,1,200.0,1.75,4,inter_cycle_dwell,30,1.9378733000000015,-334.0,-0.1201417909065893,252.0,0.008694506316019784
2026-08-07,2026-08-07_145838_520114_1_R1_C1_10,1,200.0,1.75,5,holding,8,0.46409909999999854,676.0,0.17253202284652092,1261.0,0.6399913215895756
2026-08-07,2026-08-07_145838_520114_1_R1_C1_10,1,200.0,1.75,5,inter_cycle_dwell,30,1.9378889000000008,280.0,-0.13645733235059432,941.0,0.006588508049909514
2026-08-07,2026-08-07_145838_520114_1_R1_C1_10,1,200.0,1.75,6,holding,7,0.39215619999999873,-226.0,0.1017149668644024,99.0,0.6350644003465353
2026-08-07,2026-08-07_145838_520114_1_R1_C1_10,1,200.0,1.75,6,inter_cycle_dwell,30,1.9393121000000022,-1199.0,-0.09513719706769844,482.0,0.0076509057792475965
2026-08-07,2026-08-07_145838_520114_1_R1_C1_10,1,200.0,1.75,7,holding,8,0.463630000000002,-720.0,0.1445725893144877,0.0,0.6378098654935296
2026-08-07,2026-08-07_145838_520114_1_R1_C1_10,1,200.0,1.75,7,inter_cycle_dwell,30,1.9359374000000003,52.0,-0.116346518182014,1021.0,0.007332973139658416
2026-08-07,2026-08-07_145838_520114_1_R1_C1_10,1,200.0,1.75,8,holding,7,0.3988211000000028,1062.0,0.124647002051955,1062.0,0.6386019386020191
2026-08-07,2026-08-07_145838_520114_1_R1_C1_10,1,200.0,1.75,8,inter_cycle_dwell,30,1.9357941999999966,93.0,-0.0882885443823751,476.0,0.006380863908943435
2026-08-07,2026-08-07_145838_520114_1_R1_C1_10,1,200.0,1.75,9,holding,7,0.40159129999999976,516.0,0.13448667148928917,516.0,0.6352530122301909
2026-08-07,2026-08-07_145838_520114_1_R1_C1_10,1,200.0,1.75,9,inter_cycle_dwell,30,1.9359697000000011,-540.0,-0.09711547451770519,493.0,0.005837733732578981
2026-08-07,2026-08-07_145838_520114_1_R1_C1_10,1,200.0,1.75,10,holding,7,0.40527160000000606,-298.0,0.14936923590047324,167.0,0.6323792223499407
2026-08-07,2026-08-07_145956_431473_1_R1_C2_10,1,200.0,2.625,1,holding,7,0.40011779999999986,-325.0,0.1611894721482845,310.0,1.0470593234726422
2026-08-07,2026-08-07_145956_431473_1_R1_C2_10,1,200.0,2.625,1,inter_cycle_dwell,30,1.9359497000000006,487.0,-0.09763582487819247,804.0,0.0019564277426822596
2026-08-07,2026-08-07_145956_431473_1_R1_C2_10,1,200.0,2.625,2,holding,8,0.4637796000000005,928.0,0.18657032629294168,1051.0,0.9964700261832536
2026-08-07,2026-08-07_145956_431473_1_R1_C2_10,1,200.0,2.625,2,inter_cycle_dwell,30,1.9357036,305.0,-0.1526261950437023,1605.0,0.012575967132387705
2026-08-07,2026-08-07_145956_431473_1_R1_C2_10,1,200.0,2.625,3,holding,7,0.3968031000000014,18.0,0.19327381021541812,720.0,1.0496472511182329
2026-08-07,2026-08-07_145956_431473_1_R1_C2_10,1,200.0,2.625,3,inter_cycle_dwell,30,1.9298915999999995,-535.0,-0.11268077533396059,2085.0,0.007272577117137191
2026-08-07,2026-08-07_145956_431473_1_R1_C2_10,1,200.0,2.625,4,holding,8,0.4798739000000012,536.0,0.20774486593322217,1182.0,0.9902492995223204
2026-08-07,2026-08-07_145956_431473_1_R1_C2_10,1,200.0,2.625,4,inter_cycle_dwell,30,1.9357949000000012,-304.0,-0.15648453313543068,290.0,0.007027322951295989
2026-08-07,2026-08-07_145956_431473_1_R1_C2_10,1,200.0,2.625,5,holding,8,0.46252349999999964,-1120.0,0.15888067440607911,1538.0,0.9815809603527689
2026-08-07,2026-08-07_145956_431473_1_R1_C2_10,1,200.0,2.625,5,inter_cycle_dwell,30,1.9366863999999993,65.0,-0.13379976688588438,969.0,0.0077494840952101185
2026-08-07,2026-08-07_145956_431473_1_R1_C2_10,1,200.0,2.625,6,holding,7,0.3998410000000021,-494.0,0.15756898822895515,1760.0,0.9730269946153283
2026-08-07,2026-08-07_145956_431473_1_R1_C2_10,1,200.0,2.625,6,inter_cycle_dwell,30,1.9388787999999977,2202.0,-0.09169836247380919,2795.0,0.010616228791343163
2026-08-07,2026-08-07_145956_431473_1_R1_C2_10,1,200.0,2.625,7,holding,7,0.3997697000000002,-835.0,0.19105482191352507,913.0,0.954366273322214
2026-08-07,2026-08-07_145956_431473_1_R1_C2_10,1,200.0,2.625,7,inter_cycle_dwell,30,1.9380144999999978,-385.0,-0.1204589894613963,1083.0,0.009201299597677043
2026-08-07,2026-08-07_145956_431473_1_R1_C2_10,1,200.0,2.625,8,holding,8,0.4639372999999978,601.0,0.1872476170369779,1233.0,0.9612453014121097
2026-08-07,2026-08-07_145956_431473_1_R1_C2_10,1,200.0,2.625,8,inter_cycle_dwell,30,1.9288262000000032,-241.0,-0.126753532477903,576.0,0.008042081699863035
2026-08-07,2026-08-07_145956_431473_1_R1_C2_10,1,200.0,2.625,9,holding,7,0.40183940000000007,-983.0,0.14107566023172713,0.0,0.9447631023176758
2026-08-07,2026-08-07_145956_431473_1_R1_C2_10,1,200.0,2.625,9,inter_cycle_dwell,30,1.9358496999999986,-637.0,-0.1560605398165349,1307.0,0.01087280688580683
2026-08-07,2026-08-07_145956_431473_1_R1_C2_10,1,200.0,2.625,10,holding,7,0.4001141999999973,730.0,0.1600787078549094,1139.0,0.9408322738370486
2026-08-07,2026-08-07_150122_586242_1_R1_C3_10,1,200.0,3.5,1,holding,7,0.4001994,1564.0,0.31056841834567694,2014.0,1.617349677790539
2026-08-07,2026-08-07_150122_586242_1_R1_C3_10,1,200.0,3.5,1,inter_cycle_dwell,45,2.927956,640.0,-0.1015292684813206,1187.0,0.005882037172659421
2026-08-07,2026-08-07_150122_586242_1_R1_C3_10,1,200.0,3.5,2,holding,8,0.48734690000000036,-612.0,0.30008521858635095,1005.0,1.3578297064596585
2026-08-07,2026-08-07_150122_586242_1_R1_C3_10,1,200.0,3.5,2,inter_cycle_dwell,45,2.9280281000000006,-353.0,-0.14909975192852037,1038.0,0.002265437089080502
2026-08-07,2026-08-07_150122_586242_1_R1_C3_10,1,200.0,3.5,3,holding,8,0.4640842000000003,790.0,0.3750059165343438,1374.0,1.565501328994705
2026-08-07,2026-08-07_150122_586242_1_R1_C3_10,1,200.0,3.5,3,inter_cycle_dwell,45,2.9441035999999983,-387.0,-0.1601796006636909,1077.0,0.008353570032094193
2026-08-07,2026-08-07_150122_586242_1_R1_C3_10,1,200.0,3.5,4,holding,7,0.40011610000000175,-182.0,0.34047618336699426,647.0,1.465497006818204
2026-08-07,2026-08-07_150122_586242_1_R1_C3_10,1,200.0,3.5,4,inter_cycle_dwell,45,2.9296016000000016,-554.0,-0.1019381298260216,661.0,0.010002671891170212
2026-08-07,2026-08-07_150122_586242_1_R1_C3_10,1,200.0,3.5,5,holding,7,0.39173540000000173,3.0,0.11883584097213862,405.0,1.4233430463894974
2026-08-07,2026-08-07_150122_586242_1_R1_C3_10,1,200.0,3.5,5,inter_cycle_dwell,45,2.9281486,-182.0,-0.07770537630448779,801.0,0.007816912490406003
2026-08-07,2026-08-07_150122_586242_1_R1_C3_10,1,200.0,3.5,6,holding,8,0.4641790999999955,-315.0,0.4134019406940359,1208.0,1.5253935293813035
2026-08-07,2026-08-07_150122_586242_1_R1_C3_10,1,200.0,3.5,6,inter_cycle_dwell,45,2.9423429,103.0,-0.08137761754877881,1241.0,0.007422872057494007
2026-08-07,2026-08-07_150122_586242_1_R1_C3_10,1,200.0,3.5,7,holding,8,0.46156859999999966,39.0,0.3517234430040066,506.0,1.5127510586875654
2026-08-07,2026-08-07_150122_586242_1_R1_C3_10,1,200.0,3.5,7,inter_cycle_dwell,45,2.9290638000000015,500.0,-0.11456770393976451,1278.0,0.008630862967556607
2026-08-07,2026-08-07_150122_586242_1_R1_C3_10,1,200.0,3.5,8,holding,7,0.4000539000000032,1080.0,0.35982501703053305,1080.0,1.5556172525228864
2026-08-07,2026-08-07_150122_586242_1_R1_C3_10,1,200.0,3.5,8,inter_cycle_dwell,45,2.9278394999999975,-23.0,-0.1302625380745978,1171.0,0.008624155528733801
2026-08-07,2026-08-07_150122_586242_1_R1_C3_10,1,200.0,3.5,9,holding,7,0.40007229999999794,-67.0,0.30658858134899747,547.0,1.5221729346898671
2026-08-07,2026-08-07_150122_586242_1_R1_C3_10,1,200.0,3.5,9,inter_cycle_dwell,45,2.9439227000000017,474.0,-0.1077330263536743,1196.0,0.010268217763889892
2026-08-07,2026-08-07_150122_586242_1_R1_C3_10,1,200.0,3.5,10,holding,7,0.3967708999999999,-292.0,0.23247129715717407,654.0,1.42779279738673
2026-08-07,2026-08-07_150245_907207_1_R1_C4_10,1,400.0,1.75,1,holding,7,0.40006830000000027,648.0,0.25599608524459905,1637.0,0.6113598076048273
2026-08-07,2026-08-07_150245_907207_1_R1_C4_10,1,400.0,1.75,1,inter_cycle_dwell,30,1.9335136,-638.0,-0.200450946596099,679.0,0.005957915251155715
2026-08-07,2026-08-07_150245_907207_1_R1_C4_10,1,400.0,1.75,2,holding,7,0.40466660000000054,234.0,0.20839374196220084,234.0,0.6054700837671652
2026-08-07,2026-08-07_150245_907207_1_R1_C4_10,1,400.0,1.75,2,inter_cycle_dwell,30,1.9358886000000002,351.0,-0.2124441550252279,486.0,0.011416531533076868
2026-08-07,2026-08-07_150245_907207_1_R1_C4_10,1,400.0,1.75,3,holding,8,0.46391380000000026,-269.0,0.3248306967102928,1388.0,0.6146093462410205
2026-08-07,2026-08-07_150245_907207_1_R1_C4_10,1,400.0,1.75,3,inter_cycle_dwell,30,1.9294214000000007,0.0,-0.20570417471711228,0.0,0.005488318327457442
2026-08-07,2026-08-07_150245_907207_1_R1_C4_10,1,400.0,1.75,4,holding,8,0.46385320000000085,208.0,0.3586550766758483,208.0,0.6043527388578189
2026-08-07,2026-08-07_150245_907207_1_R1_C4_10,1,400.0,1.75,4,inter_cycle_dwell,30,1.9359417000000008,-538.0,-0.19215705982386289,145.0,0.003590209926408683
2026-08-07,2026-08-07_150245_907207_1_R1_C4_10,1,400.0,1.75,5,holding,8,0.4639930999999997,-618.0,0.3513485436902952,193.0,0.6061345712560331
2026-08-07,2026-08-07_150245_907207_1_R1_C4_10,1,400.0,1.75,5,inter_cycle_dwell,30,1.9203690000000009,409.0,-0.2103281728753851,831.0,0.004462037079556697
2026-08-07,2026-08-07_150245_907207_1_R1_C4_10,1,400.0,1.75,6,holding,8,0.46376209999999674,-415.0,0.2423226522325641,0.0,0.60225662757428
2026-08-07,2026-08-07_150245_907207_1_R1_C4_10,1,400.0,1.75,6,inter_cycle_dwell,30,1.9450524999999992,-825.0,-0.28874681890911036,0.0,0.0017874181005067824
2026-08-07,2026-08-07_150245_907207_1_R1_C4_10,1,400.0,1.75,7,holding,7,0.39959650000000124,456.0,0.23325144070446185,684.0,0.6008656362222269
2026-08-07,2026-08-07_150245_907207_1_R1_C4_10,1,400.0,1.75,7,inter_cycle_dwell,30,1.931701399999998,-69.0,-0.2231885796488433,883.0,0.004228445343299692
2026-08-07,2026-08-07_150245_907207_1_R1_C4_10,1,400.0,1.75,8,holding,7,0.4066742000000012,-562.0,0.23031120475522493,0.0,0.6017981337916302
2026-08-07,2026-08-07_150245_907207_1_R1_C4_10,1,400.0,1.75,8,inter_cycle_dwell,30,1.9369727999999995,-304.0,-0.2233245989170394,300.0,0.004507318983469594
2026-08-07,2026-08-07_150245_907207_1_R1_C4_10,1,400.0,1.75,9,holding,7,0.3987450000000017,531.0,0.23454697903416033,686.0,0.602321924886907
2026-08-07,2026-08-07_150245_907207_1_R1_C4_10,1,400.0,1.75,9,inter_cycle_dwell,30,1.9274998999999973,357.0,-0.23843597869461308,357.0,0.004466014911591709
2026-08-07,2026-08-07_150245_907207_1_R1_C4_10,1,400.0,1.75,10,holding,7,0.39919040000000194,-1736.0,0.23690992136587963,139.0,0.6092454528562486
2026-08-07,2026-08-07_150348_209187_1_R1_C5_10,1,400.0,2.625,1,holding,8,0.4712896999999998,365.0,0.2639325074793042,797.0,0.9050420850726102
2026-08-07,2026-08-07_150348_209187_1_R1_C5_10,1,400.0,2.625,1,inter_cycle_dwell,30,1.9361131,98.0,-0.3180208481099164,1262.0,0.002131104510483095
2026-08-07,2026-08-07_150348_209187_1_R1_C5_10,1,400.0,2.625,2,holding,8,0.4691340000000004,714.0,0.2368977046734767,959.0,0.8730770247096201
2026-08-07,2026-08-07_150348_209187_1_R1_C5_10,1,400.0,2.625,2,inter_cycle_dwell,31,1.991752299999999,167.0,-0.28000989045470404,885.0,0.005872777324080092
2026-08-07,2026-08-07_150348_209187_1_R1_C5_10,1,400.0,2.625,3,holding,7,0.4003931000000005,-402.0,0.15040037068938106,603.0,0.866412309311004
2026-08-07,2026-08-07_150348_209187_1_R1_C5_10,1,400.0,2.625,3,inter_cycle_dwell,30,1.9175266000000004,-326.0,-0.21982510079094386,665.0,0.0022019293550641084
2026-08-07,2026-08-07_150348_209187_1_R1_C5_10,1,400.0,2.625,4,holding,8,0.4636755000000008,138.0,0.22263620629090963,138.0,0.8812662302717819
2026-08-07,2026-08-07_150348_209187_1_R1_C5_10,1,400.0,2.625,4,inter_cycle_dwell,30,1.9388030999999994,-663.0,-0.27201208092087337,430.0,0.010299821285683852
2026-08-07,2026-08-07_150348_209187_1_R1_C5_10,1,400.0,2.625,5,holding,7,0.39575630000000217,-800.0,0.2105290920573083,0.0,0.8892870534607854
2026-08-07,2026-08-07_150348_209187_1_R1_C5_10,1,400.0,2.625,5,inter_cycle_dwell,30,1.936652500000001,94.0,-0.2918861474192118,543.0,0.005748313108996261
2026-08-07,2026-08-07_150348_209187_1_R1_C5_10,1,400.0,2.625,6,holding,8,0.4635218000000023,-202.0,0.22642145317332885,580.0,0.867363349734342
2026-08-07,2026-08-07_150348_209187_1_R1_C5_10,1,400.0,2.625,6,inter_cycle_dwell,30,1.938483699999999,-393.0,-0.2615343691244247,471.0,0.007886105259919451
2026-08-07,2026-08-07_150348_209187_1_R1_C5_10,1,400.0,2.625,7,holding,7,0.39999369999999956,179.0,0.23143545373642405,402.0,0.874585490105556
2026-08-07,2026-08-07_150348_209187_1_R1_C5_10,1,400.0,2.625,7,inter_cycle_dwell,29,1.8742568000000013,-1232.0,-0.15676181802588418,0.0,0.0087994027941396
2026-08-07,2026-08-07_150348_209187_1_R1_C5_10,1,400.0,2.625,8,holding,8,0.4644445000000026,-317.0,0.25854368238167313,277.0,0.8712502799805941
2026-08-07,2026-08-07_150348_209187_1_R1_C5_10,1,400.0,2.625,8,inter_cycle_dwell,30,1.926980799999999,-372.0,-0.1688147960158948,464.0,0.007453310823022363
2026-08-07,2026-08-07_150348_209187_1_R1_C5_10,1,400.0,2.625,9,holding,7,0.3998387000000001,-1012.0,0.2014426540970362,214.0,0.8727799314179181
2026-08-07,2026-08-07_150348_209187_1_R1_C5_10,1,400.0,2.625,9,inter_cycle_dwell,30,1.9305096000000006,-355.0,-0.2193887406132644,887.0,0.0054457855970933555
2026-08-07,2026-08-07_150348_209187_1_R1_C5_10,1,400.0,2.625,10,holding,7,0.39998589999999723,-260.0,0.16250054479007625,0.0,0.8576757449369588
2026-08-07,2026-08-07_150452_569537_1_R1_C6_10,1,400.0,3.5,1,holding,7,0.39735490000000007,15.0,0.45660819633290894,469.0,1.555130476572115
2026-08-07,2026-08-07_150452_569537_1_R1_C6_10,1,400.0,3.5,1,inter_cycle_dwell,30,1.9362438000000006,-662.0,-0.3050778324155172,216.0,0.007267691865196241
2026-08-07,2026-08-07_150452_569537_1_R1_C6_10,1,400.0,3.5,2,holding,8,0.4583107999999996,-748.0,0.614323535883937,81.0,1.6150202688123505
2026-08-07,2026-08-07_150452_569537_1_R1_C6_10,1,400.0,3.5,2,inter_cycle_dwell,30,1.9361147,-430.0,-0.21213024123371982,297.0,0.00781623407040255
2026-08-07,2026-08-07_150452_569537_1_R1_C6_10,1,400.0,3.5,3,holding,7,0.4015790999999993,-20.0,0.4634508186431434,815.0,1.4721780514199077
2026-08-07,2026-08-07_150452_569537_1_R1_C6_10,1,400.0,3.5,3,inter_cycle_dwell,30,1.9360076000000017,-789.0,-0.2901706937337295,514.0,0.00760763631671213
2026-08-07,2026-08-07_150452_569537_1_R1_C6_10,1,400.0,3.5,4,holding,7,0.40284150000000096,806.0,0.5051454390086918,1149.0,1.488736887892494
2026-08-07,2026-08-07_150452_569537_1_R1_C6_10,1,400.0,3.5,4,inter_cycle_dwell,30,1.9361473,799.0,-0.27517765417488693,831.0,0.008637942679368987
2026-08-07,2026-08-07_150452_569537_1_R1_C6_10,1,400.0,3.5,5,holding,7,0.40431990000000084,57.0,0.49676074934277326,454.0,1.4880719137896594
2026-08-07,2026-08-07_150452_569537_1_R1_C6_10,1,400.0,3.5,5,inter_cycle_dwell,30,1.9364659000000017,-100.0,-0.2799312611583801,1388.0,0.010327179384154811
2026-08-07,2026-08-07_150452_569537_1_R1_C6_10,1,400.0,3.5,6,holding,7,0.40750420000000176,-359.0,0.46648501183091895,293.0,1.4831291344221875
2026-08-07,2026-08-07_150452_569537_1_R1_C6_10,1,400.0,3.5,6,inter_cycle_dwell,30,1.9359488999999996,-87.0,-0.27431653570563097,1077.0,0.012601764307719004
2026-08-07,2026-08-07_150452_569537_1_R1_C6_10,1,400.0,3.5,7,holding,7,0.3998349999999995,510.0,0.5816658239433399,1251.0,1.5584965250124605
2026-08-07,2026-08-07_150452_569537_1_R1_C6_10,1,400.0,3.5,7,inter_cycle_dwell,30,1.9359567999999996,346.0,-0.3034685035102166,1242.0,0.008864193987103752
2026-08-07,2026-08-07_150452_569537_1_R1_C6_10,1,400.0,3.5,8,holding,7,0.39999209999999863,213.0,0.5843471409567016,1136.0,1.5470668003889745
2026-08-07,2026-08-07_150452_569537_1_R1_C6_10,1,400.0,3.5,8,inter_cycle_dwell,30,1.9196575999999972,-616.0,-0.2815968455752992,1253.0,0.011277229269072458
2026-08-07,2026-08-07_150452_569537_1_R1_C6_10,1,400.0,3.5,9,holding,8,0.4640199999999979,298.0,0.5437523256641783,994.0,1.5849452594018225
2026-08-07,2026-08-07_150452_569537_1_R1_C6_10,1,400.0,3.5,9,inter_cycle_dwell,30,1.9410456000000025,-523.0,-0.32828051522783996,1065.0,0.007856011952527053
2026-08-07,2026-08-07_150452_569537_1_R1_C6_10,1,400.0,3.5,10,holding,8,0.4642300000000006,-302.0,0.5901148510634415,642.0,1.5544323147758585
2026-08-07,2026-08-07_150600_763161_1_R1_C7_10,1,600.0,1.75,1,holding,7,0.3933646999999998,1054.0,0.3278562874743699,1396.0,0.6156229207245845
2026-08-07,2026-08-07_150600_763161_1_R1_C7_10,1,600.0,1.75,1,inter_cycle_dwell,30,1.9198284999999995,213.0,-0.3073891287307083,1136.0,0.006021278787895767
2026-08-07,2026-08-07_150600_763161_1_R1_C7_10,1,600.0,1.75,2,holding,8,0.4708829999999997,-189.0,0.3645933507474217,417.0,0.6033831869751415
2026-08-07,2026-08-07_150600_763161_1_R1_C7_10,1,600.0,1.75,2,inter_cycle_dwell,31,1.9960193000000004,760.0,-0.38839058817884126,1591.0,0.005789337345254386
2026-08-07,2026-08-07_150600_763161_1_R1_C7_10,1,600.0,1.75,3,holding,8,0.46398409999999934,-755.0,0.44010092122747135,692.0,0.6052062677545413
2026-08-07,2026-08-07_150600_763161_1_R1_C7_10,1,600.0,1.75,3,inter_cycle_dwell,30,1.9361940999999998,708.0,-0.3096968243648869,1126.0,0.005064199036028255
2026-08-07,2026-08-07_150600_763161_1_R1_C7_10,1,600.0,1.75,4,holding,7,0.3896154000000003,-212.0,0.26784887701141563,692.0,0.6112398765405364
2026-08-07,2026-08-07_150600_763161_1_R1_C7_10,1,600.0,1.75,4,inter_cycle_dwell,30,1.9358804999999997,-283.0,-0.3582555448797278,1276.0,0.005530832474000602
2026-08-07,2026-08-07_150600_763161_1_R1_C7_10,1,600.0,1.75,5,holding,8,0.4640727999999985,1065.0,0.40851694275356565,1128.0,0.610947230312229
2026-08-07,2026-08-07_150600_763161_1_R1_C7_10,1,600.0,1.75,5,inter_cycle_dwell,30,1.9403004999999993,-739.0,-0.2945235875868582,552.0,0.004069443744929568
2026-08-07,2026-08-07_150600_763161_1_R1_C7_10,1,600.0,1.75,6,holding,7,0.3919253000000005,475.0,0.3153945673395043,1131.0,0.6033304422506187
2026-08-07,2026-08-07_150600_763161_1_R1_C7_10,1,600.0,1.75,6,inter_cycle_dwell,30,1.9360143,962.0,-0.3369708272736016,1700.0,0.004075013931602339
2026-08-07,2026-08-07_150600_763161_1_R1_C7_10,1,600.0,1.75,7,holding,8,0.4641069000000009,107.0,0.35930574511768754,1234.0,0.6087377218498509
2026-08-07,2026-08-07_150600_763161_1_R1_C7_10,1,600.0,1.75,7,inter_cycle_dwell,30,1.9335528999999987,1261.0,-0.23856014586457852,1261.0,0.0034893170446808064
2026-08-07,2026-08-07_150600_763161_1_R1_C7_10,1,600.0,1.75,8,holding,7,0.3998513000000017,-961.0,0.3056680989182738,0.0,0.6145835237993298
2026-08-07,2026-08-07_150600_763161_1_R1_C7_10,1,600.0,1.75,8,inter_cycle_dwell,30,1.9359477999999974,-60.0,-0.2855432385153633,1424.0,0.009191718908477864
2026-08-07,2026-08-07_150600_763161_1_R1_C7_10,1,600.0,1.75,9,holding,7,0.39017300000000077,-1271.0,0.31567065252106824,0.0,0.6172717354379014
2026-08-07,2026-08-07_150600_763161_1_R1_C7_10,1,600.0,1.75,9,inter_cycle_dwell,30,1.9356937999999992,206.0,-0.3629121701615453,1117.0,0.001977017455528224
2026-08-07,2026-08-07_150600_763161_1_R1_C7_10,1,600.0,1.75,10,holding,8,0.46380609999999933,281.0,0.42109499699646913,1332.0,0.6031345918368833
2026-08-07,2026-08-07_150706_349207_1_R1_C8_10,1,600.0,2.625,1,holding,7,0.40000760000000013,852.0,0.3696280293642624,1243.0,0.9133018855677384
2026-08-07,2026-08-07_150706_349207_1_R1_C8_10,1,600.0,2.625,1,inter_cycle_dwell,30,1.9361656999999997,1508.0,-0.2465804964612108,1943.0,0.008747879145118403
2026-08-07,2026-08-07_150706_349207_1_R1_C8_10,1,600.0,2.625,2,holding,7,0.3999630999999999,265.0,0.27950131961988867,561.0,0.8470117543326918
2026-08-07,2026-08-07_150706_349207_1_R1_C8_10,1,600.0,2.625,2,inter_cycle_dwell,29,1.8556599,1039.0,-0.2344649871676962,1598.0,0.005228482146856006
2026-08-07,2026-08-07_150706_349207_1_R1_C8_10,1,600.0,2.625,3,holding,7,0.39993449999999875,333.0,0.29614696041554534,2054.0,0.874746122538949
2026-08-07,2026-08-07_150706_349207_1_R1_C8_10,1,600.0,2.625,3,inter_cycle_dwell,30,1.937710000000001,-670.0,-0.3049676754664158,1789.0,0.005118788876363384
2026-08-07,2026-08-07_150706_349207_1_R1_C8_10,1,600.0,2.625,4,holding,8,0.46201149999999913,525.0,0.29526422504311034,1606.0,0.8589948474547102
2026-08-07,2026-08-07_150706_349207_1_R1_C8_10,1,600.0,2.625,4,inter_cycle_dwell,30,1.9417929000000012,-590.0,-0.29720247994608084,1672.0,0.008861042434207406
2026-08-07,2026-08-07_150706_349207_1_R1_C8_10,1,600.0,2.625,5,holding,8,0.4682724000000018,982.0,0.3363699182620501,1422.0,0.8543717877840753
2026-08-07,2026-08-07_150706_349207_1_R1_C8_10,1,600.0,2.625,5,inter_cycle_dwell,30,1.9359801000000019,322.0,-0.35992524001753445,1328.0,0.00545647353409931
2026-08-07,2026-08-07_150706_349207_1_R1_C8_10,1,600.0,2.625,6,holding,8,0.464029,-90.0,0.36841403992742905,704.0,0.8562485305668392
2026-08-07,2026-08-07_150706_349207_1_R1_C8_10,1,600.0,2.625,6,inter_cycle_dwell,31,2.0000785999999984,-820.0,-0.41396904262761125,1116.0,0.0074536139438028115
2026-08-07,2026-08-07_150706_349207_1_R1_C8_10,1,600.0,2.625,7,holding,7,0.40024000000000015,203.0,0.23423446282263516,594.0,0.8589176982836391
2026-08-07,2026-08-07_150706_349207_1_R1_C8_10,1,600.0,2.625,7,inter_cycle_dwell,30,1.930064599999998,-496.0,-0.21568909735308628,1599.0,0.003379182622749194
2026-08-07,2026-08-07_150706_349207_1_R1_C8_10,1,600.0,2.625,8,holding,7,0.3983499999999971,-305.0,0.26802618643256904,856.0,0.8495457978924067
2026-08-07,2026-08-07_150706_349207_1_R1_C8_10,1,600.0,2.625,8,inter_cycle_dwell,30,1.9360149,163.0,-0.4051791996192866,1362.0,0.006750323966884797
2026-08-07,2026-08-07_150706_349207_1_R1_C8_10,1,600.0,2.625,9,holding,7,0.39999680000000026,-339.0,0.2833864299325103,504.0,0.8619233646302626
2026-08-07,2026-08-07_150706_349207_1_R1_C8_10,1,600.0,2.625,9,inter_cycle_dwell,29,1.8694906000000024,631.0,-0.24522299077996215,976.0,0.004883121810217078
2026-08-07,2026-08-07_150706_349207_1_R1_C8_10,1,600.0,2.625,10,holding,8,0.4640561000000005,695.0,0.28679270242151866,1230.0,0.8507057432255622
2026-08-07,2026-08-07_150828_746134_1_R1_C9_10,1,600.0,3.5,1,holding,7,0.4003867000000001,1.0,0.6280597996957782,984.0,1.660913015322884
2026-08-07,2026-08-07_150828_746134_1_R1_C9_10,1,600.0,3.5,1,inter_cycle_dwell,30,1.9361956999999999,619.0,-0.3560147359832295,1616.0,0.011115721970641534
2026-08-07,2026-08-07_150828_746134_1_R1_C9_10,1,600.0,3.5,2,holding,8,0.4679297,-302.0,0.6806970820880411,123.0,1.590729527090219
2026-08-07,2026-08-07_150828_746134_1_R1_C9_10,1,600.0,3.5,2,inter_cycle_dwell,30,1.9361112,344.0,-0.40272823430426674,1712.0,0.007382331674121029
2026-08-07,2026-08-07_150828_746134_1_R1_C9_10,1,600.0,3.5,3,holding,8,0.4586359000000009,320.0,0.6578649423285953,1105.0,1.5674451704606187
2026-08-07,2026-08-07_150828_746134_1_R1_C9_10,1,600.0,3.5,3,inter_cycle_dwell,30,1.9366818000000006,363.0,-0.3992428355937781,1317.0,0.011238251218562367
2026-08-07,2026-08-07_150828_746134_1_R1_C9_10,1,600.0,3.5,4,holding,7,0.3955997,1040.0,0.695361059148428,1040.0,1.5900811128407712
2026-08-07,2026-08-07_150828_746134_1_R1_C9_10,1,600.0,3.5,4,inter_cycle_dwell,30,1.9356255999999998,-594.0,-0.3762119580443078,931.0,0.007573072219029198
2026-08-07,2026-08-07_150828_746134_1_R1_C9_10,1,600.0,3.5,5,holding,7,0.3998480999999998,491.0,0.6238691759413428,1146.0,1.5796213592633042
2026-08-07,2026-08-07_150828_746134_1_R1_C9_10,1,600.0,3.5,5,inter_cycle_dwell,30,1.9360450999999976,-1581.0,-0.37630331831513336,1363.0,0.011831307639718902
2026-08-07,2026-08-07_150828_746134_1_R1_C9_10,1,600.0,3.5,6,holding,7,0.39999930000000106,-106.0,0.5684779580881529,1703.0,1.5327179027862625
2026-08-07,2026-08-07_150828_746134_1_R1_C9_10,1,600.0,3.5,6,inter_cycle_dwell,30,1.9469826999999995,1294.0,-0.3244339055840411,2217.0,0.007780943390036654
2026-08-07,2026-08-07_150828_746134_1_R1_C9_10,1,600.0,3.5,7,holding,7,0.3992924000000002,278.0,0.5013949446552215,1406.0,1.5210087208688765
2026-08-07,2026-08-07_150828_746134_1_R1_C9_10,1,600.0,3.5,7,inter_cycle_dwell,30,1.9361315999999995,1855.0,-0.4334253322554763,1918.0,0.010651800172756354
2026-08-07,2026-08-07_150828_746134_1_R1_C9_10,1,600.0,3.5,8,holding,8,0.46426800000000057,-142.0,0.5985176664519538,0.0,1.508453206875989
2026-08-07,2026-08-07_150828_746134_1_R1_C9_10,1,600.0,3.5,8,inter_cycle_dwell,30,1.9425479999999986,-389.0,-0.3773703114748378,1244.0,0.006227661082987557
2026-08-07,2026-08-07_150828_746134_1_R1_C9_10,1,600.0,3.5,9,holding,8,0.46385680000000207,-597.0,0.6478136714037117,584.0,1.5091638214565697
2026-08-07,2026-08-07_150828_746134_1_R1_C9_10,1,600.0,3.5,9,inter_cycle_dwell,30,1.9408474000000027,-201.0,-0.37406486656983695,557.0,0.00878038279707169
2026-08-07,2026-08-07_150828_746134_1_R1_C9_10,1,600.0,3.5,10,holding,7,0.40084269999999833,394.0,0.49644316715014614,394.0,1.4854967194343114
