inner_validation_group,lag_ms,session_balanced_mae_N,mean_inner_mae_N,selected,outer_fold
TEST2,0,1.4212624473064637,1.2944490734963057,False,1
TEST2,10,1.4257772145199226,1.3014336548979633,False,1
TEST2,20,1.465040861096785,1.317147369236385,False,1
TEST2,30,1.4784630277089537,1.3382853373404742,False,1
TEST2,40,1.4871531516512877,1.3586933294833492,False,1
TEST2,50,1.4973928094169322,1.3826146670302257,False,1
TEST2,60,1.4914147529664663,1.3865945375164386,False,1
TEST2,70,1.5004750108153637,1.391038529814581,False,1
TEST2,80,1.5153451492219598,1.3921827765915264,False,1
TEST2,90,1.5531157042308439,1.405058023635214,False,1
TEST2,100,1.5029728091433683,1.396613877615872,False,1
TEST2,110,1.4931975718859216,1.395155403854206,False,1
TEST2,120,1.4737148710053234,1.3894039307351107,False,1
TEST2,130,1.483676884256331,1.390338046507673,False,1
TEST2,140,1.4834541595178996,1.3829474839472133,False,1
TEST2,150,1.526766895247012,1.389514466310034,False,1
TEST2,160,1.5281389672004277,1.3893480705240873,False,1
TEST2,170,1.530836099109735,1.3964363985566028,False,1
TEST2,180,1.509696932515991,1.3620680452589387,False,1
TEST2,190,1.4634674593588535,1.33068143799333,False,1
TEST2,200,1.4199744512168568,1.317029059081051,False,1
TEST2,210,1.3546152803398452,1.2863915722622754,False,1
TEST2,220,1.3432606928973045,1.2684815108528,False,1
TEST2,230,1.296326069449437,1.2510337317289435,False,1
TEST2,240,1.2644360581753906,1.228456817107916,False,1
TEST2,250,1.269628845401906,1.2210073798419683,False,1
TEST2,260,1.2731055078253553,1.2197296996985842,True,1
TEST2,270,1.2718045679871404,1.214618248380427,False,1
TEST2,280,1.265825902807167,1.222330509395625,False,1
TEST2,290,1.2963510876251116,1.2402526810250933,False,1
TEST2,300,1.2909053175974876,1.2583246144173372,False,1
TEST2,310,1.2900892521329188,1.2695588489394443,False,1
TEST2,320,1.302402928683379,1.2827847775737553,False,1
TEST2,330,1.317199168225576,1.3082842552354124,False,1
TEST2,340,1.3345129350873994,1.30510223824371,False,1
TEST2,350,1.32787530039883,1.3064019984875663,False,1
TEST2,360,1.3549216521012397,1.3221258485692826,False,1
TEST2,370,1.3431555032925815,1.316459892183802,False,1
TEST2,380,1.3597698052987437,1.318555376150488,False,1
TEST2,390,1.3543319642358005,1.3178981195990063,False,1
TEST2,400,1.3637975797903514,1.3228553847131135,False,1
TEST2,410,1.3977006812128934,1.3286036999740412,False,1
TEST2,420,1.4076700818100565,1.3454294222842467,False,1
TEST2,430,1.4252192883652801,1.36297927167692,False,1
TEST2,440,1.4287801995041904,1.3625903927105458,False,1
TEST2,450,1.4366975377591178,1.3623103235850211,False,1
TEST2,460,1.4762129433446958,1.3657726391972294,False,1
TEST2,470,1.4889293447713299,1.360200932258508,False,1
TEST2,480,1.476219384739293,1.3517938695154759,False,1
TEST2,490,1.490933630328715,1.3455365786030042,False,1
TEST2,500,1.4447839421117437,1.324613388733013,False,1
TEST3,0,1.3191959682043972,1.2944490734963057,False,1
TEST3,10,1.3431834660618671,1.3014336548979633,False,1
TEST3,20,1.3633130025362536,1.317147369236385,False,1
TEST3,30,1.3907897598882548,1.3382853373404742,False,1
TEST3,40,1.4076110628460579,1.3586933294833492,False,1
TEST3,50,1.4405046184384214,1.3826146670302257,False,1
TEST3,60,1.4245311059837482,1.3865945375164386,False,1
TEST3,70,1.4310905014775703,1.391038529814581,False,1
TEST3,80,1.4152171720240785,1.3921827765915264,False,1
TEST3,90,1.42597300858649,1.405058023635214,False,1
TEST3,100,1.4181129975548599,1.396613877615872,False,1
TEST3,110,1.4217280533589207,1.395155403854206,False,1
TEST3,120,1.4033633116068216,1.3894039307351107,False,1
TEST3,130,1.425428519021594,1.390338046507673,False,1
TEST3,140,1.4170548765757802,1.3829474839472133,False,1
TEST3,150,1.429288404080327,1.389514466310034,False,1
TEST3,160,1.4037330704498778,1.3893480705240873,False,1
TEST3,170,1.3955830463483208,1.3964363985566028,False,1
TEST3,180,1.3818791877070236,1.3620680452589387,False,1
TEST3,190,1.34754458843106,1.33068143799333,False,1
TEST3,200,1.3283984591998137,1.317029059081051,False,1
TEST3,210,1.3013464056726136,1.2863915722622754,False,1
TEST3,220,1.249312633714306,1.2684815108528,False,1
TEST3,230,1.2290026336918345,1.2510337317289435,False,1
TEST3,240,1.2325709587496885,1.228456817107916,False,1
TEST3,250,1.206593700444995,1.2210073798419683,False,1
TEST3,260,1.220811129222568,1.2197296996985842,True,1
TEST3,270,1.2393002692706434,1.214618248380427,False,1
TEST3,280,1.259143725264196,1.222330509395625,False,1
TEST3,290,1.2705228729584972,1.2402526810250933,False,1
TEST3,300,1.3054792822405044,1.2583246144173372,False,1
TEST3,310,1.3116461256128034,1.2695588489394443,False,1
TEST3,320,1.335006260365249,1.2827847775737553,False,1
TEST3,330,1.3464906623715893,1.3082842552354124,False,1
TEST3,340,1.3356230412873664,1.30510223824371,False,1
TEST3,350,1.3635811123120938,1.3064019984875663,False,1
TEST3,360,1.386302629515866,1.3221258485692826,False,1
TEST3,370,1.3839055301870573,1.316459892183802,False,1
TEST3,380,1.3853902533952223,1.318555376150488,False,1
TEST3,390,1.3983910079299957,1.3178981195990063,False,1
TEST3,400,1.4077832179489111,1.3228553847131135,False,1
TEST3,410,1.4166200510674638,1.3286036999740412,False,1
TEST3,420,1.4384628945663371,1.3454294222842467,False,1
TEST3,430,1.4480819871603412,1.36297927167692,False,1
TEST3,440,1.4376101858491122,1.3625903927105458,False,1
TEST3,450,1.4483570244413908,1.3623103235850211,False,1
TEST3,460,1.443825179410303,1.3657726391972294,False,1
TEST3,470,1.4440516497899374,1.360200932258508,False,1
TEST3,480,1.4253237249271278,1.3517938695154759,False,1
TEST3,490,1.4173946045225574,1.3455365786030042,False,1
TEST3,500,1.4016803288017383,1.324613388733013,False,1
TEST4,0,1.2088578712575808,1.2944490734963057,False,1
TEST4,10,1.1934923918349674,1.3014336548979633,False,1
TEST4,20,1.2178600022039465,1.317147369236385,False,1
TEST4,30,1.2099643387676347,1.3382853373404742,False,1
TEST4,40,1.266586725252705,1.3586933294833492,False,1
TEST4,50,1.30700335581579,1.3826146670302257,False,1
TEST4,60,1.3100990850259204,1.3865945375164386,False,1
TEST4,70,1.3033253402100669,1.391038529814581,False,1
TEST4,80,1.2869184307953274,1.3921827765915264,False,1
TEST4,90,1.2715819842011564,1.405058023635214,False,1
TEST4,100,1.2957845668197083,1.396613877615872,False,1
TEST4,110,1.2786503828478737,1.395155403854206,False,1
TEST4,120,1.2931280122583533,1.3894039307351107,False,1
TEST4,130,1.300815979241656,1.390338046507673,False,1
TEST4,140,1.3003088407324974,1.3829474839472133,False,1
TEST4,150,1.2953300768376068,1.389514466310034,False,1
TEST4,160,1.2972104807800873,1.3893480705240873,False,1
TEST4,170,1.3455083912736991,1.3964363985566028,False,1
TEST4,180,1.3082167317068791,1.3620680452589387,False,1
TEST4,190,1.267846984769492,1.33068143799333,False,1
TEST4,200,1.2355094557391262,1.317029059081051,False,1
TEST4,210,1.2478942607889147,1.2863915722622754,False,1
TEST4,220,1.2230216840661998,1.2684815108528,False,1
TEST4,230,1.1954685924639608,1.2510337317289435,False,1
TEST4,240,1.1655603238539316,1.228456817107916,False,1
TEST4,250,1.1495554217762218,1.2210073798419683,False,1
TEST4,260,1.1447880756228492,1.2197296996985842,True,1
TEST4,270,1.1211532604066998,1.214618248380427,False,1
TEST4,280,1.1284841399349694,1.222330509395625,False,1
TEST4,290,1.1507367575378868,1.2402526810250933,False,1
TEST4,300,1.1767910646157782,1.2583246144173372,False,1
TEST4,310,1.2119253699819519,1.2695588489394443,False,1
TEST4,320,1.1994814301954375,1.2827847775737553,False,1
TEST4,330,1.2015251744061688,1.3082842552354124,False,1
TEST4,340,1.221445158098948,1.30510223824371,False,1
TEST4,350,1.205151249124629,1.3064019984875663,False,1
TEST4,360,1.2185111766892642,1.3221258485692826,False,1
TEST4,370,1.2167376346558507,1.316459892183802,False,1
TEST4,380,1.2103539858181225,1.318555376150488,False,1
TEST4,390,1.1984603977905606,1.3178981195990063,False,1
TEST4,400,1.2181100272995264,1.3228553847131135,False,1
TEST4,410,1.2191336296626487,1.3286036999740412,False,1
TEST4,420,1.2238785186398187,1.3454294222842467,False,1
TEST4,430,1.2303932133873348,1.36297927167692,False,1
TEST4,440,1.2690105215276615,1.3625903927105458,False,1
TEST4,450,1.2728122597576528,1.3623103235850211,False,1
TEST4,460,1.2646837863837108,1.3657726391972294,False,1
TEST4,470,1.2410195340615422,1.360200932258508,False,1
TEST4,480,1.2334758112442659,1.3517938695154759,False,1
TEST4,490,1.2274818312407563,1.3455365786030042,False,1
TEST4,500,1.224935196614175,1.324613388733013,False,1
TEST5,0,1.276685263899815,1.2944490734963057,False,1
TEST5,10,1.294302613967376,1.3014336548979633,False,1
TEST5,20,1.3144185234316812,1.317147369236385,False,1
TEST5,30,1.334686447066024,1.3382853373404742,False,1
TEST5,40,1.3606987831318205,1.3586933294833492,False,1
TEST5,50,1.3713225337192916,1.3826146670302257,False,1
TEST5,60,1.404840197787034,1.3865945375164386,False,1
TEST5,70,1.4289290229906737,1.391038529814581,False,1
TEST5,80,1.4215074522604203,1.3921827765915264,False,1
TEST5,90,1.4195421761779765,1.405058023635214,False,1
TEST5,100,1.4050465170586561,1.396613877615872,False,1
TEST5,110,1.4003258673949794,1.395155403854206,False,1
TEST5,120,1.3890210972413894,1.3894039307351107,False,1
TEST5,130,1.3649704804047749,1.390338046507673,False,1
TEST5,140,1.353264804148844,1.3829474839472133,False,1
TEST5,150,1.372651840536986,1.389514466310034,False,1
TEST5,160,1.3647915197641312,1.3893480705240873,False,1
TEST5,170,1.369312508355843,1.3964363985566028,False,1
TEST5,180,1.3433899625828796,1.3620680452589387,False,1
TEST5,190,1.3266331560750684,1.33068143799333,False,1
TEST5,200,1.3287622200252727,1.317029059081051,False,1
TEST5,210,1.2908041537858026,1.2863915722622754,False,1
TEST5,220,1.2771777558202964,1.2684815108528,False,1
TEST5,230,1.2654847700994556,1.2510337317289435,False,1
TEST5,240,1.25383780578765,1.228456817107916,False,1
TEST5,250,1.2480822401094727,1.2210073798419683,False,1
TEST5,260,1.2490836244858423,1.2197296996985842,True,1
TEST5,270,1.2466821207758008,1.214618248380427,False,1
TEST5,280,1.254835998089546,1.222330509395625,False,1
TEST5,290,1.2737398850146806,1.2402526810250933,False,1
TEST5,300,1.2788733062150317,1.2583246144173372,False,1
TEST5,310,1.2812364991269076,1.2695588489394443,False,1
TEST5,320,1.2967132095225964,1.2827847775737553,False,1
TEST5,330,1.3277521376717678,1.3082842552354124,False,1
TEST5,340,1.3316096705693867,1.30510223824371,False,1
TEST5,350,1.3220726410731711,1.3064019984875663,False,1
TEST5,360,1.334497459640498,1.3221258485692826,False,1
TEST5,370,1.3346474921691802,1.316459892183802,False,1
TEST5,380,1.3430463060940399,1.318555376150488,False,1
TEST5,390,1.325920142905968,1.3178981195990063,False,1
TEST5,400,1.3288879418267614,1.3228553847131135,False,1
TEST5,410,1.3341964442779408,1.3286036999740412,False,1
TEST5,420,1.355642843184145,1.3454294222842467,False,1
TEST5,430,1.3634332536072291,1.36297927167692,False,1
TEST5,440,1.3782560913878326,1.3625903927105458,False,1
TEST5,450,1.3625650105711395,1.3623103235850211,False,1
TEST5,460,1.3672432595477153,1.3657726391972294,False,1
TEST5,470,1.38795510514925,1.360200932258508,False,1
TEST5,480,1.3650971779029153,1.3517938695154759,False,1
TEST5,490,1.3399623614860396,1.3455365786030042,False,1
TEST5,500,1.3119377952487348,1.324613388733013,False,1
TEST6,0,1.2462438168132712,1.2944490734963057,False,1
TEST6,10,1.2504125881056833,1.3014336548979633,False,1
TEST6,20,1.225104456913259,1.317147369236385,False,1
TEST6,30,1.277523113271504,1.3382853373404742,False,1
TEST6,40,1.2714169245348752,1.3586933294833492,False,1
TEST6,50,1.2968500177606939,1.3826146670302257,False,1
TEST6,60,1.3020875458190242,1.3865945375164386,False,1
TEST6,70,1.291372773579231,1.391038529814581,False,1
TEST6,80,1.321925678655846,1.3921827765915264,False,1
TEST6,90,1.3550772449796034,1.405058023635214,False,1
TEST6,100,1.3611524975027678,1.396613877615872,False,1
TEST6,110,1.3818751437833348,1.395155403854206,False,1
TEST6,120,1.3877923615636665,1.3894039307351107,False,1
TEST6,130,1.3767983696140087,1.390338046507673,False,1
TEST6,140,1.3606547387610457,1.3829474839472133,False,1
TEST6,150,1.3235351148482384,1.389514466310034,False,1
TEST6,160,1.3528663144259125,1.3893480705240873,False,1
TEST6,170,1.3409419476954154,1.3964363985566028,False,1
TEST6,180,1.2671574117819202,1.3620680452589387,False,1
TEST6,190,1.2479150013321758,1.33068143799333,False,1
TEST6,200,1.272500709224185,1.317029059081051,False,1
TEST6,210,1.2372977607242008,1.2863915722622754,False,1
TEST6,220,1.249634787765894,1.2684815108528,False,1
TEST6,230,1.26888659294003,1.2510337317289435,False,1
TEST6,240,1.225878938972919,1.228456817107916,False,1
TEST6,250,1.231176691477245,1.2210073798419683,False,1
TEST6,260,1.2108601613363068,1.2197296996985842,True,1
TEST6,270,1.1941510234618506,1.214618248380427,False,1
TEST6,280,1.2033627808822465,1.222330509395625,False,1
TEST6,290,1.2099128019892902,1.2402526810250933,False,1
TEST6,300,1.2395741014178843,1.2583246144173372,False,1
TEST6,310,1.2528969978426392,1.2695588489394443,False,1
TEST6,320,1.2803200591021149,1.2827847775737553,False,1
TEST6,330,1.3484541335019604,1.3082842552354124,False,1
TEST6,340,1.3023203861754495,1.30510223824371,False,1
TEST6,350,1.3133296895291084,1.3064019984875663,False,1
TEST6,360,1.3163963248995456,1.3221258485692826,False,1
TEST6,370,1.3038533006143405,1.316459892183802,False,1
TEST6,380,1.2942165301463122,1.318555376150488,False,1
TEST6,390,1.312387085132706,1.3178981195990063,False,1
TEST6,400,1.2956981567000165,1.3228553847131135,False,1
TEST6,410,1.2753676936492588,1.3286036999740412,False,1
TEST6,420,1.3014927732208759,1.3454294222842467,False,1
TEST6,430,1.3477686158644149,1.36297927167692,False,1
TEST6,440,1.2992949652839327,1.3625903927105458,False,1
TEST6,450,1.2911197853958045,1.3623103235850211,False,1
TEST6,460,1.2768980272997217,1.3657726391972294,False,1
TEST6,470,1.2390490275204797,1.360200932258508,False,1
TEST6,480,1.2588532487637767,1.3517938695154759,False,1
TEST6,490,1.2519104654369526,1.3455365786030042,False,1
TEST6,500,1.239729680888673,1.324613388733013,False,1
TEST1,0,2.1372781821314453,1.594678734006369,False,2
TEST1,10,2.138426096026191,1.6036440954987268,False,2
TEST1,20,2.216679637150936,1.626539193853683,False,2
TEST1,30,2.2909488123770725,1.6650273232125048,False,2
TEST1,40,2.2185427549199774,1.6613398385560987,False,2
TEST1,50,2.17562065429735,1.6707959845597216,False,2
TEST1,60,2.1768414923600554,1.6730645641769062,False,2
TEST1,70,2.1026631161264273,1.6590328285707199,False,2
TEST1,80,2.0978986012547876,1.652852781276448,False,2
TEST1,90,2.1487228327364325,1.6608962236450608,False,2
TEST1,100,2.1812909778469223,1.6629356530686485,False,2
TEST1,110,2.1352331995365246,1.6451122885671872,False,2
TEST1,120,2.149324888333704,1.6473976986083003,False,2
TEST1,130,2.1107295948895883,1.6453291602759657,False,2
TEST1,140,2.1219550160191063,1.643057111260277,False,2
TEST1,150,2.0550149553387884,1.622930537428524,False,2
TEST1,160,2.0406115420804523,1.6195477425855125,False,2
TEST1,170,1.960503370419048,1.60780286599054,False,2
TEST1,180,1.906442802896491,1.5774539738298894,False,2
TEST1,190,1.9062243463740185,1.5546453576205392,False,2
TEST1,200,1.888781466295005,1.542705056753982,False,2
TEST1,210,1.8696512412212971,1.5213941555023571,False,2
TEST1,220,1.8490655517655616,1.4978422558904367,True,2
TEST1,230,1.9152093009900666,1.5075981007828232,False,2
TEST1,240,1.9268336177373078,1.4930449291210945,False,2
TEST1,250,1.9753144911121094,1.496332813540278,False,2
TEST1,260,1.9249466786118095,1.4948865062632313,False,2
TEST1,270,1.9058625644643774,1.4954791103707854,False,2
TEST1,280,1.9074049083839937,1.4965682076778202,False,2
TEST1,290,1.884812162085669,1.504828377357893,False,2
TEST1,300,1.9039454103149716,1.5296780141791835,False,2
TEST1,310,1.9579021460660537,1.5521727342552463,False,2
TEST1,320,1.9481948515061296,1.563789145161809,False,2
TEST1,330,1.9791762357999885,1.597784582920678,False,2
TEST1,340,2.084494302108094,1.6217580221897996,False,2
TEST1,350,2.176774652138827,1.6466342175317337,False,2
TEST1,360,2.1705226697668327,1.649397593254451,False,2
TEST1,370,2.222846610048008,1.6548381965169192,False,2
TEST1,380,2.1987896568155216,1.6545804818677528,False,2
TEST1,390,2.282565933625632,1.6760714088366808,False,2
TEST1,400,2.2645126504869095,1.6860148178176277,False,2
TEST1,410,2.34404595306487,1.707806650284595,False,2
TEST1,420,2.328968742613255,1.7218000482792515,False,2
TEST1,430,2.3409310290925056,1.7281233601552208,False,2
TEST1,440,2.458548253198945,1.7578723349131322,False,2
TEST1,450,2.433776966246525,1.761599901733895,False,2
TEST1,460,2.4160790244918338,1.7585198676779215,False,2
TEST1,470,2.314967231633057,1.7232448581671673,False,2
TEST1,480,2.371998771915395,1.7275838006069608,False,2
TEST1,490,2.3185750085618384,1.7019631422718373,False,2
TEST1,500,2.3657130097811794,1.704309473100853,False,2
TEST3,0,1.5804932274068142,1.594678734006369,False,2
TEST3,10,1.6049375013854195,1.6036440954987268,False,2
TEST3,20,1.6151639012028465,1.626539193853683,False,2
TEST3,30,1.6402018865354562,1.6650273232125048,False,2
TEST3,40,1.6398496362500887,1.6613398385560987,False,2
TEST3,50,1.6555612363796026,1.6707959845597216,False,2
TEST3,60,1.637570151986058,1.6730645641769062,False,2
TEST3,70,1.6302928910390662,1.6590328285707199,False,2
TEST3,80,1.6203365535548042,1.652852781276448,False,2
TEST3,90,1.6377718612112586,1.6608962236450608,False,2
TEST3,100,1.6289015746143007,1.6629356530686485,False,2
TEST3,110,1.63328735520085,1.6451122885671872,False,2
TEST3,120,1.6210163230197603,1.6473976986083003,False,2
TEST3,130,1.6420827845790251,1.6453291602759657,False,2
TEST3,140,1.6367190578208974,1.643057111260277,False,2
TEST3,150,1.649486527609234,1.622930537428524,False,2
TEST3,160,1.6312371327535569,1.6195477425855125,False,2
TEST3,170,1.6364844663942226,1.60780286599054,False,2
TEST3,180,1.6290512834781046,1.5774539738298894,False,2
TEST3,190,1.6030889369327206,1.5546453576205392,False,2
TEST3,200,1.5852964439034058,1.542705056753982,False,2
TEST3,210,1.545992294628217,1.5213941555023571,False,2
TEST3,220,1.5027565139148544,1.4978422558904367,True,2
TEST3,230,1.4734176206207588,1.5075981007828232,False,2
TEST3,240,1.4517788014889343,1.4930449291210945,False,2
TEST3,250,1.4345716895500962,1.496332813540278,False,2
TEST3,260,1.4499849464678694,1.4948865062632313,False,2
TEST3,270,1.473142356426446,1.4954791103707854,False,2
TEST3,280,1.4936358065400157,1.4965682076778202,False,2
TEST3,290,1.4860583670543148,1.504828377357893,False,2
TEST3,300,1.5060437420087502,1.5296780141791835,False,2
TEST3,310,1.5163795510212372,1.5521727342552463,False,2
TEST3,320,1.5382666231585296,1.563789145161809,False,2
TEST3,330,1.559280304822687,1.597784582920678,False,2
TEST3,340,1.5524179939544835,1.6217580221897996,False,2
TEST3,350,1.594717664614064,1.6466342175317337,False,2
TEST3,360,1.6104337013172276,1.649397593254451,False,2
TEST3,370,1.5986772058901335,1.6548381965169192,False,2
TEST3,380,1.6015562966535353,1.6545804818677528,False,2
TEST3,390,1.6209459722022745,1.6760714088366808,False,2
TEST3,400,1.6377205965711235,1.6860148178176277,False,2
TEST3,410,1.6511258084311828,1.707806650284595,False,2
TEST3,420,1.6729952611911618,1.7218000482792515,False,2
TEST3,430,1.6592822376536096,1.7281233601552208,False,2
TEST3,440,1.6551427918291077,1.7578723349131322,False,2
TEST3,450,1.678520021581052,1.761599901733895,False,2
TEST3,460,1.6724036453468802,1.7585198676779215,False,2
TEST3,470,1.6711447345545594,1.7232448581671673,False,2
TEST3,480,1.6619766226884654,1.7275838006069608,False,2
TEST3,490,1.6471180377924004,1.7019631422718373,False,2
TEST3,500,1.6362782876044066,1.704309473100853,False,2
TEST4,0,1.4655503350771468,1.594678734006369,False,2
TEST4,10,1.4620632048435027,1.6036440954987268,False,2
TEST4,20,1.482683053637656,1.626539193853683,False,2
TEST4,30,1.4817017272253767,1.6650273232125048,False,2
TEST4,40,1.5177301431587626,1.6613398385560987,False,2
TEST4,50,1.530830178912779,1.6707959845597216,False,2
TEST4,60,1.5320481997073427,1.6730645641769062,False,2
TEST4,70,1.5318540720579308,1.6590328285707199,False,2
TEST4,80,1.5171332258923513,1.652852781276448,False,2
TEST4,90,1.485951529929152,1.6608962236450608,False,2
TEST4,100,1.5008939524695672,1.6629356530686485,False,2
TEST4,110,1.4827701786507395,1.6451122885671872,False,2
TEST4,120,1.490459139284769,1.6473976986083003,False,2
TEST4,130,1.5192723731814803,1.6453291602759657,False,2
TEST4,140,1.5235829973240178,1.643057111260277,False,2
TEST4,150,1.5055553698147623,1.622930537428524,False,2
TEST4,160,1.5039688596414529,1.6195477425855125,False,2
TEST4,170,1.5271647645869828,1.60780286599054,False,2
TEST4,180,1.48917443759351,1.5774539738298894,False,2
TEST4,190,1.4429057665639724,1.5546453576205392,False,2
TEST4,200,1.411575019773414,1.542705056753982,False,2
TEST4,210,1.4151654558018159,1.5213941555023571,False,2
TEST4,220,1.3831267419880335,1.4978422558904367,True,2
TEST4,230,1.3968366580204736,1.5075981007828232,False,2
TEST4,240,1.3652362065533616,1.4930449291210945,False,2
TEST4,250,1.344138252372263,1.496332813540278,False,2
TEST4,260,1.360543255633448,1.4948865062632313,False,2
TEST4,270,1.364815645726337,1.4954791103707854,False,2
TEST4,280,1.3424476728846177,1.4965682076778202,False,2
TEST4,290,1.3672993929193575,1.504828377357893,False,2
TEST4,300,1.4162357501142377,1.5296780141791835,False,2
TEST4,310,1.445525231680151,1.5521727342552463,False,2
TEST4,320,1.4264578341396028,1.563789145161809,False,2
TEST4,330,1.4396906313162467,1.597784582920678,False,2
TEST4,340,1.458564782736959,1.6217580221897996,False,2
TEST4,350,1.4483915168647532,1.6466342175317337,False,2
TEST4,360,1.4568008781232333,1.649397593254451,False,2
TEST4,370,1.461411303357606,1.6548381965169192,False,2
TEST4,380,1.4853520759320331,1.6545804818677528,False,2
TEST4,390,1.4863482308782356,1.6760714088366808,False,2
TEST4,400,1.5284056687117622,1.6860148178176277,False,2
TEST4,410,1.5323107291616784,1.707806650284595,False,2
TEST4,420,1.5526006652692952,1.7218000482792515,False,2
TEST4,430,1.539459595164931,1.7281233601552208,False,2
TEST4,440,1.5629449714297143,1.7578723349131322,False,2
TEST4,450,1.5772209131511308,1.761599901733895,False,2
TEST4,460,1.566137233808253,1.7585198676779215,False,2
TEST4,470,1.5353253618069251,1.7232448581671673,False,2
TEST4,480,1.5125789301773662,1.7275838006069608,False,2
TEST4,490,1.496915496250087,1.7019631422718373,False,2
TEST4,500,1.5072493167923786,1.704309473100853,False,2
TEST5,0,1.481274541534128,1.594678734006369,False,2
TEST5,10,1.4954198753034833,1.6036440954987268,False,2
TEST5,20,1.5108257277812909,1.626539193853683,False,2
TEST5,30,1.5342722410689387,1.6650273232125048,False,2
TEST5,40,1.5579797940716822,1.6613398385560987,False,2
TEST5,50,1.572742929873379,1.6707959845597216,False,2
TEST5,60,1.599034362804649,1.6730645641769062,False,2
TEST5,70,1.6139606528065535,1.6590328285707199,False,2
TEST5,80,1.6003885048503206,1.652852781276448,False,2
TEST5,90,1.5861342630430615,1.6608962236450608,False,2
TEST5,100,1.5582627216995721,1.6629356530686485,False,2
TEST5,110,1.5516768767643911,1.6451122885671872,False,2
TEST5,120,1.5502972657421803,1.6473976986083003,False,2
TEST5,130,1.537732925668786,1.6453291602759657,False,2
TEST5,140,1.5359498355349603,1.643057111260277,False,2
TEST5,150,1.5556392017349923,1.622930537428524,False,2
TEST5,160,1.539929748869817,1.6195477425855125,False,2
TEST5,170,1.5537032944363969,1.60780286599054,False,2
TEST5,180,1.5295245243638547,1.5774539738298894,False,2
TEST5,190,1.5142725081129782,1.5546453576205392,False,2
TEST5,200,1.5051929433964384,1.542705056753982,False,2
TEST5,210,1.4719356096932605,1.5213941555023571,False,2
TEST5,220,1.46751637413902,1.4978422558904367,True,2
TEST5,230,1.4437948005389427,1.5075981007828232,False,2
TEST5,240,1.4376554666282961,1.4930449291210945,False,2
TEST5,250,1.4418862807941757,1.496332813540278,False,2
TEST5,260,1.4490407900924653,1.4948865062632313,False,2
TEST5,270,1.4531597057848264,1.4954791103707854,False,2
TEST5,280,1.456850756822496,1.4965682076778202,False,2
TEST5,290,1.471598219991215,1.504828377357893,False,2
TEST5,300,1.4794438651214779,1.5296780141791835,False,2
TEST5,310,1.4916919020022599,1.5521727342552463,False,2
TEST5,320,1.5183805929223195,1.563789145161809,False,2
TEST5,330,1.560997880767942,1.597784582920678,False,2
TEST5,340,1.5661604533259512,1.6217580221897996,False,2
TEST5,350,1.5672762885996536,1.6466342175317337,False,2
TEST5,360,1.5723644897852351,1.649397593254451,False,2
TEST5,370,1.556395897968767,1.6548381965169192,False,2
TEST5,380,1.567772921783975,1.6545804818677528,False,2
TEST5,390,1.5633100988033957,1.6760714088366808,False,2
TEST5,400,1.5673091311095,1.6860148178176277,False,2
TEST5,410,1.5799701145835998,1.707806650284595,False,2
TEST5,420,1.6091644010707797,1.7218000482792515,False,2
TEST5,430,1.6086577936944773,1.7281233601552208,False,2
TEST5,440,1.6288495170941144,1.7578723349131322,False,2
TEST5,450,1.6357817991199366,1.761599901733895,False,2
TEST5,460,1.6399747979276569,1.7585198676779215,False,2
TEST5,470,1.647496202175545,1.7232448581671673,False,2
TEST5,480,1.6441026108970065,1.7275838006069608,False,2
TEST5,490,1.6074566609799465,1.7019631422718373,False,2
TEST5,500,1.5825159147013337,1.704309473100853,False,2
TEST6,0,1.3087973838823106,1.594678734006369,False,2
TEST6,10,1.3173737999350363,1.6036440954987268,False,2
TEST6,20,1.307343649495685,1.626539193853683,False,2
TEST6,30,1.3780119488556806,1.6650273232125048,False,2
TEST6,40,1.3725968643799833,1.6613398385560987,False,2
TEST6,50,1.4192249233354965,1.6707959845597216,False,2
TEST6,60,1.4198286140264265,1.6730645641769062,False,2
TEST6,70,1.4163934108236207,1.6590328285707199,False,2
TEST6,80,1.4285070208299764,1.652852781276448,False,2
TEST6,90,1.4459006313053995,1.6608962236450608,False,2
TEST6,100,1.44532903871288,1.6629356530686485,False,2
TEST6,110,1.4225938326834315,1.6451122885671872,False,2
TEST6,120,1.4258908766610874,1.6473976986083003,False,2
TEST6,130,1.4168281230609487,1.6453291602759657,False,2
TEST6,140,1.3970786496024035,1.643057111260277,False,2
TEST6,150,1.3489566326448426,1.622930537428524,False,2
TEST6,160,1.3819914295822822,1.6195477425855125,False,2
TEST6,170,1.3611584341160485,1.60780286599054,False,2
TEST6,180,1.3330768208174866,1.5774539738298894,False,2
TEST6,190,1.3067352301190067,1.5546453576205392,False,2
TEST6,200,1.3226794104016457,1.542705056753982,False,2
TEST6,210,1.3042261761671945,1.5213941555023571,False,2
TEST6,220,1.2867460976447138,1.4978422558904367,True,2
TEST6,230,1.3087321237438736,1.5075981007828232,False,2
TEST6,240,1.2837205531975726,1.4930449291210945,False,2
TEST6,250,1.285753353872745,1.496332813540278,False,2
TEST6,260,1.2899168605105644,1.4948865062632313,False,2
TEST6,270,1.2804152794519397,1.4954791103707854,False,2
TEST6,280,1.2825018937579769,1.4965682076778202,False,2
TEST6,290,1.314373744738909,1.504828377357893,False,2
TEST6,300,1.3427213033364804,1.5296780141791835,False,2
TEST6,310,1.3493648405065297,1.5521727342552463,False,2
TEST6,320,1.3876458240824632,1.563789145161809,False,2
TEST6,330,1.4497778618965258,1.597784582920678,False,2
TEST6,340,1.4471525788235111,1.6217580221897996,False,2
TEST6,350,1.4460109654413713,1.6466342175317337,False,2
TEST6,360,1.4368662272797257,1.649397593254451,False,2
TEST6,370,1.4348599653200804,1.6548381965169192,False,2
TEST6,380,1.4194314581536982,1.6545804818677528,False,2
TEST6,390,1.4271868086738653,1.6760714088366808,False,2
TEST6,400,1.432126042208843,1.6860148178176277,False,2
TEST6,410,1.4315806461816445,1.707806650284595,False,2
TEST6,420,1.4452711712517665,1.7218000482792515,False,2
TEST6,430,1.4922861451705804,1.7281233601552208,False,2
TEST6,440,1.4838761410137808,1.7578723349131322,False,2
TEST6,450,1.482699808570831,1.761599901733895,False,2
TEST6,460,1.4980046368149824,1.7585198676779215,False,2
TEST6,470,1.4472907606657497,1.7232448581671673,False,2
TEST6,480,1.4472620673565706,1.7275838006069608,False,2
TEST6,490,1.439750507774914,1.7019631422718373,False,2
TEST6,500,1.4297908366249665,1.704309473100853,False,2
TEST1,0,2.15143378864458,1.598534087907752,False,3
TEST1,10,2.1646703186453915,1.6062460183195484,False,3
TEST1,20,2.260019041919561,1.6370953783230415,False,3
TEST1,30,2.3622132241295763,1.678835081355642,False,3
TEST1,40,2.3078133906348044,1.6800716332267256,False,3
TEST1,50,2.2234706929332284,1.6814170127580799,False,3
TEST1,60,2.2433648974180844,1.6909776593813202,False,3
TEST1,70,2.180934979098822,1.6809947684846207,False,3
TEST1,80,2.1616467569853968,1.6743194230478562,False,3
TEST1,90,2.191326407270783,1.6818504777801728,False,3
TEST1,100,2.2413518954680485,1.679522146194029,False,3
TEST1,110,2.177040840882587,1.6515761073566846,False,3
TEST1,120,2.188978342848106,1.6560599802988942,False,3
TEST1,130,2.1228053309092147,1.6441169805585851,False,3
TEST1,140,2.157956534328937,1.6480916298957833,False,3
TEST1,150,2.0823139973123235,1.6321842976047134,False,3
TEST1,160,2.072477940606119,1.6337962764454257,False,3
TEST1,170,1.9868392636155683,1.6221804922864522,False,3
TEST1,180,1.9228822546573414,1.5877716915807194,False,3
TEST1,190,1.9252052368191295,1.5657159461354606,False,3
TEST1,200,1.9054830433398833,1.5459072510182672,False,3
TEST1,210,1.8816974163911502,1.5210685724256625,False,3
TEST1,220,1.909049723253517,1.513292460395951,False,3
TEST1,230,1.9394585791080852,1.5141100070850384,False,3
TEST1,240,1.9319112237945113,1.4923761976378263,True,3
TEST1,250,1.9973682876956316,1.504264013211858,False,3
TEST1,260,1.9628978469103404,1.504623846172317,False,3
TEST1,270,1.9509110705830648,1.5028740112513792,False,3
TEST1,280,1.952127636405805,1.4962395755924924,False,3
TEST1,290,1.9387358061316766,1.5144467485960829,False,3
TEST1,300,1.9707791952329166,1.538604518010945,False,3
TEST1,310,2.0323639008115575,1.5607704803175892,False,3
TEST1,320,2.059300769589265,1.5765554332952252,False,3
TEST1,330,2.0607334269603803,1.6083549996722233,False,3
TEST1,340,2.178833088634644,1.637186103495927,False,3
TEST1,350,2.257092392491312,1.654577143133118,False,3
TEST1,360,2.269208862132538,1.6587246864367622,False,3
TEST1,370,2.3302304690351168,1.666091691094031,False,3
TEST1,380,2.298151680653734,1.6630018060773442,False,3
TEST1,390,2.3722165011250667,1.680098593576797,False,3
TEST1,400,2.363898325710433,1.6911122052521939,False,3
TEST1,410,2.4390839265373265,1.7185389858893625,False,3
TEST1,420,2.4343032877354376,1.7313664957576531,False,3
TEST1,430,2.420304236024339,1.7361059428506902,False,3
TEST1,440,2.546333669787993,1.774119344272299,False,3
TEST1,450,2.569022287000737,1.784844468406778,False,3
TEST1,460,2.528703855696456,1.7845791250890113,False,3
TEST1,470,2.4787420045463735,1.762930430801547,False,3
TEST1,480,2.491399324400969,1.7571546719163273,False,3
TEST1,490,2.450544175279918,1.7376675839516171,False,3
TEST1,500,2.508873411364673,1.7385779725917163,False,3
TEST2,0,1.5796158800764275,1.598534087907752,False,3
TEST2,10,1.6004361058753018,1.6062460183195484,False,3
TEST2,20,1.6334905495016159,1.6370953783230415,False,3
TEST2,30,1.6444955651169098,1.678835081355642,False,3
TEST2,40,1.6536827762417992,1.6800716332267256,False,3
TEST2,50,1.6633071771478276,1.6814170127580799,False,3
TEST2,60,1.6629699504371118,1.6909776593813202,False,3
TEST2,70,1.6731625392649434,1.6809947684846207,False,3
TEST2,80,1.6831660377502617,1.6743194230478562,False,3
TEST2,90,1.710787344568101,1.6818504777801728,False,3
TEST2,100,1.6578994197687908,1.679522146194029,False,3
TEST2,110,1.6348046641128342,1.6515761073566846,False,3
TEST2,120,1.6223937274540654,1.6560599802988942,False,3
TEST2,130,1.624405475374286,1.6441169805585851,False,3
TEST2,140,1.6302847349301135,1.6480916298957833,False,3
TEST2,150,1.6697128758039121,1.6321842976047134,False,3
TEST2,160,1.6683391047387697,1.6337962764454257,False,3
TEST2,170,1.6752583563015992,1.6221804922864522,False,3
TEST2,180,1.6492689181589268,1.5877716915807194,False,3
TEST2,190,1.623482282469304,1.5657159461354606,False,3
TEST2,200,1.583609459608476,1.5459072510182672,False,3
TEST2,210,1.5334470411133134,1.5210685724256625,False,3
TEST2,220,1.5211824051680172,1.513292460395951,False,3
TEST2,230,1.4852375081684626,1.5141100070850384,False,3
TEST2,240,1.4476234755349244,1.4923761976378263,True,3
TEST2,250,1.4450469269554063,1.504264013211858,False,3
TEST2,260,1.4583670127985766,1.504623846172317,False,3
TEST2,270,1.4692838600629385,1.5028740112513792,False,3
TEST2,280,1.4512562199626495,1.4962395755924924,False,3
TEST2,290,1.4873824031970322,1.5144467485960829,False,3
TEST2,300,1.4916489824045545,1.538604518010945,False,3
TEST2,310,1.4984187897596766,1.5607704803175892,False,3
TEST2,320,1.5140069956780373,1.5765554332952252,False,3
TEST2,330,1.5466527657402553,1.6083549996722233,False,3
TEST2,340,1.5693967923307075,1.637186103495927,False,3
TEST2,350,1.574700498756585,1.654577143133118,False,3
TEST2,360,1.5836507065456145,1.6587246864367622,False,3
TEST2,370,1.5724386500145922,1.666091691094031,False,3
TEST2,380,1.576707847350545,1.6630018060773442,False,3
TEST2,390,1.5644195453109628,1.680098593576797,False,3
TEST2,400,1.5799220538476828,1.6911122052521939,False,3
TEST2,410,1.6357848420489527,1.7185389858893625,False,3
TEST2,420,1.6444139583171966,1.7313664957576531,False,3
TEST2,430,1.6486376428566512,1.7361059428506902,False,3
TEST2,440,1.6680493457842165,1.774119344272299,False,3
TEST2,450,1.6662188651271377,1.784844468406778,False,3
TEST2,460,1.6924635087452737,1.7845791250890113,False,3
TEST2,470,1.6996834099633866,1.762930430801547,False,3
TEST2,480,1.6916093989502374,1.7571546719163273,False,3
TEST2,490,1.6884221003248796,1.7376675839516171,False,3
TEST2,500,1.6588026492743762,1.7385779725917163,False,3
TEST4,0,1.467638077012732,1.598534087907752,False,3
TEST4,10,1.4575180278002555,1.6062460183195484,False,3
TEST4,20,1.4783647246186724,1.6370953783230415,False,3
TEST4,30,1.4754386838696085,1.678835081355642,False,3
TEST4,40,1.512767651102092,1.6800716332267256,False,3
TEST4,50,1.5298586116183794,1.6814170127580799,False,3
TEST4,60,1.5320612169876875,1.6909776593813202,False,3
TEST4,70,1.52559659878784,1.6809947684846207,False,3
TEST4,80,1.5062616299147253,1.6743194230478562,False,3
TEST4,90,1.477578629920089,1.6818504777801728,False,3
TEST4,100,1.4963419661005128,1.679522146194029,False,3
TEST4,110,1.4760399378449032,1.6515761073566846,False,3
TEST4,120,1.4894975528937096,1.6560599802988942,False,3
TEST4,130,1.5174672476103799,1.6441169805585851,False,3
TEST4,140,1.5205103979174288,1.6480916298957833,False,3
TEST4,150,1.5056053287498914,1.6321842976047134,False,3
TEST4,160,1.5065191476047473,1.6337962764454257,False,3
TEST4,170,1.5327772162642894,1.6221804922864522,False,3
TEST4,180,1.4993331457864774,1.5877716915807194,False,3
TEST4,190,1.4509144216247585,1.5657159461354606,False,3
TEST4,200,1.4104142024205206,1.5459072510182672,False,3
TEST4,210,1.4137826212874602,1.5210685724256625,False,3
TEST4,220,1.3806046027436887,1.513292460395951,False,3
TEST4,230,1.3942778908683093,1.5141100070850384,False,3
TEST4,240,1.360748034027358,1.4923761976378263,True,3
TEST4,250,1.3442031713382574,1.504264013211858,False,3
TEST4,260,1.3578704388804148,1.504623846172317,False,3
TEST4,270,1.3579535785051255,1.5028740112513792,False,3
TEST4,280,1.3342605859773107,1.4962395755924924,False,3
TEST4,290,1.3627033825973731,1.5144467485960829,False,3
TEST4,300,1.409633714737977,1.538604518010945,False,3
TEST4,310,1.4397914843283535,1.5607704803175892,False,3
TEST4,320,1.4175183648864886,1.5765554332952252,False,3
TEST4,330,1.4352993678615338,1.6083549996722233,False,3
TEST4,340,1.4479760646313222,1.637186103495927,False,3
TEST4,350,1.4434308588077756,1.654577143133118,False,3
TEST4,360,1.449044167917659,1.6587246864367622,False,3
TEST4,370,1.4562173455743197,1.666091691094031,False,3
TEST4,380,1.4783755958272384,1.6630018060773442,False,3
TEST4,390,1.4852449740961444,1.680098593576797,False,3
TEST4,400,1.5252235875921947,1.6911122052521939,False,3
TEST4,410,1.5242066542852077,1.7185389858893625,False,3
TEST4,420,1.5443319587726325,1.7313664957576531,False,3
TEST4,430,1.5297919853714614,1.7361059428506902,False,3
TEST4,440,1.5579484847487894,1.774119344272299,False,3
TEST4,450,1.5752119680445078,1.784844468406778,False,3
TEST4,460,1.5679233516718167,1.7845791250890113,False,3
TEST4,470,1.5388523784318435,1.762930430801547,False,3
TEST4,480,1.5114761134949422,1.7571546719163273,False,3
TEST4,490,1.497538219705213,1.7376675839516171,False,3
TEST4,500,1.5088858144916584,1.7385779725917163,False,3
TEST5,0,1.4785810158641826,1.598534087907752,False,3
TEST5,10,1.4904068748795516,1.6062460183195484,False,3
TEST5,20,1.5068820859871666,1.6370953783230415,False,3
TEST5,30,1.5297885107019442,1.678835081355642,False,3
TEST5,40,1.5529470455823828,1.6800716332267256,False,3
TEST5,50,1.5714448666103797,1.6814170127580799,False,3
TEST5,60,1.5984819639226002,1.6909776593813202,False,3
TEST5,70,1.6102480337052314,1.6809947684846207,False,3
TEST5,80,1.594552439293049,1.6743194230478562,False,3
TEST5,90,1.5822075316100692,1.6818504777801728,False,3
TEST5,100,1.5557931141597026,1.679522146194029,False,3
TEST5,110,1.5474806426960404,1.6515761073566846,False,3
TEST5,120,1.54780574941086,1.6560599802988942,False,3
TEST5,130,1.5337810884977148,1.6441169805585851,False,3
TEST5,140,1.5323612721192281,1.6480916298957833,False,3
TEST5,150,1.5532341890713113,1.6321842976047134,False,3
TEST5,160,1.535900329593089,1.6337962764454257,False,3
TEST5,170,1.547658451653415,1.6221804922864522,False,3
TEST5,180,1.5218374514151267,1.5877716915807194,False,3
TEST5,190,1.5053594000621215,1.5657159461354606,False,3
TEST5,200,1.4943620656325498,1.5459072510182672,False,3
TEST5,210,1.4635356209221555,1.5210685724256625,False,3
TEST5,220,1.4615940219264327,1.513292460395951,False,3
TEST5,230,1.4384837575288205,1.5141100070850384,False,3
TEST5,240,1.43302103723365,1.4923761976378263,True,3
TEST5,250,1.440089186500298,1.504264013211858,False,3
TEST5,260,1.4445986495482341,1.504623846172317,False,3
TEST5,270,1.4475084546077364,1.5028740112513792,False,3
TEST5,280,1.4520228654168763,1.4962395755924924,False,3
TEST5,290,1.465629474019185,1.5144467485960829,False,3
TEST5,300,1.4736074698323558,1.538604518010945,False,3
TEST5,310,1.4859830312385534,1.5607704803175892,False,3
TEST5,320,1.5096741004918979,1.5765554332952252,False,3
TEST5,330,1.555728953858419,1.6083549996722233,False,3
TEST5,340,1.552761263316808,1.637186103495927,False,3
TEST5,350,1.5595847062264234,1.654577143133118,False,3
TEST5,360,1.5633189982186824,1.6587246864367622,False,3
TEST5,370,1.5472171923428266,1.666091691094031,False,3
TEST5,380,1.5556140960320077,1.6630018060773442,False,3
TEST5,390,1.557380685915562,1.680098593576797,False,3
TEST5,400,1.5606369627341834,1.6911122052521939,False,3
TEST5,410,1.5704891808554817,1.7185389858893625,False,3
TEST5,420,1.5972076316354442,1.7313664957576531,False,3
TEST5,430,1.5964741397902795,1.7361059428506902,False,3
TEST5,440,1.6198546162613516,1.774119344272299,False,3
TEST5,450,1.6317917974300906,1.784844468406778,False,3
TEST5,460,1.6376064966012853,1.7845791250890113,False,3
TEST5,470,1.6481365857922237,1.762930430801547,False,3
TEST5,480,1.64211670926299,1.7571546719163273,False,3
TEST5,490,1.6071741668533874,1.7376675839516171,False,3
TEST5,500,1.5803383855083142,1.7385779725917163,False,3
TEST6,0,1.3154016779408388,1.598534087907752,False,3
TEST6,10,1.3181987643972413,1.6062460183195484,False,3
TEST6,20,1.3067204895881923,1.6370953783230415,False,3
TEST6,30,1.3822394229601702,1.678835081355642,False,3
TEST6,40,1.373147302572551,1.6800716332267256,False,3
TEST6,50,1.4190037154805841,1.6814170127580799,False,3
TEST6,60,1.418010268141117,1.6909776593813202,False,3
TEST6,70,1.4150316915662673,1.6809947684846207,False,3
TEST6,80,1.4259702512958485,1.6743194230478562,False,3
TEST6,90,1.447352475531821,1.6818504777801728,False,3
TEST6,100,1.4462243354730908,1.679522146194029,False,3
TEST6,110,1.4225144512470582,1.6515761073566846,False,3
TEST6,120,1.4316245288877312,1.6560599802988942,False,3
TEST6,130,1.42212576040133,1.6441169805585851,False,3
TEST6,140,1.3993452101832085,1.6480916298957833,False,3
TEST6,150,1.350055097086128,1.6321842976047134,False,3
TEST6,160,1.3857448596844038,1.6337962764454257,False,3
TEST6,170,1.3683691735973882,1.6221804922864522,False,3
TEST6,180,1.3455366878857251,1.5877716915807194,False,3
TEST6,190,1.3236183897019893,1.5657159461354606,False,3
TEST6,200,1.3356674840899068,1.5459072510182672,False,3
TEST6,210,1.312880162414233,1.5210685724256625,False,3
TEST6,220,1.2940315488880985,1.513292460395951,False,3
TEST6,230,1.3130922997515144,1.5141100070850384,False,3
TEST6,240,1.288577217598687,1.4923761976378263,True,3
TEST6,250,1.2946124935696979,1.504264013211858,False,3
TEST6,260,1.2993852827240184,1.504623846172317,False,3
TEST6,270,1.2887130924980306,1.5028740112513792,False,3
TEST6,280,1.29153057019982,1.4962395755924924,False,3
TEST6,290,1.3177826770351466,1.5144467485960829,False,3
TEST6,300,1.3473532278469211,1.538604518010945,False,3
TEST6,310,1.3472951954498056,1.5607704803175892,False,3
TEST6,320,1.3822769358304372,1.5765554332952252,False,3
TEST6,330,1.4433604839405287,1.6083549996722233,False,3
TEST6,340,1.4369633085661533,1.637186103495927,False,3
TEST6,350,1.438077259383494,1.654577143133118,False,3
TEST6,360,1.428400697369316,1.6587246864367622,False,3
TEST6,370,1.4243547985033014,1.666091691094031,False,3
TEST6,380,1.406159810523195,1.6630018060773442,False,3
TEST6,390,1.4212312614362488,1.680098593576797,False,3
TEST6,400,1.425880096376475,1.6911122052521939,False,3
TEST6,410,1.4231303257198438,1.7185389858893625,False,3
TEST6,420,1.436575642327555,1.7313664957576531,False,3
TEST6,430,1.4853217102107192,1.7361059428506902,False,3
TEST6,440,1.4784106047791434,1.774119344272299,False,3
TEST6,450,1.4819774244314163,1.784844468406778,False,3
TEST6,460,1.4961984127302241,1.7845791250890113,False,3
TEST6,470,1.4492377752739072,1.762930430801547,False,3
TEST6,480,1.449171813472498,1.7571546719163273,False,3
TEST6,490,1.4446592575946873,1.7376675839516171,False,3
TEST6,500,1.4359896023195604,1.7385779725917163,False,3
TEST1,0,2.4498647331738477,1.6827868044948908,False,4
TEST1,10,2.4554400357676163,1.6960042009526397,False,4
TEST1,20,2.5340670301441492,1.723999690064122,False,4
TEST1,30,2.5763506550768747,1.759628108450365,False,4
TEST1,40,2.5193392894828732,1.7538251991160412,False,4
TEST1,50,2.495840961059488,1.7688830079840123,False,4
TEST1,60,2.508519415341438,1.77356627830533,False,4
TEST1,70,2.467244178197007,1.7648577083581514,False,4
TEST1,80,2.4075926515343906,1.750116399951985,False,4
TEST1,90,2.429651031229321,1.7665377379764742,False,4
TEST1,100,2.4010283810756743,1.7442446344413256,False,4
TEST1,110,2.3558066620337264,1.7247919496734216,False,4
TEST1,120,2.3707314794538092,1.7245768886899533,False,4
TEST1,130,2.375100248157412,1.7251478108112053,False,4
TEST1,140,2.3966900381733294,1.7245309995835434,False,4
TEST1,150,2.305558353739471,1.7113532453001092,False,4
TEST1,160,2.263171036827267,1.7040696319545692,False,4
TEST1,170,2.261944855251858,1.7034045320961488,False,4
TEST1,180,2.1973607880683588,1.6753712064599555,False,4
TEST1,190,2.168140644306783,1.6513093616887993,False,4
TEST1,200,2.1291097379470276,1.6331067363914769,False,4
TEST1,210,2.086442142066968,1.5945434676859156,False,4
TEST1,220,2.109093118708827,1.5841805854817868,False,4
TEST1,230,2.095670698765154,1.566510712878872,False,4
TEST1,240,2.082584091841037,1.5471899971211964,True,4
TEST1,250,2.169257650535686,1.5604519589308128,False,4
TEST1,260,2.146946702076653,1.563887971345139,False,4
TEST1,270,2.0894876642967595,1.5553227198046287,False,4
TEST1,280,2.103611429659725,1.5614283000560523,False,4
TEST1,290,2.03592561780272,1.561173593301128,False,4
TEST1,300,2.048688696971162,1.5760485741791737,False,4
TEST1,310,2.1042672001194327,1.592297240478062,False,4
TEST1,320,2.1046979095142913,1.612237696278751,False,4
TEST1,330,2.122473551203978,1.6474797398408974,False,4
TEST1,340,2.209725391148197,1.668620282955945,False,4
TEST1,350,2.2961341306854446,1.6947995032900216,False,4
TEST1,360,2.2665361558437933,1.6936303967295565,False,4
TEST1,370,2.2855206457630057,1.6908619625063843,False,4
TEST1,380,2.2356164799995137,1.6829536918205583,False,4
TEST1,390,2.3494800814055146,1.7062238832916754,False,4
TEST1,400,2.3659898333343397,1.7179172905488567,False,4
TEST1,410,2.43659151574715,1.7482461291689795,False,4
TEST1,420,2.4140016714012464,1.759870480986984,False,4
TEST1,430,2.4192935060415,1.7679217221570245,False,4
TEST1,440,2.429044375310559,1.7738132443513273,False,4
TEST1,450,2.424348767617828,1.7800974583165563,False,4
TEST1,460,2.3644209122922204,1.7765198516946263,False,4
TEST1,470,2.334892603265958,1.7621904812954938,False,4
TEST1,480,2.372796032043748,1.7633655403290827,False,4
TEST1,490,2.3171182792073943,1.7425928683102214,False,4
TEST1,500,2.34724443715667,1.7353403625637003,False,4
TEST2,0,1.5786383765588345,1.6827868044948908,False,4
TEST2,10,1.6004961025451612,1.6960042009526397,False,4
TEST2,20,1.6366236426773173,1.723999690064122,False,4
TEST2,30,1.6484209343133105,1.759628108450365,False,4
TEST2,40,1.6578272427483072,1.7538251991160412,False,4
TEST2,50,1.6678152703925373,1.7688830079840123,False,4
TEST2,60,1.6672585944116767,1.77356627830533,False,4
TEST2,70,1.6771967734060416,1.7648577083581514,False,4
TEST2,80,1.683408042457484,1.750116399951985,False,4
TEST2,90,1.7137065902761992,1.7665377379764742,False,4
TEST2,100,1.663064873273004,1.7442446344413256,False,4
TEST2,110,1.6406482600445882,1.7247919496734216,False,4
TEST2,120,1.6274994925977937,1.7245768886899533,False,4
TEST2,130,1.6292286896718418,1.7251478108112053,False,4
TEST2,140,1.6363089523369316,1.7245309995835434,False,4
TEST2,150,1.6743743436325442,1.7113532453001092,False,4
TEST2,160,1.6759859932141863,1.7040696319545692,False,4
TEST2,170,1.6807185752483873,1.7034045320961488,False,4
TEST2,180,1.65716398505079,1.6753712064599555,False,4
TEST2,190,1.6320688981114713,1.6513093616887993,False,4
TEST2,200,1.5931091765481835,1.6331067363914769,False,4
TEST2,210,1.539719298900944,1.5945434676859156,False,4
TEST2,220,1.5306247765978331,1.5841805854817868,False,4
TEST2,230,1.4931866104978369,1.566510712878872,False,4
TEST2,240,1.4573264013467317,1.5471899971211964,True,4
TEST2,250,1.4502213436519755,1.5604519589308128,False,4
TEST2,260,1.462956187352017,1.563887971345139,False,4
TEST2,270,1.4696768974420975,1.5553227198046287,False,4
TEST2,280,1.4554565931553713,1.5614283000560523,False,4
TEST2,290,1.4869624437823648,1.561173593301128,False,4
TEST2,300,1.4949035730378286,1.5760485741791737,False,4
TEST2,310,1.4963516114453153,1.592297240478062,False,4
TEST2,320,1.515516432945939,1.612237696278751,False,4
TEST2,330,1.5451926973335197,1.6474797398408974,False,4
TEST2,340,1.5738702613457862,1.668620282955945,False,4
TEST2,350,1.574602338911201,1.6947995032900216,False,4
TEST2,360,1.587495982908123,1.6936303967295565,False,4
TEST2,370,1.578188987600833,1.6908619625063843,False,4
TEST2,380,1.5842276352922793,1.6829536918205583,False,4
TEST2,390,1.5667413669180528,1.7062238832916754,False,4
TEST2,400,1.582389165749473,1.7179172905488567,False,4
TEST2,410,1.6399596647422856,1.7482461291689795,False,4
TEST2,420,1.6509080858136933,1.759870480986984,False,4
TEST2,430,1.6539712084528502,1.7679217221570245,False,4
TEST2,440,1.6693239214892432,1.7738132443513273,False,4
TEST2,450,1.6687234991948512,1.7800974583165563,False,4
TEST2,460,1.6921116458657692,1.7765198516946263,False,4
TEST2,470,1.6982910795261696,1.7621904812954938,False,4
TEST2,480,1.6890500901717036,1.7633655403290827,False,4
TEST2,490,1.6880674685859545,1.7425928683102214,False,4
TEST2,500,1.6612732869224582,1.7353403625637003,False,4
TEST3,0,1.5800720246903188,1.6827868044948908,False,4
TEST3,10,1.5970211899296132,1.6960042009526397,False,4
TEST3,20,1.6123589726046996,1.723999690064122,False,4
TEST3,30,1.6385138145092866,1.759628108450365,False,4
TEST3,40,1.64026398004201,1.7538251991160412,False,4
TEST3,50,1.6624021186429254,1.7688830079840123,False,4
TEST3,60,1.64475824449597,1.77356627830533,False,4
TEST3,70,1.6302478477369646,1.7648577083581514,False,4
TEST3,80,1.6111674141131356,1.750116399951985,False,4
TEST3,90,1.6343756591919292,1.7665377379764742,False,4
TEST3,100,1.6316269355720459,1.7442446344413256,False,4
TEST3,110,1.6340118967338257,1.7247919496734216,False,4
TEST3,120,1.6255050906788762,1.7245768886899533,False,4
TEST3,130,1.6443138345132118,1.7251478108112053,False,4
TEST3,140,1.6393381153702065,1.7245309995835434,False,4
TEST3,150,1.654673362046043,1.7113532453001092,False,4
TEST3,160,1.6417502235390737,1.7040696319545692,False,4
TEST3,170,1.6443234246285665,1.7034045320961488,False,4
TEST3,180,1.641596262845143,1.6753712064599555,False,4
TEST3,190,1.6170242356173006,1.6513093616887993,False,4
TEST3,200,1.5935889575130762,1.6331067363914769,False,4
TEST3,210,1.5522684122426424,1.5945434676859156,False,4
TEST3,220,1.5113906065586744,1.5841805854817868,False,4
TEST3,230,1.483725709529752,1.566510712878872,False,4
TEST3,240,1.4604635261707282,1.5471899971211964,True,4
TEST3,250,1.4399289677066687,1.5604519589308128,False,4
TEST3,260,1.4504330363876976,1.563887971345139,False,4
TEST3,270,1.4691432770477355,1.5553227198046287,False,4
TEST3,280,1.49251343550605,1.5614283000560523,False,4
TEST3,290,1.4865679346127465,1.561173593301128,False,4
TEST3,300,1.5050956659670696,1.5760485741791737,False,4
TEST3,310,1.517542158572794,1.592297240478062,False,4
TEST3,320,1.533178413877156,1.612237696278751,False,4
TEST3,330,1.5604846899774478,1.6474797398408974,False,4
TEST3,340,1.546526179085279,1.668620282955945,False,4
TEST3,350,1.5908081518288326,1.6947995032900216,False,4
TEST3,360,1.6077767122452542,1.6936303967295565,False,4
TEST3,370,1.5997180354037932,1.6908619625063843,False,4
TEST3,380,1.6009385473274553,1.6829536918205583,False,4
TEST3,390,1.6215220026252237,1.7062238832916754,False,4
TEST3,400,1.6372346419774404,1.7179172905488567,False,4
TEST3,410,1.6495533171117243,1.7482461291689795,False,4
TEST3,420,1.6743385170954646,1.759870480986984,False,4
TEST3,430,1.6594154251940094,1.7679217221570245,False,4
TEST3,440,1.6520199564077078,1.7738132443513273,False,4
TEST3,450,1.6786444120317887,1.7800974583165563,False,4
TEST3,460,1.6750887125369962,1.7765198516946263,False,4
TEST3,470,1.6719043622096965,1.7621904812954938,False,4
TEST3,480,1.6550792879914398,1.7633655403290827,False,4
TEST3,490,1.6455473767867645,1.7425928683102214,False,4
TEST3,500,1.6361067924523407,1.7353403625637003,False,4
TEST5,0,1.4807358719744939,1.6827868044948908,False,4
TEST5,10,1.4951006996440916,1.6960042009526397,False,4
TEST5,20,1.5155300269578984,1.723999690064122,False,4
TEST5,30,1.5370415814163048,1.759628108450365,False,4
TEST5,40,1.5620098720015556,1.7538251991160412,False,4
TEST5,50,1.5805386379736832,1.7688830079840123,False,4
TEST5,60,1.6090207990275462,1.77356627830533,False,4
TEST5,70,1.6171187319390485,1.7648577083581514,False,4
TEST5,80,1.600078760271118,1.750116399951985,False,4
TEST5,90,1.587884061741157,1.7665377379764742,False,4
TEST5,100,1.5621519091094256,1.7442446344413256,False,4
TEST5,110,1.5527296610014718,1.7247919496734216,False,4
TEST5,120,1.5525352451430168,1.7245768886899533,False,4
TEST5,130,1.5384544494533468,1.7251478108112053,False,4
TEST5,140,1.538172084854419,1.7245309995835434,False,4
TEST5,150,1.5588405028060563,1.7113532453001092,False,4
TEST5,160,1.5448035983783432,1.7040696319545692,False,4
TEST5,170,1.5571875183296902,1.7034045320961488,False,4
TEST5,180,1.532647804186117,1.6753712064599555,False,4
TEST5,190,1.5176939468923172,1.6513093616887993,False,4
TEST5,200,1.5163404902174633,1.6331067363914769,False,4
TEST5,210,1.4844283380458916,1.5945434676859156,False,4
TEST5,220,1.479625747636075,1.5841805854817868,False,4
TEST5,230,1.455421695812554,1.566510712878872,False,4
TEST5,240,1.4508690721614406,1.5471899971211964,True,4
TEST5,250,1.4572745709968493,1.5604519589308128,False,4
TEST5,260,1.463965010248203,1.563887971345139,False,4
TEST5,270,1.461190499936068,1.5553227198046287,False,4
TEST5,280,1.4658814707960897,1.5614283000560523,False,4
TEST5,290,1.476794418743908,1.561173593301128,False,4
TEST5,300,1.4823694485315937,1.5760485741791737,False,4
TEST5,310,1.492496170027946,1.592297240478062,False,4
TEST5,320,1.5154251039159012,1.612237696278751,False,4
TEST5,330,1.5583006785668876,1.6474797398408974,False,4
TEST5,340,1.5620574672950378,1.668620282955945,False,4
TEST5,350,1.5630872897591317,1.6947995032900216,False,4
TEST5,360,1.570682641841581,1.6936303967295565,False,4
TEST5,370,1.5570569457395715,1.6908619625063843,False,4
TEST5,380,1.5717886219984862,1.6829536918205583,False,4
TEST5,390,1.56374141780947,1.7062238832916754,False,4
TEST5,400,1.5682915318499233,1.7179172905488567,False,4
TEST5,410,1.5817604700975831,1.7482461291689795,False,4
TEST5,420,1.6128286323452639,1.759870480986984,False,4
TEST5,430,1.611791526617371,1.7679217221570245,False,4
TEST5,440,1.6311702607437644,1.7738132443513273,False,4
TEST5,450,1.6390540430603127,1.7800974583165563,False,4
TEST5,460,1.6452278922822243,1.7765198516946263,False,4
TEST5,470,1.650773597093239,1.7621904812954938,False,4
TEST5,480,1.6440247492798714,1.7633655403290827,False,4
TEST5,490,1.609682775987214,1.7425928683102214,False,4
TEST5,500,1.5864034758172767,1.7353403625637003,False,4
TEST6,0,1.3246230160769594,1.6827868044948908,False,4
TEST6,10,1.3319629768767172,1.6960042009526397,False,4
TEST6,20,1.3214187779365452,1.723999690064122,False,4
TEST6,30,1.3978135569360486,1.759628108450365,False,4
TEST6,40,1.3896856113054592,1.7538251991160412,False,4
TEST6,50,1.4378180518514272,1.7688830079840123,False,4
TEST6,60,1.4382743382500192,1.77356627830533,False,4
TEST6,70,1.432481010511696,1.7648577083581514,False,4
TEST6,80,1.4483351313837969,1.750116399951985,False,4
TEST6,90,1.4670713474437647,1.7665377379764742,False,4
TEST6,100,1.463351073176479,1.7442446344413256,False,4
TEST6,110,1.4407632685534957,1.7247919496734216,False,4
TEST6,120,1.4466131355762715,1.7245768886899533,False,4
TEST6,130,1.4386418322602137,1.7251478108112053,False,4
TEST6,140,1.4121458071828301,1.7245309995835434,False,4
TEST6,150,1.3633196642764311,1.7113532453001092,False,4
TEST6,160,1.3946373078139764,1.7040696319545692,False,4
TEST6,170,1.3728482870222427,1.7034045320961488,False,4
TEST6,180,1.3480871921493676,1.6753712064599555,False,4
TEST6,190,1.3216190835161248,1.6513093616887993,False,4
TEST6,200,1.3333853197316334,1.6331067363914769,False,4
TEST6,210,1.3098591471731322,1.5945434676859156,False,4
TEST6,220,1.2901686779075239,1.5841805854817868,False,4
TEST6,230,1.3045488497890623,1.566510712878872,False,4
TEST6,240,1.2847068940860449,1.5471899971211964,True,4
TEST6,250,1.2855772617628842,1.5604519589308128,False,4
TEST6,260,1.2951389206611241,1.563887971345139,False,4
TEST6,270,1.2871152603004827,1.5553227198046287,False,4
TEST6,280,1.2896785711630256,1.5614283000560523,False,4
TEST6,290,1.3196175515639004,1.561173593301128,False,4
TEST6,300,1.3491854863882144,1.5760485741791737,False,4
TEST6,310,1.3508290622248214,1.592297240478062,False,4
TEST6,320,1.392370621140467,1.612237696278751,False,4
TEST6,330,1.450947082122654,1.6474797398408974,False,4
TEST6,340,1.450922115905425,1.668620282955945,False,4
TEST6,350,1.4493656052654984,1.6947995032900216,False,4
TEST6,360,1.4356604908090305,1.6936303967295565,False,4
TEST6,370,1.4338251980247176,1.6908619625063843,False,4
TEST6,380,1.4221971744850577,1.6829536918205583,False,4
TEST6,390,1.4296345477001173,1.7062238832916754,False,4
TEST6,400,1.435681279833107,1.7179172905488567,False,4
TEST6,410,1.4333656781461552,1.7482461291689795,False,4
TEST6,420,1.4472754982792526,1.759870480986984,False,4
TEST6,430,1.495136944479392,1.7679217221570245,False,4
TEST6,440,1.487507707805363,1.7738132443513273,False,4
TEST6,450,1.4897165696780001,1.7800974583165563,False,4
TEST6,460,1.5057500954959218,1.7765198516946263,False,4
TEST6,470,1.4550907643824054,1.7621904812954938,False,4
TEST6,480,1.4558775421586505,1.7633655403290827,False,4
TEST6,490,1.4525484409837786,1.7425928683102214,False,4
TEST6,500,1.445673820469756,1.7353403625637003,False,4
TEST1,0,2.2037937985419056,1.627160457642119,False,5
TEST1,10,2.2131972420550685,1.6350576838076158,False,5
TEST1,20,2.283433250531175,1.6658666209689401,False,5
TEST1,30,2.381080305193093,1.7087173282318013,False,5
TEST1,40,2.3149576063380994,1.7046320452197776,False,5
TEST1,50,2.252876914166629,1.7128852382592339,False,5
TEST1,60,2.270644705928752,1.7107875600941198,False,5
TEST1,70,2.21690420423239,1.6985737433690193,False,5
TEST1,80,2.1901635176975542,1.6895863105656048,False,5
TEST1,90,2.238768341246109,1.7045896165932164,False,5
TEST1,100,2.273746423372145,1.706194365786238,False,5
TEST1,110,2.223315280092473,1.6808929460900544,False,5
TEST1,120,2.2223315759595135,1.6794164185972469,False,5
TEST1,130,2.1656081717545175,1.6753203050774412,False,5
TEST1,140,2.1999046890806024,1.6785115865578413,False,5
TEST1,150,2.1344624410805633,1.6631009494945328,False,5
TEST1,160,2.127742468621688,1.665266466501962,False,5
TEST1,170,2.0624564038739157,1.6563661804258658,False,5
TEST1,180,1.995311426558133,1.6242830282471215,False,5
TEST1,190,1.9832243667583842,1.5959117980927944,False,5
TEST1,200,1.9890588272238052,1.5803863558656008,False,5
TEST1,210,1.9489652582982044,1.5517201525619224,False,5
TEST1,220,1.9709515537420579,1.535689221091385,False,5
TEST1,230,1.9798346002577931,1.5290441575826397,False,5
TEST1,240,1.9769256806702233,1.5021058202386084,True,5
TEST1,250,2.039124744645404,1.5079896944142115,False,5
TEST1,260,1.9932232853658016,1.509807427975026,False,5
TEST1,270,1.9701466813494823,1.5098587316035037,False,5
TEST1,280,1.977315513163084,1.5072476484477257,False,5
TEST1,290,1.9670614979110208,1.522339792454225,False,5
TEST1,300,1.9938207000480128,1.547698206453393,False,5
TEST1,310,2.076811417068685,1.5750021661556188,False,5
TEST1,320,2.0702843160758615,1.5879916933381095,False,5
TEST1,330,2.099801281892821,1.620194232612122,False,5
TEST1,340,2.2132635598603136,1.6480399178255347,False,5
TEST1,350,2.303280035792204,1.6737098959373948,False,5
TEST1,360,2.280578012413435,1.675583764834449,False,5
TEST1,370,2.3579461441574434,1.6865063489402137,False,5
TEST1,380,2.32327124831255,1.682851816561985,False,5
TEST1,390,2.398703240377134,1.7008597938146024,False,5
TEST1,400,2.430427499651069,1.7214834515103896,False,5
TEST1,410,2.509364649122416,1.7507288724871128,False,5
TEST1,420,2.4718012801312463,1.7564234404068764,False,5
TEST1,430,2.4609324588108805,1.7587465841011884,False,5
TEST1,440,2.5915491310225764,1.7914546403292113,False,5
TEST1,450,2.5462135511788158,1.7890831687312658,False,5
TEST1,460,2.4518679247264896,1.777159182888407,False,5
TEST1,470,2.369718037644741,1.745136957926989,False,5
TEST1,480,2.3555223711722046,1.733898304519468,False,5
TEST1,490,2.297448187883862,1.7125884578730972,False,5
TEST1,500,2.3676000129022436,1.7188080925837277,False,5
TEST2,0,1.5716713814936876,1.627160457642119,False,5
TEST2,10,1.5878559533522976,1.6350576838076158,False,5
TEST2,20,1.6231727120627786,1.6658666209689401,False,5
TEST2,30,1.635568716998256,1.7087173282318013,False,5
TEST2,40,1.646519292931619,1.7046320452197776,False,5
TEST2,50,1.657066309084997,1.7128852382592339,False,5
TEST2,60,1.657100873379824,1.7107875600941198,False,5
TEST2,70,1.6669341172040328,1.6985737433690193,False,5
TEST2,80,1.6763606667758946,1.6895863105656048,False,5
TEST2,90,1.7044062849270132,1.7045896165932164,False,5
TEST2,100,1.6526063000889426,1.706194365786238,False,5
TEST2,110,1.6307939802016813,1.6808929460900544,False,5
TEST2,120,1.6186300873223176,1.6794164185972469,False,5
TEST2,130,1.6207710873811052,1.6753203050774412,False,5
TEST2,140,1.626494587709522,1.6785115865578413,False,5
TEST2,150,1.6676974349089415,1.6631009494945328,False,5
TEST2,160,1.6684410387581363,1.665266466501962,False,5
TEST2,170,1.677005986033006,1.6563661804258658,False,5
TEST2,180,1.6544289188562291,1.6242830282471215,False,5
TEST2,190,1.6297237090305958,1.5959117980927944,False,5
TEST2,200,1.5889580214807335,1.5803863558656008,False,5
TEST2,210,1.538069583848336,1.5517201525619224,False,5
TEST2,220,1.5256494572828325,1.535689221091385,False,5
TEST2,230,1.4855889720779887,1.5290441575826397,False,5
TEST2,240,1.4432318663409742,1.5021058202386084,True,5
TEST2,250,1.441700682891381,1.5079896944142115,False,5
TEST2,260,1.4572785544403777,1.509807427975026,False,5
TEST2,270,1.4686579405958584,1.5098587316035037,False,5
TEST2,280,1.4500561884969434,1.5072476484477257,False,5
TEST2,290,1.4853903860136235,1.522339792454225,False,5
TEST2,300,1.48815347560465,1.547698206453393,False,5
TEST2,310,1.4953411140611659,1.5750021661556188,False,5
TEST2,320,1.516540558291887,1.5879916933381095,False,5
TEST2,330,1.5477450956955552,1.620194232612122,False,5
TEST2,340,1.5721787713437907,1.6480399178255347,False,5
TEST2,350,1.5753107503174684,1.6737098959373948,False,5
TEST2,360,1.5874355530932318,1.675583764834449,False,5
TEST2,370,1.5713919426713525,1.6865063489402137,False,5
TEST2,380,1.5796200188537215,1.682851816561985,False,5
TEST2,390,1.5647552534336104,1.7008597938146024,False,5
TEST2,400,1.578470999910973,1.7214834515103896,False,5
TEST2,410,1.635390382650027,1.7507288724871128,False,5
TEST2,420,1.6438315850987484,1.7564234404068764,False,5
TEST2,430,1.6473172326356353,1.7587465841011884,False,5
TEST2,440,1.6662191419584351,1.7914546403292113,False,5
TEST2,450,1.6637150134387855,1.7890831687312658,False,5
TEST2,460,1.6896539295324944,1.777159182888407,False,5
TEST2,470,1.6955781976133766,1.745136957926989,False,5
TEST2,480,1.6883414179886265,1.733898304519468,False,5
TEST2,490,1.6837626720653822,1.7125884578730972,False,5
TEST2,500,1.6541216239310352,1.7188080925837277,False,5
TEST3,0,1.5639155629885304,1.627160457642119,False,5
TEST3,10,1.5804835689241588,1.6350576838076158,False,5
TEST3,20,1.5941942590016405,1.6658666209689401,False,5
TEST3,30,1.6222434164844755,1.7087173282318013,False,5
TEST3,40,1.624313101983275,1.7046320452197776,False,5
TEST3,50,1.6455580243937886,1.7128852382592339,False,5
TEST3,60,1.628540824571373,1.7107875600941198,False,5
TEST3,70,1.612961441893434,1.6985737433690193,False,5
TEST3,80,1.6001821199439599,1.6895863105656048,False,5
TEST3,90,1.6195764721282022,1.7045896165932164,False,5
TEST3,100,1.616846824333609,1.706194365786238,False,5
TEST3,110,1.620271199824045,1.6808929460900544,False,5
TEST3,120,1.6147202469646982,1.6794164185972469,False,5
TEST3,130,1.634277140447048,1.6753203050774412,False,5
TEST3,140,1.6275997049251236,1.6785115865578413,False,5
TEST3,150,1.6437429377703592,1.6631009494945328,False,5
TEST3,160,1.6272060336086254,1.665266466501962,False,5
TEST3,170,1.6344177014376777,1.6563661804258658,False,5
TEST3,180,1.6305375911257365,1.6242830282471215,False,5
TEST3,190,1.605162322601057,1.5959117980927944,False,5
TEST3,200,1.5824755176603413,1.5803863558656008,False,5
TEST3,210,1.543477655802443,1.5517201525619224,False,5
TEST3,220,1.4977143479513093,1.535689221091385,False,5
TEST3,230,1.466134227153943,1.5290441575826397,False,5
TEST3,240,1.443138771023229,1.5021058202386084,True,5
TEST3,250,1.426635569370356,1.5079896944142115,False,5
TEST3,260,1.4402037324904766,1.509807427975026,False,5
TEST3,270,1.4635405569019215,1.5098587316035037,False,5
TEST3,280,1.4858777811137782,1.5072476484477257,False,5
TEST3,290,1.4816054714906093,1.522339792454225,False,5
TEST3,300,1.499619260944049,1.547698206453393,False,5
TEST3,310,1.5127381447714041,1.5750021661556188,False,5
TEST3,320,1.5334123001523579,1.5879916933381095,False,5
TEST3,330,1.560478917910114,1.620194232612122,False,5
TEST3,340,1.5446257043372107,1.6480399178255347,False,5
TEST3,350,1.5896538768820214,1.6737098959373948,False,5
TEST3,360,1.605785770436042,1.675583764834449,False,5
TEST3,370,1.5923308327344998,1.6865063489402137,False,5
TEST3,380,1.5965545826661307,1.682851816561985,False,5
TEST3,390,1.6175572884967002,1.7008597938146024,False,5
TEST3,400,1.6324399675077066,1.7214834515103896,False,5
TEST3,410,1.644014331514005,1.7507288724871128,False,5
TEST3,420,1.6653566532325816,1.7564234404068764,False,5
TEST3,430,1.6502073475003636,1.7587465841011884,False,5
TEST3,440,1.6458594486544436,1.7914546403292113,False,5
TEST3,450,1.671426927287326,1.7890831687312658,False,5
TEST3,460,1.6692809553731525,1.777159182888407,False,5
TEST3,470,1.6676179345486972,1.745136957926989,False,5
TEST3,480,1.6537602430670861,1.733898304519468,False,5
TEST3,490,1.6380617831217499,1.7125884578730972,False,5
TEST3,500,1.6242234956348078,1.7188080925837277,False,5
TEST4,0,1.4498391371564514,1.627160457642119,False,5
TEST4,10,1.440824649516228,1.6350576838076158,False,5
TEST4,20,1.4702357634063614,1.6658666209689401,False,5
TEST4,30,1.468171963553847,1.7087173282318013,False,5
TEST4,40,1.5083817663370824,1.7046320452197776,False,5
TEST4,50,1.5273818243444477,1.7128852382592339,False,5
TEST4,60,1.5327873948680597,1.7107875600941198,False,5
TEST4,70,1.522083792739757,1.6985737433690193,False,5
TEST4,80,1.5045753811545888,1.6895863105656048,False,5
TEST4,90,1.473102259092804,1.7045896165932164,False,5
TEST4,100,1.493522814298884,1.706194365786238,False,5
TEST4,110,1.4731972613576383,1.6808929460900544,False,5
TEST4,120,1.4851366659233693,1.6794164185972469,False,5
TEST4,130,1.5111629325487272,1.6753203050774412,False,5
TEST4,140,1.5148061155545338,1.6785115865578413,False,5
TEST4,150,1.5019555678104937,1.6631009494945328,False,5
TEST4,160,1.5030118491866276,1.665266466501962,False,5
TEST4,170,1.5307927626576954,1.6563661804258658,False,5
TEST4,180,1.493930351835685,1.6242830282471215,False,5
TEST4,190,1.4456921605019777,1.5959117980927944,False,5
TEST4,200,1.4109196031575764,1.5803863558656008,False,5
TEST4,210,1.4144231861778342,1.5517201525619224,False,5
TEST4,220,1.3835965271291464,1.535689221091385,False,5
TEST4,230,1.396195497788388,1.5290441575826397,False,5
TEST4,240,1.3593293064704912,1.5021058202386084,True,5
TEST4,250,1.3454611126374945,1.5079896944142115,False,5
TEST4,260,1.3615449429594821,1.509807427975026,False,5
TEST4,270,1.3598069903180896,1.5098587316035037,False,5
TEST4,280,1.3377119432417033,1.5072476484477257,False,5
TEST4,290,1.365384719951099,1.522339792454225,False,5
TEST4,300,1.4077413984312246,1.547698206453393,False,5
TEST4,310,1.43562289801528,1.5750021661556188,False,5
TEST4,320,1.4176014455965666,1.5879916933381095,False,5
TEST4,330,1.4364929510250275,1.620194232612122,False,5
TEST4,340,1.4480226265836,1.6480399178255347,False,5
TEST4,350,1.4411427174627742,1.6737098959373948,False,5
TEST4,360,1.4543725075453044,1.675583764834449,False,5
TEST4,370,1.4563180778815288,1.6865063489402137,False,5
TEST4,380,1.4835585331972203,1.682851816561985,False,5
TEST4,390,1.484516331883867,1.7008597938146024,False,5
TEST4,400,1.5245171048465624,1.7214834515103896,False,5
TEST4,410,1.5266472410962852,1.7507288724871128,False,5
TEST4,420,1.5470570561287118,1.7564234404068764,False,5
TEST4,430,1.5327905547357268,1.7587465841011884,False,5
TEST4,440,1.5598583280535812,1.7914546403292113,False,5
TEST4,450,1.5751948690734503,1.7890831687312658,False,5
TEST4,460,1.5690894284696641,1.777159182888407,False,5
TEST4,470,1.5361322814904073,1.745136957926989,False,5
TEST4,480,1.5108325184023323,1.733898304519468,False,5
TEST4,490,1.490707606365713,1.7125884578730972,False,5
TEST4,500,1.502882958778244,1.7188080925837277,False,5
TEST6,0,1.3465824080300206,1.627160457642119,False,5
TEST6,10,1.3529270051903264,1.6350576838076158,False,5
TEST6,20,1.3582971198427447,1.6658666209689401,False,5
TEST6,30,1.436522238929335,1.7087173282318013,False,5
TEST6,40,1.4289884585088115,1.7046320452197776,False,5
TEST6,50,1.4815431193063064,1.7128852382592339,False,5
TEST6,60,1.4648640017225907,1.7107875600941198,False,5
TEST6,70,1.4739851607754828,1.6985737433690193,False,5
TEST6,80,1.4766498672560269,1.6895863105656048,False,5
TEST6,90,1.487094725571954,1.7045896165932164,False,5
TEST6,100,1.4942494668376085,1.706194365786238,False,5
TEST6,110,1.4568870089744348,1.6808929460900544,False,5
TEST6,120,1.4562635168163363,1.6794164185972469,False,5
TEST6,130,1.4447821932558083,1.6753203050774412,False,5
TEST6,140,1.4237528355194238,1.6785115865578413,False,5
TEST6,150,1.367646365902306,1.6631009494945328,False,5
TEST6,160,1.399930942334734,1.665266466501962,False,5
TEST6,170,1.3771580481270334,1.6563661804258658,False,5
TEST6,180,1.3472068528598236,1.6242830282471215,False,5
TEST6,190,1.3157564315719577,1.5959117980927944,False,5
TEST6,200,1.3305198098055482,1.5803863558656008,False,5
TEST6,210,1.3136650786827948,1.5517201525619224,False,5
TEST6,220,1.300534219351579,1.535689221091385,False,5
TEST6,230,1.3174674906350854,1.5290441575826397,False,5
TEST6,240,1.2879034766881248,1.5021058202386084,True,5
TEST6,250,1.287026362526422,1.5079896944142115,False,5
TEST6,260,1.2967866246189925,1.509807427975026,False,5
TEST6,270,1.2871414888521664,1.5098587316035037,False,5
TEST6,280,1.285276816223119,1.5072476484477257,False,5
TEST6,290,1.3122568869047724,1.522339792454225,False,5
TEST6,300,1.349156197239029,1.547698206453393,False,5
TEST6,310,1.354497256861559,1.5750021661556188,False,5
TEST6,320,1.4021198465738742,1.5879916933381095,False,5
TEST6,330,1.4564529165370932,1.620194232612122,False,5
TEST6,340,1.462108927002759,1.6480399178255347,False,5
TEST6,350,1.4591620992325058,1.6737098959373948,False,5
TEST6,360,1.4497469806842305,1.675583764834449,False,5
TEST6,370,1.454544747256244,1.6865063489402137,False,5
TEST6,380,1.4312546997803022,1.682851816561985,False,5
TEST6,390,1.4387668548817014,1.7008597938146024,False,5
TEST6,400,1.4415616856356361,1.7214834515103896,False,5
TEST6,410,1.4382277580528304,1.7507288724871128,False,5
TEST6,420,1.4540706274430937,1.7564234404068764,False,5
TEST6,430,1.502485326823336,1.7587465841011884,False,5
TEST6,440,1.493787151957021,1.7914546403292113,False,5
TEST6,450,1.4888654826779524,1.7890831687312658,False,5
TEST6,460,1.5059036763402347,1.777159182888407,False,5
TEST6,470,1.4566383383377233,1.745136957926989,False,5
TEST6,480,1.46103497196709,1.733898304519468,False,5
TEST6,490,1.4529620399287793,1.7125884578730972,False,5
TEST6,500,1.445212371672307,1.7188080925837277,False,5
TEST1,0,2.6342422307764313,1.741561584283756,False,6
TEST1,10,2.652920642162359,1.7520271687851494,False,6
TEST1,20,2.6682336561817666,1.76709983705015,False,6
TEST1,30,2.779566897040358,1.804991403644297,False,6
TEST1,40,2.7410814955303313,1.8085754970498207,False,6
TEST1,50,2.6982778384184383,1.813485229146733,False,6
TEST1,60,2.692039934849961,1.8134364213378151,False,6
TEST1,70,2.6459992627584352,1.8054043609623218,False,6
TEST1,80,2.6499079516674255,1.8012083074722436,False,6
TEST1,90,2.7038980553833003,1.8114960397035382,False,6
TEST1,100,2.6777825438753364,1.7908072600829388,False,6
TEST1,110,2.6775494121549297,1.7739908200429284,False,6
TEST1,120,2.673253957239523,1.775258033345247,False,6
TEST1,130,2.5969974366459234,1.7679098490372218,False,6
TEST1,140,2.6077857920662963,1.7716845938598287,False,6
TEST1,150,2.557366129759258,1.7744295941664174,False,6
TEST1,160,2.5261529547366974,1.7680803339332871,False,6
TEST1,170,2.417416796594262,1.7601853144087314,False,6
TEST1,180,2.3224603948384352,1.7264141415128418,False,6
TEST1,190,2.289962698641174,1.6971683278145075,False,6
TEST1,200,2.2886165607785096,1.6732508817007408,False,6
TEST1,210,2.172173417082067,1.621438116641509,False,6
TEST1,220,2.227283492309324,1.6112400089065317,False,6
TEST1,230,2.1892838512103547,1.5878701550837209,False,6
TEST1,240,2.1398832003722585,1.5587333993495334,True,6
TEST1,250,2.1731470993562834,1.557694307795816,False,6
TEST1,260,2.1246569100173254,1.558131905247901,False,6
TEST1,270,2.090856136166965,1.560230818229533,False,6
TEST1,280,2.097644778561864,1.5586929244292809,False,6
TEST1,290,2.081750164574314,1.5678329717774337,False,6
TEST1,300,2.118165511007748,1.591265834040358,False,6
TEST1,310,2.177522425633086,1.6140265712387698,False,6
TEST1,320,2.204207409940853,1.6301980279698896,False,6
TEST1,330,2.246295060549769,1.6645336166244953,False,6
TEST1,340,2.3270803198042,1.6872945380262265,False,6
TEST1,350,2.401741446814418,1.711149510838378,False,6
TEST1,360,2.413444208927165,1.7230674694862238,False,6
TEST1,370,2.421555186692737,1.7207939982407274,False,6
TEST1,380,2.3697820606624576,1.7166386417668587,False,6
TEST1,390,2.4664634135901835,1.7385749241163484,False,6
TEST1,400,2.4610254510238887,1.751510942112823,False,6
TEST1,410,2.5342546092324376,1.7818094202653967,False,6
TEST1,420,2.5243791292355917,1.7918421399239424,False,6
TEST1,430,2.5176145818447306,1.7868775550457539,False,6
TEST1,440,2.6361517431997603,1.8228402525851881,False,6
TEST1,450,2.6293448003891386,1.8317016321215764,False,6
TEST1,460,2.623643610792021,1.834920544025691,False,6
TEST1,470,2.5746496786258386,1.8215817995230281,False,6
TEST1,480,2.62005253940857,1.8205374215671906,False,6
TEST1,490,2.529925641477397,1.7891929369849293,False,6
TEST1,500,2.643449470837142,1.8002688166859433,False,6
TEST2,0,1.5679692165815213,1.741561584283756,False,6
TEST2,10,1.5833603700321544,1.7520271687851494,False,6
TEST2,20,1.6107203360421536,1.76709983705015,False,6
TEST2,30,1.626049049140601,1.804991403644297,False,6
TEST2,40,1.635616655728305,1.8085754970498207,False,6
TEST2,50,1.6493064368889976,1.813485229146733,False,6
TEST2,60,1.6510865728532504,1.8134364213378151,False,6
TEST2,70,1.6606475784287342,1.8054043609623218,False,6
TEST2,80,1.6691559580236737,1.8012083074722436,False,6
TEST2,90,1.6968488099032115,1.8114960397035382,False,6
TEST2,100,1.6354155994169337,1.7908072600829388,False,6
TEST2,110,1.606709260132679,1.7739908200429284,False,6
TEST2,120,1.5984401491868299,1.775258033345247,False,6
TEST2,130,1.6031982456563463,1.7679098490372218,False,6
TEST2,140,1.612718421623253,1.7716845938598287,False,6
TEST2,150,1.6541658568371211,1.7744295941664174,False,6
TEST2,160,1.6598294200370556,1.7680803339332871,False,6
TEST2,170,1.6724478482511664,1.7601853144087314,False,6
TEST2,180,1.648870092503431,1.7264141415128418,False,6
TEST2,190,1.6234769324396567,1.6971683278145075,False,6
TEST2,200,1.5812898146282022,1.6732508817007408,False,6
TEST2,210,1.5239592448526322,1.621438116641509,False,6
TEST2,220,1.5072062805792297,1.6112400089065317,False,6
TEST2,230,1.4685411657441294,1.5878701550837209,False,6
TEST2,240,1.4300922015009627,1.5587333993495334,True,6
TEST2,250,1.4290871050923468,1.557694307795816,False,6
TEST2,260,1.4428291733986234,1.558131905247901,False,6
TEST2,270,1.4550665110236618,1.560230818229533,False,6
TEST2,280,1.438938462735503,1.5586929244292809,False,6
TEST2,290,1.4716570293330524,1.5678329717774337,False,6
TEST2,300,1.4766295000442886,1.591265834040358,False,6
TEST2,310,1.4830962359976914,1.6140265712387698,False,6
TEST2,320,1.5034184554984074,1.6301980279698896,False,6
TEST2,330,1.5385288731150581,1.6645336166244953,False,6
TEST2,340,1.5635509480142407,1.6872945380262265,False,6
TEST2,350,1.5683357781936946,1.711149510838378,False,6
TEST2,360,1.5780710163993055,1.7230674694862238,False,6
TEST2,370,1.5625362212770835,1.7207939982407274,False,6
TEST2,380,1.5721013370223345,1.7166386417668587,False,6
TEST2,390,1.5600985128483966,1.7385749241163484,False,6
TEST2,400,1.575079562491956,1.751510942112823,False,6
TEST2,410,1.63220781394507,1.7818094202653967,False,6
TEST2,420,1.635600019423782,1.7918421399239424,False,6
TEST2,430,1.6410213782153882,1.7868775550457539,False,6
TEST2,440,1.6602837596830229,1.8228402525851881,False,6
TEST2,450,1.6590225425417848,1.8317016321215764,False,6
TEST2,460,1.685001315349107,1.834920544025691,False,6
TEST2,470,1.6915749995918858,1.8215817995230281,False,6
TEST2,480,1.6830152071766782,1.8205374215671906,False,6
TEST2,490,1.6813759072150072,1.7891929369849293,False,6
TEST2,500,1.6503163932399947,1.8002688166859433,False,6
TEST3,0,1.5617607889775382,1.741561584283756,False,6
TEST3,10,1.5788444237816548,1.7520271687851494,False,6
TEST3,20,1.5802534126825825,1.76709983705015,False,6
TEST3,30,1.610037446046621,1.804991403644297,False,6
TEST3,40,1.6076851482767296,1.8085754970498207,False,6
TEST3,50,1.6244320326787396,1.813485229146733,False,6
TEST3,60,1.608299240743304,1.8134364213378151,False,6
TEST3,70,1.5968297164419518,1.8054043609623218,False,6
TEST3,80,1.5866898470107091,1.8012083074722436,False,6
TEST3,90,1.6042645472016184,1.8114960397035382,False,6
TEST3,100,1.5959077581159238,1.7908072600829388,False,6
TEST3,110,1.5905601207648463,1.7739908200429284,False,6
TEST3,120,1.593607143505305,1.775258033345247,False,6
TEST3,130,1.6148218413213016,1.7679098490372218,False,6
TEST3,140,1.6098524232246123,1.7716845938598287,False,6
TEST3,150,1.6255331150013883,1.7744295941664174,False,6
TEST3,160,1.615846423109796,1.7680803339332871,False,6
TEST3,170,1.6302259162106394,1.7601853144087314,False,6
TEST3,180,1.6312378713561513,1.7264141415128418,False,6
TEST3,190,1.6086399033674417,1.6971683278145075,False,6
TEST3,200,1.58020178942852,1.6732508817007408,False,6
TEST3,210,1.5343494821514916,1.621438116641509,False,6
TEST3,220,1.4848159275240485,1.6112400089065317,False,6
TEST3,230,1.4538969971255133,1.5878701550837209,False,6
TEST3,240,1.4368820008171541,1.5587333993495334,True,6
TEST3,250,1.417716441489716,1.557694307795816,False,6
TEST3,260,1.4343013055149325,1.558131905247901,False,6
TEST3,270,1.45687077474487,1.560230818229533,False,6
TEST3,280,1.4771015599045054,1.5586929244292809,False,6
TEST3,290,1.4678796374275174,1.5678329717774337,False,6
TEST3,300,1.4854175014757471,1.591265834040358,False,6
TEST3,310,1.497518280816073,1.6140265712387698,False,6
TEST3,320,1.5145097848049316,1.6301980279698896,False,6
TEST3,330,1.5426381396649456,1.6645336166244953,False,6
TEST3,340,1.528516041300528,1.6872945380262265,False,6
TEST3,350,1.574903938731787,1.711149510838378,False,6
TEST3,360,1.5978090353253571,1.7230674694862238,False,6
TEST3,370,1.5857460245432846,1.7207939982407274,False,6
TEST3,380,1.5896370819704135,1.7166386417668587,False,6
TEST3,390,1.6143064669426952,1.7385749241163484,False,6
TEST3,400,1.6294128806016497,1.751510942112823,False,6
TEST3,410,1.6424799072478475,1.7818094202653967,False,6
TEST3,420,1.6597766352720291,1.7918421399239424,False,6
TEST3,430,1.6465966199231656,1.7868775550457539,False,6
TEST3,440,1.6418580376352432,1.8228402525851881,False,6
TEST3,450,1.6665260660266115,1.8317016321215764,False,6
TEST3,460,1.6627479423141818,1.834920544025691,False,6
TEST3,470,1.6620362821684567,1.8215817995230281,False,6
TEST3,480,1.6482239388332716,1.8205374215671906,False,6
TEST3,490,1.635521559884153,1.7891929369849293,False,6
TEST3,500,1.6223095246709671,1.8002688166859433,False,6
TEST4,0,1.4508646504147436,1.741561584283756,False,6
TEST4,10,1.4407176182552317,1.7520271687851494,False,6
TEST4,20,1.4563308959159005,1.76709983705015,False,6
TEST4,30,1.458790221857773,1.804991403644297,False,6
TEST4,40,1.4920410690778825,1.8085754970498207,False,6
TEST4,50,1.514876059941676,1.813485229146733,False,6
TEST4,60,1.5213716449953605,1.8134364213378151,False,6
TEST4,70,1.5129508180109825,1.8054043609623218,False,6
TEST4,80,1.4986218531767874,1.8012083074722436,False,6
TEST4,90,1.464571979136796,1.8114960397035382,False,6
TEST4,100,1.476062501596669,1.7908072600829388,False,6
TEST4,110,1.450257663731434,1.7739908200429284,False,6
TEST4,120,1.4688865771634585,1.775258033345247,False,6
TEST4,130,1.4994373753609311,1.7679098490372218,False,6
TEST4,140,1.4995283452143182,1.7716845938598287,False,6
TEST4,150,1.4888383249240775,1.7744295941664174,False,6
TEST4,160,1.4977392242925989,1.7680803339332871,False,6
TEST4,170,1.530695071878396,1.7601853144087314,False,6
TEST4,180,1.5001359845695417,1.7264141415128418,False,6
TEST4,190,1.4484047939052165,1.6971683278145075,False,6
TEST4,200,1.4069165485137967,1.6732508817007408,False,6
TEST4,210,1.4048023580204871,1.621438116641509,False,6
TEST4,220,1.3687344067768006,1.6112400089065317,False,6
TEST4,230,1.3801933567555467,1.5878701550837209,False,6
TEST4,240,1.3485580340050016,1.5587333993495334,True,6
TEST4,250,1.327854014989911,1.557694307795816,False,6
TEST4,260,1.3425622965347896,1.558131905247901,False,6
TEST4,270,1.3451452800419483,1.560230818229533,False,6
TEST4,280,1.3240512860895768,1.5586929244292809,False,6
TEST4,290,1.353138508715366,1.5678329717774337,False,6
TEST4,300,1.4021843107025331,1.591265834040358,False,6
TEST4,310,1.4319775778926638,1.6140265712387698,False,6
TEST4,320,1.4186010240479467,1.6301980279698896,False,6
TEST4,330,1.4369130517809328,1.6645336166244953,False,6
TEST4,340,1.446618059812343,1.6872945380262265,False,6
TEST4,350,1.441236231192882,1.711149510838378,False,6
TEST4,360,1.4515226948586482,1.7230674694862238,False,6
TEST4,370,1.457882767057622,1.7207939982407274,False,6
TEST4,380,1.4809090343651339,1.7166386417668587,False,6
TEST4,390,1.4855306124129544,1.7385749241163484,False,6
TEST4,400,1.5248779020988823,1.751510942112823,False,6
TEST4,410,1.522698693784937,1.7818094202653967,False,6
TEST4,420,1.5338772535696632,1.7918421399239424,False,6
TEST4,430,1.522161328987369,1.7868775550457539,False,6
TEST4,440,1.5513813260400593,1.8228402525851881,False,6
TEST4,450,1.5694689045552552,1.8317016321215764,False,6
TEST4,460,1.5618759489565173,1.834920544025691,False,6
TEST4,470,1.5297464450024831,1.8215817995230281,False,6
TEST4,480,1.5051046904835657,1.8205374215671906,False,6
TEST4,490,1.4897836318748212,1.7891929369849293,False,6
TEST4,500,1.5014276964472912,1.8002688166859433,False,6
TEST5,0,1.4929710346685452,1.741561584283756,False,6
TEST5,10,1.5042927896943468,1.7520271687851494,False,6
TEST5,20,1.5199608844283474,1.76709983705015,False,6
TEST5,30,1.5505134041361324,1.804991403644297,False,6
TEST5,40,1.566453116635855,1.8085754970498207,False,6
TEST5,50,1.5805337778058124,1.813485229146733,False,6
TEST5,60,1.5943847132471998,1.8134364213378151,False,6
TEST5,70,1.610594429171505,1.8054043609623218,False,6
TEST5,80,1.6016659274826222,1.8012083074722436,False,6
TEST5,90,1.5878968068927657,1.8114960397035382,False,6
TEST5,100,1.5688678974098311,1.7908072600829388,False,6
TEST5,110,1.5448776434307523,1.7739908200429284,False,6
TEST5,120,1.5421023396311186,1.775258033345247,False,6
TEST5,130,1.525094346201608,1.7679098490372218,False,6
TEST5,140,1.5285379871706632,1.7716845938598287,False,6
TEST5,150,1.546244544310242,1.7744295941664174,False,6
TEST5,160,1.5408336474902886,1.7680803339332871,False,6
TEST5,170,1.5501409391091945,1.7601853144087314,False,6
TEST5,180,1.5293663642966495,1.7264141415128418,False,6
TEST5,190,1.515357310719049,1.6971683278145075,False,6
TEST5,200,1.5092296951546755,1.6732508817007408,False,6
TEST5,210,1.4719060811008668,1.621438116641509,False,6
TEST5,220,1.4681599373432566,1.6112400089065317,False,6
TEST5,230,1.4474354045830597,1.5878701550837209,False,6
TEST5,240,1.4382515600522894,1.5587333993495334,True,6
TEST5,250,1.4406668780508234,1.557694307795816,False,6
TEST5,260,1.446309840773834,1.558131905247901,False,6
TEST5,270,1.4532153891702198,1.560230818229533,False,6
TEST5,280,1.455728534854955,1.5586929244292809,False,6
TEST5,290,1.464739518836919,1.5678329717774337,False,6
TEST5,300,1.473932346971473,1.591265834040358,False,6
TEST5,310,1.4800183358543353,1.6140265712387698,False,6
TEST5,320,1.510253465557308,1.6301980279698896,False,6
TEST5,330,1.5582929580117715,1.6645336166244953,False,6
TEST5,340,1.5707073211998217,1.6872945380262265,False,6
TEST5,350,1.5695301592591098,1.711149510838378,False,6
TEST5,360,1.5744903919206437,1.7230674694862238,False,6
TEST5,370,1.5762497916329108,1.7207939982407274,False,6
TEST5,380,1.5707636948139534,1.7166386417668587,False,6
TEST5,390,1.5664756147875125,1.7385749241163484,False,6
TEST5,400,1.5671589143477378,1.751510942112823,False,6
TEST5,410,1.5774060771166911,1.7818094202653967,False,6
TEST5,420,1.6055776621186466,1.7918421399239424,False,6
TEST5,430,1.6069938662581156,1.7868775550457539,False,6
TEST5,440,1.6245263963678547,1.8228402525851881,False,6
TEST5,450,1.6341458470950918,1.8317016321215764,False,6
TEST5,460,1.641333902716628,1.834920544025691,False,6
TEST5,470,1.6499015922264766,1.8215817995230281,False,6
TEST5,480,1.6462907319338669,1.8205374215671906,False,6
TEST5,490,1.6093579444732684,1.7891929369849293,False,6
TEST5,500,1.5838409982343213,1.8002688166859433,False,6
TEST1,0,2.277619928093765,1.5970034431221205,False,development
TEST1,10,2.285071806444853,1.6055587481561133,False,development
TEST1,20,2.3497664949518406,1.6286278355059212,False,development
TEST1,30,2.4387420886090188,1.666931841448168,False,development
TEST1,40,2.376710565034093,1.6665532964607894,False,development
TEST1,50,2.3290281932131167,1.676887742264004,False,development
TEST1,60,2.333240196949856,1.6795013754274561,False,development
TEST1,70,2.27962396406648,1.6711983934118644,False,development
TEST1,80,2.259393062794549,1.6637142337057673,False,development
TEST1,90,2.3004790267391364,1.6759382254477198,False,development
TEST1,100,2.3124661239212276,1.6676890917839569,False,development
TEST1,110,2.265512145258114,1.647333746596292,False,development
TEST1,120,2.274738917304227,1.6484012970959867,False,development
TEST1,130,2.2341395674235422,1.6465108283957004,False,development
TEST1,140,2.259218788951648,1.6470836933063666,False,development
TEST1,150,2.187169606057303,1.637308137602737,False,development
TEST1,160,2.1667507091022946,1.6352598993887748,False,development
TEST1,170,2.1049961595334996,1.6291422431158677,False,development
TEST1,180,2.0430941560122435,1.5981411313012803,False,development
TEST1,190,2.0307230626173105,1.5729729393942948,False,development
TEST1,200,2.017324959898192,1.5563425747252795,False,development
TEST1,210,1.9767213039869849,1.523899529074597,False,development
TEST1,220,1.9910205776189036,1.507695709805275,False,development
TEST1,230,1.9958221081284284,1.4986433552430853,False,development
TEST1,240,1.9873073706179314,1.4773693913345565,True,development
TEST1,250,2.047215739386573,1.4817169064764746,False,development
TEST1,260,2.0058376566187324,1.483437918456717,False,development
TEST1,270,1.9815942528954327,1.483238099286506,False,development
TEST1,280,1.9838170375178288,1.481914490512848,False,development
TEST1,290,1.9565243318749796,1.4937894883380156,False,development
TEST1,300,1.9818929585103342,1.5157253125014813,False,development
TEST1,310,2.0446841504484334,1.5368917622936367,False,development
TEST1,320,2.0521355317759298,1.552030310475626,False,development
TEST1,330,2.071456681005609,1.584475819375476,False,development
TEST1,340,2.1749867584263045,1.606488611481595,False,development
TEST1,350,2.2629920295181054,1.6277966440785876,False,development
TEST1,360,2.2533740280853314,1.633108285272358,False,development
TEST1,370,2.2955023843962326,1.635420970007333,False,development
TEST1,380,2.2538947951397605,1.6318511967438252,False,development
TEST1,390,2.3446130742557956,1.6492909078358273,False,development
TEST1,400,2.3452625810178827,1.661585530806841,False,development
TEST1,410,2.4222168980640637,1.686948941692479,False,development
TEST1,420,2.402343778871151,1.6996483106085183,False,development
TEST1,430,2.4047683252525243,1.704134649482178,False,development
TEST1,440,2.504178727316666,1.7293661124049506,False,development
TEST1,450,2.492219314857876,1.734652387472235,False,development
TEST1,460,2.445060068697803,1.7329675323286369,False,development
TEST1,470,2.386685639631812,1.7122971857937472,False,development
TEST1,480,2.4170683517517704,1.708514631019827,False,development
TEST1,490,2.3559829917546,1.6859529998640095,False,development
TEST1,500,2.4175906133000296,1.6846696554986762,False,development
TEST2,0,1.5595262887324186,1.5970034431221205,False,development
TEST2,10,1.5748200848702096,1.6055587481561133,False,development
TEST2,20,1.6090200971683797,1.6286278355059212,False,development
TEST2,30,1.6223306428085131,1.666931841448168,False,development
TEST2,40,1.631590393964398,1.6665532964607894,False,development
TEST2,50,1.6417822410130243,1.676887742264004,False,development
TEST2,60,1.641870383495715,1.6795013754274561,False,development
TEST2,70,1.6527396633840226,1.6711983934118644,False,development
TEST2,80,1.6614340858923702,1.6637142337057673,False,development
TEST2,90,1.6919517246357088,1.6759382254477198,False,development
TEST2,100,1.6389554267714737,1.6676890917839569,False,development
TEST2,110,1.6156390982540605,1.647333746596292,False,development
TEST2,120,1.6010114010635959,1.6484012970959867,False,development
TEST2,130,1.6046722962409272,1.6465108283957004,False,development
TEST2,140,1.611864282192416,1.6470836933063666,False,development
TEST2,150,1.6534691862436266,1.637308137602737,False,development
TEST2,160,1.6555126019751518,1.6352598993887748,False,development
TEST2,170,1.6616811443470612,1.6291422431158677,False,development
TEST2,180,1.6357667419810347,1.5981411313012803,False,development
TEST2,190,1.6100704188555386,1.5729729393942948,False,development
TEST2,200,1.5702091589597587,1.5563425747252795,False,development
TEST2,210,1.514438228698518,1.523899529074597,False,development
TEST2,220,1.502892702120875,1.507695709805275,False,development
TEST2,230,1.4642427824983375,1.4986433552430853,False,development
TEST2,240,1.4258367761569832,1.4773693913345565,True,development
TEST2,250,1.4219671556892532,1.4817169064764746,False,development
TEST2,260,1.436852585832737,1.483437918456717,False,development
TEST2,270,1.4464638322885848,1.483238099286506,False,development
TEST2,280,1.4302756352180015,1.481914490512848,False,development
TEST2,290,1.4660909924739574,1.4937894883380156,False,development
TEST2,300,1.4690929553212857,1.5157253125014813,False,development
TEST2,310,1.475464326236614,1.5368917622936367,False,development
TEST2,320,1.4939312162702993,1.552030310475626,False,development
TEST2,330,1.5252093653689147,1.584475819375476,False,development
TEST2,340,1.5502388316638491,1.606488611481595,False,development
TEST2,350,1.552472391863771,1.6277966440785876,False,development
TEST2,360,1.5672596572459119,1.633108285272358,False,development
TEST2,370,1.5555277179137876,1.635420970007333,False,development
TEST2,380,1.5616214526702386,1.6318511967438252,False,development
TEST2,390,1.5472131805171023,1.6492909078358273,False,development
TEST2,400,1.5582038022894917,1.661585530806841,False,development
TEST2,410,1.614449531500268,1.686948941692479,False,development
TEST2,420,1.622659419849028,1.6996483106085183,False,development
TEST2,430,1.627418376393119,1.704134649482178,False,development
TEST2,440,1.646112994744154,1.7293661124049506,False,development
TEST2,450,1.6438858452269285,1.734652387472235,False,development
TEST2,460,1.6698413515291177,1.7329675323286369,False,development
TEST2,470,1.677368494372359,1.7122971857937472,False,development
TEST2,480,1.66914848088696,1.708514631019827,False,development
TEST2,490,1.667156044813641,1.6859529998640095,False,development
TEST2,500,1.637081073848567,1.6846696554986762,False,development
TEST3,0,1.5489988779912955,1.5970034431221205,False,development
TEST3,10,1.5686612511700346,1.6055587481561133,False,development
TEST3,20,1.5804544290533302,1.6286278355059212,False,development
TEST3,30,1.6085119194046866,1.666931841448168,False,development
TEST3,40,1.6097395382690345,1.6665532964607894,False,development
TEST3,50,1.6284303731431864,1.676887742264004,False,development
TEST3,60,1.6104482881518902,1.6795013754274561,False,development
TEST3,70,1.5983312544348842,1.6711983934118644,False,development
TEST3,80,1.5827111664738085,1.6637142337057673,False,development
TEST3,90,1.6035125772147623,1.6759382254477198,False,development
TEST3,100,1.5995523095443989,1.6676890917839569,False,development
TEST3,110,1.6012403186260822,1.647333746596292,False,development
TEST3,120,1.595374507329422,1.6484012970959867,False,development
TEST3,130,1.616477017679773,1.6465108283957004,False,development
TEST3,140,1.610348957556194,1.6470836933063666,False,development
TEST3,150,1.6242938101409363,1.637308137602737,False,development
TEST3,160,1.6092047672601335,1.6352598993887748,False,development
TEST3,170,1.614904768075044,1.6291422431158677,False,development
TEST3,180,1.6098507100194395,1.5981411313012803,False,development
TEST3,190,1.5844379700866473,1.5729729393942948,False,development
TEST3,200,1.5625836803469242,1.5563425747252795,False,development
TEST3,210,1.5204938081727777,1.523899529074597,False,development
TEST3,220,1.4736822396625033,1.507695709805275,False,development
TEST3,230,1.4445973832556844,1.4986433552430853,False,development
TEST3,240,1.4273304446918698,1.4773693913345565,True,development
TEST3,250,1.4083731550379806,1.4817169064764746,False,development
TEST3,260,1.4229537707437059,1.483437918456717,False,development
TEST3,270,1.4434809236267165,1.483238099286506,False,development
TEST3,280,1.4649296541706585,1.481914490512848,False,development
TEST3,290,1.4601036377853658,1.4937894883380156,False,development
TEST3,300,1.4797769813417583,1.5157253125014813,False,development
TEST3,310,1.4915224084449377,1.5368917622936367,False,development
TEST3,320,1.50946995368645,1.552030310475626,False,development
TEST3,330,1.532950871820864,1.584475819375476,False,development
TEST3,340,1.5211039386796037,1.606488611481595,False,development
TEST3,350,1.5642569625305618,1.6277966440785876,False,development
TEST3,360,1.5854002088789538,1.633108285272358,False,development
TEST3,370,1.576420732540688,1.635420970007333,False,development
TEST3,380,1.5777745903718143,1.6318511967438252,False,development
TEST3,390,1.5992543756225035,1.6492909078358273,False,development
TEST3,400,1.6142174388564692,1.661585530806841,False,development
TEST3,410,1.6262487616001469,1.686948941692479,False,development
TEST3,420,1.6477544718237394,1.6996483106085183,False,development
TEST3,430,1.6350894239169587,1.704134649482178,False,development
TEST3,440,1.62939142222471,1.7293661124049506,False,development
TEST3,450,1.6523402758650745,1.734652387472235,False,development
TEST3,460,1.6484392676775963,1.7329675323286369,False,development
TEST3,470,1.646551480932805,1.7122971857937472,False,development
TEST3,480,1.6317575305892111,1.708514631019827,False,development
TEST3,490,1.6179923832993073,1.6859529998640095,False,development
TEST3,500,1.6035834622188831,1.6846696554986762,False,development
TEST4,0,1.430614737473724,1.5970034431221205,False,development
TEST4,10,1.421769204814567,1.6055587481561133,False,development
TEST4,20,1.4442293043234251,1.6286278355059212,False,development
TEST4,30,1.4446663916857356,1.666931841448168,False,development
TEST4,40,1.4814165598180753,1.6665532964607894,False,development
TEST4,50,1.4986616283159384,1.676887742264004,False,development
TEST4,60,1.502926722605031,1.6795013754274561,False,development
TEST4,70,1.4969993120623226,1.6711983934118644,False,development
TEST4,80,1.4801995319176502,1.6637142337057673,False,development
TEST4,90,1.4521932808953286,1.6759382254477198,False,development
TEST4,100,1.4708294478679766,1.6676890917839569,False,development
TEST4,110,1.4488326901047612,1.647333746596292,False,development
TEST4,120,1.4607693211278558,1.6484012970959867,False,development
TEST4,130,1.4879582657712787,1.6465108283957004,False,development
TEST4,140,1.4896910827293988,1.6470836933063666,False,development
TEST4,150,1.4763042622329685,1.637308137602737,False,development
TEST4,160,1.4777965658974668,1.6352598993887748,False,development
TEST4,170,1.5044991431063286,1.6291422431158677,False,development
TEST4,180,1.4691831284278078,1.5981411313012803,False,development
TEST4,190,1.4213734034520886,1.5729729393942948,False,development
TEST4,200,1.3835696187664381,1.5563425747252795,False,development
TEST4,210,1.3853006907189558,1.523899529074597,False,development
TEST4,220,1.3531181889056623,1.507695709805275,False,development
TEST4,230,1.3647444048219621,1.4986433552430853,False,development
TEST4,240,1.3311839955993945,1.4773693913345565,True,development
TEST4,250,1.3134751476619992,1.4817169064764746,False,development
TEST4,260,1.325627149803734,1.483437918456717,False,development
TEST4,270,1.3269424996957262,1.483238099286506,False,development
TEST4,280,1.3052413775602743,1.481914490512848,False,development
TEST4,290,1.3329957119572855,1.4937894883380156,False,development
TEST4,300,1.3799854700308911,1.5157253125014813,False,development
TEST4,310,1.4110693125091576,1.5368917622936367,False,development
TEST4,320,1.3934730325147222,1.552030310475626,False,development
TEST4,330,1.410218453388911,1.584475819375476,False,development
TEST4,340,1.4233787872429613,1.606488611481595,False,development
TEST4,350,1.4158048693933816,1.6277966440785876,False,development
TEST4,360,1.4265018137997167,1.633108285272358,False,development
TEST4,370,1.4338092305229813,1.635420970007333,False,development
TEST4,380,1.4563196992862217,1.6318511967438252,False,development
TEST4,390,1.4580012009961796,1.6492909078358273,False,development
TEST4,400,1.4957477455285604,1.661585530806841,False,development
TEST4,410,1.4955472509139236,1.686948941692479,False,development
TEST4,420,1.5143988418248377,1.6996483106085183,False,development
TEST4,430,1.5011785805867097,1.704134649482178,False,development
TEST4,440,1.530732918335728,1.7293661124049506,False,development
TEST4,450,1.5457783901068503,1.734652387472235,False,development
TEST4,460,1.5395599269984812,1.7329675323286369,False,development
TEST4,470,1.5079784740776248,1.7122971857937472,False,development
TEST4,480,1.4821773923477555,1.708514631019827,False,development
TEST4,490,1.4680617431842884,1.6859529998640095,False,development
TEST4,500,1.4788314609642939,1.6846696554986762,False,development
TEST5,0,1.4607134952620124,1.5970034431221205,False,development
TEST5,10,1.4732883367086766,1.6055587481561133,False,development
TEST5,20,1.4890711287266514,1.6286278355059212,False,development
TEST5,30,1.513102424731988,1.666931841448168,False,development
TEST5,40,1.5343491583199789,1.6665532964607894,False,development
TEST5,50,1.5487513428635529,1.676887742264004,False,development
TEST5,60,1.5753389768946624,1.6795013754274561,False,development
TEST5,70,1.589017203174566,1.6711983934118644,False,development
TEST5,80,1.5741031571860986,1.6637142337057673,False,development
TEST5,90,1.5642435664957108,1.6759382254477198,False,development
TEST5,100,1.5395318250078942,1.6676890917839569,False,development
TEST5,110,1.5307673311554841,1.647333746596292,False,development
TEST5,120,1.5307592479505612,1.6484012970959867,False,development
TEST5,130,1.5175983568057156,1.6465108283957004,False,development
TEST5,140,1.5157579197141298,1.6470836933063666,False,development
TEST5,150,1.5355636816118865,1.637308137602737,False,development
TEST5,160,1.5233770295203384,1.6352598993887748,False,development
TEST5,170,1.5333333695907674,1.6291422431158677,False,development
TEST5,180,1.5097510346017156,1.5981411313012803,False,development
TEST5,190,1.4952558020471722,1.5729729393942948,False,development
TEST5,200,1.4899177799085608,1.5563425747252795,False,development
TEST5,210,1.4523867953523042,1.523899529074597,False,development
TEST5,220,1.4470680534265368,1.507695709805275,False,development
TEST5,230,1.4235481789799695,1.4986433552430853,False,development
TEST5,240,1.4183184929199544,1.4773693913345565,True,development
TEST5,250,1.4224959171820324,1.4817169064764746,False,development
TEST5,260,1.4282655442638608,1.483437918456717,False,development
TEST5,270,1.4306943459385641,1.483238099286506,False,development
TEST5,280,1.4349298655249747,1.481914490512848,False,development
TEST5,290,1.4475093152203478,1.4937894883380156,False,development
TEST5,300,1.4531209298517487,1.5157253125014813,False,development
TEST5,310,1.4632304437967203,1.5368917622936367,False,development
TEST5,320,1.4885812608984628,1.552030310475626,False,development
TEST5,330,1.5323228767142514,1.584475819375476,False,development
TEST5,340,1.536513887020484,1.606488611481595,False,development
TEST5,350,1.5387263461902556,1.6277966440785876,False,development
TEST5,360,1.5448114041215897,1.633108285272358,False,development
TEST5,370,1.5320820179936971,1.635420970007333,False,development
TEST5,380,1.5403662383182781,1.6318511967438252,False,development
TEST5,390,1.536790304216638,1.6492909078358273,False,development
TEST5,400,1.540874714899717,1.661585530806841,False,development
TEST5,410,1.5512363331359424,1.686948941692479,False,development
TEST5,420,1.5800127687312484,1.6996483106085183,False,development
TEST5,430,1.579446847232643,1.704134649482178,False,development
TEST5,440,1.5987774721806258,1.7293661124049506,False,development
TEST5,450,1.6088688847679522,1.734652387472235,False,development
TEST5,460,1.6148247601560068,1.7329675323286369,False,development
TEST5,470,1.624141408158147,1.7122971857937472,False,development
TEST5,480,1.6184914892794677,1.708514631019827,False,development
TEST5,490,1.5830695725791974,1.6859529998640095,False,development
TEST5,500,1.5564878784922247,1.6846696554986762,False,development
TEST6,0,1.3045473311795077,1.5970034431221205,False,development
TEST6,10,1.30974180492834,1.6055587481561133,False,development
TEST6,20,1.2992255588118993,1.6286278355059212,False,development
TEST6,30,1.3742375814490655,1.666931841448168,False,development
TEST6,40,1.365513563359157,1.6665532964607894,False,development
TEST6,50,1.4146726750352054,1.676887742264004,False,development
TEST6,60,1.4131836844675818,1.6795013754274561,False,development
TEST6,70,1.4104789633489114,1.6711983934118644,False,development
TEST6,80,1.4244443979701271,1.6637142337057673,False,development
TEST6,90,1.4432491767056728,1.6759382254477198,False,development
TEST6,100,1.4447994175907708,1.6676890917839569,False,development
TEST6,110,1.4220108961792501,1.647333746596292,False,development
TEST6,120,1.4277543878002583,1.6484012970959867,False,development
TEST6,130,1.4182194664529661,1.6465108283957004,False,development
TEST6,140,1.3956211286944127,1.6470836933063666,False,development
TEST6,150,1.3470482793297003,1.637308137602737,False,development
TEST6,160,1.3789177225772646,1.6352598993887748,False,development
TEST6,170,1.3554388740425065,1.6291422431158677,False,development
TEST6,180,1.321201016765442,1.5981411313012803,False,development
TEST6,190,1.2959769793070115,1.5729729393942948,False,development
TEST6,200,1.3144502504718034,1.5563425747252795,False,development
TEST6,210,1.294056347518042,1.523899529074597,False,development
TEST6,220,1.2783924970971698,1.507695709805275,False,development
TEST6,230,1.298905273774131,1.4986433552430853,False,development
TEST6,240,1.2742392680212051,1.4773693913345565,True,development
TEST6,250,1.2767743239010088,1.4817169064764746,False,development
TEST6,260,1.281090803477531,1.483437918456717,False,development
TEST6,270,1.2702527412740108,1.483238099286506,False,development
TEST6,280,1.2722933730853505,1.481914490512848,False,development
TEST6,290,1.2995129407161574,1.4937894883380156,False,development
TEST6,300,1.3304825799528706,1.5157253125014813,False,development
TEST6,310,1.335379932325957,1.5368917622936367,False,development
TEST6,320,1.3745908677078915,1.552030310475626,False,development
TEST6,330,1.434696667954305,1.584475819375476,False,development
TEST6,340,1.4327094658563675,1.606488611481595,False,development
TEST6,350,1.4325272649754492,1.6277966440785876,False,development
TEST6,360,1.4213025995026445,1.633108285272358,False,development
TEST6,370,1.419183736676612,1.635420970007333,False,development
TEST6,380,1.4011304046766382,1.6318511967438252,False,development
TEST6,390,1.4098733114067445,1.6492909078358273,False,development
TEST6,400,1.4152069022489255,1.661585530806841,False,development
TEST6,410,1.411994874940529,1.686948941692479,False,development
TEST6,420,1.4307205825511058,1.6996483106085183,False,development
TEST6,430,1.4769063435111147,1.704134649482178,False,development
TEST6,440,1.467003139627819,1.7293661124049506,False,development
TEST6,450,1.4648216140087291,1.734652387472235,False,development
TEST6,460,1.4800798189128166,1.7329675323286369,False,development
TEST6,470,1.4310576175897367,1.7122971857937472,False,development
TEST6,480,1.4324445412637972,1.708514631019827,False,development
TEST6,490,1.423455263553022,1.6859529998640095,False,development
TEST6,500,1.414443444168059,1.6846696554986762,False,development
