artifact_scope,column_name,description,unit,data_type,value_type,missing_value_behavior
frame_features.csv,session_id,Unique acquisition session identifier.,,string,metadata,Never missing for a valid row.
frame_features.csv,trial_id,Operator-assigned single-press trial identifier.,,string,ground truth,Never missing for a valid row.
frame_features.csv,sensing_skin_id,Identifier of the sensing skin under test.,,string,ground truth,Never missing for a valid row.
frame_features.csv,specimen_or_participant_id,Optional specimen or participant identifier.,,string,ground truth,Blank when the operator does not provide this optional label.
frame_features.csv,target_roi_ground_truth,Operator-selected target ROI number (1-9).,ROI number,integer,ground truth,Never missing for a valid row.
frame_features.csv,trial_interaction_class,Optional fixed interaction class for the whole trial; not a frame contact label.,,string,ground truth,Blank when the optional trial label is not provided.
frame_features.csv,trial_force_class,Optional fixed force class for the whole trial; not measured force.,,string,ground truth,Blank when the optional trial label is not provided.
frame_features.csv,press_number,Optional operator press number within an external experimental plan.,count,nullable integer,ground truth,Blank when the optional press number is not provided.
frame_features.csv,notes,Optional operator notes fixed for the complete trial.,,string,metadata,Blank when no notes are provided.
frame_features.csv,trial_label_scope,Explicit scope of manual labels; always 'trial'.,,string,metadata,Never missing for a valid row.
frame_features.csv,contact_threshold_N,Force threshold used to derive frame-level contact state.,N,float64,metadata,Never missing for a valid row.
frame_features.csv,capture_frame_id,Permanent zero-based identity of an accepted recording frame.,count,int64,raw,Never missing for a valid row.
frame_features.csv,host_monotonic_ns,Authoritative host monotonic frame-capture timestamp.,ns,int64,raw,Never missing for a valid row.
frame_features.csv,elapsed_time_s,Frame timestamp relative to the recording monotonic start.,s,float64,calculated,Never missing for a valid row.
frame_features.csv,wall_clock_iso,ISO 8601 wall-clock timestamp for human traceability.,,string,metadata,Never missing for a valid row.
frame_features.csv,requested_width,Requested camera capture width for this session.,px,int32,metadata,Never missing for a valid row.
frame_features.csv,requested_height,Requested camera capture height for this session.,px,int32,metadata,Never missing for a valid row.
frame_features.csv,requested_fps,Requested camera capture rate.,frames/s,float64,metadata,Never missing for a valid row.
frame_features.csv,actual_fps,Measured or camera-reported actual capture rate.,frames/s,float64,raw,NaN when the backend cannot report or measure a rate.
frame_features.csv,width,Actual unannotated frame width.,px,int32,raw,Never missing for a valid row.
frame_features.csv,height,Actual unannotated frame height.,px,int32,raw,Never missing for a valid row.
frame_features.csv,camera_backend,Capture backend fixed for the complete session.,,string,metadata,Never missing for a valid row.
frame_features.csv,camera_device_index,"OpenCV camera device index, or simulation source index.",index,int32,metadata,Never missing for a valid row.
frame_features.csv,applied_exposure,Exposure value read back immediately after application.,driver units,float64,metadata,NaN when unsupported or readback is unavailable.
frame_features.csv,applied_gain,Gain value read back immediately after application.,driver units,float64,metadata,NaN when unsupported or readback is unavailable.
frame_features.csv,applied_white_balance,White-balance value read back immediately after application.,driver units,float64,metadata,NaN when unsupported or readback is unavailable.
frame_features.csv,sequence_id,Unique repeated-press sequence identifier.,,string,metadata,Blank outside an automated printer sequence.
frame_features.csv,sequence_generation,Monotonic controller generation used to reject stale callbacks.,count,int64,metadata,Never missing for a valid row.
frame_features.csv,sequence_status,Overall repeated-press sequence status at acquisition time.,,string,metadata,Never missing for a valid row.
frame_features.csv,motion_phase,Explicit repeated-press state-machine phase at acquisition time.,,string,metadata,Never missing for a valid row.
frame_features.csv,motion_phase_host_monotonic_ns,Host monotonic timestamp when the current motion phase began.,ns,int64,raw,Never missing for a valid row.
frame_features.csv,motion_cycle_id,Unique identifier of the active cycle.,,string,metadata,Blank outside an active cycle.
frame_features.csv,motion_cycle_index,One-based active cycle number; zero outside a cycle.,count,int64,metadata,Never missing for a valid row.
frame_features.csv,motion_total_cycles,Configured number of cycles for the sequence.,count,int64,metadata,Never missing for a valid row.
frame_features.csv,command_id,Unique printer command associated with the current phase.,,string,metadata,Blank when no command is active.
frame_features.csv,press_zero_x_mm,Mechanical Press Zero machine X coordinate stored in memory; never implemented with G92.,mm,float64,metadata,NaN when press zero is invalid or unavailable.
frame_features.csv,press_zero_y_mm,Mechanical Press Zero machine Y coordinate stored in memory; never implemented with G92.,mm,float64,metadata,NaN when press zero is invalid or unavailable.
frame_features.csv,press_zero_z_mm,Mechanical Press Zero machine Z coordinate stored in memory; never implemented with G92.,mm,float64,metadata,NaN when press zero is invalid or unavailable.
frame_features.csv,target_displacement_mm,Configured signed displacement relative to press zero; negative is downward on the validated machine.,mm,float64,metadata,NaN outside a configured sequence.
frame_features.csv,target_machine_z_mm,Computed machine Z target equal to press_zero_z_mm plus displacement.,mm,float64,calculated,NaN when press zero is invalid.
frame_features.csv,commanded_x_mm,Most recent commanded absolute X coordinate.,mm,float64,metadata,NaN when X was not commanded.
frame_features.csv,commanded_y_mm,Most recent commanded absolute Y coordinate.,mm,float64,metadata,NaN when Y was not commanded.
frame_features.csv,commanded_z_mm,Most recent commanded absolute Z coordinate.,mm,float64,metadata,NaN when Z was not commanded.
frame_features.csv,requested_feed_rate_mm_min,Feed rate requested for the current motion command.,mm/min,float64,metadata,NaN when no motion is active.
frame_features.csv,printer_reported_x_mm,Latest X coordinate parsed from a printer M114 response.,mm,float64,raw,NaN until an actual printer position report is received.
frame_features.csv,printer_reported_y_mm,Latest Y coordinate parsed from a printer M114 response.,mm,float64,raw,NaN until an actual printer position report is received.
frame_features.csv,printer_reported_z_mm,Latest Z coordinate parsed from a printer M114 response.,mm,float64,raw,NaN until an actual printer position report is received.
frame_features.csv,printer_position_valid,Whether the reported printer coordinates are current and trusted.,boolean,boolean,calculated,Never missing for a valid row.
frame_features.csv,press_zero_valid,Whether the in-memory software press zero remains valid.,boolean,boolean,calculated,Never missing for a valid row.
frame_features.csv,force_limit_N,Configured calibrated-force safety threshold.,N,float64,metadata,NaN when no repeated sequence is configured.
frame_features.csv,force_limit_exceeded,Whether a calibrated sample exceeded the configured force threshold.,boolean,boolean,calculated,Never missing for a valid row.
frame_features.csv,sequence_paused,Whether the sequence was paused at this acquisition time.,boolean,boolean,metadata,Never missing for a valid row.
frame_features.csv,sequence_aborted,Whether the sequence had entered an aborted terminal path.,boolean,boolean,metadata,Never missing for a valid row.
frame_features.csv,roi1_x,ROI 1: Full-frame upper-left x coordinate.,px,int32,metadata,Never missing when the ROI layout is valid.
frame_features.csv,roi1_y,ROI 1: Full-frame upper-left y coordinate.,px,int32,metadata,Never missing when the ROI layout is valid.
frame_features.csv,roi1_width,ROI 1: Rectangle width.,px,int32,metadata,Never missing when the ROI layout is valid.
frame_features.csv,roi1_height,ROI 1: Rectangle height.,px,int32,metadata,Never missing when the ROI layout is valid.
frame_features.csv,roi1_area,ROI 1: Rectangle pixel area.,px^2,int32,calculated,Never missing when the ROI layout is valid.
frame_features.csv,roi1_center_x,ROI 1: Rectangle center x coordinate in the full frame.,px,float64,calculated,Never missing when the ROI layout is valid.
frame_features.csv,roi1_center_y,ROI 1: Rectangle center y coordinate in the full frame.,px,float64,calculated,Never missing when the ROI layout is valid.
frame_features.csv,roi1_mean_h,ROI 1: Circular mean OpenCV hue over pixels meeting the saturation threshold.,OpenCV H (0-179),float64,calculated,NaN when no pixel meets the hue saturation threshold or feature extraction fails.
frame_features.csv,roi1_mean_s,ROI 1: Mean OpenCV saturation.,OpenCV S (0-255),float64,calculated,NaN when feature extraction fails.
frame_features.csv,roi1_mean_v,ROI 1: Mean raw OpenCV value channel.,OpenCV V (0-255),float64,calculated,NaN when feature extraction fails.
frame_features.csv,roi1_median_v,ROI 1: Median raw OpenCV value channel.,OpenCV V (0-255),float64,calculated,NaN when feature extraction fails.
frame_features.csv,roi1_max_v,ROI 1: Maximum raw OpenCV value channel.,OpenCV V (0-255),float64,calculated,NaN when feature extraction fails.
frame_features.csv,roi1_p95_v,ROI 1: 95th percentile raw OpenCV value channel.,OpenCV V (0-255),float64,calculated,NaN when feature extraction fails.
frame_features.csv,roi1_v_std,ROI 1: Population standard deviation of raw OpenCV value.,OpenCV V (0-255),float64,calculated,NaN when feature extraction fails.
frame_features.csv,roi1_baseline_mean_v,ROI 1: Saved unloaded baseline mean V for this ROI.,OpenCV V (0-255),float64,metadata,NaN when the baseline is invalid or unavailable.
frame_features.csv,roi1_signed_delta_v_sum,ROI 1: Integrated signed per-pixel current V minus baseline median V.,delta V*px,float64,calculated,NaN when baseline or feature extraction is invalid.
frame_features.csv,roi1_signed_delta_v_mean,ROI 1: Mean signed per-pixel current V minus baseline median V.,delta V,float64,calculated,NaN when baseline or feature extraction is invalid.
frame_features.csv,roi1_signed_delta_v_median,ROI 1: Median signed per-pixel current V minus baseline median V.,delta V,float64,calculated,NaN when baseline or feature extraction is invalid.
frame_features.csv,roi1_signed_delta_v_mad,ROI 1: Median absolute deviation of signed per-pixel current V minus baseline median V.,delta V,float64,calculated,NaN when baseline or feature extraction is invalid.
frame_features.csv,roi1_delta_v_mean,ROI 1: Mean positive per-pixel baseline-corrected V.,delta V (0-255),float64,calculated,NaN when baseline or feature extraction is invalid.
frame_features.csv,roi1_delta_v_max,ROI 1: Maximum positive per-pixel baseline-corrected V.,delta V (0-255),float64,calculated,NaN when baseline or feature extraction is invalid.
frame_features.csv,roi1_delta_v_p95,ROI 1: 95th percentile positive per-pixel baseline-corrected V.,delta V (0-255),float64,calculated,NaN when baseline or feature extraction is invalid.
frame_features.csv,roi1_delta_v_sum,ROI 1: Integrated positive per-pixel baseline-corrected V.,delta V*px,float64,calculated,NaN when baseline or feature extraction is invalid.
frame_features.csv,roi1_delta_v_sum_per_pixel,ROI 1: Integrated positive delta V divided by ROI area.,delta V,float64,calculated,NaN when baseline or feature extraction is invalid.
frame_features.csv,roi1_delta_v_std,ROI 1: Population standard deviation of positive delta V.,delta V (0-255),float64,calculated,NaN when baseline or feature extraction is invalid.
frame_features.csv,roi1_active_pixel_count,ROI 1: Pixels whose positive delta V meets the configured threshold.,count,int32,calculated,NaN when baseline or feature extraction is invalid.
frame_features.csv,roi1_active_fraction,ROI 1: Active-pixel count divided by ROI area.,fraction,float64,calculated,NaN when baseline or feature extraction is invalid.
frame_features.csv,roi1_roi_local_centroid_x,ROI 1: Delta-V weighted x centroid in ROI-local coordinates.,px,float64,calculated,NaN when integrated positive delta V is zero or features are invalid.
frame_features.csv,roi1_roi_local_centroid_y,ROI 1: Delta-V weighted y centroid in ROI-local coordinates.,px,float64,calculated,NaN when integrated positive delta V is zero or features are invalid.
frame_features.csv,roi1_full_frame_centroid_x,ROI 1: Delta-V weighted x centroid in full-frame coordinates.,px,float64,calculated,NaN when the ROI-local centroid is unavailable.
frame_features.csv,roi1_full_frame_centroid_y,ROI 1: Delta-V weighted y centroid in full-frame coordinates.,px,float64,calculated,NaN when the ROI-local centroid is unavailable.
frame_features.csv,roi1_normalized_intensity,ROI 1: ROI mean positive delta V divided by total across all nine ROIs.,fraction,float64,calculated,NaN when total mean delta V is zero or features are invalid.
frame_features.csv,roi2_x,ROI 2: Full-frame upper-left x coordinate.,px,int32,metadata,Never missing when the ROI layout is valid.
frame_features.csv,roi2_y,ROI 2: Full-frame upper-left y coordinate.,px,int32,metadata,Never missing when the ROI layout is valid.
frame_features.csv,roi2_width,ROI 2: Rectangle width.,px,int32,metadata,Never missing when the ROI layout is valid.
frame_features.csv,roi2_height,ROI 2: Rectangle height.,px,int32,metadata,Never missing when the ROI layout is valid.
frame_features.csv,roi2_area,ROI 2: Rectangle pixel area.,px^2,int32,calculated,Never missing when the ROI layout is valid.
frame_features.csv,roi2_center_x,ROI 2: Rectangle center x coordinate in the full frame.,px,float64,calculated,Never missing when the ROI layout is valid.
frame_features.csv,roi2_center_y,ROI 2: Rectangle center y coordinate in the full frame.,px,float64,calculated,Never missing when the ROI layout is valid.
frame_features.csv,roi2_mean_h,ROI 2: Circular mean OpenCV hue over pixels meeting the saturation threshold.,OpenCV H (0-179),float64,calculated,NaN when no pixel meets the hue saturation threshold or feature extraction fails.
frame_features.csv,roi2_mean_s,ROI 2: Mean OpenCV saturation.,OpenCV S (0-255),float64,calculated,NaN when feature extraction fails.
frame_features.csv,roi2_mean_v,ROI 2: Mean raw OpenCV value channel.,OpenCV V (0-255),float64,calculated,NaN when feature extraction fails.
frame_features.csv,roi2_median_v,ROI 2: Median raw OpenCV value channel.,OpenCV V (0-255),float64,calculated,NaN when feature extraction fails.
frame_features.csv,roi2_max_v,ROI 2: Maximum raw OpenCV value channel.,OpenCV V (0-255),float64,calculated,NaN when feature extraction fails.
frame_features.csv,roi2_p95_v,ROI 2: 95th percentile raw OpenCV value channel.,OpenCV V (0-255),float64,calculated,NaN when feature extraction fails.
frame_features.csv,roi2_v_std,ROI 2: Population standard deviation of raw OpenCV value.,OpenCV V (0-255),float64,calculated,NaN when feature extraction fails.
frame_features.csv,roi2_baseline_mean_v,ROI 2: Saved unloaded baseline mean V for this ROI.,OpenCV V (0-255),float64,metadata,NaN when the baseline is invalid or unavailable.
frame_features.csv,roi2_signed_delta_v_sum,ROI 2: Integrated signed per-pixel current V minus baseline median V.,delta V*px,float64,calculated,NaN when baseline or feature extraction is invalid.
frame_features.csv,roi2_signed_delta_v_mean,ROI 2: Mean signed per-pixel current V minus baseline median V.,delta V,float64,calculated,NaN when baseline or feature extraction is invalid.
frame_features.csv,roi2_signed_delta_v_median,ROI 2: Median signed per-pixel current V minus baseline median V.,delta V,float64,calculated,NaN when baseline or feature extraction is invalid.
frame_features.csv,roi2_signed_delta_v_mad,ROI 2: Median absolute deviation of signed per-pixel current V minus baseline median V.,delta V,float64,calculated,NaN when baseline or feature extraction is invalid.
frame_features.csv,roi2_delta_v_mean,ROI 2: Mean positive per-pixel baseline-corrected V.,delta V (0-255),float64,calculated,NaN when baseline or feature extraction is invalid.
frame_features.csv,roi2_delta_v_max,ROI 2: Maximum positive per-pixel baseline-corrected V.,delta V (0-255),float64,calculated,NaN when baseline or feature extraction is invalid.
frame_features.csv,roi2_delta_v_p95,ROI 2: 95th percentile positive per-pixel baseline-corrected V.,delta V (0-255),float64,calculated,NaN when baseline or feature extraction is invalid.
frame_features.csv,roi2_delta_v_sum,ROI 2: Integrated positive per-pixel baseline-corrected V.,delta V*px,float64,calculated,NaN when baseline or feature extraction is invalid.
frame_features.csv,roi2_delta_v_sum_per_pixel,ROI 2: Integrated positive delta V divided by ROI area.,delta V,float64,calculated,NaN when baseline or feature extraction is invalid.
frame_features.csv,roi2_delta_v_std,ROI 2: Population standard deviation of positive delta V.,delta V (0-255),float64,calculated,NaN when baseline or feature extraction is invalid.
frame_features.csv,roi2_active_pixel_count,ROI 2: Pixels whose positive delta V meets the configured threshold.,count,int32,calculated,NaN when baseline or feature extraction is invalid.
frame_features.csv,roi2_active_fraction,ROI 2: Active-pixel count divided by ROI area.,fraction,float64,calculated,NaN when baseline or feature extraction is invalid.
frame_features.csv,roi2_roi_local_centroid_x,ROI 2: Delta-V weighted x centroid in ROI-local coordinates.,px,float64,calculated,NaN when integrated positive delta V is zero or features are invalid.
frame_features.csv,roi2_roi_local_centroid_y,ROI 2: Delta-V weighted y centroid in ROI-local coordinates.,px,float64,calculated,NaN when integrated positive delta V is zero or features are invalid.
frame_features.csv,roi2_full_frame_centroid_x,ROI 2: Delta-V weighted x centroid in full-frame coordinates.,px,float64,calculated,NaN when the ROI-local centroid is unavailable.
frame_features.csv,roi2_full_frame_centroid_y,ROI 2: Delta-V weighted y centroid in full-frame coordinates.,px,float64,calculated,NaN when the ROI-local centroid is unavailable.
frame_features.csv,roi2_normalized_intensity,ROI 2: ROI mean positive delta V divided by total across all nine ROIs.,fraction,float64,calculated,NaN when total mean delta V is zero or features are invalid.
frame_features.csv,roi3_x,ROI 3: Full-frame upper-left x coordinate.,px,int32,metadata,Never missing when the ROI layout is valid.
frame_features.csv,roi3_y,ROI 3: Full-frame upper-left y coordinate.,px,int32,metadata,Never missing when the ROI layout is valid.
frame_features.csv,roi3_width,ROI 3: Rectangle width.,px,int32,metadata,Never missing when the ROI layout is valid.
frame_features.csv,roi3_height,ROI 3: Rectangle height.,px,int32,metadata,Never missing when the ROI layout is valid.
frame_features.csv,roi3_area,ROI 3: Rectangle pixel area.,px^2,int32,calculated,Never missing when the ROI layout is valid.
frame_features.csv,roi3_center_x,ROI 3: Rectangle center x coordinate in the full frame.,px,float64,calculated,Never missing when the ROI layout is valid.
frame_features.csv,roi3_center_y,ROI 3: Rectangle center y coordinate in the full frame.,px,float64,calculated,Never missing when the ROI layout is valid.
frame_features.csv,roi3_mean_h,ROI 3: Circular mean OpenCV hue over pixels meeting the saturation threshold.,OpenCV H (0-179),float64,calculated,NaN when no pixel meets the hue saturation threshold or feature extraction fails.
frame_features.csv,roi3_mean_s,ROI 3: Mean OpenCV saturation.,OpenCV S (0-255),float64,calculated,NaN when feature extraction fails.
frame_features.csv,roi3_mean_v,ROI 3: Mean raw OpenCV value channel.,OpenCV V (0-255),float64,calculated,NaN when feature extraction fails.
frame_features.csv,roi3_median_v,ROI 3: Median raw OpenCV value channel.,OpenCV V (0-255),float64,calculated,NaN when feature extraction fails.
frame_features.csv,roi3_max_v,ROI 3: Maximum raw OpenCV value channel.,OpenCV V (0-255),float64,calculated,NaN when feature extraction fails.
frame_features.csv,roi3_p95_v,ROI 3: 95th percentile raw OpenCV value channel.,OpenCV V (0-255),float64,calculated,NaN when feature extraction fails.
frame_features.csv,roi3_v_std,ROI 3: Population standard deviation of raw OpenCV value.,OpenCV V (0-255),float64,calculated,NaN when feature extraction fails.
frame_features.csv,roi3_baseline_mean_v,ROI 3: Saved unloaded baseline mean V for this ROI.,OpenCV V (0-255),float64,metadata,NaN when the baseline is invalid or unavailable.
frame_features.csv,roi3_signed_delta_v_sum,ROI 3: Integrated signed per-pixel current V minus baseline median V.,delta V*px,float64,calculated,NaN when baseline or feature extraction is invalid.
frame_features.csv,roi3_signed_delta_v_mean,ROI 3: Mean signed per-pixel current V minus baseline median V.,delta V,float64,calculated,NaN when baseline or feature extraction is invalid.
frame_features.csv,roi3_signed_delta_v_median,ROI 3: Median signed per-pixel current V minus baseline median V.,delta V,float64,calculated,NaN when baseline or feature extraction is invalid.
frame_features.csv,roi3_signed_delta_v_mad,ROI 3: Median absolute deviation of signed per-pixel current V minus baseline median V.,delta V,float64,calculated,NaN when baseline or feature extraction is invalid.
frame_features.csv,roi3_delta_v_mean,ROI 3: Mean positive per-pixel baseline-corrected V.,delta V (0-255),float64,calculated,NaN when baseline or feature extraction is invalid.
frame_features.csv,roi3_delta_v_max,ROI 3: Maximum positive per-pixel baseline-corrected V.,delta V (0-255),float64,calculated,NaN when baseline or feature extraction is invalid.
frame_features.csv,roi3_delta_v_p95,ROI 3: 95th percentile positive per-pixel baseline-corrected V.,delta V (0-255),float64,calculated,NaN when baseline or feature extraction is invalid.
frame_features.csv,roi3_delta_v_sum,ROI 3: Integrated positive per-pixel baseline-corrected V.,delta V*px,float64,calculated,NaN when baseline or feature extraction is invalid.
frame_features.csv,roi3_delta_v_sum_per_pixel,ROI 3: Integrated positive delta V divided by ROI area.,delta V,float64,calculated,NaN when baseline or feature extraction is invalid.
frame_features.csv,roi3_delta_v_std,ROI 3: Population standard deviation of positive delta V.,delta V (0-255),float64,calculated,NaN when baseline or feature extraction is invalid.
frame_features.csv,roi3_active_pixel_count,ROI 3: Pixels whose positive delta V meets the configured threshold.,count,int32,calculated,NaN when baseline or feature extraction is invalid.
frame_features.csv,roi3_active_fraction,ROI 3: Active-pixel count divided by ROI area.,fraction,float64,calculated,NaN when baseline or feature extraction is invalid.
frame_features.csv,roi3_roi_local_centroid_x,ROI 3: Delta-V weighted x centroid in ROI-local coordinates.,px,float64,calculated,NaN when integrated positive delta V is zero or features are invalid.
frame_features.csv,roi3_roi_local_centroid_y,ROI 3: Delta-V weighted y centroid in ROI-local coordinates.,px,float64,calculated,NaN when integrated positive delta V is zero or features are invalid.
frame_features.csv,roi3_full_frame_centroid_x,ROI 3: Delta-V weighted x centroid in full-frame coordinates.,px,float64,calculated,NaN when the ROI-local centroid is unavailable.
frame_features.csv,roi3_full_frame_centroid_y,ROI 3: Delta-V weighted y centroid in full-frame coordinates.,px,float64,calculated,NaN when the ROI-local centroid is unavailable.
frame_features.csv,roi3_normalized_intensity,ROI 3: ROI mean positive delta V divided by total across all nine ROIs.,fraction,float64,calculated,NaN when total mean delta V is zero or features are invalid.
frame_features.csv,roi4_x,ROI 4: Full-frame upper-left x coordinate.,px,int32,metadata,Never missing when the ROI layout is valid.
frame_features.csv,roi4_y,ROI 4: Full-frame upper-left y coordinate.,px,int32,metadata,Never missing when the ROI layout is valid.
frame_features.csv,roi4_width,ROI 4: Rectangle width.,px,int32,metadata,Never missing when the ROI layout is valid.
frame_features.csv,roi4_height,ROI 4: Rectangle height.,px,int32,metadata,Never missing when the ROI layout is valid.
frame_features.csv,roi4_area,ROI 4: Rectangle pixel area.,px^2,int32,calculated,Never missing when the ROI layout is valid.
frame_features.csv,roi4_center_x,ROI 4: Rectangle center x coordinate in the full frame.,px,float64,calculated,Never missing when the ROI layout is valid.
frame_features.csv,roi4_center_y,ROI 4: Rectangle center y coordinate in the full frame.,px,float64,calculated,Never missing when the ROI layout is valid.
frame_features.csv,roi4_mean_h,ROI 4: Circular mean OpenCV hue over pixels meeting the saturation threshold.,OpenCV H (0-179),float64,calculated,NaN when no pixel meets the hue saturation threshold or feature extraction fails.
frame_features.csv,roi4_mean_s,ROI 4: Mean OpenCV saturation.,OpenCV S (0-255),float64,calculated,NaN when feature extraction fails.
frame_features.csv,roi4_mean_v,ROI 4: Mean raw OpenCV value channel.,OpenCV V (0-255),float64,calculated,NaN when feature extraction fails.
frame_features.csv,roi4_median_v,ROI 4: Median raw OpenCV value channel.,OpenCV V (0-255),float64,calculated,NaN when feature extraction fails.
frame_features.csv,roi4_max_v,ROI 4: Maximum raw OpenCV value channel.,OpenCV V (0-255),float64,calculated,NaN when feature extraction fails.
frame_features.csv,roi4_p95_v,ROI 4: 95th percentile raw OpenCV value channel.,OpenCV V (0-255),float64,calculated,NaN when feature extraction fails.
frame_features.csv,roi4_v_std,ROI 4: Population standard deviation of raw OpenCV value.,OpenCV V (0-255),float64,calculated,NaN when feature extraction fails.
frame_features.csv,roi4_baseline_mean_v,ROI 4: Saved unloaded baseline mean V for this ROI.,OpenCV V (0-255),float64,metadata,NaN when the baseline is invalid or unavailable.
frame_features.csv,roi4_signed_delta_v_sum,ROI 4: Integrated signed per-pixel current V minus baseline median V.,delta V*px,float64,calculated,NaN when baseline or feature extraction is invalid.
frame_features.csv,roi4_signed_delta_v_mean,ROI 4: Mean signed per-pixel current V minus baseline median V.,delta V,float64,calculated,NaN when baseline or feature extraction is invalid.
frame_features.csv,roi4_signed_delta_v_median,ROI 4: Median signed per-pixel current V minus baseline median V.,delta V,float64,calculated,NaN when baseline or feature extraction is invalid.
frame_features.csv,roi4_signed_delta_v_mad,ROI 4: Median absolute deviation of signed per-pixel current V minus baseline median V.,delta V,float64,calculated,NaN when baseline or feature extraction is invalid.
frame_features.csv,roi4_delta_v_mean,ROI 4: Mean positive per-pixel baseline-corrected V.,delta V (0-255),float64,calculated,NaN when baseline or feature extraction is invalid.
frame_features.csv,roi4_delta_v_max,ROI 4: Maximum positive per-pixel baseline-corrected V.,delta V (0-255),float64,calculated,NaN when baseline or feature extraction is invalid.
frame_features.csv,roi4_delta_v_p95,ROI 4: 95th percentile positive per-pixel baseline-corrected V.,delta V (0-255),float64,calculated,NaN when baseline or feature extraction is invalid.
frame_features.csv,roi4_delta_v_sum,ROI 4: Integrated positive per-pixel baseline-corrected V.,delta V*px,float64,calculated,NaN when baseline or feature extraction is invalid.
frame_features.csv,roi4_delta_v_sum_per_pixel,ROI 4: Integrated positive delta V divided by ROI area.,delta V,float64,calculated,NaN when baseline or feature extraction is invalid.
frame_features.csv,roi4_delta_v_std,ROI 4: Population standard deviation of positive delta V.,delta V (0-255),float64,calculated,NaN when baseline or feature extraction is invalid.
frame_features.csv,roi4_active_pixel_count,ROI 4: Pixels whose positive delta V meets the configured threshold.,count,int32,calculated,NaN when baseline or feature extraction is invalid.
frame_features.csv,roi4_active_fraction,ROI 4: Active-pixel count divided by ROI area.,fraction,float64,calculated,NaN when baseline or feature extraction is invalid.
frame_features.csv,roi4_roi_local_centroid_x,ROI 4: Delta-V weighted x centroid in ROI-local coordinates.,px,float64,calculated,NaN when integrated positive delta V is zero or features are invalid.
frame_features.csv,roi4_roi_local_centroid_y,ROI 4: Delta-V weighted y centroid in ROI-local coordinates.,px,float64,calculated,NaN when integrated positive delta V is zero or features are invalid.
frame_features.csv,roi4_full_frame_centroid_x,ROI 4: Delta-V weighted x centroid in full-frame coordinates.,px,float64,calculated,NaN when the ROI-local centroid is unavailable.
frame_features.csv,roi4_full_frame_centroid_y,ROI 4: Delta-V weighted y centroid in full-frame coordinates.,px,float64,calculated,NaN when the ROI-local centroid is unavailable.
frame_features.csv,roi4_normalized_intensity,ROI 4: ROI mean positive delta V divided by total across all nine ROIs.,fraction,float64,calculated,NaN when total mean delta V is zero or features are invalid.
frame_features.csv,roi5_x,ROI 5: Full-frame upper-left x coordinate.,px,int32,metadata,Never missing when the ROI layout is valid.
frame_features.csv,roi5_y,ROI 5: Full-frame upper-left y coordinate.,px,int32,metadata,Never missing when the ROI layout is valid.
frame_features.csv,roi5_width,ROI 5: Rectangle width.,px,int32,metadata,Never missing when the ROI layout is valid.
frame_features.csv,roi5_height,ROI 5: Rectangle height.,px,int32,metadata,Never missing when the ROI layout is valid.
frame_features.csv,roi5_area,ROI 5: Rectangle pixel area.,px^2,int32,calculated,Never missing when the ROI layout is valid.
frame_features.csv,roi5_center_x,ROI 5: Rectangle center x coordinate in the full frame.,px,float64,calculated,Never missing when the ROI layout is valid.
frame_features.csv,roi5_center_y,ROI 5: Rectangle center y coordinate in the full frame.,px,float64,calculated,Never missing when the ROI layout is valid.
frame_features.csv,roi5_mean_h,ROI 5: Circular mean OpenCV hue over pixels meeting the saturation threshold.,OpenCV H (0-179),float64,calculated,NaN when no pixel meets the hue saturation threshold or feature extraction fails.
frame_features.csv,roi5_mean_s,ROI 5: Mean OpenCV saturation.,OpenCV S (0-255),float64,calculated,NaN when feature extraction fails.
frame_features.csv,roi5_mean_v,ROI 5: Mean raw OpenCV value channel.,OpenCV V (0-255),float64,calculated,NaN when feature extraction fails.
frame_features.csv,roi5_median_v,ROI 5: Median raw OpenCV value channel.,OpenCV V (0-255),float64,calculated,NaN when feature extraction fails.
frame_features.csv,roi5_max_v,ROI 5: Maximum raw OpenCV value channel.,OpenCV V (0-255),float64,calculated,NaN when feature extraction fails.
frame_features.csv,roi5_p95_v,ROI 5: 95th percentile raw OpenCV value channel.,OpenCV V (0-255),float64,calculated,NaN when feature extraction fails.
frame_features.csv,roi5_v_std,ROI 5: Population standard deviation of raw OpenCV value.,OpenCV V (0-255),float64,calculated,NaN when feature extraction fails.
frame_features.csv,roi5_baseline_mean_v,ROI 5: Saved unloaded baseline mean V for this ROI.,OpenCV V (0-255),float64,metadata,NaN when the baseline is invalid or unavailable.
frame_features.csv,roi5_signed_delta_v_sum,ROI 5: Integrated signed per-pixel current V minus baseline median V.,delta V*px,float64,calculated,NaN when baseline or feature extraction is invalid.
frame_features.csv,roi5_signed_delta_v_mean,ROI 5: Mean signed per-pixel current V minus baseline median V.,delta V,float64,calculated,NaN when baseline or feature extraction is invalid.
frame_features.csv,roi5_signed_delta_v_median,ROI 5: Median signed per-pixel current V minus baseline median V.,delta V,float64,calculated,NaN when baseline or feature extraction is invalid.
frame_features.csv,roi5_signed_delta_v_mad,ROI 5: Median absolute deviation of signed per-pixel current V minus baseline median V.,delta V,float64,calculated,NaN when baseline or feature extraction is invalid.
frame_features.csv,roi5_delta_v_mean,ROI 5: Mean positive per-pixel baseline-corrected V.,delta V (0-255),float64,calculated,NaN when baseline or feature extraction is invalid.
frame_features.csv,roi5_delta_v_max,ROI 5: Maximum positive per-pixel baseline-corrected V.,delta V (0-255),float64,calculated,NaN when baseline or feature extraction is invalid.
frame_features.csv,roi5_delta_v_p95,ROI 5: 95th percentile positive per-pixel baseline-corrected V.,delta V (0-255),float64,calculated,NaN when baseline or feature extraction is invalid.
frame_features.csv,roi5_delta_v_sum,ROI 5: Integrated positive per-pixel baseline-corrected V.,delta V*px,float64,calculated,NaN when baseline or feature extraction is invalid.
frame_features.csv,roi5_delta_v_sum_per_pixel,ROI 5: Integrated positive delta V divided by ROI area.,delta V,float64,calculated,NaN when baseline or feature extraction is invalid.
frame_features.csv,roi5_delta_v_std,ROI 5: Population standard deviation of positive delta V.,delta V (0-255),float64,calculated,NaN when baseline or feature extraction is invalid.
frame_features.csv,roi5_active_pixel_count,ROI 5: Pixels whose positive delta V meets the configured threshold.,count,int32,calculated,NaN when baseline or feature extraction is invalid.
frame_features.csv,roi5_active_fraction,ROI 5: Active-pixel count divided by ROI area.,fraction,float64,calculated,NaN when baseline or feature extraction is invalid.
frame_features.csv,roi5_roi_local_centroid_x,ROI 5: Delta-V weighted x centroid in ROI-local coordinates.,px,float64,calculated,NaN when integrated positive delta V is zero or features are invalid.
frame_features.csv,roi5_roi_local_centroid_y,ROI 5: Delta-V weighted y centroid in ROI-local coordinates.,px,float64,calculated,NaN when integrated positive delta V is zero or features are invalid.
frame_features.csv,roi5_full_frame_centroid_x,ROI 5: Delta-V weighted x centroid in full-frame coordinates.,px,float64,calculated,NaN when the ROI-local centroid is unavailable.
frame_features.csv,roi5_full_frame_centroid_y,ROI 5: Delta-V weighted y centroid in full-frame coordinates.,px,float64,calculated,NaN when the ROI-local centroid is unavailable.
frame_features.csv,roi5_normalized_intensity,ROI 5: ROI mean positive delta V divided by total across all nine ROIs.,fraction,float64,calculated,NaN when total mean delta V is zero or features are invalid.
frame_features.csv,roi6_x,ROI 6: Full-frame upper-left x coordinate.,px,int32,metadata,Never missing when the ROI layout is valid.
frame_features.csv,roi6_y,ROI 6: Full-frame upper-left y coordinate.,px,int32,metadata,Never missing when the ROI layout is valid.
frame_features.csv,roi6_width,ROI 6: Rectangle width.,px,int32,metadata,Never missing when the ROI layout is valid.
frame_features.csv,roi6_height,ROI 6: Rectangle height.,px,int32,metadata,Never missing when the ROI layout is valid.
frame_features.csv,roi6_area,ROI 6: Rectangle pixel area.,px^2,int32,calculated,Never missing when the ROI layout is valid.
frame_features.csv,roi6_center_x,ROI 6: Rectangle center x coordinate in the full frame.,px,float64,calculated,Never missing when the ROI layout is valid.
frame_features.csv,roi6_center_y,ROI 6: Rectangle center y coordinate in the full frame.,px,float64,calculated,Never missing when the ROI layout is valid.
frame_features.csv,roi6_mean_h,ROI 6: Circular mean OpenCV hue over pixels meeting the saturation threshold.,OpenCV H (0-179),float64,calculated,NaN when no pixel meets the hue saturation threshold or feature extraction fails.
frame_features.csv,roi6_mean_s,ROI 6: Mean OpenCV saturation.,OpenCV S (0-255),float64,calculated,NaN when feature extraction fails.
frame_features.csv,roi6_mean_v,ROI 6: Mean raw OpenCV value channel.,OpenCV V (0-255),float64,calculated,NaN when feature extraction fails.
frame_features.csv,roi6_median_v,ROI 6: Median raw OpenCV value channel.,OpenCV V (0-255),float64,calculated,NaN when feature extraction fails.
frame_features.csv,roi6_max_v,ROI 6: Maximum raw OpenCV value channel.,OpenCV V (0-255),float64,calculated,NaN when feature extraction fails.
frame_features.csv,roi6_p95_v,ROI 6: 95th percentile raw OpenCV value channel.,OpenCV V (0-255),float64,calculated,NaN when feature extraction fails.
frame_features.csv,roi6_v_std,ROI 6: Population standard deviation of raw OpenCV value.,OpenCV V (0-255),float64,calculated,NaN when feature extraction fails.
frame_features.csv,roi6_baseline_mean_v,ROI 6: Saved unloaded baseline mean V for this ROI.,OpenCV V (0-255),float64,metadata,NaN when the baseline is invalid or unavailable.
frame_features.csv,roi6_signed_delta_v_sum,ROI 6: Integrated signed per-pixel current V minus baseline median V.,delta V*px,float64,calculated,NaN when baseline or feature extraction is invalid.
frame_features.csv,roi6_signed_delta_v_mean,ROI 6: Mean signed per-pixel current V minus baseline median V.,delta V,float64,calculated,NaN when baseline or feature extraction is invalid.
frame_features.csv,roi6_signed_delta_v_median,ROI 6: Median signed per-pixel current V minus baseline median V.,delta V,float64,calculated,NaN when baseline or feature extraction is invalid.
frame_features.csv,roi6_signed_delta_v_mad,ROI 6: Median absolute deviation of signed per-pixel current V minus baseline median V.,delta V,float64,calculated,NaN when baseline or feature extraction is invalid.
frame_features.csv,roi6_delta_v_mean,ROI 6: Mean positive per-pixel baseline-corrected V.,delta V (0-255),float64,calculated,NaN when baseline or feature extraction is invalid.
frame_features.csv,roi6_delta_v_max,ROI 6: Maximum positive per-pixel baseline-corrected V.,delta V (0-255),float64,calculated,NaN when baseline or feature extraction is invalid.
frame_features.csv,roi6_delta_v_p95,ROI 6: 95th percentile positive per-pixel baseline-corrected V.,delta V (0-255),float64,calculated,NaN when baseline or feature extraction is invalid.
frame_features.csv,roi6_delta_v_sum,ROI 6: Integrated positive per-pixel baseline-corrected V.,delta V*px,float64,calculated,NaN when baseline or feature extraction is invalid.
frame_features.csv,roi6_delta_v_sum_per_pixel,ROI 6: Integrated positive delta V divided by ROI area.,delta V,float64,calculated,NaN when baseline or feature extraction is invalid.
frame_features.csv,roi6_delta_v_std,ROI 6: Population standard deviation of positive delta V.,delta V (0-255),float64,calculated,NaN when baseline or feature extraction is invalid.
frame_features.csv,roi6_active_pixel_count,ROI 6: Pixels whose positive delta V meets the configured threshold.,count,int32,calculated,NaN when baseline or feature extraction is invalid.
frame_features.csv,roi6_active_fraction,ROI 6: Active-pixel count divided by ROI area.,fraction,float64,calculated,NaN when baseline or feature extraction is invalid.
frame_features.csv,roi6_roi_local_centroid_x,ROI 6: Delta-V weighted x centroid in ROI-local coordinates.,px,float64,calculated,NaN when integrated positive delta V is zero or features are invalid.
frame_features.csv,roi6_roi_local_centroid_y,ROI 6: Delta-V weighted y centroid in ROI-local coordinates.,px,float64,calculated,NaN when integrated positive delta V is zero or features are invalid.
frame_features.csv,roi6_full_frame_centroid_x,ROI 6: Delta-V weighted x centroid in full-frame coordinates.,px,float64,calculated,NaN when the ROI-local centroid is unavailable.
frame_features.csv,roi6_full_frame_centroid_y,ROI 6: Delta-V weighted y centroid in full-frame coordinates.,px,float64,calculated,NaN when the ROI-local centroid is unavailable.
frame_features.csv,roi6_normalized_intensity,ROI 6: ROI mean positive delta V divided by total across all nine ROIs.,fraction,float64,calculated,NaN when total mean delta V is zero or features are invalid.
frame_features.csv,roi7_x,ROI 7: Full-frame upper-left x coordinate.,px,int32,metadata,Never missing when the ROI layout is valid.
frame_features.csv,roi7_y,ROI 7: Full-frame upper-left y coordinate.,px,int32,metadata,Never missing when the ROI layout is valid.
frame_features.csv,roi7_width,ROI 7: Rectangle width.,px,int32,metadata,Never missing when the ROI layout is valid.
frame_features.csv,roi7_height,ROI 7: Rectangle height.,px,int32,metadata,Never missing when the ROI layout is valid.
frame_features.csv,roi7_area,ROI 7: Rectangle pixel area.,px^2,int32,calculated,Never missing when the ROI layout is valid.
frame_features.csv,roi7_center_x,ROI 7: Rectangle center x coordinate in the full frame.,px,float64,calculated,Never missing when the ROI layout is valid.
frame_features.csv,roi7_center_y,ROI 7: Rectangle center y coordinate in the full frame.,px,float64,calculated,Never missing when the ROI layout is valid.
frame_features.csv,roi7_mean_h,ROI 7: Circular mean OpenCV hue over pixels meeting the saturation threshold.,OpenCV H (0-179),float64,calculated,NaN when no pixel meets the hue saturation threshold or feature extraction fails.
frame_features.csv,roi7_mean_s,ROI 7: Mean OpenCV saturation.,OpenCV S (0-255),float64,calculated,NaN when feature extraction fails.
frame_features.csv,roi7_mean_v,ROI 7: Mean raw OpenCV value channel.,OpenCV V (0-255),float64,calculated,NaN when feature extraction fails.
frame_features.csv,roi7_median_v,ROI 7: Median raw OpenCV value channel.,OpenCV V (0-255),float64,calculated,NaN when feature extraction fails.
frame_features.csv,roi7_max_v,ROI 7: Maximum raw OpenCV value channel.,OpenCV V (0-255),float64,calculated,NaN when feature extraction fails.
frame_features.csv,roi7_p95_v,ROI 7: 95th percentile raw OpenCV value channel.,OpenCV V (0-255),float64,calculated,NaN when feature extraction fails.
frame_features.csv,roi7_v_std,ROI 7: Population standard deviation of raw OpenCV value.,OpenCV V (0-255),float64,calculated,NaN when feature extraction fails.
frame_features.csv,roi7_baseline_mean_v,ROI 7: Saved unloaded baseline mean V for this ROI.,OpenCV V (0-255),float64,metadata,NaN when the baseline is invalid or unavailable.
frame_features.csv,roi7_signed_delta_v_sum,ROI 7: Integrated signed per-pixel current V minus baseline median V.,delta V*px,float64,calculated,NaN when baseline or feature extraction is invalid.
frame_features.csv,roi7_signed_delta_v_mean,ROI 7: Mean signed per-pixel current V minus baseline median V.,delta V,float64,calculated,NaN when baseline or feature extraction is invalid.
frame_features.csv,roi7_signed_delta_v_median,ROI 7: Median signed per-pixel current V minus baseline median V.,delta V,float64,calculated,NaN when baseline or feature extraction is invalid.
frame_features.csv,roi7_signed_delta_v_mad,ROI 7: Median absolute deviation of signed per-pixel current V minus baseline median V.,delta V,float64,calculated,NaN when baseline or feature extraction is invalid.
frame_features.csv,roi7_delta_v_mean,ROI 7: Mean positive per-pixel baseline-corrected V.,delta V (0-255),float64,calculated,NaN when baseline or feature extraction is invalid.
frame_features.csv,roi7_delta_v_max,ROI 7: Maximum positive per-pixel baseline-corrected V.,delta V (0-255),float64,calculated,NaN when baseline or feature extraction is invalid.
frame_features.csv,roi7_delta_v_p95,ROI 7: 95th percentile positive per-pixel baseline-corrected V.,delta V (0-255),float64,calculated,NaN when baseline or feature extraction is invalid.
frame_features.csv,roi7_delta_v_sum,ROI 7: Integrated positive per-pixel baseline-corrected V.,delta V*px,float64,calculated,NaN when baseline or feature extraction is invalid.
frame_features.csv,roi7_delta_v_sum_per_pixel,ROI 7: Integrated positive delta V divided by ROI area.,delta V,float64,calculated,NaN when baseline or feature extraction is invalid.
frame_features.csv,roi7_delta_v_std,ROI 7: Population standard deviation of positive delta V.,delta V (0-255),float64,calculated,NaN when baseline or feature extraction is invalid.
frame_features.csv,roi7_active_pixel_count,ROI 7: Pixels whose positive delta V meets the configured threshold.,count,int32,calculated,NaN when baseline or feature extraction is invalid.
frame_features.csv,roi7_active_fraction,ROI 7: Active-pixel count divided by ROI area.,fraction,float64,calculated,NaN when baseline or feature extraction is invalid.
frame_features.csv,roi7_roi_local_centroid_x,ROI 7: Delta-V weighted x centroid in ROI-local coordinates.,px,float64,calculated,NaN when integrated positive delta V is zero or features are invalid.
frame_features.csv,roi7_roi_local_centroid_y,ROI 7: Delta-V weighted y centroid in ROI-local coordinates.,px,float64,calculated,NaN when integrated positive delta V is zero or features are invalid.
frame_features.csv,roi7_full_frame_centroid_x,ROI 7: Delta-V weighted x centroid in full-frame coordinates.,px,float64,calculated,NaN when the ROI-local centroid is unavailable.
frame_features.csv,roi7_full_frame_centroid_y,ROI 7: Delta-V weighted y centroid in full-frame coordinates.,px,float64,calculated,NaN when the ROI-local centroid is unavailable.
frame_features.csv,roi7_normalized_intensity,ROI 7: ROI mean positive delta V divided by total across all nine ROIs.,fraction,float64,calculated,NaN when total mean delta V is zero or features are invalid.
frame_features.csv,roi8_x,ROI 8: Full-frame upper-left x coordinate.,px,int32,metadata,Never missing when the ROI layout is valid.
frame_features.csv,roi8_y,ROI 8: Full-frame upper-left y coordinate.,px,int32,metadata,Never missing when the ROI layout is valid.
frame_features.csv,roi8_width,ROI 8: Rectangle width.,px,int32,metadata,Never missing when the ROI layout is valid.
frame_features.csv,roi8_height,ROI 8: Rectangle height.,px,int32,metadata,Never missing when the ROI layout is valid.
frame_features.csv,roi8_area,ROI 8: Rectangle pixel area.,px^2,int32,calculated,Never missing when the ROI layout is valid.
frame_features.csv,roi8_center_x,ROI 8: Rectangle center x coordinate in the full frame.,px,float64,calculated,Never missing when the ROI layout is valid.
frame_features.csv,roi8_center_y,ROI 8: Rectangle center y coordinate in the full frame.,px,float64,calculated,Never missing when the ROI layout is valid.
frame_features.csv,roi8_mean_h,ROI 8: Circular mean OpenCV hue over pixels meeting the saturation threshold.,OpenCV H (0-179),float64,calculated,NaN when no pixel meets the hue saturation threshold or feature extraction fails.
frame_features.csv,roi8_mean_s,ROI 8: Mean OpenCV saturation.,OpenCV S (0-255),float64,calculated,NaN when feature extraction fails.
frame_features.csv,roi8_mean_v,ROI 8: Mean raw OpenCV value channel.,OpenCV V (0-255),float64,calculated,NaN when feature extraction fails.
frame_features.csv,roi8_median_v,ROI 8: Median raw OpenCV value channel.,OpenCV V (0-255),float64,calculated,NaN when feature extraction fails.
frame_features.csv,roi8_max_v,ROI 8: Maximum raw OpenCV value channel.,OpenCV V (0-255),float64,calculated,NaN when feature extraction fails.
frame_features.csv,roi8_p95_v,ROI 8: 95th percentile raw OpenCV value channel.,OpenCV V (0-255),float64,calculated,NaN when feature extraction fails.
frame_features.csv,roi8_v_std,ROI 8: Population standard deviation of raw OpenCV value.,OpenCV V (0-255),float64,calculated,NaN when feature extraction fails.
frame_features.csv,roi8_baseline_mean_v,ROI 8: Saved unloaded baseline mean V for this ROI.,OpenCV V (0-255),float64,metadata,NaN when the baseline is invalid or unavailable.
frame_features.csv,roi8_signed_delta_v_sum,ROI 8: Integrated signed per-pixel current V minus baseline median V.,delta V*px,float64,calculated,NaN when baseline or feature extraction is invalid.
frame_features.csv,roi8_signed_delta_v_mean,ROI 8: Mean signed per-pixel current V minus baseline median V.,delta V,float64,calculated,NaN when baseline or feature extraction is invalid.
frame_features.csv,roi8_signed_delta_v_median,ROI 8: Median signed per-pixel current V minus baseline median V.,delta V,float64,calculated,NaN when baseline or feature extraction is invalid.
frame_features.csv,roi8_signed_delta_v_mad,ROI 8: Median absolute deviation of signed per-pixel current V minus baseline median V.,delta V,float64,calculated,NaN when baseline or feature extraction is invalid.
frame_features.csv,roi8_delta_v_mean,ROI 8: Mean positive per-pixel baseline-corrected V.,delta V (0-255),float64,calculated,NaN when baseline or feature extraction is invalid.
frame_features.csv,roi8_delta_v_max,ROI 8: Maximum positive per-pixel baseline-corrected V.,delta V (0-255),float64,calculated,NaN when baseline or feature extraction is invalid.
frame_features.csv,roi8_delta_v_p95,ROI 8: 95th percentile positive per-pixel baseline-corrected V.,delta V (0-255),float64,calculated,NaN when baseline or feature extraction is invalid.
frame_features.csv,roi8_delta_v_sum,ROI 8: Integrated positive per-pixel baseline-corrected V.,delta V*px,float64,calculated,NaN when baseline or feature extraction is invalid.
frame_features.csv,roi8_delta_v_sum_per_pixel,ROI 8: Integrated positive delta V divided by ROI area.,delta V,float64,calculated,NaN when baseline or feature extraction is invalid.
frame_features.csv,roi8_delta_v_std,ROI 8: Population standard deviation of positive delta V.,delta V (0-255),float64,calculated,NaN when baseline or feature extraction is invalid.
frame_features.csv,roi8_active_pixel_count,ROI 8: Pixels whose positive delta V meets the configured threshold.,count,int32,calculated,NaN when baseline or feature extraction is invalid.
frame_features.csv,roi8_active_fraction,ROI 8: Active-pixel count divided by ROI area.,fraction,float64,calculated,NaN when baseline or feature extraction is invalid.
frame_features.csv,roi8_roi_local_centroid_x,ROI 8: Delta-V weighted x centroid in ROI-local coordinates.,px,float64,calculated,NaN when integrated positive delta V is zero or features are invalid.
frame_features.csv,roi8_roi_local_centroid_y,ROI 8: Delta-V weighted y centroid in ROI-local coordinates.,px,float64,calculated,NaN when integrated positive delta V is zero or features are invalid.
frame_features.csv,roi8_full_frame_centroid_x,ROI 8: Delta-V weighted x centroid in full-frame coordinates.,px,float64,calculated,NaN when the ROI-local centroid is unavailable.
frame_features.csv,roi8_full_frame_centroid_y,ROI 8: Delta-V weighted y centroid in full-frame coordinates.,px,float64,calculated,NaN when the ROI-local centroid is unavailable.
frame_features.csv,roi8_normalized_intensity,ROI 8: ROI mean positive delta V divided by total across all nine ROIs.,fraction,float64,calculated,NaN when total mean delta V is zero or features are invalid.
frame_features.csv,roi9_x,ROI 9: Full-frame upper-left x coordinate.,px,int32,metadata,Never missing when the ROI layout is valid.
frame_features.csv,roi9_y,ROI 9: Full-frame upper-left y coordinate.,px,int32,metadata,Never missing when the ROI layout is valid.
frame_features.csv,roi9_width,ROI 9: Rectangle width.,px,int32,metadata,Never missing when the ROI layout is valid.
frame_features.csv,roi9_height,ROI 9: Rectangle height.,px,int32,metadata,Never missing when the ROI layout is valid.
frame_features.csv,roi9_area,ROI 9: Rectangle pixel area.,px^2,int32,calculated,Never missing when the ROI layout is valid.
frame_features.csv,roi9_center_x,ROI 9: Rectangle center x coordinate in the full frame.,px,float64,calculated,Never missing when the ROI layout is valid.
frame_features.csv,roi9_center_y,ROI 9: Rectangle center y coordinate in the full frame.,px,float64,calculated,Never missing when the ROI layout is valid.
frame_features.csv,roi9_mean_h,ROI 9: Circular mean OpenCV hue over pixels meeting the saturation threshold.,OpenCV H (0-179),float64,calculated,NaN when no pixel meets the hue saturation threshold or feature extraction fails.
frame_features.csv,roi9_mean_s,ROI 9: Mean OpenCV saturation.,OpenCV S (0-255),float64,calculated,NaN when feature extraction fails.
frame_features.csv,roi9_mean_v,ROI 9: Mean raw OpenCV value channel.,OpenCV V (0-255),float64,calculated,NaN when feature extraction fails.
frame_features.csv,roi9_median_v,ROI 9: Median raw OpenCV value channel.,OpenCV V (0-255),float64,calculated,NaN when feature extraction fails.
frame_features.csv,roi9_max_v,ROI 9: Maximum raw OpenCV value channel.,OpenCV V (0-255),float64,calculated,NaN when feature extraction fails.
frame_features.csv,roi9_p95_v,ROI 9: 95th percentile raw OpenCV value channel.,OpenCV V (0-255),float64,calculated,NaN when feature extraction fails.
frame_features.csv,roi9_v_std,ROI 9: Population standard deviation of raw OpenCV value.,OpenCV V (0-255),float64,calculated,NaN when feature extraction fails.
frame_features.csv,roi9_baseline_mean_v,ROI 9: Saved unloaded baseline mean V for this ROI.,OpenCV V (0-255),float64,metadata,NaN when the baseline is invalid or unavailable.
frame_features.csv,roi9_signed_delta_v_sum,ROI 9: Integrated signed per-pixel current V minus baseline median V.,delta V*px,float64,calculated,NaN when baseline or feature extraction is invalid.
frame_features.csv,roi9_signed_delta_v_mean,ROI 9: Mean signed per-pixel current V minus baseline median V.,delta V,float64,calculated,NaN when baseline or feature extraction is invalid.
frame_features.csv,roi9_signed_delta_v_median,ROI 9: Median signed per-pixel current V minus baseline median V.,delta V,float64,calculated,NaN when baseline or feature extraction is invalid.
frame_features.csv,roi9_signed_delta_v_mad,ROI 9: Median absolute deviation of signed per-pixel current V minus baseline median V.,delta V,float64,calculated,NaN when baseline or feature extraction is invalid.
frame_features.csv,roi9_delta_v_mean,ROI 9: Mean positive per-pixel baseline-corrected V.,delta V (0-255),float64,calculated,NaN when baseline or feature extraction is invalid.
frame_features.csv,roi9_delta_v_max,ROI 9: Maximum positive per-pixel baseline-corrected V.,delta V (0-255),float64,calculated,NaN when baseline or feature extraction is invalid.
frame_features.csv,roi9_delta_v_p95,ROI 9: 95th percentile positive per-pixel baseline-corrected V.,delta V (0-255),float64,calculated,NaN when baseline or feature extraction is invalid.
frame_features.csv,roi9_delta_v_sum,ROI 9: Integrated positive per-pixel baseline-corrected V.,delta V*px,float64,calculated,NaN when baseline or feature extraction is invalid.
frame_features.csv,roi9_delta_v_sum_per_pixel,ROI 9: Integrated positive delta V divided by ROI area.,delta V,float64,calculated,NaN when baseline or feature extraction is invalid.
frame_features.csv,roi9_delta_v_std,ROI 9: Population standard deviation of positive delta V.,delta V (0-255),float64,calculated,NaN when baseline or feature extraction is invalid.
frame_features.csv,roi9_active_pixel_count,ROI 9: Pixels whose positive delta V meets the configured threshold.,count,int32,calculated,NaN when baseline or feature extraction is invalid.
frame_features.csv,roi9_active_fraction,ROI 9: Active-pixel count divided by ROI area.,fraction,float64,calculated,NaN when baseline or feature extraction is invalid.
frame_features.csv,roi9_roi_local_centroid_x,ROI 9: Delta-V weighted x centroid in ROI-local coordinates.,px,float64,calculated,NaN when integrated positive delta V is zero or features are invalid.
frame_features.csv,roi9_roi_local_centroid_y,ROI 9: Delta-V weighted y centroid in ROI-local coordinates.,px,float64,calculated,NaN when integrated positive delta V is zero or features are invalid.
frame_features.csv,roi9_full_frame_centroid_x,ROI 9: Delta-V weighted x centroid in full-frame coordinates.,px,float64,calculated,NaN when the ROI-local centroid is unavailable.
frame_features.csv,roi9_full_frame_centroid_y,ROI 9: Delta-V weighted y centroid in full-frame coordinates.,px,float64,calculated,NaN when the ROI-local centroid is unavailable.
frame_features.csv,roi9_normalized_intensity,ROI 9: ROI mean positive delta V divided by total across all nine ROIs.,fraction,float64,calculated,NaN when total mean delta V is zero or features are invalid.
frame_features.csv,predicted_dominant_roi,ROI number with the largest mean positive delta V above the localization threshold.,ROI number,nullable integer,predicted,Blank when the dominant intensity is below threshold or features are invalid.
frame_features.csv,dominant_intensity,Largest ROI mean positive delta V.,delta V (0-255),float64,calculated,NaN when features are invalid.
frame_features.csv,second_highest_intensity,Second-largest ROI mean positive delta V.,delta V (0-255),float64,calculated,NaN when features are invalid.
frame_features.csv,top_one_to_top_two_ratio,Dominant divided by second-highest intensity.,ratio,float64,calculated,NaN when second-highest intensity is zero or features are invalid.
frame_features.csv,dominant_to_total_ratio,Dominant intensity divided by total mean positive delta V.,fraction,float64,calculated,NaN when total intensity is zero or features are invalid.
frame_features.csv,weighted_full_frame_x,Nine-ROI intensity-weighted full-frame x coordinate.,px,float64,calculated,NaN when total intensity is zero or features are invalid.
frame_features.csv,weighted_full_frame_y,Nine-ROI intensity-weighted full-frame y coordinate.,px,float64,calculated,NaN when total intensity is zero or features are invalid.
frame_features.csv,total_corrected_intensity,Sum of the nine ROI mean positive delta-V intensities.,delta V,float64,calculated,NaN when features are invalid.
frame_features.csv,global_active_pixel_count,Sum of active-pixel counts across the nine ROIs.,count,nullable int64,calculated,NaN when features are invalid.
frame_features.csv,localization_confidence,Dominant ROI mean delta V divided by total mean delta V.,fraction,float64,predicted,NaN when total intensity is zero or features are invalid.
frame_features.csv,predicted_roi_matches_target,Whether the predicted ROI equals target_roi_ground_truth.,boolean,nullable boolean,calculated,NaN when no ROI prediction exists.
frame_features.csv,frame_valid,Whether the accepted frame identity and video write are valid.,boolean,boolean,calculated,Never missing for a valid row.
frame_features.csv,baseline_valid,Whether exact-provenance baseline correction was valid for this frame.,boolean,boolean,calculated,Never missing for a valid row.
frame_features.csv,saturation_warning,Whether frame or ROI saturation requires scientific caution.,boolean,boolean,calculated,Never missing for a valid row.
frame_features.csv,error_code,Machine-readable primary row error code; NONE on success.,,string,metadata,Never missing for a valid row.
frame_features.csv,schema_version,Master CSV schema version.,,string,metadata,Never missing for a valid row.
frame_features.csv,application_version,Application version that produced the row.,,string,metadata,Never missing for a valid row.
frame_features.csv,arduino_protocol_version,HELLO-reported Arduino serial protocol version.,,string,metadata,Blank in simulation or when no valid handshake is available.
frame_features.csv,arduino_firmware_version,HELLO-reported Arduino firmware version.,,string,metadata,Blank in simulation or when no valid handshake is available.
frame_features.csv,python_version,Python runtime version used for acquisition.,,string,metadata,Never missing for a valid row.
frame_features.csv,opencv_version,OpenCV runtime version used for acquisition and video writing.,,string,metadata,Never missing for a valid row.
frame_features.csv,operating_system,Operating-system provenance string.,,string,metadata,Never missing for a valid row.
frame_features.csv,calibration_id,Identifier of the load-cell calibration used.,,string,metadata,Blank when calibrated force is unavailable.
frame_features.csv,baseline_id,Identifier of the exact optical baseline used.,,string,metadata,Blank when baseline correction is unavailable.
frame_features.csv,roi_layout_id,Identifier of the exact nine-ROI layout used.,,string,metadata,Never missing for a valid row.
master_synchronized.csv,session_id,Unique acquisition session identifier.,,string,metadata,Never missing for a valid row.
master_synchronized.csv,trial_id,Operator-assigned single-press trial identifier.,,string,ground truth,Never missing for a valid row.
master_synchronized.csv,sensing_skin_id,Identifier of the sensing skin under test.,,string,ground truth,Never missing for a valid row.
master_synchronized.csv,specimen_or_participant_id,Optional specimen or participant identifier.,,string,ground truth,Blank when the operator does not provide this optional label.
master_synchronized.csv,target_roi_ground_truth,Operator-selected target ROI number (1-9).,ROI number,integer,ground truth,Never missing for a valid row.
master_synchronized.csv,trial_interaction_class,Optional fixed interaction class for the whole trial; not a frame contact label.,,string,ground truth,Blank when the optional trial label is not provided.
master_synchronized.csv,trial_force_class,Optional fixed force class for the whole trial; not measured force.,,string,ground truth,Blank when the optional trial label is not provided.
master_synchronized.csv,press_number,Optional operator press number within an external experimental plan.,count,nullable integer,ground truth,Blank when the optional press number is not provided.
master_synchronized.csv,notes,Optional operator notes fixed for the complete trial.,,string,metadata,Blank when no notes are provided.
master_synchronized.csv,trial_label_scope,Explicit scope of manual labels; always 'trial'.,,string,metadata,Never missing for a valid row.
master_synchronized.csv,contact_threshold_N,Force threshold used to derive frame-level contact state.,N,float64,metadata,Never missing for a valid row.
master_synchronized.csv,capture_frame_id,Permanent zero-based identity of an accepted recording frame.,count,int64,raw,Never missing for a valid row.
master_synchronized.csv,host_monotonic_ns,Authoritative host monotonic frame-capture timestamp.,ns,int64,raw,Never missing for a valid row.
master_synchronized.csv,elapsed_time_s,Frame timestamp relative to the recording monotonic start.,s,float64,calculated,Never missing for a valid row.
master_synchronized.csv,wall_clock_iso,ISO 8601 wall-clock timestamp for human traceability.,,string,metadata,Never missing for a valid row.
master_synchronized.csv,requested_width,Requested camera capture width for this session.,px,int32,metadata,Never missing for a valid row.
master_synchronized.csv,requested_height,Requested camera capture height for this session.,px,int32,metadata,Never missing for a valid row.
master_synchronized.csv,requested_fps,Requested camera capture rate.,frames/s,float64,metadata,Never missing for a valid row.
master_synchronized.csv,actual_fps,Measured or camera-reported actual capture rate.,frames/s,float64,raw,NaN when the backend cannot report or measure a rate.
master_synchronized.csv,width,Actual unannotated frame width.,px,int32,raw,Never missing for a valid row.
master_synchronized.csv,height,Actual unannotated frame height.,px,int32,raw,Never missing for a valid row.
master_synchronized.csv,camera_backend,Capture backend fixed for the complete session.,,string,metadata,Never missing for a valid row.
master_synchronized.csv,camera_device_index,"OpenCV camera device index, or simulation source index.",index,int32,metadata,Never missing for a valid row.
master_synchronized.csv,applied_exposure,Exposure value read back immediately after application.,driver units,float64,metadata,NaN when unsupported or readback is unavailable.
master_synchronized.csv,applied_gain,Gain value read back immediately after application.,driver units,float64,metadata,NaN when unsupported or readback is unavailable.
master_synchronized.csv,applied_white_balance,White-balance value read back immediately after application.,driver units,float64,metadata,NaN when unsupported or readback is unavailable.
master_synchronized.csv,sequence_id,Unique repeated-press sequence identifier.,,string,metadata,Blank outside an automated printer sequence.
master_synchronized.csv,sequence_generation,Monotonic controller generation used to reject stale callbacks.,count,int64,metadata,Never missing for a valid row.
master_synchronized.csv,sequence_status,Overall repeated-press sequence status at acquisition time.,,string,metadata,Never missing for a valid row.
master_synchronized.csv,motion_phase,Explicit repeated-press state-machine phase at acquisition time.,,string,metadata,Never missing for a valid row.
master_synchronized.csv,motion_phase_host_monotonic_ns,Host monotonic timestamp when the current motion phase began.,ns,int64,raw,Never missing for a valid row.
master_synchronized.csv,motion_cycle_id,Unique identifier of the active cycle.,,string,metadata,Blank outside an active cycle.
master_synchronized.csv,motion_cycle_index,One-based active cycle number; zero outside a cycle.,count,int64,metadata,Never missing for a valid row.
master_synchronized.csv,motion_total_cycles,Configured number of cycles for the sequence.,count,int64,metadata,Never missing for a valid row.
master_synchronized.csv,command_id,Unique printer command associated with the current phase.,,string,metadata,Blank when no command is active.
master_synchronized.csv,press_zero_x_mm,Mechanical Press Zero machine X coordinate stored in memory; never implemented with G92.,mm,float64,metadata,NaN when press zero is invalid or unavailable.
master_synchronized.csv,press_zero_y_mm,Mechanical Press Zero machine Y coordinate stored in memory; never implemented with G92.,mm,float64,metadata,NaN when press zero is invalid or unavailable.
master_synchronized.csv,press_zero_z_mm,Mechanical Press Zero machine Z coordinate stored in memory; never implemented with G92.,mm,float64,metadata,NaN when press zero is invalid or unavailable.
master_synchronized.csv,target_displacement_mm,Configured signed displacement relative to press zero; negative is downward on the validated machine.,mm,float64,metadata,NaN outside a configured sequence.
master_synchronized.csv,target_machine_z_mm,Computed machine Z target equal to press_zero_z_mm plus displacement.,mm,float64,calculated,NaN when press zero is invalid.
master_synchronized.csv,commanded_x_mm,Most recent commanded absolute X coordinate.,mm,float64,metadata,NaN when X was not commanded.
master_synchronized.csv,commanded_y_mm,Most recent commanded absolute Y coordinate.,mm,float64,metadata,NaN when Y was not commanded.
master_synchronized.csv,commanded_z_mm,Most recent commanded absolute Z coordinate.,mm,float64,metadata,NaN when Z was not commanded.
master_synchronized.csv,requested_feed_rate_mm_min,Feed rate requested for the current motion command.,mm/min,float64,metadata,NaN when no motion is active.
master_synchronized.csv,printer_reported_x_mm,Latest X coordinate parsed from a printer M114 response.,mm,float64,raw,NaN until an actual printer position report is received.
master_synchronized.csv,printer_reported_y_mm,Latest Y coordinate parsed from a printer M114 response.,mm,float64,raw,NaN until an actual printer position report is received.
master_synchronized.csv,printer_reported_z_mm,Latest Z coordinate parsed from a printer M114 response.,mm,float64,raw,NaN until an actual printer position report is received.
master_synchronized.csv,printer_position_valid,Whether the reported printer coordinates are current and trusted.,boolean,boolean,calculated,Never missing for a valid row.
master_synchronized.csv,press_zero_valid,Whether the in-memory software press zero remains valid.,boolean,boolean,calculated,Never missing for a valid row.
master_synchronized.csv,force_limit_N,Configured calibrated-force safety threshold.,N,float64,metadata,NaN when no repeated sequence is configured.
master_synchronized.csv,force_limit_exceeded,Whether a calibrated sample exceeded the configured force threshold.,boolean,boolean,calculated,Never missing for a valid row.
master_synchronized.csv,sequence_paused,Whether the sequence was paused at this acquisition time.,boolean,boolean,metadata,Never missing for a valid row.
master_synchronized.csv,sequence_aborted,Whether the sequence had entered an aborted terminal path.,boolean,boolean,metadata,Never missing for a valid row.
master_synchronized.csv,closest_arduino_sample_id,Physical sample ID nearest to the frame timestamp.,count,nullable int64,raw,NaN only when no physical sample exists; retained when a known sample exceeds the synchronization limit.
master_synchronized.csv,arduino_micros,Raw 32-bit Arduino micros value of the closest sample.,us,nullable int64,raw,NaN only when no physical sample exists; retained when a known sample exceeds the synchronization limit.
master_synchronized.csv,closest_raw_adc,Signed HX711 reading from the closest physical sample.,ADC count,float64,raw,NaN only when no physical sample exists; retained when a known sample exceeds the synchronization limit.
master_synchronized.csv,interpolated_raw_adc,Raw ADC estimate at the frame timestamp.,ADC count,float64,calculated,NaN when synchronization is invalid.
master_synchronized.csv,tared_raw,Synchronized raw reading minus the saved zero offset.,ADC count,float64,calculated,NaN when synchronization or calibration is invalid.
master_synchronized.csv,mass_g,Signed synchronized mass calculated from the tared raw reading.,g,float64,calculated,NaN when synchronization or calibration is invalid.
master_synchronized.csv,force_gf,Signed synchronized force at the frame timestamp.,gf,float64,calculated,NaN when synchronization or calibration is invalid.
master_synchronized.csv,force_N,Signed synchronized force at the frame timestamp.,N,float64,calculated,NaN when synchronization or calibration is invalid.
master_synchronized.csv,synchronization_method,"linear_interpolation, nearest, or invalid.",,string,calculated,Never missing for a valid row.
master_synchronized.csv,nearest_sample_gap_ms,Absolute gap to the closest physical sample.,ms,float64,calculated,NaN when no physical samples exist.
master_synchronized.csv,synchronization_valid,Whether synchronized force satisfies the maximum-gap rule.,boolean,boolean,calculated,Never missing for a valid row.
master_synchronized.csv,counts_per_gram,Signed calibration scale used for force conversion.,ADC count/gf,float64,metadata,NaN when no valid calibration exists.
master_synchronized.csv,tare_raw,Raw ADC zero used for force conversion.,ADC count,float64,metadata,NaN when no valid calibration exists.
master_synchronized.csv,serial_port,Serial port associated with the applied calibration and sample stream.,,string,metadata,Blank only when unavailable.
master_synchronized.csv,baud_rate,Serial baud rate associated with the applied calibration and sample stream.,bit/s,int64,metadata,NaN only when unavailable.
master_synchronized.csv,synchronization_offset_ms,Signed frame timestamp minus nearest physical sample host timestamp.,ms,float64,calculated,NaN when no physical sample exists.
master_synchronized.csv,contact_state_derived,Frame contact state calculated from synchronized force_N.,boolean,nullable boolean,calculated,NaN when synchronized force is unavailable; never inferred from trial labels.
master_synchronized.csv,device_session_id,Host identifier for the closest continuous Arduino firmware session.,,string,metadata,Blank only when no physical sample exists; retained when a known sample exceeds the synchronization limit.
master_synchronized.csv,roi1_x,ROI 1: Full-frame upper-left x coordinate.,px,int32,metadata,Never missing when the ROI layout is valid.
master_synchronized.csv,roi1_y,ROI 1: Full-frame upper-left y coordinate.,px,int32,metadata,Never missing when the ROI layout is valid.
master_synchronized.csv,roi1_width,ROI 1: Rectangle width.,px,int32,metadata,Never missing when the ROI layout is valid.
master_synchronized.csv,roi1_height,ROI 1: Rectangle height.,px,int32,metadata,Never missing when the ROI layout is valid.
master_synchronized.csv,roi1_area,ROI 1: Rectangle pixel area.,px^2,int32,calculated,Never missing when the ROI layout is valid.
master_synchronized.csv,roi1_center_x,ROI 1: Rectangle center x coordinate in the full frame.,px,float64,calculated,Never missing when the ROI layout is valid.
master_synchronized.csv,roi1_center_y,ROI 1: Rectangle center y coordinate in the full frame.,px,float64,calculated,Never missing when the ROI layout is valid.
master_synchronized.csv,roi1_mean_h,ROI 1: Circular mean OpenCV hue over pixels meeting the saturation threshold.,OpenCV H (0-179),float64,calculated,NaN when no pixel meets the hue saturation threshold or feature extraction fails.
master_synchronized.csv,roi1_mean_s,ROI 1: Mean OpenCV saturation.,OpenCV S (0-255),float64,calculated,NaN when feature extraction fails.
master_synchronized.csv,roi1_mean_v,ROI 1: Mean raw OpenCV value channel.,OpenCV V (0-255),float64,calculated,NaN when feature extraction fails.
master_synchronized.csv,roi1_median_v,ROI 1: Median raw OpenCV value channel.,OpenCV V (0-255),float64,calculated,NaN when feature extraction fails.
master_synchronized.csv,roi1_max_v,ROI 1: Maximum raw OpenCV value channel.,OpenCV V (0-255),float64,calculated,NaN when feature extraction fails.
master_synchronized.csv,roi1_p95_v,ROI 1: 95th percentile raw OpenCV value channel.,OpenCV V (0-255),float64,calculated,NaN when feature extraction fails.
master_synchronized.csv,roi1_v_std,ROI 1: Population standard deviation of raw OpenCV value.,OpenCV V (0-255),float64,calculated,NaN when feature extraction fails.
master_synchronized.csv,roi1_baseline_mean_v,ROI 1: Saved unloaded baseline mean V for this ROI.,OpenCV V (0-255),float64,metadata,NaN when the baseline is invalid or unavailable.
master_synchronized.csv,roi1_signed_delta_v_sum,ROI 1: Integrated signed per-pixel current V minus baseline median V.,delta V*px,float64,calculated,NaN when baseline or feature extraction is invalid.
master_synchronized.csv,roi1_signed_delta_v_mean,ROI 1: Mean signed per-pixel current V minus baseline median V.,delta V,float64,calculated,NaN when baseline or feature extraction is invalid.
master_synchronized.csv,roi1_signed_delta_v_median,ROI 1: Median signed per-pixel current V minus baseline median V.,delta V,float64,calculated,NaN when baseline or feature extraction is invalid.
master_synchronized.csv,roi1_signed_delta_v_mad,ROI 1: Median absolute deviation of signed per-pixel current V minus baseline median V.,delta V,float64,calculated,NaN when baseline or feature extraction is invalid.
master_synchronized.csv,roi1_delta_v_mean,ROI 1: Mean positive per-pixel baseline-corrected V.,delta V (0-255),float64,calculated,NaN when baseline or feature extraction is invalid.
master_synchronized.csv,roi1_delta_v_max,ROI 1: Maximum positive per-pixel baseline-corrected V.,delta V (0-255),float64,calculated,NaN when baseline or feature extraction is invalid.
master_synchronized.csv,roi1_delta_v_p95,ROI 1: 95th percentile positive per-pixel baseline-corrected V.,delta V (0-255),float64,calculated,NaN when baseline or feature extraction is invalid.
master_synchronized.csv,roi1_delta_v_sum,ROI 1: Integrated positive per-pixel baseline-corrected V.,delta V*px,float64,calculated,NaN when baseline or feature extraction is invalid.
master_synchronized.csv,roi1_delta_v_sum_per_pixel,ROI 1: Integrated positive delta V divided by ROI area.,delta V,float64,calculated,NaN when baseline or feature extraction is invalid.
master_synchronized.csv,roi1_delta_v_std,ROI 1: Population standard deviation of positive delta V.,delta V (0-255),float64,calculated,NaN when baseline or feature extraction is invalid.
master_synchronized.csv,roi1_active_pixel_count,ROI 1: Pixels whose positive delta V meets the configured threshold.,count,int32,calculated,NaN when baseline or feature extraction is invalid.
master_synchronized.csv,roi1_active_fraction,ROI 1: Active-pixel count divided by ROI area.,fraction,float64,calculated,NaN when baseline or feature extraction is invalid.
master_synchronized.csv,roi1_roi_local_centroid_x,ROI 1: Delta-V weighted x centroid in ROI-local coordinates.,px,float64,calculated,NaN when integrated positive delta V is zero or features are invalid.
master_synchronized.csv,roi1_roi_local_centroid_y,ROI 1: Delta-V weighted y centroid in ROI-local coordinates.,px,float64,calculated,NaN when integrated positive delta V is zero or features are invalid.
master_synchronized.csv,roi1_full_frame_centroid_x,ROI 1: Delta-V weighted x centroid in full-frame coordinates.,px,float64,calculated,NaN when the ROI-local centroid is unavailable.
master_synchronized.csv,roi1_full_frame_centroid_y,ROI 1: Delta-V weighted y centroid in full-frame coordinates.,px,float64,calculated,NaN when the ROI-local centroid is unavailable.
master_synchronized.csv,roi1_normalized_intensity,ROI 1: ROI mean positive delta V divided by total across all nine ROIs.,fraction,float64,calculated,NaN when total mean delta V is zero or features are invalid.
master_synchronized.csv,roi2_x,ROI 2: Full-frame upper-left x coordinate.,px,int32,metadata,Never missing when the ROI layout is valid.
master_synchronized.csv,roi2_y,ROI 2: Full-frame upper-left y coordinate.,px,int32,metadata,Never missing when the ROI layout is valid.
master_synchronized.csv,roi2_width,ROI 2: Rectangle width.,px,int32,metadata,Never missing when the ROI layout is valid.
master_synchronized.csv,roi2_height,ROI 2: Rectangle height.,px,int32,metadata,Never missing when the ROI layout is valid.
master_synchronized.csv,roi2_area,ROI 2: Rectangle pixel area.,px^2,int32,calculated,Never missing when the ROI layout is valid.
master_synchronized.csv,roi2_center_x,ROI 2: Rectangle center x coordinate in the full frame.,px,float64,calculated,Never missing when the ROI layout is valid.
master_synchronized.csv,roi2_center_y,ROI 2: Rectangle center y coordinate in the full frame.,px,float64,calculated,Never missing when the ROI layout is valid.
master_synchronized.csv,roi2_mean_h,ROI 2: Circular mean OpenCV hue over pixels meeting the saturation threshold.,OpenCV H (0-179),float64,calculated,NaN when no pixel meets the hue saturation threshold or feature extraction fails.
master_synchronized.csv,roi2_mean_s,ROI 2: Mean OpenCV saturation.,OpenCV S (0-255),float64,calculated,NaN when feature extraction fails.
master_synchronized.csv,roi2_mean_v,ROI 2: Mean raw OpenCV value channel.,OpenCV V (0-255),float64,calculated,NaN when feature extraction fails.
master_synchronized.csv,roi2_median_v,ROI 2: Median raw OpenCV value channel.,OpenCV V (0-255),float64,calculated,NaN when feature extraction fails.
master_synchronized.csv,roi2_max_v,ROI 2: Maximum raw OpenCV value channel.,OpenCV V (0-255),float64,calculated,NaN when feature extraction fails.
master_synchronized.csv,roi2_p95_v,ROI 2: 95th percentile raw OpenCV value channel.,OpenCV V (0-255),float64,calculated,NaN when feature extraction fails.
master_synchronized.csv,roi2_v_std,ROI 2: Population standard deviation of raw OpenCV value.,OpenCV V (0-255),float64,calculated,NaN when feature extraction fails.
master_synchronized.csv,roi2_baseline_mean_v,ROI 2: Saved unloaded baseline mean V for this ROI.,OpenCV V (0-255),float64,metadata,NaN when the baseline is invalid or unavailable.
master_synchronized.csv,roi2_signed_delta_v_sum,ROI 2: Integrated signed per-pixel current V minus baseline median V.,delta V*px,float64,calculated,NaN when baseline or feature extraction is invalid.
master_synchronized.csv,roi2_signed_delta_v_mean,ROI 2: Mean signed per-pixel current V minus baseline median V.,delta V,float64,calculated,NaN when baseline or feature extraction is invalid.
master_synchronized.csv,roi2_signed_delta_v_median,ROI 2: Median signed per-pixel current V minus baseline median V.,delta V,float64,calculated,NaN when baseline or feature extraction is invalid.
master_synchronized.csv,roi2_signed_delta_v_mad,ROI 2: Median absolute deviation of signed per-pixel current V minus baseline median V.,delta V,float64,calculated,NaN when baseline or feature extraction is invalid.
master_synchronized.csv,roi2_delta_v_mean,ROI 2: Mean positive per-pixel baseline-corrected V.,delta V (0-255),float64,calculated,NaN when baseline or feature extraction is invalid.
master_synchronized.csv,roi2_delta_v_max,ROI 2: Maximum positive per-pixel baseline-corrected V.,delta V (0-255),float64,calculated,NaN when baseline or feature extraction is invalid.
master_synchronized.csv,roi2_delta_v_p95,ROI 2: 95th percentile positive per-pixel baseline-corrected V.,delta V (0-255),float64,calculated,NaN when baseline or feature extraction is invalid.
master_synchronized.csv,roi2_delta_v_sum,ROI 2: Integrated positive per-pixel baseline-corrected V.,delta V*px,float64,calculated,NaN when baseline or feature extraction is invalid.
master_synchronized.csv,roi2_delta_v_sum_per_pixel,ROI 2: Integrated positive delta V divided by ROI area.,delta V,float64,calculated,NaN when baseline or feature extraction is invalid.
master_synchronized.csv,roi2_delta_v_std,ROI 2: Population standard deviation of positive delta V.,delta V (0-255),float64,calculated,NaN when baseline or feature extraction is invalid.
master_synchronized.csv,roi2_active_pixel_count,ROI 2: Pixels whose positive delta V meets the configured threshold.,count,int32,calculated,NaN when baseline or feature extraction is invalid.
master_synchronized.csv,roi2_active_fraction,ROI 2: Active-pixel count divided by ROI area.,fraction,float64,calculated,NaN when baseline or feature extraction is invalid.
master_synchronized.csv,roi2_roi_local_centroid_x,ROI 2: Delta-V weighted x centroid in ROI-local coordinates.,px,float64,calculated,NaN when integrated positive delta V is zero or features are invalid.
master_synchronized.csv,roi2_roi_local_centroid_y,ROI 2: Delta-V weighted y centroid in ROI-local coordinates.,px,float64,calculated,NaN when integrated positive delta V is zero or features are invalid.
master_synchronized.csv,roi2_full_frame_centroid_x,ROI 2: Delta-V weighted x centroid in full-frame coordinates.,px,float64,calculated,NaN when the ROI-local centroid is unavailable.
master_synchronized.csv,roi2_full_frame_centroid_y,ROI 2: Delta-V weighted y centroid in full-frame coordinates.,px,float64,calculated,NaN when the ROI-local centroid is unavailable.
master_synchronized.csv,roi2_normalized_intensity,ROI 2: ROI mean positive delta V divided by total across all nine ROIs.,fraction,float64,calculated,NaN when total mean delta V is zero or features are invalid.
master_synchronized.csv,roi3_x,ROI 3: Full-frame upper-left x coordinate.,px,int32,metadata,Never missing when the ROI layout is valid.
master_synchronized.csv,roi3_y,ROI 3: Full-frame upper-left y coordinate.,px,int32,metadata,Never missing when the ROI layout is valid.
master_synchronized.csv,roi3_width,ROI 3: Rectangle width.,px,int32,metadata,Never missing when the ROI layout is valid.
master_synchronized.csv,roi3_height,ROI 3: Rectangle height.,px,int32,metadata,Never missing when the ROI layout is valid.
master_synchronized.csv,roi3_area,ROI 3: Rectangle pixel area.,px^2,int32,calculated,Never missing when the ROI layout is valid.
master_synchronized.csv,roi3_center_x,ROI 3: Rectangle center x coordinate in the full frame.,px,float64,calculated,Never missing when the ROI layout is valid.
master_synchronized.csv,roi3_center_y,ROI 3: Rectangle center y coordinate in the full frame.,px,float64,calculated,Never missing when the ROI layout is valid.
master_synchronized.csv,roi3_mean_h,ROI 3: Circular mean OpenCV hue over pixels meeting the saturation threshold.,OpenCV H (0-179),float64,calculated,NaN when no pixel meets the hue saturation threshold or feature extraction fails.
master_synchronized.csv,roi3_mean_s,ROI 3: Mean OpenCV saturation.,OpenCV S (0-255),float64,calculated,NaN when feature extraction fails.
master_synchronized.csv,roi3_mean_v,ROI 3: Mean raw OpenCV value channel.,OpenCV V (0-255),float64,calculated,NaN when feature extraction fails.
master_synchronized.csv,roi3_median_v,ROI 3: Median raw OpenCV value channel.,OpenCV V (0-255),float64,calculated,NaN when feature extraction fails.
master_synchronized.csv,roi3_max_v,ROI 3: Maximum raw OpenCV value channel.,OpenCV V (0-255),float64,calculated,NaN when feature extraction fails.
master_synchronized.csv,roi3_p95_v,ROI 3: 95th percentile raw OpenCV value channel.,OpenCV V (0-255),float64,calculated,NaN when feature extraction fails.
master_synchronized.csv,roi3_v_std,ROI 3: Population standard deviation of raw OpenCV value.,OpenCV V (0-255),float64,calculated,NaN when feature extraction fails.
master_synchronized.csv,roi3_baseline_mean_v,ROI 3: Saved unloaded baseline mean V for this ROI.,OpenCV V (0-255),float64,metadata,NaN when the baseline is invalid or unavailable.
master_synchronized.csv,roi3_signed_delta_v_sum,ROI 3: Integrated signed per-pixel current V minus baseline median V.,delta V*px,float64,calculated,NaN when baseline or feature extraction is invalid.
master_synchronized.csv,roi3_signed_delta_v_mean,ROI 3: Mean signed per-pixel current V minus baseline median V.,delta V,float64,calculated,NaN when baseline or feature extraction is invalid.
master_synchronized.csv,roi3_signed_delta_v_median,ROI 3: Median signed per-pixel current V minus baseline median V.,delta V,float64,calculated,NaN when baseline or feature extraction is invalid.
master_synchronized.csv,roi3_signed_delta_v_mad,ROI 3: Median absolute deviation of signed per-pixel current V minus baseline median V.,delta V,float64,calculated,NaN when baseline or feature extraction is invalid.
master_synchronized.csv,roi3_delta_v_mean,ROI 3: Mean positive per-pixel baseline-corrected V.,delta V (0-255),float64,calculated,NaN when baseline or feature extraction is invalid.
master_synchronized.csv,roi3_delta_v_max,ROI 3: Maximum positive per-pixel baseline-corrected V.,delta V (0-255),float64,calculated,NaN when baseline or feature extraction is invalid.
master_synchronized.csv,roi3_delta_v_p95,ROI 3: 95th percentile positive per-pixel baseline-corrected V.,delta V (0-255),float64,calculated,NaN when baseline or feature extraction is invalid.
master_synchronized.csv,roi3_delta_v_sum,ROI 3: Integrated positive per-pixel baseline-corrected V.,delta V*px,float64,calculated,NaN when baseline or feature extraction is invalid.
master_synchronized.csv,roi3_delta_v_sum_per_pixel,ROI 3: Integrated positive delta V divided by ROI area.,delta V,float64,calculated,NaN when baseline or feature extraction is invalid.
master_synchronized.csv,roi3_delta_v_std,ROI 3: Population standard deviation of positive delta V.,delta V (0-255),float64,calculated,NaN when baseline or feature extraction is invalid.
master_synchronized.csv,roi3_active_pixel_count,ROI 3: Pixels whose positive delta V meets the configured threshold.,count,int32,calculated,NaN when baseline or feature extraction is invalid.
master_synchronized.csv,roi3_active_fraction,ROI 3: Active-pixel count divided by ROI area.,fraction,float64,calculated,NaN when baseline or feature extraction is invalid.
master_synchronized.csv,roi3_roi_local_centroid_x,ROI 3: Delta-V weighted x centroid in ROI-local coordinates.,px,float64,calculated,NaN when integrated positive delta V is zero or features are invalid.
master_synchronized.csv,roi3_roi_local_centroid_y,ROI 3: Delta-V weighted y centroid in ROI-local coordinates.,px,float64,calculated,NaN when integrated positive delta V is zero or features are invalid.
master_synchronized.csv,roi3_full_frame_centroid_x,ROI 3: Delta-V weighted x centroid in full-frame coordinates.,px,float64,calculated,NaN when the ROI-local centroid is unavailable.
master_synchronized.csv,roi3_full_frame_centroid_y,ROI 3: Delta-V weighted y centroid in full-frame coordinates.,px,float64,calculated,NaN when the ROI-local centroid is unavailable.
master_synchronized.csv,roi3_normalized_intensity,ROI 3: ROI mean positive delta V divided by total across all nine ROIs.,fraction,float64,calculated,NaN when total mean delta V is zero or features are invalid.
master_synchronized.csv,roi4_x,ROI 4: Full-frame upper-left x coordinate.,px,int32,metadata,Never missing when the ROI layout is valid.
master_synchronized.csv,roi4_y,ROI 4: Full-frame upper-left y coordinate.,px,int32,metadata,Never missing when the ROI layout is valid.
master_synchronized.csv,roi4_width,ROI 4: Rectangle width.,px,int32,metadata,Never missing when the ROI layout is valid.
master_synchronized.csv,roi4_height,ROI 4: Rectangle height.,px,int32,metadata,Never missing when the ROI layout is valid.
master_synchronized.csv,roi4_area,ROI 4: Rectangle pixel area.,px^2,int32,calculated,Never missing when the ROI layout is valid.
master_synchronized.csv,roi4_center_x,ROI 4: Rectangle center x coordinate in the full frame.,px,float64,calculated,Never missing when the ROI layout is valid.
master_synchronized.csv,roi4_center_y,ROI 4: Rectangle center y coordinate in the full frame.,px,float64,calculated,Never missing when the ROI layout is valid.
master_synchronized.csv,roi4_mean_h,ROI 4: Circular mean OpenCV hue over pixels meeting the saturation threshold.,OpenCV H (0-179),float64,calculated,NaN when no pixel meets the hue saturation threshold or feature extraction fails.
master_synchronized.csv,roi4_mean_s,ROI 4: Mean OpenCV saturation.,OpenCV S (0-255),float64,calculated,NaN when feature extraction fails.
master_synchronized.csv,roi4_mean_v,ROI 4: Mean raw OpenCV value channel.,OpenCV V (0-255),float64,calculated,NaN when feature extraction fails.
master_synchronized.csv,roi4_median_v,ROI 4: Median raw OpenCV value channel.,OpenCV V (0-255),float64,calculated,NaN when feature extraction fails.
master_synchronized.csv,roi4_max_v,ROI 4: Maximum raw OpenCV value channel.,OpenCV V (0-255),float64,calculated,NaN when feature extraction fails.
master_synchronized.csv,roi4_p95_v,ROI 4: 95th percentile raw OpenCV value channel.,OpenCV V (0-255),float64,calculated,NaN when feature extraction fails.
master_synchronized.csv,roi4_v_std,ROI 4: Population standard deviation of raw OpenCV value.,OpenCV V (0-255),float64,calculated,NaN when feature extraction fails.
master_synchronized.csv,roi4_baseline_mean_v,ROI 4: Saved unloaded baseline mean V for this ROI.,OpenCV V (0-255),float64,metadata,NaN when the baseline is invalid or unavailable.
master_synchronized.csv,roi4_signed_delta_v_sum,ROI 4: Integrated signed per-pixel current V minus baseline median V.,delta V*px,float64,calculated,NaN when baseline or feature extraction is invalid.
master_synchronized.csv,roi4_signed_delta_v_mean,ROI 4: Mean signed per-pixel current V minus baseline median V.,delta V,float64,calculated,NaN when baseline or feature extraction is invalid.
master_synchronized.csv,roi4_signed_delta_v_median,ROI 4: Median signed per-pixel current V minus baseline median V.,delta V,float64,calculated,NaN when baseline or feature extraction is invalid.
master_synchronized.csv,roi4_signed_delta_v_mad,ROI 4: Median absolute deviation of signed per-pixel current V minus baseline median V.,delta V,float64,calculated,NaN when baseline or feature extraction is invalid.
master_synchronized.csv,roi4_delta_v_mean,ROI 4: Mean positive per-pixel baseline-corrected V.,delta V (0-255),float64,calculated,NaN when baseline or feature extraction is invalid.
master_synchronized.csv,roi4_delta_v_max,ROI 4: Maximum positive per-pixel baseline-corrected V.,delta V (0-255),float64,calculated,NaN when baseline or feature extraction is invalid.
master_synchronized.csv,roi4_delta_v_p95,ROI 4: 95th percentile positive per-pixel baseline-corrected V.,delta V (0-255),float64,calculated,NaN when baseline or feature extraction is invalid.
master_synchronized.csv,roi4_delta_v_sum,ROI 4: Integrated positive per-pixel baseline-corrected V.,delta V*px,float64,calculated,NaN when baseline or feature extraction is invalid.
master_synchronized.csv,roi4_delta_v_sum_per_pixel,ROI 4: Integrated positive delta V divided by ROI area.,delta V,float64,calculated,NaN when baseline or feature extraction is invalid.
master_synchronized.csv,roi4_delta_v_std,ROI 4: Population standard deviation of positive delta V.,delta V (0-255),float64,calculated,NaN when baseline or feature extraction is invalid.
master_synchronized.csv,roi4_active_pixel_count,ROI 4: Pixels whose positive delta V meets the configured threshold.,count,int32,calculated,NaN when baseline or feature extraction is invalid.
master_synchronized.csv,roi4_active_fraction,ROI 4: Active-pixel count divided by ROI area.,fraction,float64,calculated,NaN when baseline or feature extraction is invalid.
master_synchronized.csv,roi4_roi_local_centroid_x,ROI 4: Delta-V weighted x centroid in ROI-local coordinates.,px,float64,calculated,NaN when integrated positive delta V is zero or features are invalid.
master_synchronized.csv,roi4_roi_local_centroid_y,ROI 4: Delta-V weighted y centroid in ROI-local coordinates.,px,float64,calculated,NaN when integrated positive delta V is zero or features are invalid.
master_synchronized.csv,roi4_full_frame_centroid_x,ROI 4: Delta-V weighted x centroid in full-frame coordinates.,px,float64,calculated,NaN when the ROI-local centroid is unavailable.
master_synchronized.csv,roi4_full_frame_centroid_y,ROI 4: Delta-V weighted y centroid in full-frame coordinates.,px,float64,calculated,NaN when the ROI-local centroid is unavailable.
master_synchronized.csv,roi4_normalized_intensity,ROI 4: ROI mean positive delta V divided by total across all nine ROIs.,fraction,float64,calculated,NaN when total mean delta V is zero or features are invalid.
master_synchronized.csv,roi5_x,ROI 5: Full-frame upper-left x coordinate.,px,int32,metadata,Never missing when the ROI layout is valid.
master_synchronized.csv,roi5_y,ROI 5: Full-frame upper-left y coordinate.,px,int32,metadata,Never missing when the ROI layout is valid.
master_synchronized.csv,roi5_width,ROI 5: Rectangle width.,px,int32,metadata,Never missing when the ROI layout is valid.
master_synchronized.csv,roi5_height,ROI 5: Rectangle height.,px,int32,metadata,Never missing when the ROI layout is valid.
master_synchronized.csv,roi5_area,ROI 5: Rectangle pixel area.,px^2,int32,calculated,Never missing when the ROI layout is valid.
master_synchronized.csv,roi5_center_x,ROI 5: Rectangle center x coordinate in the full frame.,px,float64,calculated,Never missing when the ROI layout is valid.
master_synchronized.csv,roi5_center_y,ROI 5: Rectangle center y coordinate in the full frame.,px,float64,calculated,Never missing when the ROI layout is valid.
master_synchronized.csv,roi5_mean_h,ROI 5: Circular mean OpenCV hue over pixels meeting the saturation threshold.,OpenCV H (0-179),float64,calculated,NaN when no pixel meets the hue saturation threshold or feature extraction fails.
master_synchronized.csv,roi5_mean_s,ROI 5: Mean OpenCV saturation.,OpenCV S (0-255),float64,calculated,NaN when feature extraction fails.
master_synchronized.csv,roi5_mean_v,ROI 5: Mean raw OpenCV value channel.,OpenCV V (0-255),float64,calculated,NaN when feature extraction fails.
master_synchronized.csv,roi5_median_v,ROI 5: Median raw OpenCV value channel.,OpenCV V (0-255),float64,calculated,NaN when feature extraction fails.
master_synchronized.csv,roi5_max_v,ROI 5: Maximum raw OpenCV value channel.,OpenCV V (0-255),float64,calculated,NaN when feature extraction fails.
master_synchronized.csv,roi5_p95_v,ROI 5: 95th percentile raw OpenCV value channel.,OpenCV V (0-255),float64,calculated,NaN when feature extraction fails.
master_synchronized.csv,roi5_v_std,ROI 5: Population standard deviation of raw OpenCV value.,OpenCV V (0-255),float64,calculated,NaN when feature extraction fails.
master_synchronized.csv,roi5_baseline_mean_v,ROI 5: Saved unloaded baseline mean V for this ROI.,OpenCV V (0-255),float64,metadata,NaN when the baseline is invalid or unavailable.
master_synchronized.csv,roi5_signed_delta_v_sum,ROI 5: Integrated signed per-pixel current V minus baseline median V.,delta V*px,float64,calculated,NaN when baseline or feature extraction is invalid.
master_synchronized.csv,roi5_signed_delta_v_mean,ROI 5: Mean signed per-pixel current V minus baseline median V.,delta V,float64,calculated,NaN when baseline or feature extraction is invalid.
master_synchronized.csv,roi5_signed_delta_v_median,ROI 5: Median signed per-pixel current V minus baseline median V.,delta V,float64,calculated,NaN when baseline or feature extraction is invalid.
master_synchronized.csv,roi5_signed_delta_v_mad,ROI 5: Median absolute deviation of signed per-pixel current V minus baseline median V.,delta V,float64,calculated,NaN when baseline or feature extraction is invalid.
master_synchronized.csv,roi5_delta_v_mean,ROI 5: Mean positive per-pixel baseline-corrected V.,delta V (0-255),float64,calculated,NaN when baseline or feature extraction is invalid.
master_synchronized.csv,roi5_delta_v_max,ROI 5: Maximum positive per-pixel baseline-corrected V.,delta V (0-255),float64,calculated,NaN when baseline or feature extraction is invalid.
master_synchronized.csv,roi5_delta_v_p95,ROI 5: 95th percentile positive per-pixel baseline-corrected V.,delta V (0-255),float64,calculated,NaN when baseline or feature extraction is invalid.
master_synchronized.csv,roi5_delta_v_sum,ROI 5: Integrated positive per-pixel baseline-corrected V.,delta V*px,float64,calculated,NaN when baseline or feature extraction is invalid.
master_synchronized.csv,roi5_delta_v_sum_per_pixel,ROI 5: Integrated positive delta V divided by ROI area.,delta V,float64,calculated,NaN when baseline or feature extraction is invalid.
master_synchronized.csv,roi5_delta_v_std,ROI 5: Population standard deviation of positive delta V.,delta V (0-255),float64,calculated,NaN when baseline or feature extraction is invalid.
master_synchronized.csv,roi5_active_pixel_count,ROI 5: Pixels whose positive delta V meets the configured threshold.,count,int32,calculated,NaN when baseline or feature extraction is invalid.
master_synchronized.csv,roi5_active_fraction,ROI 5: Active-pixel count divided by ROI area.,fraction,float64,calculated,NaN when baseline or feature extraction is invalid.
master_synchronized.csv,roi5_roi_local_centroid_x,ROI 5: Delta-V weighted x centroid in ROI-local coordinates.,px,float64,calculated,NaN when integrated positive delta V is zero or features are invalid.
master_synchronized.csv,roi5_roi_local_centroid_y,ROI 5: Delta-V weighted y centroid in ROI-local coordinates.,px,float64,calculated,NaN when integrated positive delta V is zero or features are invalid.
master_synchronized.csv,roi5_full_frame_centroid_x,ROI 5: Delta-V weighted x centroid in full-frame coordinates.,px,float64,calculated,NaN when the ROI-local centroid is unavailable.
master_synchronized.csv,roi5_full_frame_centroid_y,ROI 5: Delta-V weighted y centroid in full-frame coordinates.,px,float64,calculated,NaN when the ROI-local centroid is unavailable.
master_synchronized.csv,roi5_normalized_intensity,ROI 5: ROI mean positive delta V divided by total across all nine ROIs.,fraction,float64,calculated,NaN when total mean delta V is zero or features are invalid.
master_synchronized.csv,roi6_x,ROI 6: Full-frame upper-left x coordinate.,px,int32,metadata,Never missing when the ROI layout is valid.
master_synchronized.csv,roi6_y,ROI 6: Full-frame upper-left y coordinate.,px,int32,metadata,Never missing when the ROI layout is valid.
master_synchronized.csv,roi6_width,ROI 6: Rectangle width.,px,int32,metadata,Never missing when the ROI layout is valid.
master_synchronized.csv,roi6_height,ROI 6: Rectangle height.,px,int32,metadata,Never missing when the ROI layout is valid.
master_synchronized.csv,roi6_area,ROI 6: Rectangle pixel area.,px^2,int32,calculated,Never missing when the ROI layout is valid.
master_synchronized.csv,roi6_center_x,ROI 6: Rectangle center x coordinate in the full frame.,px,float64,calculated,Never missing when the ROI layout is valid.
master_synchronized.csv,roi6_center_y,ROI 6: Rectangle center y coordinate in the full frame.,px,float64,calculated,Never missing when the ROI layout is valid.
master_synchronized.csv,roi6_mean_h,ROI 6: Circular mean OpenCV hue over pixels meeting the saturation threshold.,OpenCV H (0-179),float64,calculated,NaN when no pixel meets the hue saturation threshold or feature extraction fails.
master_synchronized.csv,roi6_mean_s,ROI 6: Mean OpenCV saturation.,OpenCV S (0-255),float64,calculated,NaN when feature extraction fails.
master_synchronized.csv,roi6_mean_v,ROI 6: Mean raw OpenCV value channel.,OpenCV V (0-255),float64,calculated,NaN when feature extraction fails.
master_synchronized.csv,roi6_median_v,ROI 6: Median raw OpenCV value channel.,OpenCV V (0-255),float64,calculated,NaN when feature extraction fails.
master_synchronized.csv,roi6_max_v,ROI 6: Maximum raw OpenCV value channel.,OpenCV V (0-255),float64,calculated,NaN when feature extraction fails.
master_synchronized.csv,roi6_p95_v,ROI 6: 95th percentile raw OpenCV value channel.,OpenCV V (0-255),float64,calculated,NaN when feature extraction fails.
master_synchronized.csv,roi6_v_std,ROI 6: Population standard deviation of raw OpenCV value.,OpenCV V (0-255),float64,calculated,NaN when feature extraction fails.
master_synchronized.csv,roi6_baseline_mean_v,ROI 6: Saved unloaded baseline mean V for this ROI.,OpenCV V (0-255),float64,metadata,NaN when the baseline is invalid or unavailable.
master_synchronized.csv,roi6_signed_delta_v_sum,ROI 6: Integrated signed per-pixel current V minus baseline median V.,delta V*px,float64,calculated,NaN when baseline or feature extraction is invalid.
master_synchronized.csv,roi6_signed_delta_v_mean,ROI 6: Mean signed per-pixel current V minus baseline median V.,delta V,float64,calculated,NaN when baseline or feature extraction is invalid.
master_synchronized.csv,roi6_signed_delta_v_median,ROI 6: Median signed per-pixel current V minus baseline median V.,delta V,float64,calculated,NaN when baseline or feature extraction is invalid.
master_synchronized.csv,roi6_signed_delta_v_mad,ROI 6: Median absolute deviation of signed per-pixel current V minus baseline median V.,delta V,float64,calculated,NaN when baseline or feature extraction is invalid.
master_synchronized.csv,roi6_delta_v_mean,ROI 6: Mean positive per-pixel baseline-corrected V.,delta V (0-255),float64,calculated,NaN when baseline or feature extraction is invalid.
master_synchronized.csv,roi6_delta_v_max,ROI 6: Maximum positive per-pixel baseline-corrected V.,delta V (0-255),float64,calculated,NaN when baseline or feature extraction is invalid.
master_synchronized.csv,roi6_delta_v_p95,ROI 6: 95th percentile positive per-pixel baseline-corrected V.,delta V (0-255),float64,calculated,NaN when baseline or feature extraction is invalid.
master_synchronized.csv,roi6_delta_v_sum,ROI 6: Integrated positive per-pixel baseline-corrected V.,delta V*px,float64,calculated,NaN when baseline or feature extraction is invalid.
master_synchronized.csv,roi6_delta_v_sum_per_pixel,ROI 6: Integrated positive delta V divided by ROI area.,delta V,float64,calculated,NaN when baseline or feature extraction is invalid.
master_synchronized.csv,roi6_delta_v_std,ROI 6: Population standard deviation of positive delta V.,delta V (0-255),float64,calculated,NaN when baseline or feature extraction is invalid.
master_synchronized.csv,roi6_active_pixel_count,ROI 6: Pixels whose positive delta V meets the configured threshold.,count,int32,calculated,NaN when baseline or feature extraction is invalid.
master_synchronized.csv,roi6_active_fraction,ROI 6: Active-pixel count divided by ROI area.,fraction,float64,calculated,NaN when baseline or feature extraction is invalid.
master_synchronized.csv,roi6_roi_local_centroid_x,ROI 6: Delta-V weighted x centroid in ROI-local coordinates.,px,float64,calculated,NaN when integrated positive delta V is zero or features are invalid.
master_synchronized.csv,roi6_roi_local_centroid_y,ROI 6: Delta-V weighted y centroid in ROI-local coordinates.,px,float64,calculated,NaN when integrated positive delta V is zero or features are invalid.
master_synchronized.csv,roi6_full_frame_centroid_x,ROI 6: Delta-V weighted x centroid in full-frame coordinates.,px,float64,calculated,NaN when the ROI-local centroid is unavailable.
master_synchronized.csv,roi6_full_frame_centroid_y,ROI 6: Delta-V weighted y centroid in full-frame coordinates.,px,float64,calculated,NaN when the ROI-local centroid is unavailable.
master_synchronized.csv,roi6_normalized_intensity,ROI 6: ROI mean positive delta V divided by total across all nine ROIs.,fraction,float64,calculated,NaN when total mean delta V is zero or features are invalid.
master_synchronized.csv,roi7_x,ROI 7: Full-frame upper-left x coordinate.,px,int32,metadata,Never missing when the ROI layout is valid.
master_synchronized.csv,roi7_y,ROI 7: Full-frame upper-left y coordinate.,px,int32,metadata,Never missing when the ROI layout is valid.
master_synchronized.csv,roi7_width,ROI 7: Rectangle width.,px,int32,metadata,Never missing when the ROI layout is valid.
master_synchronized.csv,roi7_height,ROI 7: Rectangle height.,px,int32,metadata,Never missing when the ROI layout is valid.
master_synchronized.csv,roi7_area,ROI 7: Rectangle pixel area.,px^2,int32,calculated,Never missing when the ROI layout is valid.
master_synchronized.csv,roi7_center_x,ROI 7: Rectangle center x coordinate in the full frame.,px,float64,calculated,Never missing when the ROI layout is valid.
master_synchronized.csv,roi7_center_y,ROI 7: Rectangle center y coordinate in the full frame.,px,float64,calculated,Never missing when the ROI layout is valid.
master_synchronized.csv,roi7_mean_h,ROI 7: Circular mean OpenCV hue over pixels meeting the saturation threshold.,OpenCV H (0-179),float64,calculated,NaN when no pixel meets the hue saturation threshold or feature extraction fails.
master_synchronized.csv,roi7_mean_s,ROI 7: Mean OpenCV saturation.,OpenCV S (0-255),float64,calculated,NaN when feature extraction fails.
master_synchronized.csv,roi7_mean_v,ROI 7: Mean raw OpenCV value channel.,OpenCV V (0-255),float64,calculated,NaN when feature extraction fails.
master_synchronized.csv,roi7_median_v,ROI 7: Median raw OpenCV value channel.,OpenCV V (0-255),float64,calculated,NaN when feature extraction fails.
master_synchronized.csv,roi7_max_v,ROI 7: Maximum raw OpenCV value channel.,OpenCV V (0-255),float64,calculated,NaN when feature extraction fails.
master_synchronized.csv,roi7_p95_v,ROI 7: 95th percentile raw OpenCV value channel.,OpenCV V (0-255),float64,calculated,NaN when feature extraction fails.
master_synchronized.csv,roi7_v_std,ROI 7: Population standard deviation of raw OpenCV value.,OpenCV V (0-255),float64,calculated,NaN when feature extraction fails.
master_synchronized.csv,roi7_baseline_mean_v,ROI 7: Saved unloaded baseline mean V for this ROI.,OpenCV V (0-255),float64,metadata,NaN when the baseline is invalid or unavailable.
master_synchronized.csv,roi7_signed_delta_v_sum,ROI 7: Integrated signed per-pixel current V minus baseline median V.,delta V*px,float64,calculated,NaN when baseline or feature extraction is invalid.
master_synchronized.csv,roi7_signed_delta_v_mean,ROI 7: Mean signed per-pixel current V minus baseline median V.,delta V,float64,calculated,NaN when baseline or feature extraction is invalid.
master_synchronized.csv,roi7_signed_delta_v_median,ROI 7: Median signed per-pixel current V minus baseline median V.,delta V,float64,calculated,NaN when baseline or feature extraction is invalid.
master_synchronized.csv,roi7_signed_delta_v_mad,ROI 7: Median absolute deviation of signed per-pixel current V minus baseline median V.,delta V,float64,calculated,NaN when baseline or feature extraction is invalid.
master_synchronized.csv,roi7_delta_v_mean,ROI 7: Mean positive per-pixel baseline-corrected V.,delta V (0-255),float64,calculated,NaN when baseline or feature extraction is invalid.
master_synchronized.csv,roi7_delta_v_max,ROI 7: Maximum positive per-pixel baseline-corrected V.,delta V (0-255),float64,calculated,NaN when baseline or feature extraction is invalid.
master_synchronized.csv,roi7_delta_v_p95,ROI 7: 95th percentile positive per-pixel baseline-corrected V.,delta V (0-255),float64,calculated,NaN when baseline or feature extraction is invalid.
master_synchronized.csv,roi7_delta_v_sum,ROI 7: Integrated positive per-pixel baseline-corrected V.,delta V*px,float64,calculated,NaN when baseline or feature extraction is invalid.
master_synchronized.csv,roi7_delta_v_sum_per_pixel,ROI 7: Integrated positive delta V divided by ROI area.,delta V,float64,calculated,NaN when baseline or feature extraction is invalid.
master_synchronized.csv,roi7_delta_v_std,ROI 7: Population standard deviation of positive delta V.,delta V (0-255),float64,calculated,NaN when baseline or feature extraction is invalid.
master_synchronized.csv,roi7_active_pixel_count,ROI 7: Pixels whose positive delta V meets the configured threshold.,count,int32,calculated,NaN when baseline or feature extraction is invalid.
master_synchronized.csv,roi7_active_fraction,ROI 7: Active-pixel count divided by ROI area.,fraction,float64,calculated,NaN when baseline or feature extraction is invalid.
master_synchronized.csv,roi7_roi_local_centroid_x,ROI 7: Delta-V weighted x centroid in ROI-local coordinates.,px,float64,calculated,NaN when integrated positive delta V is zero or features are invalid.
master_synchronized.csv,roi7_roi_local_centroid_y,ROI 7: Delta-V weighted y centroid in ROI-local coordinates.,px,float64,calculated,NaN when integrated positive delta V is zero or features are invalid.
master_synchronized.csv,roi7_full_frame_centroid_x,ROI 7: Delta-V weighted x centroid in full-frame coordinates.,px,float64,calculated,NaN when the ROI-local centroid is unavailable.
master_synchronized.csv,roi7_full_frame_centroid_y,ROI 7: Delta-V weighted y centroid in full-frame coordinates.,px,float64,calculated,NaN when the ROI-local centroid is unavailable.
master_synchronized.csv,roi7_normalized_intensity,ROI 7: ROI mean positive delta V divided by total across all nine ROIs.,fraction,float64,calculated,NaN when total mean delta V is zero or features are invalid.
master_synchronized.csv,roi8_x,ROI 8: Full-frame upper-left x coordinate.,px,int32,metadata,Never missing when the ROI layout is valid.
master_synchronized.csv,roi8_y,ROI 8: Full-frame upper-left y coordinate.,px,int32,metadata,Never missing when the ROI layout is valid.
master_synchronized.csv,roi8_width,ROI 8: Rectangle width.,px,int32,metadata,Never missing when the ROI layout is valid.
master_synchronized.csv,roi8_height,ROI 8: Rectangle height.,px,int32,metadata,Never missing when the ROI layout is valid.
master_synchronized.csv,roi8_area,ROI 8: Rectangle pixel area.,px^2,int32,calculated,Never missing when the ROI layout is valid.
master_synchronized.csv,roi8_center_x,ROI 8: Rectangle center x coordinate in the full frame.,px,float64,calculated,Never missing when the ROI layout is valid.
master_synchronized.csv,roi8_center_y,ROI 8: Rectangle center y coordinate in the full frame.,px,float64,calculated,Never missing when the ROI layout is valid.
master_synchronized.csv,roi8_mean_h,ROI 8: Circular mean OpenCV hue over pixels meeting the saturation threshold.,OpenCV H (0-179),float64,calculated,NaN when no pixel meets the hue saturation threshold or feature extraction fails.
master_synchronized.csv,roi8_mean_s,ROI 8: Mean OpenCV saturation.,OpenCV S (0-255),float64,calculated,NaN when feature extraction fails.
master_synchronized.csv,roi8_mean_v,ROI 8: Mean raw OpenCV value channel.,OpenCV V (0-255),float64,calculated,NaN when feature extraction fails.
master_synchronized.csv,roi8_median_v,ROI 8: Median raw OpenCV value channel.,OpenCV V (0-255),float64,calculated,NaN when feature extraction fails.
master_synchronized.csv,roi8_max_v,ROI 8: Maximum raw OpenCV value channel.,OpenCV V (0-255),float64,calculated,NaN when feature extraction fails.
master_synchronized.csv,roi8_p95_v,ROI 8: 95th percentile raw OpenCV value channel.,OpenCV V (0-255),float64,calculated,NaN when feature extraction fails.
master_synchronized.csv,roi8_v_std,ROI 8: Population standard deviation of raw OpenCV value.,OpenCV V (0-255),float64,calculated,NaN when feature extraction fails.
master_synchronized.csv,roi8_baseline_mean_v,ROI 8: Saved unloaded baseline mean V for this ROI.,OpenCV V (0-255),float64,metadata,NaN when the baseline is invalid or unavailable.
master_synchronized.csv,roi8_signed_delta_v_sum,ROI 8: Integrated signed per-pixel current V minus baseline median V.,delta V*px,float64,calculated,NaN when baseline or feature extraction is invalid.
master_synchronized.csv,roi8_signed_delta_v_mean,ROI 8: Mean signed per-pixel current V minus baseline median V.,delta V,float64,calculated,NaN when baseline or feature extraction is invalid.
master_synchronized.csv,roi8_signed_delta_v_median,ROI 8: Median signed per-pixel current V minus baseline median V.,delta V,float64,calculated,NaN when baseline or feature extraction is invalid.
master_synchronized.csv,roi8_signed_delta_v_mad,ROI 8: Median absolute deviation of signed per-pixel current V minus baseline median V.,delta V,float64,calculated,NaN when baseline or feature extraction is invalid.
master_synchronized.csv,roi8_delta_v_mean,ROI 8: Mean positive per-pixel baseline-corrected V.,delta V (0-255),float64,calculated,NaN when baseline or feature extraction is invalid.
master_synchronized.csv,roi8_delta_v_max,ROI 8: Maximum positive per-pixel baseline-corrected V.,delta V (0-255),float64,calculated,NaN when baseline or feature extraction is invalid.
master_synchronized.csv,roi8_delta_v_p95,ROI 8: 95th percentile positive per-pixel baseline-corrected V.,delta V (0-255),float64,calculated,NaN when baseline or feature extraction is invalid.
master_synchronized.csv,roi8_delta_v_sum,ROI 8: Integrated positive per-pixel baseline-corrected V.,delta V*px,float64,calculated,NaN when baseline or feature extraction is invalid.
master_synchronized.csv,roi8_delta_v_sum_per_pixel,ROI 8: Integrated positive delta V divided by ROI area.,delta V,float64,calculated,NaN when baseline or feature extraction is invalid.
master_synchronized.csv,roi8_delta_v_std,ROI 8: Population standard deviation of positive delta V.,delta V (0-255),float64,calculated,NaN when baseline or feature extraction is invalid.
master_synchronized.csv,roi8_active_pixel_count,ROI 8: Pixels whose positive delta V meets the configured threshold.,count,int32,calculated,NaN when baseline or feature extraction is invalid.
master_synchronized.csv,roi8_active_fraction,ROI 8: Active-pixel count divided by ROI area.,fraction,float64,calculated,NaN when baseline or feature extraction is invalid.
master_synchronized.csv,roi8_roi_local_centroid_x,ROI 8: Delta-V weighted x centroid in ROI-local coordinates.,px,float64,calculated,NaN when integrated positive delta V is zero or features are invalid.
master_synchronized.csv,roi8_roi_local_centroid_y,ROI 8: Delta-V weighted y centroid in ROI-local coordinates.,px,float64,calculated,NaN when integrated positive delta V is zero or features are invalid.
master_synchronized.csv,roi8_full_frame_centroid_x,ROI 8: Delta-V weighted x centroid in full-frame coordinates.,px,float64,calculated,NaN when the ROI-local centroid is unavailable.
master_synchronized.csv,roi8_full_frame_centroid_y,ROI 8: Delta-V weighted y centroid in full-frame coordinates.,px,float64,calculated,NaN when the ROI-local centroid is unavailable.
master_synchronized.csv,roi8_normalized_intensity,ROI 8: ROI mean positive delta V divided by total across all nine ROIs.,fraction,float64,calculated,NaN when total mean delta V is zero or features are invalid.
master_synchronized.csv,roi9_x,ROI 9: Full-frame upper-left x coordinate.,px,int32,metadata,Never missing when the ROI layout is valid.
master_synchronized.csv,roi9_y,ROI 9: Full-frame upper-left y coordinate.,px,int32,metadata,Never missing when the ROI layout is valid.
master_synchronized.csv,roi9_width,ROI 9: Rectangle width.,px,int32,metadata,Never missing when the ROI layout is valid.
master_synchronized.csv,roi9_height,ROI 9: Rectangle height.,px,int32,metadata,Never missing when the ROI layout is valid.
master_synchronized.csv,roi9_area,ROI 9: Rectangle pixel area.,px^2,int32,calculated,Never missing when the ROI layout is valid.
master_synchronized.csv,roi9_center_x,ROI 9: Rectangle center x coordinate in the full frame.,px,float64,calculated,Never missing when the ROI layout is valid.
master_synchronized.csv,roi9_center_y,ROI 9: Rectangle center y coordinate in the full frame.,px,float64,calculated,Never missing when the ROI layout is valid.
master_synchronized.csv,roi9_mean_h,ROI 9: Circular mean OpenCV hue over pixels meeting the saturation threshold.,OpenCV H (0-179),float64,calculated,NaN when no pixel meets the hue saturation threshold or feature extraction fails.
master_synchronized.csv,roi9_mean_s,ROI 9: Mean OpenCV saturation.,OpenCV S (0-255),float64,calculated,NaN when feature extraction fails.
master_synchronized.csv,roi9_mean_v,ROI 9: Mean raw OpenCV value channel.,OpenCV V (0-255),float64,calculated,NaN when feature extraction fails.
master_synchronized.csv,roi9_median_v,ROI 9: Median raw OpenCV value channel.,OpenCV V (0-255),float64,calculated,NaN when feature extraction fails.
master_synchronized.csv,roi9_max_v,ROI 9: Maximum raw OpenCV value channel.,OpenCV V (0-255),float64,calculated,NaN when feature extraction fails.
master_synchronized.csv,roi9_p95_v,ROI 9: 95th percentile raw OpenCV value channel.,OpenCV V (0-255),float64,calculated,NaN when feature extraction fails.
master_synchronized.csv,roi9_v_std,ROI 9: Population standard deviation of raw OpenCV value.,OpenCV V (0-255),float64,calculated,NaN when feature extraction fails.
master_synchronized.csv,roi9_baseline_mean_v,ROI 9: Saved unloaded baseline mean V for this ROI.,OpenCV V (0-255),float64,metadata,NaN when the baseline is invalid or unavailable.
master_synchronized.csv,roi9_signed_delta_v_sum,ROI 9: Integrated signed per-pixel current V minus baseline median V.,delta V*px,float64,calculated,NaN when baseline or feature extraction is invalid.
master_synchronized.csv,roi9_signed_delta_v_mean,ROI 9: Mean signed per-pixel current V minus baseline median V.,delta V,float64,calculated,NaN when baseline or feature extraction is invalid.
master_synchronized.csv,roi9_signed_delta_v_median,ROI 9: Median signed per-pixel current V minus baseline median V.,delta V,float64,calculated,NaN when baseline or feature extraction is invalid.
master_synchronized.csv,roi9_signed_delta_v_mad,ROI 9: Median absolute deviation of signed per-pixel current V minus baseline median V.,delta V,float64,calculated,NaN when baseline or feature extraction is invalid.
master_synchronized.csv,roi9_delta_v_mean,ROI 9: Mean positive per-pixel baseline-corrected V.,delta V (0-255),float64,calculated,NaN when baseline or feature extraction is invalid.
master_synchronized.csv,roi9_delta_v_max,ROI 9: Maximum positive per-pixel baseline-corrected V.,delta V (0-255),float64,calculated,NaN when baseline or feature extraction is invalid.
master_synchronized.csv,roi9_delta_v_p95,ROI 9: 95th percentile positive per-pixel baseline-corrected V.,delta V (0-255),float64,calculated,NaN when baseline or feature extraction is invalid.
master_synchronized.csv,roi9_delta_v_sum,ROI 9: Integrated positive per-pixel baseline-corrected V.,delta V*px,float64,calculated,NaN when baseline or feature extraction is invalid.
master_synchronized.csv,roi9_delta_v_sum_per_pixel,ROI 9: Integrated positive delta V divided by ROI area.,delta V,float64,calculated,NaN when baseline or feature extraction is invalid.
master_synchronized.csv,roi9_delta_v_std,ROI 9: Population standard deviation of positive delta V.,delta V (0-255),float64,calculated,NaN when baseline or feature extraction is invalid.
master_synchronized.csv,roi9_active_pixel_count,ROI 9: Pixels whose positive delta V meets the configured threshold.,count,int32,calculated,NaN when baseline or feature extraction is invalid.
master_synchronized.csv,roi9_active_fraction,ROI 9: Active-pixel count divided by ROI area.,fraction,float64,calculated,NaN when baseline or feature extraction is invalid.
master_synchronized.csv,roi9_roi_local_centroid_x,ROI 9: Delta-V weighted x centroid in ROI-local coordinates.,px,float64,calculated,NaN when integrated positive delta V is zero or features are invalid.
master_synchronized.csv,roi9_roi_local_centroid_y,ROI 9: Delta-V weighted y centroid in ROI-local coordinates.,px,float64,calculated,NaN when integrated positive delta V is zero or features are invalid.
master_synchronized.csv,roi9_full_frame_centroid_x,ROI 9: Delta-V weighted x centroid in full-frame coordinates.,px,float64,calculated,NaN when the ROI-local centroid is unavailable.
master_synchronized.csv,roi9_full_frame_centroid_y,ROI 9: Delta-V weighted y centroid in full-frame coordinates.,px,float64,calculated,NaN when the ROI-local centroid is unavailable.
master_synchronized.csv,roi9_normalized_intensity,ROI 9: ROI mean positive delta V divided by total across all nine ROIs.,fraction,float64,calculated,NaN when total mean delta V is zero or features are invalid.
master_synchronized.csv,predicted_dominant_roi,ROI number with the largest mean positive delta V above the localization threshold.,ROI number,nullable integer,predicted,Blank when the dominant intensity is below threshold or features are invalid.
master_synchronized.csv,dominant_intensity,Largest ROI mean positive delta V.,delta V (0-255),float64,calculated,NaN when features are invalid.
master_synchronized.csv,second_highest_intensity,Second-largest ROI mean positive delta V.,delta V (0-255),float64,calculated,NaN when features are invalid.
master_synchronized.csv,top_one_to_top_two_ratio,Dominant divided by second-highest intensity.,ratio,float64,calculated,NaN when second-highest intensity is zero or features are invalid.
master_synchronized.csv,dominant_to_total_ratio,Dominant intensity divided by total mean positive delta V.,fraction,float64,calculated,NaN when total intensity is zero or features are invalid.
master_synchronized.csv,weighted_full_frame_x,Nine-ROI intensity-weighted full-frame x coordinate.,px,float64,calculated,NaN when total intensity is zero or features are invalid.
master_synchronized.csv,weighted_full_frame_y,Nine-ROI intensity-weighted full-frame y coordinate.,px,float64,calculated,NaN when total intensity is zero or features are invalid.
master_synchronized.csv,total_corrected_intensity,Sum of the nine ROI mean positive delta-V intensities.,delta V,float64,calculated,NaN when features are invalid.
master_synchronized.csv,global_active_pixel_count,Sum of active-pixel counts across the nine ROIs.,count,nullable int64,calculated,NaN when features are invalid.
master_synchronized.csv,localization_confidence,Dominant ROI mean delta V divided by total mean delta V.,fraction,float64,predicted,NaN when total intensity is zero or features are invalid.
master_synchronized.csv,predicted_roi_matches_target,Whether the predicted ROI equals target_roi_ground_truth.,boolean,nullable boolean,calculated,NaN when no ROI prediction exists.
master_synchronized.csv,frame_valid,Whether the accepted frame identity and video write are valid.,boolean,boolean,calculated,Never missing for a valid row.
master_synchronized.csv,baseline_valid,Whether exact-provenance baseline correction was valid for this frame.,boolean,boolean,calculated,Never missing for a valid row.
master_synchronized.csv,loadcell_valid,Whether calibrated physical load-cell data were available.,boolean,boolean,calculated,Never missing for a valid row.
master_synchronized.csv,saturation_warning,Whether frame or ROI saturation requires scientific caution.,boolean,boolean,calculated,Never missing for a valid row.
master_synchronized.csv,error_code,Machine-readable primary row error code; NONE on success.,,string,metadata,Never missing for a valid row.
master_synchronized.csv,schema_version,Master CSV schema version.,,string,metadata,Never missing for a valid row.
master_synchronized.csv,application_version,Application version that produced the row.,,string,metadata,Never missing for a valid row.
master_synchronized.csv,arduino_protocol_version,HELLO-reported Arduino serial protocol version.,,string,metadata,Blank in simulation or when no valid handshake is available.
master_synchronized.csv,arduino_firmware_version,HELLO-reported Arduino firmware version.,,string,metadata,Blank in simulation or when no valid handshake is available.
master_synchronized.csv,python_version,Python runtime version used for acquisition.,,string,metadata,Never missing for a valid row.
master_synchronized.csv,opencv_version,OpenCV runtime version used for acquisition and video writing.,,string,metadata,Never missing for a valid row.
master_synchronized.csv,operating_system,Operating-system provenance string.,,string,metadata,Never missing for a valid row.
master_synchronized.csv,calibration_id,Identifier of the load-cell calibration used.,,string,metadata,Blank when calibrated force is unavailable.
master_synchronized.csv,baseline_id,Identifier of the exact optical baseline used.,,string,metadata,Blank when baseline correction is unavailable.
master_synchronized.csv,roi_layout_id,Identifier of the exact nine-ROI layout used.,,string,metadata,Never missing for a valid row.
loadcell_raw.csv,arduino_sample_id,Sequential physical HX711 conversion ID emitted by firmware.,count,int64,raw,Never missing for a valid row.
loadcell_raw.csv,arduino_micros,Raw unsigned 32-bit Arduino micros timestamp.,us,int64,raw,Never missing for a valid row.
loadcell_raw.csv,arduino_micros_unwrapped,Host-unwrapped Arduino micros value within the device session.,us,int64,calculated,Never missing for a valid row.
loadcell_raw.csv,raw_adc,Signed raw HX711 sensor reading.,ADC count,float64,raw,Never missing for a valid row.
loadcell_raw.csv,tared_raw,Raw reading minus the saved zero offset.,ADC count,float64,calculated,NaN before a calibration/tare profile is applied.
loadcell_raw.csv,mass_g,Signed mass calculated from the tared raw reading.,g,float64,calculated,NaN before calibration.
loadcell_raw.csv,host_monotonic_ns,Authoritative host receipt timestamp captured at line receipt.,ns,int64,raw,Never missing for a valid row.
loadcell_raw.csv,elapsed_time_s,Sample host receipt time relative to recording start.,s,float64,calculated,Never missing for a valid row.
loadcell_raw.csv,wall_clock_iso,ISO 8601 host receipt wall-clock timestamp.,,string,metadata,Never missing for a valid row.
loadcell_raw.csv,force_gf,"Force calculated from raw ADC, signed scale, and tare.",gf,float64,calculated,NaN when no valid calibration exists.
loadcell_raw.csv,force_N,Force calculated from force_gf using standard gravity.,N,float64,calculated,NaN when no valid calibration exists.
loadcell_raw.csv,calibration_factor_counts_per_gram,Signed calibration factor applied to this sample.,ADC count/g,float64,metadata,NaN before calibration.
loadcell_raw.csv,zero_offset_raw,Raw zero/tare offset applied to this sample.,ADC count,float64,metadata,NaN before calibration.
loadcell_raw.csv,serial_port,Serial port from which this sample was received.,,string,metadata,Blank only when unavailable.
loadcell_raw.csv,baud_rate,Serial baud rate used to receive this sample.,bit/s,int64,metadata,Zero only when unavailable.
loadcell_raw.csv,arduino_timestamp_available,Whether arduino_micros came from the device rather than a host-generated compatibility timestamp.,boolean,boolean,metadata,Never missing for a valid row.
loadcell_raw.csv,device_session_id,"Identifier reset on HELLO, sample-ID reset, or micros reset.",,string,metadata,Never missing for a valid row.
loadcell_raw.csv,loadcell_valid,Whether parsing and calibration are valid for this physical sample.,boolean,boolean,calculated,Never missing for a valid row.
loadcell_raw.csv,error_code,Machine-readable sample error code; NONE for a valid sample.,,string,metadata,Never missing for a valid row.
loadcell_raw.csv,sequence_id,Unique repeated-press sequence identifier.,,string,metadata,Blank outside an automated printer sequence.
loadcell_raw.csv,sequence_generation,Monotonic controller generation used to reject stale callbacks.,count,int64,metadata,Never missing for a valid row.
loadcell_raw.csv,sequence_status,Overall repeated-press sequence status at acquisition time.,,string,metadata,Never missing for a valid row.
loadcell_raw.csv,motion_phase,Explicit repeated-press state-machine phase at acquisition time.,,string,metadata,Never missing for a valid row.
loadcell_raw.csv,motion_phase_host_monotonic_ns,Host monotonic timestamp when the current motion phase began.,ns,int64,raw,Never missing for a valid row.
loadcell_raw.csv,motion_cycle_id,Unique identifier of the active cycle.,,string,metadata,Blank outside an active cycle.
loadcell_raw.csv,motion_cycle_index,One-based active cycle number; zero outside a cycle.,count,int64,metadata,Never missing for a valid row.
loadcell_raw.csv,motion_total_cycles,Configured number of cycles for the sequence.,count,int64,metadata,Never missing for a valid row.
loadcell_raw.csv,command_id,Unique printer command associated with the current phase.,,string,metadata,Blank when no command is active.
loadcell_raw.csv,press_zero_x_mm,Mechanical Press Zero machine X coordinate stored in memory; never implemented with G92.,mm,float64,metadata,NaN when press zero is invalid or unavailable.
loadcell_raw.csv,press_zero_y_mm,Mechanical Press Zero machine Y coordinate stored in memory; never implemented with G92.,mm,float64,metadata,NaN when press zero is invalid or unavailable.
loadcell_raw.csv,press_zero_z_mm,Mechanical Press Zero machine Z coordinate stored in memory; never implemented with G92.,mm,float64,metadata,NaN when press zero is invalid or unavailable.
loadcell_raw.csv,target_displacement_mm,Configured signed displacement relative to press zero; negative is downward on the validated machine.,mm,float64,metadata,NaN outside a configured sequence.
loadcell_raw.csv,target_machine_z_mm,Computed machine Z target equal to press_zero_z_mm plus displacement.,mm,float64,calculated,NaN when press zero is invalid.
loadcell_raw.csv,commanded_x_mm,Most recent commanded absolute X coordinate.,mm,float64,metadata,NaN when X was not commanded.
loadcell_raw.csv,commanded_y_mm,Most recent commanded absolute Y coordinate.,mm,float64,metadata,NaN when Y was not commanded.
loadcell_raw.csv,commanded_z_mm,Most recent commanded absolute Z coordinate.,mm,float64,metadata,NaN when Z was not commanded.
loadcell_raw.csv,requested_feed_rate_mm_min,Feed rate requested for the current motion command.,mm/min,float64,metadata,NaN when no motion is active.
loadcell_raw.csv,printer_reported_x_mm,Latest X coordinate parsed from a printer M114 response.,mm,float64,raw,NaN until an actual printer position report is received.
loadcell_raw.csv,printer_reported_y_mm,Latest Y coordinate parsed from a printer M114 response.,mm,float64,raw,NaN until an actual printer position report is received.
loadcell_raw.csv,printer_reported_z_mm,Latest Z coordinate parsed from a printer M114 response.,mm,float64,raw,NaN until an actual printer position report is received.
loadcell_raw.csv,printer_position_valid,Whether the reported printer coordinates are current and trusted.,boolean,boolean,calculated,Never missing for a valid row.
loadcell_raw.csv,press_zero_valid,Whether the in-memory software press zero remains valid.,boolean,boolean,calculated,Never missing for a valid row.
loadcell_raw.csv,force_limit_N,Configured calibrated-force safety threshold.,N,float64,metadata,NaN when no repeated sequence is configured.
loadcell_raw.csv,force_limit_exceeded,Whether a calibrated sample exceeded the configured force threshold.,boolean,boolean,calculated,Never missing for a valid row.
loadcell_raw.csv,sequence_paused,Whether the sequence was paused at this acquisition time.,boolean,boolean,metadata,Never missing for a valid row.
loadcell_raw.csv,sequence_aborted,Whether the sequence had entered an aborted terminal path.,boolean,boolean,metadata,Never missing for a valid row.
spatial_graph_companion.csv,roi,ROI number (1-9) for a spatial heatmap or spatial-profile value.,ROI number,int32,metadata,Never missing for a valid row.
spatial_graph_companion.csv,row,One-based row of the ROI in the fixed 3-by-3 spatial layout.,grid row,int32,metadata,Never missing for a valid row.
spatial_graph_companion.csv,column,One-based column of the ROI in the fixed 3-by-3 spatial layout.,grid column,int32,metadata,Never missing for a valid row.
spatial_graph_companion.csv,value,Plotted spatial ROI value; its metric and scientific meaning are selected_metric and metric_description in the companion graph JSON.,Metric-dependent; see companion graph JSON metric_units.,float64,calculated,Blank when the selected metric is unavailable or non-finite for this ROI.
temporal_graph_companion.csv,capture_frame_id,Permanent zero-based identity of an accepted recording frame.,count,int64,raw,Never missing for a valid row.
temporal_graph_companion.csv,elapsed_time_s,Frame timestamp relative to the recording monotonic start.,s,float64,calculated,Never missing for a valid row.
temporal_graph_companion.csv,roi1_value,ROI 1 plotted temporal value; its metric and scientific meaning are selected_metric and metric_description in the companion graph JSON.,Metric-dependent; see companion graph JSON metric_units.,float64,calculated,Blank when the selected metric is unavailable or non-finite at this frame.
temporal_graph_companion.csv,roi2_value,ROI 2 plotted temporal value; its metric and scientific meaning are selected_metric and metric_description in the companion graph JSON.,Metric-dependent; see companion graph JSON metric_units.,float64,calculated,Blank when the selected metric is unavailable or non-finite at this frame.
temporal_graph_companion.csv,roi3_value,ROI 3 plotted temporal value; its metric and scientific meaning are selected_metric and metric_description in the companion graph JSON.,Metric-dependent; see companion graph JSON metric_units.,float64,calculated,Blank when the selected metric is unavailable or non-finite at this frame.
temporal_graph_companion.csv,roi4_value,ROI 4 plotted temporal value; its metric and scientific meaning are selected_metric and metric_description in the companion graph JSON.,Metric-dependent; see companion graph JSON metric_units.,float64,calculated,Blank when the selected metric is unavailable or non-finite at this frame.
temporal_graph_companion.csv,roi5_value,ROI 5 plotted temporal value; its metric and scientific meaning are selected_metric and metric_description in the companion graph JSON.,Metric-dependent; see companion graph JSON metric_units.,float64,calculated,Blank when the selected metric is unavailable or non-finite at this frame.
temporal_graph_companion.csv,roi6_value,ROI 6 plotted temporal value; its metric and scientific meaning are selected_metric and metric_description in the companion graph JSON.,Metric-dependent; see companion graph JSON metric_units.,float64,calculated,Blank when the selected metric is unavailable or non-finite at this frame.
temporal_graph_companion.csv,roi7_value,ROI 7 plotted temporal value; its metric and scientific meaning are selected_metric and metric_description in the companion graph JSON.,Metric-dependent; see companion graph JSON metric_units.,float64,calculated,Blank when the selected metric is unavailable or non-finite at this frame.
temporal_graph_companion.csv,roi8_value,ROI 8 plotted temporal value; its metric and scientific meaning are selected_metric and metric_description in the companion graph JSON.,Metric-dependent; see companion graph JSON metric_units.,float64,calculated,Blank when the selected metric is unavailable or non-finite at this frame.
temporal_graph_companion.csv,roi9_value,ROI 9 plotted temporal value; its metric and scientific meaning are selected_metric and metric_description in the companion graph JSON.,Metric-dependent; see companion graph JSON metric_units.,float64,calculated,Blank when the selected metric is unavailable or non-finite at this frame.
