session_id,test_group,target_roi,force_bin_N,frames,median_force_N,median_total_light,median_global_signed_light,median_light_1,median_light_2,median_light_3,median_light_4,median_light_5,median_light_6,median_light_7,median_light_8,median_light_9,data_origin
2026-08-08_142130_319119_1_R1_TEST1,TEST1,1,0.125,37,0.1494486822394235,2535.0,-56867.0,776.0,226.0,525.0,0.0,0.0,305.0,106.0,0.0,149.0,empirical-manual
2026-08-08_142130_319119_1_R1_TEST1,TEST1,1,0.375,42,0.34178087180093464,3007.5,-54020.0,1073.0,295.5,561.5,0.0,0.0,477.0,168.5,0.0,160.0,empirical-manual
2026-08-08_142130_319119_1_R1_TEST1,TEST1,1,0.625,50,0.6173308218547069,3296.0,-54229.0,1017.0,245.0,532.5,0.0,0.0,365.0,118.5,0.0,163.5,empirical-manual
2026-08-08_142130_319119_1_R1_TEST1,TEST1,1,0.875,60,0.8514471077714789,4059.5,-52315.0,1679.0,317.5,644.0,18.5,7.0,399.0,231.5,12.5,121.5,empirical-manual
2026-08-08_142130_319119_1_R1_TEST1,TEST1,1,1.125,66,1.122442521204682,5102.5,-50007.5,2851.0,327.5,598.5,18.0,0.0,415.5,143.5,0.0,176.5,empirical-manual
2026-08-08_142130_319119_1_R1_TEST1,TEST1,1,1.375,53,1.3908807029329904,4867.0,-50890.0,2924.0,179.0,494.0,0.0,0.0,314.0,36.0,0.0,125.0,empirical-manual
2026-08-08_142130_319119_1_R1_TEST1,TEST1,1,1.625,51,1.6013342550326484,5334.0,-52529.0,3246.0,238.0,536.0,0.0,0.0,336.0,121.0,0.0,21.0,empirical-manual
2026-08-08_142130_319119_1_R1_TEST1,TEST1,1,1.875,56,1.8651360172576128,6510.0,-49726.5,4382.0,348.0,610.0,45.0,0.0,375.0,149.5,0.0,118.0,empirical-manual
2026-08-08_142130_319119_1_R1_TEST1,TEST1,1,2.125,48,2.1126423810041532,5671.5,-50515.0,3289.0,265.0,619.5,0.0,0.0,405.5,102.5,36.5,130.5,empirical-manual
2026-08-08_142130_319119_1_R1_TEST1,TEST1,1,2.375,42,2.3600747903514954,5538.5,-55351.0,3936.0,0.0,458.0,0.0,0.0,292.0,31.0,0.0,0.0,empirical-manual
2026-08-08_142130_319119_1_R1_TEST1,TEST1,1,2.625,26,2.6316084183498853,5211.0,-50634.0,3574.5,201.0,492.5,12.5,0.0,333.5,0.0,0.0,114.0,empirical-manual
2026-08-08_142130_319119_1_R1_TEST1,TEST1,1,2.875,29,2.836662469198881,5620.0,-53132.0,4759.0,131.0,380.0,0.0,0.0,313.0,71.0,0.0,74.0,empirical-manual
2026-08-08_142130_319119_1_R1_TEST1,TEST1,1,3.125,27,3.123216630970289,6730.0,-51757.0,5438.0,146.0,469.0,0.0,0.0,208.0,126.0,0.0,62.0,empirical-manual
2026-08-08_142130_319119_1_R1_TEST1,TEST1,1,3.375,34,3.381991926091163,5402.0,-55581.5,3883.5,10.0,479.0,0.0,0.0,249.0,14.0,0.0,14.5,empirical-manual
2026-08-08_142130_319119_1_R1_TEST1,TEST1,1,3.625,37,3.5935037539497032,4335.0,-53874.0,2187.0,159.0,543.0,0.0,0.0,289.0,0.0,0.0,45.0,empirical-manual
2026-08-08_142130_319119_1_R1_TEST1,TEST1,1,3.875,37,3.880540533901733,3951.0,-54315.0,2413.0,109.0,533.0,0.0,0.0,339.0,61.0,0.0,170.0,empirical-manual
2026-08-08_142130_319119_1_R1_TEST1,TEST1,1,4.125,33,4.137222268912664,4412.0,-53115.0,2812.0,116.0,361.0,0.0,0.0,249.0,0.0,0.0,0.0,empirical-manual
2026-08-08_142130_319119_1_R1_TEST1,TEST1,1,4.375,30,4.372125821381381,5246.5,-52105.0,2820.0,171.5,493.5,0.0,0.0,191.5,78.5,0.0,120.0,empirical-manual
2026-08-08_142130_319119_1_R1_TEST1,TEST1,1,4.625,28,4.5827735559601015,5039.5,-53779.5,3707.0,144.0,603.0,0.0,0.0,287.0,33.0,0.0,102.0,empirical-manual
2026-08-08_142130_319119_1_R1_TEST1,TEST1,1,4.875,19,4.861941133904217,5121.0,-53896.0,3298.0,290.0,712.0,0.0,6.0,314.0,64.0,0.0,113.0,empirical-manual
2026-08-08_142130_319119_1_R1_TEST1,TEST1,1,5.125,29,5.105259432345887,3783.0,-54962.0,2853.0,160.0,452.0,0.0,0.0,282.0,114.0,0.0,115.0,empirical-manual
2026-08-08_142130_319119_1_R1_TEST1,TEST1,1,5.375,23,5.4192940244017525,3242.0,-58012.0,1729.0,126.0,529.0,0.0,0.0,211.0,10.0,0.0,119.0,empirical-manual
2026-08-08_142130_319119_1_R1_TEST1,TEST1,1,5.625,14,5.620350954215605,7130.5,-49593.0,5590.0,293.0,631.0,55.0,3.0,389.0,220.0,0.0,217.5,empirical-manual
2026-08-08_142130_319119_1_R1_TEST1,TEST1,1,5.875,13,5.919225352815624,10605.0,-45817.0,9655.0,110.0,404.0,0.0,0.0,182.0,67.0,0.0,152.0,empirical-manual
2026-08-08_142130_319119_1_R1_TEST1,TEST1,1,6.125,21,6.117618018430789,9547.0,-45306.0,9006.0,169.0,321.0,43.0,0.0,411.0,234.0,0.0,28.0,empirical-manual
2026-08-08_142130_319119_1_R1_TEST1,TEST1,1,6.375,15,6.313156842928054,11022.0,-47950.0,10095.0,0.0,505.0,0.0,0.0,90.0,22.0,0.0,119.0,empirical-manual
2026-08-08_142130_319119_1_R1_TEST1,TEST1,1,6.625,18,6.635005717968665,8878.5,-46600.5,7556.0,89.5,362.5,0.0,0.0,284.0,126.0,0.0,127.5,empirical-manual
2026-08-08_142130_319119_1_R1_TEST1,TEST1,1,6.875,10,6.90296554139641,5216.5,-51275.5,4355.0,36.0,402.5,0.0,0.0,365.5,240.0,17.0,0.0,empirical-manual
2026-08-08_142130_319119_1_R1_TEST1,TEST1,1,7.125,11,7.064701948555081,7645.0,-46285.0,5920.0,373.0,362.0,106.0,0.0,217.0,0.0,19.0,137.0,empirical-manual
2026-08-08_142130_319119_1_R1_TEST1,TEST1,1,7.375,12,7.399136984777028,14852.5,-39888.0,13185.5,27.5,544.0,93.5,38.0,420.0,40.0,0.0,114.5,empirical-manual
2026-08-08_142130_319119_1_R1_TEST1,TEST1,1,7.625,10,7.6870638526531305,6485.0,-51055.5,4192.0,11.0,496.0,16.5,0.0,222.5,300.0,0.0,163.0,empirical-manual
2026-08-08_142130_319119_1_R1_TEST1,TEST1,1,7.875,14,7.837686065331928,9000.5,-50230.5,5816.0,0.0,542.5,0.0,0.0,405.5,37.5,0.0,0.0,empirical-manual
2026-08-08_142130_319119_1_R1_TEST1,TEST1,1,8.125,18,8.160077656806505,10588.0,-51345.5,7553.5,243.5,410.0,0.0,0.0,123.5,46.5,0.0,34.0,empirical-manual
2026-08-08_142130_319119_1_R1_TEST1,TEST1,1,8.375,13,8.422634107317048,8754.0,-48413.0,7983.0,156.0,445.0,31.0,0.0,225.0,250.0,0.0,38.0,empirical-manual
2026-08-08_142130_319119_1_R1_TEST1,TEST1,1,8.625,8,8.669864182774115,18562.0,-39715.5,17117.0,72.0,429.0,5.5,0.0,123.0,171.0,0.0,72.5,empirical-manual
2026-08-08_142130_319119_1_R1_TEST1,TEST1,1,8.875,5,8.902832421460475,9633.0,-49295.0,9588.0,0.0,332.0,14.0,0.0,227.0,0.0,0.0,168.0,empirical-manual
2026-08-08_142130_319119_1_R1_TEST1,TEST1,1,9.125,5,9.062322436246104,7341.0,-51512.0,6241.0,516.0,459.0,0.0,0.0,366.0,0.0,0.0,6.0,empirical-manual
2026-08-08_142130_319119_1_R1_TEST1,TEST1,1,9.375,9,9.361322418433565,10147.0,-45116.0,6056.0,100.0,409.0,0.0,0.0,228.0,0.0,0.0,29.0,empirical-manual
2026-08-08_142130_319119_1_R1_TEST1,TEST1,1,9.625,6,9.576688781756367,13066.5,-41733.0,11773.5,113.0,287.5,0.0,4.0,114.5,138.0,0.0,36.0,empirical-manual
2026-08-08_142130_319119_1_R1_TEST1,TEST1,1,9.875,9,9.812517437744672,4428.0,-53302.0,2767.0,0.0,304.0,0.0,0.0,304.0,31.0,0.0,0.0,empirical-manual
2026-08-08_142130_319119_1_R1_TEST1,TEST1,1,10.125,10,10.159195854511454,12808.5,-37637.0,10886.0,236.0,488.5,187.0,0.0,231.0,146.0,54.5,140.0,empirical-manual
2026-08-08_142130_319119_1_R1_TEST1,TEST1,1,10.375,4,10.353621101737783,6223.5,-52186.5,4982.0,0.0,472.0,48.5,0.0,159.5,65.5,0.0,0.0,empirical-manual
2026-08-08_142130_319119_1_R1_TEST1,TEST1,1,10.625,9,10.658513930148317,4331.0,-50943.0,3000.0,112.0,547.0,0.0,0.0,194.0,0.0,0.0,198.0,empirical-manual
2026-08-08_142130_319119_1_R1_TEST1,TEST1,1,10.875,6,10.898399670331562,5490.5,-53258.0,3834.5,12.5,501.0,0.0,0.0,57.0,0.0,0.0,115.5,empirical-manual
2026-08-08_142130_319119_1_R1_TEST1,TEST1,1,11.125,8,11.124007007304442,6384.5,-50720.0,4002.5,241.5,232.0,0.0,30.5,7.0,336.5,0.0,34.0,empirical-manual
2026-08-08_142130_319119_1_R1_TEST1,TEST1,1,11.375,7,11.308733539920054,4446.0,-53860.0,1794.0,518.0,427.0,0.0,83.0,522.0,0.0,0.0,173.0,empirical-manual
2026-08-08_142130_319119_1_R1_TEST1,TEST1,1,11.625,3,11.549413542861949,10886.0,-46385.0,9657.0,176.0,552.0,74.0,0.0,287.0,398.0,0.0,0.0,empirical-manual
2026-08-08_142130_319119_1_R1_TEST1,TEST1,1,11.875,7,11.85907807223005,5859.0,-50830.0,3587.0,310.0,416.0,0.0,0.0,119.0,104.0,0.0,0.0,empirical-manual
2026-08-08_142130_319119_1_R1_TEST1,TEST1,1,12.125,5,12.125341984890198,5794.0,-51760.0,5173.0,0.0,420.0,3.0,0.0,62.0,605.0,15.0,0.0,empirical-manual
2026-08-08_142130_319119_1_R1_TEST1,TEST1,1,12.375,4,12.443446097646689,7838.0,-51990.0,7261.0,246.5,261.0,0.0,0.0,239.5,0.0,0.0,2.0,empirical-manual
2026-08-08_142130_319119_1_R1_TEST1,TEST1,1,12.625,5,12.523224571089742,9965.0,-45107.0,7936.0,126.0,516.0,12.0,0.0,466.0,147.0,0.0,209.0,empirical-manual
2026-08-08_142130_319119_1_R1_TEST1,TEST1,1,12.875,3,12.96415947466783,4816.0,-54582.0,2331.0,169.0,1076.0,0.0,0.0,551.0,0.0,0.0,509.0,empirical-manual
2026-08-08_142130_319119_1_R1_TEST1,TEST1,1,13.125,5,13.11524794596074,4865.0,-56949.0,3578.0,0.0,258.0,0.0,0.0,0.0,0.0,0.0,0.0,empirical-manual
2026-08-08_142130_319119_1_R1_TEST1,TEST1,1,13.375,4,13.422859712641838,4388.5,-54237.5,2712.5,385.0,246.5,0.0,0.0,286.0,138.0,174.5,43.5,empirical-manual
2026-08-08_142130_319119_1_R1_TEST1,TEST1,1,13.625,9,13.667196665783116,13140.0,-47843.0,11375.0,25.0,262.0,94.0,0.0,206.0,0.0,0.0,0.0,empirical-manual
2026-08-08_142130_319119_1_R1_TEST1,TEST1,1,13.875,5,13.933299343541435,4473.0,-53743.0,3117.0,430.0,237.0,0.0,0.0,237.0,0.0,0.0,44.0,empirical-manual
2026-08-08_142130_319119_1_R1_TEST1,TEST1,1,14.125,4,14.16057025916988,4225.0,-61698.0,3218.0,0.0,432.5,8.0,0.0,204.5,57.0,0.0,171.5,empirical-manual
2026-08-08_142130_319119_1_R1_TEST1,TEST1,1,14.375,3,14.359099023335569,5721.0,-52857.0,5578.0,143.0,220.0,129.0,111.0,513.0,199.0,0.0,0.0,empirical-manual
2026-08-08_142130_319119_1_R1_TEST1,TEST1,1,14.625,4,14.646241085186988,9378.5,-47165.5,7893.5,280.0,577.5,70.5,0.0,303.0,169.0,0.0,123.0,empirical-manual
2026-08-08_142130_319119_1_R1_TEST1,TEST1,1,14.875,4,14.897141823185475,4542.0,-54797.5,3707.0,66.0,477.0,172.0,0.0,89.5,169.5,50.0,56.0,empirical-manual
2026-08-08_142601_715359_1_R2_TEST1,TEST1,2,0.125,26,0.00351184630381615,5774.5,-43270.5,925.0,896.5,771.0,659.5,600.5,565.5,510.0,245.0,370.5,empirical-manual
2026-08-08_142601_715359_1_R2_TEST1,TEST1,2,0.375,5,0.3566121242696731,2320.0,-57767.0,670.0,694.0,317.0,0.0,109.0,48.0,91.0,0.0,20.0,empirical-manual
2026-08-08_142601_715359_1_R2_TEST1,TEST1,2,0.625,8,0.5819312134425902,3502.5,-50806.0,759.5,879.5,531.5,535.5,66.0,185.5,209.5,106.5,75.0,empirical-manual
2026-08-08_142601_715359_1_R2_TEST1,TEST1,2,0.875,30,0.9164442830796626,3006.0,-57759.0,750.5,1105.5,441.5,229.5,0.0,24.5,152.5,0.0,4.5,empirical-manual
2026-08-08_142601_715359_1_R2_TEST1,TEST1,2,1.125,38,1.1613662058911691,2859.5,-55933.5,619.5,982.5,487.5,234.0,0.0,32.5,230.5,0.0,0.0,empirical-manual
2026-08-08_142601_715359_1_R2_TEST1,TEST1,2,1.375,50,1.406560311091209,3760.5,-53716.0,622.5,1678.0,488.0,218.5,0.0,0.0,206.5,0.0,3.5,empirical-manual
2026-08-08_142601_715359_1_R2_TEST1,TEST1,2,1.625,38,1.6258481270882825,4795.5,-51925.0,959.0,2148.5,476.5,227.5,0.0,150.0,261.5,0.0,38.5,empirical-manual
2026-08-08_142601_715359_1_R2_TEST1,TEST1,2,1.875,54,1.8640134118746188,4402.5,-51910.5,793.0,2088.5,449.0,309.0,0.0,0.0,359.5,0.0,4.5,empirical-manual
2026-08-08_142601_715359_1_R2_TEST1,TEST1,2,2.125,31,2.120409959439824,4188.0,-54634.0,738.0,2356.0,283.0,181.0,0.0,0.0,238.0,0.0,0.0,empirical-manual
2026-08-08_142601_715359_1_R2_TEST1,TEST1,2,2.375,31,2.3791218492180684,5283.0,-51917.0,689.0,3009.0,428.0,230.0,0.0,0.0,328.0,0.0,11.0,empirical-manual
2026-08-08_142601_715359_1_R2_TEST1,TEST1,2,2.625,30,2.6305528770101674,4657.0,-55106.0,646.5,3057.5,427.5,180.0,0.0,0.0,218.0,0.0,0.0,empirical-manual
2026-08-08_142601_715359_1_R2_TEST1,TEST1,2,2.875,26,2.9034816385597084,4967.5,-51750.0,808.5,2562.5,363.5,202.5,0.0,0.0,192.5,0.0,6.5,empirical-manual
2026-08-08_142601_715359_1_R2_TEST1,TEST1,2,3.125,22,3.0973255064329708,5018.0,-52319.5,815.0,3359.0,358.0,228.5,0.0,0.0,186.5,0.0,0.0,empirical-manual
2026-08-08_142601_715359_1_R2_TEST1,TEST1,2,3.375,20,3.3752629608361255,5450.0,-52885.0,766.0,3193.0,421.0,200.5,0.0,23.0,219.0,0.0,1.5,empirical-manual
2026-08-08_142601_715359_1_R2_TEST1,TEST1,2,3.625,28,3.6265989608418074,5789.5,-51266.5,608.0,3936.0,448.5,154.0,0.0,31.0,127.0,24.0,79.0,empirical-manual
2026-08-08_142601_715359_1_R2_TEST1,TEST1,2,3.875,25,3.897573117246707,4615.0,-53174.0,651.0,2786.0,399.0,349.0,0.0,72.0,200.0,0.0,56.0,empirical-manual
2026-08-08_142601_715359_1_R2_TEST1,TEST1,2,4.125,33,4.110213461348592,3052.0,-57108.0,594.0,1852.0,328.0,124.0,0.0,94.0,232.0,0.0,0.0,empirical-manual
2026-08-08_142601_715359_1_R2_TEST1,TEST1,2,4.375,44,4.3629513852234165,3288.0,-58215.0,547.0,2049.0,423.5,124.0,0.0,11.5,23.5,0.0,0.0,empirical-manual
2026-08-08_142601_715359_1_R2_TEST1,TEST1,2,4.625,35,4.637495146469012,4561.0,-54163.0,654.0,3186.0,425.0,74.0,0.0,0.0,147.0,0.0,0.0,empirical-manual
2026-08-08_142601_715359_1_R2_TEST1,TEST1,2,4.875,36,4.86198833164435,3643.5,-53212.0,559.0,1378.5,470.5,130.5,0.0,46.0,250.0,0.0,8.0,empirical-manual
2026-08-08_142601_715359_1_R2_TEST1,TEST1,2,5.125,23,5.150274396812856,3676.0,-55551.0,548.0,1853.0,386.0,282.0,0.0,0.0,278.0,2.0,0.0,empirical-manual
2026-08-08_142601_715359_1_R2_TEST1,TEST1,2,5.375,19,5.325912854629282,3921.0,-52715.0,779.0,2525.0,504.0,218.0,0.0,0.0,135.0,0.0,42.0,empirical-manual
2026-08-08_142601_715359_1_R2_TEST1,TEST1,2,5.625,18,5.616260232805999,3831.0,-55461.0,682.0,1907.5,262.0,232.0,0.0,0.0,224.0,0.0,0.0,empirical-manual
2026-08-08_142601_715359_1_R2_TEST1,TEST1,2,5.875,17,5.855294348979656,6900.0,-48848.0,815.0,4512.0,361.0,288.0,0.0,0.0,365.0,0.0,0.0,empirical-manual
2026-08-08_142601_715359_1_R2_TEST1,TEST1,2,6.125,23,6.131129528604693,4695.0,-52608.0,867.0,2276.0,426.0,378.0,0.0,0.0,343.0,0.0,69.0,empirical-manual
2026-08-08_142601_715359_1_R2_TEST1,TEST1,2,6.375,20,6.358142206416997,3530.0,-56475.0,561.5,1896.5,487.0,318.5,0.0,62.5,182.0,0.0,0.0,empirical-manual
2026-08-08_142601_715359_1_R2_TEST1,TEST1,2,6.625,25,6.61953633016969,5046.0,-51959.0,709.0,3298.0,518.0,293.0,0.0,20.0,264.0,0.0,4.0,empirical-manual
2026-08-08_142601_715359_1_R2_TEST1,TEST1,2,6.875,24,6.931988731046562,4698.0,-53548.0,646.0,2966.5,457.5,83.0,0.0,33.0,131.5,4.0,0.0,empirical-manual
2026-08-08_142601_715359_1_R2_TEST1,TEST1,2,7.125,18,7.127295519531448,4150.0,-55223.0,604.0,2664.0,357.5,19.5,0.0,48.5,202.0,0.0,20.5,empirical-manual
2026-08-08_142601_715359_1_R2_TEST1,TEST1,2,7.375,7,7.452959310875742,8310.0,-46508.0,789.0,5218.0,349.0,309.0,0.0,0.0,379.0,0.0,151.0,empirical-manual
2026-08-08_142601_715359_1_R2_TEST1,TEST1,2,7.625,11,7.659932506097775,4532.0,-51141.0,726.0,2559.0,349.0,0.0,0.0,3.0,210.0,52.0,0.0,empirical-manual
2026-08-08_142601_715359_1_R2_TEST1,TEST1,2,7.875,14,7.880741084121363,5369.0,-49463.5,923.0,2249.5,428.0,356.5,0.0,0.5,348.5,17.5,0.0,empirical-manual
2026-08-08_142601_715359_1_R2_TEST1,TEST1,2,8.125,13,8.16320206163362,5042.0,-53105.0,584.0,3364.0,473.0,95.0,0.0,0.0,173.0,0.0,29.0,empirical-manual
2026-08-08_142601_715359_1_R2_TEST1,TEST1,2,8.375,11,8.351874639065707,3718.0,-53552.0,676.0,2092.0,276.0,10.0,0.0,0.0,262.0,0.0,0.0,empirical-manual
2026-08-08_142601_715359_1_R2_TEST1,TEST1,2,8.625,18,8.643030441192916,3902.5,-56299.5,560.5,2245.0,412.0,128.5,0.0,0.0,275.5,0.0,0.0,empirical-manual
2026-08-08_142601_715359_1_R2_TEST1,TEST1,2,8.875,12,8.852671017184917,3364.5,-57329.5,627.5,1425.5,375.5,221.5,0.0,32.0,239.0,89.5,0.0,empirical-manual
2026-08-08_142601_715359_1_R2_TEST1,TEST1,2,9.125,12,9.083776255553696,5314.0,-52203.5,980.5,3253.0,414.0,258.0,0.0,0.0,401.5,100.0,35.5,empirical-manual
2026-08-08_142601_715359_1_R2_TEST1,TEST1,2,9.375,16,9.37316216070068,4148.5,-56921.0,739.5,2460.5,395.0,199.5,0.0,0.0,251.5,0.0,0.0,empirical-manual
2026-08-08_142601_715359_1_R2_TEST1,TEST1,2,9.625,18,9.625641534368174,5753.5,-52598.0,970.0,3084.0,575.5,390.5,0.0,0.0,468.5,0.0,66.5,empirical-manual
2026-08-08_142601_715359_1_R2_TEST1,TEST1,2,9.875,16,9.894752087733178,4026.0,-57600.5,720.0,2352.5,171.0,257.5,0.0,0.0,296.5,12.5,7.5,empirical-manual
2026-08-08_142601_715359_1_R2_TEST1,TEST1,2,10.125,17,10.125081867778055,4848.0,-51223.0,556.0,2153.0,500.0,162.0,0.0,0.0,344.0,0.0,0.0,empirical-manual
2026-08-08_142601_715359_1_R2_TEST1,TEST1,2,10.375,13,10.35474167154637,4028.0,-54275.0,710.0,1464.0,431.0,268.0,0.0,37.0,347.0,0.0,0.0,empirical-manual
2026-08-08_142601_715359_1_R2_TEST1,TEST1,2,10.625,11,10.620310868131394,3434.0,-54853.0,814.0,1239.0,445.0,176.0,0.0,0.0,118.0,6.0,64.0,empirical-manual
2026-08-08_142601_715359_1_R2_TEST1,TEST1,2,10.875,13,10.83284368849262,3356.0,-58486.0,631.0,1252.0,272.0,132.0,0.0,0.0,315.0,0.0,0.0,empirical-manual
2026-08-08_142601_715359_1_R2_TEST1,TEST1,2,11.125,10,11.063199869758344,3700.5,-55861.0,772.5,1919.0,187.5,140.5,0.0,0.0,342.5,6.0,0.0,empirical-manual
2026-08-08_142601_715359_1_R2_TEST1,TEST1,2,11.375,8,11.344667004237348,4697.5,-57801.5,669.0,3279.5,464.5,140.0,0.0,34.5,7.0,0.0,0.0,empirical-manual
2026-08-08_142601_715359_1_R2_TEST1,TEST1,2,11.625,7,11.590471794694356,2347.0,-60293.0,530.0,842.0,269.0,97.0,0.0,0.0,360.0,0.0,11.0,empirical-manual
2026-08-08_142601_715359_1_R2_TEST1,TEST1,2,11.875,7,11.835915606927554,3186.0,-58244.0,787.0,1099.0,476.0,348.0,0.0,0.0,361.0,0.0,0.0,empirical-manual
2026-08-08_142601_715359_1_R2_TEST1,TEST1,2,12.125,2,12.08905253249126,3032.0,-56459.0,551.5,1038.5,615.5,372.5,0.0,54.0,245.0,91.5,63.5,empirical-manual
2026-08-08_142601_715359_1_R2_TEST1,TEST1,2,12.625,2,12.59959995160374,2955.0,-56029.5,839.5,409.0,252.0,666.5,0.0,79.5,620.5,36.0,52.0,empirical-manual
2026-08-08_142601_715359_1_R2_TEST1,TEST1,2,12.875,4,12.82515882229275,1662.0,-66919.0,596.0,282.5,303.5,101.5,0.0,162.5,109.5,0.0,11.0,empirical-manual
2026-08-08_142601_715359_1_R2_TEST1,TEST1,2,13.125,8,13.086258412330071,3824.5,-57148.5,558.5,3013.5,350.5,25.5,0.0,52.5,102.5,0.0,0.0,empirical-manual
2026-08-08_142601_715359_1_R2_TEST1,TEST1,2,13.375,2,13.31399888441225,2382.0,-61392.5,316.5,875.0,463.0,177.5,0.0,0.0,546.0,4.0,0.0,empirical-manual
2026-08-08_142601_715359_1_R2_TEST1,TEST1,2,13.625,5,13.626246686718147,4094.0,-55737.0,554.0,1659.0,625.0,351.0,0.0,0.0,460.0,142.0,0.0,empirical-manual
2026-08-08_142601_715359_1_R2_TEST1,TEST1,2,13.875,2,13.901588047773362,5337.0,-55433.5,200.5,3870.5,137.5,269.5,0.0,41.0,265.0,335.5,217.5,empirical-manual
2026-08-08_142601_715359_1_R2_TEST1,TEST1,2,14.125,4,14.19076651423309,4429.5,-59538.0,361.5,3229.0,0.0,491.5,0.0,98.5,99.0,0.0,0.0,empirical-manual
2026-08-08_142601_715359_1_R2_TEST1,TEST1,2,14.375,4,14.374898518614788,3985.0,-58166.5,559.0,2868.5,0.0,176.0,0.0,0.0,222.0,0.0,11.5,empirical-manual
2026-08-08_142601_715359_1_R2_TEST1,TEST1,2,14.625,1,14.620414001992634,811.0,-66056.0,117.0,0.0,0.0,287.0,0.0,0.0,49.0,0.0,358.0,empirical-manual
2026-08-08_142601_715359_1_R2_TEST1,TEST1,2,14.875,3,14.970188255753488,905.0,-67871.0,17.0,0.0,612.0,0.0,0.0,0.0,8.0,0.0,0.0,empirical-manual
2026-08-08_143408_738677_1_R3_TEST1,TEST1,3,0.125,26,0.0031931185291674,7864.0,-39862.0,1079.5,1073.0,1125.5,1121.5,586.0,817.5,1003.0,506.0,421.0,empirical-manual
2026-08-08_143408_738677_1_R3_TEST1,TEST1,3,0.625,2,0.6042397781723788,8778.0,-37610.0,929.0,1452.5,1253.5,1099.5,855.5,925.5,857.5,882.0,523.0,empirical-manual
2026-08-08_143408_738677_1_R3_TEST1,TEST1,3,0.875,1,0.9497064903383724,4607.0,-50314.0,924.0,658.0,1146.0,740.0,23.0,32.0,829.0,255.0,0.0,empirical-manual
2026-08-08_143408_738677_1_R3_TEST1,TEST1,3,1.125,2,1.1515968674538577,6598.0,-43307.5,1089.5,511.0,1903.5,1026.0,58.5,544.5,865.5,199.0,400.5,empirical-manual
2026-08-08_143408_738677_1_R3_TEST1,TEST1,3,1.375,4,1.4242584987430478,4010.5,-56454.0,982.0,465.5,1516.0,508.0,0.0,37.5,124.5,248.5,287.5,empirical-manual
2026-08-08_143408_738677_1_R3_TEST1,TEST1,3,1.625,7,1.553332942820143,6558.0,-45760.0,830.0,794.0,1941.0,898.0,208.0,175.0,746.0,222.0,181.0,empirical-manual
2026-08-08_143408_738677_1_R3_TEST1,TEST1,3,1.875,3,1.9851359645728213,5094.0,-55275.0,1209.0,1183.0,1476.0,700.0,96.0,0.0,574.0,538.0,88.0,empirical-manual
2026-08-08_143408_738677_1_R3_TEST1,TEST1,3,2.125,17,2.179225789558129,5329.0,-50653.0,916.0,843.0,2535.0,579.0,0.0,131.0,477.0,102.0,67.0,empirical-manual
2026-08-08_143408_738677_1_R3_TEST1,TEST1,3,2.375,16,2.4253858356296902,5976.5,-49361.0,968.5,752.5,2435.0,691.0,19.5,13.0,661.0,113.5,96.0,empirical-manual
2026-08-08_143408_738677_1_R3_TEST1,TEST1,3,2.625,25,2.6488779583052278,7207.0,-47326.0,1018.0,857.0,2849.0,803.0,0.0,54.0,668.0,200.0,0.0,empirical-manual
2026-08-08_143408_738677_1_R3_TEST1,TEST1,3,2.875,33,2.871579812970323,6444.0,-48091.0,866.0,587.0,2543.0,687.0,0.0,56.0,604.0,153.0,36.0,empirical-manual
2026-08-08_143408_738677_1_R3_TEST1,TEST1,3,3.125,39,3.114219288293407,7317.0,-47635.0,934.0,663.0,4407.0,739.0,0.0,127.0,583.0,98.0,111.0,empirical-manual
2026-08-08_143408_738677_1_R3_TEST1,TEST1,3,3.375,37,3.359688075791849,7709.0,-46532.0,931.0,673.0,3823.0,783.0,0.0,146.0,563.0,176.0,90.0,empirical-manual
2026-08-08_143408_738677_1_R3_TEST1,TEST1,3,3.625,25,3.6353355129442417,7885.0,-45914.0,979.0,637.0,4511.0,760.0,0.0,116.0,668.0,140.0,97.0,empirical-manual
2026-08-08_143408_738677_1_R3_TEST1,TEST1,3,3.875,29,3.857216007994891,8571.0,-46367.0,1012.0,745.0,4437.0,687.0,0.0,123.0,634.0,141.0,112.0,empirical-manual
2026-08-08_143408_738677_1_R3_TEST1,TEST1,3,4.125,36,4.101628873097107,7050.0,-48124.0,822.0,697.5,3370.5,714.5,0.0,102.0,582.5,158.0,116.0,empirical-manual
2026-08-08_143408_738677_1_R3_TEST1,TEST1,3,4.375,38,4.384127642677804,7604.5,-47113.5,831.0,546.0,4192.0,662.0,36.0,160.0,599.0,164.0,94.0,empirical-manual
2026-08-08_143408_738677_1_R3_TEST1,TEST1,3,4.625,41,4.623708582816869,8817.0,-44805.0,955.0,759.0,5400.0,729.0,2.0,258.0,682.0,217.0,106.0,empirical-manual
2026-08-08_143408_738677_1_R3_TEST1,TEST1,3,4.875,29,4.892864009738299,8433.0,-44884.0,857.0,644.0,5523.0,743.0,35.0,107.0,540.0,169.0,79.0,empirical-manual
2026-08-08_143408_738677_1_R3_TEST1,TEST1,3,5.125,37,5.138799715010681,9074.0,-46086.0,930.0,650.0,5970.0,765.0,0.0,210.0,520.0,119.0,122.0,empirical-manual
2026-08-08_143408_738677_1_R3_TEST1,TEST1,3,5.375,30,5.3459020068471235,7927.5,-47678.5,952.0,746.5,4103.0,677.5,0.0,92.5,669.0,74.5,145.5,empirical-manual
2026-08-08_143408_738677_1_R3_TEST1,TEST1,3,5.625,35,5.598398207058559,8506.0,-46994.0,892.0,689.0,5514.0,704.0,0.0,141.0,687.0,168.0,48.0,empirical-manual
2026-08-08_143408_738677_1_R3_TEST1,TEST1,3,5.875,36,5.88712526249915,7998.0,-47416.0,885.5,526.0,4750.5,742.5,0.0,15.0,641.0,136.0,45.0,empirical-manual
2026-08-08_143408_738677_1_R3_TEST1,TEST1,3,6.125,34,6.177546378057414,10082.0,-45253.0,867.5,707.0,6507.5,649.5,0.0,169.5,628.5,241.0,117.0,empirical-manual
2026-08-08_143408_738677_1_R3_TEST1,TEST1,3,6.375,27,6.373266887646788,7107.0,-46987.0,791.0,619.0,5028.0,648.0,0.0,97.0,594.0,58.0,87.0,empirical-manual
2026-08-08_143408_738677_1_R3_TEST1,TEST1,3,6.625,31,6.641352121860409,7758.0,-47872.0,910.0,743.0,4025.0,657.0,0.0,167.0,569.0,176.0,70.0,empirical-manual
2026-08-08_143408_738677_1_R3_TEST1,TEST1,3,6.875,31,6.859740386050726,8674.0,-47498.0,791.0,675.0,5340.0,689.0,0.0,159.0,606.0,172.0,93.0,empirical-manual
2026-08-08_143408_738677_1_R3_TEST1,TEST1,3,7.125,17,7.144035849688762,9595.0,-47069.0,1067.0,772.0,5406.0,802.0,0.0,48.0,733.0,246.0,32.0,empirical-manual
2026-08-08_143408_738677_1_R3_TEST1,TEST1,3,7.375,26,7.3963852275033135,9084.0,-44749.5,756.0,470.0,6024.0,638.5,0.0,265.5,530.5,227.0,112.5,empirical-manual
2026-08-08_143408_738677_1_R3_TEST1,TEST1,3,7.625,16,7.612688163171471,8327.0,-47213.5,804.0,603.5,5143.0,721.0,0.0,206.0,619.5,215.5,133.0,empirical-manual
2026-08-08_143408_738677_1_R3_TEST1,TEST1,3,7.875,18,7.877048229894102,8396.0,-46623.5,1066.0,895.0,4417.5,746.5,10.0,23.5,689.0,190.0,66.0,empirical-manual
2026-08-08_143408_738677_1_R3_TEST1,TEST1,3,8.125,23,8.125939936555259,12232.0,-43040.0,936.0,841.0,7293.0,768.0,0.0,254.0,774.0,200.0,0.0,empirical-manual
2026-08-08_143408_738677_1_R3_TEST1,TEST1,3,8.375,8,8.419030625418115,10966.0,-47871.0,830.5,792.5,8309.5,561.5,0.0,0.0,418.5,146.0,114.0,empirical-manual
2026-08-08_143408_738677_1_R3_TEST1,TEST1,3,8.625,11,8.603338452216788,12131.0,-38989.0,835.0,1003.0,7483.0,618.0,132.0,47.0,690.0,387.0,82.0,empirical-manual
2026-08-08_143408_738677_1_R3_TEST1,TEST1,3,8.875,12,8.91417299441925,10026.5,-46407.0,955.5,815.0,5667.0,637.0,0.0,165.0,485.0,256.0,91.5,empirical-manual
2026-08-08_143408_738677_1_R3_TEST1,TEST1,3,9.125,10,9.136525991647524,10875.0,-42953.5,1022.0,783.5,7079.0,641.5,15.0,90.5,616.5,289.5,46.5,empirical-manual
2026-08-08_143408_738677_1_R3_TEST1,TEST1,3,9.375,11,9.333469918767014,11766.0,-39682.0,860.0,712.0,7685.0,676.0,0.0,204.0,569.0,191.0,225.0,empirical-manual
2026-08-08_143408_738677_1_R3_TEST1,TEST1,3,9.625,9,9.611321966202263,12531.0,-37668.0,773.0,1100.0,8267.0,660.0,170.0,103.0,491.0,423.0,200.0,empirical-manual
2026-08-08_143408_738677_1_R3_TEST1,TEST1,3,9.875,14,9.859094986669074,8070.0,-46679.0,945.5,609.5,5037.0,783.5,0.0,61.0,509.0,91.0,241.0,empirical-manual
2026-08-08_143408_738677_1_R3_TEST1,TEST1,3,10.125,8,10.100922243998106,8516.5,-47755.0,947.5,800.0,5256.5,716.0,0.0,91.5,696.5,400.5,41.5,empirical-manual
2026-08-08_143408_738677_1_R3_TEST1,TEST1,3,10.375,5,10.367503354006654,12294.0,-43366.0,1022.0,1052.0,8826.0,756.0,0.0,105.0,545.0,374.0,409.0,empirical-manual
2026-08-08_143408_738677_1_R3_TEST1,TEST1,3,10.625,14,10.623900679206017,11191.5,-42877.5,847.5,795.0,6203.5,795.0,0.0,77.0,562.0,219.0,59.5,empirical-manual
2026-08-08_143408_738677_1_R3_TEST1,TEST1,3,10.875,3,10.943479743168666,9821.0,-45765.0,908.0,620.0,6137.0,601.0,0.0,51.0,445.0,0.0,160.0,empirical-manual
2026-08-08_143408_738677_1_R3_TEST1,TEST1,3,11.125,5,11.203759866641525,11381.0,-44686.0,889.0,455.0,8006.0,524.0,0.0,0.0,769.0,224.0,198.0,empirical-manual
2026-08-08_143408_738677_1_R3_TEST1,TEST1,3,11.375,8,11.398101289632729,7926.0,-49342.5,716.5,778.0,4261.0,625.0,0.0,26.0,581.0,211.5,228.5,empirical-manual
2026-08-08_143408_738677_1_R3_TEST1,TEST1,3,11.625,6,11.619227661364045,10450.0,-46151.0,834.5,450.0,7868.0,638.5,0.0,161.5,544.5,91.5,99.0,empirical-manual
2026-08-08_143408_738677_1_R3_TEST1,TEST1,3,11.875,7,11.853907114787988,12516.0,-41914.0,742.0,703.0,8297.0,457.0,0.0,139.0,577.0,360.0,175.0,empirical-manual
2026-08-08_143408_738677_1_R3_TEST1,TEST1,3,12.125,5,12.164015907882597,9616.0,-52989.0,973.0,1034.0,6983.0,514.0,0.0,65.0,393.0,127.0,0.0,empirical-manual
2026-08-08_143408_738677_1_R3_TEST1,TEST1,3,12.375,7,12.438101550678187,10685.0,-46474.0,704.0,962.0,7937.0,635.0,0.0,54.0,525.0,217.0,0.0,empirical-manual
2026-08-08_143408_738677_1_R3_TEST1,TEST1,3,12.625,2,12.646424218293639,11026.5,-43972.5,890.0,844.5,7498.0,747.5,225.0,122.5,170.0,409.0,120.0,empirical-manual
2026-08-08_143408_738677_1_R3_TEST1,TEST1,3,12.875,2,12.890722510294815,7985.0,-49476.0,926.0,466.5,4991.5,314.0,103.0,366.0,551.5,122.5,144.0,empirical-manual
2026-08-08_143408_738677_1_R3_TEST1,TEST1,3,13.125,5,13.165448801395538,10126.0,-49026.0,1020.0,460.0,7252.0,858.0,0.0,74.0,784.0,152.0,0.0,empirical-manual
2026-08-08_143408_738677_1_R3_TEST1,TEST1,3,13.375,7,13.400069764198356,8891.0,-51267.0,1095.0,417.0,5631.0,689.0,0.0,0.0,668.0,276.0,194.0,empirical-manual
2026-08-08_143408_738677_1_R3_TEST1,TEST1,3,13.625,4,13.60782710852233,10095.5,-48771.5,709.0,811.0,6453.5,761.5,0.0,110.5,830.0,341.5,381.0,empirical-manual
2026-08-08_143408_738677_1_R3_TEST1,TEST1,3,13.875,2,13.899683293748794,8666.5,-48178.0,713.5,875.5,5388.0,483.0,248.5,315.5,477.5,75.0,90.0,empirical-manual
2026-08-08_143408_738677_1_R3_TEST1,TEST1,3,14.125,3,14.09115872529969,5654.0,-49893.0,853.0,556.0,2077.0,845.0,180.0,0.0,345.0,207.0,45.0,empirical-manual
2026-08-08_143408_738677_1_R3_TEST1,TEST1,3,14.375,3,14.346890223503124,22168.0,-27901.0,545.0,1642.0,17916.0,643.0,202.0,419.0,516.0,275.0,0.0,empirical-manual
2026-08-08_143408_738677_1_R3_TEST1,TEST1,3,14.625,1,14.657578226899938,11109.0,-45534.0,1465.0,330.0,7461.0,858.0,0.0,0.0,637.0,181.0,177.0,empirical-manual
2026-08-08_144407_344158_1_R4_TEST1,TEST1,4,0.125,5,0.103467739594152,1720.0,-60429.0,26.0,70.0,471.0,0.0,0.0,275.0,168.0,0.0,361.0,empirical-manual
2026-08-08_144407_344158_1_R4_TEST1,TEST1,4,0.625,8,0.6594009179423215,2491.0,-55871.0,294.0,307.5,887.5,16.0,0.0,485.0,47.0,0.0,337.5,empirical-manual
2026-08-08_144407_344158_1_R4_TEST1,TEST1,4,0.875,10,0.8162066488703749,1624.5,-60058.0,0.0,143.5,436.5,322.0,0.0,160.0,0.0,0.0,16.5,empirical-manual
2026-08-08_144407_344158_1_R4_TEST1,TEST1,4,1.125,16,1.1526685553598117,1971.5,-58203.0,374.5,0.0,343.0,427.0,0.0,161.0,107.5,0.0,0.0,empirical-manual
2026-08-08_144407_344158_1_R4_TEST1,TEST1,4,1.375,22,1.4041256848394985,2448.5,-58568.0,36.0,51.5,599.5,1031.0,0.0,242.5,0.0,0.0,68.0,empirical-manual
2026-08-08_144407_344158_1_R4_TEST1,TEST1,4,1.625,24,1.6224040926911938,2264.5,-58680.5,167.0,260.0,421.5,597.5,0.0,179.0,0.0,0.0,108.0,empirical-manual
2026-08-08_144407_344158_1_R4_TEST1,TEST1,4,1.875,27,1.8536320385350424,2465.0,-57684.0,173.0,0.0,420.0,1052.0,0.0,144.0,0.0,0.0,17.0,empirical-manual
2026-08-08_144407_344158_1_R4_TEST1,TEST1,4,2.125,35,2.158279416849948,2978.0,-55874.0,202.0,93.0,423.0,1413.0,0.0,288.0,0.0,0.0,119.0,empirical-manual
2026-08-08_144407_344158_1_R4_TEST1,TEST1,4,2.375,34,2.3518609548060407,2793.0,-58433.0,0.0,112.0,267.5,1376.5,0.0,118.0,0.0,0.0,0.0,empirical-manual
2026-08-08_144407_344158_1_R4_TEST1,TEST1,4,2.625,33,2.6147597391935684,3028.0,-57869.0,21.0,86.0,466.0,1566.0,0.0,221.0,0.0,0.0,128.0,empirical-manual
2026-08-08_144407_344158_1_R4_TEST1,TEST1,4,2.875,33,2.8511424544038,2755.0,-59322.0,74.0,96.0,480.0,1575.0,0.0,199.0,0.0,0.0,68.0,empirical-manual
2026-08-08_144407_344158_1_R4_TEST1,TEST1,4,3.125,34,3.1041177561028555,2197.0,-62785.5,0.0,0.0,386.0,1205.0,0.0,148.0,0.0,0.0,0.0,empirical-manual
2026-08-08_144407_344158_1_R4_TEST1,TEST1,4,3.375,23,3.3831544568770617,3635.0,-55906.0,74.0,0.0,497.0,1831.0,0.0,147.0,0.0,0.0,0.0,empirical-manual
2026-08-08_144407_344158_1_R4_TEST1,TEST1,4,3.625,40,3.6361599085723304,2948.5,-60363.0,94.0,0.0,315.0,1657.5,0.0,115.0,0.0,0.0,0.0,empirical-manual
2026-08-08_144407_344158_1_R4_TEST1,TEST1,4,3.875,35,3.910004088921177,3071.0,-63348.0,103.0,0.0,244.0,2141.0,0.0,165.0,0.0,0.0,8.0,empirical-manual
2026-08-08_144407_344158_1_R4_TEST1,TEST1,4,4.125,30,4.122934822483779,2633.0,-61654.5,0.0,0.0,322.0,2205.5,0.0,91.5,0.0,0.0,0.0,empirical-manual
2026-08-08_144407_344158_1_R4_TEST1,TEST1,4,4.375,27,4.3569995681054685,3451.0,-60165.0,80.0,0.0,289.0,2307.0,0.0,82.0,0.0,0.0,0.0,empirical-manual
2026-08-08_144407_344158_1_R4_TEST1,TEST1,4,4.625,26,4.603000065543332,3784.0,-55940.5,104.5,0.0,460.0,2474.0,0.0,170.5,0.0,0.0,10.5,empirical-manual
2026-08-08_144407_344158_1_R4_TEST1,TEST1,4,4.875,19,4.838599495866683,5010.0,-59576.0,0.0,0.0,398.0,3372.0,0.0,358.0,0.0,0.0,18.0,empirical-manual
2026-08-08_144407_344158_1_R4_TEST1,TEST1,4,5.125,23,5.1564658236688885,3411.0,-61802.0,6.0,0.0,403.0,2804.0,0.0,0.0,0.0,0.0,0.0,empirical-manual
2026-08-08_144407_344158_1_R4_TEST1,TEST1,4,5.375,29,5.401457378511628,3335.0,-61497.0,136.0,0.0,456.0,2512.0,0.0,142.0,0.0,0.0,0.0,empirical-manual
2026-08-08_144407_344158_1_R4_TEST1,TEST1,4,5.625,31,5.651057331197256,2867.0,-61555.0,67.0,0.0,195.0,1576.0,0.0,4.0,0.0,0.0,0.0,empirical-manual
2026-08-08_144407_344158_1_R4_TEST1,TEST1,4,5.875,19,5.908105067440981,1807.0,-65380.0,11.0,0.0,198.0,723.0,0.0,0.0,0.0,0.0,0.0,empirical-manual
2026-08-08_144407_344158_1_R4_TEST1,TEST1,4,6.125,26,6.127444490431037,2664.5,-59978.0,186.5,0.0,344.5,1258.0,0.0,12.0,0.0,0.0,0.0,empirical-manual
2026-08-08_144407_344158_1_R4_TEST1,TEST1,4,6.375,25,6.375814960439324,4637.0,-61679.0,0.0,0.0,162.0,3114.0,0.0,47.0,0.0,0.0,0.0,empirical-manual
2026-08-08_144407_344158_1_R4_TEST1,TEST1,4,6.625,25,6.606561452149818,2813.0,-62996.0,66.0,0.0,225.0,1961.0,0.0,18.0,0.0,0.0,0.0,empirical-manual
2026-08-08_144407_344158_1_R4_TEST1,TEST1,4,6.875,17,6.88772438678278,2269.0,-60026.0,216.0,3.0,299.0,1124.0,0.0,87.0,4.0,0.0,0.0,empirical-manual
2026-08-08_144407_344158_1_R4_TEST1,TEST1,4,7.125,25,7.113563679584228,3837.0,-60246.0,105.0,19.0,231.0,3640.0,0.0,123.0,0.0,0.0,0.0,empirical-manual
2026-08-08_144407_344158_1_R4_TEST1,TEST1,4,7.375,16,7.4089940804716665,4824.5,-56728.0,22.5,53.5,333.0,4551.0,0.0,2.0,0.0,0.0,6.5,empirical-manual
2026-08-08_144407_344158_1_R4_TEST1,TEST1,4,7.625,15,7.613779280032723,3495.0,-58468.0,84.0,132.0,406.0,1729.0,0.0,178.0,0.0,0.0,0.0,empirical-manual
2026-08-08_144407_344158_1_R4_TEST1,TEST1,4,7.875,19,7.902838195834366,2323.0,-60666.0,0.0,0.0,255.0,1463.0,0.0,276.0,0.0,0.0,0.0,empirical-manual
2026-08-08_144407_344158_1_R4_TEST1,TEST1,4,8.125,26,8.167441126182258,5021.0,-58677.5,33.0,0.0,299.5,4068.0,0.0,45.5,0.0,0.0,4.5,empirical-manual
2026-08-08_144407_344158_1_R4_TEST1,TEST1,4,8.375,18,8.385313217382958,3127.0,-57017.5,214.5,79.0,379.5,1801.0,0.0,272.5,19.5,0.0,47.5,empirical-manual
2026-08-08_144407_344158_1_R4_TEST1,TEST1,4,8.625,16,8.63970801979874,2651.0,-63623.0,32.5,0.0,119.0,1578.0,0.0,84.5,0.0,0.0,0.0,empirical-manual
2026-08-08_144407_344158_1_R4_TEST1,TEST1,4,8.875,12,8.871211406613117,4687.5,-58920.5,20.0,0.0,324.5,4213.0,0.0,135.5,17.0,0.0,19.5,empirical-manual
2026-08-08_144407_344158_1_R4_TEST1,TEST1,4,9.125,11,9.073763551473164,2708.0,-59528.0,98.0,0.0,262.0,1234.0,0.0,106.0,44.0,0.0,18.0,empirical-manual
2026-08-08_144407_344158_1_R4_TEST1,TEST1,4,9.375,12,9.390062817459526,2688.5,-59255.0,0.0,0.0,94.0,1723.5,0.0,0.0,0.0,0.0,29.0,empirical-manual
2026-08-08_144407_344158_1_R4_TEST1,TEST1,4,9.625,7,9.601311323991508,3625.0,-57669.0,13.0,0.0,575.0,1572.0,0.0,194.0,0.0,0.0,115.0,empirical-manual
2026-08-08_144407_344158_1_R4_TEST1,TEST1,4,9.875,6,9.919239531019597,3343.0,-68059.5,0.0,0.0,226.0,2959.5,0.0,0.0,0.0,0.0,0.0,empirical-manual
2026-08-08_144407_344158_1_R4_TEST1,TEST1,4,10.125,12,10.115771072307187,4634.0,-62787.5,61.0,0.0,283.0,3013.0,0.0,74.5,84.5,0.0,12.5,empirical-manual
2026-08-08_144407_344158_1_R4_TEST1,TEST1,4,10.375,2,10.450471530071171,2002.5,-66839.0,0.0,0.0,237.0,1622.0,0.0,143.5,0.0,0.0,0.0,empirical-manual
2026-08-08_144407_344158_1_R4_TEST1,TEST1,4,10.625,7,10.64311462022912,1901.0,-68078.0,0.0,0.0,89.0,959.0,0.0,0.0,0.0,0.0,0.0,empirical-manual
2026-08-08_144407_344158_1_R4_TEST1,TEST1,4,10.875,5,10.857727246385435,4590.0,-63699.0,166.0,0.0,351.0,4244.0,0.0,0.0,58.0,0.0,0.0,empirical-manual
2026-08-08_144407_344158_1_R4_TEST1,TEST1,4,11.125,5,11.07714812835724,2530.0,-61497.0,14.0,0.0,133.0,1778.0,0.0,0.0,0.0,0.0,0.0,empirical-manual
2026-08-08_144407_344158_1_R4_TEST1,TEST1,4,11.375,5,11.357499678126072,1331.0,-71300.0,121.0,0.0,0.0,1093.0,0.0,0.0,0.0,0.0,0.0,empirical-manual
2026-08-08_144407_344158_1_R4_TEST1,TEST1,4,11.625,5,11.681743365245277,2555.0,-66002.0,0.0,0.0,164.0,1182.0,0.0,0.0,0.0,0.0,0.0,empirical-manual
2026-08-08_144407_344158_1_R4_TEST1,TEST1,4,11.875,5,11.771399862191585,2165.0,-69545.0,0.0,0.0,8.0,2089.0,0.0,0.0,2.0,0.0,0.0,empirical-manual
2026-08-08_144407_344158_1_R4_TEST1,TEST1,4,12.125,7,12.175757804615628,4561.0,-63148.0,62.0,0.0,0.0,4237.0,0.0,5.0,0.0,0.0,0.0,empirical-manual
2026-08-08_144407_344158_1_R4_TEST1,TEST1,4,12.375,7,12.340895441365848,1618.0,-64747.0,36.0,0.0,287.0,934.0,0.0,59.0,0.0,0.0,0.0,empirical-manual
2026-08-08_144407_344158_1_R4_TEST1,TEST1,4,12.625,3,12.58095201098252,1284.0,-65478.0,250.0,0.0,0.0,505.0,0.0,0.0,0.0,0.0,11.0,empirical-manual
2026-08-08_144407_344158_1_R4_TEST1,TEST1,4,12.875,3,12.878769116753414,3374.0,-64137.0,0.0,0.0,194.0,2207.0,0.0,0.0,0.0,0.0,0.0,empirical-manual
2026-08-08_144407_344158_1_R4_TEST1,TEST1,4,13.125,1,13.049955376687064,4605.0,-70077.0,0.0,0.0,0.0,4605.0,0.0,0.0,0.0,0.0,0.0,empirical-manual
2026-08-08_144407_344158_1_R4_TEST1,TEST1,4,13.375,3,13.378020877157132,2926.0,-66109.0,22.0,0.0,244.0,1775.0,0.0,0.0,0.0,0.0,0.0,empirical-manual
2026-08-08_144407_344158_1_R4_TEST1,TEST1,4,13.625,2,13.622038509933931,6001.0,-56746.5,0.0,92.5,114.5,5526.5,0.0,267.5,0.0,0.0,0.0,empirical-manual
2026-08-08_144407_344158_1_R4_TEST1,TEST1,4,13.875,3,13.827181575387623,5989.0,-62666.0,22.0,0.0,0.0,5923.0,0.0,0.0,0.0,0.0,0.0,empirical-manual
2026-08-08_144407_344158_1_R4_TEST1,TEST1,4,14.125,1,14.148227686451609,7228.0,-52860.0,349.0,0.0,256.0,6236.0,0.0,387.0,0.0,0.0,0.0,empirical-manual
2026-08-08_144407_344158_1_R4_TEST1,TEST1,4,14.375,3,14.421595627690436,2377.0,-70419.0,219.0,0.0,51.0,2326.0,0.0,0.0,0.0,0.0,0.0,empirical-manual
2026-08-08_144407_344158_1_R4_TEST1,TEST1,4,14.625,1,14.655022214775553,8458.0,-56045.0,308.0,0.0,0.0,8008.0,0.0,0.0,0.0,26.0,116.0,empirical-manual
2026-08-08_144407_344158_1_R4_TEST1,TEST1,4,14.875,1,14.806417735927509,429.0,-77547.0,0.0,0.0,0.0,0.0,0.0,429.0,0.0,0.0,0.0,empirical-manual
2026-08-08_145009_272251_1_R5_TEST1,TEST1,5,0.125,1,0.2312725315950458,2274.0,-57382.0,756.0,343.0,182.0,498.0,207.0,0.0,176.0,112.0,0.0,empirical-manual
2026-08-08_145009_272251_1_R5_TEST1,TEST1,5,0.375,12,0.43979849808409655,1727.0,-62530.0,497.0,44.5,496.5,58.0,0.0,93.0,76.5,0.0,0.0,empirical-manual
2026-08-08_145009_272251_1_R5_TEST1,TEST1,5,0.625,56,0.6482651114618289,1490.0,-61762.0,339.0,32.0,475.5,0.0,0.0,137.0,0.0,0.0,20.0,empirical-manual
2026-08-08_145009_272251_1_R5_TEST1,TEST1,5,0.875,74,0.8788297550948082,1628.5,-60311.5,419.0,93.0,414.5,0.0,0.0,173.0,0.0,0.0,0.0,empirical-manual
2026-08-08_145009_272251_1_R5_TEST1,TEST1,5,1.125,71,1.0965980920027798,1653.0,-60654.0,447.0,42.0,490.0,0.0,56.0,188.0,0.0,0.0,0.0,empirical-manual
2026-08-08_145009_272251_1_R5_TEST1,TEST1,5,1.375,67,1.3607600298511529,2129.0,-57461.0,460.0,92.0,606.0,0.0,382.0,198.0,45.0,0.0,75.0,empirical-manual
2026-08-08_145009_272251_1_R5_TEST1,TEST1,5,1.625,51,1.5962308310590114,2304.0,-59341.0,551.0,75.0,510.0,16.0,567.0,199.0,0.0,0.0,0.0,empirical-manual
2026-08-08_145009_272251_1_R5_TEST1,TEST1,5,1.875,44,1.8544359837186684,2324.5,-58661.5,479.0,85.5,528.5,0.0,546.5,164.0,0.0,0.0,0.0,empirical-manual
2026-08-08_145009_272251_1_R5_TEST1,TEST1,5,2.125,53,2.1587737731389613,2363.0,-58167.0,468.0,163.0,539.0,0.0,474.0,248.0,0.0,0.0,41.0,empirical-manual
2026-08-08_145009_272251_1_R5_TEST1,TEST1,5,2.375,42,2.3971935376022655,2381.0,-57374.0,443.5,40.0,514.5,0.0,439.0,131.0,0.0,0.0,0.0,empirical-manual
2026-08-08_145009_272251_1_R5_TEST1,TEST1,5,2.625,34,2.584367526657595,2178.0,-58776.5,406.0,101.0,539.5,22.0,670.5,188.5,31.5,0.0,71.0,empirical-manual
2026-08-08_145009_272251_1_R5_TEST1,TEST1,5,2.875,20,2.867028089204088,2657.0,-57242.0,404.0,239.0,481.5,0.0,1146.5,165.5,0.0,0.0,0.0,empirical-manual
2026-08-08_145009_272251_1_R5_TEST1,TEST1,5,3.125,42,3.12193354344003,2062.0,-59197.0,337.0,66.5,520.0,0.0,649.0,143.5,0.0,0.0,24.5,empirical-manual
2026-08-08_145009_272251_1_R5_TEST1,TEST1,5,3.375,28,3.3952459848057748,2880.0,-55770.5,615.5,131.0,385.5,23.5,1044.5,194.5,0.0,0.0,0.0,empirical-manual
2026-08-08_145009_272251_1_R5_TEST1,TEST1,5,3.625,21,3.627781534299841,2314.0,-57309.0,382.0,86.0,447.0,5.0,964.0,70.0,0.0,0.0,2.0,empirical-manual
2026-08-08_145009_272251_1_R5_TEST1,TEST1,5,3.875,23,3.8267524018399657,2651.0,-56258.0,547.0,37.0,425.0,62.0,1026.0,267.0,31.0,0.0,93.0,empirical-manual
2026-08-08_145009_272251_1_R5_TEST1,TEST1,5,4.125,24,4.099899201330471,2991.5,-55538.0,465.5,137.0,769.0,73.0,825.5,200.0,5.5,0.0,28.5,empirical-manual
2026-08-08_145009_272251_1_R5_TEST1,TEST1,5,4.375,18,4.436994620290831,2658.5,-55109.5,602.0,0.0,467.5,184.0,664.5,265.0,0.0,0.0,158.5,empirical-manual
2026-08-08_145009_272251_1_R5_TEST1,TEST1,5,4.625,29,4.640188480802503,2107.0,-60068.0,501.0,73.0,445.0,83.0,482.0,68.0,0.0,0.0,0.0,empirical-manual
2026-08-08_145009_272251_1_R5_TEST1,TEST1,5,4.875,21,4.90475058675325,2106.0,-61714.0,575.0,0.0,398.0,87.0,15.0,152.0,0.0,0.0,0.0,empirical-manual
2026-08-08_145009_272251_1_R5_TEST1,TEST1,5,5.125,17,5.15333707238199,1928.0,-59480.0,307.0,0.0,612.0,16.0,309.0,186.0,15.0,0.0,0.0,empirical-manual
2026-08-08_145009_272251_1_R5_TEST1,TEST1,5,5.375,20,5.400983915012317,2149.5,-60436.0,338.5,112.0,434.0,0.0,690.5,64.5,0.0,0.0,38.0,empirical-manual
2026-08-08_145009_272251_1_R5_TEST1,TEST1,5,5.625,15,5.61973047105255,1974.0,-60131.0,436.0,139.0,453.0,0.0,0.0,104.0,0.0,0.0,137.0,empirical-manual
2026-08-08_145009_272251_1_R5_TEST1,TEST1,5,5.875,13,5.877883263395686,2210.0,-60947.0,338.0,201.0,572.0,0.0,712.0,311.0,0.0,0.0,194.0,empirical-manual
2026-08-08_145009_272251_1_R5_TEST1,TEST1,5,6.125,22,6.149123976226976,2897.5,-58447.5,503.0,180.5,520.5,0.0,584.5,266.0,0.0,0.0,65.5,empirical-manual
2026-08-08_145009_272251_1_R5_TEST1,TEST1,5,6.375,19,6.380079031909375,2072.0,-61543.0,453.0,82.0,488.0,0.0,417.0,277.0,0.0,0.0,26.0,empirical-manual
2026-08-08_145009_272251_1_R5_TEST1,TEST1,5,6.625,14,6.617429468331883,2432.0,-60493.0,565.5,109.0,399.0,39.5,415.5,50.5,0.0,0.0,0.0,empirical-manual
2026-08-08_145009_272251_1_R5_TEST1,TEST1,5,6.875,22,6.902092199285602,2347.5,-58816.0,517.0,327.5,441.5,0.0,225.0,15.5,0.0,0.0,0.0,empirical-manual
2026-08-08_145009_272251_1_R5_TEST1,TEST1,5,7.125,17,7.161118250764679,2354.0,-61828.0,535.0,180.0,431.0,21.0,291.0,142.0,0.0,0.0,0.0,empirical-manual
2026-08-08_145009_272251_1_R5_TEST1,TEST1,5,7.375,15,7.32354411445429,2259.0,-59008.0,480.0,0.0,359.0,0.0,782.0,199.0,0.0,0.0,96.0,empirical-manual
2026-08-08_145009_272251_1_R5_TEST1,TEST1,5,7.625,14,7.624004361744255,3604.5,-54871.0,639.0,153.0,514.0,56.0,1582.0,85.0,62.5,0.0,4.0,empirical-manual
2026-08-08_145009_272251_1_R5_TEST1,TEST1,5,7.875,11,7.878218553559376,2640.0,-59528.0,663.0,40.0,547.0,36.0,389.0,141.0,0.0,0.0,6.0,empirical-manual
2026-08-08_145009_272251_1_R5_TEST1,TEST1,5,8.125,11,8.073684136929083,2961.0,-56891.0,569.0,247.0,388.0,155.0,1024.0,224.0,26.0,0.0,0.0,empirical-manual
2026-08-08_145009_272251_1_R5_TEST1,TEST1,5,8.375,17,8.35091534420918,2206.0,-60501.0,413.0,308.0,471.0,0.0,692.0,51.0,0.0,0.0,0.0,empirical-manual
2026-08-08_145009_272251_1_R5_TEST1,TEST1,5,8.625,11,8.717754138607507,2966.0,-56577.0,525.0,140.0,466.0,0.0,1227.0,225.0,0.0,0.0,38.0,empirical-manual
2026-08-08_145009_272251_1_R5_TEST1,TEST1,5,8.875,11,8.837192445542629,1790.0,-60129.0,424.0,287.0,466.0,78.0,0.0,142.0,0.0,0.0,117.0,empirical-manual
2026-08-08_145009_272251_1_R5_TEST1,TEST1,5,9.125,9,9.053341516334974,3280.0,-57082.0,448.0,25.0,393.0,0.0,1403.0,119.0,90.0,0.0,0.0,empirical-manual
2026-08-08_145009_272251_1_R5_TEST1,TEST1,5,9.375,11,9.361257621557776,2521.0,-58477.0,450.0,23.0,572.0,0.0,1262.0,150.0,0.0,0.0,59.0,empirical-manual
2026-08-08_145009_272251_1_R5_TEST1,TEST1,5,9.625,5,9.612761936565024,2154.0,-63062.0,493.0,151.0,219.0,0.0,930.0,103.0,0.0,0.0,0.0,empirical-manual
2026-08-08_145009_272251_1_R5_TEST1,TEST1,5,9.875,2,9.967993881924219,3159.5,-56876.5,293.0,106.5,122.0,62.5,2265.0,254.5,0.0,0.0,56.0,empirical-manual
2026-08-08_145009_272251_1_R5_TEST1,TEST1,5,10.125,8,10.10358583345876,1616.5,-62115.5,365.0,288.0,261.5,0.0,40.0,194.5,73.0,0.0,15.5,empirical-manual
2026-08-08_145009_272251_1_R5_TEST1,TEST1,5,10.375,2,10.319506797755045,2473.5,-59364.5,641.0,336.5,592.5,0.0,595.0,39.5,22.0,30.5,216.5,empirical-manual
2026-08-08_145009_272251_1_R5_TEST1,TEST1,5,10.625,3,10.67171723972868,4538.0,-53929.0,115.0,0.0,717.0,0.0,2508.0,309.0,0.0,0.0,0.0,empirical-manual
2026-08-08_145009_272251_1_R5_TEST1,TEST1,5,10.875,5,10.896989615035643,1549.0,-63589.0,421.0,190.0,471.0,0.0,157.0,87.0,0.0,0.0,0.0,empirical-manual
2026-08-08_145009_272251_1_R5_TEST1,TEST1,5,11.125,6,11.136813671128072,5499.0,-50178.0,660.5,11.5,607.5,126.0,2816.5,328.5,239.5,0.0,148.5,empirical-manual
2026-08-08_145009_272251_1_R5_TEST1,TEST1,5,11.375,3,11.449213843488728,2619.0,-60195.0,789.0,257.0,234.0,148.0,0.0,338.0,497.0,0.0,0.0,empirical-manual
2026-08-08_145009_272251_1_R5_TEST1,TEST1,5,11.625,2,11.618994671990263,2163.0,-64902.5,412.5,0.0,368.0,0.0,997.5,207.0,0.0,0.0,178.0,empirical-manual
2026-08-08_145009_272251_1_R5_TEST1,TEST1,5,11.875,2,11.874845425072182,5456.5,-52378.5,813.5,530.0,457.5,179.5,3069.0,223.0,0.0,0.0,184.0,empirical-manual
2026-08-08_145009_272251_1_R5_TEST1,TEST1,5,12.375,2,12.34869325299713,1829.5,-63015.0,0.0,515.5,252.0,0.0,618.5,334.5,0.0,0.0,109.0,empirical-manual
2026-08-08_145009_272251_1_R5_TEST1,TEST1,5,12.625,1,12.52640185812572,2058.0,-60899.0,704.0,212.0,292.0,0.0,523.0,219.0,0.0,0.0,108.0,empirical-manual
2026-08-08_145009_272251_1_R5_TEST1,TEST1,5,13.625,1,13.512191954362788,8386.0,-47454.0,811.0,527.0,543.0,15.0,6104.0,253.0,0.0,0.0,133.0,empirical-manual
2026-08-08_145009_272251_1_R5_TEST1,TEST1,5,13.875,1,13.972136149654135,1871.0,-64560.0,0.0,280.0,701.0,0.0,170.0,636.0,0.0,0.0,84.0,empirical-manual
2026-08-08_145348_428397_1_R6_TEST1,TEST1,6,1.125,1,1.1857458077673544,3673.0,-54331.0,715.0,53.0,287.0,522.0,0.0,1831.0,265.0,0.0,0.0,empirical-manual
2026-08-08_145348_428397_1_R6_TEST1,TEST1,6,1.375,1,1.473619586314142,4689.0,-52156.0,581.0,22.0,940.0,403.0,0.0,1829.0,694.0,0.0,220.0,empirical-manual
2026-08-08_145348_428397_1_R6_TEST1,TEST1,6,1.625,6,1.5988502423264643,3010.0,-55368.5,981.0,70.5,452.5,180.0,0.0,150.5,560.5,0.0,70.5,empirical-manual
2026-08-08_145348_428397_1_R6_TEST1,TEST1,6,1.875,13,1.845116827879964,4743.0,-52230.0,548.0,484.0,595.0,300.0,0.0,2002.0,277.0,0.0,0.0,empirical-manual
2026-08-08_145348_428397_1_R6_TEST1,TEST1,6,2.125,9,2.112262098252905,4275.0,-52730.0,506.0,271.0,641.0,52.0,0.0,1607.0,186.0,0.0,21.0,empirical-manual
2026-08-08_145348_428397_1_R6_TEST1,TEST1,6,2.375,16,2.3736165592087373,5096.0,-50967.0,630.5,375.0,636.0,364.0,0.0,2216.0,429.0,0.0,18.0,empirical-manual
2026-08-08_145348_428397_1_R6_TEST1,TEST1,6,2.625,27,2.5597248261628005,5092.0,-48341.0,674.0,465.0,790.0,370.0,0.0,2665.0,265.0,0.0,175.0,empirical-manual
2026-08-08_145348_428397_1_R6_TEST1,TEST1,6,2.875,36,2.8984447868747862,5953.0,-46310.0,653.5,456.5,667.0,423.0,0.0,2573.0,322.5,24.5,86.0,empirical-manual
2026-08-08_145348_428397_1_R6_TEST1,TEST1,6,3.125,24,3.1323720885405577,4974.0,-48873.5,827.5,586.0,697.0,474.0,0.0,1991.0,288.5,63.0,164.0,empirical-manual
2026-08-08_145348_428397_1_R6_TEST1,TEST1,6,3.375,29,3.389458059489382,6516.0,-45635.0,735.0,448.0,775.0,344.0,52.0,2709.0,391.0,5.0,125.0,empirical-manual
2026-08-08_145348_428397_1_R6_TEST1,TEST1,6,3.625,37,3.612588271069965,5586.0,-48869.0,684.0,444.0,677.0,478.0,0.0,2649.0,375.0,13.0,64.0,empirical-manual
2026-08-08_145348_428397_1_R6_TEST1,TEST1,6,3.875,42,3.904510151509099,5953.5,-47763.0,677.5,513.0,598.0,400.0,0.0,2754.5,417.5,0.0,119.5,empirical-manual
2026-08-08_145348_428397_1_R6_TEST1,TEST1,6,4.125,26,4.076693468361649,6243.5,-47659.0,826.5,600.0,598.0,494.5,0.0,3021.0,340.0,26.5,42.0,empirical-manual
2026-08-08_145348_428397_1_R6_TEST1,TEST1,6,4.375,22,4.433459258691368,8686.5,-43715.5,862.5,517.5,659.5,577.0,109.0,4883.5,512.0,60.0,118.5,empirical-manual
2026-08-08_145348_428397_1_R6_TEST1,TEST1,6,4.625,30,4.647413073022486,6738.0,-44999.5,677.5,464.0,788.0,430.5,12.0,3531.0,364.5,12.5,67.5,empirical-manual
2026-08-08_145348_428397_1_R6_TEST1,TEST1,6,4.875,16,4.8865341116604455,8333.0,-45984.0,620.0,313.5,626.5,321.0,60.5,4634.5,341.0,50.0,55.0,empirical-manual
2026-08-08_145348_428397_1_R6_TEST1,TEST1,6,5.125,17,5.139635567732372,7457.0,-44353.0,819.0,627.0,633.0,456.0,98.0,4642.0,383.0,86.0,80.0,empirical-manual
2026-08-08_145348_428397_1_R6_TEST1,TEST1,6,5.375,19,5.381951715995056,9175.0,-43225.0,786.0,701.0,755.0,419.0,78.0,5227.0,358.0,97.0,96.0,empirical-manual
2026-08-08_145348_428397_1_R6_TEST1,TEST1,6,5.625,23,5.630742372087009,8641.0,-44926.0,674.0,622.0,607.0,520.0,163.0,5244.0,354.0,108.0,137.0,empirical-manual
2026-08-08_145348_428397_1_R6_TEST1,TEST1,6,5.875,21,5.844966955903375,5055.0,-48812.0,773.0,475.0,803.0,490.0,95.0,2621.0,285.0,0.0,0.0,empirical-manual
2026-08-08_145348_428397_1_R6_TEST1,TEST1,6,6.125,20,6.088589653844961,6630.5,-46204.5,793.0,529.0,742.5,401.5,0.0,4237.0,302.5,0.0,135.0,empirical-manual
2026-08-08_145348_428397_1_R6_TEST1,TEST1,6,6.375,25,6.392367324429684,6101.0,-48109.0,688.0,407.0,596.0,483.0,0.0,3283.0,335.0,71.0,96.0,empirical-manual
2026-08-08_145348_428397_1_R6_TEST1,TEST1,6,6.625,20,6.573513785126067,7207.5,-45045.5,654.5,582.5,633.0,309.5,126.5,3846.0,369.5,122.0,99.5,empirical-manual
2026-08-08_145348_428397_1_R6_TEST1,TEST1,6,6.875,27,6.8612755176407365,8131.0,-45756.0,717.0,552.0,564.0,423.0,156.0,5480.0,506.0,0.0,113.0,empirical-manual
2026-08-08_145348_428397_1_R6_TEST1,TEST1,6,7.125,8,7.16479169827081,7167.5,-44013.5,650.0,443.0,780.0,291.5,181.0,5170.0,281.5,0.0,167.5,empirical-manual
2026-08-08_145348_428397_1_R6_TEST1,TEST1,6,7.375,19,7.396134424691419,8520.0,-45156.0,786.0,526.0,587.0,446.0,87.0,4854.0,375.0,100.0,118.0,empirical-manual
2026-08-08_145348_428397_1_R6_TEST1,TEST1,6,7.625,14,7.649668764086677,7733.0,-44592.0,847.0,655.0,769.5,493.0,316.0,4361.5,436.5,172.0,4.0,empirical-manual
2026-08-08_145348_428397_1_R6_TEST1,TEST1,6,7.875,7,7.822297658502357,11885.0,-38577.0,686.0,588.0,578.0,349.0,354.0,9625.0,322.0,82.0,0.0,empirical-manual
2026-08-08_145348_428397_1_R6_TEST1,TEST1,6,8.125,18,8.123414598992326,9641.5,-42216.0,640.0,604.5,673.0,531.5,80.5,6724.5,340.5,153.5,62.5,empirical-manual
2026-08-08_145348_428397_1_R6_TEST1,TEST1,6,8.375,13,8.402401392060725,7447.0,-45041.0,720.0,265.0,772.0,590.0,162.0,4078.0,364.0,153.0,173.0,empirical-manual
2026-08-08_145348_428397_1_R6_TEST1,TEST1,6,8.625,14,8.6142085309198,10701.0,-41593.0,845.5,606.0,713.0,397.5,277.0,7352.0,565.5,248.5,108.5,empirical-manual
2026-08-08_145348_428397_1_R6_TEST1,TEST1,6,8.875,21,8.940071646805137,8446.0,-44525.0,589.0,512.0,689.0,413.0,73.0,5306.0,375.0,78.0,159.0,empirical-manual
2026-08-08_145348_428397_1_R6_TEST1,TEST1,6,9.125,16,9.067583570894666,7627.0,-44617.0,897.0,577.0,614.5,429.5,0.0,3259.5,457.5,157.0,125.5,empirical-manual
2026-08-08_145348_428397_1_R6_TEST1,TEST1,6,9.375,12,9.362935422866844,8099.5,-44210.5,797.0,631.0,620.0,355.5,10.0,5588.0,437.5,0.0,44.5,empirical-manual
2026-08-08_145348_428397_1_R6_TEST1,TEST1,6,9.625,11,9.589947632878603,8328.0,-44461.0,653.0,765.0,723.0,456.0,102.0,6112.0,288.0,53.0,75.0,empirical-manual
2026-08-08_145348_428397_1_R6_TEST1,TEST1,6,9.875,13,9.894950029659045,8608.0,-44144.0,543.0,494.0,610.0,381.0,159.0,4940.0,247.0,186.0,0.0,empirical-manual
2026-08-08_145348_428397_1_R6_TEST1,TEST1,6,10.125,12,10.135826118793553,8672.0,-43561.0,829.5,486.0,697.0,541.5,299.0,4512.0,393.0,0.0,190.5,empirical-manual
2026-08-08_145348_428397_1_R6_TEST1,TEST1,6,10.375,10,10.398449461734657,8234.0,-45665.5,606.0,283.0,558.5,244.5,139.0,5734.5,174.0,128.0,88.0,empirical-manual
2026-08-08_145348_428397_1_R6_TEST1,TEST1,6,10.625,11,10.58729532710468,6852.0,-48673.0,791.0,347.0,732.0,267.0,78.0,3746.0,412.0,23.0,143.0,empirical-manual
2026-08-08_145348_428397_1_R6_TEST1,TEST1,6,10.875,8,10.876009384983483,12994.5,-38583.0,826.5,499.0,628.5,338.0,171.5,9729.5,426.5,0.0,162.0,empirical-manual
2026-08-08_145348_428397_1_R6_TEST1,TEST1,6,11.125,4,11.11028717959734,8021.0,-44655.5,802.0,305.5,370.0,576.5,200.0,5350.0,353.5,110.5,0.0,empirical-manual
2026-08-08_145348_428397_1_R6_TEST1,TEST1,6,11.375,11,11.38592511939949,9132.0,-43420.0,796.0,526.0,644.0,541.0,236.0,3647.0,462.0,141.0,110.0,empirical-manual
2026-08-08_145348_428397_1_R6_TEST1,TEST1,6,11.625,6,11.692698709977922,9132.0,-40864.0,982.5,517.5,636.0,770.5,69.0,3814.0,565.0,160.5,196.5,empirical-manual
2026-08-08_145348_428397_1_R6_TEST1,TEST1,6,11.875,8,11.927572916335379,7155.5,-47236.0,597.5,550.5,606.0,647.5,9.5,4209.5,311.5,0.0,28.0,empirical-manual
2026-08-08_145348_428397_1_R6_TEST1,TEST1,6,12.125,5,12.044847900020288,8700.0,-45532.0,830.0,644.0,728.0,445.0,170.0,5690.0,279.0,161.0,95.0,empirical-manual
2026-08-08_145348_428397_1_R6_TEST1,TEST1,6,12.375,6,12.34697385728493,7314.5,-47221.5,524.5,376.0,469.0,257.5,72.0,4604.0,239.5,0.0,6.0,empirical-manual
2026-08-08_145348_428397_1_R6_TEST1,TEST1,6,12.625,4,12.710759105502348,4516.0,-48839.0,367.5,399.0,499.5,375.5,0.0,2863.5,347.5,0.0,109.0,empirical-manual
2026-08-08_145348_428397_1_R6_TEST1,TEST1,6,12.875,5,12.790211898571004,4643.0,-52152.0,490.0,347.0,353.0,467.0,0.0,1910.0,245.0,64.0,152.0,empirical-manual
2026-08-08_145348_428397_1_R6_TEST1,TEST1,6,13.125,2,13.071559246746833,4749.5,-51054.5,577.0,114.0,440.5,393.5,201.0,2667.5,232.0,40.0,84.0,empirical-manual
2026-08-08_145348_428397_1_R6_TEST1,TEST1,6,13.375,5,13.367903446306313,4799.0,-51004.0,528.0,471.0,575.0,414.0,0.0,1852.0,216.0,4.0,164.0,empirical-manual
2026-08-08_145348_428397_1_R6_TEST1,TEST1,6,13.625,2,13.624940294366322,4691.0,-54228.5,342.5,409.5,379.5,395.0,62.0,2382.0,218.5,174.0,328.0,empirical-manual
2026-08-08_145348_428397_1_R6_TEST1,TEST1,6,13.875,4,13.895021793178898,4512.0,-54973.5,845.0,462.5,624.5,362.5,0.0,2339.0,101.0,0.0,39.5,empirical-manual
2026-08-08_145646_442250_1_R7_TEST1,TEST1,7,0.375,1,0.4634246989596662,7860.0,-39685.0,853.0,1542.0,806.0,921.0,1162.0,983.0,571.0,618.0,404.0,empirical-manual
2026-08-08_145646_442250_1_R7_TEST1,TEST1,7,0.625,18,0.6824436034587812,7432.0,-40715.5,1240.5,957.5,887.0,832.0,1009.0,940.0,781.0,226.5,558.5,empirical-manual
2026-08-08_145646_442250_1_R7_TEST1,TEST1,7,0.875,19,0.8075330431174883,7194.0,-42379.0,1344.0,742.0,919.0,944.0,839.0,866.0,938.0,103.0,155.0,empirical-manual
2026-08-08_145646_442250_1_R7_TEST1,TEST1,7,1.125,20,1.1404950492696364,7354.0,-41307.0,1119.5,961.5,990.5,855.0,767.0,774.5,1186.0,266.5,385.5,empirical-manual
2026-08-08_145646_442250_1_R7_TEST1,TEST1,7,1.375,34,1.346611859986497,7206.5,-41846.5,1170.0,795.5,939.5,870.5,817.0,734.0,1380.5,114.5,252.5,empirical-manual
2026-08-08_145646_442250_1_R7_TEST1,TEST1,7,1.625,42,1.609197660788144,8047.0,-39597.5,1179.5,881.0,860.0,841.5,888.0,804.5,1684.5,201.0,392.0,empirical-manual
2026-08-08_145646_442250_1_R7_TEST1,TEST1,7,1.875,39,1.8721899971774345,7929.0,-39994.0,1107.0,822.0,939.0,771.0,784.0,808.0,1987.0,122.0,340.0,empirical-manual
2026-08-08_145646_442250_1_R7_TEST1,TEST1,7,2.125,53,2.1030149916966088,7827.0,-40293.0,964.0,807.0,986.0,702.0,723.0,810.0,1838.0,196.0,409.0,empirical-manual
2026-08-08_145646_442250_1_R7_TEST1,TEST1,7,2.375,48,2.384211736786775,7923.0,-40852.0,1113.5,839.0,923.5,781.0,682.5,723.0,2189.5,167.0,294.0,empirical-manual
2026-08-08_145646_442250_1_R7_TEST1,TEST1,7,2.625,47,2.6234922433234096,7696.0,-40561.0,974.0,745.0,889.0,894.0,789.0,771.0,2022.0,133.0,337.0,empirical-manual
2026-08-08_145646_442250_1_R7_TEST1,TEST1,7,2.875,36,2.847124739463268,7851.5,-39797.0,988.5,874.5,973.5,893.0,827.5,786.0,2103.0,186.0,311.0,empirical-manual
2026-08-08_145646_442250_1_R7_TEST1,TEST1,7,3.125,30,3.1160340616496205,8118.0,-39375.0,1157.0,879.5,921.5,1044.5,877.0,877.0,2121.0,150.0,314.0,empirical-manual
2026-08-08_145646_442250_1_R7_TEST1,TEST1,7,3.375,25,3.3765678796464016,8611.0,-39404.0,1039.0,842.0,1035.0,856.0,879.0,798.0,2570.0,113.0,272.0,empirical-manual
2026-08-08_145646_442250_1_R7_TEST1,TEST1,7,3.625,20,3.6098052156728104,8857.5,-37922.0,1183.0,886.5,992.0,934.0,647.5,843.0,2701.0,156.5,371.5,empirical-manual
2026-08-08_145646_442250_1_R7_TEST1,TEST1,7,3.875,31,3.862256785989541,8541.0,-40315.0,947.0,789.0,1112.0,901.0,692.0,733.0,2484.0,133.0,341.0,empirical-manual
2026-08-08_145646_442250_1_R7_TEST1,TEST1,7,4.125,26,4.13399382970989,7910.0,-40424.0,979.5,812.5,799.0,870.0,759.5,770.0,2661.0,128.5,226.0,empirical-manual
2026-08-08_145646_442250_1_R7_TEST1,TEST1,7,4.375,32,4.376192375731369,7768.5,-39409.5,1064.5,882.0,1008.0,943.5,958.0,756.0,1651.5,166.0,251.5,empirical-manual
2026-08-08_145646_442250_1_R7_TEST1,TEST1,7,4.625,20,4.627804825113831,7665.5,-40422.0,1013.0,774.5,986.5,924.0,652.5,834.5,2611.0,130.0,325.0,empirical-manual
2026-08-08_145646_442250_1_R7_TEST1,TEST1,7,4.875,25,4.885568168823111,8426.0,-41249.0,1050.0,634.0,973.0,868.0,859.0,798.0,2656.0,106.0,324.0,empirical-manual
2026-08-08_145646_442250_1_R7_TEST1,TEST1,7,5.125,28,5.1059646808559815,8996.0,-37791.0,934.0,917.0,1091.5,828.0,896.5,837.0,2685.0,97.5,438.0,empirical-manual
2026-08-08_145646_442250_1_R7_TEST1,TEST1,7,5.375,26,5.353219329844048,8039.0,-41117.5,1048.0,799.0,833.5,910.0,869.5,726.0,1462.0,154.0,328.0,empirical-manual
2026-08-08_145646_442250_1_R7_TEST1,TEST1,7,5.625,22,5.648863025553901,10881.0,-35676.5,970.0,926.5,967.0,917.5,735.0,801.5,4601.5,191.0,331.5,empirical-manual
2026-08-08_145646_442250_1_R7_TEST1,TEST1,7,5.875,15,5.890239656996916,8814.0,-35570.0,1136.0,883.0,847.0,1100.0,766.0,820.0,3330.0,202.0,334.0,empirical-manual
2026-08-08_145646_442250_1_R7_TEST1,TEST1,7,6.125,17,6.113232663259445,8122.0,-40026.0,1117.0,745.0,1019.0,908.0,881.0,799.0,1933.0,119.0,324.0,empirical-manual
2026-08-08_145646_442250_1_R7_TEST1,TEST1,7,6.375,10,6.454466495657221,6651.0,-44060.0,1036.0,559.5,762.5,740.5,544.5,801.5,604.5,63.5,309.0,empirical-manual
2026-08-08_145646_442250_1_R7_TEST1,TEST1,7,6.625,16,6.661993734056056,8707.5,-39732.0,1132.5,795.5,978.0,1008.0,659.5,856.5,1707.0,45.5,208.5,empirical-manual
2026-08-08_145646_442250_1_R7_TEST1,TEST1,7,6.875,15,6.899337947443385,9169.0,-39494.0,1105.0,947.0,1033.0,1008.0,1009.0,788.0,2903.0,18.0,281.0,empirical-manual
2026-08-08_145646_442250_1_R7_TEST1,TEST1,7,7.125,15,7.154783427054259,10610.0,-38439.0,1098.0,727.0,1213.0,710.0,654.0,750.0,3015.0,235.0,361.0,empirical-manual
2026-08-08_145646_442250_1_R7_TEST1,TEST1,7,7.375,19,7.363983414040267,10932.0,-34558.0,1200.0,871.0,948.0,1016.0,774.0,805.0,5340.0,173.0,242.0,empirical-manual
2026-08-08_145646_442250_1_R7_TEST1,TEST1,7,7.625,20,7.637545979354133,10245.0,-36225.0,954.5,779.5,949.5,1080.5,617.0,883.5,5166.5,204.5,284.0,empirical-manual
2026-08-08_145646_442250_1_R7_TEST1,TEST1,7,7.875,10,7.832074868115923,9055.5,-39407.5,949.0,1058.0,807.0,1108.5,882.0,865.0,2163.5,251.0,337.0,empirical-manual
2026-08-08_145646_442250_1_R7_TEST1,TEST1,7,8.125,9,8.100340600398296,9029.0,-39091.0,1267.0,755.0,1003.0,1189.0,1027.0,842.0,2075.0,321.0,356.0,empirical-manual
2026-08-08_145646_442250_1_R7_TEST1,TEST1,7,8.375,6,8.334764111447551,7138.5,-41595.5,1192.0,725.5,806.5,818.0,689.0,849.0,422.0,263.0,457.0,empirical-manual
2026-08-08_145646_442250_1_R7_TEST1,TEST1,7,8.625,11,8.668681183953122,9338.0,-38281.0,840.0,880.0,1058.0,925.0,887.0,977.0,1947.0,228.0,485.0,empirical-manual
2026-08-08_145646_442250_1_R7_TEST1,TEST1,7,8.875,12,8.873391371824585,7190.5,-41568.5,1042.5,902.0,1045.0,1024.0,614.5,908.5,1239.0,21.0,306.0,empirical-manual
2026-08-08_145646_442250_1_R7_TEST1,TEST1,7,9.125,9,9.17230612497525,7742.0,-40883.0,1163.0,784.0,790.0,1193.0,753.0,640.0,2345.0,32.0,136.0,empirical-manual
2026-08-08_145646_442250_1_R7_TEST1,TEST1,7,9.375,11,9.339730551346502,7894.0,-39160.0,1057.0,748.0,791.0,1077.0,786.0,675.0,1346.0,121.0,217.0,empirical-manual
2026-08-08_145646_442250_1_R7_TEST1,TEST1,7,9.625,7,9.61237907340338,11246.0,-37429.0,1130.0,931.0,1033.0,975.0,722.0,709.0,3896.0,0.0,351.0,empirical-manual
2026-08-08_145646_442250_1_R7_TEST1,TEST1,7,9.875,4,9.933568466632742,7404.0,-40260.5,945.0,996.0,1221.5,1239.0,771.5,968.5,316.0,372.5,379.0,empirical-manual
2026-08-08_145646_442250_1_R7_TEST1,TEST1,7,10.125,4,10.083033658003352,9512.0,-37115.5,1204.0,761.0,1024.5,1124.5,802.5,851.0,2838.0,146.0,209.5,empirical-manual
2026-08-08_145646_442250_1_R7_TEST1,TEST1,7,10.375,8,10.322240435151599,6858.0,-42758.0,1017.5,916.5,1146.5,931.5,748.5,781.5,432.0,47.5,482.0,empirical-manual
2026-08-08_145646_442250_1_R7_TEST1,TEST1,7,10.625,4,10.625165790769305,10786.5,-37625.5,481.0,1133.5,1061.0,869.0,383.0,529.5,5316.5,245.0,195.5,empirical-manual
2026-08-08_145646_442250_1_R7_TEST1,TEST1,7,10.875,3,10.957047286464949,6544.0,-42027.0,1259.0,573.0,936.0,986.0,873.0,590.0,528.0,325.0,400.0,empirical-manual
2026-08-08_145646_442250_1_R7_TEST1,TEST1,7,11.125,6,11.080405732294135,7155.5,-43800.5,1007.5,703.0,998.5,677.0,542.0,650.0,2053.0,0.0,276.0,empirical-manual
2026-08-08_145646_442250_1_R7_TEST1,TEST1,7,11.375,1,11.272183602081494,10902.0,-38030.0,763.0,526.0,742.0,777.0,124.0,656.0,6995.0,184.0,135.0,empirical-manual
2026-08-08_145646_442250_1_R7_TEST1,TEST1,7,11.625,4,11.614949344836056,6527.5,-43869.5,738.5,556.0,1007.5,830.5,574.0,863.5,1395.5,31.5,263.5,empirical-manual
2026-08-08_145646_442250_1_R7_TEST1,TEST1,7,12.125,3,12.052458893097956,6917.0,-43156.0,675.0,625.0,775.0,483.0,601.0,622.0,2375.0,0.0,568.0,empirical-manual
2026-08-08_145646_442250_1_R7_TEST1,TEST1,7,12.375,4,12.433452937048935,10751.0,-32925.5,1096.0,941.5,947.5,1028.0,745.0,892.0,3931.0,284.0,308.0,empirical-manual
2026-08-08_145646_442250_1_R7_TEST1,TEST1,7,12.625,6,12.577916418892563,6063.5,-43946.0,1219.0,943.5,793.5,999.5,522.5,726.5,143.5,157.5,276.5,empirical-manual
2026-08-08_145646_442250_1_R7_TEST1,TEST1,7,13.125,2,13.114427998717847,11069.0,-36769.5,811.0,693.0,834.5,893.0,644.0,762.0,5892.0,371.0,168.5,empirical-manual
2026-08-08_145646_442250_1_R7_TEST1,TEST1,7,13.625,1,13.72278449625574,8669.0,-37572.0,1642.0,575.0,1350.0,1136.0,842.0,1408.0,1034.0,0.0,682.0,empirical-manual
2026-08-08_145646_442250_1_R7_TEST1,TEST1,7,13.875,1,13.82497271111367,5963.0,-43970.0,1468.0,548.0,1355.0,1142.0,701.0,455.0,58.0,0.0,236.0,empirical-manual
2026-08-08_145956_684487_1_R8_TEST1,TEST1,8,0.125,3,0.0635965502925856,7724.0,-40532.0,1728.0,1110.0,748.0,1245.0,1278.0,772.0,687.0,390.0,231.0,empirical-manual
2026-08-08_145956_684487_1_R8_TEST1,TEST1,8,0.375,2,0.41480030666153733,9434.0,-34971.0,1207.0,1705.0,1418.5,970.0,1405.5,1212.5,447.5,561.5,506.5,empirical-manual
2026-08-08_145956_684487_1_R8_TEST1,TEST1,8,0.625,6,0.6609807549344682,7807.5,-39981.5,1511.5,634.5,1053.5,1085.5,1027.5,934.5,566.0,838.0,508.0,empirical-manual
2026-08-08_145956_684487_1_R8_TEST1,TEST1,8,0.875,18,0.8943975436446059,8474.0,-37266.5,1163.0,1270.0,1005.0,1055.5,955.5,971.0,585.0,930.0,231.5,empirical-manual
2026-08-08_145956_684487_1_R8_TEST1,TEST1,8,1.125,26,1.1253424822033908,9196.0,-36772.0,1277.5,1035.0,986.5,1109.5,826.0,1029.5,717.0,989.0,334.0,empirical-manual
2026-08-08_145956_684487_1_R8_TEST1,TEST1,8,1.375,39,1.3755340029980991,9099.0,-36916.0,1271.0,1191.0,1020.0,1167.0,993.0,927.0,558.0,1557.0,345.0,empirical-manual
2026-08-08_145956_684487_1_R8_TEST1,TEST1,8,1.625,38,1.6117143378388046,9478.5,-35533.0,1446.5,1149.5,1181.0,1142.5,1107.5,1004.0,688.0,1664.5,405.5,empirical-manual
2026-08-08_145956_684487_1_R8_TEST1,TEST1,8,1.875,50,1.8665528846632178,9635.5,-35425.0,1246.5,1259.5,1135.5,1136.5,1051.0,928.5,602.0,1911.0,307.5,empirical-manual
2026-08-08_145956_684487_1_R8_TEST1,TEST1,8,2.125,50,2.112950642418848,9303.0,-36531.5,1284.0,1134.5,1120.0,1068.5,1026.0,1038.0,598.5,1851.5,337.0,empirical-manual
2026-08-08_145956_684487_1_R8_TEST1,TEST1,8,2.375,33,2.357454725318833,9219.0,-36341.0,1158.0,1078.0,1160.0,1254.0,937.0,1009.0,603.0,2046.0,355.0,empirical-manual
2026-08-08_145956_684487_1_R8_TEST1,TEST1,8,2.625,24,2.6116157375481706,10302.5,-34671.5,1204.5,1199.0,1136.0,1239.0,1040.5,944.5,527.0,2189.5,362.0,empirical-manual
2026-08-08_145956_684487_1_R8_TEST1,TEST1,8,2.875,28,2.8924473482043362,10715.0,-34354.0,1438.5,1141.5,1101.0,1192.5,1028.5,956.5,573.0,2708.5,344.0,empirical-manual
2026-08-08_145956_684487_1_R8_TEST1,TEST1,8,3.125,25,3.1052652685128064,9906.0,-34891.0,1423.0,995.0,983.0,1243.0,964.0,987.0,604.0,2691.0,346.0,empirical-manual
2026-08-08_145956_684487_1_R8_TEST1,TEST1,8,3.375,22,3.357289089210523,10185.0,-34045.0,1294.0,1264.5,1155.0,1192.0,1076.0,1043.0,643.0,2203.5,429.0,empirical-manual
2026-08-08_145956_684487_1_R8_TEST1,TEST1,8,3.625,22,3.610871643779972,10818.0,-33377.0,1187.5,993.5,1131.0,1145.5,1032.5,1089.5,577.5,2841.5,328.0,empirical-manual
2026-08-08_145956_684487_1_R8_TEST1,TEST1,8,3.875,9,3.916539755738174,10697.0,-34138.0,1079.0,1130.0,1026.0,1138.0,994.0,1015.0,529.0,3389.0,441.0,empirical-manual
2026-08-08_145956_684487_1_R8_TEST1,TEST1,8,4.125,13,4.181776692423784,11062.0,-34671.0,1194.0,1255.0,935.0,1123.0,1179.0,1000.0,693.0,2839.0,356.0,empirical-manual
2026-08-08_145956_684487_1_R8_TEST1,TEST1,8,4.375,14,4.3113754043911,11104.5,-32862.0,1338.0,1090.5,1072.5,1336.0,1159.5,852.0,562.0,3097.0,468.5,empirical-manual
2026-08-08_145956_684487_1_R8_TEST1,TEST1,8,4.625,18,4.648812744781889,10571.5,-34159.0,1281.5,1139.0,1094.5,1057.5,1013.5,1074.5,621.0,2793.0,370.0,empirical-manual
2026-08-08_145956_684487_1_R8_TEST1,TEST1,8,4.875,23,4.916335167644175,10631.0,-34418.0,1246.0,1036.0,1258.0,1205.0,971.0,1169.0,607.0,3047.0,363.0,empirical-manual
2026-08-08_145956_684487_1_R8_TEST1,TEST1,8,5.125,17,5.138525231442101,10234.0,-35633.0,1342.0,1071.0,1136.0,1199.0,1185.0,1157.0,522.0,3242.0,412.0,empirical-manual
2026-08-08_145956_684487_1_R8_TEST1,TEST1,8,5.375,21,5.365880479159506,10628.0,-33967.0,1177.0,1070.0,1125.0,1165.0,1161.0,1084.0,601.0,2344.0,345.0,empirical-manual
2026-08-08_145956_684487_1_R8_TEST1,TEST1,8,5.625,21,5.637747470289067,11311.0,-33517.0,1394.0,1208.0,1180.0,1229.0,1192.0,909.0,678.0,3590.0,376.0,empirical-manual
2026-08-08_145956_684487_1_R8_TEST1,TEST1,8,5.875,14,5.898485609461563,12023.0,-32119.5,1340.0,1105.5,1110.0,1185.0,1187.0,1057.0,662.0,3537.0,373.5,empirical-manual
2026-08-08_145956_684487_1_R8_TEST1,TEST1,8,6.125,17,6.124268587123028,9994.0,-36420.0,1289.0,1111.0,1051.0,1237.0,1176.0,929.0,761.0,3024.0,375.0,empirical-manual
2026-08-08_145956_684487_1_R8_TEST1,TEST1,8,6.375,17,6.339785242286434,11310.0,-32539.0,1241.0,1073.0,1074.0,1177.0,1058.0,1011.0,733.0,2362.0,414.0,empirical-manual
2026-08-08_145956_684487_1_R8_TEST1,TEST1,8,6.625,22,6.606485887400826,11980.0,-34639.5,1177.5,1194.5,1002.5,1219.0,1128.0,973.5,628.5,4776.0,302.0,empirical-manual
2026-08-08_145956_684487_1_R8_TEST1,TEST1,8,6.875,11,6.878489227052737,10797.0,-33235.0,1480.0,1090.0,1002.0,1369.0,1038.0,998.0,668.0,3940.0,308.0,empirical-manual
2026-08-08_145956_684487_1_R8_TEST1,TEST1,8,7.125,28,7.166089887615534,11579.0,-33673.5,1190.0,1079.0,1202.5,1152.0,1173.5,1009.5,619.5,4440.5,347.5,empirical-manual
2026-08-08_145956_684487_1_R8_TEST1,TEST1,8,7.375,16,7.421405167789121,10446.5,-36726.0,1226.5,1307.5,1155.0,1130.5,1183.0,920.5,487.0,2597.0,456.5,empirical-manual
2026-08-08_145956_684487_1_R8_TEST1,TEST1,8,7.625,11,7.593981632415375,10594.0,-33975.0,1129.0,1145.0,1255.0,1253.0,1019.0,954.0,603.0,3604.0,268.0,empirical-manual
2026-08-08_145956_684487_1_R8_TEST1,TEST1,8,7.875,18,7.854315035718247,10207.5,-36981.0,1050.0,1394.0,1169.0,1209.0,1255.5,1110.5,554.5,1543.5,419.5,empirical-manual
2026-08-08_145956_684487_1_R8_TEST1,TEST1,8,8.125,16,8.150750739394232,11401.0,-34882.0,1085.0,1315.5,1213.0,1092.5,1126.0,870.0,567.0,3683.5,326.0,empirical-manual
2026-08-08_145956_684487_1_R8_TEST1,TEST1,8,8.375,5,8.408510493680199,11581.0,-32586.0,950.0,1211.0,972.0,1224.0,1542.0,618.0,552.0,4283.0,104.0,empirical-manual
2026-08-08_145956_684487_1_R8_TEST1,TEST1,8,8.625,11,8.6317687364036,10351.0,-34833.0,1251.0,1044.0,945.0,1029.0,1112.0,828.0,555.0,3887.0,378.0,empirical-manual
2026-08-08_145956_684487_1_R8_TEST1,TEST1,8,8.875,6,8.917158243011954,9373.0,-39448.5,1078.5,766.5,1312.0,958.0,1151.5,1090.5,495.0,1440.0,400.5,empirical-manual
2026-08-08_145956_684487_1_R8_TEST1,TEST1,8,9.125,8,9.112494805614368,12504.5,-31178.0,1503.0,1169.5,1075.0,1377.5,1106.5,939.5,633.5,4200.5,317.5,empirical-manual
2026-08-08_145956_684487_1_R8_TEST1,TEST1,8,9.375,6,9.329754156466288,9995.5,-35499.5,1098.0,1274.5,1432.5,1199.0,1201.0,930.0,593.0,1776.0,329.5,empirical-manual
2026-08-08_145956_684487_1_R8_TEST1,TEST1,8,9.625,7,9.650330173741867,9904.0,-37107.0,1163.0,1305.0,1042.0,1212.0,1420.0,1060.0,684.0,644.0,290.0,empirical-manual
2026-08-08_145956_684487_1_R8_TEST1,TEST1,8,9.875,4,9.8533340011959,12401.5,-30794.5,697.5,1131.5,1131.5,1342.5,1301.0,930.0,663.5,3642.0,335.0,empirical-manual
2026-08-08_145956_684487_1_R8_TEST1,TEST1,8,10.125,6,10.098724528680842,8387.0,-41226.5,964.0,1215.0,873.5,995.0,1043.0,906.5,458.0,2023.5,353.5,empirical-manual
2026-08-08_145956_684487_1_R8_TEST1,TEST1,8,10.375,2,10.365885504103638,13612.5,-29484.5,1103.0,1506.5,723.0,936.0,1406.5,1236.5,601.5,5463.0,636.5,empirical-manual
2026-08-08_145956_684487_1_R8_TEST1,TEST1,8,10.625,4,10.681664286306376,9931.5,-38289.0,1295.0,971.5,837.5,1466.5,1313.5,966.5,684.0,2538.0,291.0,empirical-manual
2026-08-08_145956_684487_1_R8_TEST1,TEST1,8,10.875,7,10.884690130732134,9619.0,-37454.0,1435.0,1022.0,1008.0,1343.0,944.0,897.0,647.0,1962.0,196.0,empirical-manual
2026-08-08_145956_684487_1_R8_TEST1,TEST1,8,11.125,3,11.18131628678352,11162.0,-32526.0,1300.0,1109.0,1014.0,1107.0,1231.0,1148.0,600.0,4052.0,167.0,empirical-manual
2026-08-08_145956_684487_1_R8_TEST1,TEST1,8,11.375,3,11.493089069158108,10951.0,-38495.0,1272.0,1099.0,1369.0,1289.0,1132.0,902.0,476.0,2704.0,221.0,empirical-manual
2026-08-08_145956_684487_1_R8_TEST1,TEST1,8,11.625,8,11.650400675778762,12432.5,-31591.0,1260.5,1198.0,920.5,1256.5,1296.5,1054.0,722.0,4341.0,293.0,empirical-manual
2026-08-08_145956_684487_1_R8_TEST1,TEST1,8,11.875,2,11.9365222632663,6987.5,-43496.5,996.5,1024.0,1016.0,1017.5,793.5,898.0,525.0,536.0,181.0,empirical-manual
2026-08-08_145956_684487_1_R8_TEST1,TEST1,8,12.375,3,12.35644057376546,7961.0,-40860.0,1385.0,654.0,849.0,1134.0,1082.0,895.0,360.0,834.0,112.0,empirical-manual
2026-08-08_145956_684487_1_R8_TEST1,TEST1,8,12.625,3,12.688994369995116,12540.0,-31304.0,986.0,938.0,881.0,1065.0,1097.0,868.0,390.0,4598.0,161.0,empirical-manual
2026-08-08_145956_684487_1_R8_TEST1,TEST1,8,12.875,2,12.825772022471174,7919.5,-42982.0,1230.5,1180.5,790.0,1036.5,1211.0,909.5,731.0,621.5,209.0,empirical-manual
2026-08-08_145956_684487_1_R8_TEST1,TEST1,8,13.125,2,13.106750894219317,16472.5,-30274.0,1261.0,762.5,1179.0,937.5,1341.0,1317.5,756.0,8576.0,342.0,empirical-manual
2026-08-08_145956_684487_1_R8_TEST1,TEST1,8,13.375,2,13.389160408860771,14316.0,-34131.5,861.5,1387.0,747.0,1326.0,1026.5,939.0,526.5,7135.0,367.5,empirical-manual
2026-08-08_145956_684487_1_R8_TEST1,TEST1,8,13.625,1,13.628490150388703,11126.0,-32906.0,1374.0,1058.0,1385.0,1341.0,1357.0,827.0,1125.0,2016.0,643.0,empirical-manual
2026-08-08_145956_684487_1_R8_TEST1,TEST1,8,13.875,1,13.869589098730131,11504.0,-35030.0,1741.0,954.0,1656.0,1560.0,997.0,1550.0,789.0,1753.0,504.0,empirical-manual
2026-08-08_145956_684487_1_R8_TEST1,TEST1,8,14.125,1,14.02770683727428,10899.0,-36314.0,1190.0,1614.0,701.0,1279.0,765.0,233.0,876.0,3907.0,334.0,empirical-manual
2026-08-08_145956_684487_1_R8_TEST1,TEST1,8,14.625,1,14.732444738555404,10528.0,-36484.0,1548.0,871.0,1029.0,1688.0,697.0,753.0,910.0,2669.0,363.0,empirical-manual
2026-08-08_145956_684487_1_R8_TEST1,TEST1,8,14.875,1,14.750553531923524,5862.0,-49235.0,631.0,896.0,1204.0,1284.0,465.0,496.0,403.0,0.0,483.0,empirical-manual
2026-08-08_150408_799581_1_R9_TEST1,TEST1,9,0.125,2,0.12722272200303358,6528.0,-41276.0,869.0,999.0,931.0,1008.0,1101.0,540.0,274.0,372.0,434.0,empirical-manual
2026-08-08_150408_799581_1_R9_TEST1,TEST1,9,0.375,1,0.3509930586726136,9337.0,-35799.0,1111.0,1607.0,1314.0,1139.0,1353.0,1194.0,567.0,609.0,443.0,empirical-manual
2026-08-08_150408_799581_1_R9_TEST1,TEST1,9,0.875,6,0.9237641577444686,8172.5,-38863.5,1144.0,1159.0,934.5,1268.5,926.5,778.5,619.5,262.5,693.0,empirical-manual
2026-08-08_150408_799581_1_R9_TEST1,TEST1,9,1.125,6,1.154605122695376,7155.5,-41937.5,1049.5,769.0,1181.5,1283.0,658.5,790.0,461.5,307.0,729.0,empirical-manual
2026-08-08_150408_799581_1_R9_TEST1,TEST1,9,1.375,10,1.3840399642902779,7400.5,-42118.5,951.5,854.0,750.5,1104.0,723.0,814.0,626.5,587.5,1081.0,empirical-manual
2026-08-08_150408_799581_1_R9_TEST1,TEST1,9,1.625,9,1.582105941246453,8218.0,-40239.0,902.0,913.0,843.0,1007.0,541.0,976.0,464.0,464.0,1304.0,empirical-manual
2026-08-08_150408_799581_1_R9_TEST1,TEST1,9,1.875,17,1.8886081585713568,8522.0,-39364.0,1022.0,1056.0,1053.0,1030.0,689.0,861.0,614.0,241.0,1803.0,empirical-manual
2026-08-08_150408_799581_1_R9_TEST1,TEST1,9,2.125,23,2.1356031241450744,8409.0,-39786.0,1157.0,819.0,856.0,1170.0,498.0,932.0,575.0,290.0,2091.0,empirical-manual
2026-08-08_150408_799581_1_R9_TEST1,TEST1,9,2.375,31,2.3817296253605544,8747.0,-40216.0,1037.0,909.0,956.0,1136.0,728.0,846.0,556.0,301.0,2342.0,empirical-manual
2026-08-08_150408_799581_1_R9_TEST1,TEST1,9,2.625,17,2.620755423590372,8900.0,-38290.0,998.0,844.0,991.0,1161.0,598.0,779.0,482.0,353.0,2213.0,empirical-manual
2026-08-08_150408_799581_1_R9_TEST1,TEST1,9,2.875,31,2.877786020837513,8626.0,-39503.0,997.0,1033.0,982.0,951.0,834.0,806.0,492.0,377.0,2363.0,empirical-manual
2026-08-08_150408_799581_1_R9_TEST1,TEST1,9,3.125,36,3.1235013693793703,8779.5,-39212.5,948.0,972.5,940.0,1054.0,682.5,816.0,630.0,470.0,2364.0,empirical-manual
2026-08-08_150408_799581_1_R9_TEST1,TEST1,9,3.375,19,3.407445932639487,8994.0,-39485.0,1006.0,999.0,979.0,924.0,650.0,814.0,436.0,346.0,2907.0,empirical-manual
2026-08-08_150408_799581_1_R9_TEST1,TEST1,9,3.625,20,3.619549746655075,9041.0,-39036.5,1003.5,827.5,1020.0,936.5,533.0,788.0,532.5,286.5,2252.5,empirical-manual
2026-08-08_150408_799581_1_R9_TEST1,TEST1,9,3.875,27,3.868334987622296,9000.0,-38068.0,1138.0,976.0,838.0,1129.0,696.0,831.0,684.0,439.0,2434.0,empirical-manual
2026-08-08_150408_799581_1_R9_TEST1,TEST1,9,4.125,19,4.180795423687204,7908.0,-41172.0,980.0,896.0,871.0,1058.0,518.0,702.0,556.0,458.0,2277.0,empirical-manual
2026-08-08_150408_799581_1_R9_TEST1,TEST1,9,4.375,17,4.343816315192583,8951.0,-38801.0,1042.0,985.0,824.0,985.0,591.0,871.0,534.0,513.0,2566.0,empirical-manual
2026-08-08_150408_799581_1_R9_TEST1,TEST1,9,4.625,23,4.612275727698826,8622.0,-40082.0,1029.0,958.0,926.0,1137.0,567.0,676.0,560.0,423.0,2430.0,empirical-manual
2026-08-08_150408_799581_1_R9_TEST1,TEST1,9,4.875,30,4.8641613129554635,9865.5,-35810.5,1158.5,977.5,1022.0,1376.5,731.5,925.0,689.5,469.0,2423.0,empirical-manual
2026-08-08_150408_799581_1_R9_TEST1,TEST1,9,5.125,23,5.152263209279788,8040.0,-40374.0,950.0,1005.0,813.0,969.0,736.0,907.0,598.0,338.0,2076.0,empirical-manual
2026-08-08_150408_799581_1_R9_TEST1,TEST1,9,5.375,14,5.386331563654723,9315.0,-38194.0,1055.5,860.5,901.0,1139.5,718.5,1017.5,593.0,555.0,2379.0,empirical-manual
2026-08-08_150408_799581_1_R9_TEST1,TEST1,9,5.625,22,5.586963094914788,8150.5,-40289.5,960.0,985.5,837.0,917.0,727.0,897.5,491.5,357.0,1754.5,empirical-manual
2026-08-08_150408_799581_1_R9_TEST1,TEST1,9,5.875,15,5.898785882585176,9623.0,-38691.0,1117.0,980.0,926.0,1215.0,760.0,980.0,662.0,383.0,2042.0,empirical-manual
2026-08-08_150408_799581_1_R9_TEST1,TEST1,9,6.125,15,6.099703751223405,8843.0,-39434.0,965.0,833.0,1025.0,991.0,652.0,846.0,606.0,547.0,2444.0,empirical-manual
2026-08-08_150408_799581_1_R9_TEST1,TEST1,9,6.375,19,6.388253736737982,9090.0,-42000.0,769.0,878.0,1044.0,950.0,678.0,833.0,431.0,505.0,2749.0,empirical-manual
2026-08-08_150408_799581_1_R9_TEST1,TEST1,9,6.625,23,6.594708556920043,8589.0,-39464.0,1014.0,1018.0,894.0,1172.0,645.0,879.0,565.0,583.0,1429.0,empirical-manual
2026-08-08_150408_799581_1_R9_TEST1,TEST1,9,6.875,10,6.860838393942685,11280.0,-35612.5,851.5,786.0,960.0,1139.5,517.5,873.5,568.5,428.5,5316.0,empirical-manual
2026-08-08_150408_799581_1_R9_TEST1,TEST1,9,7.125,19,7.094883370139905,9485.0,-40310.0,900.0,966.0,1013.0,1217.0,505.0,909.0,521.0,378.0,3061.0,empirical-manual
2026-08-08_150408_799581_1_R9_TEST1,TEST1,9,7.375,17,7.389503955187773,7530.0,-42589.0,1017.0,1121.0,839.0,1160.0,718.0,695.0,380.0,556.0,1144.0,empirical-manual
2026-08-08_150408_799581_1_R9_TEST1,TEST1,9,7.625,14,7.596914207923449,10248.5,-38882.0,777.0,962.5,878.5,1061.0,739.5,764.5,542.5,437.0,3428.0,empirical-manual
2026-08-08_150408_799581_1_R9_TEST1,TEST1,9,7.875,13,7.892513789572839,9370.0,-39391.0,924.0,1219.0,992.0,1202.0,528.0,876.0,657.0,507.0,2273.0,empirical-manual
2026-08-08_150408_799581_1_R9_TEST1,TEST1,9,8.125,14,8.155395977784512,9370.5,-38725.5,1157.0,899.5,759.5,1189.0,573.5,814.5,543.5,582.0,3056.0,empirical-manual
2026-08-08_150408_799581_1_R9_TEST1,TEST1,9,8.375,15,8.379449332296021,11629.0,-34335.0,1025.0,956.0,867.0,1208.0,962.0,776.0,527.0,541.0,3540.0,empirical-manual
2026-08-08_150408_799581_1_R9_TEST1,TEST1,9,8.625,18,8.585658404772786,8189.0,-38911.0,923.5,1025.5,853.0,1179.5,710.0,794.0,690.0,420.5,2179.0,empirical-manual
2026-08-08_150408_799581_1_R9_TEST1,TEST1,9,8.875,12,8.900456955780147,11187.0,-38101.5,844.0,908.5,767.0,1058.0,501.0,754.5,407.5,441.5,4974.5,empirical-manual
2026-08-08_150408_799581_1_R9_TEST1,TEST1,9,9.125,16,9.123653871659346,8570.5,-40132.5,1002.5,876.5,883.0,1102.5,698.5,788.0,621.5,447.0,2768.5,empirical-manual
2026-08-08_150408_799581_1_R9_TEST1,TEST1,9,9.375,10,9.403348364992612,8270.5,-40836.5,923.0,990.0,1039.0,901.0,474.5,893.5,605.0,376.0,1520.5,empirical-manual
2026-08-08_150408_799581_1_R9_TEST1,TEST1,9,9.625,17,9.641902837719208,8123.0,-41795.0,1027.0,874.0,1012.0,1142.0,605.0,942.0,656.0,417.0,821.0,empirical-manual
2026-08-08_150408_799581_1_R9_TEST1,TEST1,9,9.875,16,9.853823643675097,8406.5,-41062.0,932.0,1188.0,968.5,1041.5,693.5,970.0,641.5,588.0,1465.0,empirical-manual
2026-08-08_150408_799581_1_R9_TEST1,TEST1,9,10.125,24,10.150816590556472,9385.5,-38337.5,968.0,912.0,981.0,1046.0,705.0,931.5,595.5,297.5,2993.0,empirical-manual
2026-08-08_150408_799581_1_R9_TEST1,TEST1,9,10.375,11,10.427673046630616,9281.0,-39282.0,860.0,971.0,1139.0,1068.0,632.0,1103.0,536.0,369.0,1599.0,empirical-manual
2026-08-08_150408_799581_1_R9_TEST1,TEST1,9,10.625,12,10.65844866049364,7632.0,-42249.5,769.0,1026.5,932.0,1030.0,637.5,910.5,722.5,377.5,903.5,empirical-manual
2026-08-08_150408_799581_1_R9_TEST1,TEST1,9,10.875,19,10.854905515953943,9047.0,-40719.0,898.0,758.0,805.0,1074.0,569.0,905.0,542.0,376.0,3145.0,empirical-manual
2026-08-08_150408_799581_1_R9_TEST1,TEST1,9,11.125,8,11.143717752201397,10023.5,-36938.0,883.0,1015.0,949.5,1179.5,757.5,805.0,538.5,669.5,4471.5,empirical-manual
2026-08-08_150408_799581_1_R9_TEST1,TEST1,9,11.375,13,11.416523930500942,10478.0,-38251.0,1067.0,946.0,838.0,1140.0,520.0,841.0,451.0,508.0,4488.0,empirical-manual
2026-08-08_150408_799581_1_R9_TEST1,TEST1,9,11.625,9,11.628119795608246,8568.0,-43734.0,848.0,1087.0,829.0,1031.0,736.0,918.0,535.0,315.0,1798.0,empirical-manual
2026-08-08_150408_799581_1_R9_TEST1,TEST1,9,11.875,4,11.885519863544806,12240.0,-35006.0,985.5,891.0,872.0,1008.0,697.5,732.5,636.5,391.0,5866.0,empirical-manual
2026-08-08_150408_799581_1_R9_TEST1,TEST1,9,12.125,6,12.146589585509075,11676.5,-34162.5,975.0,1054.5,1075.5,1108.0,653.0,966.5,613.5,696.5,4972.5,empirical-manual
2026-08-08_150408_799581_1_R9_TEST1,TEST1,9,12.375,5,12.40693734030547,8931.0,-40776.0,993.0,993.0,567.0,938.0,596.0,646.0,244.0,390.0,1786.0,empirical-manual
2026-08-08_150408_799581_1_R9_TEST1,TEST1,9,12.625,2,12.565766777714028,14397.5,-30695.0,1361.0,699.5,853.5,1220.0,633.0,993.0,706.5,363.5,7567.5,empirical-manual
2026-08-08_150408_799581_1_R9_TEST1,TEST1,9,12.875,4,12.904537204324855,8073.0,-42382.0,845.0,793.5,895.0,961.0,411.5,853.0,594.0,323.0,2376.0,empirical-manual
2026-08-08_150408_799581_1_R9_TEST1,TEST1,9,13.125,1,13.022466794668428,15344.0,-29527.0,1594.0,1246.0,1358.0,1271.0,661.0,965.0,395.0,354.0,7500.0,empirical-manual
2026-08-08_150408_799581_1_R9_TEST1,TEST1,9,13.375,1,13.265199621541717,6649.0,-45035.0,768.0,817.0,1015.0,793.0,978.0,639.0,207.0,665.0,767.0,empirical-manual
2026-08-08_150408_799581_1_R9_TEST1,TEST1,9,13.625,1,13.586042481715475,7423.0,-46842.0,316.0,698.0,190.0,616.0,870.0,405.0,286.0,170.0,3872.0,empirical-manual
2026-08-08_152554_893849_1_R1_TEST2,TEST2,1,0.125,1,0.1739132386991131,0.0,-100919.0,0.0,0.0,0.0,0.0,0.0,0.0,0.0,0.0,0.0,empirical-manual
2026-08-08_152554_893849_1_R1_TEST2,TEST2,1,0.625,1,0.6626561138912332,146.0,-97808.0,3.0,0.0,143.0,0.0,0.0,0.0,0.0,0.0,0.0,empirical-manual
2026-08-08_152554_893849_1_R1_TEST2,TEST2,1,1.125,1,1.1378565080766043,23.0,-100852.0,0.0,0.0,0.0,0.0,23.0,0.0,0.0,0.0,0.0,empirical-manual
2026-08-08_152554_893849_1_R1_TEST2,TEST2,1,1.375,1,1.3514655052835791,43.0,-99968.0,43.0,0.0,0.0,0.0,0.0,0.0,0.0,0.0,0.0,empirical-manual
2026-08-08_152554_893849_1_R1_TEST2,TEST2,1,1.625,1,1.6813144531205408,0.0,-101413.0,0.0,0.0,0.0,0.0,0.0,0.0,0.0,0.0,0.0,empirical-manual
2026-08-08_152554_893849_1_R1_TEST2,TEST2,1,2.125,2,2.11243114338387,464.5,-102785.5,464.5,0.0,0.0,0.0,0.0,0.0,0.0,0.0,0.0,empirical-manual
2026-08-08_152554_893849_1_R1_TEST2,TEST2,1,2.375,8,2.3447223243142834,263.0,-101570.0,186.5,0.0,0.0,0.0,0.0,0.0,0.0,0.0,0.0,empirical-manual
2026-08-08_152554_893849_1_R1_TEST2,TEST2,1,2.625,4,2.60525184744764,652.5,-101075.0,400.5,71.0,0.0,0.0,0.0,0.0,0.0,0.0,0.0,empirical-manual
2026-08-08_152554_893849_1_R1_TEST2,TEST2,1,2.875,5,2.8758222249777754,581.0,-102191.0,581.0,0.0,0.0,0.0,0.0,0.0,0.0,0.0,0.0,empirical-manual
2026-08-08_152554_893849_1_R1_TEST2,TEST2,1,3.125,9,3.127874358260032,1478.0,-102521.0,1478.0,0.0,0.0,0.0,0.0,0.0,0.0,0.0,0.0,empirical-manual
2026-08-08_152554_893849_1_R1_TEST2,TEST2,1,3.375,7,3.330092391758826,1133.0,-99765.0,925.0,0.0,0.0,0.0,0.0,0.0,0.0,0.0,0.0,empirical-manual
2026-08-08_152554_893849_1_R1_TEST2,TEST2,1,3.625,6,3.6753243490220457,1609.5,-98237.5,1370.5,33.5,0.0,0.0,0.0,0.0,0.0,0.0,0.0,empirical-manual
2026-08-08_152554_893849_1_R1_TEST2,TEST2,1,3.875,7,3.849048339678767,2205.0,-97430.0,2205.0,0.0,0.0,0.0,0.0,0.0,0.0,0.0,0.0,empirical-manual
2026-08-08_152554_893849_1_R1_TEST2,TEST2,1,4.125,11,4.154383517272025,2021.0,-97870.0,1933.0,0.0,0.0,0.0,0.0,0.0,0.0,0.0,0.0,empirical-manual
2026-08-08_152554_893849_1_R1_TEST2,TEST2,1,4.375,10,4.424202983544378,1259.0,-100191.5,1227.0,0.0,0.0,0.0,0.0,0.0,0.0,0.0,0.0,empirical-manual
2026-08-08_152554_893849_1_R1_TEST2,TEST2,1,4.625,19,4.603587782617961,1831.0,-98557.0,1831.0,0.0,0.0,0.0,0.0,0.0,0.0,0.0,0.0,empirical-manual
2026-08-08_152554_893849_1_R1_TEST2,TEST2,1,4.875,10,4.8208694968845185,1129.0,-99101.0,1109.0,0.0,0.0,0.0,0.0,0.0,0.0,0.0,0.0,empirical-manual
2026-08-08_152554_893849_1_R1_TEST2,TEST2,1,5.125,3,5.164072572560622,1381.0,-100182.0,1381.0,0.0,0.0,0.0,0.0,0.0,0.0,0.0,0.0,empirical-manual
2026-08-08_152554_893849_1_R1_TEST2,TEST2,1,5.375,15,5.397107934908723,2068.0,-96334.0,1884.0,0.0,0.0,0.0,0.0,0.0,0.0,0.0,0.0,empirical-manual
2026-08-08_152554_893849_1_R1_TEST2,TEST2,1,5.625,13,5.656350263134938,1464.0,-100978.0,1464.0,0.0,0.0,0.0,0.0,0.0,0.0,0.0,0.0,empirical-manual
2026-08-08_152554_893849_1_R1_TEST2,TEST2,1,5.875,10,5.824234585711832,1439.0,-100393.0,1215.5,0.0,0.0,0.0,0.0,0.0,0.0,0.0,0.0,empirical-manual
2026-08-08_152554_893849_1_R1_TEST2,TEST2,1,6.125,19,6.158926998393318,1654.0,-99407.0,1654.0,0.0,0.0,0.0,0.0,0.0,0.0,0.0,0.0,empirical-manual
2026-08-08_152554_893849_1_R1_TEST2,TEST2,1,6.375,18,6.323852628600898,2843.0,-99099.0,2777.0,0.0,0.0,0.0,0.0,0.0,0.0,0.0,0.0,empirical-manual
2026-08-08_152554_893849_1_R1_TEST2,TEST2,1,6.625,6,6.640059053226915,1408.5,-100460.5,1385.0,0.0,7.5,0.0,0.0,0.0,0.0,0.0,0.0,empirical-manual
2026-08-08_152554_893849_1_R1_TEST2,TEST2,1,6.875,10,6.832688043212215,2823.0,-99932.5,2791.5,0.0,0.0,0.0,0.0,0.0,0.0,0.0,0.0,empirical-manual
2026-08-08_152554_893849_1_R1_TEST2,TEST2,1,7.125,16,7.10022609248197,2081.5,-96431.0,2046.0,0.0,0.0,0.0,0.0,0.0,0.0,0.0,0.0,empirical-manual
2026-08-08_152554_893849_1_R1_TEST2,TEST2,1,7.375,16,7.393749715141611,4277.0,-94703.0,4115.5,0.0,0.0,0.0,0.0,0.0,0.0,0.0,0.0,empirical-manual
2026-08-08_152554_893849_1_R1_TEST2,TEST2,1,7.625,9,7.59760209498999,3889.0,-94789.0,3889.0,0.0,0.0,0.0,0.0,0.0,0.0,0.0,0.0,empirical-manual
2026-08-08_152554_893849_1_R1_TEST2,TEST2,1,7.875,12,7.852685191259863,3509.5,-94436.5,3452.5,0.0,0.0,0.0,0.0,0.0,0.0,0.0,0.0,empirical-manual
2026-08-08_152554_893849_1_R1_TEST2,TEST2,1,8.125,13,8.098435996466456,3717.0,-95269.0,3717.0,0.0,0.0,0.0,0.0,0.0,0.0,0.0,0.0,empirical-manual
2026-08-08_152554_893849_1_R1_TEST2,TEST2,1,8.375,6,8.41344284204683,4706.5,-94580.5,4513.0,0.0,6.0,0.0,0.0,0.0,0.0,0.0,0.0,empirical-manual
2026-08-08_152554_893849_1_R1_TEST2,TEST2,1,8.625,13,8.600952174198177,3551.0,-97832.0,3516.0,0.0,0.0,0.0,0.0,0.0,0.0,0.0,0.0,empirical-manual
2026-08-08_152554_893849_1_R1_TEST2,TEST2,1,8.875,6,8.93296272555106,3702.5,-93773.0,3647.0,0.0,0.0,0.0,0.0,0.0,0.0,0.0,0.0,empirical-manual
2026-08-08_152554_893849_1_R1_TEST2,TEST2,1,9.125,10,9.101193618095762,2831.5,-98911.0,2831.5,0.0,0.0,0.0,0.0,0.0,0.0,0.0,0.0,empirical-manual
2026-08-08_152554_893849_1_R1_TEST2,TEST2,1,9.375,7,9.43236219030044,2382.0,-100511.0,2145.0,0.0,0.0,0.0,0.0,0.0,0.0,0.0,0.0,empirical-manual
2026-08-08_152554_893849_1_R1_TEST2,TEST2,1,9.625,8,9.644283989395156,2427.0,-97497.5,2322.0,0.0,6.5,0.0,0.0,0.0,0.0,0.0,0.0,empirical-manual
2026-08-08_152554_893849_1_R1_TEST2,TEST2,1,9.875,5,9.864464045414636,1882.0,-100267.0,1639.0,0.0,36.0,0.0,0.0,0.0,0.0,0.0,0.0,empirical-manual
2026-08-08_152554_893849_1_R1_TEST2,TEST2,1,10.125,8,10.165583163474016,4885.5,-92952.5,4837.0,0.0,0.0,0.0,0.0,0.0,0.0,0.0,0.0,empirical-manual
2026-08-08_152554_893849_1_R1_TEST2,TEST2,1,10.375,8,10.350761361580922,1695.5,-98977.0,1695.5,0.0,0.0,0.0,0.0,0.0,0.0,0.0,0.0,empirical-manual
2026-08-08_152554_893849_1_R1_TEST2,TEST2,1,10.625,10,10.616264314305745,8132.0,-89667.0,8126.0,0.0,0.0,0.0,0.0,0.0,0.0,0.0,0.0,empirical-manual
2026-08-08_152554_893849_1_R1_TEST2,TEST2,1,10.875,5,10.87485995836764,9924.0,-84275.0,9659.0,0.0,0.0,0.0,0.0,0.0,0.0,0.0,0.0,empirical-manual
2026-08-08_152554_893849_1_R1_TEST2,TEST2,1,11.125,5,11.122822003403224,8915.0,-86871.0,8830.0,0.0,0.0,0.0,0.0,0.0,0.0,0.0,0.0,empirical-manual
2026-08-08_152554_893849_1_R1_TEST2,TEST2,1,11.375,6,11.404327870598358,1576.0,-97384.5,1545.5,0.0,30.5,0.0,0.0,0.0,0.0,0.0,0.0,empirical-manual
2026-08-08_152554_893849_1_R1_TEST2,TEST2,1,11.625,8,11.653657114062545,955.5,-103207.0,955.5,0.0,0.0,0.0,0.0,0.0,0.0,0.0,0.0,empirical-manual
2026-08-08_152554_893849_1_R1_TEST2,TEST2,1,11.875,3,11.87309825811451,839.0,-102506.0,839.0,0.0,0.0,0.0,0.0,0.0,0.0,0.0,0.0,empirical-manual
2026-08-08_152554_893849_1_R1_TEST2,TEST2,1,12.125,7,12.19065767275596,4587.0,-96161.0,4587.0,0.0,0.0,0.0,0.0,0.0,0.0,0.0,0.0,empirical-manual
2026-08-08_152554_893849_1_R1_TEST2,TEST2,1,12.375,9,12.36523081368556,2683.0,-96863.0,2474.0,0.0,23.0,0.0,0.0,0.0,0.0,0.0,0.0,empirical-manual
2026-08-08_152554_893849_1_R1_TEST2,TEST2,1,12.625,4,12.608235855372593,442.5,-106409.0,438.5,0.0,0.0,0.0,0.0,0.0,0.0,0.0,0.0,empirical-manual
2026-08-08_152554_893849_1_R1_TEST2,TEST2,1,12.875,3,12.989058294896994,7963.0,-85659.0,7554.0,2.0,245.0,0.0,0.0,0.0,0.0,0.0,0.0,empirical-manual
2026-08-08_152554_893849_1_R1_TEST2,TEST2,1,13.125,2,13.108035714871695,4993.0,-93222.5,4822.5,23.5,147.0,0.0,0.0,0.0,0.0,0.0,0.0,empirical-manual
2026-08-08_152554_893849_1_R1_TEST2,TEST2,1,13.375,3,13.38927408062006,4226.0,-95110.0,4226.0,0.0,51.0,0.0,0.0,0.0,0.0,0.0,0.0,empirical-manual
2026-08-08_152554_893849_1_R1_TEST2,TEST2,1,13.625,3,13.72304320341146,145.0,-108613.0,145.0,0.0,0.0,0.0,0.0,0.0,0.0,0.0,0.0,empirical-manual
2026-08-08_152554_893849_1_R1_TEST2,TEST2,1,13.875,5,13.826306654246366,978.0,-100129.0,886.0,0.0,0.0,0.0,0.0,0.0,0.0,0.0,0.0,empirical-manual
2026-08-08_152554_893849_1_R1_TEST2,TEST2,1,14.125,2,14.101986841663575,2286.5,-96592.5,2286.5,0.0,0.0,0.0,0.0,0.0,0.0,0.0,0.0,empirical-manual
2026-08-08_152554_893849_1_R1_TEST2,TEST2,1,14.625,3,14.60790419371311,0.0,-107955.0,0.0,0.0,0.0,0.0,0.0,0.0,0.0,0.0,0.0,empirical-manual
2026-08-08_152554_893849_1_R1_TEST2,TEST2,1,14.875,1,14.875064634746185,3504.0,-96017.0,3504.0,0.0,0.0,0.0,0.0,0.0,0.0,0.0,0.0,empirical-manual
2026-08-08_153239_266323_1_R1_TEST3,TEST3,1,0.125,1,0.0915391044384969,303.0,-95263.0,16.0,0.0,271.0,16.0,0.0,0.0,0.0,0.0,0.0,empirical-manual
2026-08-08_153239_266323_1_R1_TEST3,TEST3,1,0.375,1,0.3509426878910459,0.0,-98924.0,0.0,0.0,0.0,0.0,0.0,0.0,0.0,0.0,0.0,empirical-manual
2026-08-08_153239_266323_1_R1_TEST3,TEST3,1,0.625,1,0.694637114430219,668.0,-96186.0,188.0,377.0,103.0,0.0,0.0,0.0,0.0,0.0,0.0,empirical-manual
2026-08-08_153239_266323_1_R1_TEST3,TEST3,1,1.125,3,1.0697236361304805,330.0,-97931.0,8.0,113.0,124.0,0.0,0.0,0.0,0.0,0.0,0.0,empirical-manual
2026-08-08_153239_266323_1_R1_TEST3,TEST3,1,1.375,6,1.3750761983661905,1344.5,-95142.0,653.5,61.0,383.5,0.0,0.0,0.0,0.0,0.0,0.0,empirical-manual
2026-08-08_153239_266323_1_R1_TEST3,TEST3,1,1.625,8,1.6345079271401048,538.0,-95477.0,351.5,29.0,77.5,0.0,0.0,0.0,0.0,0.0,0.0,empirical-manual
2026-08-08_153239_266323_1_R1_TEST3,TEST3,1,1.875,2,1.893615435709159,680.5,-101362.5,500.0,0.0,180.5,0.0,0.0,0.0,0.0,0.0,0.0,empirical-manual
2026-08-08_153239_266323_1_R1_TEST3,TEST3,1,2.125,8,2.11136352613251,1216.0,-96008.5,864.0,102.5,102.5,0.0,0.0,0.0,0.0,0.0,0.0,empirical-manual
2026-08-08_153239_266323_1_R1_TEST3,TEST3,1,2.375,6,2.3851843148763603,880.5,-102811.5,696.0,0.0,11.5,0.0,0.0,0.0,0.0,0.0,0.0,empirical-manual
2026-08-08_153239_266323_1_R1_TEST3,TEST3,1,2.625,7,2.630707960143869,434.0,-103530.0,434.0,0.0,0.0,0.0,0.0,0.0,0.0,0.0,0.0,empirical-manual
2026-08-08_153239_266323_1_R1_TEST3,TEST3,1,2.875,13,2.852558019482838,1198.0,-96654.0,925.0,0.0,0.0,0.0,0.0,0.0,0.0,0.0,0.0,empirical-manual
2026-08-08_153239_266323_1_R1_TEST3,TEST3,1,3.125,17,3.104322777061871,539.0,-100334.0,328.0,0.0,0.0,0.0,0.0,0.0,0.0,0.0,0.0,empirical-manual
2026-08-08_153239_266323_1_R1_TEST3,TEST3,1,3.375,16,3.432715664903494,713.5,-103763.0,708.0,0.0,0.0,0.0,0.0,0.0,0.0,0.0,0.0,empirical-manual
2026-08-08_153239_266323_1_R1_TEST3,TEST3,1,3.625,20,3.605906982224866,715.0,-101340.5,626.0,0.0,0.0,0.0,0.0,0.0,0.0,0.0,0.0,empirical-manual
2026-08-08_153239_266323_1_R1_TEST3,TEST3,1,3.875,23,3.8972101922909146,818.0,-104271.0,818.0,0.0,0.0,0.0,0.0,0.0,0.0,0.0,0.0,empirical-manual
2026-08-08_153239_266323_1_R1_TEST3,TEST3,1,4.125,26,4.123987640448822,1309.5,-103683.0,1183.5,0.0,0.0,0.0,0.0,0.0,0.0,0.0,0.0,empirical-manual
2026-08-08_153239_266323_1_R1_TEST3,TEST3,1,4.375,25,4.346531205732609,870.0,-103793.0,794.0,0.0,0.0,0.0,0.0,0.0,0.0,0.0,0.0,empirical-manual
2026-08-08_153239_266323_1_R1_TEST3,TEST3,1,4.625,18,4.6280814016071865,1162.0,-102977.0,1150.5,0.0,0.0,0.0,0.0,0.0,0.0,0.0,0.0,empirical-manual
2026-08-08_153239_266323_1_R1_TEST3,TEST3,1,4.875,23,4.873706964976656,1093.0,-102358.0,1092.0,0.0,0.0,0.0,0.0,0.0,0.0,0.0,0.0,empirical-manual
2026-08-08_153239_266323_1_R1_TEST3,TEST3,1,5.125,16,5.171174758328395,2249.0,-102158.0,2166.0,0.0,0.0,0.0,0.0,0.0,0.0,0.0,0.0,empirical-manual
2026-08-08_153239_266323_1_R1_TEST3,TEST3,1,5.375,18,5.378173438068164,1566.5,-104184.5,1566.5,0.0,0.0,0.0,0.0,0.0,0.0,0.0,0.0,empirical-manual
2026-08-08_153239_266323_1_R1_TEST3,TEST3,1,5.625,12,5.621716266621819,1678.0,-102618.5,1678.0,0.0,0.0,0.0,0.0,0.0,0.0,0.0,0.0,empirical-manual
2026-08-08_153239_266323_1_R1_TEST3,TEST3,1,5.875,15,5.893147862015939,1218.0,-104644.0,1218.0,0.0,0.0,0.0,0.0,0.0,0.0,0.0,0.0,empirical-manual
2026-08-08_153239_266323_1_R1_TEST3,TEST3,1,6.125,3,6.115626011172774,3797.0,-100442.0,3784.0,0.0,5.0,0.0,0.0,0.0,0.0,0.0,0.0,empirical-manual
2026-08-08_153239_266323_1_R1_TEST3,TEST3,1,6.375,8,6.40387105962205,1690.0,-102895.5,1690.0,0.0,0.0,0.0,0.0,0.0,0.0,0.0,0.0,empirical-manual
2026-08-08_153239_266323_1_R1_TEST3,TEST3,1,6.625,10,6.623469084006737,1451.0,-101153.0,1140.0,0.0,68.5,0.0,0.0,0.0,0.0,0.0,0.0,empirical-manual
2026-08-08_153239_266323_1_R1_TEST3,TEST3,1,6.875,11,6.829572175400752,1313.0,-102127.0,1313.0,0.0,0.0,0.0,0.0,0.0,0.0,0.0,0.0,empirical-manual
2026-08-08_153239_266323_1_R1_TEST3,TEST3,1,7.125,6,7.087716438947684,3791.0,-94419.0,3761.0,0.0,4.0,0.0,0.0,0.0,0.0,0.0,0.0,empirical-manual
2026-08-08_153239_266323_1_R1_TEST3,TEST3,1,7.375,10,7.35526175583543,613.5,-105896.5,589.0,0.0,0.0,0.0,0.0,0.0,0.0,0.0,0.0,empirical-manual
2026-08-08_153239_266323_1_R1_TEST3,TEST3,1,7.625,4,7.607056227574012,2888.0,-101012.0,2888.0,0.0,0.0,0.0,0.0,0.0,0.0,0.0,0.0,empirical-manual
2026-08-08_153239_266323_1_R1_TEST3,TEST3,1,7.875,6,7.886240347340511,6768.0,-92792.0,6768.0,0.0,0.0,0.0,0.0,0.0,0.0,0.0,0.0,empirical-manual
2026-08-08_153239_266323_1_R1_TEST3,TEST3,1,8.125,5,8.136540901582018,5521.0,-93260.0,5521.0,0.0,0.0,0.0,0.0,0.0,0.0,0.0,0.0,empirical-manual
2026-08-08_153239_266323_1_R1_TEST3,TEST3,1,8.375,5,8.337376779071677,255.0,-107378.0,0.0,0.0,0.0,0.0,0.0,0.0,0.0,0.0,0.0,empirical-manual
2026-08-08_153239_266323_1_R1_TEST3,TEST3,1,8.625,7,8.62707080819358,5560.0,-98062.0,5560.0,0.0,0.0,0.0,0.0,0.0,0.0,0.0,0.0,empirical-manual
2026-08-08_153239_266323_1_R1_TEST3,TEST3,1,8.875,2,8.836007764893495,3379.5,-103604.5,3379.5,0.0,0.0,0.0,0.0,0.0,0.0,0.0,0.0,empirical-manual
2026-08-08_153239_266323_1_R1_TEST3,TEST3,1,9.125,7,9.155122363484034,1719.0,-98241.0,1719.0,0.0,0.0,0.0,0.0,0.0,0.0,0.0,0.0,empirical-manual
2026-08-08_153239_266323_1_R1_TEST3,TEST3,1,9.375,4,9.427618171642669,2924.0,-92228.0,2693.5,0.0,72.0,0.0,0.0,0.0,0.0,0.0,0.0,empirical-manual
2026-08-08_153239_266323_1_R1_TEST3,TEST3,1,9.625,5,9.645721756808872,892.0,-104789.0,892.0,0.0,0.0,0.0,0.0,0.0,0.0,0.0,0.0,empirical-manual
2026-08-08_153239_266323_1_R1_TEST3,TEST3,1,9.875,10,9.87877890219052,1276.0,-98673.0,755.0,0.0,0.0,0.0,0.0,0.0,0.0,0.0,0.0,empirical-manual
2026-08-08_153239_266323_1_R1_TEST3,TEST3,1,10.125,5,10.02176485009577,1610.0,-98597.0,1417.0,0.0,0.0,0.0,0.0,0.0,0.0,0.0,0.0,empirical-manual
2026-08-08_153239_266323_1_R1_TEST3,TEST3,1,10.625,7,10.53927220618068,2393.0,-99499.0,2393.0,0.0,196.0,0.0,0.0,0.0,0.0,0.0,0.0,empirical-manual
2026-08-08_153239_266323_1_R1_TEST3,TEST3,1,10.875,4,10.85065570678188,423.0,-103343.0,162.5,0.0,73.5,0.0,0.0,0.0,0.0,0.0,0.0,empirical-manual
2026-08-08_153239_266323_1_R1_TEST3,TEST3,1,11.125,1,11.08393590614132,284.0,-98680.0,0.0,226.0,58.0,0.0,0.0,0.0,0.0,0.0,0.0,empirical-manual
2026-08-08_153239_266323_1_R1_TEST3,TEST3,1,11.375,5,11.391655774369674,782.0,-103209.0,167.0,0.0,118.0,0.0,0.0,0.0,0.0,0.0,0.0,empirical-manual
2026-08-08_153239_266323_1_R1_TEST3,TEST3,1,11.625,5,11.642394657420027,0.0,-112194.0,0.0,0.0,0.0,0.0,0.0,0.0,0.0,0.0,0.0,empirical-manual
2026-08-08_153239_266323_1_R1_TEST3,TEST3,1,11.875,3,11.837736384662588,0.0,-106639.0,0.0,0.0,0.0,0.0,0.0,0.0,0.0,0.0,0.0,empirical-manual
2026-08-08_153239_266323_1_R1_TEST3,TEST3,1,12.125,6,12.125671528743975,597.5,-104969.0,597.5,0.0,0.0,0.0,0.0,0.0,0.0,0.0,0.0,empirical-manual
2026-08-08_153239_266323_1_R1_TEST3,TEST3,1,12.375,4,12.396674213596086,364.0,-104114.0,138.0,0.0,1.5,0.0,0.0,0.0,0.0,0.0,0.0,empirical-manual
2026-08-08_153239_266323_1_R1_TEST3,TEST3,1,12.625,3,12.534060683186429,2682.0,-101773.0,2682.0,0.0,0.0,0.0,0.0,0.0,0.0,0.0,0.0,empirical-manual
2026-08-08_153239_266323_1_R1_TEST3,TEST3,1,12.875,3,12.88261180811434,3187.0,-99960.0,3187.0,0.0,0.0,0.0,0.0,0.0,0.0,0.0,0.0,empirical-manual
2026-08-08_153239_266323_1_R1_TEST3,TEST3,1,13.125,5,13.135952229013023,5756.0,-98445.0,5756.0,0.0,0.0,0.0,0.0,0.0,0.0,0.0,0.0,empirical-manual
2026-08-08_153239_266323_1_R1_TEST3,TEST3,1,13.375,4,13.381938164218266,43.0,-107617.5,0.0,0.0,32.0,0.0,0.0,0.0,0.0,0.0,0.0,empirical-manual
2026-08-08_153239_266323_1_R1_TEST3,TEST3,1,13.625,2,13.71183239673939,2299.0,-103264.5,2299.0,0.0,0.0,0.0,0.0,0.0,0.0,0.0,0.0,empirical-manual
2026-08-08_153239_266323_1_R1_TEST3,TEST3,1,13.875,4,13.873364630286172,529.5,-106401.5,459.5,0.0,42.5,0.0,0.0,0.0,0.0,0.0,0.0,empirical-manual
2026-08-08_153239_266323_1_R1_TEST3,TEST3,1,14.125,3,14.147369939362996,1752.0,-106362.0,1721.0,0.0,0.0,0.0,0.0,0.0,0.0,0.0,0.0,empirical-manual
2026-08-08_153239_266323_1_R1_TEST3,TEST3,1,14.375,4,14.390453728615626,1432.5,-102269.5,1325.0,104.5,0.0,0.0,0.0,0.0,0.0,0.0,0.0,empirical-manual
2026-08-08_153239_266323_1_R1_TEST3,TEST3,1,14.625,2,14.71192853306421,3257.5,-94710.0,3071.5,100.0,86.0,0.0,0.0,0.0,0.0,0.0,0.0,empirical-manual
2026-08-08_153239_266323_1_R1_TEST3,TEST3,1,14.875,3,14.95109947726238,556.0,-100099.0,278.0,0.0,33.0,0.0,0.0,0.0,0.0,0.0,0.0,empirical-manual
2026-08-08_153748_136127_1_R1_TEST4,TEST4,1,0.125,1,0.2188701752490177,1549.0,-86684.0,136.0,784.0,629.0,0.0,0.0,0.0,0.0,0.0,0.0,empirical-manual
2026-08-08_153748_136127_1_R1_TEST4,TEST4,1,0.875,1,0.9318354603491528,795.0,-91332.0,0.0,408.0,387.0,0.0,0.0,0.0,0.0,0.0,0.0,empirical-manual
2026-08-08_153748_136127_1_R1_TEST4,TEST4,1,1.875,1,1.8678820928816928,1565.0,-89918.0,0.0,792.0,717.0,0.0,0.0,56.0,0.0,0.0,0.0,empirical-manual
2026-08-08_153748_136127_1_R1_TEST4,TEST4,1,2.625,3,2.5592327400553225,1191.0,-96705.0,442.0,247.0,102.0,0.0,0.0,0.0,0.0,0.0,0.0,empirical-manual
2026-08-08_153748_136127_1_R1_TEST4,TEST4,1,2.875,4,2.9054636309672475,1869.0,-93154.5,1250.5,163.5,279.5,0.0,0.0,0.0,0.0,0.0,0.0,empirical-manual
2026-08-08_153748_136127_1_R1_TEST4,TEST4,1,3.125,4,3.151863012560197,1278.5,-94668.0,577.0,188.0,128.0,0.0,0.0,0.0,39.0,0.0,0.0,empirical-manual
2026-08-08_153748_136127_1_R1_TEST4,TEST4,1,3.375,6,3.38112720262437,1582.0,-95089.5,966.5,210.0,216.5,0.0,0.0,0.0,0.0,0.0,0.0,empirical-manual
2026-08-08_153748_136127_1_R1_TEST4,TEST4,1,3.625,5,3.5591975794580035,2089.0,-87872.0,679.0,371.0,153.0,0.0,0.0,0.0,0.0,0.0,0.0,empirical-manual
2026-08-08_153748_136127_1_R1_TEST4,TEST4,1,3.875,5,3.797895135073309,1745.0,-92219.0,813.0,173.0,397.0,0.0,0.0,0.0,0.0,0.0,0.0,empirical-manual
2026-08-08_153748_136127_1_R1_TEST4,TEST4,1,4.125,6,4.059991697619704,2290.5,-88956.5,1110.5,460.0,416.5,0.0,0.0,0.0,69.5,0.0,0.0,empirical-manual
2026-08-08_153748_136127_1_R1_TEST4,TEST4,1,4.375,11,4.439084782473563,1984.0,-93091.0,1797.0,112.0,218.0,0.0,0.0,0.0,0.0,0.0,0.0,empirical-manual
2026-08-08_153748_136127_1_R1_TEST4,TEST4,1,4.625,10,4.618574664081812,1911.5,-94332.5,1375.5,154.5,221.0,0.0,0.0,0.0,0.0,0.0,0.0,empirical-manual
2026-08-08_153748_136127_1_R1_TEST4,TEST4,1,4.875,8,4.908565080945669,2463.5,-92323.0,1842.5,219.0,303.5,0.0,0.0,0.0,0.0,0.0,0.0,empirical-manual
2026-08-08_153748_136127_1_R1_TEST4,TEST4,1,5.125,11,5.1587795114922255,2973.0,-91546.0,2044.0,16.0,91.0,0.0,0.0,0.0,0.0,0.0,0.0,empirical-manual
2026-08-08_153748_136127_1_R1_TEST4,TEST4,1,5.375,9,5.362103233947172,3416.0,-90470.0,3248.0,167.0,131.0,0.0,0.0,0.0,0.0,0.0,0.0,empirical-manual
2026-08-08_153748_136127_1_R1_TEST4,TEST4,1,5.625,8,5.577205116010567,3697.0,-91429.5,3021.0,259.5,25.0,0.0,0.0,0.0,0.0,0.0,0.0,empirical-manual
2026-08-08_153748_136127_1_R1_TEST4,TEST4,1,5.875,12,5.899694854810736,3625.5,-92223.5,2798.5,315.0,251.5,0.0,0.0,0.0,0.0,0.0,0.0,empirical-manual
2026-08-08_153748_136127_1_R1_TEST4,TEST4,1,6.125,9,6.152153501557977,3187.0,-89535.0,2483.0,199.0,222.0,0.0,0.0,0.0,0.0,0.0,0.0,empirical-manual
2026-08-08_153748_136127_1_R1_TEST4,TEST4,1,6.375,9,6.366077019174206,3484.0,-91811.0,2933.0,400.0,100.0,0.0,0.0,0.0,0.0,0.0,0.0,empirical-manual
2026-08-08_153748_136127_1_R1_TEST4,TEST4,1,6.625,9,6.614519316110243,5286.0,-87976.0,4817.0,263.0,344.0,0.0,0.0,0.0,0.0,0.0,0.0,empirical-manual
2026-08-08_153748_136127_1_R1_TEST4,TEST4,1,6.875,9,6.917588985198625,1295.0,-95354.0,745.0,290.0,374.0,0.0,0.0,0.0,0.0,0.0,0.0,empirical-manual
2026-08-08_153748_136127_1_R1_TEST4,TEST4,1,7.125,22,7.122364297992037,4034.5,-90740.5,3183.0,363.5,315.0,0.0,0.0,0.0,0.0,0.0,0.0,empirical-manual
2026-08-08_153748_136127_1_R1_TEST4,TEST4,1,7.375,8,7.354560892526514,2832.5,-93754.0,2382.0,182.5,142.0,0.0,0.0,0.0,0.0,0.0,0.0,empirical-manual
2026-08-08_153748_136127_1_R1_TEST4,TEST4,1,7.625,21,7.661437579475699,4064.0,-90320.0,3186.0,401.0,241.0,0.0,0.0,0.0,0.0,0.0,0.0,empirical-manual
2026-08-08_153748_136127_1_R1_TEST4,TEST4,1,7.875,12,7.878527823493174,6470.0,-89993.0,5826.0,150.5,169.0,0.0,0.0,0.0,0.0,0.0,0.0,empirical-manual
2026-08-08_153748_136127_1_R1_TEST4,TEST4,1,8.125,6,8.165361238390918,4107.5,-92176.0,3641.0,7.5,301.0,0.0,0.0,0.0,0.0,0.0,0.0,empirical-manual
2026-08-08_153748_136127_1_R1_TEST4,TEST4,1,8.375,11,8.307610569708109,8237.0,-82005.0,7175.0,358.0,206.0,0.0,0.0,0.0,0.0,0.0,0.0,empirical-manual
2026-08-08_153748_136127_1_R1_TEST4,TEST4,1,8.625,15,8.63865913473073,3502.0,-96205.0,3396.0,201.0,207.0,0.0,0.0,0.0,0.0,0.0,0.0,empirical-manual
2026-08-08_153748_136127_1_R1_TEST4,TEST4,1,8.875,10,8.890231028474332,7312.5,-88016.0,6727.5,296.5,226.5,0.0,0.0,0.0,0.0,0.0,0.0,empirical-manual
2026-08-08_153748_136127_1_R1_TEST4,TEST4,1,9.125,12,9.081180320615054,8379.5,-85732.0,7796.5,364.5,252.5,0.0,0.0,0.0,0.0,0.0,0.0,empirical-manual
2026-08-08_153748_136127_1_R1_TEST4,TEST4,1,9.375,10,9.412714069138621,4802.0,-92552.5,4333.5,355.0,211.0,0.0,0.0,0.0,0.0,0.0,0.0,empirical-manual
2026-08-08_153748_136127_1_R1_TEST4,TEST4,1,9.625,9,9.62670309228834,5122.0,-91078.0,4913.0,68.0,212.0,0.0,0.0,0.0,0.0,0.0,0.0,empirical-manual
2026-08-08_153748_136127_1_R1_TEST4,TEST4,1,9.875,12,9.839098358016821,5988.5,-90233.0,5869.0,218.0,85.5,0.0,0.0,0.0,0.0,0.0,0.0,empirical-manual
2026-08-08_153748_136127_1_R1_TEST4,TEST4,1,10.125,5,10.104572515751851,7257.0,-85346.0,6479.0,452.0,224.0,0.0,0.0,0.0,0.0,0.0,0.0,empirical-manual
2026-08-08_153748_136127_1_R1_TEST4,TEST4,1,10.375,1,10.414213011499127,1859.0,-105661.0,1859.0,0.0,0.0,0.0,0.0,0.0,0.0,0.0,0.0,empirical-manual
2026-08-08_153748_136127_1_R1_TEST4,TEST4,1,10.625,3,10.661674439910144,1297.0,-97181.0,996.0,301.0,0.0,0.0,0.0,0.0,0.0,0.0,0.0,empirical-manual
2026-08-08_153748_136127_1_R1_TEST4,TEST4,1,10.875,3,10.973209922318116,1299.0,-97882.0,699.0,298.0,178.0,0.0,0.0,0.0,0.0,0.0,0.0,empirical-manual
2026-08-08_153748_136127_1_R1_TEST4,TEST4,1,11.125,4,11.059747105548341,4293.5,-93105.5,3869.0,229.0,174.0,0.0,0.0,0.0,0.0,0.0,0.0,empirical-manual
2026-08-08_153748_136127_1_R1_TEST4,TEST4,1,11.375,1,11.449133919974098,787.0,-93751.0,0.0,240.0,337.0,0.0,0.0,0.0,210.0,0.0,0.0,empirical-manual
2026-08-08_153748_136127_1_R1_TEST4,TEST4,1,11.625,3,11.608783370059095,4490.0,-92962.0,3801.0,167.0,130.0,0.0,0.0,0.0,0.0,0.0,0.0,empirical-manual
2026-08-08_153748_136127_1_R1_TEST4,TEST4,1,12.125,1,12.080191200553164,989.0,-91686.0,0.0,719.0,270.0,0.0,0.0,0.0,0.0,0.0,0.0,empirical-manual
2026-08-08_153748_136127_1_R1_TEST4,TEST4,1,12.375,1,12.307765303458218,799.0,-99953.0,0.0,704.0,95.0,0.0,0.0,0.0,0.0,0.0,0.0,empirical-manual
2026-08-08_153748_136127_1_R1_TEST4,TEST4,1,13.625,1,13.701909529684205,496.0,-101176.0,0.0,115.0,381.0,0.0,0.0,0.0,0.0,0.0,0.0,empirical-manual
2026-08-08_153748_136127_1_R1_TEST4,TEST4,1,14.375,1,14.447604650986566,1603.0,-92770.0,0.0,471.0,955.0,0.0,0.0,0.0,177.0,0.0,0.0,empirical-manual
2026-08-08_154243_860887_1_R1_TEST5,TEST5,1,0.125,2,0.0942696720364072,0.0,-110172.5,0.0,0.0,0.0,0.0,0.0,0.0,0.0,0.0,0.0,empirical-manual
2026-08-08_154243_860887_1_R1_TEST5,TEST5,1,0.625,1,0.6240384334569555,0.0,-114594.0,0.0,0.0,0.0,0.0,0.0,0.0,0.0,0.0,0.0,empirical-manual
2026-08-08_154243_860887_1_R1_TEST5,TEST5,1,1.125,1,1.2259924624192753,0.0,-111923.0,0.0,0.0,0.0,0.0,0.0,0.0,0.0,0.0,0.0,empirical-manual
2026-08-08_154243_860887_1_R1_TEST5,TEST5,1,1.625,3,1.630775132596871,164.0,-110356.0,164.0,0.0,0.0,0.0,0.0,0.0,0.0,0.0,0.0,empirical-manual
2026-08-08_154243_860887_1_R1_TEST5,TEST5,1,1.875,5,1.8544902936508647,0.0,-110281.0,0.0,0.0,0.0,0.0,0.0,0.0,0.0,0.0,0.0,empirical-manual
2026-08-08_154243_860887_1_R1_TEST5,TEST5,1,2.125,17,2.143825902040632,0.0,-110501.0,0.0,0.0,0.0,0.0,0.0,0.0,0.0,0.0,0.0,empirical-manual
2026-08-08_154243_860887_1_R1_TEST5,TEST5,1,2.375,20,2.372549610670127,17.0,-109792.5,5.5,0.0,0.0,0.0,0.0,0.0,0.0,0.0,0.0,empirical-manual
2026-08-08_154243_860887_1_R1_TEST5,TEST5,1,2.625,16,2.685683000454869,615.5,-108559.0,615.5,0.0,0.0,0.0,0.0,0.0,0.0,0.0,0.0,empirical-manual
2026-08-08_154243_860887_1_R1_TEST5,TEST5,1,2.875,15,2.873590703363539,639.0,-107092.0,639.0,0.0,0.0,0.0,0.0,0.0,0.0,0.0,0.0,empirical-manual
2026-08-08_154243_860887_1_R1_TEST5,TEST5,1,3.125,9,3.135170117398,400.0,-108741.0,400.0,0.0,0.0,0.0,0.0,0.0,0.0,0.0,0.0,empirical-manual
2026-08-08_154243_860887_1_R1_TEST5,TEST5,1,3.375,9,3.432593022439736,720.0,-108621.0,720.0,0.0,0.0,0.0,0.0,0.0,0.0,0.0,0.0,empirical-manual
2026-08-08_154243_860887_1_R1_TEST5,TEST5,1,3.625,13,3.600153829462529,1252.0,-107782.0,1252.0,0.0,0.0,0.0,0.0,0.0,0.0,0.0,0.0,empirical-manual
2026-08-08_154243_860887_1_R1_TEST5,TEST5,1,3.875,12,3.8477755349823566,1462.0,-106970.5,1462.0,0.0,0.0,0.0,0.0,0.0,0.0,0.0,0.0,empirical-manual
2026-08-08_154243_860887_1_R1_TEST5,TEST5,1,4.125,12,4.13610631989881,1539.5,-105791.0,1539.5,0.0,0.0,0.0,0.0,0.0,0.0,0.0,0.0,empirical-manual
2026-08-08_154243_860887_1_R1_TEST5,TEST5,1,4.375,7,4.442677617819675,557.0,-111882.0,557.0,0.0,0.0,0.0,0.0,0.0,0.0,0.0,0.0,empirical-manual
2026-08-08_154243_860887_1_R1_TEST5,TEST5,1,4.625,8,4.634002027710552,2033.5,-104788.0,2033.5,0.0,0.0,0.0,0.0,0.0,0.0,0.0,0.0,empirical-manual
2026-08-08_154243_860887_1_R1_TEST5,TEST5,1,4.875,17,4.85183636677408,1319.0,-106281.0,1319.0,0.0,0.0,0.0,0.0,0.0,0.0,0.0,0.0,empirical-manual
2026-08-08_154243_860887_1_R1_TEST5,TEST5,1,5.125,13,5.102597713920998,2795.0,-103808.0,2795.0,0.0,0.0,0.0,0.0,0.0,0.0,0.0,0.0,empirical-manual
2026-08-08_154243_860887_1_R1_TEST5,TEST5,1,5.375,15,5.377505000211693,1812.0,-106083.0,1812.0,0.0,0.0,0.0,0.0,0.0,0.0,0.0,0.0,empirical-manual
2026-08-08_154243_860887_1_R1_TEST5,TEST5,1,5.625,16,5.677790680630476,1825.0,-106739.0,1825.0,0.0,0.0,0.0,0.0,0.0,0.0,0.0,0.0,empirical-manual
2026-08-08_154243_860887_1_R1_TEST5,TEST5,1,5.875,15,5.879522082841931,1460.0,-105947.0,1460.0,0.0,0.0,0.0,0.0,0.0,0.0,0.0,0.0,empirical-manual
2026-08-08_154243_860887_1_R1_TEST5,TEST5,1,6.125,7,6.171245673999189,1233.0,-105130.0,1233.0,0.0,0.0,0.0,0.0,0.0,0.0,0.0,0.0,empirical-manual
2026-08-08_154243_860887_1_R1_TEST5,TEST5,1,6.375,1,6.272372083935834,6675.0,-99910.0,6675.0,0.0,0.0,0.0,0.0,0.0,0.0,0.0,0.0,empirical-manual
2026-08-08_154243_860887_1_R1_TEST5,TEST5,1,6.625,4,6.632879544096189,316.5,-109635.0,305.0,0.0,0.0,0.0,0.0,0.0,0.0,0.0,0.0,empirical-manual
2026-08-08_154243_860887_1_R1_TEST5,TEST5,1,6.875,2,6.871474812617033,95.5,-111530.0,95.5,0.0,0.0,0.0,0.0,0.0,0.0,0.0,0.0,empirical-manual
2026-08-08_154243_860887_1_R1_TEST5,TEST5,1,7.125,2,7.08936331278208,1231.5,-107628.5,1231.5,0.0,0.0,0.0,0.0,0.0,0.0,0.0,0.0,empirical-manual
2026-08-08_154243_860887_1_R1_TEST5,TEST5,1,7.375,9,7.358808057729542,2622.0,-100606.0,2622.0,0.0,0.0,0.0,0.0,0.0,0.0,0.0,0.0,empirical-manual
2026-08-08_154243_860887_1_R1_TEST5,TEST5,1,7.625,5,7.538456932428456,574.0,-107115.0,454.0,0.0,0.0,0.0,0.0,0.0,0.0,0.0,0.0,empirical-manual
2026-08-08_154243_860887_1_R1_TEST5,TEST5,1,7.875,2,7.924680949541727,2596.0,-102379.0,2596.0,0.0,0.0,0.0,0.0,0.0,0.0,0.0,0.0,empirical-manual
2026-08-08_154243_860887_1_R1_TEST5,TEST5,1,8.125,6,8.127023364776498,1725.0,-106473.5,1725.0,0.0,0.0,0.0,0.0,0.0,0.0,0.0,0.0,empirical-manual
2026-08-08_154243_860887_1_R1_TEST5,TEST5,1,8.375,6,8.441118365071869,476.5,-110364.0,476.5,0.0,0.0,0.0,0.0,0.0,0.0,0.0,0.0,empirical-manual
2026-08-08_154243_860887_1_R1_TEST5,TEST5,1,8.625,4,8.583281777520376,2892.5,-104739.0,2892.5,0.0,0.0,0.0,0.0,0.0,0.0,0.0,0.0,empirical-manual
2026-08-08_154243_860887_1_R1_TEST5,TEST5,1,8.875,5,8.90559594488999,3333.0,-99540.0,3333.0,0.0,0.0,0.0,0.0,0.0,0.0,0.0,0.0,empirical-manual
2026-08-08_154243_860887_1_R1_TEST5,TEST5,1,9.125,4,9.094923771699317,3016.5,-104030.5,3016.5,0.0,0.0,0.0,0.0,0.0,0.0,0.0,0.0,empirical-manual
2026-08-08_154243_860887_1_R1_TEST5,TEST5,1,9.375,6,9.328342471521093,532.0,-109715.5,532.0,0.0,0.0,0.0,0.0,0.0,0.0,0.0,0.0,empirical-manual
2026-08-08_154243_860887_1_R1_TEST5,TEST5,1,9.875,4,9.920169731783176,5071.0,-97450.0,5071.0,0.0,0.0,0.0,0.0,0.0,0.0,0.0,0.0,empirical-manual
2026-08-08_154243_860887_1_R1_TEST5,TEST5,1,10.125,2,10.148127170876599,1126.0,-107015.0,1073.5,0.0,0.0,0.0,0.0,0.0,52.5,0.0,0.0,empirical-manual
2026-08-08_154243_860887_1_R1_TEST5,TEST5,1,10.375,1,10.275735133089256,5995.0,-95003.0,5995.0,0.0,0.0,0.0,0.0,0.0,0.0,0.0,0.0,empirical-manual
2026-08-08_154243_860887_1_R1_TEST5,TEST5,1,10.625,3,10.618573863308896,6099.0,-97801.0,6099.0,0.0,0.0,0.0,0.0,0.0,0.0,0.0,0.0,empirical-manual
2026-08-08_154243_860887_1_R1_TEST5,TEST5,1,10.875,3,10.852205060997424,7257.0,-91523.0,7257.0,0.0,0.0,0.0,0.0,0.0,0.0,0.0,0.0,empirical-manual
2026-08-08_154243_860887_1_R1_TEST5,TEST5,1,11.125,3,11.074330051639832,0.0,-111659.0,0.0,0.0,0.0,0.0,0.0,0.0,0.0,0.0,0.0,empirical-manual
2026-08-08_154243_860887_1_R1_TEST5,TEST5,1,11.375,2,11.293096938219584,4950.0,-98297.5,4950.0,0.0,0.0,0.0,0.0,0.0,0.0,0.0,0.0,empirical-manual
2026-08-08_154243_860887_1_R1_TEST5,TEST5,1,11.625,4,11.661077329608407,47.5,-108442.0,36.0,0.0,0.0,0.0,0.0,0.0,0.0,0.0,0.0,empirical-manual
2026-08-08_154243_860887_1_R1_TEST5,TEST5,1,12.125,1,12.101938991188463,1655.0,-102373.0,1524.0,0.0,131.0,0.0,0.0,0.0,0.0,0.0,0.0,empirical-manual
2026-08-08_154243_860887_1_R1_TEST5,TEST5,1,12.375,1,12.439030006646927,0.0,-110255.0,0.0,0.0,0.0,0.0,0.0,0.0,0.0,0.0,0.0,empirical-manual
2026-08-08_154243_860887_1_R1_TEST5,TEST5,1,12.875,1,12.817469065098177,0.0,-113679.0,0.0,0.0,0.0,0.0,0.0,0.0,0.0,0.0,0.0,empirical-manual
2026-08-08_154243_860887_1_R1_TEST5,TEST5,1,13.375,1,13.45622906029758,1214.0,-107303.0,1214.0,0.0,0.0,0.0,0.0,0.0,0.0,0.0,0.0,empirical-manual
2026-08-08_154243_860887_1_R1_TEST5,TEST5,1,13.875,1,13.989972557780629,2861.0,-100207.0,2861.0,0.0,0.0,0.0,0.0,0.0,0.0,0.0,0.0,empirical-manual
2026-08-08_154243_860887_1_R1_TEST5,TEST5,1,14.375,1,14.4251293000324,867.0,-102804.0,867.0,0.0,0.0,0.0,0.0,0.0,0.0,0.0,0.0,empirical-manual
2026-08-08_154243_860887_1_R1_TEST5,TEST5,1,14.625,1,14.710369883530396,0.0,-115129.0,0.0,0.0,0.0,0.0,0.0,0.0,0.0,0.0,0.0,empirical-manual
2026-08-08_154344_572251_1_R1_TEST6,TEST6,1,0.125,2,0.042316079272528846,0.0,-106840.5,0.0,0.0,0.0,0.0,0.0,0.0,0.0,0.0,0.0,empirical-manual
2026-08-08_154344_572251_1_R1_TEST6,TEST6,1,0.375,2,0.4047510570101168,0.0,-111373.5,0.0,0.0,0.0,0.0,0.0,0.0,0.0,0.0,0.0,empirical-manual
2026-08-08_154344_572251_1_R1_TEST6,TEST6,1,0.875,2,0.8942183212158683,0.0,-112361.0,0.0,0.0,0.0,0.0,0.0,0.0,0.0,0.0,0.0,empirical-manual
2026-08-08_154344_572251_1_R1_TEST6,TEST6,1,1.125,2,1.084074805393875,6.5,-109437.5,6.5,0.0,0.0,0.0,0.0,0.0,0.0,0.0,0.0,empirical-manual
2026-08-08_154344_572251_1_R1_TEST6,TEST6,1,1.375,1,1.4868834253122718,0.0,-111283.0,0.0,0.0,0.0,0.0,0.0,0.0,0.0,0.0,0.0,empirical-manual
2026-08-08_154344_572251_1_R1_TEST6,TEST6,1,1.625,1,1.5466622280497144,31.0,-112544.0,0.0,0.0,31.0,0.0,0.0,0.0,0.0,0.0,0.0,empirical-manual
2026-08-08_154344_572251_1_R1_TEST6,TEST6,1,1.875,4,1.947120781998105,2.0,-112221.5,2.0,0.0,0.0,0.0,0.0,0.0,0.0,0.0,0.0,empirical-manual
2026-08-08_154344_572251_1_R1_TEST6,TEST6,1,2.125,2,2.0575520750231533,152.0,-109607.0,152.0,0.0,0.0,0.0,0.0,0.0,0.0,0.0,0.0,empirical-manual
2026-08-08_154344_572251_1_R1_TEST6,TEST6,1,2.625,2,2.6038845740615297,277.5,-108406.5,277.0,0.0,0.5,0.0,0.0,0.0,0.0,0.0,0.0,empirical-manual
2026-08-08_154344_572251_1_R1_TEST6,TEST6,1,2.875,1,2.80976513760986,495.0,-113846.0,495.0,0.0,0.0,0.0,0.0,0.0,0.0,0.0,0.0,empirical-manual
2026-08-08_154344_572251_1_R1_TEST6,TEST6,1,3.125,5,3.0781798362780077,778.0,-111006.0,778.0,0.0,0.0,0.0,0.0,0.0,0.0,0.0,0.0,empirical-manual
2026-08-08_154344_572251_1_R1_TEST6,TEST6,1,3.625,1,3.557261455293156,2438.0,-106010.0,2438.0,0.0,0.0,0.0,0.0,0.0,0.0,0.0,0.0,empirical-manual
2026-08-08_154344_572251_1_R1_TEST6,TEST6,1,3.875,3,3.9330278680086126,809.0,-111011.0,809.0,0.0,0.0,0.0,0.0,0.0,0.0,0.0,0.0,empirical-manual
2026-08-08_154344_572251_1_R1_TEST6,TEST6,1,4.125,3,4.154806639304794,500.0,-108800.0,500.0,0.0,0.0,0.0,0.0,0.0,0.0,0.0,0.0,empirical-manual
2026-08-08_154344_572251_1_R1_TEST6,TEST6,1,4.375,12,4.344831962814619,1014.0,-108849.0,1014.0,0.0,0.0,0.0,0.0,0.0,0.0,0.0,0.0,empirical-manual
2026-08-08_154344_572251_1_R1_TEST6,TEST6,1,4.625,10,4.611988131017898,932.5,-110816.5,932.5,0.0,0.0,0.0,0.0,0.0,0.0,0.0,0.0,empirical-manual
2026-08-08_154344_572251_1_R1_TEST6,TEST6,1,4.875,7,4.846949388351135,944.0,-108859.0,944.0,0.0,0.0,0.0,0.0,0.0,0.0,0.0,0.0,empirical-manual
2026-08-08_154344_572251_1_R1_TEST6,TEST6,1,5.125,14,5.155790877657758,1333.0,-109232.5,1333.0,0.0,0.0,0.0,0.0,0.0,0.0,0.0,0.0,empirical-manual
2026-08-08_154344_572251_1_R1_TEST6,TEST6,1,5.375,10,5.384052906733027,997.5,-108724.5,997.5,0.0,0.0,0.0,0.0,0.0,0.0,0.0,0.0,empirical-manual
2026-08-08_154344_572251_1_R1_TEST6,TEST6,1,5.625,11,5.591786299894438,1337.0,-109564.0,1337.0,0.0,0.0,0.0,0.0,0.0,0.0,0.0,0.0,empirical-manual
2026-08-08_154344_572251_1_R1_TEST6,TEST6,1,5.875,11,5.884479226707834,1841.0,-108464.0,1841.0,0.0,0.0,0.0,0.0,0.0,0.0,0.0,0.0,empirical-manual
2026-08-08_154344_572251_1_R1_TEST6,TEST6,1,6.125,16,6.168879716438061,1820.0,-108266.0,1820.0,0.0,0.0,0.0,0.0,0.0,0.0,0.0,0.0,empirical-manual
2026-08-08_154344_572251_1_R1_TEST6,TEST6,1,6.375,13,6.392211752196175,2153.0,-107731.0,2153.0,0.0,0.0,0.0,0.0,0.0,0.0,0.0,0.0,empirical-manual
2026-08-08_154344_572251_1_R1_TEST6,TEST6,1,6.625,8,6.63785032878407,1950.0,-111140.5,1950.0,0.0,0.0,0.0,0.0,0.0,0.0,0.0,0.0,empirical-manual
2026-08-08_154344_572251_1_R1_TEST6,TEST6,1,6.875,13,6.924798444820439,944.0,-109531.0,944.0,0.0,0.0,0.0,0.0,0.0,0.0,0.0,0.0,empirical-manual
2026-08-08_154344_572251_1_R1_TEST6,TEST6,1,7.125,6,7.122719224322407,1070.5,-109339.0,1070.5,0.0,0.0,0.0,0.0,0.0,0.0,0.0,0.0,empirical-manual
2026-08-08_154344_572251_1_R1_TEST6,TEST6,1,7.375,13,7.362830775583075,281.0,-112676.0,281.0,0.0,0.0,0.0,0.0,0.0,0.0,0.0,0.0,empirical-manual
2026-08-08_154344_572251_1_R1_TEST6,TEST6,1,7.625,15,7.615494976013831,571.0,-110208.0,571.0,0.0,0.0,0.0,0.0,0.0,0.0,0.0,0.0,empirical-manual
2026-08-08_154344_572251_1_R1_TEST6,TEST6,1,7.875,15,7.905165671418069,2192.0,-107417.0,2192.0,0.0,0.0,0.0,0.0,0.0,0.0,0.0,0.0,empirical-manual
2026-08-08_154344_572251_1_R1_TEST6,TEST6,1,8.125,9,8.047024978124677,0.0,-112040.0,0.0,0.0,0.0,0.0,0.0,0.0,0.0,0.0,0.0,empirical-manual
2026-08-08_154344_572251_1_R1_TEST6,TEST6,1,8.375,16,8.3996952444327,1115.5,-111529.5,1115.5,0.0,0.0,0.0,0.0,0.0,0.0,0.0,0.0,empirical-manual
2026-08-08_154344_572251_1_R1_TEST6,TEST6,1,8.625,11,8.626544719836854,967.0,-112821.0,967.0,0.0,0.0,0.0,0.0,0.0,0.0,0.0,0.0,empirical-manual
2026-08-08_154344_572251_1_R1_TEST6,TEST6,1,8.875,9,8.846124281590129,2612.0,-111680.0,2612.0,0.0,0.0,0.0,0.0,0.0,0.0,0.0,0.0,empirical-manual
2026-08-08_154344_572251_1_R1_TEST6,TEST6,1,9.125,10,9.148909995110735,1493.5,-108862.0,1493.5,0.0,0.0,0.0,0.0,0.0,0.0,0.0,0.0,empirical-manual
2026-08-08_154344_572251_1_R1_TEST6,TEST6,1,9.375,10,9.331846765740902,1255.5,-108831.0,1255.5,0.0,0.0,0.0,0.0,0.0,0.0,0.0,0.0,empirical-manual
2026-08-08_154344_572251_1_R1_TEST6,TEST6,1,9.625,8,9.659954132631103,68.5,-111794.5,68.5,0.0,0.0,0.0,0.0,0.0,0.0,0.0,0.0,empirical-manual
2026-08-08_154344_572251_1_R1_TEST6,TEST6,1,9.875,5,9.890299245318856,135.0,-111081.0,135.0,0.0,0.0,0.0,0.0,0.0,0.0,0.0,0.0,empirical-manual
2026-08-08_154344_572251_1_R1_TEST6,TEST6,1,10.125,3,10.103521645811448,1456.0,-110016.0,1456.0,0.0,0.0,0.0,0.0,0.0,0.0,0.0,0.0,empirical-manual
2026-08-08_154344_572251_1_R1_TEST6,TEST6,1,10.375,4,10.371189650679458,357.0,-113076.5,357.0,0.0,0.0,0.0,0.0,0.0,0.0,0.0,0.0,empirical-manual
2026-08-08_154344_572251_1_R1_TEST6,TEST6,1,10.625,1,10.690549688909046,5710.0,-99947.0,5710.0,0.0,0.0,0.0,0.0,0.0,0.0,0.0,0.0,empirical-manual
2026-08-08_154344_572251_1_R1_TEST6,TEST6,1,10.875,2,10.92000267709297,1344.5,-109839.5,1344.5,0.0,0.0,0.0,0.0,0.0,0.0,0.0,0.0,empirical-manual
2026-08-08_154344_572251_1_R1_TEST6,TEST6,1,11.375,2,11.445761767872284,1249.5,-113091.5,1249.5,0.0,0.0,0.0,0.0,0.0,0.0,0.0,0.0,empirical-manual
2026-08-08_154344_572251_1_R1_TEST6,TEST6,1,11.625,1,11.585566626543605,1491.0,-112848.0,1491.0,0.0,0.0,0.0,0.0,0.0,0.0,0.0,0.0,empirical-manual
2026-08-08_154344_572251_1_R1_TEST6,TEST6,1,11.875,3,11.817900792966222,387.0,-107391.0,387.0,0.0,0.0,0.0,0.0,0.0,0.0,0.0,0.0,empirical-manual
2026-08-08_154344_572251_1_R1_TEST6,TEST6,1,12.125,1,12.209152011244736,2725.0,-104974.0,2725.0,0.0,0.0,0.0,0.0,0.0,0.0,0.0,0.0,empirical-manual
2026-08-08_154515_918611_1_R2_TEST2,TEST2,2,1.625,2,1.6609661368200332,0.0,-114386.5,0.0,0.0,0.0,0.0,0.0,0.0,0.0,0.0,0.0,empirical-manual
2026-08-08_154515_918611_1_R2_TEST2,TEST2,2,1.875,1,1.92590905196734,0.0,-117906.0,0.0,0.0,0.0,0.0,0.0,0.0,0.0,0.0,0.0,empirical-manual
2026-08-08_154515_918611_1_R2_TEST2,TEST2,2,2.125,1,2.0096842605295357,1139.0,-113261.0,0.0,1139.0,0.0,0.0,0.0,0.0,0.0,0.0,0.0,empirical-manual
2026-08-08_154515_918611_1_R2_TEST2,TEST2,2,2.375,1,2.4947124100452136,638.0,-112667.0,0.0,638.0,0.0,0.0,0.0,0.0,0.0,0.0,0.0,empirical-manual
2026-08-08_154515_918611_1_R2_TEST2,TEST2,2,2.875,4,2.8347043413253212,1259.5,-109283.0,0.0,1259.5,0.0,0.0,0.0,0.0,0.0,0.0,0.0,empirical-manual
2026-08-08_154515_918611_1_R2_TEST2,TEST2,2,3.125,3,3.172389152020585,1214.0,-108422.0,0.0,1214.0,0.0,0.0,0.0,0.0,0.0,0.0,0.0,empirical-manual
2026-08-08_154515_918611_1_R2_TEST2,TEST2,2,3.625,3,3.5834544356818983,1391.0,-113144.0,0.0,1391.0,0.0,0.0,0.0,0.0,0.0,0.0,0.0,empirical-manual
2026-08-08_154515_918611_1_R2_TEST2,TEST2,2,3.875,7,3.8469109518980433,1340.0,-111103.0,0.0,1340.0,0.0,0.0,0.0,0.0,0.0,0.0,0.0,empirical-manual
2026-08-08_154515_918611_1_R2_TEST2,TEST2,2,4.125,14,4.150899092717442,1347.0,-110192.5,0.0,1347.0,0.0,0.0,0.0,0.0,0.0,0.0,0.0,empirical-manual
2026-08-08_154515_918611_1_R2_TEST2,TEST2,2,4.375,13,4.367233749343209,1421.0,-110879.0,0.0,1416.0,0.0,0.0,0.0,0.0,0.0,0.0,0.0,empirical-manual
2026-08-08_154515_918611_1_R2_TEST2,TEST2,2,4.625,13,4.631969215887308,1659.0,-109642.0,0.0,1659.0,0.0,0.0,0.0,0.0,0.0,0.0,0.0,empirical-manual
2026-08-08_154515_918611_1_R2_TEST2,TEST2,2,4.875,18,4.931619706414352,1165.0,-109281.0,0.0,1165.0,0.0,0.0,0.0,0.0,0.0,0.0,0.0,empirical-manual
2026-08-08_154515_918611_1_R2_TEST2,TEST2,2,5.125,11,5.096492301389747,1984.0,-110310.0,0.0,1984.0,0.0,0.0,0.0,0.0,0.0,0.0,0.0,empirical-manual
2026-08-08_154515_918611_1_R2_TEST2,TEST2,2,5.375,12,5.337944140633571,2155.0,-109259.5,0.0,2155.0,0.0,0.0,0.0,0.0,0.0,0.0,0.0,empirical-manual
2026-08-08_154515_918611_1_R2_TEST2,TEST2,2,5.625,17,5.63597883036334,1225.0,-109784.0,0.0,1225.0,0.0,0.0,0.0,0.0,0.0,0.0,0.0,empirical-manual
2026-08-08_154515_918611_1_R2_TEST2,TEST2,2,5.875,12,5.892547444694205,2071.0,-107774.0,0.0,2071.0,0.0,0.0,0.0,0.0,0.0,0.0,0.0,empirical-manual
2026-08-08_154515_918611_1_R2_TEST2,TEST2,2,6.125,10,6.074678778684966,1688.5,-109239.0,0.0,1688.5,0.0,0.0,0.0,0.0,0.0,0.0,0.0,empirical-manual
2026-08-08_154515_918611_1_R2_TEST2,TEST2,2,6.375,13,6.404715088675864,2245.0,-108294.0,0.0,2245.0,0.0,0.0,0.0,0.0,0.0,0.0,0.0,empirical-manual
2026-08-08_154515_918611_1_R2_TEST2,TEST2,2,6.625,17,6.573932851263214,2293.0,-110056.0,0.0,2293.0,0.0,0.0,0.0,0.0,0.0,0.0,0.0,empirical-manual
2026-08-08_154515_918611_1_R2_TEST2,TEST2,2,6.875,8,6.899825807721016,1111.0,-108820.0,0.0,1099.0,0.0,0.0,0.0,0.0,0.0,0.0,0.0,empirical-manual
2026-08-08_154515_918611_1_R2_TEST2,TEST2,2,7.125,16,7.071758085785334,579.5,-110301.0,0.0,555.5,0.0,0.0,0.0,0.0,0.0,0.0,0.0,empirical-manual
2026-08-08_154515_918611_1_R2_TEST2,TEST2,2,7.375,9,7.331984777189777,60.0,-112354.0,0.0,0.0,0.0,0.0,0.0,0.0,0.0,0.0,0.0,empirical-manual
2026-08-08_154515_918611_1_R2_TEST2,TEST2,2,7.625,12,7.650566718841987,1863.0,-110686.5,0.0,1863.0,0.0,0.0,0.0,0.0,0.0,0.0,0.0,empirical-manual
2026-08-08_154515_918611_1_R2_TEST2,TEST2,2,7.875,10,7.840422355904195,442.5,-112800.5,0.0,396.0,0.0,0.0,0.0,0.0,0.0,0.0,0.0,empirical-manual
2026-08-08_154515_918611_1_R2_TEST2,TEST2,2,8.125,15,8.120975067639872,2644.0,-109053.0,0.0,2644.0,0.0,0.0,0.0,0.0,0.0,0.0,0.0,empirical-manual
2026-08-08_154515_918611_1_R2_TEST2,TEST2,2,8.375,16,8.420937786042284,2291.0,-107572.0,0.0,2136.5,0.0,0.0,0.0,0.0,0.0,0.0,0.0,empirical-manual
2026-08-08_154515_918611_1_R2_TEST2,TEST2,2,8.625,10,8.617800413519392,4303.5,-103993.5,0.0,4303.5,0.0,0.0,0.0,0.0,0.0,0.0,0.0,empirical-manual
2026-08-08_154515_918611_1_R2_TEST2,TEST2,2,8.875,10,8.837058578300104,1981.0,-108852.0,0.0,1981.0,0.0,0.0,0.0,0.0,0.0,0.0,0.0,empirical-manual
2026-08-08_154515_918611_1_R2_TEST2,TEST2,2,9.125,9,9.121017251402613,1343.0,-111993.0,0.0,1343.0,0.0,0.0,0.0,0.0,0.0,0.0,0.0,empirical-manual
2026-08-08_154515_918611_1_R2_TEST2,TEST2,2,9.375,8,9.341562590892831,2223.5,-110947.5,0.0,2223.5,0.0,0.0,0.0,0.0,0.0,0.0,0.0,empirical-manual
2026-08-08_154515_918611_1_R2_TEST2,TEST2,2,9.625,9,9.572185782763253,486.0,-112455.0,0.0,486.0,0.0,0.0,0.0,0.0,0.0,0.0,0.0,empirical-manual
2026-08-08_154515_918611_1_R2_TEST2,TEST2,2,9.875,9,9.865294365483456,3134.0,-105614.0,0.0,3134.0,0.0,0.0,0.0,0.0,0.0,0.0,0.0,empirical-manual
2026-08-08_154515_918611_1_R2_TEST2,TEST2,2,10.125,7,10.092875365390016,2230.0,-107625.0,0.0,2230.0,0.0,0.0,0.0,0.0,0.0,0.0,0.0,empirical-manual
2026-08-08_154515_918611_1_R2_TEST2,TEST2,2,10.375,5,10.4378759575117,1206.0,-114712.0,0.0,1206.0,0.0,0.0,0.0,0.0,0.0,0.0,0.0,empirical-manual
2026-08-08_154515_918611_1_R2_TEST2,TEST2,2,10.625,4,10.716688042469812,1567.0,-113539.5,0.0,1567.0,0.0,0.0,0.0,0.0,0.0,0.0,0.0,empirical-manual
2026-08-08_154515_918611_1_R2_TEST2,TEST2,2,10.875,4,10.88023524847815,4420.0,-103036.5,0.0,4420.0,0.0,0.0,0.0,0.0,0.0,0.0,0.0,empirical-manual
2026-08-08_154515_918611_1_R2_TEST2,TEST2,2,11.125,3,11.186132986629795,2133.0,-109563.0,0.0,2133.0,0.0,0.0,0.0,0.0,0.0,0.0,0.0,empirical-manual
2026-08-08_154515_918611_1_R2_TEST2,TEST2,2,11.625,5,11.690929266896504,1729.0,-110203.0,0.0,1729.0,0.0,0.0,0.0,0.0,0.0,0.0,0.0,empirical-manual
2026-08-08_154515_918611_1_R2_TEST2,TEST2,2,11.875,1,11.781210802978494,493.0,-115108.0,0.0,493.0,0.0,0.0,0.0,0.0,0.0,0.0,0.0,empirical-manual
2026-08-08_154515_918611_1_R2_TEST2,TEST2,2,12.125,4,12.110914855435801,2504.5,-107158.0,0.0,2504.5,0.0,0.0,0.0,0.0,0.0,0.0,0.0,empirical-manual
2026-08-08_154515_918611_1_R2_TEST2,TEST2,2,12.375,3,12.349088248101458,1774.0,-109037.0,0.0,1774.0,0.0,0.0,0.0,0.0,0.0,0.0,0.0,empirical-manual
2026-08-08_154515_918611_1_R2_TEST2,TEST2,2,12.625,1,12.53284131680351,3226.0,-106911.0,0.0,3226.0,0.0,0.0,0.0,0.0,0.0,0.0,0.0,empirical-manual
2026-08-08_154515_918611_1_R2_TEST2,TEST2,2,13.375,1,13.432666528038826,0.0,-116910.0,0.0,0.0,0.0,0.0,0.0,0.0,0.0,0.0,0.0,empirical-manual
2026-08-08_154515_918611_1_R2_TEST2,TEST2,2,13.625,2,13.708100852347595,2612.5,-107492.0,0.0,2612.5,0.0,0.0,0.0,0.0,0.0,0.0,0.0,empirical-manual
2026-08-08_154647_413072_1_R2_TEST3,TEST3,2,0.125,1,0.1286756944819478,0.0,-115219.0,0.0,0.0,0.0,0.0,0.0,0.0,0.0,0.0,0.0,empirical-manual
2026-08-08_154647_413072_1_R2_TEST3,TEST3,2,0.375,1,0.4967874382134301,0.0,-106938.0,0.0,0.0,0.0,0.0,0.0,0.0,0.0,0.0,0.0,empirical-manual
2026-08-08_154647_413072_1_R2_TEST3,TEST3,2,0.875,2,0.8580836292579055,0.0,-111302.0,0.0,0.0,0.0,0.0,0.0,0.0,0.0,0.0,0.0,empirical-manual
2026-08-08_154647_413072_1_R2_TEST3,TEST3,2,1.125,1,1.1073631930403167,0.0,-109402.0,0.0,0.0,0.0,0.0,0.0,0.0,0.0,0.0,0.0,empirical-manual
2026-08-08_154647_413072_1_R2_TEST3,TEST3,2,1.625,6,1.7001608449550605,0.0,-111271.5,0.0,0.0,0.0,0.0,0.0,0.0,0.0,0.0,0.0,empirical-manual
2026-08-08_154647_413072_1_R2_TEST3,TEST3,2,1.875,4,1.7791031140829916,226.5,-111352.0,0.0,226.5,0.0,0.0,0.0,0.0,0.0,0.0,0.0,empirical-manual
2026-08-08_154647_413072_1_R2_TEST3,TEST3,2,2.125,6,2.1601086857990106,1516.0,-106903.5,0.0,1516.0,0.0,0.0,0.0,0.0,0.0,0.0,0.0,empirical-manual
2026-08-08_154647_413072_1_R2_TEST3,TEST3,2,2.375,6,2.374646346909854,2431.0,-104330.0,0.0,2431.0,0.0,0.0,0.0,0.0,0.0,0.0,0.0,empirical-manual
2026-08-08_154647_413072_1_R2_TEST3,TEST3,2,2.625,13,2.6662100693882653,2959.0,-108688.0,0.0,2959.0,0.0,0.0,0.0,0.0,0.0,0.0,0.0,empirical-manual
2026-08-08_154647_413072_1_R2_TEST3,TEST3,2,2.875,14,2.839697807262988,2411.0,-106126.0,0.0,2411.0,0.0,0.0,0.0,0.0,0.0,0.0,0.0,empirical-manual
2026-08-08_154647_413072_1_R2_TEST3,TEST3,2,3.125,9,3.192400768866729,2797.0,-107464.0,0.0,2757.0,0.0,0.0,0.0,0.0,0.0,0.0,0.0,empirical-manual
2026-08-08_154647_413072_1_R2_TEST3,TEST3,2,3.375,14,3.3747832943591316,2488.5,-106723.0,0.0,2488.5,0.0,0.0,0.0,0.0,0.0,0.0,0.0,empirical-manual
2026-08-08_154647_413072_1_R2_TEST3,TEST3,2,3.625,10,3.603097341055488,2505.5,-106846.0,0.0,2490.5,0.0,0.0,0.0,0.0,0.0,0.0,0.0,empirical-manual
2026-08-08_154647_413072_1_R2_TEST3,TEST3,2,3.875,9,3.842220462828628,3270.0,-105109.0,0.0,3270.0,0.0,0.0,0.0,0.0,0.0,0.0,0.0,empirical-manual
2026-08-08_154647_413072_1_R2_TEST3,TEST3,2,4.125,10,4.152136501479658,2514.5,-106940.5,0.0,2514.5,0.0,0.0,0.0,0.0,0.0,0.0,0.0,empirical-manual
2026-08-08_154647_413072_1_R2_TEST3,TEST3,2,4.375,9,4.369384266384501,3188.0,-107640.0,0.0,3188.0,0.0,0.0,0.0,0.0,0.0,0.0,0.0,empirical-manual
2026-08-08_154647_413072_1_R2_TEST3,TEST3,2,4.625,11,4.5999579706139215,2709.0,-105472.0,0.0,2709.0,0.0,0.0,0.0,0.0,0.0,0.0,0.0,empirical-manual
2026-08-08_154647_413072_1_R2_TEST3,TEST3,2,4.875,7,4.83972654324538,4162.0,-104430.0,0.0,4162.0,0.0,0.0,0.0,0.0,0.0,0.0,0.0,empirical-manual
2026-08-08_154647_413072_1_R2_TEST3,TEST3,2,5.125,6,5.107353202678058,3134.0,-105100.0,0.0,3134.0,0.0,0.0,0.0,0.0,0.0,0.0,0.0,empirical-manual
2026-08-08_154647_413072_1_R2_TEST3,TEST3,2,5.375,8,5.388722553713647,2900.5,-108403.0,0.0,2900.5,0.0,0.0,0.0,0.0,0.0,0.0,0.0,empirical-manual
2026-08-08_154647_413072_1_R2_TEST3,TEST3,2,5.625,5,5.659150590616425,3308.0,-109435.0,0.0,3308.0,0.0,0.0,0.0,0.0,0.0,0.0,0.0,empirical-manual
2026-08-08_154647_413072_1_R2_TEST3,TEST3,2,5.875,9,5.853601968292617,1542.0,-109674.0,0.0,1542.0,0.0,0.0,0.0,0.0,0.0,0.0,0.0,empirical-manual
2026-08-08_154647_413072_1_R2_TEST3,TEST3,2,6.125,13,6.106838623574175,2832.0,-107825.0,0.0,2832.0,0.0,0.0,0.0,0.0,0.0,0.0,0.0,empirical-manual
2026-08-08_154647_413072_1_R2_TEST3,TEST3,2,6.375,11,6.336520295957428,2369.0,-109921.0,0.0,2300.0,0.0,0.0,0.0,0.0,0.0,0.0,0.0,empirical-manual
2026-08-08_154647_413072_1_R2_TEST3,TEST3,2,6.625,6,6.621954753402624,2257.0,-107826.0,0.0,2257.0,0.0,0.0,0.0,0.0,0.0,0.0,0.0,empirical-manual
2026-08-08_154647_413072_1_R2_TEST3,TEST3,2,6.875,4,6.850516978890056,5980.5,-100395.5,0.0,5794.5,0.0,0.0,0.0,0.0,0.0,0.0,0.0,empirical-manual
2026-08-08_154647_413072_1_R2_TEST3,TEST3,2,7.125,12,7.09079132593186,3090.5,-105622.0,0.0,3002.0,0.0,0.0,0.0,0.0,0.0,0.0,0.0,empirical-manual
2026-08-08_154647_413072_1_R2_TEST3,TEST3,2,7.375,9,7.3801855943514365,3658.0,-104008.0,0.0,3658.0,0.0,0.0,0.0,0.0,0.0,0.0,0.0,empirical-manual
2026-08-08_154647_413072_1_R2_TEST3,TEST3,2,7.625,12,7.6620801706687,3761.0,-104223.0,0.0,3761.0,0.0,0.0,0.0,0.0,0.0,0.0,0.0,empirical-manual
2026-08-08_154647_413072_1_R2_TEST3,TEST3,2,7.875,10,7.948029577913683,1971.5,-108187.5,0.0,1971.5,0.0,0.0,0.0,0.0,0.0,0.0,0.0,empirical-manual
2026-08-08_154647_413072_1_R2_TEST3,TEST3,2,8.125,9,8.121041730250427,2299.0,-107389.0,0.0,2285.0,0.0,0.0,0.0,0.0,0.0,0.0,0.0,empirical-manual
2026-08-08_154647_413072_1_R2_TEST3,TEST3,2,8.375,12,8.400501838655039,2571.0,-105715.5,0.0,2571.0,0.0,0.0,0.0,0.0,0.0,0.0,0.0,empirical-manual
2026-08-08_154647_413072_1_R2_TEST3,TEST3,2,8.625,10,8.55752159829898,2888.5,-105280.0,0.0,2888.5,0.0,0.0,0.0,0.0,0.0,0.0,0.0,empirical-manual
2026-08-08_154647_413072_1_R2_TEST3,TEST3,2,8.875,8,8.821916843919254,2622.0,-102839.0,0.0,2622.0,0.0,0.0,0.0,0.0,0.0,0.0,0.0,empirical-manual
2026-08-08_154647_413072_1_R2_TEST3,TEST3,2,9.125,7,9.1316254333155,2993.0,-103739.0,0.0,2993.0,0.0,0.0,0.0,0.0,0.0,0.0,0.0,empirical-manual
2026-08-08_154647_413072_1_R2_TEST3,TEST3,2,9.375,4,9.382484284935162,2875.0,-104584.0,0.0,2875.0,0.0,0.0,0.0,0.0,0.0,0.0,0.0,empirical-manual
2026-08-08_154647_413072_1_R2_TEST3,TEST3,2,9.625,4,9.597424263443088,4957.5,-105997.0,0.0,4957.5,0.0,0.0,0.0,0.0,0.0,0.0,0.0,empirical-manual
2026-08-08_154647_413072_1_R2_TEST3,TEST3,2,9.875,5,9.86824596325422,604.0,-110942.0,0.0,604.0,0.0,0.0,0.0,0.0,0.0,0.0,0.0,empirical-manual
2026-08-08_154647_413072_1_R2_TEST3,TEST3,2,10.125,6,10.055711539525817,4484.5,-105236.0,0.0,4306.0,0.0,0.0,0.0,0.0,0.0,0.0,0.0,empirical-manual
2026-08-08_154647_413072_1_R2_TEST3,TEST3,2,10.375,6,10.410195217992516,1729.0,-112275.0,0.0,1729.0,0.0,0.0,0.0,0.0,0.0,0.0,0.0,empirical-manual
2026-08-08_154647_413072_1_R2_TEST3,TEST3,2,10.625,1,10.550649519544558,5712.0,-99844.0,0.0,5712.0,0.0,0.0,0.0,0.0,0.0,0.0,0.0,empirical-manual
2026-08-08_154647_413072_1_R2_TEST3,TEST3,2,10.875,2,10.826154172722404,3353.0,-106730.0,0.0,3353.0,0.0,0.0,0.0,0.0,0.0,0.0,0.0,empirical-manual
2026-08-08_154647_413072_1_R2_TEST3,TEST3,2,11.125,2,11.082113309015108,8847.0,-95145.5,157.5,8689.5,0.0,0.0,0.0,0.0,0.0,0.0,0.0,empirical-manual
2026-08-08_154647_413072_1_R2_TEST3,TEST3,2,11.375,8,11.413905298511992,2517.5,-107594.0,0.0,2458.0,0.0,0.0,0.0,0.0,0.0,0.0,0.0,empirical-manual
2026-08-08_154647_413072_1_R2_TEST3,TEST3,2,11.625,3,11.684956254809896,6599.0,-97543.0,0.0,6599.0,0.0,0.0,0.0,0.0,0.0,0.0,0.0,empirical-manual
2026-08-08_154647_413072_1_R2_TEST3,TEST3,2,11.875,1,11.835862922369795,9550.0,-92467.0,0.0,9550.0,0.0,0.0,0.0,0.0,0.0,0.0,0.0,empirical-manual
2026-08-08_154647_413072_1_R2_TEST3,TEST3,2,12.125,2,12.130651276227077,5692.0,-98689.0,0.0,5692.0,0.0,0.0,0.0,0.0,0.0,0.0,0.0,empirical-manual
2026-08-08_154647_413072_1_R2_TEST3,TEST3,2,12.375,3,12.321264308428049,1408.0,-111298.0,0.0,1408.0,0.0,0.0,0.0,0.0,0.0,0.0,0.0,empirical-manual
2026-08-08_154647_413072_1_R2_TEST3,TEST3,2,12.625,1,12.56112507070404,4776.0,-98424.0,0.0,4776.0,0.0,0.0,0.0,0.0,0.0,0.0,0.0,empirical-manual
2026-08-08_154647_413072_1_R2_TEST3,TEST3,2,12.875,2,12.840008361346278,4504.5,-105376.5,0.0,4504.5,0.0,0.0,0.0,0.0,0.0,0.0,0.0,empirical-manual
2026-08-08_154647_413072_1_R2_TEST3,TEST3,2,13.375,1,13.344620506920922,2809.0,-104082.0,0.0,2809.0,0.0,0.0,0.0,0.0,0.0,0.0,0.0,empirical-manual
2026-08-08_154647_413072_1_R2_TEST3,TEST3,2,14.625,1,14.564742981925606,3127.0,-105354.0,0.0,3127.0,0.0,0.0,0.0,0.0,0.0,0.0,0.0,empirical-manual
2026-08-08_155028_937924_1_R2_TEST4,TEST4,2,0.125,2,0.0943271953600195,0.0,-110822.0,0.0,0.0,0.0,0.0,0.0,0.0,0.0,0.0,0.0,empirical-manual
2026-08-08_155028_937924_1_R2_TEST4,TEST4,2,0.625,1,0.5835587462064948,0.0,-105861.0,0.0,0.0,0.0,0.0,0.0,0.0,0.0,0.0,0.0,empirical-manual
2026-08-08_155028_937924_1_R2_TEST4,TEST4,2,1.125,1,1.1572536337949593,0.0,-105993.0,0.0,0.0,0.0,0.0,0.0,0.0,0.0,0.0,0.0,empirical-manual
2026-08-08_155028_937924_1_R2_TEST4,TEST4,2,1.375,3,1.3642664674694152,0.0,-108435.0,0.0,0.0,0.0,0.0,0.0,0.0,0.0,0.0,0.0,empirical-manual
2026-08-08_155028_937924_1_R2_TEST4,TEST4,2,1.625,4,1.6594909100791881,102.0,-112355.5,0.0,102.0,0.0,0.0,0.0,0.0,0.0,0.0,0.0,empirical-manual
2026-08-08_155028_937924_1_R2_TEST4,TEST4,2,1.875,5,1.837847437798924,647.0,-110468.0,0.0,647.0,0.0,0.0,0.0,0.0,0.0,0.0,0.0,empirical-manual
2026-08-08_155028_937924_1_R2_TEST4,TEST4,2,2.125,12,2.1424121080620497,654.0,-110416.5,0.0,654.0,0.0,0.0,0.0,0.0,0.0,0.0,0.0,empirical-manual
2026-08-08_155028_937924_1_R2_TEST4,TEST4,2,2.375,22,2.386853112347654,706.5,-110884.0,0.0,706.5,0.0,0.0,0.0,0.0,0.0,0.0,0.0,empirical-manual
2026-08-08_155028_937924_1_R2_TEST4,TEST4,2,2.625,12,2.6154671713206454,1524.5,-109971.5,0.0,1524.5,0.0,0.0,0.0,0.0,0.0,0.0,0.0,empirical-manual
2026-08-08_155028_937924_1_R2_TEST4,TEST4,2,2.875,15,2.802774405626235,1434.0,-111098.0,0.0,1434.0,0.0,0.0,0.0,0.0,0.0,0.0,0.0,empirical-manual
2026-08-08_155028_937924_1_R2_TEST4,TEST4,2,3.125,29,3.164006278464357,2011.0,-109619.0,0.0,2011.0,0.0,0.0,0.0,0.0,0.0,0.0,0.0,empirical-manual
2026-08-08_155028_937924_1_R2_TEST4,TEST4,2,3.375,11,3.410535106984788,1204.0,-108212.0,0.0,1204.0,0.0,0.0,0.0,0.0,0.0,0.0,0.0,empirical-manual
2026-08-08_155028_937924_1_R2_TEST4,TEST4,2,3.625,22,3.606231041524805,1712.5,-108649.5,0.0,1712.5,0.0,0.0,0.0,0.0,0.0,0.0,0.0,empirical-manual
2026-08-08_155028_937924_1_R2_TEST4,TEST4,2,3.875,17,3.876293067321513,1856.0,-109097.0,0.0,1856.0,0.0,0.0,0.0,0.0,0.0,0.0,0.0,empirical-manual
2026-08-08_155028_937924_1_R2_TEST4,TEST4,2,4.125,10,4.011362446578941,2426.0,-108109.5,0.0,2426.0,0.0,0.0,0.0,0.0,0.0,0.0,0.0,empirical-manual
2026-08-08_155028_937924_1_R2_TEST4,TEST4,2,4.375,14,4.390625129206394,2166.5,-108048.0,0.0,2166.5,0.0,0.0,0.0,0.0,0.0,0.0,0.0,empirical-manual
2026-08-08_155028_937924_1_R2_TEST4,TEST4,2,4.625,16,4.577134247774477,1849.0,-105030.0,0.0,1849.0,0.0,0.0,0.0,0.0,0.0,0.0,0.0,empirical-manual
2026-08-08_155028_937924_1_R2_TEST4,TEST4,2,4.875,13,4.898513572147414,2749.0,-108680.0,0.0,2749.0,0.0,0.0,0.0,0.0,0.0,0.0,0.0,empirical-manual
2026-08-08_155028_937924_1_R2_TEST4,TEST4,2,5.125,23,5.1747757308373465,1871.0,-110226.0,0.0,1871.0,0.0,0.0,0.0,0.0,0.0,0.0,0.0,empirical-manual
2026-08-08_155028_937924_1_R2_TEST4,TEST4,2,5.375,13,5.439319494507523,895.0,-111630.0,0.0,895.0,0.0,0.0,0.0,0.0,0.0,0.0,0.0,empirical-manual
2026-08-08_155028_937924_1_R2_TEST4,TEST4,2,5.625,8,5.670283849425221,4729.0,-105837.5,0.0,4662.5,0.0,0.0,0.0,0.0,0.0,0.0,0.0,empirical-manual
2026-08-08_155028_937924_1_R2_TEST4,TEST4,2,5.875,9,5.884952707863385,3689.0,-107129.0,0.0,3689.0,0.0,0.0,0.0,0.0,0.0,0.0,0.0,empirical-manual
2026-08-08_155028_937924_1_R2_TEST4,TEST4,2,6.125,8,6.126598092321748,3940.0,-105206.0,0.0,3940.0,0.0,0.0,0.0,0.0,0.0,0.0,0.0,empirical-manual
2026-08-08_155028_937924_1_R2_TEST4,TEST4,2,6.375,6,6.284380727487656,2602.5,-110234.5,0.0,2602.5,0.0,0.0,0.0,0.0,0.0,0.0,0.0,empirical-manual
2026-08-08_155028_937924_1_R2_TEST4,TEST4,2,6.625,14,6.67083588417994,1775.5,-106977.0,0.0,1775.5,0.0,0.0,0.0,0.0,0.0,0.0,0.0,empirical-manual
2026-08-08_155028_937924_1_R2_TEST4,TEST4,2,6.875,10,6.905418923719482,1469.0,-111135.0,0.0,1469.0,0.0,0.0,0.0,0.0,0.0,0.0,0.0,empirical-manual
2026-08-08_155028_937924_1_R2_TEST4,TEST4,2,7.125,12,7.108086465378188,3405.0,-106301.5,0.0,3405.0,0.0,0.0,0.0,0.0,0.0,0.0,0.0,empirical-manual
2026-08-08_155028_937924_1_R2_TEST4,TEST4,2,7.375,4,7.383335655278744,1111.5,-111007.5,0.0,1107.5,0.0,0.0,0.0,0.0,0.0,0.0,0.0,empirical-manual
2026-08-08_155028_937924_1_R2_TEST4,TEST4,2,7.625,9,7.591557052644978,2371.0,-107730.0,0.0,2371.0,0.0,0.0,0.0,0.0,0.0,0.0,0.0,empirical-manual
2026-08-08_155028_937924_1_R2_TEST4,TEST4,2,7.875,4,7.868592862818047,3156.0,-104721.0,0.0,3156.0,0.0,0.0,0.0,0.0,0.0,0.0,0.0,empirical-manual
2026-08-08_155028_937924_1_R2_TEST4,TEST4,2,8.125,2,8.04235080196799,3303.0,-103416.0,0.0,3303.0,0.0,0.0,0.0,0.0,0.0,0.0,0.0,empirical-manual
2026-08-08_155028_937924_1_R2_TEST4,TEST4,2,8.375,2,8.40299756414722,5922.0,-101216.0,0.0,5922.0,0.0,0.0,0.0,0.0,0.0,0.0,0.0,empirical-manual
2026-08-08_155028_937924_1_R2_TEST4,TEST4,2,8.625,3,8.530259798374047,953.0,-107042.0,0.0,953.0,0.0,0.0,0.0,0.0,0.0,0.0,0.0,empirical-manual
2026-08-08_155028_937924_1_R2_TEST4,TEST4,2,8.875,4,8.82344947335588,162.0,-114925.0,0.0,162.0,0.0,0.0,0.0,0.0,0.0,0.0,0.0,empirical-manual
2026-08-08_155028_937924_1_R2_TEST4,TEST4,2,9.125,3,9.13709798897301,816.0,-107639.0,0.0,777.0,0.0,0.0,0.0,0.0,0.0,0.0,0.0,empirical-manual
2026-08-08_155028_937924_1_R2_TEST4,TEST4,2,9.375,3,9.316214862963696,3629.0,-105084.0,0.0,3629.0,0.0,0.0,0.0,0.0,0.0,0.0,0.0,empirical-manual
2026-08-08_155028_937924_1_R2_TEST4,TEST4,2,9.625,3,9.665941223253345,4407.0,-105935.0,0.0,4407.0,0.0,0.0,0.0,0.0,0.0,0.0,0.0,empirical-manual
2026-08-08_155028_937924_1_R2_TEST4,TEST4,2,9.875,2,9.87429823276264,1980.0,-112182.0,0.0,1980.0,0.0,0.0,0.0,0.0,0.0,0.0,0.0,empirical-manual
2026-08-08_155028_937924_1_R2_TEST4,TEST4,2,10.125,1,10.126912671574548,6216.0,-99099.0,0.0,6216.0,0.0,0.0,0.0,0.0,0.0,0.0,0.0,empirical-manual
2026-08-08_155028_937924_1_R2_TEST4,TEST4,2,10.375,1,10.34542339105424,663.0,-105071.0,0.0,580.0,83.0,0.0,0.0,0.0,0.0,0.0,0.0,empirical-manual
2026-08-08_155028_937924_1_R2_TEST4,TEST4,2,10.625,2,10.534112675604643,5661.5,-99713.0,0.0,5661.5,0.0,0.0,0.0,0.0,0.0,0.0,0.0,empirical-manual
2026-08-08_155028_937924_1_R2_TEST4,TEST4,2,10.875,1,10.773388625809911,6140.0,-95093.0,0.0,6140.0,0.0,0.0,0.0,0.0,0.0,0.0,0.0,empirical-manual
2026-08-08_155028_937924_1_R2_TEST4,TEST4,2,11.125,1,11.0370124157781,0.0,-110887.0,0.0,0.0,0.0,0.0,0.0,0.0,0.0,0.0,0.0,empirical-manual
2026-08-08_155028_937924_1_R2_TEST4,TEST4,2,11.625,1,11.614252864681957,2067.0,-108707.0,65.0,2002.0,0.0,0.0,0.0,0.0,0.0,0.0,0.0,empirical-manual
2026-08-08_155028_937924_1_R2_TEST4,TEST4,2,11.875,1,11.997824673328386,107.0,-113381.0,51.0,56.0,0.0,0.0,0.0,0.0,0.0,0.0,0.0,empirical-manual
2026-08-08_155028_937924_1_R2_TEST4,TEST4,2,12.125,3,12.187374679995996,207.0,-113303.0,0.0,207.0,0.0,0.0,0.0,0.0,0.0,0.0,0.0,empirical-manual
2026-08-08_155028_937924_1_R2_TEST4,TEST4,2,12.375,1,12.255238715471716,7697.0,-94594.0,0.0,7697.0,0.0,0.0,0.0,0.0,0.0,0.0,0.0,empirical-manual
2026-08-08_155028_937924_1_R2_TEST4,TEST4,2,13.625,2,13.574198870234678,1364.5,-108401.0,0.0,1364.5,0.0,0.0,0.0,0.0,0.0,0.0,0.0,empirical-manual
2026-08-08_155028_937924_1_R2_TEST4,TEST4,2,14.375,1,14.410968986889232,3382.0,-104509.0,0.0,3382.0,0.0,0.0,0.0,0.0,0.0,0.0,0.0,empirical-manual
2026-08-08_155132_412966_1_R2_TEST5,TEST5,2,0.125,2,0.07164832750282145,0.0,-110588.5,0.0,0.0,0.0,0.0,0.0,0.0,0.0,0.0,0.0,empirical-manual
2026-08-08_155132_412966_1_R2_TEST5,TEST5,2,0.375,1,0.3102799716751792,0.0,-112368.0,0.0,0.0,0.0,0.0,0.0,0.0,0.0,0.0,0.0,empirical-manual
2026-08-08_155132_412966_1_R2_TEST5,TEST5,2,0.625,1,0.6521034900983306,0.0,-112120.0,0.0,0.0,0.0,0.0,0.0,0.0,0.0,0.0,0.0,empirical-manual
2026-08-08_155132_412966_1_R2_TEST5,TEST5,2,0.875,1,0.9565804032120112,0.0,-110254.0,0.0,0.0,0.0,0.0,0.0,0.0,0.0,0.0,0.0,empirical-manual
2026-08-08_155132_412966_1_R2_TEST5,TEST5,2,1.125,3,1.1858342191299225,0.0,-116965.0,0.0,0.0,0.0,0.0,0.0,0.0,0.0,0.0,0.0,empirical-manual
2026-08-08_155132_412966_1_R2_TEST5,TEST5,2,1.375,16,1.3940858371699807,0.0,-115161.5,0.0,0.0,0.0,0.0,0.0,0.0,0.0,0.0,0.0,empirical-manual
2026-08-08_155132_412966_1_R2_TEST5,TEST5,2,1.625,15,1.5803475252403294,0.0,-114718.0,0.0,0.0,0.0,0.0,0.0,0.0,0.0,0.0,0.0,empirical-manual
2026-08-08_155132_412966_1_R2_TEST5,TEST5,2,1.875,9,1.9163504018375097,258.0,-113713.0,0.0,258.0,0.0,0.0,0.0,0.0,0.0,0.0,0.0,empirical-manual
2026-08-08_155132_412966_1_R2_TEST5,TEST5,2,2.125,13,2.1364659836757345,730.0,-112211.0,0.0,730.0,0.0,0.0,0.0,0.0,0.0,0.0,0.0,empirical-manual
2026-08-08_155132_412966_1_R2_TEST5,TEST5,2,2.375,13,2.3845562910244604,987.0,-111978.0,0.0,987.0,0.0,0.0,0.0,0.0,0.0,0.0,0.0,empirical-manual
2026-08-08_155132_412966_1_R2_TEST5,TEST5,2,2.625,17,2.643102691019448,807.0,-111997.0,0.0,807.0,0.0,0.0,0.0,0.0,0.0,0.0,0.0,empirical-manual
2026-08-08_155132_412966_1_R2_TEST5,TEST5,2,2.875,18,2.839726098884575,582.0,-113563.0,0.0,582.0,0.0,0.0,0.0,0.0,0.0,0.0,0.0,empirical-manual
2026-08-08_155132_412966_1_R2_TEST5,TEST5,2,3.125,11,3.117542848082958,1243.0,-109533.0,0.0,1243.0,0.0,0.0,0.0,0.0,0.0,0.0,0.0,empirical-manual
2026-08-08_155132_412966_1_R2_TEST5,TEST5,2,3.375,18,3.381331092985878,1044.5,-112109.5,0.0,1044.5,0.0,0.0,0.0,0.0,0.0,0.0,0.0,empirical-manual
2026-08-08_155132_412966_1_R2_TEST5,TEST5,2,3.625,13,3.651693379744377,1497.0,-111871.0,0.0,1497.0,0.0,0.0,0.0,0.0,0.0,0.0,0.0,empirical-manual
2026-08-08_155132_412966_1_R2_TEST5,TEST5,2,3.875,18,3.9090939154505353,766.5,-113435.5,0.0,766.5,0.0,0.0,0.0,0.0,0.0,0.0,0.0,empirical-manual
2026-08-08_155132_412966_1_R2_TEST5,TEST5,2,4.125,14,4.124301532259336,935.0,-112163.0,0.0,935.0,0.0,0.0,0.0,0.0,0.0,0.0,0.0,empirical-manual
2026-08-08_155132_412966_1_R2_TEST5,TEST5,2,4.375,13,4.382787924281328,1312.0,-112095.0,0.0,1312.0,0.0,0.0,0.0,0.0,0.0,0.0,0.0,empirical-manual
2026-08-08_155132_412966_1_R2_TEST5,TEST5,2,4.625,14,4.650976367822651,454.5,-112841.5,0.0,454.5,0.0,0.0,0.0,0.0,0.0,0.0,0.0,empirical-manual
2026-08-08_155132_412966_1_R2_TEST5,TEST5,2,4.875,13,4.807982822898312,1391.0,-109942.0,0.0,1391.0,0.0,0.0,0.0,0.0,0.0,0.0,0.0,empirical-manual
2026-08-08_155132_412966_1_R2_TEST5,TEST5,2,5.125,12,5.194209232857965,1623.0,-110182.0,0.0,1623.0,0.0,0.0,0.0,0.0,0.0,0.0,0.0,empirical-manual
2026-08-08_155132_412966_1_R2_TEST5,TEST5,2,5.375,13,5.292901345293622,1632.0,-111275.0,0.0,1632.0,0.0,0.0,0.0,0.0,0.0,0.0,0.0,empirical-manual
2026-08-08_155132_412966_1_R2_TEST5,TEST5,2,5.625,10,5.600569534181288,2664.5,-110125.0,0.0,2664.5,0.0,0.0,0.0,0.0,0.0,0.0,0.0,empirical-manual
2026-08-08_155132_412966_1_R2_TEST5,TEST5,2,5.875,8,5.87286671879435,2754.0,-108416.5,0.0,2754.0,0.0,0.0,0.0,0.0,0.0,0.0,0.0,empirical-manual
2026-08-08_155132_412966_1_R2_TEST5,TEST5,2,6.125,3,6.110763629400539,904.0,-115568.0,0.0,904.0,0.0,0.0,0.0,0.0,0.0,0.0,0.0,empirical-manual
2026-08-08_155132_412966_1_R2_TEST5,TEST5,2,6.375,6,6.383988801576294,2203.0,-111309.0,0.0,2203.0,0.0,0.0,0.0,0.0,0.0,0.0,0.0,empirical-manual
2026-08-08_155132_412966_1_R2_TEST5,TEST5,2,6.625,8,6.626143309188863,1203.0,-107217.5,0.0,1192.0,0.0,0.0,0.0,0.0,0.0,0.0,0.0,empirical-manual
2026-08-08_155132_412966_1_R2_TEST5,TEST5,2,6.875,5,6.791965722417269,1345.0,-113162.0,0.0,1345.0,0.0,0.0,0.0,0.0,0.0,0.0,0.0,empirical-manual
2026-08-08_155132_412966_1_R2_TEST5,TEST5,2,7.125,1,7.0166963947519525,0.0,-118568.0,0.0,0.0,0.0,0.0,0.0,0.0,0.0,0.0,0.0,empirical-manual
2026-08-08_155132_412966_1_R2_TEST5,TEST5,2,7.375,3,7.332432375034678,2063.0,-108381.0,0.0,2063.0,0.0,0.0,0.0,0.0,0.0,0.0,0.0,empirical-manual
2026-08-08_155132_412966_1_R2_TEST5,TEST5,2,7.625,1,7.545521020909391,3392.0,-107093.0,0.0,3287.0,105.0,0.0,0.0,0.0,0.0,0.0,0.0,empirical-manual
2026-08-08_155132_412966_1_R2_TEST5,TEST5,2,7.875,2,7.980030634343899,1334.5,-112167.0,0.0,1334.5,0.0,0.0,0.0,0.0,0.0,0.0,0.0,empirical-manual
2026-08-08_155132_412966_1_R2_TEST5,TEST5,2,8.125,4,8.142977084566448,3613.5,-108959.5,0.0,3613.5,0.0,0.0,0.0,0.0,0.0,0.0,0.0,empirical-manual
2026-08-08_155132_412966_1_R2_TEST5,TEST5,2,8.375,3,8.36327163162663,4174.0,-105494.0,0.0,4174.0,0.0,0.0,0.0,0.0,0.0,0.0,0.0,empirical-manual
2026-08-08_155132_412966_1_R2_TEST5,TEST5,2,8.625,4,8.614441721755988,4415.5,-102921.0,31.0,4353.0,0.0,0.0,0.0,0.0,0.0,0.0,0.0,empirical-manual
2026-08-08_155132_412966_1_R2_TEST5,TEST5,2,8.875,2,8.785524008743087,1043.0,-112983.0,0.0,1043.0,0.0,0.0,0.0,0.0,0.0,0.0,0.0,empirical-manual
2026-08-08_155132_412966_1_R2_TEST5,TEST5,2,10.375,1,10.356681579448868,209.0,-110015.0,0.0,209.0,0.0,0.0,0.0,0.0,0.0,0.0,0.0,empirical-manual
2026-08-08_155430_315930_1_R2_TEST6,TEST6,2,0.125,1,0.1166327668916754,478.0,-102074.0,0.0,0.0,478.0,0.0,0.0,0.0,0.0,0.0,0.0,empirical-manual
2026-08-08_155430_315930_1_R2_TEST6,TEST6,2,0.625,1,0.5931999442323709,18.0,-104432.0,0.0,0.0,18.0,0.0,0.0,0.0,0.0,0.0,0.0,empirical-manual
2026-08-08_155430_315930_1_R2_TEST6,TEST6,2,1.125,1,1.1081614795388437,236.0,-101436.0,0.0,0.0,236.0,0.0,0.0,0.0,0.0,0.0,0.0,empirical-manual
2026-08-08_155430_315930_1_R2_TEST6,TEST6,2,1.625,1,1.621165468124397,283.0,-101602.0,16.0,59.0,208.0,0.0,0.0,0.0,0.0,0.0,0.0,empirical-manual
2026-08-08_155430_315930_1_R2_TEST6,TEST6,2,2.625,1,2.620149120567675,182.0,-106422.0,0.0,0.0,182.0,0.0,0.0,0.0,0.0,0.0,0.0,empirical-manual
2026-08-08_155430_315930_1_R2_TEST6,TEST6,2,2.875,2,2.9425037792055835,400.5,-103806.0,153.0,99.0,148.5,0.0,0.0,0.0,0.0,0.0,0.0,empirical-manual
2026-08-08_155430_315930_1_R2_TEST6,TEST6,2,3.125,1,3.1541249596963006,141.0,-103693.0,26.0,59.0,56.0,0.0,0.0,0.0,0.0,0.0,0.0,empirical-manual
2026-08-08_155430_315930_1_R2_TEST6,TEST6,2,3.375,1,3.264712887682918,273.0,-103549.0,0.0,249.0,0.0,0.0,0.0,0.0,24.0,0.0,0.0,empirical-manual
2026-08-08_155430_315930_1_R2_TEST6,TEST6,2,3.625,2,3.5692359570653616,760.0,-100761.0,6.5,640.0,108.5,0.0,0.0,0.0,5.0,0.0,0.0,empirical-manual
2026-08-08_155430_315930_1_R2_TEST6,TEST6,2,3.875,7,3.864034298494472,2018.0,-103490.0,0.0,1915.0,0.0,0.0,0.0,0.0,0.0,0.0,0.0,empirical-manual
2026-08-08_155430_315930_1_R2_TEST6,TEST6,2,4.125,5,4.181120960299737,1943.0,-103307.0,0.0,1717.0,6.0,0.0,0.0,0.0,0.0,0.0,0.0,empirical-manual
2026-08-08_155430_315930_1_R2_TEST6,TEST6,2,4.375,7,4.347792508754401,2299.0,-101720.0,0.0,2157.0,0.0,0.0,0.0,0.0,0.0,0.0,0.0,empirical-manual
2026-08-08_155430_315930_1_R2_TEST6,TEST6,2,4.625,12,4.624041407743174,2552.0,-100842.0,0.0,2544.0,0.0,0.0,0.0,0.0,0.0,0.0,0.0,empirical-manual
2026-08-08_155430_315930_1_R2_TEST6,TEST6,2,4.875,18,4.849205213561951,3073.5,-100526.5,20.0,3006.5,0.0,0.0,0.0,0.0,0.0,0.0,0.0,empirical-manual
2026-08-08_155430_315930_1_R2_TEST6,TEST6,2,5.125,19,5.126332318810527,2547.0,-100993.0,0.0,2390.0,0.0,0.0,0.0,0.0,0.0,0.0,0.0,empirical-manual
2026-08-08_155430_315930_1_R2_TEST6,TEST6,2,5.375,21,5.325046757877216,2994.0,-101187.0,0.0,2994.0,0.0,0.0,0.0,0.0,0.0,0.0,0.0,empirical-manual
2026-08-08_155430_315930_1_R2_TEST6,TEST6,2,5.625,28,5.612293550043094,2864.5,-98974.0,0.0,2864.5,0.0,0.0,0.0,0.0,0.0,0.0,0.0,empirical-manual
2026-08-08_155430_315930_1_R2_TEST6,TEST6,2,5.875,11,5.8359340197656655,3868.0,-97857.0,0.0,3867.0,0.0,0.0,0.0,0.0,0.0,0.0,0.0,empirical-manual
2026-08-08_155430_315930_1_R2_TEST6,TEST6,2,6.125,15,6.117170623955616,3710.0,-99064.0,0.0,3529.0,0.0,0.0,0.0,0.0,0.0,0.0,0.0,empirical-manual
2026-08-08_155430_315930_1_R2_TEST6,TEST6,2,6.375,20,6.3977107723855235,3738.0,-102506.0,0.0,3666.0,0.0,0.0,0.0,0.0,0.0,0.0,0.0,empirical-manual
2026-08-08_155430_315930_1_R2_TEST6,TEST6,2,6.625,15,6.6976897293729065,1581.0,-104103.0,0.0,1378.0,0.0,0.0,0.0,0.0,0.0,0.0,0.0,empirical-manual
2026-08-08_155430_315930_1_R2_TEST6,TEST6,2,6.875,12,6.8082777532923195,3761.0,-99706.0,0.0,3693.0,0.0,0.0,0.0,0.0,0.0,0.0,0.0,empirical-manual
2026-08-08_155430_315930_1_R2_TEST6,TEST6,2,7.125,12,7.117246155478826,3546.5,-99159.5,0.0,3474.0,0.0,0.0,0.0,0.0,0.0,0.0,0.0,empirical-manual
2026-08-08_155430_315930_1_R2_TEST6,TEST6,2,7.375,10,7.357598083652242,2900.0,-101922.0,0.0,2900.0,0.0,0.0,0.0,0.0,0.0,0.0,0.0,empirical-manual
2026-08-08_155430_315930_1_R2_TEST6,TEST6,2,7.625,15,7.661904830888364,2390.0,-102665.0,0.0,2390.0,0.0,0.0,0.0,0.0,0.0,0.0,0.0,empirical-manual
2026-08-08_155430_315930_1_R2_TEST6,TEST6,2,7.875,8,7.835980594236997,1875.5,-104921.5,0.0,1875.5,0.0,0.0,0.0,0.0,0.0,0.0,0.0,empirical-manual
2026-08-08_155430_315930_1_R2_TEST6,TEST6,2,8.125,9,8.12273674249731,4108.0,-101476.0,0.0,4031.0,0.0,0.0,0.0,0.0,0.0,0.0,0.0,empirical-manual
2026-08-08_155430_315930_1_R2_TEST6,TEST6,2,8.375,4,8.417589555303547,823.5,-106139.5,0.0,823.5,0.0,0.0,0.0,0.0,0.0,0.0,0.0,empirical-manual
2026-08-08_155430_315930_1_R2_TEST6,TEST6,2,8.625,1,8.641254382326967,15.0,-104738.0,15.0,0.0,0.0,0.0,0.0,0.0,0.0,0.0,0.0,empirical-manual
2026-08-08_155430_315930_1_R2_TEST6,TEST6,2,8.875,4,8.887577963821704,4094.0,-97758.0,0.0,3818.0,0.0,0.0,0.0,0.0,0.0,0.0,0.0,empirical-manual
2026-08-08_155430_315930_1_R2_TEST6,TEST6,2,9.125,1,9.190156447135786,3737.0,-99625.0,0.0,3737.0,0.0,0.0,0.0,0.0,0.0,0.0,0.0,empirical-manual
2026-08-08_155430_315930_1_R2_TEST6,TEST6,2,9.375,1,9.266379955134838,512.0,-102832.0,102.0,410.0,0.0,0.0,0.0,0.0,0.0,0.0,0.0,empirical-manual
2026-08-08_155430_315930_1_R2_TEST6,TEST6,2,9.875,2,9.981318333575537,3900.5,-96234.0,162.5,3495.5,182.5,60.0,0.0,0.0,0.0,0.0,0.0,empirical-manual
2026-08-08_155430_315930_1_R2_TEST6,TEST6,2,10.125,2,10.033759234142153,4329.5,-98565.5,70.0,4259.5,0.0,0.0,0.0,0.0,0.0,0.0,0.0,empirical-manual
2026-08-08_155430_315930_1_R2_TEST6,TEST6,2,10.375,1,10.31196206072596,312.0,-103452.0,312.0,0.0,0.0,0.0,0.0,0.0,0.0,0.0,0.0,empirical-manual
2026-08-08_155430_315930_1_R2_TEST6,TEST6,2,10.625,2,10.623059684612253,1731.0,-101476.0,123.5,1607.5,0.0,0.0,0.0,0.0,0.0,0.0,0.0,empirical-manual
2026-08-08_155430_315930_1_R2_TEST6,TEST6,2,11.125,2,11.057562254850804,978.0,-101791.0,0.0,948.5,29.5,0.0,0.0,0.0,0.0,0.0,0.0,empirical-manual
2026-08-08_155939_090816_1_R3_TEST2,TEST2,3,0.125,7,0.001116385034923,134.0,-99640.0,0.0,0.0,80.0,0.0,0.0,0.0,0.0,0.0,0.0,empirical-manual
2026-08-08_155939_090816_1_R3_TEST2,TEST2,3,0.375,1,0.3698625801970939,0.0,-104985.0,0.0,0.0,0.0,0.0,0.0,0.0,0.0,0.0,0.0,empirical-manual
2026-08-08_155939_090816_1_R3_TEST2,TEST2,3,0.625,1,0.718030573274977,501.0,-96168.0,128.0,373.0,0.0,0.0,0.0,0.0,0.0,0.0,0.0,empirical-manual
2026-08-08_155939_090816_1_R3_TEST2,TEST2,3,1.375,2,1.303576059163555,578.5,-96124.0,338.0,79.5,15.0,50.5,0.0,0.0,45.0,50.5,0.0,empirical-manual
2026-08-08_155939_090816_1_R3_TEST2,TEST2,3,1.625,1,1.739519625385341,1232.0,-101873.0,0.0,0.0,1232.0,0.0,0.0,0.0,0.0,0.0,0.0,empirical-manual
2026-08-08_155939_090816_1_R3_TEST2,TEST2,3,1.875,1,1.993091560050425,2401.0,-96221.0,217.0,0.0,2184.0,0.0,0.0,0.0,0.0,0.0,0.0,empirical-manual
2026-08-08_155939_090816_1_R3_TEST2,TEST2,3,2.125,2,2.05754021774262,2736.5,-98599.5,0.0,188.5,2548.0,0.0,0.0,0.0,0.0,0.0,0.0,empirical-manual
2026-08-08_155939_090816_1_R3_TEST2,TEST2,3,2.375,5,2.444786374768308,2398.0,-101663.0,0.0,0.0,2138.0,0.0,0.0,0.0,0.0,0.0,0.0,empirical-manual
2026-08-08_155939_090816_1_R3_TEST2,TEST2,3,2.625,11,2.6971626727712805,4266.0,-95852.0,58.0,52.0,3431.0,0.0,0.0,0.0,0.0,0.0,0.0,empirical-manual
2026-08-08_155939_090816_1_R3_TEST2,TEST2,3,2.875,10,2.8455322023498346,3195.5,-97141.0,0.0,0.0,3140.5,0.0,0.0,0.0,0.0,0.0,0.0,empirical-manual
2026-08-08_155939_090816_1_R3_TEST2,TEST2,3,3.125,20,3.136308521038056,3143.0,-98267.0,44.5,0.0,2997.0,0.0,0.0,0.0,0.0,0.0,0.0,empirical-manual
2026-08-08_155939_090816_1_R3_TEST2,TEST2,3,3.375,12,3.4033193210883734,3430.5,-95062.5,0.0,176.0,3006.5,0.0,0.0,0.0,13.5,0.0,0.0,empirical-manual
2026-08-08_155939_090816_1_R3_TEST2,TEST2,3,3.625,23,3.68814877105874,3704.0,-93742.0,129.0,59.0,3023.0,0.0,0.0,0.0,25.0,0.0,0.0,empirical-manual
2026-08-08_155939_090816_1_R3_TEST2,TEST2,3,3.875,26,3.8742732072360155,3711.0,-93526.5,165.5,47.0,3192.5,43.0,0.0,0.0,59.5,0.0,0.0,empirical-manual
2026-08-08_155939_090816_1_R3_TEST2,TEST2,3,4.125,24,4.137987027650966,3532.0,-95973.0,61.5,0.0,2767.0,0.0,0.0,0.0,0.0,0.0,0.0,empirical-manual
2026-08-08_155939_090816_1_R3_TEST2,TEST2,3,4.375,29,4.390268352311378,3510.0,-93719.0,112.0,46.0,2651.0,0.0,0.0,0.0,0.0,0.0,0.0,empirical-manual
2026-08-08_155939_090816_1_R3_TEST2,TEST2,3,4.625,25,4.598005959112253,4252.0,-93063.0,125.0,0.0,3754.0,0.0,0.0,0.0,0.0,0.0,0.0,empirical-manual
2026-08-08_155939_090816_1_R3_TEST2,TEST2,3,4.875,10,4.829050717852031,3627.0,-94840.5,181.0,0.0,3173.0,0.0,0.0,0.0,0.0,0.0,0.0,empirical-manual
2026-08-08_155939_090816_1_R3_TEST2,TEST2,3,5.125,16,5.082548941472039,4948.0,-93238.0,0.0,4.0,4488.5,0.0,0.0,0.0,16.0,0.0,0.0,empirical-manual
2026-08-08_155939_090816_1_R3_TEST2,TEST2,3,5.375,8,5.387482325131598,3820.0,-94764.5,125.0,76.0,3685.0,0.0,0.0,0.0,0.0,0.0,0.0,empirical-manual
2026-08-08_155939_090816_1_R3_TEST2,TEST2,3,5.625,8,5.519309991793277,3600.0,-97597.5,0.0,16.0,3500.0,0.0,0.0,0.0,0.0,0.0,0.0,empirical-manual
2026-08-08_155939_090816_1_R3_TEST2,TEST2,3,5.875,10,5.826464288541908,5882.5,-93684.5,0.0,63.5,5367.0,0.0,0.0,0.0,0.0,0.0,0.0,empirical-manual
2026-08-08_155939_090816_1_R3_TEST2,TEST2,3,6.125,11,6.132118424346786,5526.0,-91341.0,63.0,66.0,5426.0,0.0,0.0,0.0,8.0,0.0,0.0,empirical-manual
2026-08-08_155939_090816_1_R3_TEST2,TEST2,3,6.375,4,6.438995855658293,4940.0,-94484.0,32.0,0.0,4438.5,0.0,0.0,0.0,0.0,0.0,0.0,empirical-manual
2026-08-08_155939_090816_1_R3_TEST2,TEST2,3,6.625,6,6.640129842714188,4181.0,-94958.5,0.0,0.0,4046.0,0.0,0.0,0.0,5.0,0.0,0.0,empirical-manual
2026-08-08_155939_090816_1_R3_TEST2,TEST2,3,6.875,2,6.8869878123313715,6222.5,-91004.0,79.0,37.5,6016.0,0.5,0.0,0.0,89.5,0.0,0.0,empirical-manual
2026-08-08_155939_090816_1_R3_TEST2,TEST2,3,7.125,1,7.0904761576630175,3024.0,-101077.0,0.0,0.0,3024.0,0.0,0.0,0.0,0.0,0.0,0.0,empirical-manual
2026-08-08_155939_090816_1_R3_TEST2,TEST2,3,7.625,4,7.590114087494814,787.5,-103744.5,0.0,0.0,787.5,0.0,0.0,0.0,0.0,0.0,0.0,empirical-manual
2026-08-08_155939_090816_1_R3_TEST2,TEST2,3,7.875,3,7.887745178077437,2953.0,-100159.0,0.0,0.0,2953.0,0.0,0.0,0.0,0.0,0.0,0.0,empirical-manual
2026-08-08_155939_090816_1_R3_TEST2,TEST2,3,8.375,1,8.43959442747447,2048.0,-102168.0,20.0,0.0,2028.0,0.0,0.0,0.0,0.0,0.0,0.0,empirical-manual
2026-08-08_155939_090816_1_R3_TEST2,TEST2,3,8.875,1,8.941621972252054,5353.0,-102338.0,0.0,0.0,5353.0,0.0,0.0,0.0,0.0,0.0,0.0,empirical-manual
2026-08-08_155939_090816_1_R3_TEST2,TEST2,3,9.125,1,9.104667847391944,1989.0,-98298.0,0.0,0.0,1921.0,68.0,0.0,0.0,0.0,0.0,0.0,empirical-manual
2026-08-08_155939_090816_1_R3_TEST2,TEST2,3,9.375,2,9.28496159234712,5550.0,-95133.5,0.0,0.0,5550.0,0.0,0.0,0.0,0.0,0.0,0.0,empirical-manual
2026-08-08_155939_090816_1_R3_TEST2,TEST2,3,9.875,2,9.851510341004193,3138.5,-98427.0,106.0,22.0,3010.5,0.0,0.0,0.0,0.0,0.0,0.0,empirical-manual
2026-08-08_155939_090816_1_R3_TEST2,TEST2,3,11.875,1,11.837461552536338,0.0,-106849.0,0.0,0.0,0.0,0.0,0.0,0.0,0.0,0.0,0.0,empirical-manual
2026-08-08_155939_090816_1_R3_TEST2,TEST2,3,12.375,1,12.276799384553993,4175.0,-102190.0,0.0,0.0,4175.0,0.0,0.0,0.0,0.0,0.0,0.0,empirical-manual
2026-08-08_155939_090816_1_R3_TEST2,TEST2,3,14.625,1,14.65342630363907,615.0,-102942.0,182.0,0.0,432.0,0.0,0.0,0.0,1.0,0.0,0.0,empirical-manual
2026-08-08_160034_704902_1_R3_TEST3,TEST3,3,0.125,7,0.0010061308927538,443.0,-92973.0,15.0,76.0,67.0,0.0,0.0,0.0,67.0,0.0,0.0,empirical-manual
2026-08-08_160034_704902_1_R3_TEST3,TEST3,3,0.375,1,0.459537384681621,16.0,-104559.0,0.0,0.0,0.0,16.0,0.0,0.0,0.0,0.0,0.0,empirical-manual
2026-08-08_160034_704902_1_R3_TEST3,TEST3,3,0.625,1,0.5020878777431321,1253.0,-92025.0,462.0,0.0,537.0,138.0,0.0,0.0,116.0,0.0,0.0,empirical-manual
2026-08-08_160034_704902_1_R3_TEST3,TEST3,3,1.125,1,1.008015825309864,260.0,-97577.0,0.0,260.0,0.0,0.0,0.0,0.0,0.0,0.0,0.0,empirical-manual
2026-08-08_160034_704902_1_R3_TEST3,TEST3,3,1.375,1,1.4416238782120565,24.0,-104324.0,0.0,0.0,0.0,0.0,0.0,0.0,24.0,0.0,0.0,empirical-manual
2026-08-08_160034_704902_1_R3_TEST3,TEST3,3,1.625,3,1.616057201509944,1641.0,-93945.0,0.0,139.0,1205.0,0.0,0.0,0.0,0.0,0.0,0.0,empirical-manual
2026-08-08_160034_704902_1_R3_TEST3,TEST3,3,1.875,5,1.8268151106519328,2471.0,-97723.0,0.0,0.0,2316.0,0.0,0.0,0.0,0.0,0.0,0.0,empirical-manual
2026-08-08_160034_704902_1_R3_TEST3,TEST3,3,2.125,8,2.1266093055319653,2523.5,-100687.0,0.0,0.0,2502.5,0.0,0.0,0.0,0.0,0.0,0.0,empirical-manual
2026-08-08_160034_704902_1_R3_TEST3,TEST3,3,2.375,19,2.405610200513552,2661.0,-100683.0,0.0,0.0,2661.0,0.0,0.0,0.0,0.0,0.0,0.0,empirical-manual
2026-08-08_160034_704902_1_R3_TEST3,TEST3,3,2.625,13,2.662924756781205,2398.0,-98989.0,0.0,0.0,2398.0,0.0,0.0,0.0,0.0,0.0,0.0,empirical-manual
2026-08-08_160034_704902_1_R3_TEST3,TEST3,3,2.875,19,2.9097690434833288,2923.0,-99395.0,0.0,0.0,2579.0,0.0,0.0,0.0,0.0,0.0,0.0,empirical-manual
2026-08-08_160034_704902_1_R3_TEST3,TEST3,3,3.125,17,3.112565560903876,2281.0,-102169.0,0.0,0.0,2277.0,0.0,0.0,0.0,0.0,0.0,0.0,empirical-manual
2026-08-08_160034_704902_1_R3_TEST3,TEST3,3,3.375,16,3.3719965542300088,2776.0,-100623.0,0.0,0.0,2760.0,0.0,0.0,0.0,0.0,0.0,0.0,empirical-manual
2026-08-08_160034_704902_1_R3_TEST3,TEST3,3,3.625,25,3.6296916880333217,3154.0,-100254.0,0.0,0.0,3154.0,0.0,0.0,0.0,0.0,0.0,0.0,empirical-manual
2026-08-08_160034_704902_1_R3_TEST3,TEST3,3,3.875,18,3.892434913344707,2468.5,-101413.0,0.0,0.0,2454.5,0.0,0.0,0.0,0.0,0.0,0.0,empirical-manual
2026-08-08_160034_704902_1_R3_TEST3,TEST3,3,4.125,14,4.092952365007449,4428.0,-99384.0,0.0,0.0,4164.5,0.0,0.0,0.0,0.0,0.0,0.0,empirical-manual
2026-08-08_160034_704902_1_R3_TEST3,TEST3,3,4.375,26,4.397973413752277,2718.0,-101644.0,0.0,0.0,2686.0,0.0,0.0,0.0,0.0,0.0,0.0,empirical-manual
2026-08-08_160034_704902_1_R3_TEST3,TEST3,3,4.625,19,4.599515331095369,2604.0,-102407.0,0.0,0.0,2604.0,0.0,0.0,0.0,0.0,0.0,0.0,empirical-manual
2026-08-08_160034_704902_1_R3_TEST3,TEST3,3,4.875,14,4.9222926675013845,4868.0,-98019.0,0.0,0.0,4844.5,0.0,0.0,0.0,0.0,0.0,0.0,empirical-manual
2026-08-08_160034_704902_1_R3_TEST3,TEST3,3,5.125,11,5.09797462751261,2505.0,-103340.0,0.0,0.0,2505.0,0.0,0.0,0.0,0.0,0.0,0.0,empirical-manual
2026-08-08_160034_704902_1_R3_TEST3,TEST3,3,5.375,7,5.4212463235311,3879.0,-100083.0,86.0,0.0,3879.0,0.0,0.0,0.0,0.0,0.0,0.0,empirical-manual
2026-08-08_160034_704902_1_R3_TEST3,TEST3,3,5.625,4,5.707322674802819,4571.5,-99875.5,0.0,0.0,4571.5,0.0,0.0,0.0,0.0,0.0,0.0,empirical-manual
2026-08-08_160034_704902_1_R3_TEST3,TEST3,3,5.875,3,5.928280700644692,1836.0,-96571.0,3.0,0.0,1538.0,0.0,0.0,0.0,59.0,0.0,0.0,empirical-manual
2026-08-08_160034_704902_1_R3_TEST3,TEST3,3,6.125,2,6.1137888656965025,4585.5,-101908.5,31.5,0.0,4554.0,0.0,0.0,0.0,0.0,0.0,0.0,empirical-manual
2026-08-08_160034_704902_1_R3_TEST3,TEST3,3,6.375,3,6.254752171693458,966.0,-104576.0,0.0,0.0,679.0,0.0,0.0,0.0,0.0,0.0,0.0,empirical-manual
2026-08-08_160034_704902_1_R3_TEST3,TEST3,3,6.625,3,6.62714562735143,6998.0,-94057.0,0.0,0.0,6705.0,0.0,0.0,0.0,0.0,0.0,0.0,empirical-manual
2026-08-08_160034_704902_1_R3_TEST3,TEST3,3,6.875,2,6.910091236081297,3490.0,-102662.5,0.0,0.0,3490.0,0.0,0.0,0.0,0.0,0.0,0.0,empirical-manual
2026-08-08_160034_704902_1_R3_TEST3,TEST3,3,7.125,2,7.037951549174804,5971.5,-97107.0,57.0,0.0,5914.5,0.0,0.0,0.0,0.0,0.0,0.0,empirical-manual
2026-08-08_160034_704902_1_R3_TEST3,TEST3,3,7.375,2,7.329214199915732,1094.0,-105988.0,0.0,0.0,1071.0,0.0,0.0,0.0,23.0,0.0,0.0,empirical-manual
2026-08-08_160034_704902_1_R3_TEST3,TEST3,3,7.875,4,7.923284504323525,4527.0,-100879.0,0.0,0.0,4460.0,0.0,0.0,0.0,0.0,0.0,0.0,empirical-manual
2026-08-08_160034_704902_1_R3_TEST3,TEST3,3,8.125,1,8.229908878117667,7325.0,-95965.0,0.0,0.0,7325.0,0.0,0.0,0.0,0.0,0.0,0.0,empirical-manual
2026-08-08_160034_704902_1_R3_TEST3,TEST3,3,8.375,2,8.378357782947855,1704.0,-103630.0,35.0,0.0,1567.0,0.0,0.0,0.0,102.0,0.0,0.0,empirical-manual
2026-08-08_160034_704902_1_R3_TEST3,TEST3,3,8.625,2,8.63982146450362,3387.0,-97662.0,193.0,0.0,3194.0,0.0,0.0,0.0,0.0,0.0,0.0,empirical-manual
2026-08-08_160034_704902_1_R3_TEST3,TEST3,3,8.875,1,8.849802131959434,1864.0,-113396.0,0.0,0.0,1864.0,0.0,0.0,0.0,0.0,0.0,0.0,empirical-manual
2026-08-08_160034_704902_1_R3_TEST3,TEST3,3,9.125,2,9.180379118386744,5961.0,-96872.0,0.0,0.0,5961.0,0.0,0.0,0.0,0.0,0.0,0.0,empirical-manual
2026-08-08_160034_704902_1_R3_TEST3,TEST3,3,9.375,1,9.409812426037272,4462.0,-102192.0,0.0,0.0,4462.0,0.0,0.0,0.0,0.0,0.0,0.0,empirical-manual
2026-08-08_160034_704902_1_R3_TEST3,TEST3,3,9.625,2,9.588949139650385,2707.5,-101633.0,61.5,0.0,2626.0,0.0,0.0,0.0,20.0,0.0,0.0,empirical-manual
2026-08-08_160147_552782_1_R3_TEST4,TEST4,3,0.125,12,0.0013564753865715,269.5,-98097.0,0.0,0.0,188.5,0.0,0.0,0.0,0.0,0.0,0.0,empirical-manual
2026-08-08_160147_552782_1_R3_TEST4,TEST4,3,0.375,1,0.336288487401555,714.0,-98856.0,0.0,0.0,714.0,0.0,0.0,0.0,0.0,0.0,0.0,empirical-manual
2026-08-08_160147_552782_1_R3_TEST4,TEST4,3,0.625,1,0.7489304734973806,44.0,-102747.0,0.0,0.0,44.0,0.0,0.0,0.0,0.0,0.0,0.0,empirical-manual
2026-08-08_160147_552782_1_R3_TEST4,TEST4,3,1.125,1,1.1816928811875798,0.0,-101691.0,0.0,0.0,0.0,0.0,0.0,0.0,0.0,0.0,0.0,empirical-manual
2026-08-08_160147_552782_1_R3_TEST4,TEST4,3,1.625,1,1.692131242758916,0.0,-103966.0,0.0,0.0,0.0,0.0,0.0,0.0,0.0,0.0,0.0,empirical-manual
2026-08-08_160147_552782_1_R3_TEST4,TEST4,3,1.875,2,1.873055556845399,1284.0,-99985.5,0.0,0.0,1281.0,3.0,0.0,0.0,0.0,0.0,0.0,empirical-manual
2026-08-08_160147_552782_1_R3_TEST4,TEST4,3,2.375,2,2.366783453014053,1909.0,-103355.0,11.0,0.0,1898.0,0.0,0.0,0.0,0.0,0.0,0.0,empirical-manual
2026-08-08_160147_552782_1_R3_TEST4,TEST4,3,2.625,4,2.662025193505897,5920.0,-98339.5,0.0,0.0,5876.0,0.0,0.0,0.0,0.0,0.0,0.0,empirical-manual
2026-08-08_160147_552782_1_R3_TEST4,TEST4,3,2.875,7,2.829143979600903,3576.0,-98144.0,0.0,0.0,3576.0,0.0,0.0,0.0,0.0,0.0,0.0,empirical-manual
2026-08-08_160147_552782_1_R3_TEST4,TEST4,3,3.125,8,3.0860994799241515,4073.5,-96156.0,0.0,0.0,4073.5,0.0,0.0,0.0,0.0,0.0,0.0,empirical-manual
2026-08-08_160147_552782_1_R3_TEST4,TEST4,3,3.375,8,3.304821808798918,3986.5,-99700.0,0.0,0.0,3897.0,0.0,0.0,0.0,0.0,0.0,0.0,empirical-manual
2026-08-08_160147_552782_1_R3_TEST4,TEST4,3,3.625,12,3.6949554672689437,4285.0,-96984.0,0.0,0.0,4098.0,0.0,0.0,0.0,0.0,0.0,0.0,empirical-manual
2026-08-08_160147_552782_1_R3_TEST4,TEST4,3,3.875,28,3.8321274838869757,4489.5,-99613.0,0.0,0.0,4455.0,0.0,0.0,0.0,0.0,0.0,0.0,empirical-manual
2026-08-08_160147_552782_1_R3_TEST4,TEST4,3,4.125,31,4.077924992866189,4539.0,-98335.0,0.0,0.0,4522.0,0.0,0.0,0.0,0.0,0.0,0.0,empirical-manual
2026-08-08_160147_552782_1_R3_TEST4,TEST4,3,4.375,32,4.375861214077304,5079.0,-98644.5,0.0,0.0,5079.0,0.0,0.0,0.0,0.0,0.0,0.0,empirical-manual
2026-08-08_160147_552782_1_R3_TEST4,TEST4,3,4.625,28,4.617168867295232,5368.5,-98288.5,0.0,0.0,5368.5,0.0,0.0,0.0,0.0,0.0,0.0,empirical-manual
2026-08-08_160147_552782_1_R3_TEST4,TEST4,3,4.875,24,4.9043382810082425,5193.0,-96661.0,0.0,0.0,5107.5,0.0,0.0,0.0,0.0,0.0,0.0,empirical-manual
2026-08-08_160147_552782_1_R3_TEST4,TEST4,3,5.125,25,5.161119138424199,5159.0,-95522.0,0.0,0.0,5153.0,0.0,0.0,0.0,0.0,0.0,0.0,empirical-manual
2026-08-08_160147_552782_1_R3_TEST4,TEST4,3,5.375,18,5.415001224541042,4428.5,-96730.0,0.0,0.0,4310.0,0.0,0.0,0.0,0.0,0.0,0.0,empirical-manual
2026-08-08_160147_552782_1_R3_TEST4,TEST4,3,5.625,10,5.56793800397909,5977.0,-93616.0,0.0,0.0,5894.5,0.0,0.0,0.0,0.0,0.0,0.0,empirical-manual
2026-08-08_160147_552782_1_R3_TEST4,TEST4,3,5.875,8,5.8527496750337775,4972.5,-96248.0,0.0,0.0,4972.5,0.0,0.0,0.0,0.0,0.0,0.0,empirical-manual
2026-08-08_160147_552782_1_R3_TEST4,TEST4,3,6.125,11,6.159015829951198,6541.0,-95152.0,0.0,0.0,6541.0,0.0,0.0,0.0,0.0,0.0,0.0,empirical-manual
2026-08-08_160147_552782_1_R3_TEST4,TEST4,3,6.375,9,6.393693339336807,7103.0,-94532.0,0.0,0.0,7071.0,0.0,0.0,0.0,0.0,0.0,0.0,empirical-manual
2026-08-08_160147_552782_1_R3_TEST4,TEST4,3,6.625,3,6.546004624851908,6027.0,-97074.0,50.0,0.0,5977.0,0.0,0.0,0.0,0.0,0.0,0.0,empirical-manual
2026-08-08_160147_552782_1_R3_TEST4,TEST4,3,6.875,4,6.895679381404628,5746.5,-92216.0,0.0,0.0,5619.5,0.0,0.0,0.0,0.0,0.0,0.0,empirical-manual
2026-08-08_160147_552782_1_R3_TEST4,TEST4,3,7.125,2,7.104258974667843,3118.0,-98978.5,127.5,0.0,2990.5,0.0,0.0,0.0,0.0,0.0,0.0,empirical-manual
2026-08-08_160147_552782_1_R3_TEST4,TEST4,3,7.375,1,7.449521544146813,3381.0,-97040.0,45.0,0.0,3336.0,0.0,0.0,0.0,0.0,0.0,0.0,empirical-manual
2026-08-08_160147_552782_1_R3_TEST4,TEST4,3,7.875,1,7.857371039247646,2783.0,-97176.0,0.0,0.0,2783.0,0.0,0.0,0.0,0.0,0.0,0.0,empirical-manual
2026-08-08_160147_552782_1_R3_TEST4,TEST4,3,8.125,3,8.04989266924407,1771.0,-105170.0,0.0,0.0,1771.0,0.0,0.0,0.0,0.0,0.0,0.0,empirical-manual
2026-08-08_160147_552782_1_R3_TEST4,TEST4,3,9.125,1,9.132320614404266,975.0,-103568.0,0.0,42.0,933.0,0.0,0.0,0.0,0.0,0.0,0.0,empirical-manual
2026-08-08_160147_552782_1_R3_TEST4,TEST4,3,10.625,1,10.528581568043842,5988.0,-94655.0,0.0,0.0,5988.0,0.0,0.0,0.0,0.0,0.0,0.0,empirical-manual
2026-08-08_160147_552782_1_R3_TEST4,TEST4,3,10.875,1,10.887090591527256,7699.0,-92399.0,344.0,0.0,7355.0,0.0,0.0,0.0,0.0,0.0,0.0,empirical-manual
2026-08-08_160247_228233_1_R3_TEST5,TEST5,3,0.125,6,0.047497910667649496,2155.5,-89943.0,205.0,777.5,150.0,137.5,0.0,0.0,212.5,0.0,0.0,empirical-manual
2026-08-08_160247_228233_1_R3_TEST5,TEST5,3,0.375,1,0.4395805655315838,1382.0,-90009.0,322.0,527.0,332.0,63.0,0.0,0.0,138.0,0.0,0.0,empirical-manual
2026-08-08_160247_228233_1_R3_TEST5,TEST5,3,0.625,2,0.6443574805860378,910.0,-96842.5,102.0,460.5,0.0,143.5,0.0,0.0,121.5,82.5,0.0,empirical-manual
2026-08-08_160247_228233_1_R3_TEST5,TEST5,3,0.875,2,0.928377894827124,2047.0,-100830.0,28.0,0.0,2019.0,0.0,0.0,0.0,0.0,0.0,0.0,empirical-manual
2026-08-08_160247_228233_1_R3_TEST5,TEST5,3,1.125,3,1.0588245637841476,219.0,-106884.0,3.0,0.0,94.0,0.0,0.0,0.0,0.0,0.0,0.0,empirical-manual
2026-08-08_160247_228233_1_R3_TEST5,TEST5,3,1.375,8,1.4296077246203138,1978.5,-100999.0,0.0,0.0,1978.5,0.0,0.0,0.0,0.0,0.0,0.0,empirical-manual
2026-08-08_160247_228233_1_R3_TEST5,TEST5,3,1.625,4,1.6683684488685069,1373.0,-102377.5,0.0,0.0,1373.0,0.0,0.0,0.0,0.0,0.0,0.0,empirical-manual
2026-08-08_160247_228233_1_R3_TEST5,TEST5,3,1.875,5,1.7838769868851343,2527.0,-100290.0,0.0,0.0,1919.0,0.0,0.0,0.0,0.0,0.0,0.0,empirical-manual
2026-08-08_160247_228233_1_R3_TEST5,TEST5,3,2.125,5,2.196892670814681,4259.0,-96411.0,18.0,0.0,4205.0,0.0,0.0,0.0,0.0,0.0,0.0,empirical-manual
2026-08-08_160247_228233_1_R3_TEST5,TEST5,3,2.375,4,2.4202311197930584,3901.5,-95450.5,117.0,0.0,3784.5,0.0,0.0,0.0,0.0,0.0,0.0,empirical-manual
2026-08-08_160247_228233_1_R3_TEST5,TEST5,3,2.625,16,2.591625896063435,5693.0,-95659.0,0.0,0.0,5693.0,0.0,0.0,0.0,0.0,0.0,0.0,empirical-manual
2026-08-08_160247_228233_1_R3_TEST5,TEST5,3,2.875,8,2.8658537085172515,6826.0,-91934.0,0.0,0.0,6826.0,0.0,0.0,0.0,0.0,0.0,0.0,empirical-manual
2026-08-08_160247_228233_1_R3_TEST5,TEST5,3,3.125,7,3.169347865280139,4796.0,-95247.0,0.0,0.0,4796.0,0.0,0.0,0.0,0.0,0.0,0.0,empirical-manual
2026-08-08_160247_228233_1_R3_TEST5,TEST5,3,3.375,7,3.373037951910909,6463.0,-94047.0,0.0,0.0,6276.0,0.0,0.0,0.0,0.0,0.0,0.0,empirical-manual
2026-08-08_160247_228233_1_R3_TEST5,TEST5,3,3.625,14,3.58726367472433,6674.5,-90779.0,0.0,0.0,6250.0,0.0,0.0,0.0,0.0,0.0,0.0,empirical-manual
2026-08-08_160247_228233_1_R3_TEST5,TEST5,3,3.875,9,3.8119781735596048,7308.0,-88472.0,130.0,191.0,6999.0,0.0,0.0,0.0,0.0,0.0,0.0,empirical-manual
2026-08-08_160247_228233_1_R3_TEST5,TEST5,3,4.125,10,4.05810889711281,7214.5,-87098.5,28.5,0.0,6983.5,0.0,0.0,0.0,0.0,0.0,0.0,empirical-manual
2026-08-08_160247_228233_1_R3_TEST5,TEST5,3,4.375,9,4.325191046285499,7590.0,-89508.0,0.0,0.0,7399.0,0.0,0.0,0.0,17.0,0.0,0.0,empirical-manual
2026-08-08_160247_228233_1_R3_TEST5,TEST5,3,4.625,4,4.572444569347439,11608.5,-87762.0,38.0,0.0,11519.5,0.0,0.0,0.0,0.0,0.0,0.0,empirical-manual
2026-08-08_160247_228233_1_R3_TEST5,TEST5,3,4.875,14,4.872878752106677,7645.0,-90146.5,0.0,0.0,7288.5,0.0,0.0,0.0,0.0,0.0,0.0,empirical-manual
2026-08-08_160247_228233_1_R3_TEST5,TEST5,3,5.125,6,5.167595700801311,8818.0,-87959.5,76.0,0.0,8498.5,0.0,0.0,0.0,0.0,0.0,0.0,empirical-manual
2026-08-08_160247_228233_1_R3_TEST5,TEST5,3,5.375,6,5.378583619885495,10534.0,-86671.0,0.0,0.0,9929.5,0.0,0.0,0.0,0.0,0.0,0.0,empirical-manual
2026-08-08_160247_228233_1_R3_TEST5,TEST5,3,5.625,10,5.55227351994852,8896.5,-87559.0,73.0,50.5,8580.0,0.0,0.0,0.0,41.0,0.0,0.0,empirical-manual
2026-08-08_160247_228233_1_R3_TEST5,TEST5,3,5.875,6,5.85392137231311,4585.0,-96592.5,69.0,0.0,4474.5,0.0,0.0,0.0,0.0,0.0,0.0,empirical-manual
2026-08-08_160247_228233_1_R3_TEST5,TEST5,3,6.125,9,6.056088182654946,4672.0,-91316.0,155.0,0.0,4261.0,0.0,0.0,0.0,0.0,0.0,0.0,empirical-manual
2026-08-08_160247_228233_1_R3_TEST5,TEST5,3,6.375,11,6.349900942012301,8830.0,-83432.0,0.0,171.0,8120.0,0.0,0.0,0.0,0.0,0.0,0.0,empirical-manual
2026-08-08_160247_228233_1_R3_TEST5,TEST5,3,6.625,9,6.65549147500279,7159.0,-88376.0,81.0,0.0,6738.0,0.0,0.0,0.0,0.0,0.0,0.0,empirical-manual
2026-08-08_160247_228233_1_R3_TEST5,TEST5,3,6.875,8,6.856100106399302,7471.0,-87837.0,67.5,120.0,7069.5,0.0,0.0,0.0,0.0,0.0,0.0,empirical-manual
2026-08-08_160247_228233_1_R3_TEST5,TEST5,3,7.125,4,7.0408782732247195,7507.5,-89809.5,201.5,0.0,6902.0,0.0,0.0,0.0,152.0,0.0,0.0,empirical-manual
2026-08-08_160247_228233_1_R3_TEST5,TEST5,3,7.375,2,7.363403267502536,1255.5,-104307.5,23.5,0.0,1232.0,0.0,0.0,0.0,0.0,0.0,0.0,empirical-manual
2026-08-08_160247_228233_1_R3_TEST5,TEST5,3,7.625,8,7.605160400299068,9429.5,-85054.0,0.0,66.5,8863.0,0.0,0.0,0.0,0.0,0.0,0.0,empirical-manual
2026-08-08_160247_228233_1_R3_TEST5,TEST5,3,7.875,5,7.907627775672779,10032.0,-79808.0,0.0,110.0,9233.0,0.0,0.0,0.0,0.0,0.0,0.0,empirical-manual
2026-08-08_160247_228233_1_R3_TEST5,TEST5,3,8.125,5,8.074309919826451,4533.0,-96004.0,0.0,0.0,4533.0,0.0,0.0,0.0,0.0,0.0,0.0,empirical-manual
2026-08-08_160247_228233_1_R3_TEST5,TEST5,3,8.375,7,8.392538160228858,4873.0,-96512.0,0.0,280.0,4873.0,0.0,0.0,0.0,41.0,0.0,0.0,empirical-manual
2026-08-08_160247_228233_1_R3_TEST5,TEST5,3,8.625,7,8.713195301608497,5370.0,-92614.0,0.0,0.0,4910.0,0.0,0.0,0.0,0.0,0.0,0.0,empirical-manual
2026-08-08_160247_228233_1_R3_TEST5,TEST5,3,8.875,8,8.90218448768666,7113.5,-84896.5,81.0,136.0,6382.5,0.0,0.0,0.0,0.0,0.0,0.0,empirical-manual
2026-08-08_160247_228233_1_R3_TEST5,TEST5,3,9.125,6,9.159120322142556,10396.0,-85947.0,41.0,279.5,10074.0,0.0,0.0,0.0,43.5,0.0,0.0,empirical-manual
2026-08-08_160247_228233_1_R3_TEST5,TEST5,3,9.375,4,9.335257413995816,12550.5,-80913.5,66.0,324.0,12189.0,0.0,0.0,0.0,0.0,0.0,0.0,empirical-manual
2026-08-08_160247_228233_1_R3_TEST5,TEST5,3,9.625,5,9.708620731283702,6265.0,-87723.0,31.0,285.0,5802.0,32.0,0.0,0.0,57.0,0.0,0.0,empirical-manual
2026-08-08_160247_228233_1_R3_TEST5,TEST5,3,9.875,6,9.841992966615077,4984.5,-92395.5,142.5,139.0,4105.5,66.0,0.0,0.0,88.5,0.0,0.0,empirical-manual
2026-08-08_160247_228233_1_R3_TEST5,TEST5,3,10.125,3,10.110373594656048,4290.0,-90005.0,72.0,106.0,3448.0,0.0,0.0,0.0,60.0,0.0,0.0,empirical-manual
2026-08-08_160247_228233_1_R3_TEST5,TEST5,3,10.375,5,10.43783645739862,5957.0,-92120.0,0.0,0.0,5957.0,0.0,0.0,0.0,0.0,0.0,0.0,empirical-manual
2026-08-08_160247_228233_1_R3_TEST5,TEST5,3,10.625,3,10.635523787546944,16353.0,-72302.0,2.0,342.0,16009.0,0.0,0.0,0.0,0.0,0.0,0.0,empirical-manual
2026-08-08_160247_228233_1_R3_TEST5,TEST5,3,10.875,4,10.962360806793363,3437.0,-94735.5,168.5,0.0,3270.0,0.0,0.0,0.0,9.5,0.0,0.0,empirical-manual
2026-08-08_160247_228233_1_R3_TEST5,TEST5,3,11.125,3,11.105626297505513,4669.0,-92739.0,73.0,0.0,4337.0,282.0,0.0,0.0,174.0,0.0,0.0,empirical-manual
2026-08-08_160247_228233_1_R3_TEST5,TEST5,3,11.625,2,11.6459698265709,8222.0,-90716.0,0.0,0.0,8050.0,0.0,0.0,0.0,172.0,0.0,0.0,empirical-manual
2026-08-08_160247_228233_1_R3_TEST5,TEST5,3,11.875,2,11.904218167459351,3446.5,-92961.0,367.5,449.5,2336.0,142.0,0.0,0.0,151.5,0.0,0.0,empirical-manual
2026-08-08_160247_228233_1_R3_TEST5,TEST5,3,12.125,1,12.074692794269284,1691.0,-102846.0,0.0,0.0,1691.0,0.0,0.0,0.0,0.0,0.0,0.0,empirical-manual
2026-08-08_160247_228233_1_R3_TEST5,TEST5,3,12.375,3,12.346772891165532,2993.0,-96102.0,0.0,110.0,2670.0,0.0,0.0,0.0,160.0,0.0,0.0,empirical-manual
2026-08-08_160247_228233_1_R3_TEST5,TEST5,3,12.625,2,12.636998060478993,1810.5,-97715.5,197.5,126.0,1487.0,0.0,0.0,0.0,0.0,0.0,0.0,empirical-manual
2026-08-08_160247_228233_1_R3_TEST5,TEST5,3,12.875,3,12.95163945669838,3653.0,-90307.0,24.0,545.0,2843.0,141.0,0.0,0.0,36.0,0.0,0.0,empirical-manual
2026-08-08_160247_228233_1_R3_TEST5,TEST5,3,13.625,2,13.68341909848699,5311.0,-94726.5,0.0,0.0,5181.5,72.0,0.0,0.0,57.5,0.0,0.0,empirical-manual
2026-08-08_160247_228233_1_R3_TEST5,TEST5,3,14.625,4,14.64689765543902,3909.0,-93940.0,0.0,189.0,3650.0,0.0,0.0,0.0,58.0,0.0,0.0,empirical-manual
2026-08-08_160344_644134_1_R3_TEST6,TEST6,3,0.125,1,0.1812589817176729,544.0,-98610.0,474.0,0.0,47.0,0.0,0.0,0.0,23.0,0.0,0.0,empirical-manual
2026-08-08_160344_644134_1_R3_TEST6,TEST6,3,0.625,1,0.5481850981488605,1524.0,-92804.0,350.0,548.0,0.0,293.0,0.0,0.0,333.0,0.0,0.0,empirical-manual
2026-08-08_160344_644134_1_R3_TEST6,TEST6,3,1.125,2,1.1428133867446848,2699.0,-93638.0,491.0,299.5,1677.5,45.5,0.0,0.0,185.5,0.0,0.0,empirical-manual
2026-08-08_160344_644134_1_R3_TEST6,TEST6,3,1.375,1,1.4273786162679385,10175.0,-77550.0,252.0,502.0,8806.0,395.0,0.0,0.0,220.0,0.0,0.0,empirical-manual
2026-08-08_160344_644134_1_R3_TEST6,TEST6,3,1.625,10,1.6901161832809373,2466.5,-89213.0,482.5,493.5,341.0,318.5,0.0,0.0,476.5,0.0,0.0,empirical-manual
2026-08-08_160344_644134_1_R3_TEST6,TEST6,3,1.875,9,1.851502027401765,3795.0,-87688.0,519.0,527.0,1856.0,124.0,0.0,0.0,296.0,0.0,0.0,empirical-manual
2026-08-08_160344_644134_1_R3_TEST6,TEST6,3,2.125,14,2.1643765285621246,6764.0,-84219.0,503.5,402.0,4987.5,261.0,0.0,0.0,362.5,0.0,0.0,empirical-manual
2026-08-08_160344_644134_1_R3_TEST6,TEST6,3,2.375,19,2.3740244885778607,6351.0,-83059.0,444.0,425.0,4714.0,322.0,0.0,0.0,383.0,0.0,0.0,empirical-manual
2026-08-08_160344_644134_1_R3_TEST6,TEST6,3,2.625,15,2.611388061118405,7376.0,-85599.0,442.0,366.0,5643.0,319.0,0.0,0.0,195.0,0.0,0.0,empirical-manual
2026-08-08_160344_644134_1_R3_TEST6,TEST6,3,2.875,15,2.8687249148440097,7803.0,-82398.0,286.0,554.0,6201.0,183.0,0.0,0.0,399.0,0.0,0.0,empirical-manual
2026-08-08_160344_644134_1_R3_TEST6,TEST6,3,3.125,20,3.104519266776717,6119.0,-85707.0,348.0,458.0,4858.0,366.0,0.0,0.0,264.0,0.0,0.0,empirical-manual
2026-08-08_160344_644134_1_R3_TEST6,TEST6,3,3.375,17,3.3574820549280613,6205.0,-85636.0,313.0,394.0,5192.0,239.0,0.0,0.0,329.0,0.0,0.0,empirical-manual
2026-08-08_160344_644134_1_R3_TEST6,TEST6,3,3.625,8,3.592977842242027,7645.0,-84394.0,423.0,540.5,6168.5,289.0,0.0,0.0,363.5,0.0,0.0,empirical-manual
2026-08-08_160344_644134_1_R3_TEST6,TEST6,3,3.875,18,3.871914177538065,7084.5,-85049.5,500.5,411.0,5382.5,234.5,0.0,0.0,344.0,0.0,0.0,empirical-manual
2026-08-08_160344_644134_1_R3_TEST6,TEST6,3,4.125,16,4.16573182994641,8117.0,-82701.5,197.0,637.0,6905.0,216.0,0.0,0.0,357.0,0.0,0.0,empirical-manual
2026-08-08_160344_644134_1_R3_TEST6,TEST6,3,4.375,10,4.310581871519173,8053.0,-81766.0,332.0,476.5,6701.0,433.5,0.0,0.0,333.5,0.0,0.0,empirical-manual
2026-08-08_160344_644134_1_R3_TEST6,TEST6,3,4.625,11,4.643551668328617,9245.0,-80594.0,521.0,580.0,7140.0,422.0,0.0,0.0,539.0,0.0,0.0,empirical-manual
2026-08-08_160344_644134_1_R3_TEST6,TEST6,3,4.875,16,4.857454311746505,9127.0,-81378.5,387.0,464.5,7915.5,259.0,0.0,0.0,244.5,0.0,0.0,empirical-manual
2026-08-08_160344_644134_1_R3_TEST6,TEST6,3,5.125,21,5.103328478480881,8757.0,-81490.0,316.0,456.0,7093.0,209.0,0.0,0.0,424.0,0.0,0.0,empirical-manual
2026-08-08_160344_644134_1_R3_TEST6,TEST6,3,5.375,9,5.394590754347957,8086.0,-83511.0,414.0,384.0,6706.0,157.0,0.0,0.0,249.0,0.0,0.0,empirical-manual
2026-08-08_160344_644134_1_R3_TEST6,TEST6,3,5.625,10,5.642214756839904,7716.5,-83796.5,297.5,626.0,5417.5,369.0,0.0,0.0,496.5,0.0,0.0,empirical-manual
2026-08-08_160344_644134_1_R3_TEST6,TEST6,3,5.875,8,5.840779272913842,8957.0,-82072.0,317.0,449.5,7941.5,169.5,0.0,0.0,457.5,0.0,0.0,empirical-manual
2026-08-08_160344_644134_1_R3_TEST6,TEST6,3,6.125,14,6.128168795867966,8613.5,-81190.5,386.5,472.5,6873.0,291.5,0.0,0.0,429.5,0.0,0.0,empirical-manual
2026-08-08_160344_644134_1_R3_TEST6,TEST6,3,6.375,12,6.317883846398923,10507.5,-78357.5,367.5,609.0,8270.5,283.0,0.0,0.0,522.5,0.0,0.0,empirical-manual
2026-08-08_160344_644134_1_R3_TEST6,TEST6,3,6.625,13,6.673792689226092,8569.0,-78673.0,405.0,561.0,6308.0,431.0,0.0,0.0,345.0,0.0,0.0,empirical-manual
2026-08-08_160344_644134_1_R3_TEST6,TEST6,3,6.875,13,6.8399120892706575,7544.0,-83390.0,345.0,496.0,6081.0,283.0,0.0,0.0,433.0,0.0,0.0,empirical-manual
2026-08-08_160344_644134_1_R3_TEST6,TEST6,3,7.125,7,7.164264415092063,10314.0,-81473.0,344.0,484.0,9369.0,253.0,0.0,0.0,338.0,0.0,0.0,empirical-manual
2026-08-08_160344_644134_1_R3_TEST6,TEST6,3,7.375,12,7.377320431762707,10184.0,-79827.0,245.0,462.0,8374.5,222.0,0.0,0.0,387.5,0.0,0.0,empirical-manual
2026-08-08_160344_644134_1_R3_TEST6,TEST6,3,7.625,10,7.613941295409335,8949.0,-79974.0,588.5,597.5,7024.0,368.5,0.0,0.0,447.5,8.5,0.0,empirical-manual
2026-08-08_160344_644134_1_R3_TEST6,TEST6,3,7.875,3,7.888155966731823,10361.0,-79544.0,450.0,681.0,9461.0,154.0,0.0,0.0,404.0,0.0,0.0,empirical-manual
2026-08-08_160344_644134_1_R3_TEST6,TEST6,3,8.125,5,8.176250511646344,6468.0,-82897.0,473.0,736.0,4124.0,454.0,0.0,0.0,584.0,78.0,0.0,empirical-manual
2026-08-08_160344_644134_1_R3_TEST6,TEST6,3,8.375,9,8.404539784210623,8680.0,-85916.0,500.0,495.0,6452.0,374.0,0.0,0.0,559.0,9.0,0.0,empirical-manual
2026-08-08_160344_644134_1_R3_TEST6,TEST6,3,8.625,5,8.633049008115837,6516.0,-83439.0,995.0,589.0,4392.0,535.0,0.0,0.0,750.0,0.0,0.0,empirical-manual
2026-08-08_160344_644134_1_R3_TEST6,TEST6,3,8.875,6,8.830109296162984,8667.5,-82802.0,367.0,357.5,7144.5,345.5,0.0,0.0,625.0,0.0,0.0,empirical-manual
2026-08-08_160344_644134_1_R3_TEST6,TEST6,3,9.125,6,9.061608641737003,6456.0,-83762.5,437.0,385.5,4141.5,536.0,0.0,0.0,575.0,7.5,0.0,empirical-manual
2026-08-08_160344_644134_1_R3_TEST6,TEST6,3,9.375,6,9.400307210637724,6555.5,-85824.0,513.5,299.5,4409.0,421.0,0.0,0.0,595.5,0.0,0.0,empirical-manual
2026-08-08_160344_644134_1_R3_TEST6,TEST6,3,9.625,4,9.585010665114897,6514.0,-85986.5,510.0,457.0,5205.0,409.5,0.0,0.0,355.5,0.0,0.0,empirical-manual
2026-08-08_160344_644134_1_R3_TEST6,TEST6,3,9.875,2,9.909832982107268,6100.0,-84818.0,335.5,546.5,4690.0,146.0,0.0,0.0,364.5,17.5,0.0,empirical-manual
2026-08-08_160344_644134_1_R3_TEST6,TEST6,3,10.125,3,10.129253488466029,7270.0,-83444.0,339.0,534.0,6189.0,137.0,0.0,0.0,263.0,45.0,0.0,empirical-manual
2026-08-08_160344_644134_1_R3_TEST6,TEST6,3,10.375,1,10.463674783779,4314.0,-88273.0,254.0,676.0,2781.0,0.0,0.0,0.0,603.0,0.0,0.0,empirical-manual
2026-08-08_160344_644134_1_R3_TEST6,TEST6,3,10.625,7,10.650265529588026,4587.0,-87017.0,182.0,684.0,3165.0,169.0,0.0,0.0,545.0,0.0,0.0,empirical-manual
2026-08-08_160344_644134_1_R3_TEST6,TEST6,3,10.875,3,10.901665797671615,9074.0,-83657.0,332.0,846.0,7430.0,303.0,0.0,0.0,642.0,0.0,0.0,empirical-manual
2026-08-08_160344_644134_1_R3_TEST6,TEST6,3,11.125,2,11.079133637025544,4350.5,-92449.5,163.5,474.0,3632.5,0.0,0.0,0.0,80.5,0.0,0.0,empirical-manual
2026-08-08_160344_644134_1_R3_TEST6,TEST6,3,11.375,2,11.37814548870066,9947.5,-78376.5,677.5,541.0,7867.0,357.0,0.0,0.0,482.0,23.0,0.0,empirical-manual
2026-08-08_160344_644134_1_R3_TEST6,TEST6,3,12.125,1,12.135254979935524,3437.0,-92873.0,181.0,259.0,2353.0,236.0,0.0,0.0,408.0,0.0,0.0,empirical-manual
2026-08-08_160344_644134_1_R3_TEST6,TEST6,3,12.625,2,12.612455676534145,4859.0,-86645.0,315.0,377.5,3480.5,318.0,0.0,0.0,368.0,0.0,0.0,empirical-manual
2026-08-08_160643_341315_1_R4_TEST2,TEST2,4,0.125,11,0.1552421921012065,2577.0,-83726.0,563.0,932.0,509.0,0.0,109.0,206.0,0.0,0.0,0.0,empirical-manual
2026-08-08_160643_341315_1_R4_TEST2,TEST2,4,0.375,21,0.3939952792251609,2522.0,-84977.0,603.0,963.0,507.0,0.0,0.0,108.0,0.0,0.0,0.0,empirical-manual
2026-08-08_160643_341315_1_R4_TEST2,TEST2,4,0.625,42,0.6136761296831936,2823.5,-83407.0,579.5,1001.5,646.5,0.0,33.5,212.5,0.0,0.0,0.0,empirical-manual
2026-08-08_160643_341315_1_R4_TEST2,TEST2,4,0.875,41,0.8718634784563092,2709.0,-84451.0,630.0,893.0,576.0,34.0,0.0,215.0,0.0,0.0,0.0,empirical-manual
2026-08-08_160643_341315_1_R4_TEST2,TEST2,4,1.125,48,1.1442751959578263,2572.0,-84979.0,646.5,897.5,571.5,132.5,0.0,93.5,0.0,0.0,0.0,empirical-manual
2026-08-08_160643_341315_1_R4_TEST2,TEST2,4,1.375,23,1.3173733570939323,2644.0,-84752.0,559.0,1012.0,519.0,94.0,131.0,37.0,0.0,0.0,0.0,empirical-manual
2026-08-08_160643_341315_1_R4_TEST2,TEST2,4,1.625,23,1.5949756162878117,2899.0,-83860.0,608.0,986.0,567.0,552.0,61.0,81.0,0.0,0.0,0.0,empirical-manual
2026-08-08_160643_341315_1_R4_TEST2,TEST2,4,1.875,22,1.8473148079065893,2316.0,-87228.5,533.0,876.0,351.5,91.5,14.5,78.0,0.0,0.0,0.0,empirical-manual
2026-08-08_160643_341315_1_R4_TEST2,TEST2,4,2.125,21,2.0835540555788925,2835.0,-84566.0,612.0,840.0,560.0,241.0,15.0,98.0,0.0,0.0,0.0,empirical-manual
2026-08-08_160643_341315_1_R4_TEST2,TEST2,4,2.375,8,2.396649460035851,2287.0,-86937.5,650.0,850.5,476.5,216.5,164.0,20.5,0.0,0.0,0.0,empirical-manual
2026-08-08_160643_341315_1_R4_TEST2,TEST2,4,2.625,11,2.608431414488313,2712.0,-85863.0,434.0,854.0,695.0,26.0,51.0,204.0,0.0,0.0,0.0,empirical-manual
2026-08-08_160643_341315_1_R4_TEST2,TEST2,4,2.875,15,2.8368021860351385,2426.0,-88268.0,435.0,870.0,443.0,0.0,75.0,108.0,0.0,0.0,0.0,empirical-manual
2026-08-08_160643_341315_1_R4_TEST2,TEST2,4,3.125,13,3.1603489352729293,2273.0,-87216.0,533.0,876.0,527.0,0.0,0.0,120.0,0.0,0.0,0.0,empirical-manual
2026-08-08_160643_341315_1_R4_TEST2,TEST2,4,3.375,14,3.407644449453241,2744.0,-87515.5,414.5,966.0,498.5,0.0,0.0,194.0,0.0,0.0,0.0,empirical-manual
2026-08-08_160643_341315_1_R4_TEST2,TEST2,4,3.625,9,3.619282689950349,2978.0,-86744.0,617.0,1003.0,566.0,0.0,27.0,78.0,0.0,0.0,0.0,empirical-manual
2026-08-08_160643_341315_1_R4_TEST2,TEST2,4,3.875,9,3.8472684602608807,2358.0,-87855.0,564.0,909.0,483.0,0.0,74.0,0.0,0.0,0.0,0.0,empirical-manual
2026-08-08_160643_341315_1_R4_TEST2,TEST2,4,4.125,9,4.088480864929884,2183.0,-85451.0,665.0,621.0,611.0,161.0,0.0,0.0,0.0,0.0,0.0,empirical-manual
2026-08-08_160643_341315_1_R4_TEST2,TEST2,4,4.375,10,4.3548340051637275,2582.5,-86721.0,644.5,1032.5,475.5,0.0,0.0,111.0,0.0,0.0,0.0,empirical-manual
2026-08-08_160643_341315_1_R4_TEST2,TEST2,4,4.625,9,4.557411487819605,2770.0,-86495.0,485.0,1004.0,642.0,0.0,162.0,210.0,0.0,0.0,0.0,empirical-manual
2026-08-08_160643_341315_1_R4_TEST2,TEST2,4,4.875,9,4.885059701658268,2408.0,-88618.0,521.0,892.0,456.0,0.0,35.0,139.0,0.0,0.0,0.0,empirical-manual
2026-08-08_160643_341315_1_R4_TEST2,TEST2,4,5.125,6,5.046756104656661,2722.5,-87630.5,581.0,1013.0,563.5,83.0,99.0,0.0,0.0,0.0,23.5,empirical-manual
2026-08-08_160643_341315_1_R4_TEST2,TEST2,4,5.375,7,5.324853537764351,2939.0,-84858.0,597.0,1228.0,604.0,0.0,221.0,74.0,0.0,0.0,26.0,empirical-manual
2026-08-08_160643_341315_1_R4_TEST2,TEST2,4,5.625,8,5.6294179937888345,2598.5,-87180.5,481.0,875.5,571.0,0.0,30.0,168.0,0.0,0.0,0.0,empirical-manual
2026-08-08_160643_341315_1_R4_TEST2,TEST2,4,5.875,4,5.887647451232533,2148.0,-91244.5,437.0,921.0,490.0,0.0,54.0,0.0,0.0,0.0,0.0,empirical-manual
2026-08-08_160643_341315_1_R4_TEST2,TEST2,4,6.125,4,6.142214366670171,2182.5,-92354.0,316.5,922.0,587.0,0.0,0.0,133.5,0.0,0.0,0.0,empirical-manual
2026-08-08_160643_341315_1_R4_TEST2,TEST2,4,6.375,5,6.317569030541502,1686.0,-93964.0,528.0,919.0,515.0,0.0,0.0,15.0,0.0,0.0,0.0,empirical-manual
2026-08-08_160643_341315_1_R4_TEST2,TEST2,4,6.625,4,6.666118011192474,2612.5,-87461.5,423.0,1012.0,571.0,209.5,92.0,130.0,0.0,0.0,0.0,empirical-manual
2026-08-08_160643_341315_1_R4_TEST2,TEST2,4,6.875,2,6.777371364165364,2185.5,-87363.5,404.5,513.0,356.5,570.5,0.0,341.0,0.0,0.0,0.0,empirical-manual
2026-08-08_160643_341315_1_R4_TEST2,TEST2,4,7.125,9,7.117242956692878,2360.0,-90492.0,396.0,1028.0,591.0,0.0,30.0,58.0,0.0,0.0,0.0,empirical-manual
2026-08-08_160643_341315_1_R4_TEST2,TEST2,4,7.375,3,7.342981075386227,1840.0,-90625.0,277.0,853.0,497.0,0.0,0.0,0.0,0.0,0.0,0.0,empirical-manual
2026-08-08_160643_341315_1_R4_TEST2,TEST2,4,7.625,3,7.636094957932758,1873.0,-91338.0,415.0,678.0,173.0,0.0,0.0,179.0,0.0,0.0,0.0,empirical-manual
2026-08-08_160643_341315_1_R4_TEST2,TEST2,4,8.125,5,8.126207557120292,2323.0,-90529.0,507.0,501.0,381.0,381.0,0.0,0.0,0.0,0.0,0.0,empirical-manual
2026-08-08_160643_341315_1_R4_TEST2,TEST2,4,8.375,3,8.353980144542534,1733.0,-93301.0,511.0,510.0,476.0,0.0,0.0,0.0,0.0,0.0,0.0,empirical-manual
2026-08-08_160643_341315_1_R4_TEST2,TEST2,4,8.625,1,8.547269921333708,2497.0,-97125.0,94.0,953.0,946.0,0.0,0.0,504.0,0.0,0.0,0.0,empirical-manual
2026-08-08_160643_341315_1_R4_TEST2,TEST2,4,8.875,3,8.871562331777469,2567.0,-90083.0,687.0,1113.0,468.0,0.0,0.0,64.0,0.0,0.0,0.0,empirical-manual
2026-08-08_160643_341315_1_R4_TEST2,TEST2,4,9.125,1,9.109929389375806,1975.0,-85931.0,446.0,684.0,398.0,290.0,122.0,35.0,0.0,0.0,0.0,empirical-manual
2026-08-08_160643_341315_1_R4_TEST2,TEST2,4,9.875,3,9.941104206801448,1922.0,-93853.0,504.0,677.0,531.0,0.0,0.0,0.0,0.0,0.0,0.0,empirical-manual
2026-08-08_160814_583552_1_R4_TEST3,TEST3,4,0.125,11,0.0015452329968884,6286.0,-70121.0,1055.0,1046.0,831.0,883.0,874.0,434.0,559.0,89.0,285.0,empirical-manual
2026-08-08_160814_583552_1_R4_TEST3,TEST3,4,0.375,4,0.4271100222893811,3030.0,-84774.0,835.5,950.0,425.5,28.5,142.0,0.0,7.5,0.0,0.0,empirical-manual
2026-08-08_160814_583552_1_R4_TEST3,TEST3,4,0.625,4,0.7102638912028371,2386.0,-86310.0,620.5,993.0,635.5,90.0,67.0,145.0,0.0,0.0,0.0,empirical-manual
2026-08-08_160814_583552_1_R4_TEST3,TEST3,4,0.875,8,0.816417285201221,2736.5,-84740.5,500.5,842.0,597.5,311.0,53.5,301.0,0.0,0.0,0.0,empirical-manual
2026-08-08_160814_583552_1_R4_TEST3,TEST3,4,1.125,10,1.1056867286040797,2633.5,-82597.0,565.5,772.5,708.0,428.0,122.0,204.0,0.0,0.0,0.0,empirical-manual
2026-08-08_160814_583552_1_R4_TEST3,TEST3,4,1.375,19,1.357259689123852,2819.0,-84227.0,660.0,1073.0,558.0,294.0,23.0,0.0,0.0,0.0,0.0,empirical-manual
2026-08-08_160814_583552_1_R4_TEST3,TEST3,4,1.625,26,1.5952854663658766,2621.0,-85166.5,564.0,925.5,543.5,385.5,102.0,0.0,0.0,0.0,0.0,empirical-manual
2026-08-08_160814_583552_1_R4_TEST3,TEST3,4,1.875,21,1.882471198448545,3058.0,-84919.0,582.0,938.0,498.0,710.0,50.0,0.0,0.0,0.0,0.0,empirical-manual
2026-08-08_160814_583552_1_R4_TEST3,TEST3,4,2.125,16,2.142662966716671,3327.5,-83711.5,601.5,997.0,572.5,908.5,177.0,0.0,0.0,0.0,0.0,empirical-manual
2026-08-08_160814_583552_1_R4_TEST3,TEST3,4,2.375,14,2.402077881474829,3010.5,-85276.5,619.0,875.5,507.5,855.5,0.0,0.0,0.0,0.0,0.0,empirical-manual
2026-08-08_160814_583552_1_R4_TEST3,TEST3,4,2.625,14,2.6049019602738763,3042.0,-84494.5,526.0,864.0,519.0,348.5,14.5,1.5,0.0,0.0,0.0,empirical-manual
2026-08-08_160814_583552_1_R4_TEST3,TEST3,4,2.875,9,2.9120827439224803,3016.0,-84126.0,656.0,982.0,447.0,524.0,113.0,0.0,0.0,0.0,0.0,empirical-manual
2026-08-08_160814_583552_1_R4_TEST3,TEST3,4,3.125,14,3.1448864377323225,2778.5,-86785.5,547.0,864.0,494.5,630.0,6.0,0.0,0.0,0.0,0.0,empirical-manual
2026-08-08_160814_583552_1_R4_TEST3,TEST3,4,3.375,15,3.346715107095453,3717.0,-82062.0,736.0,1016.0,639.0,702.0,51.0,85.0,0.0,0.0,0.0,empirical-manual
2026-08-08_160814_583552_1_R4_TEST3,TEST3,4,3.625,12,3.6532074423162184,2899.0,-84932.5,529.5,1039.0,428.5,849.0,123.5,0.0,0.0,0.0,0.0,empirical-manual
2026-08-08_160814_583552_1_R4_TEST3,TEST3,4,3.875,12,3.8639911668461178,2839.0,-83714.0,638.5,969.5,537.5,515.0,109.0,0.0,0.0,0.0,0.0,empirical-manual
2026-08-08_160814_583552_1_R4_TEST3,TEST3,4,4.125,8,4.1173608920293585,3006.5,-84138.5,610.5,1009.5,541.5,375.5,51.5,0.0,0.0,0.0,0.0,empirical-manual
2026-08-08_160814_583552_1_R4_TEST3,TEST3,4,4.375,9,4.318937527915258,2859.0,-87009.0,585.0,910.0,597.0,502.0,51.0,0.0,0.0,0.0,0.0,empirical-manual
2026-08-08_160814_583552_1_R4_TEST3,TEST3,4,4.625,12,4.615574849329027,3147.0,-84235.0,685.5,1103.0,570.0,835.5,25.5,0.0,0.0,0.0,0.0,empirical-manual
2026-08-08_160814_583552_1_R4_TEST3,TEST3,4,4.875,7,4.935330771933288,2614.0,-87209.0,423.0,1025.0,382.0,518.0,0.0,0.0,0.0,0.0,0.0,empirical-manual
2026-08-08_160814_583552_1_R4_TEST3,TEST3,4,5.125,9,5.107814460809612,2446.0,-89184.0,690.0,917.0,567.0,0.0,13.0,0.0,0.0,0.0,0.0,empirical-manual
2026-08-08_160814_583552_1_R4_TEST3,TEST3,4,5.375,9,5.322601126378169,2982.0,-87825.0,597.0,981.0,439.0,117.0,25.0,0.0,0.0,0.0,0.0,empirical-manual
2026-08-08_160814_583552_1_R4_TEST3,TEST3,4,5.625,11,5.645203769855188,2401.0,-87196.0,521.0,923.0,468.0,399.0,0.0,0.0,0.0,0.0,0.0,empirical-manual
2026-08-08_160814_583552_1_R4_TEST3,TEST3,4,5.875,5,5.902093470408579,2439.0,-85487.0,579.0,828.0,503.0,170.0,195.0,0.0,0.0,0.0,0.0,empirical-manual
2026-08-08_160814_583552_1_R4_TEST3,TEST3,4,6.125,6,6.1386701662608845,3089.5,-84797.0,618.0,1287.0,315.0,0.0,355.0,77.5,0.0,0.0,0.0,empirical-manual
2026-08-08_160814_583552_1_R4_TEST3,TEST3,4,6.375,11,6.397970036862324,3045.0,-88954.0,512.0,949.0,366.0,1170.0,0.0,11.0,0.0,0.0,0.0,empirical-manual
2026-08-08_160814_583552_1_R4_TEST3,TEST3,4,6.625,4,6.643597871709055,3559.5,-84571.5,609.0,1016.5,591.5,2008.5,2.5,6.5,0.0,0.0,0.0,empirical-manual
2026-08-08_160814_583552_1_R4_TEST3,TEST3,4,6.875,9,6.814347771597928,2576.0,-88202.0,528.0,1039.0,358.0,0.0,93.0,0.0,0.0,0.0,0.0,empirical-manual
2026-08-08_160814_583552_1_R4_TEST3,TEST3,4,7.125,7,7.124204281743603,2197.0,-90050.0,674.0,878.0,331.0,0.0,35.0,0.0,0.0,0.0,0.0,empirical-manual
2026-08-08_160814_583552_1_R4_TEST3,TEST3,4,7.375,3,7.455401375679301,2634.0,-89098.0,818.0,848.0,565.0,0.0,0.0,166.0,0.0,0.0,0.0,empirical-manual
2026-08-08_160814_583552_1_R4_TEST3,TEST3,4,7.625,3,7.556319143920493,2888.0,-88387.0,601.0,713.0,760.0,771.0,0.0,0.0,0.0,0.0,0.0,empirical-manual
2026-08-08_160814_583552_1_R4_TEST3,TEST3,4,7.875,1,7.954519368480287,3455.0,-80498.0,851.0,905.0,836.0,472.0,199.0,66.0,126.0,0.0,0.0,empirical-manual
2026-08-08_160814_583552_1_R4_TEST3,TEST3,4,8.125,1,8.1791528729769,7701.0,-75965.0,551.0,1265.0,457.0,5428.0,0.0,0.0,0.0,0.0,0.0,empirical-manual
2026-08-08_160814_583552_1_R4_TEST3,TEST3,4,8.375,3,8.31472080834538,4178.0,-81861.0,1020.0,835.0,639.0,1005.0,68.0,389.0,40.0,0.0,0.0,empirical-manual
2026-08-08_160814_583552_1_R4_TEST3,TEST3,4,8.625,1,8.735390832519377,2265.0,-88142.0,779.0,884.0,415.0,97.0,90.0,0.0,0.0,0.0,0.0,empirical-manual
2026-08-08_160814_583552_1_R4_TEST3,TEST3,4,8.875,1,8.844944305057048,3232.0,-81012.0,1185.0,513.0,588.0,122.0,230.0,408.0,0.0,186.0,0.0,empirical-manual
2026-08-08_160814_583552_1_R4_TEST3,TEST3,4,9.125,2,9.116122605937282,3390.0,-85078.5,79.0,654.0,916.5,1300.0,225.5,185.5,0.0,0.0,29.5,empirical-manual
2026-08-08_160814_583552_1_R4_TEST3,TEST3,4,9.875,1,9.839156733925536,1632.0,-92118.0,298.0,504.0,536.0,0.0,0.0,294.0,0.0,0.0,0.0,empirical-manual
2026-08-08_160814_583552_1_R4_TEST3,TEST3,4,10.375,1,10.43660492776732,2110.0,-90777.0,425.0,707.0,824.0,154.0,0.0,0.0,0.0,0.0,0.0,empirical-manual
2026-08-08_160814_583552_1_R4_TEST3,TEST3,4,10.625,1,10.680317577868657,2910.0,-85068.0,1009.0,722.0,613.0,0.0,135.0,431.0,0.0,0.0,0.0,empirical-manual
2026-08-08_160814_583552_1_R4_TEST3,TEST3,4,10.875,1,10.777429006050182,2071.0,-87007.0,649.0,765.0,548.0,0.0,0.0,109.0,0.0,0.0,0.0,empirical-manual
2026-08-08_160912_929778_1_R4_TEST4,TEST4,4,0.125,2,0.16952602454808863,2822.5,-82564.0,638.5,995.0,745.5,97.5,286.0,60.0,0.0,0.0,0.0,empirical-manual
2026-08-08_160912_929778_1_R4_TEST4,TEST4,4,0.375,5,0.3679381921021888,2248.0,-85366.0,482.0,764.0,473.0,0.0,93.0,185.0,0.0,0.0,0.0,empirical-manual
2026-08-08_160912_929778_1_R4_TEST4,TEST4,4,0.625,7,0.691419303411758,2700.0,-83122.0,458.0,858.0,604.0,353.0,68.0,145.0,0.0,0.0,0.0,empirical-manual
2026-08-08_160912_929778_1_R4_TEST4,TEST4,4,0.875,10,0.863700254931838,4073.0,-77134.0,656.5,854.5,758.5,727.5,174.0,231.0,0.0,0.0,0.0,empirical-manual
2026-08-08_160912_929778_1_R4_TEST4,TEST4,4,1.125,11,1.117088592034002,2582.0,-83029.0,652.0,864.0,503.0,619.0,99.0,362.0,0.0,0.0,0.0,empirical-manual
2026-08-08_160912_929778_1_R4_TEST4,TEST4,4,1.375,14,1.33535654660311,3883.5,-79819.5,600.5,1001.0,694.5,559.0,208.5,386.0,0.0,0.0,0.0,empirical-manual
2026-08-08_160912_929778_1_R4_TEST4,TEST4,4,1.625,24,1.6086174613921527,3115.5,-81313.5,697.5,945.0,616.0,307.0,269.0,275.0,0.0,0.0,0.0,empirical-manual
2026-08-08_160912_929778_1_R4_TEST4,TEST4,4,1.875,29,1.8884221975377595,3583.0,-79506.0,773.0,1037.0,675.0,395.0,339.0,311.0,0.0,0.0,0.0,empirical-manual
2026-08-08_160912_929778_1_R4_TEST4,TEST4,4,2.125,18,2.131736883320108,4000.5,-78787.0,674.0,992.0,706.0,794.5,288.0,263.5,0.0,0.0,0.0,empirical-manual
2026-08-08_160912_929778_1_R4_TEST4,TEST4,4,2.375,18,2.398948083574814,4109.0,-79051.0,683.5,1080.5,687.5,853.0,305.5,287.5,0.0,0.0,0.0,empirical-manual
2026-08-08_160912_929778_1_R4_TEST4,TEST4,4,2.625,22,2.5965230666549246,4193.5,-79117.5,661.0,1053.0,533.5,760.5,344.5,241.5,0.0,0.0,0.0,empirical-manual
2026-08-08_160912_929778_1_R4_TEST4,TEST4,4,2.875,15,2.824888061552556,4303.0,-77863.0,855.0,1211.0,671.0,710.0,453.0,235.0,0.0,0.0,0.0,empirical-manual
2026-08-08_160912_929778_1_R4_TEST4,TEST4,4,3.125,15,3.1294281807083566,4268.0,-78048.0,897.0,984.0,754.0,958.0,323.0,290.0,0.0,0.0,0.0,empirical-manual
2026-08-08_160912_929778_1_R4_TEST4,TEST4,4,3.375,14,3.331324714040083,4291.5,-78812.5,926.0,967.5,574.0,1047.0,199.5,160.0,0.0,0.0,0.0,empirical-manual
2026-08-08_160912_929778_1_R4_TEST4,TEST4,4,3.625,15,3.6312225653251313,3830.0,-82725.0,817.0,808.0,612.0,457.0,287.0,240.0,0.0,0.0,0.0,empirical-manual
2026-08-08_160912_929778_1_R4_TEST4,TEST4,4,3.875,12,3.8792105225327953,3804.5,-80712.5,568.0,1016.5,686.5,386.5,255.0,301.0,0.0,0.0,0.0,empirical-manual
2026-08-08_160912_929778_1_R4_TEST4,TEST4,4,4.125,6,4.11607797300214,3250.0,-81389.5,672.0,858.5,738.0,116.5,24.5,226.0,0.0,0.0,26.0,empirical-manual
2026-08-08_160912_929778_1_R4_TEST4,TEST4,4,4.375,12,4.362657674323888,3736.0,-80708.0,636.5,785.5,691.5,346.5,191.5,229.0,0.0,0.0,0.0,empirical-manual
2026-08-08_160912_929778_1_R4_TEST4,TEST4,4,4.625,5,4.60171937412382,3433.0,-77799.0,973.0,776.0,681.0,860.0,251.0,82.0,50.0,0.0,0.0,empirical-manual
2026-08-08_160912_929778_1_R4_TEST4,TEST4,4,4.875,3,4.7971257159953735,2330.0,-85765.0,679.0,969.0,557.0,0.0,92.0,162.0,0.0,0.0,0.0,empirical-manual
2026-08-08_160912_929778_1_R4_TEST4,TEST4,4,5.125,8,5.035749865201636,3667.0,-80535.0,730.0,899.5,698.0,841.5,218.0,238.0,0.0,0.0,0.0,empirical-manual
2026-08-08_160912_929778_1_R4_TEST4,TEST4,4,5.375,2,5.439111177936969,4152.5,-82038.0,867.0,996.0,896.0,402.5,591.0,373.0,0.0,27.0,0.0,empirical-manual
2026-08-08_160912_929778_1_R4_TEST4,TEST4,4,5.625,15,5.619059299548807,3950.0,-82863.0,719.0,1058.0,683.0,0.0,488.0,291.0,0.0,0.0,0.0,empirical-manual
2026-08-08_160912_929778_1_R4_TEST4,TEST4,4,5.875,9,5.879556193986303,3662.0,-80030.0,864.0,990.0,709.0,702.0,326.0,324.0,0.0,0.0,0.0,empirical-manual
2026-08-08_160912_929778_1_R4_TEST4,TEST4,4,6.125,3,6.075563982489648,3940.0,-83754.0,635.0,1091.0,516.0,0.0,507.0,216.0,0.0,0.0,0.0,empirical-manual
2026-08-08_160912_929778_1_R4_TEST4,TEST4,4,6.375,9,6.376990722838918,3334.0,-83494.0,765.0,903.0,853.0,451.0,263.0,305.0,0.0,0.0,0.0,empirical-manual
2026-08-08_160912_929778_1_R4_TEST4,TEST4,4,6.625,6,6.656180144254415,3164.0,-81900.5,701.0,947.5,737.5,43.5,47.5,193.0,0.0,0.0,0.0,empirical-manual
2026-08-08_160912_929778_1_R4_TEST4,TEST4,4,6.875,6,6.869476582793794,3220.0,-83634.0,819.0,934.5,679.5,90.5,141.0,319.0,0.0,0.0,0.0,empirical-manual
2026-08-08_160912_929778_1_R4_TEST4,TEST4,4,7.125,10,7.157833558485388,3115.5,-84256.5,452.0,987.5,572.5,104.0,289.0,316.5,0.0,0.0,0.0,empirical-manual
2026-08-08_160912_929778_1_R4_TEST4,TEST4,4,7.375,14,7.337087612102044,3949.5,-81681.0,682.5,1168.5,652.5,243.5,410.0,106.5,0.0,0.0,0.0,empirical-manual
2026-08-08_160912_929778_1_R4_TEST4,TEST4,4,7.625,9,7.647089067109521,4020.0,-81883.0,676.0,916.0,655.0,0.0,439.0,250.0,0.0,0.0,0.0,empirical-manual
2026-08-08_160912_929778_1_R4_TEST4,TEST4,4,7.875,3,7.909719036296364,3852.0,-79687.0,789.0,972.0,708.0,1395.0,129.0,563.0,0.0,2.0,0.0,empirical-manual
2026-08-08_160912_929778_1_R4_TEST4,TEST4,4,8.125,8,8.085940605591627,3659.5,-81526.5,700.0,1014.0,809.5,366.0,252.5,225.0,0.0,0.0,0.0,empirical-manual
2026-08-08_160912_929778_1_R4_TEST4,TEST4,4,8.375,6,8.416157004227014,3071.0,-84391.0,347.0,969.0,745.0,126.0,285.0,207.0,0.0,0.0,0.0,empirical-manual
2026-08-08_160912_929778_1_R4_TEST4,TEST4,4,8.625,5,8.651626071074661,4657.0,-80071.0,1043.0,1100.0,733.0,645.0,677.0,323.0,0.0,0.0,0.0,empirical-manual
2026-08-08_160912_929778_1_R4_TEST4,TEST4,4,8.875,3,8.87740147040116,2932.0,-85944.0,700.0,982.0,688.0,0.0,399.0,329.0,0.0,0.0,0.0,empirical-manual
2026-08-08_160912_929778_1_R4_TEST4,TEST4,4,9.125,1,9.131082722418164,2772.0,-86759.0,271.0,984.0,768.0,0.0,573.0,176.0,0.0,0.0,0.0,empirical-manual
2026-08-08_160912_929778_1_R4_TEST4,TEST4,4,9.375,3,9.36669042141703,2955.0,-83576.0,687.0,952.0,737.0,0.0,323.0,72.0,0.0,0.0,0.0,empirical-manual
2026-08-08_160912_929778_1_R4_TEST4,TEST4,4,9.875,1,9.928111074127443,2346.0,-85485.0,150.0,638.0,1019.0,0.0,221.0,318.0,0.0,0.0,0.0,empirical-manual
2026-08-08_160912_929778_1_R4_TEST4,TEST4,4,10.125,1,10.081874616841253,3846.0,-80166.0,1052.0,1007.0,923.0,554.0,213.0,97.0,0.0,0.0,0.0,empirical-manual
2026-08-08_160912_929778_1_R4_TEST4,TEST4,4,11.375,1,11.312551582531595,3350.0,-86152.0,570.0,1131.0,1000.0,0.0,131.0,518.0,0.0,0.0,0.0,empirical-manual
2026-08-08_160912_929778_1_R4_TEST4,TEST4,4,11.875,1,11.985056150007024,3497.0,-88405.0,860.0,1155.0,689.0,0.0,462.0,331.0,0.0,0.0,0.0,empirical-manual
2026-08-08_161018_609760_1_R4_TEST5,TEST5,4,0.125,4,0.15582083222071946,1313.5,-92525.5,352.5,274.0,357.5,0.0,0.0,85.5,0.0,0.0,0.0,empirical-manual
2026-08-08_161018_609760_1_R4_TEST5,TEST5,4,0.375,5,0.4518537933685274,2878.0,-82877.0,566.0,614.0,583.0,232.0,0.0,397.0,0.0,0.0,0.0,empirical-manual
2026-08-08_161018_609760_1_R4_TEST5,TEST5,4,0.625,6,0.6949123457872981,3019.0,-83942.5,633.5,1164.0,709.5,0.0,61.5,97.5,0.0,0.0,0.0,empirical-manual
2026-08-08_161018_609760_1_R4_TEST5,TEST5,4,0.875,20,0.8998750243846714,3023.0,-82984.0,447.0,913.0,775.0,220.5,191.0,296.5,0.0,0.0,0.0,empirical-manual
2026-08-08_161018_609760_1_R4_TEST5,TEST5,4,1.125,36,1.1072996850998544,2785.0,-83587.0,659.5,868.5,601.0,184.5,3.0,177.5,0.0,0.0,0.0,empirical-manual
2026-08-08_161018_609760_1_R4_TEST5,TEST5,4,1.375,33,1.3618578223352138,2994.0,-82275.0,633.0,870.0,669.0,287.0,5.0,140.0,0.0,0.0,0.0,empirical-manual
2026-08-08_161018_609760_1_R4_TEST5,TEST5,4,1.625,29,1.6037968954424544,3368.0,-83119.0,678.0,953.0,631.0,353.0,66.0,253.0,0.0,0.0,0.0,empirical-manual
2026-08-08_161018_609760_1_R4_TEST5,TEST5,4,1.875,20,1.8240982328629514,3733.0,-80142.0,676.5,844.5,682.5,802.5,170.5,294.5,0.0,0.0,0.0,empirical-manual
2026-08-08_161018_609760_1_R4_TEST5,TEST5,4,2.125,15,2.1552210814113404,3136.0,-83636.0,541.0,717.0,640.0,250.0,211.0,199.0,0.0,0.0,0.0,empirical-manual
2026-08-08_161018_609760_1_R4_TEST5,TEST5,4,2.375,19,2.3320658890702584,3300.0,-82355.0,613.0,1005.0,696.0,656.0,90.0,200.0,0.0,0.0,0.0,empirical-manual
2026-08-08_161018_609760_1_R4_TEST5,TEST5,4,2.625,12,2.5969037849711736,2801.5,-85111.5,612.0,858.0,738.0,196.0,32.5,143.5,0.0,0.0,0.0,empirical-manual
2026-08-08_161018_609760_1_R4_TEST5,TEST5,4,2.875,8,2.900043829534729,3098.5,-82750.0,568.0,1058.5,622.0,430.5,245.0,156.0,0.0,0.0,0.0,empirical-manual
2026-08-08_161018_609760_1_R4_TEST5,TEST5,4,3.125,15,3.0978050152297727,3152.0,-84101.0,518.0,927.0,683.0,0.0,0.0,200.0,0.0,0.0,0.0,empirical-manual
2026-08-08_161018_609760_1_R4_TEST5,TEST5,4,3.375,11,3.4096284008622826,2811.0,-86177.0,721.0,1007.0,611.0,0.0,79.0,126.0,0.0,0.0,0.0,empirical-manual
2026-08-08_161018_609760_1_R4_TEST5,TEST5,4,3.625,10,3.612274401125001,3167.5,-83933.5,722.0,1005.5,795.0,91.5,151.5,263.0,0.0,0.0,0.0,empirical-manual
2026-08-08_161018_609760_1_R4_TEST5,TEST5,4,3.875,8,3.85176990687503,3006.0,-83012.5,527.5,834.5,532.0,984.5,20.5,148.5,0.0,0.0,0.0,empirical-manual
2026-08-08_161018_609760_1_R4_TEST5,TEST5,4,4.125,13,4.115081661972953,2859.0,-84024.0,537.0,805.0,610.0,177.0,101.0,176.0,0.0,0.0,0.0,empirical-manual
2026-08-08_161018_609760_1_R4_TEST5,TEST5,4,4.375,12,4.389504521339363,2965.0,-84435.5,536.0,906.5,593.5,13.0,189.0,182.5,0.0,0.0,0.0,empirical-manual
2026-08-08_161018_609760_1_R4_TEST5,TEST5,4,4.625,11,4.600196868449509,2562.0,-87609.0,644.0,817.0,453.0,0.0,0.0,290.0,0.0,0.0,0.0,empirical-manual
2026-08-08_161018_609760_1_R4_TEST5,TEST5,4,4.875,5,4.9053688311417805,3855.0,-80628.0,693.0,983.0,892.0,81.0,1.0,349.0,0.0,0.0,0.0,empirical-manual
2026-08-08_161018_609760_1_R4_TEST5,TEST5,4,5.125,5,5.075809259004355,2522.0,-83789.0,772.0,993.0,679.0,183.0,0.0,119.0,0.0,0.0,0.0,empirical-manual
2026-08-08_161018_609760_1_R4_TEST5,TEST5,4,5.375,11,5.382379896511909,3546.0,-82590.0,589.0,1010.0,667.0,0.0,242.0,356.0,0.0,0.0,0.0,empirical-manual
2026-08-08_161018_609760_1_R4_TEST5,TEST5,4,5.625,15,5.624408517978558,3179.0,-82409.0,524.0,940.0,704.0,106.0,145.0,154.0,0.0,0.0,0.0,empirical-manual
2026-08-08_161018_609760_1_R4_TEST5,TEST5,4,5.875,8,5.919900194065567,2937.0,-85934.5,640.5,971.5,817.5,0.0,86.0,404.5,0.0,0.0,0.0,empirical-manual
2026-08-08_161018_609760_1_R4_TEST5,TEST5,4,6.125,7,6.158340935829576,3132.0,-85268.0,424.0,1196.0,587.0,0.0,108.0,281.0,0.0,0.0,0.0,empirical-manual
2026-08-08_161018_609760_1_R4_TEST5,TEST5,4,6.375,3,6.435710333385077,2546.0,-84118.0,523.0,632.0,687.0,448.0,0.0,265.0,0.0,0.0,0.0,empirical-manual
2026-08-08_161018_609760_1_R4_TEST5,TEST5,4,6.625,2,6.661833967263775,1820.0,-87504.0,395.0,363.5,349.5,682.5,0.0,29.5,0.0,0.0,0.0,empirical-manual
2026-08-08_161018_609760_1_R4_TEST5,TEST5,4,6.875,4,6.8441593140329795,2972.5,-85979.0,386.0,1166.0,664.0,372.5,110.5,86.5,0.0,0.0,0.0,empirical-manual
2026-08-08_161018_609760_1_R4_TEST5,TEST5,4,7.125,9,7.0687152255926815,1843.0,-86800.0,307.0,688.0,556.0,0.0,0.0,205.0,0.0,0.0,0.0,empirical-manual
2026-08-08_161018_609760_1_R4_TEST5,TEST5,4,7.375,1,7.4801922553460125,2130.0,-89512.0,657.0,720.0,493.0,0.0,0.0,260.0,0.0,0.0,0.0,empirical-manual
2026-08-08_161018_609760_1_R4_TEST5,TEST5,4,7.625,2,7.561102810133398,2657.0,-86352.0,596.0,677.0,709.0,313.5,160.0,110.5,0.0,0.0,91.0,empirical-manual
2026-08-08_161018_609760_1_R4_TEST5,TEST5,4,8.125,4,8.15203644050889,1916.5,-90439.0,625.5,574.5,326.5,0.0,132.5,165.5,0.0,0.0,0.0,empirical-manual
2026-08-08_161018_609760_1_R4_TEST5,TEST5,4,8.375,2,8.386076731445383,1524.0,-93777.5,554.0,428.0,405.5,0.0,106.0,30.5,0.0,0.0,0.0,empirical-manual
2026-08-08_161018_609760_1_R4_TEST5,TEST5,4,8.875,1,8.924650672923118,2605.0,-84806.0,834.0,772.0,761.0,0.0,0.0,238.0,0.0,0.0,0.0,empirical-manual
2026-08-08_161018_609760_1_R4_TEST5,TEST5,4,9.125,2,9.068126487292204,2055.0,-89212.0,518.0,524.5,765.5,0.0,0.0,247.0,0.0,0.0,0.0,empirical-manual
2026-08-08_161018_609760_1_R4_TEST5,TEST5,4,10.125,1,10.092776898066688,2335.0,-89253.0,337.0,909.0,722.0,0.0,56.0,311.0,0.0,0.0,0.0,empirical-manual
2026-08-08_161018_609760_1_R4_TEST5,TEST5,4,10.625,3,10.607451966176516,2907.0,-83279.0,884.0,674.0,710.0,0.0,128.0,192.0,0.0,0.0,0.0,empirical-manual
2026-08-08_161018_609760_1_R4_TEST5,TEST5,4,10.875,1,10.959071725880223,2081.0,-91456.0,666.0,673.0,706.0,0.0,0.0,36.0,0.0,0.0,0.0,empirical-manual
2026-08-08_161131_254032_1_R4_TEST6,TEST6,4,0.125,4,0.0689097709350395,3089.5,-81614.0,833.0,901.0,616.0,861.0,0.0,53.0,0.0,0.0,0.0,empirical-manual
2026-08-08_161131_254032_1_R4_TEST6,TEST6,4,0.375,7,0.3667477121657784,1852.0,-87786.0,491.0,639.0,576.0,94.0,0.0,133.0,0.0,0.0,0.0,empirical-manual
2026-08-08_161131_254032_1_R4_TEST6,TEST6,4,0.625,9,0.5972008487518973,2918.0,-81895.0,420.0,772.0,574.0,538.0,279.0,0.0,0.0,0.0,0.0,empirical-manual
2026-08-08_161131_254032_1_R4_TEST6,TEST6,4,0.875,12,0.853602658980392,3759.5,-79617.5,365.0,905.5,621.0,663.0,320.0,191.5,0.0,0.0,27.5,empirical-manual
2026-08-08_161131_254032_1_R4_TEST6,TEST6,4,1.125,13,1.0853955227397518,3225.0,-78778.0,509.0,678.0,677.0,558.0,258.0,324.0,0.0,9.0,0.0,empirical-manual
2026-08-08_161131_254032_1_R4_TEST6,TEST6,4,1.375,17,1.4044234301548002,4960.0,-74779.0,496.0,878.0,727.0,1176.0,410.0,463.0,0.0,154.0,34.0,empirical-manual
2026-08-08_161131_254032_1_R4_TEST6,TEST6,4,1.625,13,1.6519776414221423,4653.0,-74539.0,421.0,903.0,622.0,1233.0,502.0,455.0,110.0,49.0,54.0,empirical-manual
2026-08-08_161131_254032_1_R4_TEST6,TEST6,4,1.875,15,1.9287075407344687,4226.0,-76848.0,568.0,977.0,735.0,960.0,451.0,347.0,38.0,24.0,0.0,empirical-manual
2026-08-08_161131_254032_1_R4_TEST6,TEST6,4,2.125,22,2.0913622713231343,5323.0,-75131.0,343.0,1062.5,712.0,1661.0,407.0,320.0,79.5,0.0,26.5,empirical-manual
2026-08-08_161131_254032_1_R4_TEST6,TEST6,4,2.375,7,2.4176169601326274,3237.0,-82896.0,553.0,800.0,530.0,958.0,260.0,242.0,0.0,0.0,0.0,empirical-manual
2026-08-08_161131_254032_1_R4_TEST6,TEST6,4,2.625,8,2.6385472036071675,4477.0,-75068.5,573.5,1343.5,797.5,1246.0,491.5,363.5,10.5,211.0,0.0,empirical-manual
2026-08-08_161131_254032_1_R4_TEST6,TEST6,4,2.875,14,2.8509515060313593,4941.0,-74802.5,320.0,1019.5,746.0,1269.5,678.5,447.0,124.5,184.0,195.0,empirical-manual
2026-08-08_161131_254032_1_R4_TEST6,TEST6,4,3.125,10,3.094737349440382,5066.0,-74987.5,574.0,805.0,820.0,1763.0,361.0,335.5,177.5,0.0,0.0,empirical-manual
2026-08-08_161131_254032_1_R4_TEST6,TEST6,4,3.375,14,3.3293698578275586,5207.5,-74219.0,659.0,1001.0,701.5,1610.0,272.5,377.0,154.0,52.5,130.0,empirical-manual
2026-08-08_161131_254032_1_R4_TEST6,TEST6,4,3.625,6,3.6089565115253954,4673.5,-75883.0,348.5,862.5,636.0,1150.0,488.5,291.0,118.5,178.5,0.0,empirical-manual
2026-08-08_161131_254032_1_R4_TEST6,TEST6,4,3.875,13,3.8695922283043256,7358.0,-73071.0,571.0,1005.0,867.0,2294.0,464.0,483.0,176.0,216.0,89.0,empirical-manual
2026-08-08_161131_254032_1_R4_TEST6,TEST6,4,4.125,13,4.157381707919705,5480.0,-75129.0,502.0,916.0,827.0,2347.0,451.0,450.0,75.0,32.0,109.0,empirical-manual
2026-08-08_161131_254032_1_R4_TEST6,TEST6,4,4.375,9,4.376264943235143,5200.0,-76115.0,557.0,951.0,719.0,1174.0,325.0,142.0,59.0,0.0,0.0,empirical-manual
2026-08-08_161131_254032_1_R4_TEST6,TEST6,4,4.625,11,4.591779002337479,4570.0,-77182.0,503.0,1015.0,739.0,1820.0,563.0,370.0,105.0,2.0,188.0,empirical-manual
2026-08-08_161131_254032_1_R4_TEST6,TEST6,4,4.875,8,4.967114934631698,4918.5,-76624.0,567.0,1034.0,819.0,578.5,584.0,416.5,88.5,112.0,0.0,empirical-manual
2026-08-08_161131_254032_1_R4_TEST6,TEST6,4,5.125,9,5.199526062148069,4569.0,-76281.0,454.0,946.0,815.0,340.0,486.0,505.0,192.0,0.0,0.0,empirical-manual
2026-08-08_161131_254032_1_R4_TEST6,TEST6,4,5.375,4,5.40844706048831,6312.5,-70885.5,559.5,888.0,918.0,2114.0,668.5,417.0,103.0,231.5,149.5,empirical-manual
2026-08-08_161131_254032_1_R4_TEST6,TEST6,4,5.625,3,5.547668780258427,6212.0,-73388.0,402.0,938.0,614.0,2758.0,739.0,462.0,0.0,132.0,66.0,empirical-manual
2026-08-08_161131_254032_1_R4_TEST6,TEST6,4,5.875,10,5.813793448935363,3911.0,-78930.5,531.5,939.5,682.5,1458.5,236.5,189.5,42.0,40.5,2.5,empirical-manual
2026-08-08_161131_254032_1_R4_TEST6,TEST6,4,6.125,6,6.14909703178656,5855.0,-76365.5,516.5,985.5,564.5,2628.5,587.0,319.0,62.0,169.5,0.0,empirical-manual
2026-08-08_161131_254032_1_R4_TEST6,TEST6,4,6.375,3,6.388546337984792,6173.0,-72289.0,498.0,1265.0,345.0,589.0,826.0,480.0,0.0,259.0,0.0,empirical-manual
2026-08-08_161131_254032_1_R4_TEST6,TEST6,4,6.625,6,6.619330129630306,4537.5,-78262.0,349.0,833.0,861.0,1457.0,514.0,216.0,162.0,190.0,211.5,empirical-manual
2026-08-08_161131_254032_1_R4_TEST6,TEST6,4,6.875,6,6.827880120412832,3545.5,-82288.0,427.0,987.0,409.0,413.5,455.5,0.0,0.0,0.0,0.0,empirical-manual
2026-08-08_161131_254032_1_R4_TEST6,TEST6,4,7.125,10,7.0926540029837675,5319.5,-74687.0,506.5,1198.5,777.5,622.5,588.0,554.0,210.0,228.0,175.0,empirical-manual
2026-08-08_161131_254032_1_R4_TEST6,TEST6,4,7.375,7,7.450222659399094,4432.0,-80040.0,447.0,696.0,739.0,1303.0,300.0,342.0,61.0,0.0,175.0,empirical-manual
2026-08-08_161131_254032_1_R4_TEST6,TEST6,4,7.625,5,7.602116397752992,4495.0,-79626.0,631.0,946.0,850.0,1492.0,403.0,318.0,102.0,0.0,187.0,empirical-manual
2026-08-08_161131_254032_1_R4_TEST6,TEST6,4,7.875,3,7.883232222219425,5263.0,-74985.0,374.0,884.0,673.0,1041.0,760.0,343.0,0.0,0.0,142.0,empirical-manual
2026-08-08_161131_254032_1_R4_TEST6,TEST6,4,8.125,6,8.098748716208032,4836.5,-76273.5,474.0,1053.5,879.0,1075.0,541.0,411.0,8.5,203.0,151.0,empirical-manual
2026-08-08_161131_254032_1_R4_TEST6,TEST6,4,8.375,4,8.394776527515749,4991.0,-75134.5,512.0,1109.5,763.5,1166.5,741.0,433.0,87.0,0.0,81.0,empirical-manual
2026-08-08_161131_254032_1_R4_TEST6,TEST6,4,8.625,2,8.556014733999282,3500.5,-82760.0,410.5,946.0,986.0,162.0,395.5,370.5,0.0,0.0,230.0,empirical-manual
2026-08-08_161131_254032_1_R4_TEST6,TEST6,4,8.875,3,8.952866244543596,1932.0,-88315.0,391.0,938.0,712.0,59.0,118.0,0.0,0.0,0.0,0.0,empirical-manual
2026-08-08_161131_254032_1_R4_TEST6,TEST6,4,9.125,3,9.05015514394288,2925.0,-82562.0,639.0,607.0,256.0,250.0,214.0,300.0,0.0,0.0,98.0,empirical-manual
2026-08-08_161131_254032_1_R4_TEST6,TEST6,4,9.375,1,9.379622724234476,7956.0,-70122.0,269.0,1322.0,846.0,4237.0,629.0,292.0,138.0,129.0,94.0,empirical-manual
2026-08-08_161131_254032_1_R4_TEST6,TEST6,4,9.875,4,9.864424724654128,3429.5,-82258.5,704.0,811.5,578.0,687.0,303.0,129.0,153.0,0.0,82.0,empirical-manual
2026-08-08_161131_254032_1_R4_TEST6,TEST6,4,10.125,1,10.078864699258563,6616.0,-72040.0,466.0,948.0,590.0,3127.0,800.0,249.0,43.0,0.0,393.0,empirical-manual
2026-08-08_161131_254032_1_R4_TEST6,TEST6,4,10.375,1,10.426864700656877,8343.0,-69010.0,171.0,1120.0,641.0,4686.0,843.0,331.0,292.0,224.0,35.0,empirical-manual
2026-08-08_161131_254032_1_R4_TEST6,TEST6,4,10.625,1,10.654477133060874,10475.0,-64779.0,764.0,1235.0,655.0,6777.0,639.0,117.0,0.0,162.0,126.0,empirical-manual
2026-08-08_161131_254032_1_R4_TEST6,TEST6,4,10.875,2,10.83763183136812,5516.5,-79006.5,686.0,1007.5,789.0,2105.5,453.5,133.0,115.5,181.0,45.5,empirical-manual
2026-08-08_161131_254032_1_R4_TEST6,TEST6,4,11.125,2,11.104624311890126,4974.5,-80599.5,342.0,448.5,696.0,2644.0,339.0,265.0,92.5,147.5,0.0,empirical-manual
2026-08-08_161131_254032_1_R4_TEST6,TEST6,4,11.375,1,11.35457181695715,3527.0,-80818.0,907.0,949.0,791.0,0.0,509.0,103.0,204.0,0.0,64.0,empirical-manual
2026-08-08_161131_254032_1_R4_TEST6,TEST6,4,11.625,1,11.705008264165237,1970.0,-91514.0,169.0,931.0,653.0,0.0,0.0,217.0,0.0,0.0,0.0,empirical-manual
2026-08-08_161131_254032_1_R4_TEST6,TEST6,4,12.125,1,12.111086710539496,3985.0,-81493.0,635.0,1090.0,1076.0,0.0,694.0,270.0,0.0,220.0,0.0,empirical-manual
2026-08-08_161335_934176_1_R5_TEST2,TEST2,5,0.125,2,0.06418662880746485,126.5,-98337.5,57.0,0.0,0.0,59.0,0.0,0.0,10.5,0.0,0.0,empirical-manual
2026-08-08_161335_934176_1_R5_TEST2,TEST2,5,0.375,9,0.4383418318148633,253.0,-96723.0,91.0,43.0,0.0,0.0,0.0,0.0,0.0,0.0,0.0,empirical-manual
2026-08-08_161335_934176_1_R5_TEST2,TEST2,5,0.625,12,0.6436183166316922,251.5,-98735.0,86.0,0.0,83.5,0.0,0.0,0.0,0.0,0.0,0.0,empirical-manual
2026-08-08_161335_934176_1_R5_TEST2,TEST2,5,0.875,27,0.8647223853553503,356.0,-99140.0,54.0,0.0,31.0,0.0,0.0,0.0,0.0,0.0,0.0,empirical-manual
2026-08-08_161335_934176_1_R5_TEST2,TEST2,5,1.125,29,1.1676510475846098,339.0,-100252.0,60.0,0.0,48.0,0.0,0.0,0.0,0.0,0.0,0.0,empirical-manual
2026-08-08_161335_934176_1_R5_TEST2,TEST2,5,1.375,26,1.3698699064151398,362.0,-97963.5,72.0,0.0,38.0,0.0,0.0,0.0,0.0,0.0,0.0,empirical-manual
2026-08-08_161335_934176_1_R5_TEST2,TEST2,5,1.625,22,1.6014478529457243,389.5,-96976.0,0.0,80.5,121.5,0.0,0.0,0.0,0.0,0.0,0.0,empirical-manual
2026-08-08_161335_934176_1_R5_TEST2,TEST2,5,1.875,22,1.826477365644954,479.0,-97258.0,23.5,0.0,44.5,0.0,132.5,0.0,0.0,0.0,0.0,empirical-manual
2026-08-08_161335_934176_1_R5_TEST2,TEST2,5,2.125,18,2.134842812456961,503.0,-96021.0,36.5,45.5,0.0,0.0,10.0,0.0,0.0,0.0,0.0,empirical-manual
2026-08-08_161335_934176_1_R5_TEST2,TEST2,5,2.375,10,2.3725137597125787,408.5,-97271.5,0.0,146.0,169.5,0.0,0.0,0.0,0.0,0.0,0.0,empirical-manual
2026-08-08_161335_934176_1_R5_TEST2,TEST2,5,2.625,15,2.568274534399268,593.0,-97168.0,69.0,0.0,0.0,0.0,0.0,0.0,0.0,0.0,0.0,empirical-manual
2026-08-08_161335_934176_1_R5_TEST2,TEST2,5,2.875,5,2.923041773395682,783.0,-96458.0,36.0,0.0,7.0,0.0,25.0,0.0,0.0,0.0,0.0,empirical-manual
2026-08-08_161335_934176_1_R5_TEST2,TEST2,5,3.125,5,3.1300381031198574,415.0,-95828.0,76.0,217.0,0.0,0.0,125.0,0.0,0.0,0.0,0.0,empirical-manual
2026-08-08_161335_934176_1_R5_TEST2,TEST2,5,3.375,8,3.413919848222442,386.5,-99839.5,7.0,0.0,0.0,0.0,0.0,0.0,0.0,0.0,0.0,empirical-manual
2026-08-08_161335_934176_1_R5_TEST2,TEST2,5,3.625,8,3.6583619957208393,982.5,-95199.0,86.5,0.0,80.5,0.0,371.5,0.0,0.0,0.0,0.0,empirical-manual
2026-08-08_161335_934176_1_R5_TEST2,TEST2,5,3.875,6,3.89865342421478,842.5,-93400.5,0.0,19.5,112.5,0.0,367.5,0.0,0.0,0.0,0.0,empirical-manual
2026-08-08_161335_934176_1_R5_TEST2,TEST2,5,4.125,9,4.116933150301577,818.0,-94774.0,0.0,0.0,0.0,0.0,756.0,0.0,0.0,0.0,0.0,empirical-manual
2026-08-08_161335_934176_1_R5_TEST2,TEST2,5,4.375,6,4.3589276069478835,448.0,-98426.5,0.0,132.0,83.5,0.0,0.0,0.0,0.0,0.0,0.0,empirical-manual
2026-08-08_161335_934176_1_R5_TEST2,TEST2,5,4.625,2,4.614403057558025,1417.0,-98034.5,0.0,190.0,0.0,0.0,1227.0,0.0,0.0,0.0,0.0,empirical-manual
2026-08-08_161335_934176_1_R5_TEST2,TEST2,5,4.875,10,4.889592422999391,574.5,-98883.5,0.0,1.5,47.0,0.0,400.0,0.0,0.0,0.0,0.0,empirical-manual
2026-08-08_161335_934176_1_R5_TEST2,TEST2,5,5.125,8,5.152144235924794,855.0,-97209.0,47.5,117.0,0.0,0.0,394.0,0.0,0.0,0.0,0.0,empirical-manual
2026-08-08_161335_934176_1_R5_TEST2,TEST2,5,5.375,7,5.360720562171338,290.0,-101914.0,0.0,9.0,0.0,0.0,0.0,0.0,0.0,0.0,0.0,empirical-manual
2026-08-08_161335_934176_1_R5_TEST2,TEST2,5,5.625,5,5.714129722486888,352.0,-105203.0,0.0,23.0,3.0,0.0,0.0,0.0,0.0,0.0,0.0,empirical-manual
2026-08-08_161335_934176_1_R5_TEST2,TEST2,5,5.875,12,5.910987363835852,856.0,-98004.5,70.5,78.0,34.0,0.0,546.0,0.0,0.0,0.0,0.0,empirical-manual
2026-08-08_161335_934176_1_R5_TEST2,TEST2,5,6.125,9,6.141946217759834,400.0,-100152.0,98.0,12.0,72.0,0.0,0.0,0.0,0.0,0.0,0.0,empirical-manual
2026-08-08_161335_934176_1_R5_TEST2,TEST2,5,6.375,7,6.426116119201991,872.0,-96804.0,0.0,19.0,10.0,0.0,843.0,0.0,0.0,0.0,0.0,empirical-manual
2026-08-08_161335_934176_1_R5_TEST2,TEST2,5,6.625,8,6.652220716760212,482.0,-100616.0,8.0,62.0,29.5,0.0,17.0,0.0,0.0,0.0,0.0,empirical-manual
2026-08-08_161335_934176_1_R5_TEST2,TEST2,5,6.875,6,6.888335500481639,1301.5,-96403.0,0.0,105.0,177.5,0.0,838.0,0.0,0.0,0.0,0.0,empirical-manual
2026-08-08_161335_934176_1_R5_TEST2,TEST2,5,7.125,6,7.133790575928069,814.0,-98601.0,0.0,0.0,65.0,0.0,306.5,0.0,0.0,0.0,0.0,empirical-manual
2026-08-08_161335_934176_1_R5_TEST2,TEST2,5,7.375,10,7.361045652087737,527.5,-98969.5,111.0,0.0,27.5,0.0,290.0,0.0,0.0,0.0,0.0,empirical-manual
2026-08-08_161335_934176_1_R5_TEST2,TEST2,5,7.625,6,7.626273556347305,805.0,-99711.0,45.0,0.0,52.5,0.0,236.0,0.0,0.0,0.0,0.0,empirical-manual
2026-08-08_161335_934176_1_R5_TEST2,TEST2,5,7.875,1,7.942956916402336,2024.0,-94352.0,0.0,0.0,120.0,0.0,1904.0,0.0,0.0,0.0,0.0,empirical-manual
2026-08-08_161335_934176_1_R5_TEST2,TEST2,5,8.125,4,8.136370074181759,384.0,-98430.5,0.0,15.0,66.5,0.0,224.0,0.0,0.0,0.0,0.0,empirical-manual
2026-08-08_161335_934176_1_R5_TEST2,TEST2,5,8.375,1,8.258399787771062,530.0,-99617.0,0.0,0.0,144.0,0.0,386.0,0.0,0.0,0.0,0.0,empirical-manual
2026-08-08_161335_934176_1_R5_TEST2,TEST2,5,8.625,5,8.616716571491658,305.0,-102512.0,0.0,0.0,0.0,0.0,0.0,0.0,0.0,0.0,0.0,empirical-manual
2026-08-08_161335_934176_1_R5_TEST2,TEST2,5,8.875,1,8.901381067315569,3800.0,-89445.0,309.0,0.0,387.0,0.0,3104.0,0.0,0.0,0.0,0.0,empirical-manual
2026-08-08_161335_934176_1_R5_TEST2,TEST2,5,9.125,3,9.1256586382296,0.0,-103770.0,0.0,0.0,0.0,0.0,0.0,0.0,0.0,0.0,0.0,empirical-manual
2026-08-08_161335_934176_1_R5_TEST2,TEST2,5,9.375,2,9.347695564600365,2906.5,-94482.5,28.5,374.5,50.5,0.0,2453.0,0.0,0.0,0.0,0.0,empirical-manual
2026-08-08_161335_934176_1_R5_TEST2,TEST2,5,9.625,1,9.735792289086366,0.0,-103099.0,0.0,0.0,0.0,0.0,0.0,0.0,0.0,0.0,0.0,empirical-manual
2026-08-08_161335_934176_1_R5_TEST2,TEST2,5,9.875,1,9.822981971693668,2263.0,-90948.0,0.0,17.0,319.0,0.0,1847.0,0.0,0.0,0.0,80.0,empirical-manual
2026-08-08_161335_934176_1_R5_TEST2,TEST2,5,10.125,1,10.016824676496984,1404.0,-96972.0,240.0,0.0,0.0,0.0,1164.0,0.0,0.0,0.0,0.0,empirical-manual
2026-08-08_161335_934176_1_R5_TEST2,TEST2,5,10.625,1,10.64161665813263,361.0,-103520.0,81.0,0.0,260.0,0.0,0.0,0.0,20.0,0.0,0.0,empirical-manual
2026-08-08_161335_934176_1_R5_TEST2,TEST2,5,10.875,1,10.853270679510173,1201.0,-94724.0,565.0,52.0,218.0,0.0,366.0,0.0,0.0,0.0,0.0,empirical-manual
2026-08-08_161335_934176_1_R5_TEST2,TEST2,5,11.375,2,11.401520917530284,335.0,-100085.0,173.0,23.0,139.0,0.0,0.0,0.0,0.0,0.0,0.0,empirical-manual
2026-08-08_161454_348568_1_R5_TEST3,TEST3,5,0.125,4,0.08430840731239296,0.0,-107139.5,0.0,0.0,0.0,0.0,0.0,0.0,0.0,0.0,0.0,empirical-manual
2026-08-08_161454_348568_1_R5_TEST3,TEST3,5,0.375,8,0.43578222196010363,0.0,-107084.5,0.0,0.0,0.0,0.0,0.0,0.0,0.0,0.0,0.0,empirical-manual
2026-08-08_161454_348568_1_R5_TEST3,TEST3,5,0.625,16,0.6275568448370329,0.0,-109069.5,0.0,0.0,0.0,0.0,0.0,0.0,0.0,0.0,0.0,empirical-manual
2026-08-08_161454_348568_1_R5_TEST3,TEST3,5,0.875,33,0.8931960451958252,1.0,-106497.0,0.0,0.0,0.0,0.0,0.0,0.0,0.0,0.0,0.0,empirical-manual
2026-08-08_161454_348568_1_R5_TEST3,TEST3,5,1.125,38,1.1173764984004189,49.0,-104925.5,0.0,0.0,0.0,0.0,0.0,0.0,0.0,0.0,0.0,empirical-manual
2026-08-08_161454_348568_1_R5_TEST3,TEST3,5,1.375,24,1.3861662103404364,508.5,-103844.0,0.0,0.0,0.0,0.0,508.5,0.0,0.0,0.0,0.0,empirical-manual
2026-08-08_161454_348568_1_R5_TEST3,TEST3,5,1.625,30,1.6160035051046238,450.0,-103949.5,0.0,0.0,0.0,0.0,376.5,0.0,0.0,0.0,0.0,empirical-manual
2026-08-08_161454_348568_1_R5_TEST3,TEST3,5,1.875,14,1.8425550662153878,616.5,-103766.5,0.0,0.0,0.0,0.0,534.5,0.0,0.0,0.0,0.0,empirical-manual
2026-08-08_161454_348568_1_R5_TEST3,TEST3,5,2.125,12,2.159575689287877,1092.0,-101471.0,0.0,0.0,0.0,0.0,1092.0,0.0,0.0,0.0,0.0,empirical-manual
2026-08-08_161454_348568_1_R5_TEST3,TEST3,5,2.375,12,2.3744183743665164,962.0,-102867.0,0.0,0.0,0.0,0.0,923.5,0.0,0.0,0.0,0.0,empirical-manual
2026-08-08_161454_348568_1_R5_TEST3,TEST3,5,2.625,11,2.610455014718841,362.0,-106870.0,0.0,0.0,0.0,0.0,362.0,0.0,0.0,0.0,0.0,empirical-manual
2026-08-08_161454_348568_1_R5_TEST3,TEST3,5,2.875,13,2.865705463323681,741.0,-105958.0,0.0,0.0,0.0,0.0,741.0,0.0,0.0,0.0,0.0,empirical-manual
2026-08-08_161454_348568_1_R5_TEST3,TEST3,5,3.125,13,3.099300536328704,1079.0,-105625.0,0.0,0.0,0.0,0.0,1078.0,0.0,0.0,0.0,0.0,empirical-manual
2026-08-08_161454_348568_1_R5_TEST3,TEST3,5,3.375,12,3.2993386949199808,717.5,-104053.5,0.0,0.0,0.0,0.0,559.0,0.0,0.0,0.0,0.0,empirical-manual
2026-08-08_161454_348568_1_R5_TEST3,TEST3,5,3.625,13,3.62919667171706,271.0,-104495.0,0.0,0.0,0.0,0.0,271.0,0.0,0.0,0.0,0.0,empirical-manual
2026-08-08_161454_348568_1_R5_TEST3,TEST3,5,3.875,18,3.8742065076752725,927.0,-102235.0,0.0,0.0,0.0,0.0,926.0,0.0,0.0,0.0,0.0,empirical-manual
2026-08-08_161454_348568_1_R5_TEST3,TEST3,5,4.125,10,4.167458610788889,412.0,-105107.5,0.0,0.0,0.0,0.0,342.0,0.0,0.0,0.0,0.0,empirical-manual
2026-08-08_161454_348568_1_R5_TEST3,TEST3,5,4.375,8,4.380701420638156,33.0,-108309.0,0.0,0.0,0.0,0.0,33.0,0.0,0.0,0.0,0.0,empirical-manual
2026-08-08_161454_348568_1_R5_TEST3,TEST3,5,4.625,5,4.562647725257306,1585.0,-100262.0,0.0,0.0,0.0,0.0,1585.0,0.0,0.0,0.0,0.0,empirical-manual
2026-08-08_161454_348568_1_R5_TEST3,TEST3,5,4.875,9,4.812717086769865,801.0,-100067.0,0.0,0.0,0.0,0.0,727.0,0.0,0.0,0.0,0.0,empirical-manual
2026-08-08_161454_348568_1_R5_TEST3,TEST3,5,5.125,9,5.094310101228045,1233.0,-104137.0,0.0,0.0,0.0,0.0,1020.0,0.0,0.0,0.0,0.0,empirical-manual
2026-08-08_161454_348568_1_R5_TEST3,TEST3,5,5.375,7,5.334691320848268,0.0,-103775.0,0.0,0.0,0.0,0.0,0.0,0.0,0.0,0.0,0.0,empirical-manual
2026-08-08_161454_348568_1_R5_TEST3,TEST3,5,5.625,17,5.618845959086807,2029.0,-101873.0,0.0,0.0,0.0,0.0,2021.0,0.0,0.0,0.0,0.0,empirical-manual
2026-08-08_161454_348568_1_R5_TEST3,TEST3,5,5.875,4,5.867954367072139,3660.0,-98667.5,0.0,0.0,0.0,0.0,3660.0,0.0,0.0,0.0,0.0,empirical-manual
2026-08-08_161454_348568_1_R5_TEST3,TEST3,5,6.125,10,6.138144293208866,283.0,-105334.0,0.0,0.0,0.0,0.0,283.0,0.0,0.0,0.0,0.0,empirical-manual
2026-08-08_161454_348568_1_R5_TEST3,TEST3,5,6.375,5,6.426700290823334,788.0,-104550.0,0.0,0.0,0.0,0.0,788.0,0.0,0.0,0.0,0.0,empirical-manual
2026-08-08_161454_348568_1_R5_TEST3,TEST3,5,6.625,6,6.583324951311153,1922.5,-102493.5,0.0,0.0,0.0,0.0,1922.5,0.0,0.0,0.0,0.0,empirical-manual
2026-08-08_161454_348568_1_R5_TEST3,TEST3,5,6.875,5,6.927396684585758,627.0,-103702.0,0.0,0.0,0.0,0.0,627.0,0.0,0.0,0.0,0.0,empirical-manual
2026-08-08_161454_348568_1_R5_TEST3,TEST3,5,7.125,4,7.18532276258841,1139.5,-103755.0,0.0,0.0,0.0,0.0,1139.5,0.0,0.0,0.0,0.0,empirical-manual
2026-08-08_161454_348568_1_R5_TEST3,TEST3,5,7.375,1,7.498441481932863,0.0,-109966.0,0.0,0.0,0.0,0.0,0.0,0.0,0.0,0.0,0.0,empirical-manual
2026-08-08_161454_348568_1_R5_TEST3,TEST3,5,7.625,1,7.674596552793304,3287.0,-95552.0,0.0,0.0,70.0,0.0,3217.0,0.0,0.0,0.0,0.0,empirical-manual
2026-08-08_161454_348568_1_R5_TEST3,TEST3,5,7.875,1,7.812946231813093,4444.0,-102468.0,0.0,0.0,0.0,0.0,4444.0,0.0,0.0,0.0,0.0,empirical-manual
2026-08-08_161454_348568_1_R5_TEST3,TEST3,5,8.125,3,8.16922708401555,674.0,-105181.0,0.0,0.0,0.0,0.0,674.0,0.0,0.0,0.0,0.0,empirical-manual
2026-08-08_161454_348568_1_R5_TEST3,TEST3,5,8.875,1,8.767750637744498,0.0,-112373.0,0.0,0.0,0.0,0.0,0.0,0.0,0.0,0.0,0.0,empirical-manual
2026-08-08_161454_348568_1_R5_TEST3,TEST3,5,9.125,1,9.16247853669068,318.0,-107058.0,0.0,0.0,0.0,0.0,318.0,0.0,0.0,0.0,0.0,empirical-manual
2026-08-08_161644_548982_1_R5_TEST4,TEST4,5,0.125,4,0.10051490678873165,0.0,-109713.0,0.0,0.0,0.0,0.0,0.0,0.0,0.0,0.0,0.0,empirical-manual
2026-08-08_161644_548982_1_R5_TEST4,TEST4,5,0.375,3,0.4806489731214567,36.0,-108514.0,36.0,0.0,0.0,0.0,0.0,0.0,0.0,0.0,0.0,empirical-manual
2026-08-08_161644_548982_1_R5_TEST4,TEST4,5,0.625,14,0.6419196536254022,0.0,-111367.0,0.0,0.0,0.0,0.0,0.0,0.0,0.0,0.0,0.0,empirical-manual
2026-08-08_161644_548982_1_R5_TEST4,TEST4,5,0.875,39,0.9144351978367268,0.0,-109103.0,0.0,0.0,0.0,0.0,0.0,0.0,0.0,0.0,0.0,empirical-manual
2026-08-08_161644_548982_1_R5_TEST4,TEST4,5,1.125,41,1.1186747670906514,0.0,-107524.0,0.0,0.0,0.0,0.0,0.0,0.0,0.0,0.0,0.0,empirical-manual
2026-08-08_161644_548982_1_R5_TEST4,TEST4,5,1.375,39,1.3427567990594929,0.0,-107720.0,0.0,0.0,0.0,0.0,0.0,0.0,0.0,0.0,0.0,empirical-manual
2026-08-08_161644_548982_1_R5_TEST4,TEST4,5,1.625,31,1.6135217500771502,222.0,-109050.0,0.0,0.0,0.0,0.0,222.0,0.0,0.0,0.0,0.0,empirical-manual
2026-08-08_161644_548982_1_R5_TEST4,TEST4,5,1.875,23,1.8734160309758896,0.0,-107408.0,0.0,0.0,0.0,0.0,0.0,0.0,0.0,0.0,0.0,empirical-manual
2026-08-08_161644_548982_1_R5_TEST4,TEST4,5,2.125,12,2.1056511561353664,147.0,-106326.5,0.0,0.0,0.0,0.0,147.0,0.0,0.0,0.0,0.0,empirical-manual
2026-08-08_161644_548982_1_R5_TEST4,TEST4,5,2.375,15,2.380513289810835,394.0,-108777.0,0.0,0.0,0.0,0.0,394.0,0.0,0.0,0.0,0.0,empirical-manual
2026-08-08_161644_548982_1_R5_TEST4,TEST4,5,2.625,11,2.5747218618045697,119.0,-106692.0,0.0,0.0,0.0,0.0,97.0,0.0,0.0,0.0,0.0,empirical-manual
2026-08-08_161644_548982_1_R5_TEST4,TEST4,5,2.875,14,2.853194312796016,486.5,-108317.0,0.0,0.0,0.0,0.0,486.5,0.0,0.0,0.0,0.0,empirical-manual
2026-08-08_161644_548982_1_R5_TEST4,TEST4,5,3.125,17,3.075869924358525,81.0,-106475.0,0.0,0.0,0.0,0.0,81.0,0.0,0.0,0.0,0.0,empirical-manual
2026-08-08_161644_548982_1_R5_TEST4,TEST4,5,3.375,11,3.385052555156518,76.0,-108319.0,0.0,0.0,0.0,0.0,0.0,0.0,0.0,0.0,0.0,empirical-manual
2026-08-08_161644_548982_1_R5_TEST4,TEST4,5,3.625,14,3.654658764834478,18.5,-110840.5,0.0,0.0,0.0,0.0,0.0,0.0,0.0,0.0,0.0,empirical-manual
2026-08-08_161644_548982_1_R5_TEST4,TEST4,5,3.875,15,3.830202516947416,0.0,-107895.0,0.0,0.0,0.0,0.0,0.0,0.0,0.0,0.0,0.0,empirical-manual
2026-08-08_161644_548982_1_R5_TEST4,TEST4,5,4.125,5,4.036912742041143,23.0,-112104.0,0.0,0.0,0.0,0.0,0.0,0.0,0.0,0.0,0.0,empirical-manual
2026-08-08_161644_548982_1_R5_TEST4,TEST4,5,4.375,11,4.377296416887884,0.0,-109458.0,0.0,0.0,0.0,0.0,0.0,0.0,0.0,0.0,0.0,empirical-manual
2026-08-08_161644_548982_1_R5_TEST4,TEST4,5,4.625,7,4.685228878109182,0.0,-104752.0,0.0,0.0,0.0,0.0,0.0,0.0,0.0,0.0,0.0,empirical-manual
2026-08-08_161644_548982_1_R5_TEST4,TEST4,5,4.875,6,4.8213542920910974,102.5,-109415.5,0.0,0.0,0.0,0.0,100.0,0.0,0.0,0.0,0.0,empirical-manual
2026-08-08_161644_548982_1_R5_TEST4,TEST4,5,5.125,10,5.093286081331243,0.0,-108940.5,0.0,0.0,0.0,0.0,0.0,0.0,0.0,0.0,0.0,empirical-manual
2026-08-08_161644_548982_1_R5_TEST4,TEST4,5,5.375,9,5.345606988751145,0.0,-113048.0,0.0,0.0,0.0,0.0,0.0,0.0,0.0,0.0,0.0,empirical-manual
2026-08-08_161644_548982_1_R5_TEST4,TEST4,5,5.625,7,5.6704100532029535,1438.0,-106184.0,0.0,0.0,0.0,0.0,1438.0,0.0,0.0,0.0,0.0,empirical-manual
2026-08-08_161644_548982_1_R5_TEST4,TEST4,5,5.875,7,5.840320093196992,750.0,-102982.0,0.0,0.0,0.0,0.0,750.0,0.0,0.0,0.0,0.0,empirical-manual
2026-08-08_161644_548982_1_R5_TEST4,TEST4,5,6.125,5,6.018800162565391,0.0,-110878.0,0.0,0.0,0.0,0.0,0.0,0.0,0.0,0.0,0.0,empirical-manual
2026-08-08_161644_548982_1_R5_TEST4,TEST4,5,6.375,8,6.3688711920416115,1471.5,-103019.0,0.0,0.0,0.0,0.0,1471.5,0.0,0.0,0.0,0.0,empirical-manual
2026-08-08_161644_548982_1_R5_TEST4,TEST4,5,6.625,6,6.643656543359003,1458.0,-104948.0,0.0,0.0,0.0,0.0,1458.0,0.0,0.0,0.0,0.0,empirical-manual
2026-08-08_161644_548982_1_R5_TEST4,TEST4,5,6.875,5,6.848161290153159,691.0,-101981.0,0.0,0.0,0.0,0.0,691.0,0.0,0.0,0.0,0.0,empirical-manual
2026-08-08_161644_548982_1_R5_TEST4,TEST4,5,7.125,8,7.144375106577796,1651.0,-102376.0,0.0,0.0,0.0,0.0,1651.0,0.0,0.0,0.0,0.0,empirical-manual
2026-08-08_161644_548982_1_R5_TEST4,TEST4,5,7.375,4,7.268656953926955,881.5,-103811.0,0.0,0.0,0.0,0.0,804.0,0.0,0.0,0.0,0.0,empirical-manual
2026-08-08_161644_548982_1_R5_TEST4,TEST4,5,7.875,1,7.86497447950369,0.0,-113846.0,0.0,0.0,0.0,0.0,0.0,0.0,0.0,0.0,0.0,empirical-manual
2026-08-08_161644_548982_1_R5_TEST4,TEST4,5,8.375,1,8.483214107876671,0.0,-107567.0,0.0,0.0,0.0,0.0,0.0,0.0,0.0,0.0,0.0,empirical-manual
2026-08-08_161644_548982_1_R5_TEST4,TEST4,5,8.625,4,8.56655507736777,4035.5,-98202.5,0.0,0.0,0.0,0.0,3959.0,0.0,0.0,0.0,0.0,empirical-manual
2026-08-08_161644_548982_1_R5_TEST4,TEST4,5,8.875,2,8.88020493811051,123.0,-107309.0,16.0,0.0,0.0,0.0,107.0,0.0,0.0,0.0,0.0,empirical-manual
2026-08-08_161644_548982_1_R5_TEST4,TEST4,5,9.125,1,9.219704736872515,1809.0,-103903.0,0.0,0.0,0.0,0.0,1809.0,0.0,0.0,0.0,0.0,empirical-manual
2026-08-08_161644_548982_1_R5_TEST4,TEST4,5,9.375,2,9.278553411007001,302.5,-104934.5,0.0,0.0,0.0,0.0,302.5,0.0,0.0,0.0,0.0,empirical-manual
2026-08-08_161644_548982_1_R5_TEST4,TEST4,5,9.875,1,9.982063866540177,3747.0,-98987.0,0.0,0.0,0.0,0.0,3747.0,0.0,0.0,0.0,0.0,empirical-manual
2026-08-08_161801_886702_1_R5_TEST5,TEST5,5,0.125,2,0.0910310455394979,0.0,-111513.5,0.0,0.0,0.0,0.0,0.0,0.0,0.0,0.0,0.0,empirical-manual
2026-08-08_161801_886702_1_R5_TEST5,TEST5,5,0.375,6,0.45751590587978097,0.0,-108775.5,0.0,0.0,0.0,0.0,0.0,0.0,0.0,0.0,0.0,empirical-manual
2026-08-08_161801_886702_1_R5_TEST5,TEST5,5,0.625,18,0.6617757052847252,0.0,-110453.5,0.0,0.0,0.0,0.0,0.0,0.0,0.0,0.0,0.0,empirical-manual
2026-08-08_161801_886702_1_R5_TEST5,TEST5,5,0.875,21,0.906405176249358,0.0,-108983.0,0.0,0.0,0.0,0.0,0.0,0.0,0.0,0.0,0.0,empirical-manual
2026-08-08_161801_886702_1_R5_TEST5,TEST5,5,1.125,32,1.1338117237293035,0.0,-108569.0,0.0,0.0,0.0,0.0,0.0,0.0,0.0,0.0,0.0,empirical-manual
2026-08-08_161801_886702_1_R5_TEST5,TEST5,5,1.375,35,1.350256094681506,0.0,-108251.0,0.0,0.0,0.0,0.0,0.0,0.0,0.0,0.0,0.0,empirical-manual
2026-08-08_161801_886702_1_R5_TEST5,TEST5,5,1.625,15,1.6418632523590777,0.0,-107699.0,0.0,0.0,0.0,0.0,0.0,0.0,0.0,0.0,0.0,empirical-manual
2026-08-08_161801_886702_1_R5_TEST5,TEST5,5,1.875,17,1.8713315840531064,0.0,-108094.0,0.0,0.0,0.0,0.0,0.0,0.0,0.0,0.0,0.0,empirical-manual
2026-08-08_161801_886702_1_R5_TEST5,TEST5,5,2.125,13,2.177000879181433,36.0,-105993.0,0.0,0.0,0.0,0.0,0.0,0.0,0.0,0.0,0.0,empirical-manual
2026-08-08_161801_886702_1_R5_TEST5,TEST5,5,2.375,16,2.3828096233749263,61.5,-104979.0,0.0,0.0,0.0,0.0,0.0,0.0,0.0,0.0,0.0,empirical-manual
2026-08-08_161801_886702_1_R5_TEST5,TEST5,5,2.625,11,2.598998880963138,100.0,-107071.0,0.0,0.0,0.0,0.0,91.0,0.0,0.0,0.0,0.0,empirical-manual
2026-08-08_161801_886702_1_R5_TEST5,TEST5,5,2.875,10,2.8329682105007663,63.0,-107740.5,0.0,0.0,0.0,0.0,63.0,0.0,0.0,0.0,0.0,empirical-manual
2026-08-08_161801_886702_1_R5_TEST5,TEST5,5,3.125,16,3.052029285965326,342.0,-104839.0,0.0,0.0,0.0,0.0,312.0,0.0,0.0,0.0,0.0,empirical-manual
2026-08-08_161801_886702_1_R5_TEST5,TEST5,5,3.375,8,3.377673008898472,132.5,-106318.5,0.0,0.0,0.0,0.0,132.5,0.0,0.0,0.0,0.0,empirical-manual
2026-08-08_161801_886702_1_R5_TEST5,TEST5,5,3.625,9,3.612598267847921,0.0,-107706.0,0.0,0.0,0.0,0.0,0.0,0.0,0.0,0.0,0.0,empirical-manual
2026-08-08_161801_886702_1_R5_TEST5,TEST5,5,3.875,9,3.903242994556192,0.0,-109708.0,0.0,0.0,0.0,0.0,0.0,0.0,0.0,0.0,0.0,empirical-manual
2026-08-08_161801_886702_1_R5_TEST5,TEST5,5,4.125,7,4.145899614171013,0.0,-106802.0,0.0,0.0,0.0,0.0,0.0,0.0,0.0,0.0,0.0,empirical-manual
2026-08-08_161801_886702_1_R5_TEST5,TEST5,5,4.375,14,4.320750797543093,176.0,-110555.0,0.0,0.0,0.0,0.0,0.0,0.0,0.0,0.0,0.0,empirical-manual
2026-08-08_161801_886702_1_R5_TEST5,TEST5,5,4.625,7,4.616935030502511,413.0,-104861.0,0.0,0.0,0.0,0.0,413.0,0.0,0.0,0.0,0.0,empirical-manual
2026-08-08_161801_886702_1_R5_TEST5,TEST5,5,4.875,4,4.845717561564555,1091.5,-107815.0,0.0,0.0,0.0,0.0,986.0,0.0,0.0,0.0,0.0,empirical-manual
2026-08-08_161801_886702_1_R5_TEST5,TEST5,5,5.125,9,5.139938082143017,4.0,-107625.0,0.0,0.0,0.0,0.0,0.0,0.0,0.0,0.0,0.0,empirical-manual
2026-08-08_161801_886702_1_R5_TEST5,TEST5,5,5.375,9,5.33805234836353,9.0,-107230.0,0.0,0.0,0.0,0.0,0.0,0.0,0.0,0.0,0.0,empirical-manual
2026-08-08_161801_886702_1_R5_TEST5,TEST5,5,5.625,11,5.7279139000540855,389.0,-106450.0,0.0,0.0,0.0,0.0,389.0,0.0,0.0,0.0,0.0,empirical-manual
2026-08-08_161801_886702_1_R5_TEST5,TEST5,5,5.875,11,5.87365591573964,557.0,-105747.0,0.0,0.0,0.0,0.0,487.0,0.0,0.0,0.0,0.0,empirical-manual
2026-08-08_161801_886702_1_R5_TEST5,TEST5,5,6.125,6,6.151030121442833,326.0,-107458.5,0.0,0.0,0.0,0.0,298.0,0.0,0.0,0.0,0.0,empirical-manual
2026-08-08_161801_886702_1_R5_TEST5,TEST5,5,6.375,9,6.433575422028719,554.0,-107902.0,0.0,0.0,0.0,0.0,554.0,0.0,0.0,0.0,0.0,empirical-manual
2026-08-08_161801_886702_1_R5_TEST5,TEST5,5,6.625,8,6.600078904174932,86.5,-110207.5,0.0,0.0,0.0,0.0,0.0,0.0,0.0,0.0,0.0,empirical-manual
2026-08-08_161801_886702_1_R5_TEST5,TEST5,5,6.875,5,6.81830835993042,0.0,-109748.0,0.0,0.0,0.0,0.0,0.0,0.0,0.0,0.0,0.0,empirical-manual
2026-08-08_161801_886702_1_R5_TEST5,TEST5,5,7.125,1,7.032747547109095,0.0,-109949.0,0.0,0.0,0.0,0.0,0.0,0.0,0.0,0.0,0.0,empirical-manual
2026-08-08_161801_886702_1_R5_TEST5,TEST5,5,7.375,3,7.401715324915112,279.0,-107837.0,64.0,0.0,0.0,0.0,0.0,0.0,0.0,0.0,0.0,empirical-manual
2026-08-08_161801_886702_1_R5_TEST5,TEST5,5,7.625,4,7.602599092959043,1710.0,-104958.5,0.0,0.0,0.0,0.0,1710.0,0.0,0.0,0.0,0.0,empirical-manual
2026-08-08_161801_886702_1_R5_TEST5,TEST5,5,7.875,1,7.849962010682448,1634.0,-99511.0,0.0,0.0,0.0,0.0,1634.0,0.0,0.0,0.0,0.0,empirical-manual
2026-08-08_161801_886702_1_R5_TEST5,TEST5,5,8.125,1,8.145815976949045,0.0,-113314.0,0.0,0.0,0.0,0.0,0.0,0.0,0.0,0.0,0.0,empirical-manual
2026-08-08_161801_886702_1_R5_TEST5,TEST5,5,8.375,1,8.488136789168301,1609.0,-107209.0,0.0,0.0,0.0,0.0,1609.0,0.0,0.0,0.0,0.0,empirical-manual
2026-08-08_161801_886702_1_R5_TEST5,TEST5,5,8.625,1,8.613843970608563,1725.0,-103734.0,0.0,0.0,17.0,0.0,1708.0,0.0,0.0,0.0,0.0,empirical-manual
2026-08-08_161801_886702_1_R5_TEST5,TEST5,5,8.875,2,8.814823735091796,1507.0,-103746.5,0.0,0.0,0.0,0.0,1507.0,0.0,0.0,0.0,0.0,empirical-manual
2026-08-08_161801_886702_1_R5_TEST5,TEST5,5,9.125,2,9.122951763355996,2879.5,-95735.5,0.0,0.0,0.0,0.0,2879.5,0.0,0.0,0.0,0.0,empirical-manual
2026-08-08_161904_181801_1_R5_TEST6,TEST6,5,0.125,1,0.0533235470845501,0.0,-110710.0,0.0,0.0,0.0,0.0,0.0,0.0,0.0,0.0,0.0,empirical-manual
2026-08-08_161904_181801_1_R5_TEST6,TEST6,5,0.375,1,0.2575945429796777,27.0,-107071.0,27.0,0.0,0.0,0.0,0.0,0.0,0.0,0.0,0.0,empirical-manual
2026-08-08_161904_181801_1_R5_TEST6,TEST6,5,0.625,5,0.7132526972371369,0.0,-108072.0,0.0,0.0,0.0,0.0,0.0,0.0,0.0,0.0,0.0,empirical-manual
2026-08-08_161904_181801_1_R5_TEST6,TEST6,5,0.875,9,0.8863629078646416,0.0,-110238.0,0.0,0.0,0.0,0.0,0.0,0.0,0.0,0.0,0.0,empirical-manual
2026-08-08_161904_181801_1_R5_TEST6,TEST6,5,1.125,23,1.1460114082700583,0.0,-109889.0,0.0,0.0,0.0,0.0,0.0,0.0,0.0,0.0,0.0,empirical-manual
2026-08-08_161904_181801_1_R5_TEST6,TEST6,5,1.375,36,1.354067969153041,0.0,-107914.5,0.0,0.0,0.0,0.0,0.0,0.0,0.0,0.0,0.0,empirical-manual
2026-08-08_161904_181801_1_R5_TEST6,TEST6,5,1.625,28,1.6125118899927833,0.0,-110229.0,0.0,0.0,0.0,0.0,0.0,0.0,0.0,0.0,0.0,empirical-manual
2026-08-08_161904_181801_1_R5_TEST6,TEST6,5,1.875,18,1.8123850355299744,0.0,-107007.5,0.0,0.0,0.0,0.0,0.0,0.0,0.0,0.0,0.0,empirical-manual
2026-08-08_161904_181801_1_R5_TEST6,TEST6,5,2.125,22,2.1268479675651535,0.0,-106206.5,0.0,0.0,0.0,0.0,0.0,0.0,0.0,0.0,0.0,empirical-manual
2026-08-08_161904_181801_1_R5_TEST6,TEST6,5,2.375,15,2.381265902328172,0.0,-107543.0,0.0,0.0,0.0,0.0,0.0,0.0,0.0,0.0,0.0,empirical-manual
2026-08-08_161904_181801_1_R5_TEST6,TEST6,5,2.625,17,2.612833593013736,244.0,-107232.0,0.0,0.0,0.0,0.0,244.0,0.0,0.0,0.0,0.0,empirical-manual
2026-08-08_161904_181801_1_R5_TEST6,TEST6,5,2.875,14,2.902294333853386,504.0,-106247.0,0.0,0.0,0.0,0.0,456.0,0.0,0.0,0.0,0.0,empirical-manual
2026-08-08_161904_181801_1_R5_TEST6,TEST6,5,3.125,8,3.219184644765388,0.0,-109347.5,0.0,0.0,0.0,0.0,0.0,0.0,0.0,0.0,0.0,empirical-manual
2026-08-08_161904_181801_1_R5_TEST6,TEST6,5,3.375,10,3.416795936599444,121.0,-108213.0,0.0,0.0,0.0,0.0,121.0,0.0,0.0,0.0,0.0,empirical-manual
2026-08-08_161904_181801_1_R5_TEST6,TEST6,5,3.625,10,3.633005677902918,65.5,-108194.5,0.0,0.0,0.0,0.0,26.0,0.0,0.0,0.0,0.0,empirical-manual
2026-08-08_161904_181801_1_R5_TEST6,TEST6,5,3.875,8,3.873419490730554,1167.0,-103748.0,0.0,0.0,0.0,0.0,1167.0,0.0,0.0,0.0,0.0,empirical-manual
2026-08-08_161904_181801_1_R5_TEST6,TEST6,5,4.125,3,4.102096455186892,1914.0,-104918.0,0.0,0.0,0.0,0.0,1914.0,0.0,0.0,0.0,0.0,empirical-manual
2026-08-08_161904_181801_1_R5_TEST6,TEST6,5,4.375,9,4.42848267655862,0.0,-108524.0,0.0,0.0,0.0,0.0,0.0,0.0,0.0,0.0,0.0,empirical-manual
2026-08-08_161904_181801_1_R5_TEST6,TEST6,5,4.625,5,4.581589393855751,0.0,-110083.0,0.0,0.0,0.0,0.0,0.0,0.0,0.0,0.0,0.0,empirical-manual
2026-08-08_161904_181801_1_R5_TEST6,TEST6,5,4.875,13,4.849031678117055,0.0,-109207.0,0.0,0.0,0.0,0.0,0.0,0.0,0.0,0.0,0.0,empirical-manual
2026-08-08_161904_181801_1_R5_TEST6,TEST6,5,5.125,6,5.158167398747745,0.0,-112962.5,0.0,0.0,0.0,0.0,0.0,0.0,0.0,0.0,0.0,empirical-manual
2026-08-08_161904_181801_1_R5_TEST6,TEST6,5,5.375,12,5.411537967991759,0.0,-109869.0,0.0,0.0,0.0,0.0,0.0,0.0,0.0,0.0,0.0,empirical-manual
2026-08-08_161904_181801_1_R5_TEST6,TEST6,5,5.625,14,5.6342970599029165,570.5,-107111.5,0.0,0.0,0.0,0.0,570.5,0.0,0.0,0.0,0.0,empirical-manual
2026-08-08_161904_181801_1_R5_TEST6,TEST6,5,5.875,12,5.902096251690367,96.5,-109199.0,0.0,0.0,0.0,0.0,96.5,0.0,0.0,0.0,0.0,empirical-manual
2026-08-08_161904_181801_1_R5_TEST6,TEST6,5,6.125,10,6.076207849311306,764.5,-107179.0,0.0,0.0,0.0,0.0,764.5,0.0,0.0,0.0,0.0,empirical-manual
2026-08-08_161904_181801_1_R5_TEST6,TEST6,5,6.375,10,6.338319799096247,653.0,-106460.5,0.0,0.0,0.0,0.0,653.0,0.0,0.0,0.0,0.0,empirical-manual
2026-08-08_161904_181801_1_R5_TEST6,TEST6,5,6.625,2,6.600532707252098,2297.5,-103404.0,0.0,0.0,0.0,0.0,2297.5,0.0,0.0,0.0,0.0,empirical-manual
2026-08-08_161904_181801_1_R5_TEST6,TEST6,5,6.875,6,6.858662317782474,158.0,-108601.5,0.0,0.0,0.0,0.0,158.0,0.0,0.0,0.0,0.0,empirical-manual
2026-08-08_161904_181801_1_R5_TEST6,TEST6,5,7.125,2,7.135512564686955,948.0,-104715.5,0.0,0.0,0.0,0.0,948.0,0.0,0.0,0.0,0.0,empirical-manual
2026-08-08_161904_181801_1_R5_TEST6,TEST6,5,7.375,3,7.454672326196801,3239.0,-99078.0,0.0,0.0,0.0,0.0,3239.0,0.0,0.0,0.0,0.0,empirical-manual
2026-08-08_161904_181801_1_R5_TEST6,TEST6,5,7.625,4,7.6903026622992146,0.0,-113980.0,0.0,0.0,0.0,0.0,0.0,0.0,0.0,0.0,0.0,empirical-manual
2026-08-08_161904_181801_1_R5_TEST6,TEST6,5,8.125,2,8.126145222815751,1814.5,-102445.5,0.0,0.0,0.0,0.0,1814.5,0.0,0.0,0.0,0.0,empirical-manual
2026-08-08_161904_181801_1_R5_TEST6,TEST6,5,8.625,1,8.727678646642463,0.0,-114366.0,0.0,0.0,0.0,0.0,0.0,0.0,0.0,0.0,0.0,empirical-manual
2026-08-08_161904_181801_1_R5_TEST6,TEST6,5,8.875,1,8.766096049651427,4157.0,-96591.0,0.0,0.0,0.0,0.0,4157.0,0.0,0.0,0.0,0.0,empirical-manual
2026-08-08_161904_181801_1_R5_TEST6,TEST6,5,9.375,1,9.4888990775447,0.0,-115518.0,0.0,0.0,0.0,0.0,0.0,0.0,0.0,0.0,0.0,empirical-manual
2026-08-08_162501_247149_1_R6_TEST2,TEST2,6,0.125,2,0.1072165174800349,0.0,-111086.0,0.0,0.0,0.0,0.0,0.0,0.0,0.0,0.0,0.0,empirical-manual
2026-08-08_162501_247149_1_R6_TEST2,TEST2,6,0.375,3,0.3924013074028101,0.0,-113000.0,0.0,0.0,0.0,0.0,0.0,0.0,0.0,0.0,0.0,empirical-manual
2026-08-08_162501_247149_1_R6_TEST2,TEST2,6,0.625,6,0.660976874080261,0.0,-108892.5,0.0,0.0,0.0,0.0,0.0,0.0,0.0,0.0,0.0,empirical-manual
2026-08-08_162501_247149_1_R6_TEST2,TEST2,6,0.875,10,0.9038297622580701,19.5,-110339.0,0.0,0.0,0.0,0.0,0.0,0.0,0.0,0.0,0.0,empirical-manual
2026-08-08_162501_247149_1_R6_TEST2,TEST2,6,1.125,14,1.1148671544530488,0.0,-111284.0,0.0,0.0,0.0,0.0,0.0,0.0,0.0,0.0,0.0,empirical-manual
2026-08-08_162501_247149_1_R6_TEST2,TEST2,6,1.375,27,1.3977411481958333,216.0,-110231.0,0.0,0.0,0.0,0.0,0.0,216.0,0.0,0.0,0.0,empirical-manual
2026-08-08_162501_247149_1_R6_TEST2,TEST2,6,1.625,19,1.6120077233187264,520.0,-109190.0,0.0,0.0,0.0,0.0,0.0,520.0,0.0,0.0,0.0,empirical-manual
2026-08-08_162501_247149_1_R6_TEST2,TEST2,6,1.875,18,1.8235169205796833,711.0,-108539.5,0.0,0.0,0.0,0.0,0.0,711.0,0.0,0.0,0.0,empirical-manual
2026-08-08_162501_247149_1_R6_TEST2,TEST2,6,2.125,16,2.1249282562061547,797.5,-108861.5,0.0,0.0,0.0,0.0,0.0,797.5,0.0,0.0,0.0,empirical-manual
2026-08-08_162501_247149_1_R6_TEST2,TEST2,6,2.375,15,2.40673578172996,545.0,-109516.0,0.0,0.0,0.0,0.0,0.0,545.0,0.0,0.0,0.0,empirical-manual
2026-08-08_162501_247149_1_R6_TEST2,TEST2,6,2.625,14,2.634948892700236,630.0,-109010.0,0.0,0.0,0.0,0.0,0.0,630.0,0.0,0.0,0.0,empirical-manual
2026-08-08_162501_247149_1_R6_TEST2,TEST2,6,2.875,10,2.8799798703530834,1191.0,-107327.0,0.0,0.0,0.0,0.0,0.0,1191.0,0.0,0.0,0.0,empirical-manual
2026-08-08_162501_247149_1_R6_TEST2,TEST2,6,3.125,12,3.1174592452103616,1055.0,-107750.0,0.0,0.0,0.0,0.0,0.0,1055.0,0.0,0.0,0.0,empirical-manual
2026-08-08_162501_247149_1_R6_TEST2,TEST2,6,3.375,8,3.3030752792049407,1152.0,-108242.5,0.0,0.0,0.0,0.0,0.0,1152.0,0.0,0.0,0.0,empirical-manual
2026-08-08_162501_247149_1_R6_TEST2,TEST2,6,3.625,4,3.5985692073715376,286.5,-108695.5,0.0,0.0,0.0,0.0,0.0,286.5,0.0,0.0,0.0,empirical-manual
2026-08-08_162501_247149_1_R6_TEST2,TEST2,6,3.875,12,3.88563862612576,1356.0,-108013.0,0.0,0.0,0.0,0.0,0.0,1356.0,0.0,0.0,0.0,empirical-manual
2026-08-08_162501_247149_1_R6_TEST2,TEST2,6,4.125,9,4.038910402915596,0.0,-110093.0,0.0,0.0,0.0,0.0,0.0,0.0,0.0,0.0,0.0,empirical-manual
2026-08-08_162501_247149_1_R6_TEST2,TEST2,6,4.375,15,4.331564426325826,1277.0,-107222.0,0.0,0.0,0.0,0.0,0.0,1277.0,0.0,0.0,0.0,empirical-manual
2026-08-08_162501_247149_1_R6_TEST2,TEST2,6,4.625,10,4.64180820287117,592.0,-108234.5,0.0,0.0,0.0,0.0,0.0,579.0,0.0,0.0,0.0,empirical-manual
2026-08-08_162501_247149_1_R6_TEST2,TEST2,6,4.875,13,4.815543328036252,1266.0,-110372.0,0.0,0.0,0.0,0.0,0.0,1266.0,0.0,0.0,0.0,empirical-manual
2026-08-08_162501_247149_1_R6_TEST2,TEST2,6,5.125,10,5.078281737566078,1584.0,-106490.0,0.0,0.0,0.0,0.0,0.0,1584.0,0.0,0.0,0.0,empirical-manual
2026-08-08_162501_247149_1_R6_TEST2,TEST2,6,5.375,16,5.353330773251406,2275.5,-106458.0,0.0,0.0,0.0,0.0,0.0,2275.5,0.0,0.0,0.0,empirical-manual
2026-08-08_162501_247149_1_R6_TEST2,TEST2,6,5.625,6,5.59245524508605,155.5,-111788.5,0.0,0.0,0.0,0.0,0.0,155.5,0.0,0.0,0.0,empirical-manual
2026-08-08_162501_247149_1_R6_TEST2,TEST2,6,5.875,12,5.851964633509168,2584.0,-105090.0,0.0,0.0,0.0,0.0,0.0,2584.0,0.0,0.0,0.0,empirical-manual
2026-08-08_162501_247149_1_R6_TEST2,TEST2,6,6.125,6,6.085185198007738,2311.0,-106890.0,0.0,0.0,0.0,0.0,0.0,2311.0,0.0,0.0,0.0,empirical-manual
2026-08-08_162501_247149_1_R6_TEST2,TEST2,6,6.375,5,6.447776882726873,4298.0,-103838.0,0.0,0.0,0.0,0.0,0.0,4298.0,0.0,0.0,0.0,empirical-manual
2026-08-08_162501_247149_1_R6_TEST2,TEST2,6,6.625,4,6.600435054934929,1767.0,-105658.5,0.0,0.0,0.0,0.0,0.0,1767.0,0.0,0.0,0.0,empirical-manual
2026-08-08_162501_247149_1_R6_TEST2,TEST2,6,6.875,7,6.869690399080316,1599.0,-107723.0,0.0,0.0,0.0,0.0,0.0,1599.0,0.0,0.0,0.0,empirical-manual
2026-08-08_162501_247149_1_R6_TEST2,TEST2,6,7.125,10,7.110208881113149,1384.5,-105898.0,0.0,0.0,0.0,0.0,0.0,1384.5,0.0,0.0,0.0,empirical-manual
2026-08-08_162501_247149_1_R6_TEST2,TEST2,6,7.375,4,7.399267519284228,4165.0,-102845.0,0.0,0.0,0.0,0.0,0.0,4165.0,0.0,0.0,0.0,empirical-manual
2026-08-08_162501_247149_1_R6_TEST2,TEST2,6,7.625,1,7.647500014403862,221.0,-106656.0,0.0,0.0,0.0,0.0,0.0,221.0,0.0,0.0,0.0,empirical-manual
2026-08-08_162501_247149_1_R6_TEST2,TEST2,6,7.875,7,7.802290421278749,4362.0,-104040.0,0.0,0.0,0.0,0.0,0.0,4362.0,0.0,0.0,0.0,empirical-manual
2026-08-08_162501_247149_1_R6_TEST2,TEST2,6,8.125,2,8.144589384411239,1677.0,-105732.5,0.0,0.0,0.0,0.0,0.0,1677.0,0.0,0.0,0.0,empirical-manual
2026-08-08_162501_247149_1_R6_TEST2,TEST2,6,8.375,7,8.306610057762029,1509.0,-107778.0,0.0,0.0,0.0,0.0,0.0,1509.0,0.0,0.0,0.0,empirical-manual
2026-08-08_162501_247149_1_R6_TEST2,TEST2,6,8.625,8,8.69548123060709,1573.5,-104106.0,0.0,0.0,0.0,0.0,0.0,1537.5,0.0,0.0,0.0,empirical-manual
2026-08-08_162501_247149_1_R6_TEST2,TEST2,6,8.875,3,8.783393228681172,2120.0,-107547.0,0.0,0.0,0.0,0.0,0.0,2120.0,0.0,0.0,0.0,empirical-manual
2026-08-08_162501_247149_1_R6_TEST2,TEST2,6,9.125,1,9.165670978676536,668.0,-101954.0,0.0,0.0,0.0,0.0,0.0,668.0,0.0,0.0,0.0,empirical-manual
2026-08-08_162501_247149_1_R6_TEST2,TEST2,6,9.375,1,9.271602802137236,905.0,-108466.0,0.0,0.0,0.0,0.0,0.0,905.0,0.0,0.0,0.0,empirical-manual
2026-08-08_162501_247149_1_R6_TEST2,TEST2,6,9.625,2,9.650002902256931,2432.0,-105795.0,0.0,0.0,0.0,0.0,0.0,2432.0,0.0,0.0,0.0,empirical-manual
2026-08-08_162501_247149_1_R6_TEST2,TEST2,6,10.125,3,10.074455146421297,1324.0,-107675.0,0.0,0.0,0.0,0.0,0.0,1324.0,0.0,0.0,0.0,empirical-manual
2026-08-08_162501_247149_1_R6_TEST2,TEST2,6,10.375,1,10.289485546387583,702.0,-110877.0,0.0,0.0,0.0,0.0,0.0,702.0,0.0,0.0,0.0,empirical-manual
2026-08-08_162501_247149_1_R6_TEST2,TEST2,6,10.875,1,10.99351458747901,5874.0,-101901.0,0.0,0.0,0.0,0.0,0.0,5874.0,0.0,0.0,0.0,empirical-manual
2026-08-08_162501_247149_1_R6_TEST2,TEST2,6,11.375,1,11.26511190946243,0.0,-109630.0,0.0,0.0,0.0,0.0,0.0,0.0,0.0,0.0,0.0,empirical-manual
2026-08-08_162501_247149_1_R6_TEST2,TEST2,6,11.875,1,11.860045325894555,791.0,-108332.0,0.0,0.0,0.0,0.0,0.0,791.0,0.0,0.0,0.0,empirical-manual
2026-08-08_162501_247149_1_R6_TEST2,TEST2,6,13.125,1,13.120931836394949,0.0,-112778.0,0.0,0.0,0.0,0.0,0.0,0.0,0.0,0.0,0.0,empirical-manual
2026-08-08_162908_674758_1_R6_TEST3,TEST3,6,0.125,1,0.0287351078057544,91.0,-113116.0,91.0,0.0,0.0,0.0,0.0,0.0,0.0,0.0,0.0,empirical-manual
2026-08-08_162908_674758_1_R6_TEST3,TEST3,6,0.375,2,0.34782022107561805,0.0,-109593.0,0.0,0.0,0.0,0.0,0.0,0.0,0.0,0.0,0.0,empirical-manual
2026-08-08_162908_674758_1_R6_TEST3,TEST3,6,0.875,3,0.928957428213628,0.0,-108534.0,0.0,0.0,0.0,0.0,0.0,0.0,0.0,0.0,0.0,empirical-manual
2026-08-08_162908_674758_1_R6_TEST3,TEST3,6,1.125,7,1.0980583125631702,0.0,-112394.0,0.0,0.0,0.0,0.0,0.0,0.0,0.0,0.0,0.0,empirical-manual
2026-08-08_162908_674758_1_R6_TEST3,TEST3,6,1.375,8,1.4111473463877364,27.5,-111287.0,0.0,0.0,0.0,0.0,0.0,27.5,0.0,0.0,0.0,empirical-manual
2026-08-08_162908_674758_1_R6_TEST3,TEST3,6,1.625,11,1.6362358222650255,0.0,-110550.0,0.0,0.0,0.0,0.0,0.0,0.0,0.0,0.0,0.0,empirical-manual
2026-08-08_162908_674758_1_R6_TEST3,TEST3,6,1.875,13,1.917190547941816,0.0,-110540.0,0.0,0.0,0.0,0.0,0.0,0.0,0.0,0.0,0.0,empirical-manual
2026-08-08_162908_674758_1_R6_TEST3,TEST3,6,2.125,7,2.1029740162975536,948.0,-105960.0,0.0,0.0,0.0,0.0,0.0,948.0,0.0,0.0,0.0,empirical-manual
2026-08-08_162908_674758_1_R6_TEST3,TEST3,6,2.375,15,2.3612873062305093,258.0,-108994.0,0.0,0.0,0.0,0.0,0.0,258.0,0.0,0.0,0.0,empirical-manual
2026-08-08_162908_674758_1_R6_TEST3,TEST3,6,2.625,21,2.613327962293215,444.0,-108170.0,0.0,0.0,0.0,0.0,0.0,444.0,0.0,0.0,0.0,empirical-manual
2026-08-08_162908_674758_1_R6_TEST3,TEST3,6,2.875,14,2.8633107475002246,1017.0,-104962.5,0.0,0.0,0.0,0.0,0.0,1017.0,0.0,0.0,0.0,empirical-manual
2026-08-08_162908_674758_1_R6_TEST3,TEST3,6,3.125,16,3.1265431755695277,563.0,-109829.0,0.0,0.0,0.0,0.0,0.0,563.0,0.0,0.0,0.0,empirical-manual
2026-08-08_162908_674758_1_R6_TEST3,TEST3,6,3.375,17,3.385163296440448,1530.0,-106188.0,0.0,0.0,0.0,0.0,0.0,1530.0,0.0,0.0,0.0,empirical-manual
2026-08-08_162908_674758_1_R6_TEST3,TEST3,6,3.625,35,3.612076834839277,1443.0,-105467.0,0.0,0.0,0.0,0.0,0.0,1443.0,0.0,0.0,0.0,empirical-manual
2026-08-08_162908_674758_1_R6_TEST3,TEST3,6,3.875,21,3.840014270782364,1736.0,-108089.0,0.0,0.0,0.0,0.0,0.0,1736.0,0.0,0.0,0.0,empirical-manual
2026-08-08_162908_674758_1_R6_TEST3,TEST3,6,4.125,15,4.151531760125289,1905.0,-104370.0,0.0,0.0,0.0,0.0,0.0,1905.0,0.0,0.0,0.0,empirical-manual
2026-08-08_162908_674758_1_R6_TEST3,TEST3,6,4.375,21,4.3637538181072815,1042.0,-106026.0,0.0,0.0,0.0,0.0,0.0,1042.0,0.0,0.0,0.0,empirical-manual
2026-08-08_162908_674758_1_R6_TEST3,TEST3,6,4.625,22,4.6280948515835245,1726.5,-105747.5,0.0,0.0,0.0,0.0,0.0,1652.5,0.0,0.0,0.0,empirical-manual
2026-08-08_162908_674758_1_R6_TEST3,TEST3,6,4.875,17,4.850391573930383,1958.0,-107989.0,0.0,0.0,0.0,0.0,0.0,1958.0,0.0,0.0,0.0,empirical-manual
2026-08-08_162908_674758_1_R6_TEST3,TEST3,6,5.125,18,5.1534969496439,518.0,-108531.5,0.0,0.0,0.0,0.0,0.0,518.0,0.0,0.0,0.0,empirical-manual
2026-08-08_162908_674758_1_R6_TEST3,TEST3,6,5.375,16,5.37610616281675,1950.0,-105773.5,0.0,0.0,0.0,0.0,0.0,1950.0,0.0,0.0,0.0,empirical-manual
2026-08-08_162908_674758_1_R6_TEST3,TEST3,6,5.625,18,5.635458908789718,672.5,-108331.5,0.0,0.0,0.0,0.0,0.0,672.5,0.0,0.0,0.0,empirical-manual
2026-08-08_162908_674758_1_R6_TEST3,TEST3,6,5.875,25,5.883901895712971,2494.0,-105090.0,0.0,0.0,0.0,0.0,0.0,2494.0,0.0,0.0,0.0,empirical-manual
2026-08-08_162908_674758_1_R6_TEST3,TEST3,6,6.125,12,6.166093478955835,2494.0,-103041.0,0.0,0.0,0.0,0.0,0.0,2494.0,0.0,0.0,0.0,empirical-manual
2026-08-08_162908_674758_1_R6_TEST3,TEST3,6,6.375,7,6.368670376564653,3569.0,-103683.0,0.0,0.0,0.0,0.0,0.0,3569.0,0.0,0.0,0.0,empirical-manual
2026-08-08_162908_674758_1_R6_TEST3,TEST3,6,6.625,7,6.585274673313222,3051.0,-102244.0,0.0,0.0,0.0,0.0,0.0,3051.0,0.0,0.0,0.0,empirical-manual
2026-08-08_162908_674758_1_R6_TEST3,TEST3,6,6.875,13,6.853981395230369,3853.0,-104058.0,0.0,0.0,0.0,0.0,0.0,3853.0,0.0,0.0,0.0,empirical-manual
2026-08-08_162908_674758_1_R6_TEST3,TEST3,6,7.125,4,7.029675383428293,2776.5,-101977.5,0.0,0.0,0.0,0.0,0.0,2776.5,0.0,0.0,0.0,empirical-manual
2026-08-08_162908_674758_1_R6_TEST3,TEST3,6,7.375,4,7.393954081585429,1345.0,-107178.5,0.0,0.0,0.0,0.0,0.0,1326.5,0.0,0.0,0.0,empirical-manual
2026-08-08_162908_674758_1_R6_TEST3,TEST3,6,7.625,5,7.594573400094895,3325.0,-101375.0,0.0,0.0,0.0,0.0,0.0,3325.0,0.0,0.0,0.0,empirical-manual
2026-08-08_162908_674758_1_R6_TEST3,TEST3,6,7.875,10,7.822727080033628,1665.5,-106197.5,0.0,0.0,0.0,0.0,0.0,1653.0,0.0,0.0,0.0,empirical-manual
2026-08-08_162908_674758_1_R6_TEST3,TEST3,6,8.125,3,8.156693709506976,2098.0,-104255.0,0.0,0.0,0.0,0.0,0.0,2098.0,0.0,0.0,0.0,empirical-manual
2026-08-08_162908_674758_1_R6_TEST3,TEST3,6,8.375,1,8.251255355854074,2515.0,-106502.0,0.0,0.0,0.0,0.0,0.0,2515.0,0.0,0.0,0.0,empirical-manual
2026-08-08_162908_674758_1_R6_TEST3,TEST3,6,8.625,1,8.638228810407782,184.0,-110298.0,0.0,0.0,0.0,0.0,0.0,184.0,0.0,0.0,0.0,empirical-manual
2026-08-08_162908_674758_1_R6_TEST3,TEST3,6,8.875,2,8.953807863611356,1415.5,-107740.5,0.0,0.0,0.0,0.0,0.0,1415.5,0.0,0.0,0.0,empirical-manual
2026-08-08_162908_674758_1_R6_TEST3,TEST3,6,9.125,1,9.097127525018452,0.0,-110591.0,0.0,0.0,0.0,0.0,0.0,0.0,0.0,0.0,0.0,empirical-manual
2026-08-08_162908_674758_1_R6_TEST3,TEST3,6,9.375,1,9.416482651633904,0.0,-115120.0,0.0,0.0,0.0,0.0,0.0,0.0,0.0,0.0,0.0,empirical-manual
2026-08-08_162908_674758_1_R6_TEST3,TEST3,6,9.625,2,9.586957794436303,2094.5,-107815.5,0.0,0.0,1.0,0.0,0.0,2093.5,0.0,0.0,0.0,empirical-manual
2026-08-08_162908_674758_1_R6_TEST3,TEST3,6,9.875,2,9.907838990073145,111.5,-107989.5,0.0,0.0,10.5,0.0,0.0,101.0,0.0,0.0,0.0,empirical-manual
2026-08-08_162908_674758_1_R6_TEST3,TEST3,6,11.375,1,11.38417538253682,0.0,-112393.0,0.0,0.0,0.0,0.0,0.0,0.0,0.0,0.0,0.0,empirical-manual
2026-08-08_163226_958318_1_R6_TEST4,TEST4,6,0.125,2,0.08971113164409689,0.0,-111630.5,0.0,0.0,0.0,0.0,0.0,0.0,0.0,0.0,0.0,empirical-manual
2026-08-08_163226_958318_1_R6_TEST4,TEST4,6,0.375,2,0.39745692245667286,0.0,-111370.0,0.0,0.0,0.0,0.0,0.0,0.0,0.0,0.0,0.0,empirical-manual
2026-08-08_163226_958318_1_R6_TEST4,TEST4,6,0.625,4,0.6931457864945079,0.0,-113854.0,0.0,0.0,0.0,0.0,0.0,0.0,0.0,0.0,0.0,empirical-manual
2026-08-08_163226_958318_1_R6_TEST4,TEST4,6,0.875,11,0.8714876886613991,0.0,-109761.0,0.0,0.0,0.0,0.0,0.0,0.0,0.0,0.0,0.0,empirical-manual
2026-08-08_163226_958318_1_R6_TEST4,TEST4,6,1.125,14,1.0973642827137784,0.0,-109329.0,0.0,0.0,0.0,0.0,0.0,0.0,0.0,0.0,0.0,empirical-manual
2026-08-08_163226_958318_1_R6_TEST4,TEST4,6,1.375,29,1.368920350725419,78.0,-108603.0,0.0,0.0,0.0,0.0,0.0,78.0,0.0,0.0,0.0,empirical-manual
2026-08-08_163226_958318_1_R6_TEST4,TEST4,6,1.625,34,1.6086066587952796,10.0,-110372.5,0.0,0.0,0.0,0.0,0.0,0.0,0.0,0.0,0.0,empirical-manual
2026-08-08_163226_958318_1_R6_TEST4,TEST4,6,1.875,35,1.8878574649829292,0.0,-109203.0,0.0,0.0,0.0,0.0,0.0,0.0,0.0,0.0,0.0,empirical-manual
2026-08-08_163226_958318_1_R6_TEST4,TEST4,6,2.125,50,2.1425371404789146,466.5,-108392.5,0.0,0.0,0.0,0.0,0.0,466.5,0.0,0.0,0.0,empirical-manual
2026-08-08_163226_958318_1_R6_TEST4,TEST4,6,2.375,38,2.390499767029694,252.5,-108403.5,0.0,0.0,0.0,0.0,0.0,252.5,0.0,0.0,0.0,empirical-manual
2026-08-08_163226_958318_1_R6_TEST4,TEST4,6,2.625,33,2.62563050109078,269.0,-108376.0,0.0,0.0,0.0,0.0,0.0,262.0,0.0,0.0,0.0,empirical-manual
2026-08-08_163226_958318_1_R6_TEST4,TEST4,6,2.875,30,2.8852860495583625,490.0,-107677.0,0.0,0.0,0.0,0.0,0.0,490.0,0.0,0.0,0.0,empirical-manual
2026-08-08_163226_958318_1_R6_TEST4,TEST4,6,3.125,23,3.083392557758034,790.0,-105841.0,0.0,0.0,0.0,0.0,0.0,790.0,0.0,0.0,0.0,empirical-manual
2026-08-08_163226_958318_1_R6_TEST4,TEST4,6,3.375,23,3.361483714243211,1115.0,-106445.0,0.0,0.0,0.0,0.0,0.0,1115.0,0.0,0.0,0.0,empirical-manual
2026-08-08_163226_958318_1_R6_TEST4,TEST4,6,3.625,15,3.5988212703159945,347.0,-105941.0,0.0,0.0,0.0,0.0,0.0,347.0,0.0,0.0,0.0,empirical-manual
2026-08-08_163226_958318_1_R6_TEST4,TEST4,6,3.875,14,3.8451957853548655,907.5,-107398.0,0.0,0.0,0.0,0.0,0.0,827.0,0.0,0.0,0.0,empirical-manual
2026-08-08_163226_958318_1_R6_TEST4,TEST4,6,4.125,11,4.080903465744969,1987.0,-105651.0,0.0,0.0,0.0,0.0,0.0,1987.0,0.0,0.0,0.0,empirical-manual
2026-08-08_163226_958318_1_R6_TEST4,TEST4,6,4.375,5,4.337396353677939,3831.0,-104904.0,0.0,0.0,0.0,0.0,0.0,3831.0,0.0,0.0,0.0,empirical-manual
2026-08-08_163226_958318_1_R6_TEST4,TEST4,6,4.625,9,4.608281311397526,3230.0,-101972.0,0.0,0.0,0.0,0.0,0.0,3108.0,0.0,0.0,0.0,empirical-manual
2026-08-08_163226_958318_1_R6_TEST4,TEST4,6,4.875,14,4.8280514567577,1771.5,-105792.5,0.0,0.0,0.0,0.0,0.0,1771.5,0.0,0.0,0.0,empirical-manual
2026-08-08_163226_958318_1_R6_TEST4,TEST4,6,5.125,16,5.16951244536367,2526.0,-103338.0,0.0,0.0,0.0,0.0,0.0,2526.0,0.0,0.0,0.0,empirical-manual
2026-08-08_163226_958318_1_R6_TEST4,TEST4,6,5.375,8,5.3879295299447945,4195.5,-100626.0,0.0,0.0,0.0,0.0,0.0,4195.5,0.0,0.0,0.0,empirical-manual
2026-08-08_163226_958318_1_R6_TEST4,TEST4,6,5.625,2,5.672548840731135,42.5,-113615.0,0.0,0.0,0.0,0.0,0.0,42.5,0.0,0.0,0.0,empirical-manual
2026-08-08_163226_958318_1_R6_TEST4,TEST4,6,5.875,5,5.860172942694327,4883.0,-100518.0,0.0,0.0,0.0,0.0,0.0,4883.0,0.0,0.0,0.0,empirical-manual
2026-08-08_163226_958318_1_R6_TEST4,TEST4,6,6.125,1,6.046855017373675,2749.0,-101462.0,0.0,0.0,0.0,0.0,0.0,2749.0,0.0,0.0,0.0,empirical-manual
2026-08-08_163226_958318_1_R6_TEST4,TEST4,6,6.375,1,6.425890963376866,2359.0,-104521.0,0.0,0.0,0.0,0.0,0.0,2359.0,0.0,0.0,0.0,empirical-manual
2026-08-08_163226_958318_1_R6_TEST4,TEST4,6,6.625,4,6.600932772139994,6670.0,-96415.0,0.0,0.0,0.0,0.0,0.0,6670.0,0.0,0.0,0.0,empirical-manual
2026-08-08_163226_958318_1_R6_TEST4,TEST4,6,6.875,2,6.8493212187533095,314.5,-110276.0,0.0,0.0,41.5,0.0,0.0,273.0,0.0,0.0,0.0,empirical-manual
2026-08-08_163226_958318_1_R6_TEST4,TEST4,6,7.125,2,7.114237815590566,6272.5,-96613.0,0.0,0.0,0.0,0.0,0.0,6272.5,0.0,0.0,0.0,empirical-manual
2026-08-08_163226_958318_1_R6_TEST4,TEST4,6,7.375,2,7.269429227867235,5688.0,-98167.5,24.0,86.0,0.0,0.0,0.0,5578.0,0.0,0.0,0.0,empirical-manual
2026-08-08_163226_958318_1_R6_TEST4,TEST4,6,7.625,3,7.612815439451526,3783.0,-104146.0,0.0,0.0,0.0,0.0,0.0,3783.0,0.0,0.0,0.0,empirical-manual
2026-08-08_163226_958318_1_R6_TEST4,TEST4,6,7.875,2,7.826187918920726,1774.0,-104749.5,0.0,0.0,16.5,0.0,0.0,1757.5,0.0,0.0,0.0,empirical-manual
2026-08-08_163226_958318_1_R6_TEST4,TEST4,6,8.125,1,8.03325553741398,3086.0,-105622.0,0.0,0.0,0.0,0.0,0.0,3086.0,0.0,0.0,0.0,empirical-manual
2026-08-08_163226_958318_1_R6_TEST4,TEST4,6,8.375,1,8.280904972348353,128.0,-111480.0,128.0,0.0,0.0,0.0,0.0,0.0,0.0,0.0,0.0,empirical-manual
2026-08-08_163226_958318_1_R6_TEST4,TEST4,6,8.625,1,8.698156914740704,0.0,-107564.0,0.0,0.0,0.0,0.0,0.0,0.0,0.0,0.0,0.0,empirical-manual
2026-08-08_163226_958318_1_R6_TEST4,TEST4,6,9.125,1,9.099032290208184,2178.0,-100953.0,0.0,0.0,0.0,0.0,0.0,2178.0,0.0,0.0,0.0,empirical-manual
2026-08-08_163226_958318_1_R6_TEST4,TEST4,6,9.875,1,9.90177842673751,0.0,-109624.0,0.0,0.0,0.0,0.0,0.0,0.0,0.0,0.0,0.0,empirical-manual
2026-08-08_163226_958318_1_R6_TEST4,TEST4,6,10.375,1,10.386035565181109,561.0,-107336.0,0.0,0.0,0.0,0.0,0.0,561.0,0.0,0.0,0.0,empirical-manual
2026-08-08_163341_567723_1_R6_TEST5,TEST5,6,0.125,4,0.08341461728721755,0.0,-109958.0,0.0,0.0,0.0,0.0,0.0,0.0,0.0,0.0,0.0,empirical-manual
2026-08-08_163341_567723_1_R6_TEST5,TEST5,6,0.375,2,0.3691581642507811,87.5,-109547.0,0.0,0.0,0.0,0.0,0.0,0.0,87.5,0.0,0.0,empirical-manual
2026-08-08_163341_567723_1_R6_TEST5,TEST5,6,0.625,1,0.5811829756590677,0.0,-108793.0,0.0,0.0,0.0,0.0,0.0,0.0,0.0,0.0,0.0,empirical-manual
2026-08-08_163341_567723_1_R6_TEST5,TEST5,6,0.875,1,0.9159048466144504,0.0,-108501.0,0.0,0.0,0.0,0.0,0.0,0.0,0.0,0.0,0.0,empirical-manual
2026-08-08_163341_567723_1_R6_TEST5,TEST5,6,1.125,3,1.2101284031442288,321.0,-109830.0,0.0,0.0,0.0,0.0,0.0,321.0,0.0,0.0,0.0,empirical-manual
2026-08-08_163341_567723_1_R6_TEST5,TEST5,6,1.375,5,1.3054309767947534,169.0,-107148.0,0.0,0.0,0.0,0.0,0.0,169.0,0.0,0.0,0.0,empirical-manual
2026-08-08_163341_567723_1_R6_TEST5,TEST5,6,1.625,4,1.6231531433948791,214.0,-109088.0,0.0,0.0,0.0,0.0,0.0,214.0,0.0,0.0,0.0,empirical-manual
2026-08-08_163341_567723_1_R6_TEST5,TEST5,6,1.875,11,1.8770474171385176,0.0,-110436.0,0.0,0.0,0.0,0.0,0.0,0.0,0.0,0.0,0.0,empirical-manual
2026-08-08_163341_567723_1_R6_TEST5,TEST5,6,2.125,11,2.12106454721219,576.0,-108239.0,0.0,0.0,0.0,0.0,0.0,576.0,0.0,0.0,0.0,empirical-manual
2026-08-08_163341_567723_1_R6_TEST5,TEST5,6,2.375,24,2.352031488657246,728.5,-107991.0,0.0,0.0,0.0,0.0,0.0,728.5,0.0,0.0,0.0,empirical-manual
2026-08-08_163341_567723_1_R6_TEST5,TEST5,6,2.625,18,2.6258783450961456,869.0,-110340.0,0.0,0.0,0.0,0.0,0.0,846.5,0.0,0.0,0.0,empirical-manual
2026-08-08_163341_567723_1_R6_TEST5,TEST5,6,2.875,13,2.876223175904799,1203.0,-108454.0,0.0,0.0,0.0,0.0,0.0,1203.0,0.0,0.0,0.0,empirical-manual
2026-08-08_163341_567723_1_R6_TEST5,TEST5,6,3.125,23,3.105913967371148,616.0,-110080.0,0.0,0.0,0.0,0.0,0.0,591.0,0.0,0.0,0.0,empirical-manual
2026-08-08_163341_567723_1_R6_TEST5,TEST5,6,3.375,20,3.3846400347399577,1174.5,-108147.5,0.0,0.0,0.0,0.0,0.0,1142.5,0.0,0.0,0.0,empirical-manual
2026-08-08_163341_567723_1_R6_TEST5,TEST5,6,3.625,24,3.6177644396183624,741.5,-108435.5,0.0,0.0,0.0,0.0,0.0,741.5,0.0,0.0,0.0,empirical-manual
2026-08-08_163341_567723_1_R6_TEST5,TEST5,6,3.875,24,3.8868447718422425,1650.5,-108093.0,0.0,0.0,0.0,0.0,0.0,1650.5,0.0,0.0,0.0,empirical-manual
2026-08-08_163341_567723_1_R6_TEST5,TEST5,6,4.125,19,4.176327858526883,1334.0,-108271.0,0.0,0.0,0.0,0.0,0.0,1334.0,0.0,0.0,0.0,empirical-manual
2026-08-08_163341_567723_1_R6_TEST5,TEST5,6,4.375,13,4.338766056548694,2449.0,-106072.0,0.0,0.0,0.0,0.0,0.0,2449.0,0.0,0.0,0.0,empirical-manual
2026-08-08_163341_567723_1_R6_TEST5,TEST5,6,4.625,16,4.576857363264452,2171.0,-107258.0,0.0,0.0,0.0,0.0,0.0,2171.0,0.0,0.0,0.0,empirical-manual
2026-08-08_163341_567723_1_R6_TEST5,TEST5,6,4.875,15,4.837443941183405,2220.0,-106287.0,0.0,0.0,0.0,0.0,0.0,2220.0,0.0,0.0,0.0,empirical-manual
2026-08-08_163341_567723_1_R6_TEST5,TEST5,6,5.125,10,5.149717850728834,2590.0,-104572.5,0.0,0.0,0.0,0.0,0.0,2590.0,0.0,0.0,0.0,empirical-manual
2026-08-08_163341_567723_1_R6_TEST5,TEST5,6,5.375,12,5.4220709587459925,1130.0,-108795.5,0.0,0.0,0.0,0.0,0.0,1130.0,0.0,0.0,0.0,empirical-manual
2026-08-08_163341_567723_1_R6_TEST5,TEST5,6,5.625,7,5.64190312492515,2121.0,-106066.0,0.0,0.0,0.0,0.0,0.0,2053.0,0.0,0.0,0.0,empirical-manual
2026-08-08_163341_567723_1_R6_TEST5,TEST5,6,5.875,7,5.8539009603578425,3489.0,-106865.0,0.0,0.0,0.0,0.0,0.0,3489.0,0.0,0.0,0.0,empirical-manual
2026-08-08_163341_567723_1_R6_TEST5,TEST5,6,6.125,3,6.100783682814791,2192.0,-102743.0,0.0,0.0,0.0,0.0,0.0,2192.0,0.0,0.0,0.0,empirical-manual
2026-08-08_163341_567723_1_R6_TEST5,TEST5,6,6.375,2,6.440429526187277,2260.0,-104773.5,0.0,0.0,0.0,0.0,0.0,2260.0,0.0,0.0,0.0,empirical-manual
2026-08-08_163341_567723_1_R6_TEST5,TEST5,6,6.875,5,6.854782406728614,2624.0,-104969.0,0.0,0.0,0.0,0.0,0.0,2624.0,0.0,0.0,0.0,empirical-manual
2026-08-08_163341_567723_1_R6_TEST5,TEST5,6,7.125,4,7.13964195944748,3031.0,-107756.5,0.0,0.0,0.0,0.0,0.0,3031.0,0.0,0.0,0.0,empirical-manual
2026-08-08_163341_567723_1_R6_TEST5,TEST5,6,7.625,3,7.547099240783281,2003.0,-103215.0,0.0,0.0,0.0,0.0,0.0,2003.0,0.0,0.0,0.0,empirical-manual
2026-08-08_163341_567723_1_R6_TEST5,TEST5,6,7.875,1,7.903810945644084,2392.0,-103881.0,0.0,0.0,0.0,0.0,0.0,2392.0,0.0,0.0,0.0,empirical-manual
2026-08-08_163341_567723_1_R6_TEST5,TEST5,6,8.125,2,8.21311788517867,4461.0,-100972.5,0.0,0.0,0.0,0.0,0.0,4461.0,0.0,0.0,0.0,empirical-manual
2026-08-08_163440_118112_1_R6_TEST6,TEST6,6,0.125,6,0.033361024474221096,0.0,-108278.5,0.0,0.0,0.0,0.0,0.0,0.0,0.0,0.0,0.0,empirical-manual
2026-08-08_163440_118112_1_R6_TEST6,TEST6,6,0.375,2,0.3843341646416708,0.0,-108155.0,0.0,0.0,0.0,0.0,0.0,0.0,0.0,0.0,0.0,empirical-manual
2026-08-08_163440_118112_1_R6_TEST6,TEST6,6,0.875,3,0.8795704526828662,0.0,-110977.0,0.0,0.0,0.0,0.0,0.0,0.0,0.0,0.0,0.0,empirical-manual
2026-08-08_163440_118112_1_R6_TEST6,TEST6,6,1.125,10,1.1913979988900727,0.0,-109974.0,0.0,0.0,0.0,0.0,0.0,0.0,0.0,0.0,0.0,empirical-manual
2026-08-08_163440_118112_1_R6_TEST6,TEST6,6,1.375,42,1.3909537157864085,0.0,-109543.5,0.0,0.0,0.0,0.0,0.0,0.0,0.0,0.0,0.0,empirical-manual
2026-08-08_163440_118112_1_R6_TEST6,TEST6,6,1.625,46,1.6481322535509113,0.0,-109707.0,0.0,0.0,0.0,0.0,0.0,0.0,0.0,0.0,0.0,empirical-manual
2026-08-08_163440_118112_1_R6_TEST6,TEST6,6,1.875,53,1.82286886363385,0.0,-109998.0,0.0,0.0,0.0,0.0,0.0,0.0,0.0,0.0,0.0,empirical-manual
2026-08-08_163440_118112_1_R6_TEST6,TEST6,6,2.125,36,2.1354740929002975,107.0,-109146.0,0.0,0.0,0.0,0.0,0.0,90.0,0.0,0.0,0.0,empirical-manual
2026-08-08_163440_118112_1_R6_TEST6,TEST6,6,2.375,32,2.355934319063255,100.0,-109605.0,0.0,0.0,0.0,0.0,0.0,72.0,0.0,0.0,0.0,empirical-manual
2026-08-08_163440_118112_1_R6_TEST6,TEST6,6,2.625,28,2.6619241396485416,318.5,-109090.0,0.0,0.0,0.0,0.0,0.0,318.5,0.0,0.0,0.0,empirical-manual
2026-08-08_163440_118112_1_R6_TEST6,TEST6,6,2.875,22,2.8485894191246235,360.0,-109147.0,0.0,0.0,0.0,0.0,0.0,359.5,0.0,0.0,0.0,empirical-manual
2026-08-08_163440_118112_1_R6_TEST6,TEST6,6,3.125,11,3.0580264116863267,311.0,-107663.0,0.0,0.0,0.0,0.0,0.0,311.0,0.0,0.0,0.0,empirical-manual
2026-08-08_163440_118112_1_R6_TEST6,TEST6,6,3.375,11,3.3350636974950736,187.0,-107230.0,0.0,0.0,0.0,0.0,0.0,187.0,0.0,0.0,0.0,empirical-manual
2026-08-08_163440_118112_1_R6_TEST6,TEST6,6,3.625,5,3.6505733970812666,444.0,-105979.0,0.0,0.0,0.0,0.0,0.0,444.0,0.0,0.0,0.0,empirical-manual
2026-08-08_163440_118112_1_R6_TEST6,TEST6,6,3.875,9,3.911542914443634,1348.0,-105295.0,0.0,0.0,0.0,0.0,0.0,1348.0,0.0,0.0,0.0,empirical-manual
2026-08-08_163440_118112_1_R6_TEST6,TEST6,6,4.125,12,4.120188565647185,701.5,-108880.0,0.0,0.0,0.0,0.0,0.0,701.5,0.0,0.0,0.0,empirical-manual
2026-08-08_163440_118112_1_R6_TEST6,TEST6,6,4.375,11,4.349199693206156,1023.0,-105953.0,0.0,0.0,0.0,0.0,0.0,1023.0,0.0,0.0,0.0,empirical-manual
2026-08-08_163440_118112_1_R6_TEST6,TEST6,6,4.625,7,4.593624872134833,708.0,-107221.0,0.0,0.0,0.0,0.0,0.0,700.0,0.0,0.0,0.0,empirical-manual
2026-08-08_163440_118112_1_R6_TEST6,TEST6,6,4.875,7,4.875690050600121,1510.0,-108379.0,0.0,0.0,0.0,0.0,0.0,1469.0,0.0,0.0,0.0,empirical-manual
2026-08-08_163440_118112_1_R6_TEST6,TEST6,6,5.125,1,5.042689400288019,2029.0,-102887.0,0.0,0.0,0.0,0.0,0.0,2029.0,0.0,0.0,0.0,empirical-manual
2026-08-08_163440_118112_1_R6_TEST6,TEST6,6,5.375,5,5.430606568874426,1183.0,-106071.0,0.0,0.0,0.0,0.0,0.0,1183.0,0.0,0.0,0.0,empirical-manual
2026-08-08_163440_118112_1_R6_TEST6,TEST6,6,5.625,4,5.679020796616369,1805.0,-103965.0,0.0,0.0,0.0,0.0,0.0,1805.0,0.0,0.0,0.0,empirical-manual
2026-08-08_163440_118112_1_R6_TEST6,TEST6,6,5.875,4,5.907387078059434,953.0,-106005.5,22.5,0.0,0.0,0.0,0.0,930.5,0.0,0.0,0.0,empirical-manual
2026-08-08_163440_118112_1_R6_TEST6,TEST6,6,6.125,3,6.02756515533442,2917.0,-100292.0,0.0,0.0,0.0,0.0,0.0,2917.0,0.0,0.0,0.0,empirical-manual
2026-08-08_163440_118112_1_R6_TEST6,TEST6,6,6.375,3,6.316959657536824,887.0,-108497.0,0.0,0.0,0.0,0.0,0.0,887.0,0.0,0.0,0.0,empirical-manual
2026-08-08_163440_118112_1_R6_TEST6,TEST6,6,6.625,2,6.607028166199093,3409.5,-98448.0,0.0,16.0,0.0,0.0,0.0,3393.5,0.0,0.0,0.0,empirical-manual
2026-08-08_163440_118112_1_R6_TEST6,TEST6,6,7.625,1,7.64546526612589,613.0,-107055.0,0.0,0.0,0.0,0.0,0.0,613.0,0.0,0.0,0.0,empirical-manual
2026-08-08_163730_874069_1_R7_TEST2,TEST2,7,0.125,1,0.0540754177633501,184.0,-108098.0,184.0,0.0,0.0,0.0,0.0,0.0,0.0,0.0,0.0,empirical-manual
2026-08-08_163730_874069_1_R7_TEST2,TEST2,7,0.375,3,0.4366596850492013,0.0,-109320.0,0.0,0.0,0.0,0.0,0.0,0.0,0.0,0.0,0.0,empirical-manual
2026-08-08_163730_874069_1_R7_TEST2,TEST2,7,0.625,8,0.5415204193032117,0.0,-111712.5,0.0,0.0,0.0,0.0,0.0,0.0,0.0,0.0,0.0,empirical-manual
2026-08-08_163730_874069_1_R7_TEST2,TEST2,7,0.875,12,0.8890999144470286,0.0,-109051.0,0.0,0.0,0.0,0.0,0.0,0.0,0.0,0.0,0.0,empirical-manual
2026-08-08_163730_874069_1_R7_TEST2,TEST2,7,1.125,31,1.1256797130270082,1.0,-109503.0,0.0,0.0,0.0,0.0,0.0,0.0,0.0,0.0,0.0,empirical-manual
2026-08-08_163730_874069_1_R7_TEST2,TEST2,7,1.375,31,1.358090366027705,160.0,-108469.0,0.0,0.0,0.0,0.0,0.0,0.0,135.0,0.0,0.0,empirical-manual
2026-08-08_163730_874069_1_R7_TEST2,TEST2,7,1.625,27,1.599796358716267,88.0,-109361.0,0.0,0.0,0.0,0.0,0.0,0.0,88.0,0.0,0.0,empirical-manual
2026-08-08_163730_874069_1_R7_TEST2,TEST2,7,1.875,31,1.859255431464664,201.0,-108877.0,0.0,0.0,0.0,0.0,0.0,0.0,79.0,0.0,0.0,empirical-manual
2026-08-08_163730_874069_1_R7_TEST2,TEST2,7,2.125,20,2.0725921106789174,74.5,-108974.0,0.0,0.0,0.0,0.0,0.0,0.0,74.5,0.0,0.0,empirical-manual
2026-08-08_163730_874069_1_R7_TEST2,TEST2,7,2.375,14,2.2947070973267563,50.0,-109090.0,0.0,0.0,0.0,0.0,0.0,0.0,17.5,0.0,0.0,empirical-manual
2026-08-08_163730_874069_1_R7_TEST2,TEST2,7,2.625,18,2.6297170607026112,37.5,-110483.0,0.0,0.0,0.0,0.0,0.0,0.0,37.5,0.0,0.0,empirical-manual
2026-08-08_163730_874069_1_R7_TEST2,TEST2,7,2.875,19,2.9159700109256246,123.0,-109913.0,0.0,0.0,0.0,0.0,0.0,0.0,123.0,0.0,0.0,empirical-manual
2026-08-08_163730_874069_1_R7_TEST2,TEST2,7,3.125,15,3.1487229329823627,6.0,-107718.0,0.0,0.0,0.0,0.0,0.0,0.0,0.0,0.0,0.0,empirical-manual
2026-08-08_163730_874069_1_R7_TEST2,TEST2,7,3.375,13,3.371699550070884,209.0,-107335.0,0.0,0.0,0.0,0.0,0.0,0.0,209.0,0.0,0.0,empirical-manual
2026-08-08_163730_874069_1_R7_TEST2,TEST2,7,3.625,12,3.6077345824525224,0.0,-110545.0,0.0,0.0,0.0,0.0,0.0,0.0,0.0,0.0,0.0,empirical-manual
2026-08-08_163730_874069_1_R7_TEST2,TEST2,7,3.875,11,3.9206735149263694,222.0,-108375.0,0.0,0.0,0.0,0.0,0.0,0.0,222.0,0.0,0.0,empirical-manual
2026-08-08_163730_874069_1_R7_TEST2,TEST2,7,4.125,11,4.160959061491228,0.0,-108929.0,0.0,0.0,0.0,0.0,0.0,0.0,0.0,0.0,0.0,empirical-manual
2026-08-08_163730_874069_1_R7_TEST2,TEST2,7,4.375,12,4.387197951634273,326.5,-106604.5,0.0,0.0,0.0,0.0,0.0,0.0,326.5,0.0,0.0,empirical-manual
2026-08-08_163730_874069_1_R7_TEST2,TEST2,7,4.625,13,4.654612417261901,0.0,-109787.0,0.0,0.0,0.0,0.0,0.0,0.0,0.0,0.0,0.0,empirical-manual
2026-08-08_163730_874069_1_R7_TEST2,TEST2,7,4.875,3,4.855211789479322,1495.0,-101533.0,0.0,0.0,0.0,0.0,0.0,0.0,1495.0,0.0,0.0,empirical-manual
2026-08-08_163730_874069_1_R7_TEST2,TEST2,7,5.125,10,5.1552318587695805,123.0,-109361.5,0.0,0.0,0.0,0.0,0.0,0.0,123.0,0.0,0.0,empirical-manual
2026-08-08_163730_874069_1_R7_TEST2,TEST2,7,5.375,8,5.323135450337686,534.0,-106693.5,0.0,0.0,0.0,0.0,0.0,0.0,511.0,0.0,0.0,empirical-manual
2026-08-08_163730_874069_1_R7_TEST2,TEST2,7,5.625,6,5.724333663071757,1545.5,-105169.0,0.0,0.0,0.0,0.0,0.0,0.0,1482.5,0.0,0.0,empirical-manual
2026-08-08_163730_874069_1_R7_TEST2,TEST2,7,5.875,7,5.903925714437628,175.0,-107319.0,0.0,0.0,0.0,0.0,0.0,0.0,0.0,0.0,0.0,empirical-manual
2026-08-08_163730_874069_1_R7_TEST2,TEST2,7,6.125,8,6.116919854202396,971.5,-103871.0,0.0,0.0,0.0,0.0,0.0,0.0,935.5,0.0,0.0,empirical-manual
2026-08-08_163730_874069_1_R7_TEST2,TEST2,7,6.375,7,6.378875473201628,103.0,-108403.0,0.0,0.0,0.0,0.0,0.0,0.0,0.0,0.0,0.0,empirical-manual
2026-08-08_163730_874069_1_R7_TEST2,TEST2,7,6.625,10,6.591063604409047,546.5,-105625.0,0.0,0.0,0.0,0.0,0.0,0.0,546.5,0.0,0.0,empirical-manual
2026-08-08_163730_874069_1_R7_TEST2,TEST2,7,6.875,5,6.934228268658254,990.0,-102961.0,0.0,0.0,0.0,0.0,0.0,0.0,990.0,0.0,0.0,empirical-manual
2026-08-08_163730_874069_1_R7_TEST2,TEST2,7,7.125,4,7.168259257102132,735.5,-109217.0,0.0,0.0,0.0,0.0,0.0,0.0,735.5,0.0,0.0,empirical-manual
2026-08-08_163730_874069_1_R7_TEST2,TEST2,7,7.375,2,7.4646515795394865,0.0,-108645.0,0.0,0.0,0.0,0.0,0.0,0.0,0.0,0.0,0.0,empirical-manual
2026-08-08_163730_874069_1_R7_TEST2,TEST2,7,7.625,4,7.616657969305881,464.5,-106276.5,0.0,0.0,0.0,0.0,0.0,0.0,464.5,0.0,0.0,empirical-manual
2026-08-08_163730_874069_1_R7_TEST2,TEST2,7,7.875,2,7.824168384361778,3356.5,-101128.5,0.0,0.0,0.0,0.0,0.0,0.0,3356.5,0.0,0.0,empirical-manual
2026-08-08_163730_874069_1_R7_TEST2,TEST2,7,8.125,1,8.055081550887493,0.0,-110878.0,0.0,0.0,0.0,0.0,0.0,0.0,0.0,0.0,0.0,empirical-manual
2026-08-08_163730_874069_1_R7_TEST2,TEST2,7,8.375,2,8.416506365515389,0.0,-111572.0,0.0,0.0,0.0,0.0,0.0,0.0,0.0,0.0,0.0,empirical-manual
2026-08-08_163730_874069_1_R7_TEST2,TEST2,7,8.625,2,8.559448501969007,412.5,-111135.0,0.0,0.0,0.0,0.0,0.0,0.0,412.5,0.0,0.0,empirical-manual
2026-08-08_163730_874069_1_R7_TEST2,TEST2,7,8.875,1,8.860834613543776,1879.0,-106844.0,0.0,0.0,0.0,0.0,0.0,0.0,1879.0,0.0,0.0,empirical-manual
2026-08-08_163730_874069_1_R7_TEST2,TEST2,7,9.875,1,9.754157546389004,0.0,-111426.0,0.0,0.0,0.0,0.0,0.0,0.0,0.0,0.0,0.0,empirical-manual
2026-08-08_163837_086088_1_R7_TEST3,TEST3,7,0.125,3,0.1152016952535446,0.0,-111590.0,0.0,0.0,0.0,0.0,0.0,0.0,0.0,0.0,0.0,empirical-manual
2026-08-08_163837_086088_1_R7_TEST3,TEST3,7,0.375,2,0.3206816355407248,0.0,-109443.5,0.0,0.0,0.0,0.0,0.0,0.0,0.0,0.0,0.0,empirical-manual
2026-08-08_163837_086088_1_R7_TEST3,TEST3,7,0.625,1,0.6464838264181617,0.0,-113035.0,0.0,0.0,0.0,0.0,0.0,0.0,0.0,0.0,0.0,empirical-manual
2026-08-08_163837_086088_1_R7_TEST3,TEST3,7,0.875,5,0.8981114108584973,0.0,-108962.0,0.0,0.0,0.0,0.0,0.0,0.0,0.0,0.0,0.0,empirical-manual
2026-08-08_163837_086088_1_R7_TEST3,TEST3,7,1.125,2,1.2010818547265327,122.5,-108034.5,0.0,0.0,0.0,0.0,0.0,0.0,122.5,0.0,0.0,empirical-manual
2026-08-08_163837_086088_1_R7_TEST3,TEST3,7,1.375,2,1.3000302940196309,111.5,-105918.0,0.0,0.0,0.0,0.0,0.0,0.0,111.5,0.0,0.0,empirical-manual
2026-08-08_163837_086088_1_R7_TEST3,TEST3,7,1.625,5,1.6710003524856143,480.0,-110431.0,0.0,0.0,0.0,0.0,0.0,0.0,480.0,0.0,0.0,empirical-manual
2026-08-08_163837_086088_1_R7_TEST3,TEST3,7,1.875,12,1.903972525558947,398.5,-109073.0,0.0,0.0,0.0,0.0,0.0,0.0,398.5,0.0,0.0,empirical-manual
2026-08-08_163837_086088_1_R7_TEST3,TEST3,7,2.125,13,2.141628278252345,367.0,-107707.0,0.0,0.0,0.0,0.0,0.0,0.0,185.0,0.0,0.0,empirical-manual
2026-08-08_163837_086088_1_R7_TEST3,TEST3,7,2.375,21,2.3769824974549736,448.0,-109280.0,0.0,0.0,0.0,0.0,0.0,0.0,448.0,0.0,0.0,empirical-manual
2026-08-08_163837_086088_1_R7_TEST3,TEST3,7,2.625,24,2.6579583298681366,190.5,-109580.5,0.0,0.0,0.0,0.0,0.0,0.0,190.5,0.0,0.0,empirical-manual
2026-08-08_163837_086088_1_R7_TEST3,TEST3,7,2.875,18,2.8889538905352334,514.0,-109209.0,0.0,0.0,0.0,0.0,0.0,0.0,306.0,0.0,0.0,empirical-manual
2026-08-08_163837_086088_1_R7_TEST3,TEST3,7,3.125,15,3.1774491883511256,325.0,-108622.0,0.0,0.0,0.0,0.0,0.0,0.0,325.0,0.0,0.0,empirical-manual
2026-08-08_163837_086088_1_R7_TEST3,TEST3,7,3.375,15,3.388184361831145,316.0,-108788.0,0.0,0.0,0.0,0.0,0.0,0.0,316.0,0.0,0.0,empirical-manual
2026-08-08_163837_086088_1_R7_TEST3,TEST3,7,3.625,13,3.660158898372732,677.0,-107820.0,0.0,0.0,0.0,0.0,0.0,0.0,677.0,0.0,0.0,empirical-manual
2026-08-08_163837_086088_1_R7_TEST3,TEST3,7,3.875,21,3.823281227132952,18.0,-110046.0,0.0,0.0,0.0,0.0,0.0,0.0,18.0,0.0,0.0,empirical-manual
2026-08-08_163837_086088_1_R7_TEST3,TEST3,7,4.125,23,4.085918465812231,765.0,-106656.0,0.0,0.0,0.0,0.0,0.0,0.0,765.0,0.0,0.0,empirical-manual
2026-08-08_163837_086088_1_R7_TEST3,TEST3,7,4.375,12,4.295219967579724,99.5,-109007.5,0.0,0.0,0.0,0.0,0.0,0.0,76.0,0.0,0.0,empirical-manual
2026-08-08_163837_086088_1_R7_TEST3,TEST3,7,4.625,18,4.66873946798556,441.5,-107212.0,0.0,0.0,0.0,0.0,0.0,0.0,441.5,0.0,0.0,empirical-manual
2026-08-08_163837_086088_1_R7_TEST3,TEST3,7,4.875,12,4.889637441221979,283.0,-109776.5,0.0,0.0,0.0,0.0,0.0,0.0,283.0,0.0,0.0,empirical-manual
2026-08-08_163837_086088_1_R7_TEST3,TEST3,7,5.125,9,5.147784676613311,29.0,-109609.0,0.0,0.0,0.0,0.0,0.0,0.0,0.0,0.0,0.0,empirical-manual
2026-08-08_163837_086088_1_R7_TEST3,TEST3,7,5.375,9,5.419430058879415,1417.0,-103691.0,0.0,0.0,0.0,0.0,0.0,0.0,1417.0,0.0,0.0,empirical-manual
2026-08-08_163837_086088_1_R7_TEST3,TEST3,7,5.625,9,5.7083487450449,2622.0,-103801.0,0.0,0.0,0.0,0.0,0.0,0.0,2622.0,0.0,0.0,empirical-manual
2026-08-08_163837_086088_1_R7_TEST3,TEST3,7,5.875,7,5.839009971505874,1864.0,-104464.0,0.0,0.0,0.0,0.0,0.0,0.0,1864.0,0.0,0.0,empirical-manual
2026-08-08_163837_086088_1_R7_TEST3,TEST3,7,6.125,4,6.114242113197443,1641.5,-105109.5,0.0,0.0,0.0,0.0,0.0,0.0,1641.5,0.0,0.0,empirical-manual
2026-08-08_163837_086088_1_R7_TEST3,TEST3,7,6.375,6,6.329450439742243,1401.5,-107550.5,0.0,0.0,0.0,0.0,0.0,0.0,1401.5,0.0,0.0,empirical-manual
2026-08-08_163837_086088_1_R7_TEST3,TEST3,7,6.625,2,6.556495519694933,2442.5,-105736.0,0.0,0.0,0.0,0.0,0.0,0.0,2442.5,0.0,0.0,empirical-manual
2026-08-08_163837_086088_1_R7_TEST3,TEST3,7,6.875,3,6.827078990435497,1116.0,-109074.0,0.0,0.0,0.0,0.0,0.0,0.0,1116.0,0.0,0.0,empirical-manual
2026-08-08_163837_086088_1_R7_TEST3,TEST3,7,7.125,2,7.119604426746674,1798.5,-108125.5,0.0,0.0,27.0,0.0,0.0,0.0,1771.5,0.0,0.0,empirical-manual
2026-08-08_163837_086088_1_R7_TEST3,TEST3,7,7.375,2,7.283709083647805,2877.5,-103682.0,0.0,0.0,0.0,0.0,0.0,0.0,2877.5,0.0,0.0,empirical-manual
2026-08-08_163931_866280_1_R7_TEST4,TEST4,7,0.125,6,0.0960244519575018,0.0,-110722.0,0.0,0.0,0.0,0.0,0.0,0.0,0.0,0.0,0.0,empirical-manual
2026-08-08_163931_866280_1_R7_TEST4,TEST4,7,0.625,1,0.6990792606632613,0.0,-108426.0,0.0,0.0,0.0,0.0,0.0,0.0,0.0,0.0,0.0,empirical-manual
2026-08-08_163931_866280_1_R7_TEST4,TEST4,7,0.875,7,0.8519546544398142,0.0,-113293.0,0.0,0.0,0.0,0.0,0.0,0.0,0.0,0.0,0.0,empirical-manual
2026-08-08_163931_866280_1_R7_TEST4,TEST4,7,1.125,4,1.1966022258865632,365.0,-110566.0,0.0,0.0,0.0,0.0,0.0,0.0,356.0,0.0,0.0,empirical-manual
2026-08-08_163931_866280_1_R7_TEST4,TEST4,7,1.375,13,1.3420462737722525,330.0,-108398.0,0.0,0.0,0.0,0.0,0.0,0.0,330.0,0.0,0.0,empirical-manual
2026-08-08_163931_866280_1_R7_TEST4,TEST4,7,1.625,25,1.6367498304079535,560.0,-109920.0,0.0,0.0,0.0,0.0,0.0,0.0,560.0,0.0,0.0,empirical-manual
2026-08-08_163931_866280_1_R7_TEST4,TEST4,7,1.875,28,1.867571138341841,720.5,-108260.5,0.0,0.0,0.0,0.0,0.0,0.0,720.5,0.0,0.0,empirical-manual
2026-08-08_163931_866280_1_R7_TEST4,TEST4,7,2.125,18,2.1332115250252297,685.0,-108799.5,0.0,0.0,0.0,0.0,0.0,0.0,685.0,0.0,0.0,empirical-manual
2026-08-08_163931_866280_1_R7_TEST4,TEST4,7,2.375,28,2.3792173364572147,819.5,-108248.5,0.0,0.0,0.0,0.0,0.0,0.0,819.5,0.0,0.0,empirical-manual
2026-08-08_163931_866280_1_R7_TEST4,TEST4,7,2.625,28,2.618763824731262,626.5,-109571.5,0.0,0.0,0.0,0.0,0.0,0.0,626.5,0.0,0.0,empirical-manual
2026-08-08_163931_866280_1_R7_TEST4,TEST4,7,2.875,21,2.8593613248020064,992.0,-107826.0,0.0,0.0,0.0,0.0,0.0,0.0,992.0,0.0,0.0,empirical-manual
2026-08-08_163931_866280_1_R7_TEST4,TEST4,7,3.125,20,3.1263612937758203,1282.5,-107173.0,0.0,0.0,0.0,0.0,0.0,0.0,1282.5,0.0,0.0,empirical-manual
2026-08-08_163931_866280_1_R7_TEST4,TEST4,7,3.375,29,3.3635925227326573,1808.0,-107546.0,0.0,0.0,0.0,0.0,0.0,0.0,1808.0,0.0,0.0,empirical-manual
2026-08-08_163931_866280_1_R7_TEST4,TEST4,7,3.625,16,3.6248305704363784,2130.0,-106970.0,0.0,0.0,0.0,0.0,0.0,0.0,2130.0,0.0,0.0,empirical-manual
2026-08-08_163931_866280_1_R7_TEST4,TEST4,7,3.875,20,3.8576935305572606,573.0,-109714.0,0.0,0.0,0.0,0.0,0.0,0.0,573.0,0.0,0.0,empirical-manual
2026-08-08_163931_866280_1_R7_TEST4,TEST4,7,4.125,7,4.077369117567947,1334.0,-105688.0,0.0,0.0,0.0,0.0,0.0,0.0,1334.0,0.0,0.0,empirical-manual
2026-08-08_163931_866280_1_R7_TEST4,TEST4,7,4.375,14,4.387828111326298,1248.0,-109533.5,0.0,0.0,0.0,0.0,0.0,0.0,1248.0,0.0,0.0,empirical-manual
2026-08-08_163931_866280_1_R7_TEST4,TEST4,7,4.625,8,4.586466693446288,250.5,-108170.0,0.0,0.0,0.0,0.0,0.0,0.0,250.5,0.0,0.0,empirical-manual
2026-08-08_163931_866280_1_R7_TEST4,TEST4,7,4.875,10,4.836823143128459,2066.5,-104325.0,0.0,0.0,0.0,0.0,0.0,0.0,2066.5,0.0,0.0,empirical-manual
2026-08-08_163931_866280_1_R7_TEST4,TEST4,7,5.125,4,5.220505695998013,2106.5,-104986.0,0.0,0.0,0.0,0.0,0.0,0.0,2106.5,0.0,0.0,empirical-manual
2026-08-08_163931_866280_1_R7_TEST4,TEST4,7,5.375,1,5.465840224303674,2683.0,-106839.0,0.0,0.0,0.0,0.0,0.0,0.0,2683.0,0.0,0.0,empirical-manual
2026-08-08_163931_866280_1_R7_TEST4,TEST4,7,5.625,4,5.686060950869216,3547.0,-102492.5,0.0,0.0,0.0,0.0,0.0,0.0,3547.0,0.0,0.0,empirical-manual
2026-08-08_163931_866280_1_R7_TEST4,TEST4,7,5.875,3,5.87661686125209,206.0,-111381.0,0.0,0.0,0.0,0.0,0.0,0.0,206.0,0.0,0.0,empirical-manual
2026-08-08_163931_866280_1_R7_TEST4,TEST4,7,6.125,1,6.082617107306926,4357.0,-99218.0,0.0,0.0,0.0,0.0,0.0,0.0,4357.0,0.0,0.0,empirical-manual
2026-08-08_163931_866280_1_R7_TEST4,TEST4,7,6.375,4,6.398259696341693,2363.0,-106529.5,0.0,0.0,0.0,0.0,0.0,0.0,2363.0,0.0,0.0,empirical-manual
2026-08-08_163931_866280_1_R7_TEST4,TEST4,7,6.625,3,6.59822519810051,0.0,-107846.0,0.0,0.0,0.0,0.0,0.0,0.0,0.0,0.0,0.0,empirical-manual
2026-08-08_163931_866280_1_R7_TEST4,TEST4,7,6.875,2,6.802702423449249,2.0,-111305.0,0.0,0.0,0.0,0.0,0.0,0.0,2.0,0.0,0.0,empirical-manual
2026-08-08_163931_866280_1_R7_TEST4,TEST4,7,7.125,1,7.160741320614322,0.0,-112724.0,0.0,0.0,0.0,0.0,0.0,0.0,0.0,0.0,0.0,empirical-manual
2026-08-08_163931_866280_1_R7_TEST4,TEST4,7,7.875,1,7.797289265539243,3115.0,-105394.0,0.0,0.0,0.0,0.0,0.0,0.0,3115.0,0.0,0.0,empirical-manual
2026-08-08_164047_397752_1_R7_TEST5,TEST5,7,0.125,4,0.0538016063249366,0.0,-110804.0,0.0,0.0,0.0,0.0,0.0,0.0,0.0,0.0,0.0,empirical-manual
2026-08-08_164047_397752_1_R7_TEST5,TEST5,7,0.375,1,0.2802334527724588,0.0,-115492.0,0.0,0.0,0.0,0.0,0.0,0.0,0.0,0.0,0.0,empirical-manual
2026-08-08_164047_397752_1_R7_TEST5,TEST5,7,0.625,2,0.6896499087150141,0.0,-114407.5,0.0,0.0,0.0,0.0,0.0,0.0,0.0,0.0,0.0,empirical-manual
2026-08-08_164047_397752_1_R7_TEST5,TEST5,7,0.875,3,0.8589179824298139,233.0,-108775.0,0.0,0.0,0.0,0.0,0.0,0.0,233.0,0.0,0.0,empirical-manual
2026-08-08_164047_397752_1_R7_TEST5,TEST5,7,1.125,4,1.1109740378625843,562.0,-108764.0,0.0,0.0,0.0,0.0,0.0,0.0,562.0,0.0,0.0,empirical-manual
2026-08-08_164047_397752_1_R7_TEST5,TEST5,7,1.375,6,1.3426575360961277,372.5,-110344.5,0.0,0.0,0.0,0.0,0.0,0.0,372.5,0.0,0.0,empirical-manual
2026-08-08_164047_397752_1_R7_TEST5,TEST5,7,1.625,19,1.6444396136556945,592.0,-109814.0,0.0,0.0,0.0,0.0,0.0,0.0,592.0,0.0,0.0,empirical-manual
2026-08-08_164047_397752_1_R7_TEST5,TEST5,7,1.875,13,1.9141624026821904,1278.0,-108967.0,0.0,0.0,0.0,0.0,0.0,0.0,1278.0,0.0,0.0,empirical-manual
2026-08-08_164047_397752_1_R7_TEST5,TEST5,7,2.125,26,2.118476617670055,743.5,-109641.5,0.0,0.0,0.0,0.0,0.0,0.0,743.5,0.0,0.0,empirical-manual
2026-08-08_164047_397752_1_R7_TEST5,TEST5,7,2.375,19,2.3611637164103687,664.0,-108078.0,0.0,0.0,0.0,0.0,0.0,0.0,664.0,0.0,0.0,empirical-manual
2026-08-08_164047_397752_1_R7_TEST5,TEST5,7,2.625,32,2.630848825454871,455.0,-110693.0,0.0,0.0,0.0,0.0,0.0,0.0,455.0,0.0,0.0,empirical-manual
2026-08-08_164047_397752_1_R7_TEST5,TEST5,7,2.875,19,2.8137101156630395,487.0,-108962.0,0.0,0.0,0.0,0.0,0.0,0.0,487.0,0.0,0.0,empirical-manual
2026-08-08_164047_397752_1_R7_TEST5,TEST5,7,3.125,21,3.126802677666416,222.0,-110986.0,0.0,0.0,0.0,0.0,0.0,0.0,222.0,0.0,0.0,empirical-manual
2026-08-08_164047_397752_1_R7_TEST5,TEST5,7,3.375,13,3.3874607237032133,382.0,-109520.0,0.0,0.0,0.0,0.0,0.0,0.0,382.0,0.0,0.0,empirical-manual
2026-08-08_164047_397752_1_R7_TEST5,TEST5,7,3.625,17,3.607183954471468,2423.0,-104957.0,0.0,0.0,0.0,0.0,0.0,0.0,2423.0,0.0,0.0,empirical-manual
2026-08-08_164047_397752_1_R7_TEST5,TEST5,7,3.875,16,3.9093013129344767,2071.5,-107317.0,0.0,0.0,0.0,0.0,0.0,0.0,2071.5,0.0,0.0,empirical-manual
2026-08-08_164047_397752_1_R7_TEST5,TEST5,7,4.125,14,4.121875253954251,1496.0,-108376.0,0.0,0.0,0.0,0.0,0.0,0.0,1496.0,0.0,0.0,empirical-manual
2026-08-08_164047_397752_1_R7_TEST5,TEST5,7,4.375,22,4.352353112740904,1994.5,-107408.5,0.0,0.0,0.0,0.0,0.0,0.0,1994.5,0.0,0.0,empirical-manual
2026-08-08_164047_397752_1_R7_TEST5,TEST5,7,4.625,17,4.625975294740041,123.0,-108554.0,0.0,0.0,0.0,0.0,0.0,0.0,123.0,0.0,0.0,empirical-manual
2026-08-08_164047_397752_1_R7_TEST5,TEST5,7,4.875,9,4.914119042222082,1666.0,-106186.0,0.0,0.0,0.0,0.0,0.0,0.0,1666.0,0.0,0.0,empirical-manual
2026-08-08_164047_397752_1_R7_TEST5,TEST5,7,5.125,10,5.15475013790072,2361.5,-103398.0,0.0,0.0,0.0,0.0,0.0,0.0,2361.5,0.0,0.0,empirical-manual
2026-08-08_164047_397752_1_R7_TEST5,TEST5,7,5.375,10,5.336780244163066,2035.0,-108732.0,0.0,0.0,0.0,0.0,0.0,0.0,2035.0,0.0,0.0,empirical-manual
2026-08-08_164047_397752_1_R7_TEST5,TEST5,7,5.625,7,5.589697605675712,1618.0,-108041.0,0.0,0.0,0.0,0.0,0.0,0.0,1618.0,0.0,0.0,empirical-manual
2026-08-08_164047_397752_1_R7_TEST5,TEST5,7,5.875,7,5.871940194201622,843.0,-110656.0,0.0,0.0,0.0,0.0,0.0,0.0,843.0,0.0,0.0,empirical-manual
2026-08-08_164047_397752_1_R7_TEST5,TEST5,7,6.125,6,6.115880474288837,4426.5,-102116.0,0.0,0.0,0.0,0.0,0.0,0.0,4426.5,0.0,0.0,empirical-manual
2026-08-08_164047_397752_1_R7_TEST5,TEST5,7,6.375,3,6.431557974983688,1031.0,-110709.0,0.0,0.0,0.0,0.0,0.0,0.0,1031.0,0.0,0.0,empirical-manual
2026-08-08_164047_397752_1_R7_TEST5,TEST5,7,6.625,3,6.703163086419625,0.0,-115333.0,0.0,0.0,0.0,0.0,0.0,0.0,0.0,0.0,0.0,empirical-manual
2026-08-08_164047_397752_1_R7_TEST5,TEST5,7,6.875,3,6.842958200652479,900.0,-108445.0,0.0,0.0,0.0,0.0,0.0,0.0,900.0,0.0,0.0,empirical-manual
2026-08-08_164047_397752_1_R7_TEST5,TEST5,7,7.125,1,7.117526215658185,2499.0,-103817.0,0.0,0.0,0.0,0.0,0.0,0.0,2499.0,0.0,0.0,empirical-manual
2026-08-08_164047_397752_1_R7_TEST5,TEST5,7,7.375,4,7.339473109127795,1423.0,-106569.5,0.0,0.0,0.0,0.0,0.0,0.0,1423.0,0.0,0.0,empirical-manual
2026-08-08_164047_397752_1_R7_TEST5,TEST5,7,7.625,1,7.736297755798013,5415.0,-103148.0,0.0,0.0,0.0,0.0,0.0,0.0,5415.0,0.0,0.0,empirical-manual
2026-08-08_164047_397752_1_R7_TEST5,TEST5,7,8.125,1,8.001323585726812,1790.0,-108257.0,0.0,0.0,0.0,0.0,0.0,0.0,1790.0,0.0,0.0,empirical-manual
2026-08-08_164148_938417_1_R7_TEST6,TEST6,7,0.125,7,0.0185558388747467,0.0,-111218.0,0.0,0.0,0.0,0.0,0.0,0.0,0.0,0.0,0.0,empirical-manual
2026-08-08_164148_938417_1_R7_TEST6,TEST6,7,0.375,1,0.3024377101442977,0.0,-112654.0,0.0,0.0,0.0,0.0,0.0,0.0,0.0,0.0,0.0,empirical-manual
2026-08-08_164148_938417_1_R7_TEST6,TEST6,7,0.625,4,0.5980736073473993,0.0,-112397.0,0.0,0.0,0.0,0.0,0.0,0.0,0.0,0.0,0.0,empirical-manual
2026-08-08_164148_938417_1_R7_TEST6,TEST6,7,0.875,3,0.9282774690358244,0.0,-111661.0,0.0,0.0,0.0,0.0,0.0,0.0,0.0,0.0,0.0,empirical-manual
2026-08-08_164148_938417_1_R7_TEST6,TEST6,7,1.125,15,1.1116550099804865,0.0,-112818.0,0.0,0.0,0.0,0.0,0.0,0.0,0.0,0.0,0.0,empirical-manual
2026-08-08_164148_938417_1_R7_TEST6,TEST6,7,1.375,11,1.3816526881443367,462.0,-110651.0,0.0,0.0,0.0,0.0,0.0,0.0,390.0,0.0,0.0,empirical-manual
2026-08-08_164148_938417_1_R7_TEST6,TEST6,7,1.625,9,1.612455906384844,1030.0,-108195.0,0.0,0.0,0.0,0.0,0.0,0.0,1030.0,0.0,0.0,empirical-manual
2026-08-08_164148_938417_1_R7_TEST6,TEST6,7,1.875,25,1.9239347620748388,746.0,-108240.0,0.0,0.0,0.0,0.0,0.0,0.0,746.0,0.0,0.0,empirical-manual
2026-08-08_164148_938417_1_R7_TEST6,TEST6,7,2.125,31,2.167578668805772,970.0,-109073.0,0.0,0.0,0.0,0.0,0.0,0.0,970.0,0.0,0.0,empirical-manual
2026-08-08_164148_938417_1_R7_TEST6,TEST6,7,2.375,20,2.339245596096016,623.5,-109840.0,0.0,0.0,0.0,0.0,0.0,0.0,623.5,0.0,0.0,empirical-manual
2026-08-08_164148_938417_1_R7_TEST6,TEST6,7,2.625,23,2.650102126404516,972.0,-108273.0,0.0,0.0,0.0,0.0,0.0,0.0,972.0,0.0,0.0,empirical-manual
2026-08-08_164148_938417_1_R7_TEST6,TEST6,7,2.875,16,2.8605877164678635,1316.5,-108502.5,0.0,0.0,0.0,0.0,0.0,0.0,1316.5,0.0,0.0,empirical-manual
2026-08-08_164148_938417_1_R7_TEST6,TEST6,7,3.125,22,3.0986527055080764,432.5,-109584.5,0.0,0.0,0.0,0.0,0.0,0.0,432.5,0.0,0.0,empirical-manual
2026-08-08_164148_938417_1_R7_TEST6,TEST6,7,3.375,24,3.3359776866764763,1841.0,-107405.5,0.0,0.0,0.0,0.0,0.0,0.0,1841.0,0.0,0.0,empirical-manual
2026-08-08_164148_938417_1_R7_TEST6,TEST6,7,3.625,20,3.609210835019981,1606.0,-107843.5,0.0,0.0,0.0,0.0,0.0,0.0,1606.0,0.0,0.0,empirical-manual
2026-08-08_164148_938417_1_R7_TEST6,TEST6,7,3.875,18,3.8400837726727177,2098.0,-107889.5,0.0,0.0,0.0,0.0,0.0,0.0,2098.0,0.0,0.0,empirical-manual
2026-08-08_164148_938417_1_R7_TEST6,TEST6,7,4.125,17,4.095229562421537,1255.0,-109004.0,0.0,0.0,0.0,0.0,0.0,0.0,1255.0,0.0,0.0,empirical-manual
2026-08-08_164148_938417_1_R7_TEST6,TEST6,7,4.375,8,4.331678437392776,0.0,-111674.0,0.0,0.0,0.0,0.0,0.0,0.0,0.0,0.0,0.0,empirical-manual
2026-08-08_164148_938417_1_R7_TEST6,TEST6,7,4.625,10,4.558514397932449,108.5,-112288.5,0.0,0.0,0.0,0.0,0.0,0.0,108.5,0.0,0.0,empirical-manual
2026-08-08_164148_938417_1_R7_TEST6,TEST6,7,4.875,16,4.88200898078728,1793.0,-106468.5,0.0,0.0,0.0,0.0,0.0,0.0,1793.0,0.0,0.0,empirical-manual
2026-08-08_164148_938417_1_R7_TEST6,TEST6,7,5.125,16,5.159025036573649,674.5,-109216.0,0.0,0.0,0.0,0.0,0.0,0.0,674.5,0.0,0.0,empirical-manual
2026-08-08_164148_938417_1_R7_TEST6,TEST6,7,5.375,10,5.3815388014328605,1637.5,-109428.5,0.0,0.0,0.0,0.0,0.0,0.0,1637.5,0.0,0.0,empirical-manual
2026-08-08_164148_938417_1_R7_TEST6,TEST6,7,5.625,4,5.63126455311989,155.0,-111940.0,0.0,0.0,0.0,0.0,0.0,0.0,155.0,0.0,0.0,empirical-manual
2026-08-08_164148_938417_1_R7_TEST6,TEST6,7,5.875,7,5.895456158131213,1488.0,-110614.0,0.0,0.0,0.0,0.0,0.0,0.0,1488.0,0.0,0.0,empirical-manual
2026-08-08_164148_938417_1_R7_TEST6,TEST6,7,6.125,5,6.126592011460144,2524.0,-107860.0,0.0,0.0,0.0,0.0,0.0,0.0,2524.0,0.0,0.0,empirical-manual
2026-08-08_164148_938417_1_R7_TEST6,TEST6,7,6.375,4,6.338932607943111,1711.5,-109150.0,0.0,0.0,0.0,0.0,0.0,0.0,1711.5,0.0,0.0,empirical-manual
2026-08-08_164148_938417_1_R7_TEST6,TEST6,7,6.625,1,6.532541282166338,1976.0,-107036.0,0.0,0.0,0.0,0.0,0.0,0.0,1976.0,0.0,0.0,empirical-manual
2026-08-08_164148_938417_1_R7_TEST6,TEST6,7,7.125,2,7.132742995644556,2033.0,-107989.0,0.0,0.0,0.0,0.0,0.0,0.0,2033.0,0.0,0.0,empirical-manual
2026-08-08_164148_938417_1_R7_TEST6,TEST6,7,7.375,1,7.454738903766357,2215.0,-108520.0,0.0,0.0,0.0,0.0,0.0,0.0,2215.0,0.0,0.0,empirical-manual
2026-08-08_164148_938417_1_R7_TEST6,TEST6,7,8.375,1,8.296024729023486,5372.0,-103107.0,0.0,0.0,0.0,0.0,0.0,0.0,5372.0,0.0,0.0,empirical-manual
2026-08-08_164148_938417_1_R7_TEST6,TEST6,7,9.375,1,9.497391755263786,2248.0,-108477.0,0.0,0.0,0.0,0.0,0.0,0.0,2248.0,0.0,0.0,empirical-manual
2026-08-08_164447_078602_1_R8_TEST2,TEST2,8,0.125,4,0.03370340779287,0.0,-110647.5,0.0,0.0,0.0,0.0,0.0,0.0,0.0,0.0,0.0,empirical-manual
2026-08-08_164447_078602_1_R8_TEST2,TEST2,8,0.625,6,0.615650842425773,0.0,-113974.5,0.0,0.0,0.0,0.0,0.0,0.0,0.0,0.0,0.0,empirical-manual
2026-08-08_164447_078602_1_R8_TEST2,TEST2,8,0.875,1,0.9171995112135304,0.0,-110736.0,0.0,0.0,0.0,0.0,0.0,0.0,0.0,0.0,0.0,empirical-manual
2026-08-08_164447_078602_1_R8_TEST2,TEST2,8,1.125,4,1.1107747356084772,264.5,-109266.5,0.0,0.0,0.0,0.0,0.0,0.0,0.0,264.5,0.0,empirical-manual
2026-08-08_164447_078602_1_R8_TEST2,TEST2,8,1.375,13,1.387103705645128,0.0,-110832.0,0.0,0.0,0.0,0.0,0.0,0.0,0.0,0.0,0.0,empirical-manual
2026-08-08_164447_078602_1_R8_TEST2,TEST2,8,1.625,23,1.6036453393143029,151.0,-109339.0,0.0,0.0,0.0,0.0,0.0,0.0,0.0,151.0,0.0,empirical-manual
2026-08-08_164447_078602_1_R8_TEST2,TEST2,8,1.875,19,1.8393927743339349,144.0,-109820.0,0.0,0.0,0.0,0.0,0.0,0.0,0.0,144.0,0.0,empirical-manual
2026-08-08_164447_078602_1_R8_TEST2,TEST2,8,2.125,17,2.172806354950803,598.0,-109644.0,0.0,0.0,0.0,0.0,0.0,0.0,0.0,598.0,0.0,empirical-manual
2026-08-08_164447_078602_1_R8_TEST2,TEST2,8,2.375,38,2.364651623466969,369.0,-108585.5,0.0,0.0,0.0,0.0,0.0,0.0,0.0,369.0,0.0,empirical-manual
2026-08-08_164447_078602_1_R8_TEST2,TEST2,8,2.625,23,2.6290092343164497,327.0,-109864.0,0.0,0.0,0.0,0.0,0.0,0.0,0.0,327.0,0.0,empirical-manual
2026-08-08_164447_078602_1_R8_TEST2,TEST2,8,2.875,13,2.8844771857081897,24.0,-109952.0,0.0,0.0,0.0,0.0,0.0,0.0,0.0,24.0,0.0,empirical-manual
2026-08-08_164447_078602_1_R8_TEST2,TEST2,8,3.125,19,3.104256320392806,614.0,-110138.0,0.0,0.0,0.0,0.0,0.0,0.0,0.0,614.0,0.0,empirical-manual
2026-08-08_164447_078602_1_R8_TEST2,TEST2,8,3.375,17,3.405234796569578,331.0,-109245.0,0.0,0.0,0.0,0.0,0.0,0.0,0.0,331.0,0.0,empirical-manual
2026-08-08_164447_078602_1_R8_TEST2,TEST2,8,3.625,19,3.6411419342667695,997.0,-108580.0,0.0,0.0,0.0,0.0,0.0,0.0,0.0,997.0,0.0,empirical-manual
2026-08-08_164447_078602_1_R8_TEST2,TEST2,8,3.875,12,3.817129028034641,742.0,-110284.0,0.0,0.0,0.0,0.0,0.0,0.0,0.0,742.0,0.0,empirical-manual
2026-08-08_164447_078602_1_R8_TEST2,TEST2,8,4.125,8,4.113364275778753,50.0,-110679.0,0.0,0.0,0.0,0.0,0.0,0.0,0.0,50.0,0.0,empirical-manual
2026-08-08_164447_078602_1_R8_TEST2,TEST2,8,4.375,22,4.403192702726432,484.0,-109778.0,0.0,0.0,0.0,0.0,0.0,0.0,0.0,484.0,0.0,empirical-manual
2026-08-08_164447_078602_1_R8_TEST2,TEST2,8,4.625,15,4.6203255582681,65.0,-107640.0,0.0,0.0,0.0,0.0,0.0,0.0,0.0,65.0,0.0,empirical-manual
2026-08-08_164447_078602_1_R8_TEST2,TEST2,8,4.875,17,4.868756767301191,947.0,-107310.0,0.0,0.0,0.0,0.0,0.0,0.0,0.0,920.0,0.0,empirical-manual
2026-08-08_164447_078602_1_R8_TEST2,TEST2,8,5.125,17,5.092970287751153,1108.0,-110055.0,0.0,0.0,0.0,0.0,0.0,0.0,0.0,1108.0,0.0,empirical-manual
2026-08-08_164447_078602_1_R8_TEST2,TEST2,8,5.375,19,5.311578016374362,1491.0,-106841.0,0.0,0.0,0.0,0.0,0.0,0.0,0.0,1491.0,0.0,empirical-manual
2026-08-08_164447_078602_1_R8_TEST2,TEST2,8,5.625,11,5.535217671052827,440.0,-108277.0,0.0,0.0,0.0,0.0,0.0,0.0,0.0,440.0,0.0,empirical-manual
2026-08-08_164447_078602_1_R8_TEST2,TEST2,8,5.875,17,5.871870203074991,1630.0,-108414.0,0.0,0.0,0.0,0.0,0.0,0.0,0.0,1630.0,0.0,empirical-manual
2026-08-08_164447_078602_1_R8_TEST2,TEST2,8,6.125,19,6.041460127328821,1454.0,-106015.0,0.0,0.0,0.0,0.0,0.0,0.0,0.0,1454.0,0.0,empirical-manual
2026-08-08_164447_078602_1_R8_TEST2,TEST2,8,6.375,13,6.3556318405904895,1128.0,-105987.0,0.0,0.0,0.0,0.0,0.0,0.0,0.0,1128.0,0.0,empirical-manual
2026-08-08_164447_078602_1_R8_TEST2,TEST2,8,6.625,7,6.657176831318826,1079.0,-107931.0,0.0,0.0,0.0,0.0,0.0,0.0,0.0,1079.0,0.0,empirical-manual
2026-08-08_164447_078602_1_R8_TEST2,TEST2,8,6.875,7,6.831382330572456,274.0,-109100.0,0.0,0.0,0.0,0.0,0.0,0.0,0.0,274.0,0.0,empirical-manual
2026-08-08_164447_078602_1_R8_TEST2,TEST2,8,7.125,7,7.078954123508504,2589.0,-105045.0,0.0,0.0,0.0,0.0,0.0,0.0,0.0,2589.0,0.0,empirical-manual
2026-08-08_164447_078602_1_R8_TEST2,TEST2,8,7.375,6,7.328249785319606,2767.5,-105226.5,0.0,0.0,0.0,0.0,0.0,0.0,0.0,2767.5,0.0,empirical-manual
2026-08-08_164447_078602_1_R8_TEST2,TEST2,8,7.625,6,7.5366529995408005,2164.0,-105279.5,0.0,0.0,0.0,0.0,0.0,0.0,0.0,2164.0,0.0,empirical-manual
2026-08-08_164447_078602_1_R8_TEST2,TEST2,8,7.875,1,7.825747318546186,547.0,-111137.0,0.0,0.0,0.0,0.0,0.0,0.0,0.0,547.0,0.0,empirical-manual
2026-08-08_164447_078602_1_R8_TEST2,TEST2,8,8.125,4,8.081306741001814,1475.0,-103821.5,0.0,0.0,0.0,0.0,0.0,0.0,0.0,1475.0,0.0,empirical-manual
2026-08-08_164447_078602_1_R8_TEST2,TEST2,8,8.375,3,8.296564299810015,749.0,-110075.0,0.0,0.0,0.0,0.0,0.0,0.0,0.0,749.0,0.0,empirical-manual
2026-08-08_164447_078602_1_R8_TEST2,TEST2,8,8.625,3,8.641886431034353,0.0,-111274.0,0.0,0.0,0.0,0.0,0.0,0.0,0.0,0.0,0.0,empirical-manual
2026-08-08_164447_078602_1_R8_TEST2,TEST2,8,8.875,2,8.83474531495959,472.5,-109983.5,0.0,0.0,0.0,0.0,0.0,0.0,0.0,472.5,0.0,empirical-manual
2026-08-08_164447_078602_1_R8_TEST2,TEST2,8,9.125,1,9.009220448378652,323.0,-103417.0,0.0,0.0,0.0,0.0,0.0,0.0,0.0,323.0,0.0,empirical-manual
2026-08-08_164447_078602_1_R8_TEST2,TEST2,8,9.375,2,9.369805466837533,300.0,-110413.0,23.5,51.0,0.0,0.0,0.0,0.0,0.0,225.5,0.0,empirical-manual
2026-08-08_164447_078602_1_R8_TEST2,TEST2,8,9.625,1,9.603607466036276,1501.0,-104302.0,0.0,0.0,0.0,0.0,0.0,0.0,0.0,1501.0,0.0,empirical-manual
2026-08-08_164601_437352_1_R8_TEST3,TEST3,8,0.125,2,0.06055302168800495,0.0,-116981.0,0.0,0.0,0.0,0.0,0.0,0.0,0.0,0.0,0.0,empirical-manual
2026-08-08_164601_437352_1_R8_TEST3,TEST3,8,0.375,1,0.2618510027242974,0.0,-112914.0,0.0,0.0,0.0,0.0,0.0,0.0,0.0,0.0,0.0,empirical-manual
2026-08-08_164601_437352_1_R8_TEST3,TEST3,8,0.625,4,0.5556773115181814,0.0,-108666.5,0.0,0.0,0.0,0.0,0.0,0.0,0.0,0.0,0.0,empirical-manual
2026-08-08_164601_437352_1_R8_TEST3,TEST3,8,0.875,5,0.9568841171657816,0.0,-111519.0,0.0,0.0,0.0,0.0,0.0,0.0,0.0,0.0,0.0,empirical-manual
2026-08-08_164601_437352_1_R8_TEST3,TEST3,8,1.125,6,1.0675222579467611,28.5,-108238.0,0.0,0.0,0.0,0.0,0.0,0.0,0.0,0.0,0.0,empirical-manual
2026-08-08_164601_437352_1_R8_TEST3,TEST3,8,1.375,1,1.440098561442413,0.0,-107368.0,0.0,0.0,0.0,0.0,0.0,0.0,0.0,0.0,0.0,empirical-manual
2026-08-08_164601_437352_1_R8_TEST3,TEST3,8,1.625,2,1.6331532592761935,0.0,-109762.5,0.0,0.0,0.0,0.0,0.0,0.0,0.0,0.0,0.0,empirical-manual
2026-08-08_164601_437352_1_R8_TEST3,TEST3,8,1.875,6,1.892483684076637,729.0,-107482.5,0.0,0.0,0.0,0.0,0.0,0.0,0.0,729.0,0.0,empirical-manual
2026-08-08_164601_437352_1_R8_TEST3,TEST3,8,2.125,5,2.05030111321083,1580.0,-107358.0,0.0,0.0,0.0,0.0,0.0,0.0,0.0,1580.0,0.0,empirical-manual
2026-08-08_164601_437352_1_R8_TEST3,TEST3,8,2.375,10,2.304536157753233,1211.0,-108350.0,0.0,0.0,0.0,0.0,0.0,0.0,0.0,1187.0,0.0,empirical-manual
2026-08-08_164601_437352_1_R8_TEST3,TEST3,8,2.625,16,2.6248739656092135,1542.0,-108006.5,0.0,0.0,0.0,0.0,0.0,0.0,0.0,1542.0,0.0,empirical-manual
2026-08-08_164601_437352_1_R8_TEST3,TEST3,8,2.875,10,2.8596304910377204,1380.0,-107734.5,0.0,0.0,0.0,0.0,0.0,0.0,0.0,1380.0,0.0,empirical-manual
2026-08-08_164601_437352_1_R8_TEST3,TEST3,8,3.125,16,3.1838131335853435,1846.5,-108347.5,0.0,0.0,0.0,0.0,0.0,0.0,0.0,1846.5,0.0,empirical-manual
2026-08-08_164601_437352_1_R8_TEST3,TEST3,8,3.375,21,3.391218662775441,1351.0,-107513.0,0.0,0.0,0.0,0.0,0.0,0.0,0.0,1351.0,0.0,empirical-manual
2026-08-08_164601_437352_1_R8_TEST3,TEST3,8,3.625,17,3.6851816224359673,1020.0,-109503.0,0.0,0.0,0.0,0.0,0.0,0.0,0.0,1020.0,0.0,empirical-manual
2026-08-08_164601_437352_1_R8_TEST3,TEST3,8,3.875,21,3.888678183115164,1007.0,-108552.0,0.0,0.0,0.0,0.0,0.0,0.0,0.0,1007.0,0.0,empirical-manual
2026-08-08_164601_437352_1_R8_TEST3,TEST3,8,4.125,12,4.085989300761311,2049.0,-105390.5,0.0,0.0,0.0,0.0,0.0,0.0,0.0,2049.0,0.0,empirical-manual
2026-08-08_164601_437352_1_R8_TEST3,TEST3,8,4.375,15,4.388292320410432,629.0,-110824.0,0.0,0.0,0.0,0.0,0.0,0.0,0.0,629.0,0.0,empirical-manual
2026-08-08_164601_437352_1_R8_TEST3,TEST3,8,4.625,10,4.629406832251665,1119.5,-106536.5,0.0,0.0,0.0,0.0,0.0,0.0,0.0,1119.5,0.0,empirical-manual
2026-08-08_164601_437352_1_R8_TEST3,TEST3,8,4.875,6,4.8547810883206814,3049.5,-103808.0,0.0,0.0,0.0,0.0,0.0,0.0,0.0,3049.5,0.0,empirical-manual
2026-08-08_164601_437352_1_R8_TEST3,TEST3,8,5.125,10,5.117900401611141,3343.0,-102227.0,0.0,0.0,0.0,0.0,0.0,0.0,0.0,3343.0,0.0,empirical-manual
2026-08-08_164601_437352_1_R8_TEST3,TEST3,8,5.375,9,5.356812755162112,2712.0,-103011.0,0.0,0.0,0.0,0.0,0.0,0.0,0.0,2712.0,0.0,empirical-manual
2026-08-08_164601_437352_1_R8_TEST3,TEST3,8,5.625,10,5.621363545310236,3290.5,-104730.0,0.0,0.0,0.0,0.0,0.0,0.0,0.0,3290.5,0.0,empirical-manual
2026-08-08_164601_437352_1_R8_TEST3,TEST3,8,5.875,8,5.885057091032369,3116.0,-101583.0,0.0,0.0,0.0,0.0,0.0,0.0,0.0,3116.0,0.0,empirical-manual
2026-08-08_164601_437352_1_R8_TEST3,TEST3,8,6.125,6,6.109006099259508,2954.0,-105763.0,0.0,0.0,0.0,0.0,0.0,0.0,0.0,2954.0,0.0,empirical-manual
2026-08-08_164601_437352_1_R8_TEST3,TEST3,8,6.375,6,6.311101708205864,3584.5,-102145.5,0.0,0.0,0.0,0.0,0.0,0.0,0.0,3584.5,0.0,empirical-manual
2026-08-08_164601_437352_1_R8_TEST3,TEST3,8,6.625,3,6.540452575608414,0.0,-111019.0,0.0,0.0,0.0,0.0,0.0,0.0,0.0,0.0,0.0,empirical-manual
2026-08-08_164601_437352_1_R8_TEST3,TEST3,8,6.875,2,6.801755359763797,1839.5,-106307.5,0.0,0.0,96.5,0.0,0.0,0.0,0.0,1743.0,0.0,empirical-manual
2026-08-08_164601_437352_1_R8_TEST3,TEST3,8,7.125,2,7.216200545214258,1155.0,-108179.0,0.0,0.0,0.0,0.0,0.0,0.0,0.0,1155.0,0.0,empirical-manual
2026-08-08_164601_437352_1_R8_TEST3,TEST3,8,7.375,3,7.420797306091768,447.0,-110949.0,0.0,0.0,0.0,0.0,0.0,0.0,0.0,447.0,0.0,empirical-manual
2026-08-08_164601_437352_1_R8_TEST3,TEST3,8,7.625,2,7.536231478746657,1581.0,-108569.5,0.0,0.0,0.0,0.0,0.0,0.0,0.0,1581.0,0.0,empirical-manual
2026-08-08_164601_437352_1_R8_TEST3,TEST3,8,8.125,2,8.144850868505031,554.0,-109427.5,0.0,0.0,0.0,0.0,0.0,0.0,0.0,554.0,0.0,empirical-manual
2026-08-08_164601_437352_1_R8_TEST3,TEST3,8,8.875,1,8.99974401573449,3008.0,-100049.0,0.0,0.0,0.0,0.0,0.0,0.0,0.0,3008.0,0.0,empirical-manual
2026-08-08_164601_437352_1_R8_TEST3,TEST3,8,9.625,1,9.646159334817415,1769.0,-106782.0,0.0,0.0,0.0,0.0,0.0,0.0,0.0,1769.0,0.0,empirical-manual
2026-08-08_164959_888615_1_R8_TEST4,TEST4,8,0.125,3,0.044441127171932,226.0,-83363.0,0.0,125.0,0.0,0.0,0.0,0.0,0.0,36.0,0.0,empirical-manual
2026-08-08_164959_888615_1_R8_TEST4,TEST4,8,0.375,1,0.4688745661019765,0.0,-87400.0,0.0,0.0,0.0,0.0,0.0,0.0,0.0,0.0,0.0,empirical-manual
2026-08-08_164959_888615_1_R8_TEST4,TEST4,8,0.625,1,0.6783723527785408,1792.0,-75408.0,123.0,0.0,114.0,108.0,0.0,0.0,0.0,1447.0,0.0,empirical-manual
2026-08-08_164959_888615_1_R8_TEST4,TEST4,8,0.875,6,0.8587487755317667,236.5,-83344.0,0.0,0.0,0.0,0.0,0.0,0.0,0.0,0.0,0.0,empirical-manual
2026-08-08_164959_888615_1_R8_TEST4,TEST4,8,1.125,10,1.1729676086168408,1201.0,-78844.0,102.0,0.0,32.0,45.0,0.0,0.0,17.5,611.5,0.0,empirical-manual
2026-08-08_164959_888615_1_R8_TEST4,TEST4,8,1.375,7,1.327989671341776,1516.0,-76528.0,1.0,0.0,0.0,0.0,0.0,0.0,18.0,1460.0,0.0,empirical-manual
2026-08-08_164959_888615_1_R8_TEST4,TEST4,8,1.625,16,1.6274986830580818,3012.0,-73439.5,60.0,48.5,190.0,10.5,0.0,0.0,0.0,2444.0,0.0,empirical-manual
2026-08-08_164959_888615_1_R8_TEST4,TEST4,8,1.875,24,1.9039069555529382,2878.5,-75560.0,9.0,1.0,13.0,0.0,0.0,0.0,0.0,2257.5,0.0,empirical-manual
2026-08-08_164959_888615_1_R8_TEST4,TEST4,8,2.125,27,2.1049393526777638,2348.0,-77052.0,52.0,0.0,0.0,0.0,0.0,0.0,0.0,2005.0,0.0,empirical-manual
2026-08-08_164959_888615_1_R8_TEST4,TEST4,8,2.375,10,2.4184422777964993,3378.5,-73321.0,71.0,183.0,0.0,92.5,13.5,0.0,82.5,2673.5,0.0,empirical-manual
2026-08-08_164959_888615_1_R8_TEST4,TEST4,8,2.625,10,2.549836654032828,2680.0,-75959.0,88.5,16.5,16.5,14.0,0.0,0.0,0.0,1958.0,0.0,empirical-manual
2026-08-08_164959_888615_1_R8_TEST4,TEST4,8,2.875,12,2.924708352155518,1731.0,-77154.5,19.5,0.0,30.5,0.0,0.0,32.5,0.0,1064.5,0.0,empirical-manual
2026-08-08_164959_888615_1_R8_TEST4,TEST4,8,3.125,10,3.1129150185945225,2566.5,-74611.0,31.0,6.5,57.5,21.5,0.0,0.0,0.0,1835.5,0.0,empirical-manual
2026-08-08_164959_888615_1_R8_TEST4,TEST4,8,3.375,13,3.42279390993209,4012.0,-70499.0,46.0,0.0,37.0,32.0,55.0,0.0,0.0,3348.0,0.0,empirical-manual
2026-08-08_164959_888615_1_R8_TEST4,TEST4,8,3.625,20,3.5881508102618263,3549.0,-72889.0,32.0,96.5,0.0,0.0,0.0,0.0,0.0,3106.0,0.0,empirical-manual
2026-08-08_164959_888615_1_R8_TEST4,TEST4,8,3.875,11,3.827386231226272,3982.0,-76015.0,0.0,16.0,0.0,148.0,0.0,0.0,0.0,3931.0,0.0,empirical-manual
2026-08-08_164959_888615_1_R8_TEST4,TEST4,8,4.125,12,4.127890004465417,4204.0,-73351.0,69.0,23.0,0.0,0.0,0.0,0.0,0.0,3693.0,0.0,empirical-manual
2026-08-08_164959_888615_1_R8_TEST4,TEST4,8,4.375,15,4.373129700800792,3168.0,-74272.0,48.0,0.0,0.0,33.0,0.0,0.0,0.0,3076.0,0.0,empirical-manual
2026-08-08_164959_888615_1_R8_TEST4,TEST4,8,4.625,12,4.587619398853577,4637.5,-72739.5,0.0,0.0,0.0,46.0,0.0,0.0,0.0,4446.5,0.0,empirical-manual
2026-08-08_164959_888615_1_R8_TEST4,TEST4,8,4.875,8,4.942357291312206,1151.0,-77656.0,150.0,0.0,0.0,0.0,7.0,0.0,0.0,688.5,0.0,empirical-manual
2026-08-08_164959_888615_1_R8_TEST4,TEST4,8,5.125,6,5.129185704013915,5941.0,-69129.0,135.0,0.0,230.5,22.0,0.0,0.0,8.0,5167.0,0.0,empirical-manual
2026-08-08_164959_888615_1_R8_TEST4,TEST4,8,5.375,8,5.390942823223433,6943.0,-67363.0,80.5,14.5,0.0,14.0,0.0,0.0,8.5,6219.5,0.0,empirical-manual
2026-08-08_164959_888615_1_R8_TEST4,TEST4,8,5.625,8,5.578526246933718,3063.0,-73308.5,160.5,0.0,0.0,73.0,0.0,0.0,0.0,2574.0,0.0,empirical-manual
2026-08-08_164959_888615_1_R8_TEST4,TEST4,8,5.875,4,5.768453601744836,2705.0,-73742.0,34.5,44.5,44.5,5.0,67.5,0.0,56.5,1876.5,0.0,empirical-manual
2026-08-08_164959_888615_1_R8_TEST4,TEST4,8,6.125,5,6.107303168832421,2227.0,-76072.0,0.0,0.0,54.0,119.0,0.0,0.0,0.0,2052.0,0.0,empirical-manual
2026-08-08_164959_888615_1_R8_TEST4,TEST4,8,6.375,3,6.457568482508124,2598.0,-73896.0,96.0,0.0,10.0,204.0,7.0,0.0,54.0,1124.0,12.0,empirical-manual
2026-08-08_164959_888615_1_R8_TEST4,TEST4,8,6.625,3,6.63810125902324,5867.0,-66442.0,59.0,147.0,142.0,42.0,0.0,0.0,0.0,5384.0,0.0,empirical-manual
2026-08-08_164959_888615_1_R8_TEST4,TEST4,8,6.875,1,6.834795709540455,5512.0,-69494.0,0.0,0.0,357.0,0.0,0.0,0.0,25.0,5037.0,93.0,empirical-manual
2026-08-08_164959_888615_1_R8_TEST4,TEST4,8,7.125,1,7.046553010505327,1356.0,-75796.0,0.0,0.0,0.0,378.0,65.0,0.0,0.0,913.0,0.0,empirical-manual
2026-08-08_164959_888615_1_R8_TEST4,TEST4,8,7.875,2,7.882628927281178,1277.5,-80527.5,188.5,296.5,268.5,0.0,192.5,11.5,0.0,320.0,0.0,empirical-manual
2026-08-08_164959_888615_1_R8_TEST4,TEST4,8,8.375,1,8.439538771243843,2979.0,-74015.0,156.0,0.0,0.0,361.0,43.0,0.0,0.0,2419.0,0.0,empirical-manual
2026-08-08_164959_888615_1_R8_TEST4,TEST4,8,8.875,1,8.892724222808006,490.0,-83986.0,0.0,0.0,0.0,0.0,0.0,0.0,0.0,490.0,0.0,empirical-manual
2026-08-08_164959_888615_1_R8_TEST4,TEST4,8,9.125,1,9.018481877616397,1840.0,-77274.0,0.0,700.0,0.0,0.0,192.0,0.0,0.0,948.0,0.0,empirical-manual
2026-08-08_164959_888615_1_R8_TEST4,TEST4,8,9.875,1,9.816371378244678,5518.0,-74351.0,186.0,0.0,418.0,185.0,0.0,0.0,0.0,4729.0,0.0,empirical-manual
2026-08-08_164959_888615_1_R8_TEST4,TEST4,8,11.375,1,11.46512976671077,432.0,-83714.0,0.0,236.0,0.0,196.0,0.0,0.0,0.0,0.0,0.0,empirical-manual
2026-08-08_165117_429951_1_R8_TEST5,TEST5,8,0.125,3,0.05402612580293,680.0,-76773.0,0.0,277.0,98.0,0.0,40.0,0.0,0.0,97.0,0.0,empirical-manual
2026-08-08_165117_429951_1_R8_TEST5,TEST5,8,0.375,3,0.3506650101070311,436.0,-78766.0,0.0,0.0,0.0,21.0,0.0,0.0,2.0,0.0,143.0,empirical-manual
2026-08-08_165117_429951_1_R8_TEST5,TEST5,8,0.625,10,0.5819641263016644,1266.0,-74656.5,45.0,0.0,80.5,142.5,0.0,60.5,0.0,405.0,0.0,empirical-manual
2026-08-08_165117_429951_1_R8_TEST5,TEST5,8,0.875,6,0.8780806607233658,2102.0,-76377.0,25.5,0.0,0.0,59.0,0.0,0.0,0.0,1475.0,0.0,empirical-manual
2026-08-08_165117_429951_1_R8_TEST5,TEST5,8,1.125,19,1.100156533901943,2444.0,-74563.0,56.0,0.0,124.0,0.0,0.0,0.0,0.0,2118.0,0.0,empirical-manual
2026-08-08_165117_429951_1_R8_TEST5,TEST5,8,1.375,9,1.3997821426623234,3572.0,-73835.0,167.0,0.0,0.0,0.0,0.0,0.0,19.0,2649.0,0.0,empirical-manual
2026-08-08_165117_429951_1_R8_TEST5,TEST5,8,1.625,11,1.6323474677499044,2771.0,-74234.0,72.0,0.0,27.0,0.0,0.0,39.0,0.0,2507.0,0.0,empirical-manual
2026-08-08_165117_429951_1_R8_TEST5,TEST5,8,1.875,13,1.9186808072558803,3921.0,-73111.0,102.0,0.0,113.0,12.0,0.0,0.0,0.0,3095.0,0.0,empirical-manual
2026-08-08_165117_429951_1_R8_TEST5,TEST5,8,2.125,18,2.1088213046392106,3731.0,-72407.5,124.0,5.5,59.5,0.0,0.0,0.0,18.5,3421.0,0.0,empirical-manual
2026-08-08_165117_429951_1_R8_TEST5,TEST5,8,2.375,22,2.367937869503527,3455.0,-73451.5,51.5,135.0,0.0,83.0,21.0,0.0,0.0,2940.5,0.0,empirical-manual
2026-08-08_165117_429951_1_R8_TEST5,TEST5,8,2.625,12,2.602069516741847,4040.5,-70970.5,0.0,33.5,80.0,0.0,5.5,0.0,0.0,3516.5,0.0,empirical-manual
2026-08-08_165117_429951_1_R8_TEST5,TEST5,8,2.875,11,2.845165973841518,4253.0,-70700.0,125.0,43.0,0.0,149.0,0.0,0.0,53.0,4114.0,0.0,empirical-manual
2026-08-08_165117_429951_1_R8_TEST5,TEST5,8,3.125,8,3.125932550573261,3956.5,-73267.0,0.0,19.5,0.0,6.0,43.0,3.0,31.5,3528.5,0.0,empirical-manual
2026-08-08_165117_429951_1_R8_TEST5,TEST5,8,3.375,3,3.260705300835344,2100.0,-76219.0,26.0,0.0,0.0,304.0,185.0,97.0,0.0,1289.0,0.0,empirical-manual
2026-08-08_165117_429951_1_R8_TEST5,TEST5,8,3.625,8,3.621935448988153,3256.0,-72526.5,41.5,34.0,119.0,41.0,0.0,15.5,0.0,2296.5,0.0,empirical-manual
2026-08-08_165117_429951_1_R8_TEST5,TEST5,8,3.875,13,3.890621415558834,5872.0,-68249.0,148.0,0.0,245.0,205.0,70.0,56.0,0.0,4503.0,0.0,empirical-manual
2026-08-08_165117_429951_1_R8_TEST5,TEST5,8,4.125,9,4.103853633430122,6119.0,-68097.0,88.0,6.0,15.0,0.0,16.0,35.0,40.0,5395.0,0.0,empirical-manual
2026-08-08_165117_429951_1_R8_TEST5,TEST5,8,4.375,10,4.297929927043162,5893.5,-69860.0,10.0,0.0,79.0,0.0,0.0,17.0,28.0,5273.0,0.0,empirical-manual
2026-08-08_165117_429951_1_R8_TEST5,TEST5,8,4.625,15,4.662630188493113,6514.0,-66811.0,0.0,0.0,143.0,0.0,0.0,0.0,11.0,5701.0,0.0,empirical-manual
2026-08-08_165117_429951_1_R8_TEST5,TEST5,8,4.875,12,4.846388088673968,5550.0,-69173.0,67.5,7.5,0.0,0.0,0.0,0.0,0.0,5248.0,0.0,empirical-manual
2026-08-08_165117_429951_1_R8_TEST5,TEST5,8,5.125,11,5.121071664837244,7219.0,-69286.0,170.0,0.0,0.0,0.0,0.0,0.0,0.0,7032.0,0.0,empirical-manual
2026-08-08_165117_429951_1_R8_TEST5,TEST5,8,5.375,6,5.308074304369471,5232.5,-72423.5,0.0,135.0,0.0,11.5,43.0,0.0,0.0,4390.5,0.0,empirical-manual
2026-08-08_165117_429951_1_R8_TEST5,TEST5,8,5.625,9,5.618403526359871,3372.0,-76110.0,216.0,0.0,0.0,23.0,5.0,0.0,0.0,2470.0,0.0,empirical-manual
2026-08-08_165117_429951_1_R8_TEST5,TEST5,8,5.875,6,5.934277759084283,5949.0,-68590.5,151.5,0.0,98.5,0.0,0.0,34.5,0.0,4944.0,10.5,empirical-manual
2026-08-08_165117_429951_1_R8_TEST5,TEST5,8,6.125,4,6.02687359928965,6287.5,-69015.0,6.5,66.0,0.0,73.5,0.0,165.5,0.0,5883.5,0.0,empirical-manual
2026-08-08_165117_429951_1_R8_TEST5,TEST5,8,6.375,9,6.402108421514109,3415.0,-72981.0,0.0,0.0,0.0,0.0,0.0,0.0,0.0,2933.0,0.0,empirical-manual
2026-08-08_165117_429951_1_R8_TEST5,TEST5,8,6.625,5,6.553972966761758,7646.0,-66001.0,178.0,0.0,0.0,7.0,0.0,0.0,0.0,7182.0,0.0,empirical-manual
2026-08-08_165117_429951_1_R8_TEST5,TEST5,8,6.875,5,6.823647280975124,7114.0,-67732.0,44.0,51.0,0.0,115.0,0.0,127.0,5.0,6285.0,0.0,empirical-manual
2026-08-08_165117_429951_1_R8_TEST5,TEST5,8,7.125,2,7.097709608821923,6388.0,-72250.5,331.5,18.0,62.0,52.5,0.0,0.0,70.0,5854.0,0.0,empirical-manual
2026-08-08_165117_429951_1_R8_TEST5,TEST5,8,7.625,4,7.5681370233731045,3532.5,-75373.5,96.5,0.0,52.5,0.0,0.0,0.0,0.0,3271.0,0.0,empirical-manual
2026-08-08_165117_429951_1_R8_TEST5,TEST5,8,7.875,1,7.971613482491752,5063.0,-66822.0,329.0,0.0,128.0,214.0,328.0,568.0,15.0,3395.0,86.0,empirical-manual
2026-08-08_165117_429951_1_R8_TEST5,TEST5,8,8.125,1,8.196396409904963,2821.0,-75496.0,366.0,0.0,75.0,0.0,2.0,260.0,0.0,1893.0,225.0,empirical-manual
2026-08-08_165117_429951_1_R8_TEST5,TEST5,8,8.375,2,8.371197602047854,4045.0,-74639.0,114.5,100.0,91.5,0.0,13.0,0.0,0.0,3726.0,0.0,empirical-manual
2026-08-08_165117_429951_1_R8_TEST5,TEST5,8,8.625,1,8.526301354980811,9838.0,-62206.0,267.0,0.0,273.0,290.0,0.0,88.0,0.0,8920.0,0.0,empirical-manual
2026-08-08_165117_429951_1_R8_TEST5,TEST5,8,8.875,1,8.929428901940515,2517.0,-75957.0,0.0,0.0,267.0,160.0,0.0,0.0,0.0,2090.0,0.0,empirical-manual
2026-08-08_165117_429951_1_R8_TEST5,TEST5,8,9.125,1,9.010169654903873,2052.0,-76457.0,103.0,252.0,0.0,0.0,284.0,96.0,0.0,1317.0,0.0,empirical-manual
2026-08-08_165117_429951_1_R8_TEST5,TEST5,8,9.375,1,9.420478359635368,3767.0,-74531.0,47.0,330.0,0.0,171.0,0.0,0.0,0.0,3219.0,0.0,empirical-manual
2026-08-08_165117_429951_1_R8_TEST5,TEST5,8,10.125,1,10.15289308431581,7404.0,-72627.0,141.0,0.0,0.0,244.0,0.0,0.0,53.0,6966.0,0.0,empirical-manual
2026-08-08_165208_088150_1_R8_TEST6,TEST6,8,0.125,17,0.0013967734243661,1074.0,-76941.0,163.0,146.0,0.0,179.0,22.0,134.0,62.0,8.0,0.0,empirical-manual
2026-08-08_165208_088150_1_R8_TEST6,TEST6,8,0.375,1,0.3599301992037136,1073.0,-75335.0,172.0,236.0,0.0,110.0,100.0,111.0,69.0,275.0,0.0,empirical-manual
2026-08-08_165208_088150_1_R8_TEST6,TEST6,8,0.625,1,0.5171544451829566,829.0,-77303.0,0.0,175.0,0.0,16.0,142.0,134.0,189.0,106.0,67.0,empirical-manual
2026-08-08_165208_088150_1_R8_TEST6,TEST6,8,1.125,1,1.1495753186883009,3867.0,-73916.0,0.0,124.0,93.0,0.0,0.0,156.0,0.0,3494.0,0.0,empirical-manual
2026-08-08_165208_088150_1_R8_TEST6,TEST6,8,1.375,1,1.281671745388734,314.0,-83912.0,0.0,0.0,0.0,0.0,0.0,0.0,0.0,314.0,0.0,empirical-manual
2026-08-08_165208_088150_1_R8_TEST6,TEST6,8,1.625,5,1.6319832588106975,2886.0,-72994.0,117.0,0.0,262.0,184.0,0.0,0.0,0.0,1602.0,0.0,empirical-manual
2026-08-08_165208_088150_1_R8_TEST6,TEST6,8,1.875,3,1.8264616388526351,1696.0,-74191.0,213.0,481.0,0.0,0.0,0.0,148.0,0.0,1483.0,0.0,empirical-manual
2026-08-08_165208_088150_1_R8_TEST6,TEST6,8,2.125,8,2.0785269850886214,3979.5,-70687.5,191.0,1.5,17.0,102.5,0.0,100.0,49.0,3106.0,0.0,empirical-manual
2026-08-08_165208_088150_1_R8_TEST6,TEST6,8,2.375,6,2.383413974862991,3557.5,-73049.0,2.0,5.5,88.0,228.5,0.0,0.0,0.0,3036.0,0.0,empirical-manual
2026-08-08_165208_088150_1_R8_TEST6,TEST6,8,2.625,12,2.6758265733160123,4161.5,-71749.0,0.0,43.0,0.0,9.5,0.0,2.0,10.0,3563.0,0.0,empirical-manual
2026-08-08_165208_088150_1_R8_TEST6,TEST6,8,2.875,17,2.894092290525251,3771.0,-72023.0,147.0,41.0,38.0,0.0,0.0,70.0,0.0,3324.0,0.0,empirical-manual
2026-08-08_165208_088150_1_R8_TEST6,TEST6,8,3.125,20,3.154583435994059,4349.5,-72287.5,10.0,72.5,13.0,10.0,0.0,0.0,0.0,3774.0,0.0,empirical-manual
2026-08-08_165208_088150_1_R8_TEST6,TEST6,8,3.375,15,3.360435818131088,4251.0,-74611.0,0.0,0.0,89.0,0.0,0.0,8.0,0.0,3831.0,0.0,empirical-manual
2026-08-08_165208_088150_1_R8_TEST6,TEST6,8,3.625,23,3.604951131456544,3997.0,-71940.0,0.0,12.0,0.0,0.0,0.0,0.0,0.0,3573.0,0.0,empirical-manual
2026-08-08_165208_088150_1_R8_TEST6,TEST6,8,3.875,11,3.8576734722188535,6164.0,-66736.0,169.0,223.0,0.0,102.0,0.0,43.0,73.0,5084.0,0.0,empirical-manual
2026-08-08_165208_088150_1_R8_TEST6,TEST6,8,4.125,11,4.089553484360722,4843.0,-70343.0,0.0,163.0,111.0,0.0,0.0,0.0,29.0,3853.0,0.0,empirical-manual
2026-08-08_165208_088150_1_R8_TEST6,TEST6,8,4.375,15,4.38788233116526,4732.0,-70892.0,20.0,61.0,0.0,52.0,0.0,0.0,27.0,4154.0,0.0,empirical-manual
2026-08-08_165208_088150_1_R8_TEST6,TEST6,8,4.625,18,4.59351646546512,6060.5,-66381.5,181.0,5.0,57.0,55.0,0.0,0.0,75.5,5212.5,0.0,empirical-manual
2026-08-08_165208_088150_1_R8_TEST6,TEST6,8,4.875,17,4.901710279775737,6284.0,-69998.0,209.0,0.0,17.0,81.0,0.0,0.0,44.0,5417.0,0.0,empirical-manual
2026-08-08_165208_088150_1_R8_TEST6,TEST6,8,5.125,9,5.107039778633174,6221.0,-66990.0,53.0,117.0,41.0,1.0,0.0,198.0,56.0,6014.0,0.0,empirical-manual
2026-08-08_165208_088150_1_R8_TEST6,TEST6,8,5.375,12,5.4043451708678365,5424.0,-72645.5,128.0,137.0,69.5,89.5,18.5,21.5,15.5,4450.0,0.0,empirical-manual
2026-08-08_165208_088150_1_R8_TEST6,TEST6,8,5.625,9,5.631521572811092,4170.0,-70092.0,204.0,0.0,0.0,34.0,0.0,0.0,0.0,3727.0,0.0,empirical-manual
2026-08-08_165208_088150_1_R8_TEST6,TEST6,8,5.875,5,5.947946748152796,5488.0,-69932.0,0.0,199.0,196.0,0.0,0.0,83.0,0.0,4856.0,0.0,empirical-manual
2026-08-08_165208_088150_1_R8_TEST6,TEST6,8,6.125,3,6.15214483767917,3421.0,-71069.0,108.0,83.0,0.0,89.0,0.0,0.0,0.0,2760.0,0.0,empirical-manual
2026-08-08_165208_088150_1_R8_TEST6,TEST6,8,6.375,7,6.383578013538395,4423.0,-71247.0,46.0,0.0,0.0,0.0,0.0,62.0,0.0,4073.0,0.0,empirical-manual
2026-08-08_165208_088150_1_R8_TEST6,TEST6,8,6.625,5,6.5829579756729,7203.0,-70189.0,0.0,0.0,145.0,42.0,135.0,0.0,0.0,6443.0,0.0,empirical-manual
2026-08-08_165208_088150_1_R8_TEST6,TEST6,8,7.125,1,7.163263689488961,5544.0,-71761.0,0.0,358.0,378.0,0.0,0.0,236.0,0.0,4572.0,0.0,empirical-manual
2026-08-08_165208_088150_1_R8_TEST6,TEST6,8,7.375,1,7.38219710828926,2547.0,-75015.0,0.0,0.0,85.0,0.0,0.0,0.0,0.0,2462.0,0.0,empirical-manual
2026-08-08_165208_088150_1_R8_TEST6,TEST6,8,7.625,2,7.570518277442499,7073.0,-65477.5,647.5,312.0,118.0,270.0,189.0,4.0,188.5,5344.0,0.0,empirical-manual
2026-08-08_165304_567552_1_R9_TEST2,TEST2,9,0.125,3,0.0879979895836894,1129.0,-77145.0,107.0,0.0,229.0,76.0,49.0,108.0,181.0,0.0,0.0,empirical-manual
2026-08-08_165304_567552_1_R9_TEST2,TEST2,9,0.375,1,0.3522700068014999,557.0,-78708.0,230.0,17.0,0.0,0.0,0.0,0.0,0.0,106.0,204.0,empirical-manual
2026-08-08_165304_567552_1_R9_TEST2,TEST2,9,0.625,1,0.6015256423136888,1374.0,-76878.0,59.0,493.0,256.0,469.0,0.0,0.0,0.0,97.0,0.0,empirical-manual
2026-08-08_165304_567552_1_R9_TEST2,TEST2,9,1.375,7,1.4359147638446077,1713.0,-75168.0,0.0,192.0,0.0,53.0,0.0,0.0,0.0,61.0,1528.0,empirical-manual
2026-08-08_165304_567552_1_R9_TEST2,TEST2,9,1.625,2,1.6137553411183434,2104.5,-74147.0,0.0,269.0,0.0,3.0,304.5,215.0,0.0,188.0,1125.0,empirical-manual
2026-08-08_165304_567552_1_R9_TEST2,TEST2,9,1.875,9,1.875884360185756,2858.0,-72442.0,0.0,272.0,19.0,140.0,1.0,0.0,0.0,152.0,2216.0,empirical-manual
2026-08-08_165304_567552_1_R9_TEST2,TEST2,9,2.125,9,2.087804326439815,2185.0,-73885.0,101.0,0.0,64.0,93.0,38.0,0.0,90.0,22.0,1637.0,empirical-manual
2026-08-08_165304_567552_1_R9_TEST2,TEST2,9,2.375,13,2.3505928241510867,2653.0,-72796.0,193.0,210.0,0.0,53.0,44.0,0.0,25.0,16.0,1815.0,empirical-manual
2026-08-08_165304_567552_1_R9_TEST2,TEST2,9,2.625,19,2.6303213425381338,2626.0,-73620.0,11.0,120.0,0.0,102.0,0.0,38.0,0.0,36.0,1497.0,empirical-manual
2026-08-08_165304_567552_1_R9_TEST2,TEST2,9,2.875,14,2.890726245893049,2410.0,-72764.0,40.0,57.5,70.5,123.0,0.0,38.0,0.0,212.5,1622.5,empirical-manual
2026-08-08_165304_567552_1_R9_TEST2,TEST2,9,3.125,19,3.176203586271742,3003.0,-71509.0,17.0,22.0,0.0,17.0,2.0,10.0,22.0,128.0,2258.0,empirical-manual
2026-08-08_165304_567552_1_R9_TEST2,TEST2,9,3.375,13,3.397066600427918,2260.0,-73173.0,63.0,236.0,63.0,187.0,16.0,0.0,0.0,3.0,1197.0,empirical-manual
2026-08-08_165304_567552_1_R9_TEST2,TEST2,9,3.625,11,3.623885371502874,3578.0,-73647.0,67.0,180.0,0.0,179.0,39.0,0.0,112.0,0.0,2469.0,empirical-manual
2026-08-08_165304_567552_1_R9_TEST2,TEST2,9,3.875,13,3.827160941660513,2807.0,-72352.0,71.0,14.0,0.0,2.0,15.0,173.0,85.0,235.0,1597.0,empirical-manual
2026-08-08_165304_567552_1_R9_TEST2,TEST2,9,4.125,19,4.11004782206527,2136.0,-74572.0,26.0,111.0,115.0,0.0,98.0,112.0,0.0,5.0,920.0,empirical-manual
2026-08-08_165304_567552_1_R9_TEST2,TEST2,9,4.375,16,4.414395808038051,5010.0,-68135.0,90.0,68.5,103.0,101.5,0.0,3.0,63.5,237.5,4406.0,empirical-manual
2026-08-08_165304_567552_1_R9_TEST2,TEST2,9,4.625,15,4.623159609574014,3163.0,-72747.0,84.0,48.0,4.0,19.0,0.0,0.0,61.0,0.0,2491.0,empirical-manual
2026-08-08_165304_567552_1_R9_TEST2,TEST2,9,4.875,15,4.852676022946309,2804.0,-72329.0,156.0,148.0,0.0,131.0,0.0,0.0,21.0,40.0,1992.0,empirical-manual
2026-08-08_165304_567552_1_R9_TEST2,TEST2,9,5.125,10,5.115782174984366,4252.5,-70203.5,30.0,71.5,7.5,180.0,0.0,148.5,0.0,117.0,3568.0,empirical-manual
2026-08-08_165304_567552_1_R9_TEST2,TEST2,9,5.375,14,5.3611722577869365,3227.0,-71537.5,41.0,106.5,0.0,47.5,70.0,0.0,65.5,122.5,1893.0,empirical-manual
2026-08-08_165304_567552_1_R9_TEST2,TEST2,9,5.625,8,5.578628847764808,3772.5,-69940.0,51.0,22.0,73.5,3.0,0.0,108.0,5.0,42.0,3043.5,empirical-manual
2026-08-08_165304_567552_1_R9_TEST2,TEST2,9,5.875,12,5.82279812344577,3703.0,-71272.0,167.0,273.0,0.0,47.0,29.0,0.0,218.0,54.5,3063.5,empirical-manual
2026-08-08_165304_567552_1_R9_TEST2,TEST2,9,6.125,6,6.1545342572293595,5339.0,-68193.5,39.0,92.5,0.0,31.5,0.0,14.5,71.0,72.0,4535.0,empirical-manual
2026-08-08_165304_567552_1_R9_TEST2,TEST2,9,6.375,8,6.303597190529056,2771.5,-73023.0,83.0,101.5,0.0,11.5,187.0,0.0,0.0,75.5,2156.0,empirical-manual
2026-08-08_165304_567552_1_R9_TEST2,TEST2,9,6.625,3,6.550902085925699,4345.0,-68981.0,0.0,261.0,0.0,150.0,91.0,0.0,0.0,222.0,3817.0,empirical-manual
2026-08-08_165304_567552_1_R9_TEST2,TEST2,9,6.875,3,6.809962082603075,4259.0,-70908.0,0.0,157.0,110.0,0.0,0.0,0.0,0.0,187.0,2912.0,empirical-manual
2026-08-08_165304_567552_1_R9_TEST2,TEST2,9,7.125,2,7.123615961889698,1409.0,-74437.5,112.5,190.0,128.5,390.0,163.5,15.5,106.0,230.5,72.5,empirical-manual
2026-08-08_165304_567552_1_R9_TEST2,TEST2,9,7.375,1,7.430825103036382,4762.0,-70767.0,0.0,615.0,0.0,31.0,192.0,0.0,0.0,179.0,3745.0,empirical-manual
2026-08-08_165304_567552_1_R9_TEST2,TEST2,9,7.625,2,7.6722122077376085,2061.0,-76659.5,181.0,0.0,116.0,81.0,0.0,65.5,32.0,0.0,1585.5,empirical-manual
2026-08-08_165304_567552_1_R9_TEST2,TEST2,9,7.875,2,7.813873456270808,5491.5,-68318.0,0.0,271.0,98.5,42.0,42.5,0.0,119.0,384.0,4534.5,empirical-manual
2026-08-08_165304_567552_1_R9_TEST2,TEST2,9,8.625,2,8.644461001748875,3557.5,-72297.5,120.5,33.5,74.5,168.5,53.0,83.0,0.0,231.5,2793.0,empirical-manual
2026-08-08_165304_567552_1_R9_TEST2,TEST2,9,8.875,2,8.896097542335418,3094.0,-73248.0,462.0,3.5,13.5,463.5,0.0,52.5,239.5,2.0,1857.5,empirical-manual
2026-08-08_165304_567552_1_R9_TEST2,TEST2,9,9.375,1,9.37639376425627,1101.0,-74407.0,0.0,325.0,152.0,209.0,105.0,0.0,0.0,242.0,68.0,empirical-manual
2026-08-08_165304_567552_1_R9_TEST2,TEST2,9,10.125,1,10.0524855934329,1292.0,-76656.0,188.0,0.0,0.0,295.0,37.0,0.0,479.0,0.0,293.0,empirical-manual
2026-08-08_165433_326903_1_R9_TEST3,TEST3,9,0.125,3,0.2054729959640333,951.0,-73954.0,72.0,0.0,322.0,0.0,144.0,0.0,0.0,0.0,218.0,empirical-manual
2026-08-08_165433_326903_1_R9_TEST3,TEST3,9,0.375,5,0.367541807099249,1034.0,-74668.0,304.0,193.0,0.0,242.0,181.0,0.0,99.0,64.0,90.0,empirical-manual
2026-08-08_165433_326903_1_R9_TEST3,TEST3,9,0.625,5,0.6452527962248477,2432.0,-68582.0,415.0,613.0,285.0,341.0,132.0,75.0,196.0,290.0,72.0,empirical-manual
2026-08-08_165433_326903_1_R9_TEST3,TEST3,9,0.875,6,0.9067567556359664,2904.5,-69988.0,237.5,693.5,109.0,162.5,463.0,192.0,138.0,529.5,274.5,empirical-manual
2026-08-08_165433_326903_1_R9_TEST3,TEST3,9,1.125,2,1.171364625332782,2575.5,-72080.5,15.0,330.0,24.5,210.0,204.0,20.0,166.5,302.0,1303.5,empirical-manual
2026-08-08_165433_326903_1_R9_TEST3,TEST3,9,1.375,2,1.3896304673952966,1758.5,-74998.0,137.5,161.5,84.5,31.0,37.0,142.0,108.5,154.5,902.0,empirical-manual
2026-08-08_165433_326903_1_R9_TEST3,TEST3,9,1.625,8,1.6780216453922816,3247.0,-69927.0,87.0,244.5,0.0,32.0,169.5,155.0,0.0,160.5,1829.0,empirical-manual
2026-08-08_165433_326903_1_R9_TEST3,TEST3,9,1.875,5,1.8994778868607487,2680.0,-70123.0,150.0,125.0,34.0,142.0,187.0,46.0,56.0,277.0,1238.0,empirical-manual
2026-08-08_165433_326903_1_R9_TEST3,TEST3,9,2.125,13,2.1744640358763,3207.0,-69868.0,136.0,164.0,71.0,172.0,95.0,189.0,72.0,81.0,1886.0,empirical-manual
2026-08-08_165433_326903_1_R9_TEST3,TEST3,9,2.375,14,2.3740686606728936,2849.0,-71744.0,24.5,274.5,20.5,166.0,163.0,86.0,64.0,58.0,1464.0,empirical-manual
2026-08-08_165433_326903_1_R9_TEST3,TEST3,9,2.625,24,2.633959925424607,2607.5,-71797.0,123.5,245.5,107.5,85.5,130.5,0.0,107.0,131.0,1344.5,empirical-manual
2026-08-08_165433_326903_1_R9_TEST3,TEST3,9,2.875,16,2.8739618309747472,2807.0,-72349.0,91.5,321.0,83.0,66.0,102.0,12.0,48.5,43.5,1817.0,empirical-manual
2026-08-08_165433_326903_1_R9_TEST3,TEST3,9,3.125,16,3.1303224185524465,3409.5,-70054.0,197.5,181.0,52.5,303.0,203.5,69.5,56.0,94.0,1406.5,empirical-manual
2026-08-08_165433_326903_1_R9_TEST3,TEST3,9,3.375,18,3.386486007949274,2975.0,-71817.5,13.0,222.0,60.5,185.5,187.5,24.5,0.0,78.5,1891.0,empirical-manual
2026-08-08_165433_326903_1_R9_TEST3,TEST3,9,3.625,13,3.637493627554563,4452.0,-67085.0,189.0,91.0,208.0,206.0,129.0,97.0,129.0,103.0,3152.0,empirical-manual
2026-08-08_165433_326903_1_R9_TEST3,TEST3,9,3.875,17,3.904158078664928,3563.0,-70339.0,81.0,235.0,84.0,74.0,126.0,93.0,5.0,112.0,1526.0,empirical-manual
2026-08-08_165433_326903_1_R9_TEST3,TEST3,9,4.125,17,4.0823800609685446,5148.0,-66844.0,122.0,277.0,69.0,152.0,175.0,51.0,150.0,223.0,3536.0,empirical-manual
2026-08-08_165433_326903_1_R9_TEST3,TEST3,9,4.375,8,4.304483826559021,6149.0,-66272.0,12.5,408.0,38.5,0.0,261.5,0.0,23.5,225.5,5386.0,empirical-manual
2026-08-08_165433_326903_1_R9_TEST3,TEST3,9,4.625,19,4.583983398229615,4839.0,-67020.0,117.0,136.0,90.0,220.0,169.0,102.0,24.0,216.0,3473.0,empirical-manual
2026-08-08_165433_326903_1_R9_TEST3,TEST3,9,4.875,10,4.922799280277678,6500.5,-64744.5,102.5,184.5,0.0,302.5,190.5,79.0,97.5,179.0,5123.5,empirical-manual
2026-08-08_165433_326903_1_R9_TEST3,TEST3,9,5.125,6,5.059060096244186,4525.5,-69560.5,28.0,153.5,20.0,189.5,31.5,0.0,39.0,149.0,3717.0,empirical-manual
2026-08-08_165433_326903_1_R9_TEST3,TEST3,9,5.625,3,5.681394482525019,6787.0,-62555.0,19.0,165.0,38.0,102.0,150.0,85.0,27.0,59.0,5550.0,empirical-manual
2026-08-08_165433_326903_1_R9_TEST3,TEST3,9,5.875,1,5.966165815495639,6737.0,-67157.0,205.0,138.0,380.0,0.0,0.0,387.0,0.0,53.0,5574.0,empirical-manual
2026-08-08_165433_326903_1_R9_TEST3,TEST3,9,6.125,4,6.1235049799986045,4984.5,-69459.5,27.5,258.5,0.0,256.5,207.0,0.0,28.0,2.0,4161.5,empirical-manual
2026-08-08_165433_326903_1_R9_TEST3,TEST3,9,6.375,4,6.463057433461699,5061.0,-70635.5,121.5,61.5,25.0,67.5,162.5,0.0,29.0,100.0,4583.5,empirical-manual
2026-08-08_165433_326903_1_R9_TEST3,TEST3,9,6.625,5,6.613078118669815,7332.0,-65644.0,0.0,364.0,224.0,29.0,221.0,0.0,119.0,177.0,4939.0,empirical-manual
2026-08-08_165433_326903_1_R9_TEST3,TEST3,9,6.875,1,6.9368528881290406,6191.0,-64718.0,210.0,172.0,80.0,223.0,0.0,97.0,69.0,47.0,5293.0,empirical-manual
2026-08-08_165433_326903_1_R9_TEST3,TEST3,9,7.125,1,7.196431639540964,8193.0,-60767.0,0.0,292.0,359.0,260.0,335.0,0.0,0.0,702.0,6245.0,empirical-manual
2026-08-08_165433_326903_1_R9_TEST3,TEST3,9,7.375,1,7.411819694038146,5951.0,-67329.0,161.0,293.0,0.0,0.0,225.0,9.0,85.0,80.0,5098.0,empirical-manual
2026-08-08_165433_326903_1_R9_TEST3,TEST3,9,7.625,2,7.624077824667236,2677.0,-72577.0,12.5,136.5,183.5,132.0,127.5,111.5,50.0,11.0,1912.5,empirical-manual
2026-08-08_165433_326903_1_R9_TEST3,TEST3,9,7.875,1,7.910744236210788,2080.0,-72561.0,205.0,160.0,90.0,688.0,0.0,0.0,114.0,120.0,703.0,empirical-manual
2026-08-08_165519_988311_1_R9_TEST4,TEST4,9,0.125,18,0.004050696272395449,1626.0,-73026.0,99.5,309.5,196.0,285.0,189.5,185.5,127.0,49.0,83.0,empirical-manual
2026-08-08_165519_988311_1_R9_TEST4,TEST4,9,0.375,2,0.33541816568082944,2756.0,-69761.5,425.5,320.5,0.0,557.5,468.5,201.0,157.0,439.0,187.0,empirical-manual
2026-08-08_165519_988311_1_R9_TEST4,TEST4,9,0.625,3,0.6793231850833542,2409.0,-74186.0,184.0,282.0,369.0,168.0,0.0,40.0,188.0,59.0,384.0,empirical-manual
2026-08-08_165519_988311_1_R9_TEST4,TEST4,9,0.875,2,0.8602067849459469,1404.5,-73263.0,186.5,233.0,189.5,110.0,218.5,38.5,141.5,0.0,287.0,empirical-manual
2026-08-08_165519_988311_1_R9_TEST4,TEST4,9,1.125,2,1.148625918211848,2517.5,-72437.5,246.0,265.0,102.0,129.5,102.0,76.5,189.5,57.5,1349.5,empirical-manual
2026-08-08_165519_988311_1_R9_TEST4,TEST4,9,1.375,2,1.3131668464897293,2297.5,-71032.5,352.5,223.0,296.0,147.5,284.5,27.0,163.5,56.5,747.0,empirical-manual
2026-08-08_165519_988311_1_R9_TEST4,TEST4,9,1.625,5,1.591271722796093,2490.0,-72986.0,0.0,348.0,26.0,0.0,194.0,75.0,67.0,113.0,1111.0,empirical-manual
2026-08-08_165519_988311_1_R9_TEST4,TEST4,9,1.875,9,1.9277336980275075,3379.0,-68831.0,73.0,288.0,0.0,411.0,192.0,0.0,106.0,34.0,1899.0,empirical-manual
2026-08-08_165519_988311_1_R9_TEST4,TEST4,9,2.125,9,2.1500903302799537,3891.0,-67320.0,151.0,158.0,240.0,461.0,179.0,81.0,212.0,107.0,2068.0,empirical-manual
2026-08-08_165519_988311_1_R9_TEST4,TEST4,9,2.375,13,2.352850759003537,4076.0,-67944.0,68.0,324.0,207.0,129.0,439.0,190.0,82.0,253.0,2258.0,empirical-manual
2026-08-08_165519_988311_1_R9_TEST4,TEST4,9,2.625,23,2.6722840289378658,3390.0,-70444.0,216.0,270.0,173.0,169.0,222.0,104.0,0.0,114.0,2031.0,empirical-manual
2026-08-08_165519_988311_1_R9_TEST4,TEST4,9,2.875,21,2.882609023986125,2965.0,-69185.0,85.0,243.0,195.0,255.0,137.0,218.0,60.0,80.0,1328.0,empirical-manual
2026-08-08_165519_988311_1_R9_TEST4,TEST4,9,3.125,22,3.1441682719191233,3838.0,-67886.5,187.5,189.0,239.5,283.0,302.0,143.0,55.5,86.5,1945.0,empirical-manual
2026-08-08_165519_988311_1_R9_TEST4,TEST4,9,3.375,21,3.3630352457117376,4468.0,-69807.0,117.0,265.0,93.0,76.0,166.0,0.0,79.0,117.0,2865.0,empirical-manual
2026-08-08_165519_988311_1_R9_TEST4,TEST4,9,3.625,20,3.6383407748070438,3734.0,-68209.0,199.0,224.5,130.0,133.0,201.5,51.0,15.5,28.5,2570.0,empirical-manual
2026-08-08_165519_988311_1_R9_TEST4,TEST4,9,3.875,16,3.899390433177195,6236.5,-65342.0,160.5,296.5,93.5,224.0,303.0,105.5,152.0,103.5,3977.0,empirical-manual
2026-08-08_165519_988311_1_R9_TEST4,TEST4,9,4.125,16,4.068197271144545,5498.5,-66349.0,279.5,204.5,65.0,262.0,193.0,0.0,209.5,114.5,4018.5,empirical-manual
2026-08-08_165519_988311_1_R9_TEST4,TEST4,9,4.375,23,4.369434455745097,6573.0,-63034.0,290.0,302.0,132.0,266.0,237.0,111.0,135.0,217.0,4164.0,empirical-manual
2026-08-08_165519_988311_1_R9_TEST4,TEST4,9,4.625,13,4.625874819606719,6794.0,-64586.0,143.0,297.0,225.0,211.0,198.0,37.0,194.0,165.0,4645.0,empirical-manual
2026-08-08_165519_988311_1_R9_TEST4,TEST4,9,4.875,10,4.818593307811023,6821.5,-65648.0,102.5,179.5,51.0,0.0,44.0,190.5,0.0,193.0,5204.0,empirical-manual
2026-08-08_165519_988311_1_R9_TEST4,TEST4,9,5.125,7,5.069399820566071,4164.0,-67050.0,125.0,252.0,149.0,128.0,286.0,180.0,240.0,235.0,2870.0,empirical-manual
2026-08-08_165519_988311_1_R9_TEST4,TEST4,9,5.375,6,5.287048824232807,4960.0,-66756.0,88.0,199.0,166.5,174.0,100.0,100.0,63.0,45.5,3661.5,empirical-manual
2026-08-08_165519_988311_1_R9_TEST4,TEST4,9,5.625,2,5.570694791549707,5777.5,-64661.0,283.5,135.5,74.5,132.0,28.0,14.5,187.0,11.5,4911.0,empirical-manual
2026-08-08_165519_988311_1_R9_TEST4,TEST4,9,5.875,4,5.841908324470283,6213.0,-67495.5,223.0,179.5,117.0,231.5,347.5,15.0,308.5,24.0,4301.0,empirical-manual
2026-08-08_165519_988311_1_R9_TEST4,TEST4,9,6.125,4,6.108952265527446,5863.0,-65048.5,11.0,147.0,50.5,61.5,119.5,58.0,55.0,28.0,4767.0,empirical-manual
2026-08-08_165519_988311_1_R9_TEST4,TEST4,9,6.375,1,6.457459691035314,7767.0,-61305.0,413.0,181.0,583.0,279.0,77.0,166.0,366.0,0.0,5702.0,empirical-manual
2026-08-08_165519_988311_1_R9_TEST4,TEST4,9,6.625,1,6.6625346546274535,5097.0,-66150.0,524.0,0.0,79.0,396.0,78.0,147.0,271.0,174.0,3428.0,empirical-manual
2026-08-08_165519_988311_1_R9_TEST4,TEST4,9,7.125,1,7.037995966878624,4274.0,-68813.0,208.0,266.0,0.0,121.0,466.0,0.0,86.0,125.0,3002.0,empirical-manual
2026-08-08_165519_988311_1_R9_TEST4,TEST4,9,8.625,1,8.671566442499751,2858.0,-67922.0,417.0,227.0,12.0,23.0,0.0,308.0,305.0,316.0,1250.0,empirical-manual
2026-08-08_165519_988311_1_R9_TEST4,TEST4,9,9.125,1,9.073518295020415,6069.0,-64660.0,566.0,509.0,0.0,106.0,98.0,246.0,0.0,362.0,4182.0,empirical-manual
2026-08-08_165607_836382_1_R9_TEST5,TEST5,9,0.125,24,0.00135162759597605,1268.0,-75259.5,85.0,152.5,97.5,234.0,140.5,116.0,77.5,81.0,37.0,empirical-manual
2026-08-08_165607_836382_1_R9_TEST5,TEST5,9,0.375,2,0.3970782609616189,1398.5,-76444.5,163.5,136.5,201.5,205.5,0.0,393.0,69.5,2.0,227.0,empirical-manual
2026-08-08_165607_836382_1_R9_TEST5,TEST5,9,0.625,1,0.6925541016510235,1277.0,-74183.0,44.0,53.0,282.0,0.0,198.0,0.0,395.0,303.0,2.0,empirical-manual
2026-08-08_165607_836382_1_R9_TEST5,TEST5,9,0.875,1,0.943091519250335,1471.0,-72526.0,218.0,0.0,72.0,0.0,231.0,618.0,0.0,123.0,209.0,empirical-manual
2026-08-08_165607_836382_1_R9_TEST5,TEST5,9,1.125,2,1.203910071994771,2315.5,-76385.0,309.5,242.5,0.0,45.5,137.5,0.0,100.0,49.5,1431.0,empirical-manual
2026-08-08_165607_836382_1_R9_TEST5,TEST5,9,1.375,3,1.3965508570625529,3620.0,-70788.0,65.0,168.0,53.0,298.0,26.0,0.0,0.0,0.0,2449.0,empirical-manual
2026-08-08_165607_836382_1_R9_TEST5,TEST5,9,1.625,8,1.6190129150796402,3148.5,-71338.0,202.0,188.5,183.5,371.5,151.5,90.0,44.0,41.5,1796.5,empirical-manual
2026-08-08_165607_836382_1_R9_TEST5,TEST5,9,1.875,7,1.8437646734367803,3002.0,-72252.0,86.0,272.0,365.0,158.0,94.0,0.0,46.0,157.0,1501.0,empirical-manual
2026-08-08_165607_836382_1_R9_TEST5,TEST5,9,2.125,24,2.113887172351952,2468.0,-72281.0,150.0,297.0,17.0,81.0,158.0,0.0,36.5,11.5,1958.0,empirical-manual
2026-08-08_165607_836382_1_R9_TEST5,TEST5,9,2.375,24,2.385644612672119,3346.5,-71418.5,73.5,228.0,66.5,152.0,51.0,0.0,0.0,59.0,2136.0,empirical-manual
2026-08-08_165607_836382_1_R9_TEST5,TEST5,9,2.625,20,2.6490550790951146,3593.5,-69800.5,157.5,173.5,77.5,139.5,71.0,78.5,0.0,79.0,2686.5,empirical-manual
2026-08-08_165607_836382_1_R9_TEST5,TEST5,9,2.875,35,2.869111352545924,3495.0,-70627.0,77.0,234.0,82.0,171.0,167.0,18.0,0.0,101.0,2297.0,empirical-manual
2026-08-08_165607_836382_1_R9_TEST5,TEST5,9,3.125,22,3.1100428155663593,2613.0,-72683.0,19.5,107.5,10.5,155.0,49.0,0.0,0.0,58.0,1962.5,empirical-manual
2026-08-08_165607_836382_1_R9_TEST5,TEST5,9,3.375,31,3.386627497764077,4412.0,-69132.0,142.0,269.0,0.0,189.0,135.0,0.0,121.0,87.0,3450.0,empirical-manual
2026-08-08_165607_836382_1_R9_TEST5,TEST5,9,3.625,19,3.617654380406976,3875.0,-69651.0,0.0,159.0,215.0,151.0,73.0,47.0,0.0,83.0,3248.0,empirical-manual
2026-08-08_165607_836382_1_R9_TEST5,TEST5,9,3.875,19,3.915831048121297,4219.0,-67909.0,162.0,233.0,162.0,166.0,0.0,28.0,145.0,17.0,3534.0,empirical-manual
2026-08-08_165607_836382_1_R9_TEST5,TEST5,9,4.125,15,4.182326070819866,4565.0,-70806.0,75.0,319.0,53.0,242.0,145.0,70.0,2.0,96.0,3470.0,empirical-manual
2026-08-08_165607_836382_1_R9_TEST5,TEST5,9,4.375,9,4.380832918563134,4335.0,-70147.0,0.0,217.0,0.0,267.0,0.0,0.0,56.0,7.0,3609.0,empirical-manual
2026-08-08_165607_836382_1_R9_TEST5,TEST5,9,4.625,13,4.612620009751743,6076.0,-66504.0,0.0,228.0,59.0,161.0,47.0,0.0,0.0,118.0,4989.0,empirical-manual
2026-08-08_165607_836382_1_R9_TEST5,TEST5,9,4.875,10,4.829846952933168,3194.5,-72650.5,48.0,198.0,25.5,144.0,146.0,0.5,0.0,17.5,2431.5,empirical-manual
2026-08-08_165607_836382_1_R9_TEST5,TEST5,9,5.125,6,5.139528998582947,5378.0,-68044.5,23.0,176.0,42.5,0.0,127.5,9.5,106.0,42.0,4920.5,empirical-manual
2026-08-08_165607_836382_1_R9_TEST5,TEST5,9,5.375,6,5.339645745167409,3294.5,-70889.0,38.0,262.5,113.5,228.5,207.0,78.0,41.0,176.5,1925.5,empirical-manual
2026-08-08_165607_836382_1_R9_TEST5,TEST5,9,5.625,6,5.573042163819723,5140.5,-67984.5,129.5,167.5,0.0,0.0,157.0,0.0,11.0,61.5,4668.5,empirical-manual
2026-08-08_165607_836382_1_R9_TEST5,TEST5,9,5.875,3,5.801648329769228,1849.0,-72151.0,0.0,142.0,224.0,142.0,235.0,150.0,0.0,248.0,1295.0,empirical-manual
2026-08-08_165607_836382_1_R9_TEST5,TEST5,9,6.125,7,6.16325450844476,5564.0,-67829.0,93.0,305.0,0.0,0.0,201.0,70.0,107.0,220.0,3803.0,empirical-manual
2026-08-08_165607_836382_1_R9_TEST5,TEST5,9,6.375,3,6.282331324473326,8536.0,-61682.0,144.0,403.0,0.0,172.0,273.0,0.0,0.0,0.0,7040.0,empirical-manual
2026-08-08_165607_836382_1_R9_TEST5,TEST5,9,6.625,2,6.644248540463595,7003.0,-65095.0,22.0,188.5,29.0,202.0,0.0,0.0,74.0,50.5,6437.0,empirical-manual
2026-08-08_165607_836382_1_R9_TEST5,TEST5,9,7.125,1,7.141834866601393,2491.0,-76190.0,0.0,634.0,124.0,0.0,0.0,0.0,0.0,78.0,1655.0,empirical-manual
2026-08-08_165607_836382_1_R9_TEST5,TEST5,9,7.375,1,7.428717654794056,6628.0,-67119.0,0.0,344.0,0.0,219.0,0.0,0.0,0.0,0.0,6065.0,empirical-manual
2026-08-08_165607_836382_1_R9_TEST5,TEST5,9,7.875,2,7.843112904652086,7052.5,-65431.0,35.5,262.5,0.0,95.5,95.0,28.0,44.0,20.0,6472.0,empirical-manual
2026-08-08_165607_836382_1_R9_TEST5,TEST5,9,8.125,1,8.072781833590486,8136.0,-64983.0,0.0,154.0,0.0,0.0,0.0,147.0,0.0,286.0,7549.0,empirical-manual
2026-08-08_165607_836382_1_R9_TEST5,TEST5,9,8.375,2,8.330186602510247,6517.5,-63527.5,294.5,325.0,13.0,265.0,418.0,30.5,128.5,64.5,4978.5,empirical-manual
2026-08-08_165709_643597_1_R9_TEST6,TEST6,9,0.125,5,0.0051624692172667,4038.0,-65718.0,580.0,843.0,237.0,708.0,696.0,447.0,308.0,378.0,72.0,empirical-manual
2026-08-08_165709_643597_1_R9_TEST6,TEST6,9,0.375,2,0.3891293378004659,3109.0,-69533.5,397.5,576.0,302.5,465.5,364.0,111.0,492.0,186.0,214.5,empirical-manual
2026-08-08_165709_643597_1_R9_TEST6,TEST6,9,0.625,1,0.6579574248749439,2624.0,-71818.0,364.0,299.0,74.0,584.0,95.0,224.0,293.0,247.0,444.0,empirical-manual
2026-08-08_165709_643597_1_R9_TEST6,TEST6,9,0.875,4,0.8026317590234174,1915.5,-71500.5,472.5,356.0,70.0,277.5,160.0,188.5,252.5,36.0,97.5,empirical-manual
2026-08-08_165709_643597_1_R9_TEST6,TEST6,9,1.125,4,1.1207691554554808,2888.0,-69355.5,516.5,262.0,31.5,500.5,152.5,0.0,383.0,0.0,294.0,empirical-manual
2026-08-08_165709_643597_1_R9_TEST6,TEST6,9,1.375,4,1.3513879505061022,2913.0,-71216.0,109.0,132.5,58.0,347.5,143.5,90.5,0.0,247.0,1676.0,empirical-manual
2026-08-08_165709_643597_1_R9_TEST6,TEST6,9,1.625,9,1.6761292985497005,4139.0,-67214.0,144.0,660.0,63.0,428.0,259.0,0.0,162.0,254.0,1693.0,empirical-manual
2026-08-08_165709_643597_1_R9_TEST6,TEST6,9,1.875,12,1.8815508063164466,4305.0,-68052.5,225.0,374.0,69.5,388.5,223.5,5.0,232.5,70.5,2258.5,empirical-manual
2026-08-08_165709_643597_1_R9_TEST6,TEST6,9,2.125,11,2.090689270351434,3874.0,-68526.0,280.0,274.0,77.0,402.0,328.0,0.0,178.0,68.0,2272.0,empirical-manual
2026-08-08_165709_643597_1_R9_TEST6,TEST6,9,2.375,24,2.3834829122352916,4176.5,-67771.5,153.0,400.5,129.0,308.5,296.5,25.0,9.5,124.0,2604.5,empirical-manual
2026-08-08_165709_643597_1_R9_TEST6,TEST6,9,2.625,23,2.635690515797542,3768.0,-68205.0,166.0,276.0,101.0,345.0,228.0,122.0,88.0,106.0,1913.0,empirical-manual
2026-08-08_165709_643597_1_R9_TEST6,TEST6,9,2.875,27,2.89684717135822,4218.0,-68443.0,113.0,318.0,128.0,287.0,278.0,109.0,69.0,96.0,2326.0,empirical-manual
2026-08-08_165709_643597_1_R9_TEST6,TEST6,9,3.125,27,3.107128272594122,5294.0,-66657.0,188.0,235.0,0.0,215.0,262.0,57.0,143.0,203.0,3025.0,empirical-manual
2026-08-08_165709_643597_1_R9_TEST6,TEST6,9,3.375,20,3.3402023103215335,5913.0,-66134.5,146.5,300.0,71.5,236.0,262.0,56.0,60.5,245.5,3050.0,empirical-manual
2026-08-08_165709_643597_1_R9_TEST6,TEST6,9,3.625,25,3.592908631299994,5639.0,-64963.0,243.0,290.0,94.0,353.0,152.0,39.0,154.0,249.0,3623.0,empirical-manual
2026-08-08_165709_643597_1_R9_TEST6,TEST6,9,3.875,29,3.838691741953585,5857.0,-63965.0,126.0,485.0,155.0,208.0,424.0,177.0,41.0,290.0,3786.0,empirical-manual
2026-08-08_165709_643597_1_R9_TEST6,TEST6,9,4.125,23,4.133119082492722,6821.0,-64602.0,209.0,314.0,163.0,257.0,296.0,100.0,165.0,274.0,4527.0,empirical-manual
2026-08-08_165709_643597_1_R9_TEST6,TEST6,9,4.375,16,4.377454081817638,7599.5,-62071.5,335.0,349.0,97.5,473.5,382.0,212.0,187.5,340.0,5785.0,empirical-manual
2026-08-08_165709_643597_1_R9_TEST6,TEST6,9,4.625,14,4.658901974630604,7315.0,-63391.5,214.5,277.0,16.0,343.5,281.0,162.5,121.0,191.0,4916.0,empirical-manual
2026-08-08_165709_643597_1_R9_TEST6,TEST6,9,4.875,7,4.886919029689452,6107.0,-64256.0,189.0,175.0,0.0,327.0,237.0,0.0,0.0,185.0,5148.0,empirical-manual
2026-08-08_165709_643597_1_R9_TEST6,TEST6,9,5.125,9,5.075583875274877,7495.0,-61379.0,206.0,433.0,276.0,248.0,450.0,65.0,161.0,291.0,5430.0,empirical-manual
2026-08-08_165709_643597_1_R9_TEST6,TEST6,9,5.375,9,5.373089855153494,7021.0,-62537.0,103.0,313.0,35.0,213.0,334.0,197.0,196.0,269.0,4993.0,empirical-manual
2026-08-08_165709_643597_1_R9_TEST6,TEST6,9,5.625,6,5.6549420191781845,6964.5,-64759.5,152.5,254.5,29.0,215.5,368.5,0.0,0.0,414.5,5333.5,empirical-manual
2026-08-08_165709_643597_1_R9_TEST6,TEST6,9,5.875,5,5.8403580070729415,5670.0,-65892.0,245.0,167.0,224.0,226.0,167.0,167.0,0.0,14.0,3853.0,empirical-manual
2026-08-08_165709_643597_1_R9_TEST6,TEST6,9,6.125,3,6.107959568644968,8125.0,-60072.0,7.0,461.0,181.0,524.0,507.0,330.0,231.0,497.0,5707.0,empirical-manual
2026-08-08_165709_643597_1_R9_TEST6,TEST6,9,6.375,6,6.36395410967531,5867.0,-63316.5,222.0,422.5,191.5,390.5,440.0,332.5,0.0,262.5,3393.5,empirical-manual
2026-08-08_165709_643597_1_R9_TEST6,TEST6,9,6.625,1,6.579890276490729,3597.0,-69460.0,476.0,496.0,0.0,644.0,265.0,0.0,96.0,0.0,1620.0,empirical-manual
2026-08-08_165709_643597_1_R9_TEST6,TEST6,9,6.875,1,6.805587046534763,8656.0,-58132.0,339.0,658.0,161.0,112.0,73.0,426.0,599.0,132.0,6156.0,empirical-manual
2026-08-08_165709_643597_1_R9_TEST6,TEST6,9,7.125,2,7.10682725248129,5011.0,-64874.0,571.5,781.5,404.0,523.5,802.5,267.5,300.0,362.5,998.0,empirical-manual
2026-08-08_165709_643597_1_R9_TEST6,TEST6,9,7.375,1,7.306001621248295,5590.0,-61151.0,579.0,406.0,563.0,1080.0,715.0,512.0,558.0,0.0,1177.0,empirical-manual
2026-08-08_165709_643597_1_R9_TEST6,TEST6,9,7.625,1,7.58033066573717,6466.0,-60587.0,611.0,138.0,137.0,500.0,1133.0,209.0,162.0,331.0,3245.0,empirical-manual
2026-08-08_165709_643597_1_R9_TEST6,TEST6,9,8.125,1,8.219388721904291,5322.0,-64854.0,417.0,598.0,780.0,735.0,667.0,606.0,234.0,0.0,1285.0,empirical-manual
