model,outer_test_group,evaluation_scope,force_min_N,force_max_N,selected_alpha,session_id,target_roi,force_bin_N,observed_force_N,predicted_force_N,absolute_error_N,squared_error_N2,within_0_5_N,data_origin
constant_baseline,TEST1,live_implementation_range_1.7_to_3.0_N,1.7,3.0,,2026-08-08_142130_319119_1_R1_TEST1,1,1.875,1.8651360172576128,2.379865313134025,0.5147292958764123,0.26494624803342715,False,empirical-manual-held-out-test-group
constant_baseline,TEST1,live_implementation_range_1.7_to_3.0_N,1.7,3.0,,2026-08-08_142130_319119_1_R1_TEST1,1,2.125,2.1126423810041532,2.379865313134025,0.2672229321298718,0.07140809545608608,True,empirical-manual-held-out-test-group
constant_baseline,TEST1,live_implementation_range_1.7_to_3.0_N,1.7,3.0,,2026-08-08_142130_319119_1_R1_TEST1,1,2.375,2.3600747903514954,2.379865313134025,0.019790522782529685,0.0003916647920058265,True,empirical-manual-held-out-test-group
constant_baseline,TEST1,live_implementation_range_1.7_to_3.0_N,1.7,3.0,,2026-08-08_142130_319119_1_R1_TEST1,1,2.625,2.6316084183498853,2.379865313134025,0.2517431052158603,0.06337459102372371,True,empirical-manual-held-out-test-group
constant_baseline,TEST1,live_implementation_range_1.7_to_3.0_N,1.7,3.0,,2026-08-08_142130_319119_1_R1_TEST1,1,2.875,2.836662469198881,2.379865313134025,0.45679715606485605,0.20866364178894045,True,empirical-manual-held-out-test-group
constant_baseline,TEST1,live_implementation_range_1.7_to_3.0_N,1.7,3.0,,2026-08-08_142601_715359_1_R2_TEST1,2,1.875,1.8640134118746188,2.379865313134025,0.5158519012594063,0.26610318403294425,False,empirical-manual-held-out-test-group
constant_baseline,TEST1,live_implementation_range_1.7_to_3.0_N,1.7,3.0,,2026-08-08_142601_715359_1_R2_TEST1,2,2.125,2.120409959439824,2.379865313134025,0.25945535369420103,0.06731708056058296,True,empirical-manual-held-out-test-group
constant_baseline,TEST1,live_implementation_range_1.7_to_3.0_N,1.7,3.0,,2026-08-08_142601_715359_1_R2_TEST1,2,2.375,2.3791218492180684,2.379865313134025,0.0007434639159566991,5.527385943296698e-07,True,empirical-manual-held-out-test-group
constant_baseline,TEST1,live_implementation_range_1.7_to_3.0_N,1.7,3.0,,2026-08-08_142601_715359_1_R2_TEST1,2,2.625,2.6305528770101674,2.379865313134025,0.2506875638761423,0.06284425468215495,True,empirical-manual-held-out-test-group
constant_baseline,TEST1,live_implementation_range_1.7_to_3.0_N,1.7,3.0,,2026-08-08_142601_715359_1_R2_TEST1,2,2.875,2.9034816385597084,2.379865313134025,0.5236163254256834,0.27417405625229513,False,empirical-manual-held-out-test-group
constant_baseline,TEST1,live_implementation_range_1.7_to_3.0_N,1.7,3.0,,2026-08-08_143408_738677_1_R3_TEST1,3,1.875,1.9851359645728213,2.379865313134025,0.3947293485612038,0.1558112586155523,True,empirical-manual-held-out-test-group
constant_baseline,TEST1,live_implementation_range_1.7_to_3.0_N,1.7,3.0,,2026-08-08_143408_738677_1_R3_TEST1,3,2.125,2.179225789558129,2.379865313134025,0.2006395235758962,0.04025621842076261,True,empirical-manual-held-out-test-group
constant_baseline,TEST1,live_implementation_range_1.7_to_3.0_N,1.7,3.0,,2026-08-08_143408_738677_1_R3_TEST1,3,2.375,2.4253858356296902,2.379865313134025,0.04552052249566518,0.00207211796827836,True,empirical-manual-held-out-test-group
constant_baseline,TEST1,live_implementation_range_1.7_to_3.0_N,1.7,3.0,,2026-08-08_143408_738677_1_R3_TEST1,3,2.625,2.6488779583052278,2.379865313134025,0.2690126451712027,0.07236780326200741,True,empirical-manual-held-out-test-group
constant_baseline,TEST1,live_implementation_range_1.7_to_3.0_N,1.7,3.0,,2026-08-08_143408_738677_1_R3_TEST1,3,2.875,2.871579812970323,2.379865313134025,0.4917144998362981,0.24178314934926082,True,empirical-manual-held-out-test-group
constant_baseline,TEST1,live_implementation_range_1.7_to_3.0_N,1.7,3.0,,2026-08-08_144407_344158_1_R4_TEST1,4,1.875,1.8536320385350424,2.379865313134025,0.5262332745989826,0.27692145929516826,False,empirical-manual-held-out-test-group
constant_baseline,TEST1,live_implementation_range_1.7_to_3.0_N,1.7,3.0,,2026-08-08_144407_344158_1_R4_TEST1,4,2.125,2.158279416849948,2.379865313134025,0.22158589628407688,0.04910030943201767,True,empirical-manual-held-out-test-group
constant_baseline,TEST1,live_implementation_range_1.7_to_3.0_N,1.7,3.0,,2026-08-08_144407_344158_1_R4_TEST1,4,2.375,2.3518609548060407,2.379865313134025,0.028004358327984313,0.0007842440853621443,True,empirical-manual-held-out-test-group
constant_baseline,TEST1,live_implementation_range_1.7_to_3.0_N,1.7,3.0,,2026-08-08_144407_344158_1_R4_TEST1,4,2.625,2.6147597391935684,2.379865313134025,0.23489442605954336,0.05517539139384228,True,empirical-manual-held-out-test-group
constant_baseline,TEST1,live_implementation_range_1.7_to_3.0_N,1.7,3.0,,2026-08-08_144407_344158_1_R4_TEST1,4,2.875,2.8511424544038,2.379865313134025,0.47127714126977516,0.22210214388341162,True,empirical-manual-held-out-test-group
constant_baseline,TEST1,live_implementation_range_1.7_to_3.0_N,1.7,3.0,,2026-08-08_145009_272251_1_R5_TEST1,5,1.875,1.8544359837186684,2.379865313134025,0.5254293294153567,0.2760759802098714,False,empirical-manual-held-out-test-group
constant_baseline,TEST1,live_implementation_range_1.7_to_3.0_N,1.7,3.0,,2026-08-08_145009_272251_1_R5_TEST1,5,2.125,2.1587737731389613,2.379865313134025,0.2210915399950637,0.048881469057388854,True,empirical-manual-held-out-test-group
constant_baseline,TEST1,live_implementation_range_1.7_to_3.0_N,1.7,3.0,,2026-08-08_145009_272251_1_R5_TEST1,5,2.375,2.3971935376022655,2.379865313134025,0.01732822446824045,0.000300267363221727,True,empirical-manual-held-out-test-group
constant_baseline,TEST1,live_implementation_range_1.7_to_3.0_N,1.7,3.0,,2026-08-08_145009_272251_1_R5_TEST1,5,2.625,2.584367526657595,2.379865313134025,0.20450221352357012,0.04182115533603987,True,empirical-manual-held-out-test-group
constant_baseline,TEST1,live_implementation_range_1.7_to_3.0_N,1.7,3.0,,2026-08-08_145009_272251_1_R5_TEST1,5,2.875,2.867028089204088,2.379865313134025,0.487162776070063,0.23732757038829033,True,empirical-manual-held-out-test-group
constant_baseline,TEST1,live_implementation_range_1.7_to_3.0_N,1.7,3.0,,2026-08-08_145348_428397_1_R6_TEST1,6,1.875,1.845116827879964,2.379865313134025,0.5347484852540612,0.28595594248151285,False,empirical-manual-held-out-test-group
constant_baseline,TEST1,live_implementation_range_1.7_to_3.0_N,1.7,3.0,,2026-08-08_145348_428397_1_R6_TEST1,6,2.125,2.112262098252905,2.379865313134025,0.26760321488112027,0.07161148061471102,True,empirical-manual-held-out-test-group
constant_baseline,TEST1,live_implementation_range_1.7_to_3.0_N,1.7,3.0,,2026-08-08_145348_428397_1_R6_TEST1,6,2.375,2.3736165592087373,2.379865313134025,0.006248753925287787,3.904692561879952e-05,True,empirical-manual-held-out-test-group
constant_baseline,TEST1,live_implementation_range_1.7_to_3.0_N,1.7,3.0,,2026-08-08_145348_428397_1_R6_TEST1,6,2.625,2.5597248261628005,2.379865313134025,0.17985951302877545,0.032349444426948246,True,empirical-manual-held-out-test-group
constant_baseline,TEST1,live_implementation_range_1.7_to_3.0_N,1.7,3.0,,2026-08-08_145348_428397_1_R6_TEST1,6,2.875,2.8984447868747862,2.379865313134025,0.5185794737407612,0.26892467058524483,False,empirical-manual-held-out-test-group
constant_baseline,TEST1,live_implementation_range_1.7_to_3.0_N,1.7,3.0,,2026-08-08_145646_442250_1_R7_TEST1,7,1.875,1.8721899971774345,2.379865313134025,0.5076753159565905,0.257734226431624,False,empirical-manual-held-out-test-group
constant_baseline,TEST1,live_implementation_range_1.7_to_3.0_N,1.7,3.0,,2026-08-08_145646_442250_1_R7_TEST1,7,2.125,2.1030149916966088,2.379865313134025,0.2768503214374163,0.07664610048000071,True,empirical-manual-held-out-test-group
constant_baseline,TEST1,live_implementation_range_1.7_to_3.0_N,1.7,3.0,,2026-08-08_145646_442250_1_R7_TEST1,7,2.375,2.384211736786775,2.379865313134025,0.004346423652749731,1.8891398569182317e-05,True,empirical-manual-held-out-test-group
constant_baseline,TEST1,live_implementation_range_1.7_to_3.0_N,1.7,3.0,,2026-08-08_145646_442250_1_R7_TEST1,7,2.625,2.6234922433234096,2.379865313134025,0.24362693018938453,0.059354081113503245,True,empirical-manual-held-out-test-group
constant_baseline,TEST1,live_implementation_range_1.7_to_3.0_N,1.7,3.0,,2026-08-08_145646_442250_1_R7_TEST1,7,2.875,2.847124739463268,2.379865313134025,0.4672594263292429,0.21833137149353316,True,empirical-manual-held-out-test-group
constant_baseline,TEST1,live_implementation_range_1.7_to_3.0_N,1.7,3.0,,2026-08-08_145956_684487_1_R8_TEST1,8,1.875,1.8665528846632178,2.379865313134025,0.5133124284708073,0.26348964922259765,False,empirical-manual-held-out-test-group
constant_baseline,TEST1,live_implementation_range_1.7_to_3.0_N,1.7,3.0,,2026-08-08_145956_684487_1_R8_TEST1,8,2.125,2.112950642418848,2.379865313134025,0.26691467071517705,0.0712434414429914,True,empirical-manual-held-out-test-group
constant_baseline,TEST1,live_implementation_range_1.7_to_3.0_N,1.7,3.0,,2026-08-08_145956_684487_1_R8_TEST1,8,2.375,2.357454725318833,2.379865313134025,0.022410587815191896,0.0005022344462224274,True,empirical-manual-held-out-test-group
constant_baseline,TEST1,live_implementation_range_1.7_to_3.0_N,1.7,3.0,,2026-08-08_145956_684487_1_R8_TEST1,8,2.625,2.6116157375481706,2.379865313134025,0.2317504244141455,0.05370825921613657,True,empirical-manual-held-out-test-group
constant_baseline,TEST1,live_implementation_range_1.7_to_3.0_N,1.7,3.0,,2026-08-08_145956_684487_1_R8_TEST1,8,2.875,2.8924473482043362,2.379865313134025,0.5125820350703112,0.2627403426768217,False,empirical-manual-held-out-test-group
constant_baseline,TEST1,live_implementation_range_1.7_to_3.0_N,1.7,3.0,,2026-08-08_150408_799581_1_R9_TEST1,9,1.875,1.8886081585713568,2.379865313134025,0.4912571545626683,0.24133359190900935,True,empirical-manual-held-out-test-group
constant_baseline,TEST1,live_implementation_range_1.7_to_3.0_N,1.7,3.0,,2026-08-08_150408_799581_1_R9_TEST1,9,2.125,2.1356031241450744,2.379865313134025,0.2442621889889507,0.05966401696967386,True,empirical-manual-held-out-test-group
constant_baseline,TEST1,live_implementation_range_1.7_to_3.0_N,1.7,3.0,,2026-08-08_150408_799581_1_R9_TEST1,9,2.375,2.3817296253605544,2.379865313134025,0.0018643122265293854,3.4756600779869547e-06,True,empirical-manual-held-out-test-group
constant_baseline,TEST1,live_implementation_range_1.7_to_3.0_N,1.7,3.0,,2026-08-08_150408_799581_1_R9_TEST1,9,2.625,2.620755423590372,2.379865313134025,0.240890110456347,0.05802804531567106,True,empirical-manual-held-out-test-group
constant_baseline,TEST1,live_implementation_range_1.7_to_3.0_N,1.7,3.0,,2026-08-08_150408_799581_1_R9_TEST1,9,2.875,2.877786020837513,2.379865313134025,0.49792070770348795,0.2479250311599423,True,empirical-manual-held-out-test-group
total_light_linear,TEST1,live_implementation_range_1.7_to_3.0_N,1.7,3.0,0.01,2026-08-08_142130_319119_1_R1_TEST1,1,1.875,1.8651360172576128,2.4977250556475945,0.6325890383899817,0.40016889149116175,False,empirical-manual-held-out-test-group
total_light_linear,TEST1,live_implementation_range_1.7_to_3.0_N,1.7,3.0,0.01,2026-08-08_142130_319119_1_R1_TEST1,1,2.125,2.1126423810041532,2.475792144798695,0.3631497637945418,0.13187775094403148,True,empirical-manual-held-out-test-group
total_light_linear,TEST1,live_implementation_range_1.7_to_3.0_N,1.7,3.0,0.01,2026-08-08_142130_319119_1_R1_TEST1,1,2.375,2.3600747903514954,2.472313221551344,0.11223843119984878,0.012597465438203188,True,empirical-manual-held-out-test-group
total_light_linear,TEST1,live_implementation_range_1.7_to_3.0_N,1.7,3.0,0.01,2026-08-08_142130_319119_1_R1_TEST1,1,2.625,2.6316084183498853,2.4637467000212134,0.16786171832867192,0.028177556480254388,True,empirical-manual-held-out-test-group
total_light_linear,TEST1,live_implementation_range_1.7_to_3.0_N,1.7,3.0,0.01,2026-08-08_142130_319119_1_R1_TEST1,1,2.875,2.836662469198881,2.4744450429397586,0.36221742625912245,0.13120146388578283,True,empirical-manual-held-out-test-group
total_light_linear,TEST1,live_implementation_range_1.7_to_3.0_N,1.7,3.0,0.01,2026-08-08_142601_715359_1_R2_TEST1,2,1.875,1.8640134118746188,2.4425985087017916,0.5785850968271729,0.33476071427050896,False,empirical-manual-held-out-test-group
total_light_linear,TEST1,live_implementation_range_1.7_to_3.0_N,1.7,3.0,0.01,2026-08-08_142601_715359_1_R2_TEST1,2,2.125,2.120409959439824,2.4369877640660267,0.31657780462620266,0.10022150638194614,True,empirical-manual-held-out-test-group
total_light_linear,TEST1,live_implementation_range_1.7_to_3.0_N,1.7,3.0,0.01,2026-08-08_142601_715359_1_R2_TEST1,2,2.375,2.3791218492180684,2.4656300268919598,0.0865081776738914,0.007483664804457563,True,empirical-manual-held-out-test-group
total_light_linear,TEST1,live_implementation_range_1.7_to_3.0_N,1.7,3.0,0.01,2026-08-08_142601_715359_1_R2_TEST1,2,2.625,2.6305528770101674,2.449255546043527,0.18129733096664058,0.032868722215627616,True,empirical-manual-held-out-test-group
total_light_linear,TEST1,live_implementation_range_1.7_to_3.0_N,1.7,3.0,0.01,2026-08-08_142601_715359_1_R2_TEST1,2,2.875,2.9034816385597084,2.45737739317362,0.4461042453860884,0.19900899775149136,True,empirical-manual-held-out-test-group
total_light_linear,TEST1,live_implementation_range_1.7_to_3.0_N,1.7,3.0,0.01,2026-08-08_143408_738677_1_R3_TEST1,3,1.875,1.9851359645728213,2.460686293856251,0.47555032928342955,0.22614811568157828,True,empirical-manual-held-out-test-group
total_light_linear,TEST1,live_implementation_range_1.7_to_3.0_N,1.7,3.0,0.01,2026-08-08_143408_738677_1_R3_TEST1,3,2.125,2.179225789558129,2.4668332635038257,0.28760747394569686,0.0827180590694247,True,empirical-manual-held-out-test-group
total_light_linear,TEST1,live_implementation_range_1.7_to_3.0_N,1.7,3.0,0.01,2026-08-08_143408_738677_1_R3_TEST1,3,2.375,2.4253858356296902,2.483770126681718,0.05838429105202758,0.003408725441647868,True,empirical-manual-held-out-test-group
total_light_linear,TEST1,live_implementation_range_1.7_to_3.0_N,1.7,3.0,0.01,2026-08-08_143408_738677_1_R3_TEST1,3,2.625,2.6488779583052278,2.515956706049125,0.13292125225610274,0.0176680593013305,True,empirical-manual-held-out-test-group
total_light_linear,TEST1,live_implementation_range_1.7_to_3.0_N,1.7,3.0,0.01,2026-08-08_143408_738677_1_R3_TEST1,3,2.875,2.871579812970323,2.495998672682744,0.3755811402875793,0.1410611929397183,True,empirical-manual-held-out-test-group
total_light_linear,TEST1,live_implementation_range_1.7_to_3.0_N,1.7,3.0,0.01,2026-08-08_144407_344158_1_R4_TEST1,4,1.875,1.8536320385350424,2.391918705756362,0.5382866672213193,0.28975253610823537,False,empirical-manual-held-out-test-group
total_light_linear,TEST1,live_implementation_range_1.7_to_3.0_N,1.7,3.0,0.01,2026-08-08_144407_344158_1_R4_TEST1,4,2.125,2.158279416849948,2.405337409710429,0.2470579928604808,0.06103765183624938,True,empirical-manual-held-out-test-group
total_light_linear,TEST1,live_implementation_range_1.7_to_3.0_N,1.7,3.0,0.01,2026-08-08_144407_344158_1_R4_TEST1,4,2.375,2.3518609548060407,2.4004983059453173,0.048637351139276586,0.0023655919258452895,True,empirical-manual-held-out-test-group
total_light_linear,TEST1,live_implementation_range_1.7_to_3.0_N,1.7,3.0,0.01,2026-08-08_144407_344158_1_R4_TEST1,4,2.625,2.6147597391935684,2.4066452755928918,0.20811446360067665,0.043311629959797364,True,empirical-manual-held-out-test-group
total_light_linear,TEST1,live_implementation_range_1.7_to_3.0_N,1.7,3.0,0.01,2026-08-08_144407_344158_1_R4_TEST1,4,2.875,2.8511424544038,2.3995043278746455,0.4516381265291547,0.20397699733476474,True,empirical-manual-held-out-test-group
total_light_linear,TEST1,live_implementation_range_1.7_to_3.0_N,1.7,3.0,0.01,2026-08-08_145009_272251_1_R5_TEST1,5,1.875,1.8544359837186684,2.3882436026266416,0.5338076189079732,0.2849505740042,False,empirical-manual-held-out-test-group
total_light_linear,TEST1,live_implementation_range_1.7_to_3.0_N,1.7,3.0,0.01,2026-08-08_145009_272251_1_R5_TEST1,5,2.125,2.1587737731389613,2.389250659356138,0.23047688621717644,0.053119595080365296,True,empirical-manual-held-out-test-group
total_light_linear,TEST1,live_implementation_range_1.7_to_3.0_N,1.7,3.0,0.01,2026-08-08_145009_272251_1_R5_TEST1,5,2.375,2.3971935376022655,2.3897214910738245,0.007472046528441023,5.583147932318755e-05,True,empirical-manual-held-out-test-group
total_light_linear,TEST1,live_implementation_range_1.7_to_3.0_N,1.7,3.0,0.01,2026-08-08_145009_272251_1_R5_TEST1,5,2.625,2.584367526657595,2.3844115555910257,0.19995597106656948,0.03998239036517477,True,empirical-manual-held-out-test-group
total_light_linear,TEST1,live_implementation_range_1.7_to_3.0_N,1.7,3.0,0.01,2026-08-08_145009_272251_1_R5_TEST1,5,2.875,2.867028089204088,2.396940910745019,0.4700871784590692,0.2209819553516088,True,empirical-manual-held-out-test-group
total_light_linear,TEST1,live_implementation_range_1.7_to_3.0_N,1.7,3.0,0.01,2026-08-08_145348_428397_1_R6_TEST1,6,1.875,1.845116827879964,2.4515050753613625,0.6063882474813986,0.367706706683562,False,empirical-manual-held-out-test-group
total_light_linear,TEST1,live_implementation_range_1.7_to_3.0_N,1.7,3.0,0.01,2026-08-08_145348_428397_1_R6_TEST1,6,2.125,2.112262098252905,2.4392634507015116,0.32700135244860684,0.106929884503218,True,empirical-manual-held-out-test-group
total_light_linear,TEST1,live_implementation_range_1.7_to_3.0_N,1.7,3.0,0.01,2026-08-08_145348_428397_1_R6_TEST1,6,2.375,2.3736165592087373,2.4607386084915492,0.08712204928281198,0.007590251471236719,True,empirical-manual-held-out-test-group
total_light_linear,TEST1,live_implementation_range_1.7_to_3.0_N,1.7,3.0,0.01,2026-08-08_145348_428397_1_R6_TEST1,6,2.625,2.5597248261628005,2.4606339792209524,0.09909084694184811,0.00981899594765277,True,empirical-manual-held-out-test-group
total_light_linear,TEST1,live_implementation_range_1.7_to_3.0_N,1.7,3.0,0.01,2026-08-08_145348_428397_1_R6_TEST1,6,2.875,2.8984447868747862,2.4831554297169602,0.415289357157826,0.17246525016856037,True,empirical-manual-held-out-test-group
total_light_linear,TEST1,live_implementation_range_1.7_to_3.0_N,1.7,3.0,0.01,2026-08-08_145646_442250_1_R7_TEST1,7,1.875,1.8721899971774345,2.5348422893918863,0.6626522922144518,0.4391080603770672,False,empirical-manual-held-out-test-group
total_light_linear,TEST1,live_implementation_range_1.7_to_3.0_N,1.7,3.0,0.01,2026-08-08_145646_442250_1_R7_TEST1,7,2.125,2.1030149916966088,2.5321742429916623,0.4291592512950535,0.18417766297213087,True,empirical-manual-held-out-test-group
total_light_linear,TEST1,live_implementation_range_1.7_to_3.0_N,1.7,3.0,0.01,2026-08-08_145646_442250_1_R7_TEST1,7,2.375,2.384211736786775,2.5346853454859906,0.15047360869921578,0.022642306914964706,True,empirical-manual-held-out-test-group
total_light_linear,TEST1,live_implementation_range_1.7_to_3.0_N,1.7,3.0,0.01,2026-08-08_145646_442250_1_R7_TEST1,7,2.625,2.6234922433234096,2.5287476343796103,0.09474460894379932,0.00897654092391346,True,empirical-manual-held-out-test-group
total_light_linear,TEST1,live_implementation_range_1.7_to_3.0_N,1.7,3.0,0.01,2026-08-08_145646_442250_1_R7_TEST1,7,2.875,2.847124739463268,2.532815097274069,0.3143096421891989,0.09879055117310223,True,empirical-manual-held-out-test-group
total_light_linear,TEST1,live_implementation_range_1.7_to_3.0_N,1.7,3.0,0.01,2026-08-08_145956_684487_1_R8_TEST1,8,1.875,1.8665528846632178,2.5794797519603385,0.7129268672971207,0.5082647181140864,False,empirical-manual-held-out-test-group
total_light_linear,TEST1,live_implementation_range_1.7_to_3.0_N,1.7,3.0,0.01,2026-08-08_145956_684487_1_R8_TEST1,8,2.125,2.112950642418848,2.5707824438419613,0.4578318014231133,0.20960995839433305,True,empirical-manual-held-out-test-group
total_light_linear,TEST1,live_implementation_range_1.7_to_3.0_N,1.7,3.0,0.01,2026-08-08_145956_684487_1_R8_TEST1,8,2.375,2.357454725318833,2.568585229159424,0.21113050384059084,0.044576089651981746,True,empirical-manual-held-out-test-group
total_light_linear,TEST1,live_implementation_range_1.7_to_3.0_N,1.7,3.0,0.01,2026-08-08_145956_684487_1_R8_TEST1,8,2.625,2.6116157375481706,2.596926682832391,0.014689054715779637,0.00021576832844316798,True,empirical-manual-held-out-test-group
total_light_linear,TEST1,live_implementation_range_1.7_to_3.0_N,1.7,3.0,0.01,2026-08-08_145956_684487_1_R8_TEST1,8,2.875,2.8924473482043362,2.607716576362708,0.2847307718416281,0.08107161243352927,True,empirical-manual-held-out-test-group
total_light_linear,TEST1,live_implementation_range_1.7_to_3.0_N,1.7,3.0,0.01,2026-08-08_150408_799581_1_R9_TEST1,9,1.875,1.8886081585713568,2.550353578757894,0.6617454201865371,0.43790700113785663,False,empirical-manual-held-out-test-group
total_light_linear,TEST1,live_implementation_range_1.7_to_3.0_N,1.7,3.0,0.01,2026-08-08_150408_799581_1_R9_TEST1,9,2.125,2.1356031241450744,2.547397801863528,0.4117946777184538,0.16957485659724522,True,empirical-manual-held-out-test-group
total_light_linear,TEST1,live_implementation_range_1.7_to_3.0_N,1.7,3.0,0.01,2026-08-08_150408_799581_1_R9_TEST1,9,2.375,2.3817296253605544,2.5562389752289763,0.17450934986842181,0.030453513191499252,True,empirical-manual-held-out-test-group
total_light_linear,TEST1,live_implementation_range_1.7_to_3.0_N,1.7,3.0,0.01,2026-08-08_150408_799581_1_R9_TEST1,9,2.625,2.620755423590372,2.5602410448293123,0.060514378761059806,0.003661990036837006,True,empirical-manual-held-out-test-group
total_light_linear,TEST1,live_implementation_range_1.7_to_3.0_N,1.7,3.0,0.01,2026-08-08_150408_799581_1_R9_TEST1,9,2.875,2.877786020837513,2.5530739397934163,0.32471208104409666,0.10543793557598799,True,empirical-manual-held-out-test-group
total_light_quadratic,TEST1,live_implementation_range_1.7_to_3.0_N,1.7,3.0,100.0,2026-08-08_142130_319119_1_R1_TEST1,1,1.875,1.8651360172576128,2.495818204501897,0.6306821872442843,0.3977600213072344,False,empirical-manual-held-out-test-group
total_light_quadratic,TEST1,live_implementation_range_1.7_to_3.0_N,1.7,3.0,100.0,2026-08-08_142130_319119_1_R1_TEST1,1,2.125,2.1126423810041532,2.4671054064578772,0.354463025453724,0.1256440364138074,True,empirical-manual-held-out-test-group
total_light_quadratic,TEST1,live_implementation_range_1.7_to_3.0_N,1.7,3.0,100.0,2026-08-08_142130_319119_1_R1_TEST1,1,2.375,2.3600747903514954,2.4627967593297075,0.10272196897821217,0.010551802910760785,True,empirical-manual-held-out-test-group
total_light_quadratic,TEST1,live_implementation_range_1.7_to_3.0_N,1.7,3.0,100.0,2026-08-08_142130_319119_1_R1_TEST1,1,2.625,2.6316084183498853,2.4524738776115407,0.17913454073834467,0.03208918368553767,True,empirical-manual-held-out-test-group
total_light_quadratic,TEST1,live_implementation_range_1.7_to_3.0_N,1.7,3.0,100.0,2026-08-08_142130_319119_1_R1_TEST1,1,2.875,2.836662469198881,2.4654290398991785,0.3712334292997026,0.13781425902961728,True,empirical-manual-held-out-test-group
total_light_quadratic,TEST1,live_implementation_range_1.7_to_3.0_N,1.7,3.0,100.0,2026-08-08_142601_715359_1_R2_TEST1,2,1.875,1.8640134118746188,2.4287361058141324,0.5647226939395136,0.3189117210503015,False,empirical-manual-held-out-test-group
total_light_quadratic,TEST1,live_implementation_range_1.7_to_3.0_N,1.7,3.0,100.0,2026-08-08_142601_715359_1_R2_TEST1,2,2.125,2.120409959439824,2.422855559930859,0.3024456004910352,0.09147334125638287,True,empirical-manual-held-out-test-group
total_light_quadratic,TEST1,live_implementation_range_1.7_to_3.0_N,1.7,3.0,100.0,2026-08-08_142601_715359_1_R2_TEST1,2,2.375,2.3791218492180684,2.4547083574686885,0.07558650825062019,0.005713320229521074,True,empirical-manual-held-out-test-group
total_light_quadratic,TEST1,live_implementation_range_1.7_to_3.0_N,1.7,3.0,100.0,2026-08-08_142601_715359_1_R2_TEST1,2,2.625,2.6305528770101674,2.435940208746383,0.19461266826378454,0.03787409064874985,True,empirical-manual-held-out-test-group
total_light_quadratic,TEST1,live_implementation_range_1.7_to_3.0_N,1.7,3.0,100.0,2026-08-08_142601_715359_1_R2_TEST1,2,2.875,2.9034816385597084,2.445063064309173,0.45841857425053556,0.21014758921789378,True,empirical-manual-held-out-test-group
total_light_quadratic,TEST1,live_implementation_range_1.7_to_3.0_N,1.7,3.0,100.0,2026-08-08_143408_738677_1_R3_TEST1,3,1.875,1.9851359645728213,2.4488848934465492,0.463748928873728,0.21506306903153002,True,empirical-manual-held-out-test-group
total_light_quadratic,TEST1,live_implementation_range_1.7_to_3.0_N,1.7,3.0,100.0,2026-08-08_143408_738677_1_R3_TEST1,3,2.125,2.179225789558129,2.456146262607485,0.2769204730493562,0.07668494839387921,True,empirical-manual-held-out-test-group
total_light_quadratic,TEST1,live_implementation_range_1.7_to_3.0_N,1.7,3.0,100.0,2026-08-08_143408_738677_1_R3_TEST1,3,2.375,2.4253858356296902,2.477240146285663,0.05185431065597257,0.0026888695336061102,True,empirical-manual-held-out-test-group
total_light_quadratic,TEST1,live_implementation_range_1.7_to_3.0_N,1.7,3.0,100.0,2026-08-08_143408_738677_1_R3_TEST1,3,2.625,2.6488779583052278,2.5217205691795983,0.12715738912562946,0.01616900160924675,True,empirical-manual-held-out-test-group
total_light_quadratic,TEST1,live_implementation_range_1.7_to_3.0_N,1.7,3.0,100.0,2026-08-08_143408_738677_1_R3_TEST1,3,2.875,2.871579812970323,2.4934612204017377,0.3781185925685855,0.14297367004604794,True,empirical-manual-held-out-test-group
total_light_quadratic,TEST1,live_implementation_range_1.7_to_3.0_N,1.7,3.0,100.0,2026-08-08_144407_344158_1_R4_TEST1,4,1.875,1.8536320385350424,2.3819667459734317,0.5283347074383893,0.2791375630840084,False,empirical-manual-held-out-test-group
total_light_quadratic,TEST1,live_implementation_range_1.7_to_3.0_N,1.7,3.0,100.0,2026-08-08_144407_344158_1_R4_TEST1,4,2.125,2.158279416849948,2.3929605841105155,0.2346811672605673,0.05507525026678237,True,empirical-manual-held-out-test-group
total_light_quadratic,TEST1,live_implementation_range_1.7_to_3.0_N,1.7,3.0,100.0,2026-08-08_144407_344158_1_R4_TEST1,4,2.375,2.3518609548060407,2.3888805678262037,0.03701961302016299,0.001370451748162621,True,empirical-manual-held-out-test-group
total_light_quadratic,TEST1,live_implementation_range_1.7_to_3.0_N,1.7,3.0,100.0,2026-08-08_144407_344158_1_R4_TEST1,4,2.625,2.6147597391935684,2.394085632634985,0.22067410655858355,0.048697061305429085,True,empirical-manual-held-out-test-group
total_light_quadratic,TEST1,live_implementation_range_1.7_to_3.0_N,1.7,3.0,100.0,2026-08-08_144407_344158_1_R4_TEST1,4,2.875,2.8511424544038,2.388058622869662,0.4630838315341381,0.21444663502833802,True,empirical-manual-held-out-test-group
total_light_quadratic,TEST1,live_implementation_range_1.7_to_3.0_N,1.7,3.0,100.0,2026-08-08_145009_272251_1_R5_TEST1,5,1.875,1.8544359837186684,2.379130343152584,0.5246943594339157,0.27530417082176717,False,empirical-manual-held-out-test-group
total_light_quadratic,TEST1,live_implementation_range_1.7_to_3.0_N,1.7,3.0,100.0,2026-08-08_145009_272251_1_R5_TEST1,5,2.125,2.1587737731389613,2.379900111301283,0.22112633816232163,0.04889685742907742,True,empirical-manual-held-out-test-group
total_light_quadratic,TEST1,live_implementation_range_1.7_to_3.0_N,1.7,3.0,100.0,2026-08-08_145009_272251_1_R5_TEST1,5,2.375,2.3971935376022655,2.3802619366245277,0.016931600977737826,0.0002866791116693325,True,empirical-manual-held-out-test-group
total_light_quadratic,TEST1,live_implementation_range_1.7_to_3.0_N,1.7,3.0,100.0,2026-08-08_145009_272251_1_R5_TEST1,5,2.625,2.584367526657595,2.37625275801764,0.20811476863995537,0.04331175692606215,True,empirical-manual-held-out-test-group
total_light_quadratic,TEST1,live_implementation_range_1.7_to_3.0_N,1.7,3.0,100.0,2026-08-08_145009_272251_1_R5_TEST1,5,2.875,2.867028089204088,2.3859642119128552,0.4810638772912328,0.23142245403447428,True,empirical-manual-held-out-test-group
total_light_quadratic,TEST1,live_implementation_range_1.7_to_3.0_N,1.7,3.0,100.0,2026-08-08_145348_428397_1_R6_TEST1,6,1.875,1.845116827879964,2.438430279715775,0.593313451835811,0.35202085212932516,False,empirical-manual-held-out-test-group
total_light_quadratic,TEST1,live_implementation_range_1.7_to_3.0_N,1.7,3.0,100.0,2026-08-08_145348_428397_1_R6_TEST1,6,2.125,2.112262098252905,2.4252195851912095,0.3129574869383047,0.09794238863073917,True,empirical-manual-held-out-test-group
total_light_quadratic,TEST1,live_implementation_range_1.7_to_3.0_N,1.7,3.0,100.0,2026-08-08_145348_428397_1_R6_TEST1,6,2.375,2.3736165592087373,2.4489458062817913,0.075329247073054,0.005674495464593214,True,empirical-manual-held-out-test-group
total_light_quadratic,TEST1,live_implementation_range_1.7_to_3.0_N,1.7,3.0,100.0,2026-08-08_145348_428397_1_R6_TEST1,6,2.625,2.5597248261628005,2.448823995822487,0.1109008303403134,0.012298994170170975,True,empirical-manual-held-out-test-group
total_light_quadratic,TEST1,live_implementation_range_1.7_to_3.0_N,1.7,3.0,100.0,2026-08-08_145348_428397_1_R6_TEST1,6,2.875,2.8984447868747862,2.4764466946692973,0.4219980922054889,0.1780823898250723,True,empirical-manual-held-out-test-group
total_light_quadratic,TEST1,live_implementation_range_1.7_to_3.0_N,1.7,3.0,100.0,2026-08-08_145646_442250_1_R7_TEST1,7,1.875,1.8721899971774345,2.550500015984059,0.6783100188066244,0.4601044816134432,False,empirical-manual-held-out-test-group
total_light_quadratic,TEST1,live_implementation_range_1.7_to_3.0_N,1.7,3.0,100.0,2026-08-08_145646_442250_1_R7_TEST1,7,2.125,2.1030149916966088,2.546313977182387,0.4432989854857783,0.19651399053272026,True,empirical-manual-held-out-test-group
total_light_quadratic,TEST1,live_implementation_range_1.7_to_3.0_N,1.7,3.0,100.0,2026-08-08_145646_442250_1_R7_TEST1,7,2.375,2.384211736786775,2.550252683202531,0.16604094641575617,0.027569595886640014,True,empirical-manual-held-out-test-group
total_light_quadratic,TEST1,live_implementation_range_1.7_to_3.0_N,1.7,3.0,100.0,2026-08-08_145646_442250_1_R7_TEST1,7,2.625,2.6234922433234096,2.5409958264497963,0.08249641687361331,0.006805658796984991,True,empirical-manual-held-out-test-group
total_light_quadratic,TEST1,live_implementation_range_1.7_to_3.0_N,1.7,3.0,100.0,2026-08-08_145646_442250_1_R7_TEST1,7,2.875,2.847124739463268,2.547315837008211,0.299808902455057,0.08988537799130587,True,empirical-manual-held-out-test-group
total_light_quadratic,TEST1,live_implementation_range_1.7_to_3.0_N,1.7,3.0,100.0,2026-08-08_145956_684487_1_R8_TEST1,8,1.875,1.8665528846632178,2.6264021896605185,0.7598493049973007,0.5773709663048809,False,empirical-manual-held-out-test-group
total_light_quadratic,TEST1,live_implementation_range_1.7_to_3.0_N,1.7,3.0,100.0,2026-08-08_145956_684487_1_R8_TEST1,8,2.125,2.112950642418848,2.6107445007778165,0.4977938583589685,0.2477987254199088,True,empirical-manual-held-out-test-group
total_light_quadratic,TEST1,live_implementation_range_1.7_to_3.0_N,1.7,3.0,100.0,2026-08-08_145956_684487_1_R8_TEST1,8,2.375,2.357454725318833,2.6068553964055776,0.24940067108674446,0.0622006947385185,True,empirical-manual-held-out-test-group
total_light_quadratic,TEST1,live_implementation_range_1.7_to_3.0_N,1.7,3.0,100.0,2026-08-08_145956_684487_1_R8_TEST1,8,2.625,2.6116157375481706,2.659079347028283,0.047463609480112634,0.002252794224880638,True,empirical-manual-held-out-test-group
total_light_quadratic,TEST1,live_implementation_range_1.7_to_3.0_N,1.7,3.0,100.0,2026-08-08_145956_684487_1_R8_TEST1,8,2.875,2.8924473482043362,2.680134914128371,0.21231243407596523,0.04507656966326108,True,empirical-manual-held-out-test-group
total_light_quadratic,TEST1,live_implementation_range_1.7_to_3.0_N,1.7,3.0,100.0,2026-08-08_150408_799581_1_R9_TEST1,9,1.875,1.8886081585713568,2.5756201289261247,0.6870119703547679,0.4719854474107405,False,empirical-manual-held-out-test-group
total_light_quadratic,TEST1,live_implementation_range_1.7_to_3.0_N,1.7,3.0,100.0,2026-08-08_150408_799581_1_R9_TEST1,9,2.125,2.1356031241450744,2.5707301965146137,0.4351270723695393,0.18933556910888627,True,empirical-manual-held-out-test-group
total_light_quadratic,TEST1,live_implementation_range_1.7_to_3.0_N,1.7,3.0,100.0,2026-08-08_150408_799581_1_R9_TEST1,9,2.375,2.3817296253605544,2.5855013212907143,0.20377169593015987,0.041522904062253535,True,empirical-manual-held-out-test-group
total_light_quadratic,TEST1,live_implementation_range_1.7_to_3.0_N,1.7,3.0,100.0,2026-08-08_150408_799581_1_R9_TEST1,9,2.625,2.620755423590372,2.592330497521534,0.02842492606883784,0.0008079764220188971,True,empirical-manual-held-out-test-group
total_light_quadratic,TEST1,live_implementation_range_1.7_to_3.0_N,1.7,3.0,100.0,2026-08-08_150408_799581_1_R9_TEST1,9,2.875,2.877786020837513,2.580163508432976,0.2976225124045371,0.08857915988998882,True,empirical-manual-held-out-test-group
session_zeroed_total_linear,TEST1,live_implementation_range_1.7_to_3.0_N,1.7,3.0,0.01,2026-08-08_142130_319119_1_R1_TEST1,1,1.875,1.8651360172576128,2.473016472389398,0.6078804551317853,0.3695186477312265,False,empirical-manual-held-out-test-group
session_zeroed_total_linear,TEST1,live_implementation_range_1.7_to_3.0_N,1.7,3.0,0.01,2026-08-08_142130_319119_1_R1_TEST1,1,2.125,2.1126423810041532,2.444723232081455,0.3320808510773019,0.11027769165222516,True,empirical-manual-held-out-test-group
session_zeroed_total_linear,TEST1,live_implementation_range_1.7_to_3.0_N,1.7,3.0,0.01,2026-08-08_142130_319119_1_R1_TEST1,1,2.375,2.3600747903514954,2.440235455145311,0.08016066479381578,0.006425732180186498,True,empirical-manual-held-out-test-group
session_zeroed_total_linear,TEST1,live_implementation_range_1.7_to_3.0_N,1.7,3.0,0.01,2026-08-08_142130_319119_1_R1_TEST1,1,2.625,2.6316084183498853,2.429184726223604,0.2024236921262812,0.04097535113403548,True,empirical-manual-held-out-test-group
session_zeroed_total_linear,TEST1,live_implementation_range_1.7_to_3.0_N,1.7,3.0,0.01,2026-08-08_142130_319119_1_R1_TEST1,1,2.875,2.836662469198881,2.442985483869339,0.3936769853295421,0.1549815687781565,True,empirical-manual-held-out-test-group
session_zeroed_total_linear,TEST1,live_implementation_range_1.7_to_3.0_N,1.7,3.0,0.01,2026-08-08_142601_715359_1_R2_TEST1,2,1.875,1.8640134118746188,2.2925943424829316,0.4285809306083128,0.18368161408108744,True,empirical-manual-held-out-test-group
session_zeroed_total_linear,TEST1,live_implementation_range_1.7_to_3.0_N,1.7,3.0,0.01,2026-08-08_142601_715359_1_R2_TEST1,2,2.125,2.120409959439824,2.28535653682276,0.16494657738293617,0.027207373390344947,True,empirical-manual-held-out-test-group
session_zeroed_total_linear,TEST1,live_implementation_range_1.7_to_3.0_N,1.7,3.0,0.01,2026-08-08_142601_715359_1_R2_TEST1,2,2.375,2.3791218492180684,2.322304775507552,0.056817073710516475,0.0032281798650262623,True,empirical-manual-held-out-test-group
session_zeroed_total_linear,TEST1,live_implementation_range_1.7_to_3.0_N,1.7,3.0,0.01,2026-08-08_142601_715359_1_R2_TEST1,2,2.625,2.6305528770101674,2.3011818554923194,0.32937102151784803,0.1084852698157107,True,empirical-manual-held-out-test-group
session_zeroed_total_linear,TEST1,live_implementation_range_1.7_to_3.0_N,1.7,3.0,0.01,2026-08-08_142601_715359_1_R2_TEST1,2,2.875,2.9034816385597084,2.3116589587906096,0.5918226797690989,0.35025408428907734,False,empirical-manual-held-out-test-group
session_zeroed_total_linear,TEST1,live_implementation_range_1.7_to_3.0_N,1.7,3.0,0.01,2026-08-08_143408_738677_1_R3_TEST1,3,1.875,1.9851359645728213,2.2454220706278276,0.26028610605500635,0.06774885700527801,True,empirical-manual-held-out-test-group
session_zeroed_total_linear,TEST1,live_implementation_range_1.7_to_3.0_N,1.7,3.0,0.01,2026-08-08_143408_738677_1_R3_TEST1,3,2.125,2.179225789558129,2.2533516013044723,0.07412581174634347,0.005494635967054352,True,empirical-manual-held-out-test-group
session_zeroed_total_linear,TEST1,live_implementation_range_1.7_to_3.0_N,1.7,3.0,0.01,2026-08-08_143408_738677_1_R3_TEST1,3,2.375,2.4253858356296902,2.275199989019909,0.1501858466097814,0.02255578852189679,True,empirical-manual-held-out-test-group
session_zeroed_total_linear,TEST1,live_implementation_range_1.7_to_3.0_N,1.7,3.0,0.01,2026-08-08_143408_738677_1_R3_TEST1,3,2.625,2.6488779583052278,2.31672036135017,0.33215759695505787,0.11032866921495867,True,empirical-manual-held-out-test-group
session_zeroed_total_linear,TEST1,live_implementation_range_1.7_to_3.0_N,1.7,3.0,0.01,2026-08-08_143408_738677_1_R3_TEST1,3,2.875,2.871579812970323,2.2909746936638724,0.5806051193064508,0.3371023045648579,False,empirical-manual-held-out-test-group
session_zeroed_total_linear,TEST1,live_implementation_range_1.7_to_3.0_N,1.7,3.0,0.01,2026-08-08_144407_344158_1_R4_TEST1,4,1.875,1.8536320385350424,2.3640276039401953,0.5103955654051529,0.26050363318524566,False,empirical-manual-held-out-test-group
session_zeroed_total_linear,TEST1,live_implementation_range_1.7_to_3.0_N,1.7,3.0,0.01,2026-08-08_144407_344158_1_R4_TEST1,4,2.125,2.158279416849948,2.381337600693892,0.22305818384394405,0.04975495337975874,True,empirical-manual-held-out-test-group
session_zeroed_total_linear,TEST1,live_implementation_range_1.7_to_3.0_N,1.7,3.0,0.01,2026-08-08_144407_344158_1_R4_TEST1,4,2.375,2.3518609548060407,2.3750952042037676,0.02323424939772689,0.0005398303450757725,True,empirical-manual-held-out-test-group
session_zeroed_total_linear,TEST1,live_implementation_range_1.7_to_3.0_N,1.7,3.0,0.01,2026-08-08_144407_344158_1_R4_TEST1,4,2.625,2.6147597391935684,2.3830247348804123,0.23173500431315608,0.053701112224018466,True,empirical-manual-held-out-test-group
session_zeroed_total_linear,TEST1,live_implementation_range_1.7_to_3.0_N,1.7,3.0,0.01,2026-08-08_144407_344158_1_R4_TEST1,4,2.875,2.8511424544038,2.373812982222012,0.477329472181788,0.22784342501334434,True,empirical-manual-held-out-test-group
session_zeroed_total_linear,TEST1,live_implementation_range_1.7_to_3.0_N,1.7,3.0,0.01,2026-08-08_145009_272251_1_R5_TEST1,5,1.875,1.8544359837186684,2.3405933100894303,0.4861573263707619,0.23634894598396752,True,empirical-manual-held-out-test-group
session_zeroed_total_linear,TEST1,live_implementation_range_1.7_to_3.0_N,1.7,3.0,0.01,2026-08-08_145009_272251_1_R5_TEST1,5,2.125,2.1587737731389613,2.3418924034130506,0.18311863027408926,0.033532432753458595,True,empirical-manual-held-out-test-group
session_zeroed_total_linear,TEST1,live_implementation_range_1.7_to_3.0_N,1.7,3.0,0.01,2026-08-08_145009_272251_1_R5_TEST1,5,2.375,2.3971935376022655,2.342499771720198,0.054693765882067424,0.002991408026362403,True,empirical-manual-held-out-test-group
session_zeroed_total_linear,TEST1,live_implementation_range_1.7_to_3.0_N,1.7,3.0,0.01,2026-08-08_145009_272251_1_R5_TEST1,5,2.625,2.584367526657595,2.335650006922926,0.24871751973466916,0.06186040462296554,True,empirical-manual-held-out-test-group
session_zeroed_total_linear,TEST1,live_implementation_range_1.7_to_3.0_N,1.7,3.0,0.01,2026-08-08_145009_272251_1_R5_TEST1,5,2.875,2.867028089204088,2.3518127524297894,0.5152153367742986,0.265446843247454,False,empirical-manual-held-out-test-group
session_zeroed_total_linear,TEST1,live_implementation_range_1.7_to_3.0_N,1.7,3.0,0.01,2026-08-08_145348_428397_1_R6_TEST1,6,1.875,1.845116827879964,2.3749939761525765,0.5298771482726126,0.2807697922615162,False,empirical-manual-held-out-test-group
session_zeroed_total_linear,TEST1,live_implementation_range_1.7_to_3.0_N,1.7,3.0,0.01,2026-08-08_145348_428397_1_R6_TEST1,6,2.125,2.112262098252905,2.3592024001667475,0.24694030191384275,0.06097951270929981,True,empirical-manual-held-out-test-group
session_zeroed_total_linear,TEST1,live_implementation_range_1.7_to_3.0_N,1.7,3.0,0.01,2026-08-08_145348_428397_1_R6_TEST1,6,2.375,2.3736165592087373,2.386905143509409,0.013288584300671591,0.0001765864727160555,True,empirical-manual-held-out-test-group
session_zeroed_total_linear,TEST1,live_implementation_range_1.7_to_3.0_N,1.7,3.0,0.01,2026-08-08_145348_428397_1_R6_TEST1,6,2.625,2.5597248261628005,2.3867701727744874,0.17295465338831306,0.029913312128671512,True,empirical-manual-held-out-test-group
session_zeroed_total_linear,TEST1,live_implementation_range_1.7_to_3.0_N,1.7,3.0,0.01,2026-08-08_145348_428397_1_R6_TEST1,6,2.875,2.8984447868747862,2.4158226234663647,0.48262216340842157,0.23292415261302518,True,empirical-manual-held-out-test-group
session_zeroed_total_linear,TEST1,live_implementation_range_1.7_to_3.0_N,1.7,3.0,0.01,2026-08-08_145646_442250_1_R7_TEST1,7,1.875,1.8721899971774345,2.3412175497384426,0.46902755256100814,0.21998684506136926,True,empirical-manual-held-out-test-group
session_zeroed_total_linear,TEST1,live_implementation_range_1.7_to_3.0_N,1.7,3.0,0.01,2026-08-08_145646_442250_1_R7_TEST1,7,2.125,2.1030149916966088,2.3377757959979415,0.23476080430133273,0.05511263523620864,True,empirical-manual-held-out-test-group
session_zeroed_total_linear,TEST1,live_implementation_range_1.7_to_3.0_N,1.7,3.0,0.01,2026-08-08_145646_442250_1_R7_TEST1,7,2.375,2.384211736786775,2.3410150936360603,0.043196643150714475,0.0018659499794901678,True,empirical-manual-held-out-test-group
session_zeroed_total_linear,TEST1,live_implementation_range_1.7_to_3.0_N,1.7,3.0,0.01,2026-08-08_145646_442250_1_R7_TEST1,7,2.625,2.6234922433234096,2.333355504429259,0.2901367388941507,0.08417932725613259,True,empirical-manual-held-out-test-group
session_zeroed_total_linear,TEST1,live_implementation_range_1.7_to_3.0_N,1.7,3.0,0.01,2026-08-08_145646_442250_1_R7_TEST1,7,2.875,2.847124739463268,2.3386024917493367,0.5085222477139313,0.2585948764200289,False,empirical-manual-held-out-test-group
session_zeroed_total_linear,TEST1,live_implementation_range_1.7_to_3.0_N,1.7,3.0,0.01,2026-08-08_145956_684487_1_R8_TEST1,8,1.875,1.8665528846632178,2.403388444511711,0.5368355598484933,0.2881924183178452,False,empirical-manual-held-out-test-group
session_zeroed_total_linear,TEST1,live_implementation_range_1.7_to_3.0_N,1.7,3.0,0.01,2026-08-08_145956_684487_1_R8_TEST1,8,2.125,2.112950642418848,2.392169002171352,0.279218359752504,0.07796289242287874,True,empirical-manual-held-out-test-group
session_zeroed_total_linear,TEST1,live_implementation_range_1.7_to_3.0_N,1.7,3.0,0.01,2026-08-08_145956_684487_1_R8_TEST1,8,2.375,2.357454725318833,2.389334616737998,0.031879891419164696,0.0010163274768977308,True,empirical-manual-held-out-test-group
session_zeroed_total_linear,TEST1,live_implementation_range_1.7_to_3.0_N,1.7,3.0,0.01,2026-08-08_145956_684487_1_R8_TEST1,8,2.625,2.6116157375481706,2.4258948145598898,0.1857209229882808,0.03449226123561893,True,empirical-manual-held-out-test-group
session_zeroed_total_linear,TEST1,live_implementation_range_1.7_to_3.0_N,1.7,3.0,0.01,2026-08-08_145956_684487_1_R8_TEST1,8,2.875,2.8924473482043362,2.439813671598681,0.4526336766056551,0.2048772451975528,True,empirical-manual-held-out-test-group
session_zeroed_total_linear,TEST1,live_implementation_range_1.7_to_3.0_N,1.7,3.0,0.01,2026-08-08_150408_799581_1_R9_TEST1,9,1.875,1.8886081585713568,2.406172215919469,0.5175640573481124,0.2678725534586402,False,empirical-manual-held-out-test-group
session_zeroed_total_linear,TEST1,live_implementation_range_1.7_to_3.0_N,1.7,3.0,0.01,2026-08-08_150408_799581_1_R9_TEST1,9,2.125,2.1356031241450744,2.4023592926579336,0.2667561685128592,0.07115885343966094,True,empirical-manual-held-out-test-group
session_zeroed_total_linear,TEST1,live_implementation_range_1.7_to_3.0_N,1.7,3.0,0.01,2026-08-08_150408_799581_1_R9_TEST1,9,2.375,2.3817296253605544,2.4137643197588097,0.03203469439825524,0.0010262216451896054,True,empirical-manual-held-out-test-group
session_zeroed_total_linear,TEST1,live_implementation_range_1.7_to_3.0_N,1.7,3.0,0.01,2026-08-08_150408_799581_1_R9_TEST1,9,2.625,2.620755423590372,2.4189269503695616,0.20182847322081043,0.040734732602643396,True,empirical-manual-held-out-test-group
session_zeroed_total_linear,TEST1,live_implementation_range_1.7_to_3.0_N,1.7,3.0,0.01,2026-08-08_150408_799581_1_R9_TEST1,9,2.875,2.877786020837513,2.4096814550274313,0.46810456581008175,0.21912188453224515,True,empirical-manual-held-out-test-group
nine_channel_ridge,TEST1,live_implementation_range_1.7_to_3.0_N,1.7,3.0,100.0,2026-08-08_142130_319119_1_R1_TEST1,1,1.875,1.8651360172576128,2.8136311472275355,0.9484951299699227,0.8996430115766605,False,empirical-manual-held-out-test-group
nine_channel_ridge,TEST1,live_implementation_range_1.7_to_3.0_N,1.7,3.0,100.0,2026-08-08_142130_319119_1_R1_TEST1,1,2.125,2.1126423810041532,2.7197968372504335,0.6071544562462803,0.3686365337397163,False,empirical-manual-held-out-test-group
nine_channel_ridge,TEST1,live_implementation_range_1.7_to_3.0_N,1.7,3.0,100.0,2026-08-08_142130_319119_1_R1_TEST1,1,2.375,2.3600747903514954,2.7430474704686603,0.3829726801171649,0.1466680737161243,True,empirical-manual-held-out-test-group
nine_channel_ridge,TEST1,live_implementation_range_1.7_to_3.0_N,1.7,3.0,100.0,2026-08-08_142130_319119_1_R1_TEST1,1,2.625,2.6316084183498853,2.7244457621855096,0.09283734383562425,0.008618772410453921,True,empirical-manual-held-out-test-group
nine_channel_ridge,TEST1,live_implementation_range_1.7_to_3.0_N,1.7,3.0,100.0,2026-08-08_142130_319119_1_R1_TEST1,1,2.875,2.836662469198881,2.827733227226523,0.008929241972357893,7.973136220091787e-05,True,empirical-manual-held-out-test-group
nine_channel_ridge,TEST1,live_implementation_range_1.7_to_3.0_N,1.7,3.0,100.0,2026-08-08_142601_715359_1_R2_TEST1,2,1.875,1.8640134118746188,2.462889020527504,0.598875608652885,0.3586519946393635,False,empirical-manual-held-out-test-group
nine_channel_ridge,TEST1,live_implementation_range_1.7_to_3.0_N,1.7,3.0,100.0,2026-08-08_142601_715359_1_R2_TEST1,2,2.125,2.120409959439824,2.478402562777797,0.3579926033379728,0.12815870404469912,True,empirical-manual-held-out-test-group
nine_channel_ridge,TEST1,live_implementation_range_1.7_to_3.0_N,1.7,3.0,100.0,2026-08-08_142601_715359_1_R2_TEST1,2,2.375,2.3791218492180684,2.5003462128609613,0.12122436364289291,0.014695346340624336,True,empirical-manual-held-out-test-group
nine_channel_ridge,TEST1,live_implementation_range_1.7_to_3.0_N,1.7,3.0,100.0,2026-08-08_142601_715359_1_R2_TEST1,2,2.625,2.6305528770101674,2.5019875667364584,0.128565310273709,0.016529039005775063,True,empirical-manual-held-out-test-group
nine_channel_ridge,TEST1,live_implementation_range_1.7_to_3.0_N,1.7,3.0,100.0,2026-08-08_142601_715359_1_R2_TEST1,2,2.875,2.9034816385597084,2.491568265561353,0.4119133729983555,0.16967262685488235,True,empirical-manual-held-out-test-group
nine_channel_ridge,TEST1,live_implementation_range_1.7_to_3.0_N,1.7,3.0,100.0,2026-08-08_143408_738677_1_R3_TEST1,3,1.875,1.9851359645728213,2.4633765647215764,0.47824060014875514,0.2287140716306415,True,empirical-manual-held-out-test-group
nine_channel_ridge,TEST1,live_implementation_range_1.7_to_3.0_N,1.7,3.0,100.0,2026-08-08_143408_738677_1_R3_TEST1,3,2.125,2.179225789558129,2.4609792714388306,0.2817534818807017,0.0793850245518989,True,empirical-manual-held-out-test-group
nine_channel_ridge,TEST1,live_implementation_range_1.7_to_3.0_N,1.7,3.0,100.0,2026-08-08_143408_738677_1_R3_TEST1,3,2.375,2.4253858356296902,2.434227771033099,0.00884193540340883,7.817982167805445e-05,True,empirical-manual-held-out-test-group
nine_channel_ridge,TEST1,live_implementation_range_1.7_to_3.0_N,1.7,3.0,100.0,2026-08-08_143408_738677_1_R3_TEST1,3,2.625,2.6488779583052278,2.443044072750911,0.2058338855543167,0.04236758844238754,True,empirical-manual-held-out-test-group
nine_channel_ridge,TEST1,live_implementation_range_1.7_to_3.0_N,1.7,3.0,100.0,2026-08-08_143408_738677_1_R3_TEST1,3,2.875,2.871579812970323,2.424014542864702,0.44756527010562097,0.20031467100471745,True,empirical-manual-held-out-test-group
nine_channel_ridge,TEST1,live_implementation_range_1.7_to_3.0_N,1.7,3.0,100.0,2026-08-08_144407_344158_1_R4_TEST1,4,1.875,1.8536320385350424,2.2391806995667616,0.38554866103171914,0.14864777002335147,True,empirical-manual-held-out-test-group
nine_channel_ridge,TEST1,live_implementation_range_1.7_to_3.0_N,1.7,3.0,100.0,2026-08-08_144407_344158_1_R4_TEST1,4,2.125,2.158279416849948,2.2242695062251805,0.06599008937523232,0.004354691895751149,True,empirical-manual-held-out-test-group
nine_channel_ridge,TEST1,live_implementation_range_1.7_to_3.0_N,1.7,3.0,100.0,2026-08-08_144407_344158_1_R4_TEST1,4,2.375,2.3518609548060407,2.17935318664879,0.17250776815725066,0.029758930074595746,True,empirical-manual-held-out-test-group
nine_channel_ridge,TEST1,live_implementation_range_1.7_to_3.0_N,1.7,3.0,100.0,2026-08-08_144407_344158_1_R4_TEST1,4,2.625,2.6147597391935684,2.1785530734363916,0.4362066657571768,0.19027625525099337,True,empirical-manual-held-out-test-group
nine_channel_ridge,TEST1,live_implementation_range_1.7_to_3.0_N,1.7,3.0,100.0,2026-08-08_144407_344158_1_R4_TEST1,4,2.875,2.8511424544038,2.17884959307805,0.6722928613257504,0.4519776913895646,False,empirical-manual-held-out-test-group
nine_channel_ridge,TEST1,live_implementation_range_1.7_to_3.0_N,1.7,3.0,100.0,2026-08-08_145009_272251_1_R5_TEST1,5,1.875,1.8544359837186684,2.4700855289099923,0.615649545191324,0.37902436249428406,False,empirical-manual-held-out-test-group
nine_channel_ridge,TEST1,live_implementation_range_1.7_to_3.0_N,1.7,3.0,100.0,2026-08-08_145009_272251_1_R5_TEST1,5,2.125,2.1587737731389613,2.478107481794288,0.31933370865532673,0.10197401748356509,True,empirical-manual-held-out-test-group
nine_channel_ridge,TEST1,live_implementation_range_1.7_to_3.0_N,1.7,3.0,100.0,2026-08-08_145009_272251_1_R5_TEST1,5,2.375,2.3971935376022655,2.447331648232977,0.05013811063071172,0.0025138301376174876,True,empirical-manual-held-out-test-group
nine_channel_ridge,TEST1,live_implementation_range_1.7_to_3.0_N,1.7,3.0,100.0,2026-08-08_145009_272251_1_R5_TEST1,5,2.625,2.584367526657595,2.4808664452354434,0.10350108142215175,0.010712473855554887,True,empirical-manual-held-out-test-group
nine_channel_ridge,TEST1,live_implementation_range_1.7_to_3.0_N,1.7,3.0,100.0,2026-08-08_145009_272251_1_R5_TEST1,5,2.875,2.867028089204088,2.5361541878442444,0.3308739013598436,0.10947753860108353,True,empirical-manual-held-out-test-group
nine_channel_ridge,TEST1,live_implementation_range_1.7_to_3.0_N,1.7,3.0,100.0,2026-08-08_145348_428397_1_R6_TEST1,6,1.875,1.845116827879964,2.69157228517483,0.8464554572948659,0.7164868411842606,False,empirical-manual-held-out-test-group
nine_channel_ridge,TEST1,live_implementation_range_1.7_to_3.0_N,1.7,3.0,100.0,2026-08-08_145348_428397_1_R6_TEST1,6,2.125,2.112262098252905,2.64692660209918,0.5346645038462752,0.2858661316731836,False,empirical-manual-held-out-test-group
nine_channel_ridge,TEST1,live_implementation_range_1.7_to_3.0_N,1.7,3.0,100.0,2026-08-08_145348_428397_1_R6_TEST1,6,2.375,2.3736165592087373,2.7250527011365975,0.3514361419278602,0.12350736185313911,True,empirical-manual-held-out-test-group
nine_channel_ridge,TEST1,live_implementation_range_1.7_to_3.0_N,1.7,3.0,100.0,2026-08-08_145348_428397_1_R6_TEST1,6,2.625,2.5597248261628005,2.8042350768494106,0.24451025068661014,0.059785262690828934,True,empirical-manual-held-out-test-group
nine_channel_ridge,TEST1,live_implementation_range_1.7_to_3.0_N,1.7,3.0,100.0,2026-08-08_145348_428397_1_R6_TEST1,6,2.875,2.8984447868747862,2.778797566133452,0.11964722074133416,0.014315457431125543,True,empirical-manual-held-out-test-group
nine_channel_ridge,TEST1,live_implementation_range_1.7_to_3.0_N,1.7,3.0,100.0,2026-08-08_145646_442250_1_R7_TEST1,7,1.875,1.8721899971774345,2.6520947574500715,0.779904760272637,0.6082514350959194,False,empirical-manual-held-out-test-group
nine_channel_ridge,TEST1,live_implementation_range_1.7_to_3.0_N,1.7,3.0,100.0,2026-08-08_145646_442250_1_R7_TEST1,7,2.125,2.1030149916966088,2.640042134777599,0.5370271430809903,0.2883981524057304,False,empirical-manual-held-out-test-group
nine_channel_ridge,TEST1,live_implementation_range_1.7_to_3.0_N,1.7,3.0,100.0,2026-08-08_145646_442250_1_R7_TEST1,7,2.375,2.384211736786775,2.632011369153293,0.24779963236651836,0.06140465780098166,True,empirical-manual-held-out-test-group
nine_channel_ridge,TEST1,live_implementation_range_1.7_to_3.0_N,1.7,3.0,100.0,2026-08-08_145646_442250_1_R7_TEST1,7,2.625,2.6234922433234096,2.6157574518408637,0.007734791482545855,5.982699927846391e-05,True,empirical-manual-held-out-test-group
nine_channel_ridge,TEST1,live_implementation_range_1.7_to_3.0_N,1.7,3.0,100.0,2026-08-08_145646_442250_1_R7_TEST1,7,2.875,2.847124739463268,2.6336882892501556,0.2134364502131123,0.04555511827957437,True,empirical-manual-held-out-test-group
nine_channel_ridge,TEST1,live_implementation_range_1.7_to_3.0_N,1.7,3.0,100.0,2026-08-08_145956_684487_1_R8_TEST1,8,1.875,1.8665528846632178,2.687845739915206,0.821292855251988,0.674521954087963,False,empirical-manual-held-out-test-group
nine_channel_ridge,TEST1,live_implementation_range_1.7_to_3.0_N,1.7,3.0,100.0,2026-08-08_145956_684487_1_R8_TEST1,8,2.125,2.112950642418848,2.7080222504423377,0.5950716080234897,0.3541102186756617,False,empirical-manual-held-out-test-group
nine_channel_ridge,TEST1,live_implementation_range_1.7_to_3.0_N,1.7,3.0,100.0,2026-08-08_145956_684487_1_R8_TEST1,8,2.375,2.357454725318833,2.660684519780909,0.30322979446207565,0.09194830824951264,True,empirical-manual-held-out-test-group
nine_channel_ridge,TEST1,live_implementation_range_1.7_to_3.0_N,1.7,3.0,100.0,2026-08-08_145956_684487_1_R8_TEST1,8,2.625,2.6116157375481706,2.673544098878262,0.06192836133009161,0.0038351219370303855,True,empirical-manual-held-out-test-group
nine_channel_ridge,TEST1,live_implementation_range_1.7_to_3.0_N,1.7,3.0,100.0,2026-08-08_145956_684487_1_R8_TEST1,8,2.875,2.8924473482043362,2.708067253578667,0.18438009462566907,0.033996019294170676,True,empirical-manual-held-out-test-group
nine_channel_ridge,TEST1,live_implementation_range_1.7_to_3.0_N,1.7,3.0,100.0,2026-08-08_150408_799581_1_R9_TEST1,9,1.875,1.8886081585713568,2.608568255132687,0.7199600965613302,0.5183425406405999,False,empirical-manual-held-out-test-group
nine_channel_ridge,TEST1,live_implementation_range_1.7_to_3.0_N,1.7,3.0,100.0,2026-08-08_150408_799581_1_R9_TEST1,9,2.125,2.1356031241450744,2.5822282692684024,0.44662514512332807,0.19947402025643385,True,empirical-manual-held-out-test-group
nine_channel_ridge,TEST1,live_implementation_range_1.7_to_3.0_N,1.7,3.0,100.0,2026-08-08_150408_799581_1_R9_TEST1,9,2.375,2.3817296253605544,2.596438531844663,0.21470890648410856,0.046099914523601675,True,empirical-manual-held-out-test-group
nine_channel_ridge,TEST1,live_implementation_range_1.7_to_3.0_N,1.7,3.0,100.0,2026-08-08_150408_799581_1_R9_TEST1,9,2.625,2.620755423590372,2.560208590154424,0.060546833435948244,0.0036659190391204605,True,empirical-manual-held-out-test-group
nine_channel_ridge,TEST1,live_implementation_range_1.7_to_3.0_N,1.7,3.0,100.0,2026-08-08_150408_799581_1_R9_TEST1,9,2.875,2.877786020837513,2.627400269900829,0.250385750936684,0.06269302427212717,True,empirical-manual-held-out-test-group
nine_channel_log_ridge,TEST1,live_implementation_range_1.7_to_3.0_N,1.7,3.0,0.01,2026-08-08_142130_319119_1_R1_TEST1,1,1.875,1.8651360172576128,2.545399966463496,0.6802639492058833,0.46275904058918454,False,empirical-manual-held-out-test-group
nine_channel_log_ridge,TEST1,live_implementation_range_1.7_to_3.0_N,1.7,3.0,0.01,2026-08-08_142130_319119_1_R1_TEST1,1,2.125,2.1126423810041532,2.764177806569888,0.6515354255657346,0.4244984107671229,False,empirical-manual-held-out-test-group
nine_channel_log_ridge,TEST1,live_implementation_range_1.7_to_3.0_N,1.7,3.0,0.01,2026-08-08_142130_319119_1_R1_TEST1,1,2.375,2.3600747903514954,2.6525816986210984,0.292506908269603,0.08556029138544195,True,empirical-manual-held-out-test-group
nine_channel_log_ridge,TEST1,live_implementation_range_1.7_to_3.0_N,1.7,3.0,0.01,2026-08-08_142130_319119_1_R1_TEST1,1,2.625,2.6316084183498853,2.5563316327616725,0.07527678558821282,0.005666594448493766,True,empirical-manual-held-out-test-group
nine_channel_log_ridge,TEST1,live_implementation_range_1.7_to_3.0_N,1.7,3.0,0.01,2026-08-08_142130_319119_1_R1_TEST1,1,2.875,2.836662469198881,2.726390355638147,0.1102721135607343,0.012159939029151481,True,empirical-manual-held-out-test-group
nine_channel_log_ridge,TEST1,live_implementation_range_1.7_to_3.0_N,1.7,3.0,0.01,2026-08-08_142601_715359_1_R2_TEST1,2,1.875,1.8640134118746188,2.2921383512888553,0.42812493941423657,0.18329096374844372,True,empirical-manual-held-out-test-group
nine_channel_log_ridge,TEST1,live_implementation_range_1.7_to_3.0_N,1.7,3.0,0.01,2026-08-08_142601_715359_1_R2_TEST1,2,2.125,2.120409959439824,2.3117062201356124,0.19129626069578842,0.036594259356191046,True,empirical-manual-held-out-test-group
nine_channel_log_ridge,TEST1,live_implementation_range_1.7_to_3.0_N,1.7,3.0,0.01,2026-08-08_142601_715359_1_R2_TEST1,2,2.375,2.3791218492180684,2.3093265077828233,0.06979534143524502,0.00487138968606243,True,empirical-manual-held-out-test-group
nine_channel_log_ridge,TEST1,live_implementation_range_1.7_to_3.0_N,1.7,3.0,0.01,2026-08-08_142601_715359_1_R2_TEST1,2,2.625,2.6305528770101674,2.3136048171644608,0.3169480598457066,0.10045607263995762,True,empirical-manual-held-out-test-group
nine_channel_log_ridge,TEST1,live_implementation_range_1.7_to_3.0_N,1.7,3.0,0.01,2026-08-08_142601_715359_1_R2_TEST1,2,2.875,2.9034816385597084,2.311724660744376,0.5917569778153324,0.3501763207931358,False,empirical-manual-held-out-test-group
nine_channel_log_ridge,TEST1,live_implementation_range_1.7_to_3.0_N,1.7,3.0,0.01,2026-08-08_143408_738677_1_R3_TEST1,3,1.875,1.9851359645728213,2.3824327944510317,0.39729682987821047,0.1578447710312757,True,empirical-manual-held-out-test-group
nine_channel_log_ridge,TEST1,live_implementation_range_1.7_to_3.0_N,1.7,3.0,0.01,2026-08-08_143408_738677_1_R3_TEST1,3,2.125,2.179225789558129,2.4116975579444304,0.23247176838630157,0.05404312309665424,True,empirical-manual-held-out-test-group
nine_channel_log_ridge,TEST1,live_implementation_range_1.7_to_3.0_N,1.7,3.0,0.01,2026-08-08_143408_738677_1_R3_TEST1,3,2.375,2.4253858356296902,2.4023465688838286,0.023039266745861653,0.0005308078121869666,True,empirical-manual-held-out-test-group
nine_channel_log_ridge,TEST1,live_implementation_range_1.7_to_3.0_N,1.7,3.0,0.01,2026-08-08_143408_738677_1_R3_TEST1,3,2.625,2.6488779583052278,2.3772940451831848,0.271583913122043,0.0737578218666814,True,empirical-manual-held-out-test-group
nine_channel_log_ridge,TEST1,live_implementation_range_1.7_to_3.0_N,1.7,3.0,0.01,2026-08-08_143408_738677_1_R3_TEST1,3,2.875,2.871579812970323,2.3817027976339755,0.48987701533634764,0.23997949015484818,True,empirical-manual-held-out-test-group
nine_channel_log_ridge,TEST1,live_implementation_range_1.7_to_3.0_N,1.7,3.0,0.01,2026-08-08_144407_344158_1_R4_TEST1,4,1.875,1.8536320385350424,2.1778555023753916,0.32422346384034917,0.10512085450463421,True,empirical-manual-held-out-test-group
nine_channel_log_ridge,TEST1,live_implementation_range_1.7_to_3.0_N,1.7,3.0,0.01,2026-08-08_144407_344158_1_R4_TEST1,4,2.125,2.158279416849948,2.2360294304297446,0.07775001357979638,0.006045064611658522,True,empirical-manual-held-out-test-group
nine_channel_log_ridge,TEST1,live_implementation_range_1.7_to_3.0_N,1.7,3.0,0.01,2026-08-08_144407_344158_1_R4_TEST1,4,2.375,2.3518609548060407,2.096783541819297,0.2550774129867439,0.06506448661600991,True,empirical-manual-held-out-test-group
nine_channel_log_ridge,TEST1,live_implementation_range_1.7_to_3.0_N,1.7,3.0,0.01,2026-08-08_144407_344158_1_R4_TEST1,4,2.625,2.6147597391935684,2.1775366761321053,0.4372230630614631,0.19116400687284812,True,empirical-manual-held-out-test-group
nine_channel_log_ridge,TEST1,live_implementation_range_1.7_to_3.0_N,1.7,3.0,0.01,2026-08-08_144407_344158_1_R4_TEST1,4,2.875,2.8511424544038,2.2009250528702644,0.6502174015335358,0.42278266925702335,False,empirical-manual-held-out-test-group
nine_channel_log_ridge,TEST1,live_implementation_range_1.7_to_3.0_N,1.7,3.0,0.01,2026-08-08_145009_272251_1_R5_TEST1,5,1.875,1.8544359837186684,2.718943100456166,0.8645071167374976,0.7473725548897813,False,empirical-manual-held-out-test-group
nine_channel_log_ridge,TEST1,live_implementation_range_1.7_to_3.0_N,1.7,3.0,0.01,2026-08-08_145009_272251_1_R5_TEST1,5,2.125,2.1587737731389613,2.7394485043444208,0.5806747312054594,0.3371831434605326,False,empirical-manual-held-out-test-group
nine_channel_log_ridge,TEST1,live_implementation_range_1.7_to_3.0_N,1.7,3.0,0.01,2026-08-08_145009_272251_1_R5_TEST1,5,2.375,2.3971935376022655,2.70013605277888,0.3029425151766145,0.09177416750153332,True,empirical-manual-held-out-test-group
nine_channel_log_ridge,TEST1,live_implementation_range_1.7_to_3.0_N,1.7,3.0,0.01,2026-08-08_145009_272251_1_R5_TEST1,5,2.625,2.584367526657595,2.5922870034792407,0.00791947682164551,6.271811312858047e-05,True,empirical-manual-held-out-test-group
nine_channel_log_ridge,TEST1,live_implementation_range_1.7_to_3.0_N,1.7,3.0,0.01,2026-08-08_145009_272251_1_R5_TEST1,5,2.875,2.867028089204088,2.73840543626686,0.12862265293722785,0.01654378684861057,True,empirical-manual-held-out-test-group
nine_channel_log_ridge,TEST1,live_implementation_range_1.7_to_3.0_N,1.7,3.0,0.01,2026-08-08_145348_428397_1_R6_TEST1,6,1.875,1.845116827879964,2.4405488798413084,0.5954320519613445,0.35453932850289727,False,empirical-manual-held-out-test-group
nine_channel_log_ridge,TEST1,live_implementation_range_1.7_to_3.0_N,1.7,3.0,0.01,2026-08-08_145348_428397_1_R6_TEST1,6,2.125,2.112262098252905,2.5221633273942694,0.4099012291413646,0.16801901765160152,True,empirical-manual-held-out-test-group
nine_channel_log_ridge,TEST1,live_implementation_range_1.7_to_3.0_N,1.7,3.0,0.01,2026-08-08_145348_428397_1_R6_TEST1,6,2.375,2.3736165592087373,2.441590041078127,0.06797348186938956,0.004620394237448232,True,empirical-manual-held-out-test-group
nine_channel_log_ridge,TEST1,live_implementation_range_1.7_to_3.0_N,1.7,3.0,0.01,2026-08-08_145348_428397_1_R6_TEST1,6,2.625,2.5597248261628005,2.4499299857514054,0.10979484041139509,0.012054906980963715,True,empirical-manual-held-out-test-group
nine_channel_log_ridge,TEST1,live_implementation_range_1.7_to_3.0_N,1.7,3.0,0.01,2026-08-08_145348_428397_1_R6_TEST1,6,2.875,2.8984447868747862,2.463245453014171,0.43519933386061505,0.18939846019272308,True,empirical-manual-held-out-test-group
nine_channel_log_ridge,TEST1,live_implementation_range_1.7_to_3.0_N,1.7,3.0,0.01,2026-08-08_145646_442250_1_R7_TEST1,7,1.875,1.8721899971774345,2.557941270483063,0.6857512733056286,0.4702548088402909,False,empirical-manual-held-out-test-group
nine_channel_log_ridge,TEST1,live_implementation_range_1.7_to_3.0_N,1.7,3.0,0.01,2026-08-08_145646_442250_1_R7_TEST1,7,2.125,2.1030149916966088,2.5618154342672192,0.4588004425706105,0.21049784610298805,True,empirical-manual-held-out-test-group
nine_channel_log_ridge,TEST1,live_implementation_range_1.7_to_3.0_N,1.7,3.0,0.01,2026-08-08_145646_442250_1_R7_TEST1,7,2.375,2.384211736786775,2.555474469478328,0.17126273269155323,0.029330923608978415,True,empirical-manual-held-out-test-group
nine_channel_log_ridge,TEST1,live_implementation_range_1.7_to_3.0_N,1.7,3.0,0.01,2026-08-08_145646_442250_1_R7_TEST1,7,2.625,2.6234922433234096,2.5457456011496564,0.07774664217375316,0.006044540369293613,True,empirical-manual-held-out-test-group
nine_channel_log_ridge,TEST1,live_implementation_range_1.7_to_3.0_N,1.7,3.0,0.01,2026-08-08_145646_442250_1_R7_TEST1,7,2.875,2.847124739463268,2.5520966692748965,0.2950280701883714,0.0870415621990746,True,empirical-manual-held-out-test-group
nine_channel_log_ridge,TEST1,live_implementation_range_1.7_to_3.0_N,1.7,3.0,0.01,2026-08-08_145956_684487_1_R8_TEST1,8,1.875,1.8665528846632178,2.562967729503761,0.6964148448405432,0.4849936361142778,False,empirical-manual-held-out-test-group
nine_channel_log_ridge,TEST1,live_implementation_range_1.7_to_3.0_N,1.7,3.0,0.01,2026-08-08_145956_684487_1_R8_TEST1,8,2.125,2.112950642418848,2.567680978848282,0.45473033642943417,0.20677967886922638,True,empirical-manual-held-out-test-group
nine_channel_log_ridge,TEST1,live_implementation_range_1.7_to_3.0_N,1.7,3.0,0.01,2026-08-08_145956_684487_1_R8_TEST1,8,2.375,2.357454725318833,2.555368708344591,0.1979139830257579,0.03916994467711999,True,empirical-manual-held-out-test-group
nine_channel_log_ridge,TEST1,live_implementation_range_1.7_to_3.0_N,1.7,3.0,0.01,2026-08-08_145956_684487_1_R8_TEST1,8,2.625,2.6116157375481706,2.5575123591751185,0.054103378373052013,0.0029271755513776325,True,empirical-manual-held-out-test-group
nine_channel_log_ridge,TEST1,live_implementation_range_1.7_to_3.0_N,1.7,3.0,0.01,2026-08-08_145956_684487_1_R8_TEST1,8,2.875,2.8924473482043362,2.564723276082638,0.3277240721216983,0.1074030674480281,True,empirical-manual-held-out-test-group
nine_channel_log_ridge,TEST1,live_implementation_range_1.7_to_3.0_N,1.7,3.0,0.01,2026-08-08_150408_799581_1_R9_TEST1,9,1.875,1.8886081585713568,2.5419801371644644,0.6533719785931076,0.4268949424106722,False,empirical-manual-held-out-test-group
nine_channel_log_ridge,TEST1,live_implementation_range_1.7_to_3.0_N,1.7,3.0,0.01,2026-08-08_150408_799581_1_R9_TEST1,9,2.125,2.1356031241450744,2.531564306546113,0.3959611824010385,0.1567852579684285,True,empirical-manual-held-out-test-group
nine_channel_log_ridge,TEST1,live_implementation_range_1.7_to_3.0_N,1.7,3.0,0.01,2026-08-08_150408_799581_1_R9_TEST1,9,2.375,2.3817296253605544,2.5365671012590667,0.15483747589851227,0.023974643942622366,True,empirical-manual-held-out-test-group
nine_channel_log_ridge,TEST1,live_implementation_range_1.7_to_3.0_N,1.7,3.0,0.01,2026-08-08_150408_799581_1_R9_TEST1,9,2.625,2.620755423590372,2.5288164172327794,0.09193900635759267,0.008452780890021465,True,empirical-manual-held-out-test-group
nine_channel_log_ridge,TEST1,live_implementation_range_1.7_to_3.0_N,1.7,3.0,0.01,2026-08-08_150408_799581_1_R9_TEST1,9,2.875,2.877786020837513,2.548421322994029,0.3293646978434839,0.10848110418552943,True,empirical-manual-held-out-test-group
session_zeroed_nine_channel_ridge,TEST1,live_implementation_range_1.7_to_3.0_N,1.7,3.0,100.0,2026-08-08_142130_319119_1_R1_TEST1,1,1.875,1.8651360172576128,2.754566649969974,0.8894306327123611,0.791086850407111,False,empirical-manual-held-out-test-group
session_zeroed_nine_channel_ridge,TEST1,live_implementation_range_1.7_to_3.0_N,1.7,3.0,100.0,2026-08-08_142130_319119_1_R1_TEST1,1,2.125,2.1126423810041532,2.6432724457945698,0.5306300647904165,0.2815682656594816,False,empirical-manual-held-out-test-group
session_zeroed_nine_channel_ridge,TEST1,live_implementation_range_1.7_to_3.0_N,1.7,3.0,100.0,2026-08-08_142130_319119_1_R1_TEST1,1,2.375,2.3600747903514954,2.684091841325709,0.32401705097421374,0.10498704932202622,True,empirical-manual-held-out-test-group
session_zeroed_nine_channel_ridge,TEST1,live_implementation_range_1.7_to_3.0_N,1.7,3.0,100.0,2026-08-08_142130_319119_1_R1_TEST1,1,2.625,2.6316084183498853,2.660040998760552,0.028432580410666652,0.000808411628809025,True,empirical-manual-held-out-test-group
session_zeroed_nine_channel_ridge,TEST1,live_implementation_range_1.7_to_3.0_N,1.7,3.0,100.0,2026-08-08_142130_319119_1_R1_TEST1,1,2.875,2.836662469198881,2.7805784392029773,0.056084029995903784,0.003145418420581435,True,empirical-manual-held-out-test-group
session_zeroed_nine_channel_ridge,TEST1,live_implementation_range_1.7_to_3.0_N,1.7,3.0,100.0,2026-08-08_142601_715359_1_R2_TEST1,2,1.875,1.8640134118746188,2.345117015859119,0.48110360398450025,0.23146067776687484,True,empirical-manual-held-out-test-group
session_zeroed_nine_channel_ridge,TEST1,live_implementation_range_1.7_to_3.0_N,1.7,3.0,100.0,2026-08-08_142601_715359_1_R2_TEST1,2,2.125,2.120409959439824,2.3664310043021812,0.2460210448623572,0.06052635451516598,True,empirical-manual-held-out-test-group
session_zeroed_nine_channel_ridge,TEST1,live_implementation_range_1.7_to_3.0_N,1.7,3.0,100.0,2026-08-08_142601_715359_1_R2_TEST1,2,2.375,2.3791218492180684,2.3849017798104395,0.005779930592371141,3.340759765262781e-05,True,empirical-manual-held-out-test-group
session_zeroed_nine_channel_ridge,TEST1,live_implementation_range_1.7_to_3.0_N,1.7,3.0,100.0,2026-08-08_142601_715359_1_R2_TEST1,2,2.625,2.6305528770101674,2.3909180464832054,0.239634830526962,0.057424852001685796,True,empirical-manual-held-out-test-group
session_zeroed_nine_channel_ridge,TEST1,live_implementation_range_1.7_to_3.0_N,1.7,3.0,100.0,2026-08-08_142601_715359_1_R2_TEST1,2,2.875,2.9034816385597084,2.3830564886121426,0.5204251499475658,0.2708423366979464,False,empirical-manual-held-out-test-group
session_zeroed_nine_channel_ridge,TEST1,live_implementation_range_1.7_to_3.0_N,1.7,3.0,100.0,2026-08-08_143408_738677_1_R3_TEST1,3,1.875,1.9851359645728213,2.332371178106608,0.3472352135337866,0.12057229351785438,True,empirical-manual-held-out-test-group
session_zeroed_nine_channel_ridge,TEST1,live_implementation_range_1.7_to_3.0_N,1.7,3.0,100.0,2026-08-08_143408_738677_1_R3_TEST1,3,2.125,2.179225789558129,2.333623444166686,0.15439765460855703,0.02383863574862327,True,empirical-manual-held-out-test-group
session_zeroed_nine_channel_ridge,TEST1,live_implementation_range_1.7_to_3.0_N,1.7,3.0,100.0,2026-08-08_143408_738677_1_R3_TEST1,3,2.375,2.4253858356296902,2.3022950094726347,0.12309082615705558,0.015151351484026477,True,empirical-manual-held-out-test-group
session_zeroed_nine_channel_ridge,TEST1,live_implementation_range_1.7_to_3.0_N,1.7,3.0,100.0,2026-08-08_143408_738677_1_R3_TEST1,3,2.625,2.6488779583052278,2.309976200395241,0.33890175790998667,0.1148544015144792,True,empirical-manual-held-out-test-group
session_zeroed_nine_channel_ridge,TEST1,live_implementation_range_1.7_to_3.0_N,1.7,3.0,100.0,2026-08-08_143408_738677_1_R3_TEST1,3,2.875,2.871579812970323,2.2918010841869036,0.5797787287834195,0.3361433743497179,False,empirical-manual-held-out-test-group
session_zeroed_nine_channel_ridge,TEST1,live_implementation_range_1.7_to_3.0_N,1.7,3.0,100.0,2026-08-08_144407_344158_1_R4_TEST1,4,1.875,1.8536320385350424,2.209990268522038,0.3563582299869954,0.1269911880794643,True,empirical-manual-held-out-test-group
session_zeroed_nine_channel_ridge,TEST1,live_implementation_range_1.7_to_3.0_N,1.7,3.0,100.0,2026-08-08_144407_344158_1_R4_TEST1,4,2.125,2.158279416849948,2.188235586603889,0.029956169753940998,0.0008973721063269295,True,empirical-manual-held-out-test-group
session_zeroed_nine_channel_ridge,TEST1,live_implementation_range_1.7_to_3.0_N,1.7,3.0,100.0,2026-08-08_144407_344158_1_R4_TEST1,4,2.375,2.3518609548060407,2.146803862570323,0.20505709223571777,0.04204841107616767,True,empirical-manual-held-out-test-group
session_zeroed_nine_channel_ridge,TEST1,live_implementation_range_1.7_to_3.0_N,1.7,3.0,100.0,2026-08-08_144407_344158_1_R4_TEST1,4,2.625,2.6147597391935684,2.1413961410380193,0.47336359815554907,0.22407309605876813,True,empirical-manual-held-out-test-group
session_zeroed_nine_channel_ridge,TEST1,live_implementation_range_1.7_to_3.0_N,1.7,3.0,100.0,2026-08-08_144407_344158_1_R4_TEST1,4,2.875,2.8511424544038,2.1431511968820995,0.7079912575217007,0.5012516207271591,False,empirical-manual-held-out-test-group
session_zeroed_nine_channel_ridge,TEST1,live_implementation_range_1.7_to_3.0_N,1.7,3.0,100.0,2026-08-08_145009_272251_1_R5_TEST1,5,1.875,1.8544359837186684,2.415392139731117,0.5609561560124487,0.31467180896826275,False,empirical-manual-held-out-test-group
session_zeroed_nine_channel_ridge,TEST1,live_implementation_range_1.7_to_3.0_N,1.7,3.0,100.0,2026-08-08_145009_272251_1_R5_TEST1,5,2.125,2.1587737731389613,2.4265090734572534,0.26773530031829207,0.07168219103652604,True,empirical-manual-held-out-test-group
session_zeroed_nine_channel_ridge,TEST1,live_implementation_range_1.7_to_3.0_N,1.7,3.0,100.0,2026-08-08_145009_272251_1_R5_TEST1,5,2.375,2.3971935376022655,2.402771576902166,0.005578039299900528,3.111452243123477e-05,True,empirical-manual-held-out-test-group
session_zeroed_nine_channel_ridge,TEST1,live_implementation_range_1.7_to_3.0_N,1.7,3.0,100.0,2026-08-08_145009_272251_1_R5_TEST1,5,2.625,2.584367526657595,2.4119343134562277,0.1724332132013675,0.029733213014948263,True,empirical-manual-held-out-test-group
session_zeroed_nine_channel_ridge,TEST1,live_implementation_range_1.7_to_3.0_N,1.7,3.0,100.0,2026-08-08_145009_272251_1_R5_TEST1,5,2.875,2.867028089204088,2.4277889893186475,0.4392390998854405,0.192930986868172,True,empirical-manual-held-out-test-group
session_zeroed_nine_channel_ridge,TEST1,live_implementation_range_1.7_to_3.0_N,1.7,3.0,100.0,2026-08-08_145348_428397_1_R6_TEST1,6,1.875,1.845116827879964,2.41064068499129,0.5655238571113259,0.3198172329620714,False,empirical-manual-held-out-test-group
session_zeroed_nine_channel_ridge,TEST1,live_implementation_range_1.7_to_3.0_N,1.7,3.0,100.0,2026-08-08_145348_428397_1_R6_TEST1,6,2.125,2.112262098252905,2.386534063641004,0.2742719653880994,0.07522511099785079,True,empirical-manual-held-out-test-group
session_zeroed_nine_channel_ridge,TEST1,live_implementation_range_1.7_to_3.0_N,1.7,3.0,100.0,2026-08-08_145348_428397_1_R6_TEST1,6,2.375,2.3736165592087373,2.429529864049399,0.055913304840661926,0.0031262976582047885,True,empirical-manual-held-out-test-group
session_zeroed_nine_channel_ridge,TEST1,live_implementation_range_1.7_to_3.0_N,1.7,3.0,100.0,2026-08-08_145348_428397_1_R6_TEST1,6,2.625,2.5597248261628005,2.4987311436606303,0.06099368250217019,0.0037202293051755418,True,empirical-manual-held-out-test-group
session_zeroed_nine_channel_ridge,TEST1,live_implementation_range_1.7_to_3.0_N,1.7,3.0,100.0,2026-08-08_145348_428397_1_R6_TEST1,6,2.875,2.8984447868747862,2.473494316061582,0.42495047081320436,0.18058290264436405,True,empirical-manual-held-out-test-group
session_zeroed_nine_channel_ridge,TEST1,live_implementation_range_1.7_to_3.0_N,1.7,3.0,100.0,2026-08-08_145646_442250_1_R7_TEST1,7,1.875,1.8721899971774345,2.309264547791388,0.4370745506139535,0.1910341627943894,True,empirical-manual-held-out-test-group
session_zeroed_nine_channel_ridge,TEST1,live_implementation_range_1.7_to_3.0_N,1.7,3.0,100.0,2026-08-08_145646_442250_1_R7_TEST1,7,2.125,2.1030149916966088,2.3067800283482915,0.20376503665168277,0.04152019016166163,True,empirical-manual-held-out-test-group
session_zeroed_nine_channel_ridge,TEST1,live_implementation_range_1.7_to_3.0_N,1.7,3.0,100.0,2026-08-08_145646_442250_1_R7_TEST1,7,2.375,2.384211736786775,2.292551275974638,0.09166046081213697,0.008401640076293296,True,empirical-manual-held-out-test-group
session_zeroed_nine_channel_ridge,TEST1,live_implementation_range_1.7_to_3.0_N,1.7,3.0,100.0,2026-08-08_145646_442250_1_R7_TEST1,7,2.625,2.6234922433234096,2.2693789575354137,0.35411328578799584,0.12539621917157082,True,empirical-manual-held-out-test-group
session_zeroed_nine_channel_ridge,TEST1,live_implementation_range_1.7_to_3.0_N,1.7,3.0,100.0,2026-08-08_145646_442250_1_R7_TEST1,7,2.875,2.847124739463268,2.279890561434702,0.5672341780285661,0.32175461272374306,False,empirical-manual-held-out-test-group
session_zeroed_nine_channel_ridge,TEST1,live_implementation_range_1.7_to_3.0_N,1.7,3.0,100.0,2026-08-08_145956_684487_1_R8_TEST1,8,1.875,1.8665528846632178,2.364393879525033,0.4978409948618152,0.24784565616500193,True,empirical-manual-held-out-test-group
session_zeroed_nine_channel_ridge,TEST1,live_implementation_range_1.7_to_3.0_N,1.7,3.0,100.0,2026-08-08_145956_684487_1_R8_TEST1,8,2.125,2.112950642418848,2.3835898009452188,0.27063915852637077,0.07324555412786204,True,empirical-manual-held-out-test-group
session_zeroed_nine_channel_ridge,TEST1,live_implementation_range_1.7_to_3.0_N,1.7,3.0,100.0,2026-08-08_145956_684487_1_R8_TEST1,8,2.375,2.357454725318833,2.3407775377474436,0.016677187571389585,0.00027812858529131123,True,empirical-manual-held-out-test-group
session_zeroed_nine_channel_ridge,TEST1,live_implementation_range_1.7_to_3.0_N,1.7,3.0,100.0,2026-08-08_145956_684487_1_R8_TEST1,8,2.625,2.6116157375481706,2.3508817640108144,0.26073397353735617,0.06798220495657875,True,empirical-manual-held-out-test-group
session_zeroed_nine_channel_ridge,TEST1,live_implementation_range_1.7_to_3.0_N,1.7,3.0,100.0,2026-08-08_145956_684487_1_R8_TEST1,8,2.875,2.8924473482043362,2.385093909393889,0.5073534388104473,0.25740751187278627,False,empirical-manual-held-out-test-group
session_zeroed_nine_channel_ridge,TEST1,live_implementation_range_1.7_to_3.0_N,1.7,3.0,100.0,2026-08-08_150408_799581_1_R9_TEST1,9,1.875,1.8886081585713568,2.4154064734007146,0.5267983148293578,0.2775164645070512,False,empirical-manual-held-out-test-group
session_zeroed_nine_channel_ridge,TEST1,live_implementation_range_1.7_to_3.0_N,1.7,3.0,100.0,2026-08-08_150408_799581_1_R9_TEST1,9,2.125,2.1356031241450744,2.4067608688426834,0.271157744697609,0.07352652250949371,True,empirical-manual-held-out-test-group
session_zeroed_nine_channel_ridge,TEST1,live_implementation_range_1.7_to_3.0_N,1.7,3.0,100.0,2026-08-08_150408_799581_1_R9_TEST1,9,2.375,2.3817296253605544,2.4046121305337738,0.022882505173219325,0.0005236090430024092,True,empirical-manual-held-out-test-group
session_zeroed_nine_channel_ridge,TEST1,live_implementation_range_1.7_to_3.0_N,1.7,3.0,100.0,2026-08-08_150408_799581_1_R9_TEST1,9,2.625,2.620755423590372,2.383881795461242,0.23687362812913015,0.05610911570305744,True,empirical-manual-held-out-test-group
session_zeroed_nine_channel_ridge,TEST1,live_implementation_range_1.7_to_3.0_N,1.7,3.0,100.0,2026-08-08_150408_799581_1_R9_TEST1,9,2.875,2.877786020837513,2.4310201911352234,0.4467658297022896,0.19959970658957524,True,empirical-manual-held-out-test-group
constant_baseline,TEST2,live_implementation_range_1.7_to_3.0_N,1.7,3.0,,2026-08-08_152554_893849_1_R1_TEST2,1,2.125,2.11243114338387,2.380513289810835,0.26808214642696493,0.07186803723288866,True,empirical-manual-held-out-test-group
constant_baseline,TEST2,live_implementation_range_1.7_to_3.0_N,1.7,3.0,,2026-08-08_152554_893849_1_R1_TEST2,1,2.375,2.3447223243142834,2.380513289810835,0.035790965496551586,0.0012809932111753461,True,empirical-manual-held-out-test-group
constant_baseline,TEST2,live_implementation_range_1.7_to_3.0_N,1.7,3.0,,2026-08-08_152554_893849_1_R1_TEST2,1,2.625,2.60525184744764,2.380513289810835,0.22473855763680506,0.05050741928867155,True,empirical-manual-held-out-test-group
constant_baseline,TEST2,live_implementation_range_1.7_to_3.0_N,1.7,3.0,,2026-08-08_152554_893849_1_R1_TEST2,1,2.875,2.8758222249777754,2.380513289810835,0.4953089351669404,0.24533094125620838,True,empirical-manual-held-out-test-group
constant_baseline,TEST2,live_implementation_range_1.7_to_3.0_N,1.7,3.0,,2026-08-08_154515_918611_1_R2_TEST2,2,1.875,1.92590905196734,2.380513289810835,0.4546042378434949,0.20666501306526489,True,empirical-manual-held-out-test-group
constant_baseline,TEST2,live_implementation_range_1.7_to_3.0_N,1.7,3.0,,2026-08-08_154515_918611_1_R2_TEST2,2,2.125,2.0096842605295357,2.380513289810835,0.37082902928129924,0.13751416895771068,True,empirical-manual-held-out-test-group
constant_baseline,TEST2,live_implementation_range_1.7_to_3.0_N,1.7,3.0,,2026-08-08_154515_918611_1_R2_TEST2,2,2.375,2.4947124100452136,2.380513289810835,0.11419912023437861,0.013041439062306063,True,empirical-manual-held-out-test-group
constant_baseline,TEST2,live_implementation_range_1.7_to_3.0_N,1.7,3.0,,2026-08-08_154515_918611_1_R2_TEST2,2,2.875,2.8347043413253212,2.380513289810835,0.45419105151448624,0.2062895112758347,True,empirical-manual-held-out-test-group
constant_baseline,TEST2,live_implementation_range_1.7_to_3.0_N,1.7,3.0,,2026-08-08_155939_090816_1_R3_TEST2,3,1.625,1.739519625385341,2.380513289810835,0.6409936644254939,0.41087287783362264,False,empirical-manual-held-out-test-group
constant_baseline,TEST2,live_implementation_range_1.7_to_3.0_N,1.7,3.0,,2026-08-08_155939_090816_1_R3_TEST2,3,1.875,1.993091560050425,2.380513289810835,0.3874217297604099,0.15009559669054806,True,empirical-manual-held-out-test-group
constant_baseline,TEST2,live_implementation_range_1.7_to_3.0_N,1.7,3.0,,2026-08-08_155939_090816_1_R3_TEST2,3,2.125,2.05754021774262,2.380513289810835,0.32297307206821513,0.10431160528118048,True,empirical-manual-held-out-test-group
constant_baseline,TEST2,live_implementation_range_1.7_to_3.0_N,1.7,3.0,,2026-08-08_155939_090816_1_R3_TEST2,3,2.375,2.444786374768308,2.380513289810835,0.06427308495747308,0.004131029449950552,True,empirical-manual-held-out-test-group
constant_baseline,TEST2,live_implementation_range_1.7_to_3.0_N,1.7,3.0,,2026-08-08_155939_090816_1_R3_TEST2,3,2.625,2.6971626727712805,2.380513289810835,0.31664938296044554,0.1002668317292309,True,empirical-manual-held-out-test-group
constant_baseline,TEST2,live_implementation_range_1.7_to_3.0_N,1.7,3.0,,2026-08-08_155939_090816_1_R3_TEST2,3,2.875,2.8455322023498346,2.380513289810835,0.46501891253899963,0.2162425890189538,True,empirical-manual-held-out-test-group
constant_baseline,TEST2,live_implementation_range_1.7_to_3.0_N,1.7,3.0,,2026-08-08_160643_341315_1_R4_TEST2,4,1.875,1.8473148079065893,2.380513289810835,0.5331984819042457,0.2843006211049922,False,empirical-manual-held-out-test-group
constant_baseline,TEST2,live_implementation_range_1.7_to_3.0_N,1.7,3.0,,2026-08-08_160643_341315_1_R4_TEST2,4,2.125,2.0835540555788925,2.380513289810835,0.2969592342319425,0.08818478679562168,True,empirical-manual-held-out-test-group
constant_baseline,TEST2,live_implementation_range_1.7_to_3.0_N,1.7,3.0,,2026-08-08_160643_341315_1_R4_TEST2,4,2.375,2.396649460035851,2.380513289810835,0.016136170225016233,0.0002603759895307004,True,empirical-manual-held-out-test-group
constant_baseline,TEST2,live_implementation_range_1.7_to_3.0_N,1.7,3.0,,2026-08-08_160643_341315_1_R4_TEST2,4,2.625,2.608431414488313,2.380513289810835,0.22791812467747796,0.05194667155649839,True,empirical-manual-held-out-test-group
constant_baseline,TEST2,live_implementation_range_1.7_to_3.0_N,1.7,3.0,,2026-08-08_160643_341315_1_R4_TEST2,4,2.875,2.8368021860351385,2.380513289810835,0.45628889622430346,0.20819955681759317,True,empirical-manual-held-out-test-group
constant_baseline,TEST2,live_implementation_range_1.7_to_3.0_N,1.7,3.0,,2026-08-08_161335_934176_1_R5_TEST2,5,1.875,1.826477365644954,2.380513289810835,0.554035924165881,0.3069558052663418,False,empirical-manual-held-out-test-group
constant_baseline,TEST2,live_implementation_range_1.7_to_3.0_N,1.7,3.0,,2026-08-08_161335_934176_1_R5_TEST2,5,2.125,2.134842812456961,2.380513289810835,0.24567047735387382,0.060353983443280225,True,empirical-manual-held-out-test-group
constant_baseline,TEST2,live_implementation_range_1.7_to_3.0_N,1.7,3.0,,2026-08-08_161335_934176_1_R5_TEST2,5,2.375,2.3725137597125787,2.380513289810835,0.007999530098256269,6.399248179290796e-05,True,empirical-manual-held-out-test-group
constant_baseline,TEST2,live_implementation_range_1.7_to_3.0_N,1.7,3.0,,2026-08-08_161335_934176_1_R5_TEST2,5,2.625,2.568274534399268,2.380513289810835,0.18776124458843313,0.035254284969397406,True,empirical-manual-held-out-test-group
constant_baseline,TEST2,live_implementation_range_1.7_to_3.0_N,1.7,3.0,,2026-08-08_161335_934176_1_R5_TEST2,5,2.875,2.923041773395682,2.380513289810835,0.5425284835848472,0.2943371555008738,False,empirical-manual-held-out-test-group
constant_baseline,TEST2,live_implementation_range_1.7_to_3.0_N,1.7,3.0,,2026-08-08_162501_247149_1_R6_TEST2,6,1.875,1.8235169205796833,2.380513289810835,0.5569963692311517,0.3102449553366855,False,empirical-manual-held-out-test-group
constant_baseline,TEST2,live_implementation_range_1.7_to_3.0_N,1.7,3.0,,2026-08-08_162501_247149_1_R6_TEST2,6,2.125,2.1249282562061547,2.380513289810835,0.2555850336046803,0.06532370940270557,True,empirical-manual-held-out-test-group
constant_baseline,TEST2,live_implementation_range_1.7_to_3.0_N,1.7,3.0,,2026-08-08_162501_247149_1_R6_TEST2,6,2.375,2.40673578172996,2.380513289810835,0.02622249191912518,0.0006876190824485853,True,empirical-manual-held-out-test-group
constant_baseline,TEST2,live_implementation_range_1.7_to_3.0_N,1.7,3.0,,2026-08-08_162501_247149_1_R6_TEST2,6,2.625,2.634948892700236,2.380513289810835,0.25443560288940104,0.06473747601769297,True,empirical-manual-held-out-test-group
constant_baseline,TEST2,live_implementation_range_1.7_to_3.0_N,1.7,3.0,,2026-08-08_162501_247149_1_R6_TEST2,6,2.875,2.8799798703530834,2.380513289810835,0.49946658054224846,0.24946686507856636,True,empirical-manual-held-out-test-group
constant_baseline,TEST2,live_implementation_range_1.7_to_3.0_N,1.7,3.0,,2026-08-08_163730_874069_1_R7_TEST2,7,1.875,1.859255431464664,2.380513289810835,0.5212578583461709,0.27170975488763677,False,empirical-manual-held-out-test-group
constant_baseline,TEST2,live_implementation_range_1.7_to_3.0_N,1.7,3.0,,2026-08-08_163730_874069_1_R7_TEST2,7,2.125,2.0725921106789174,2.380513289810835,0.30792117913191763,0.09481545255799051,True,empirical-manual-held-out-test-group
constant_baseline,TEST2,live_implementation_range_1.7_to_3.0_N,1.7,3.0,,2026-08-08_163730_874069_1_R7_TEST2,7,2.375,2.2947070973267563,2.380513289810835,0.08580619248407872,0.007362702668614768,True,empirical-manual-held-out-test-group
constant_baseline,TEST2,live_implementation_range_1.7_to_3.0_N,1.7,3.0,,2026-08-08_163730_874069_1_R7_TEST2,7,2.625,2.6297170607026112,2.380513289810835,0.24920377089177626,0.06210251942668091,True,empirical-manual-held-out-test-group
constant_baseline,TEST2,live_implementation_range_1.7_to_3.0_N,1.7,3.0,,2026-08-08_163730_874069_1_R7_TEST2,7,2.875,2.9159700109256246,2.380513289810835,0.5354567211147896,0.28671390018700155,False,empirical-manual-held-out-test-group
constant_baseline,TEST2,live_implementation_range_1.7_to_3.0_N,1.7,3.0,,2026-08-08_164447_078602_1_R8_TEST2,8,1.875,1.8393927743339349,2.380513289810835,0.5411205154769001,0.2928114122699861,False,empirical-manual-held-out-test-group
constant_baseline,TEST2,live_implementation_range_1.7_to_3.0_N,1.7,3.0,,2026-08-08_164447_078602_1_R8_TEST2,8,2.125,2.172806354950803,2.380513289810835,0.207706934860032,0.04314217078894958,True,empirical-manual-held-out-test-group
constant_baseline,TEST2,live_implementation_range_1.7_to_3.0_N,1.7,3.0,,2026-08-08_164447_078602_1_R8_TEST2,8,2.375,2.364651623466969,2.380513289810835,0.015861666343865988,0.000251592459204131,True,empirical-manual-held-out-test-group
constant_baseline,TEST2,live_implementation_range_1.7_to_3.0_N,1.7,3.0,,2026-08-08_164447_078602_1_R8_TEST2,8,2.625,2.6290092343164497,2.380513289810835,0.24849594450561474,0.06175023443573756,True,empirical-manual-held-out-test-group
constant_baseline,TEST2,live_implementation_range_1.7_to_3.0_N,1.7,3.0,,2026-08-08_164447_078602_1_R8_TEST2,8,2.875,2.8844771857081897,2.380513289810835,0.5039638958973547,0.25397960836803973,False,empirical-manual-held-out-test-group
constant_baseline,TEST2,live_implementation_range_1.7_to_3.0_N,1.7,3.0,,2026-08-08_165304_567552_1_R9_TEST2,9,1.875,1.875884360185756,2.380513289810835,0.504628929625079,0.25465035661455293,False,empirical-manual-held-out-test-group
constant_baseline,TEST2,live_implementation_range_1.7_to_3.0_N,1.7,3.0,,2026-08-08_165304_567552_1_R9_TEST2,9,2.125,2.087804326439815,2.380513289810835,0.29270896337102004,0.08567853723773715,True,empirical-manual-held-out-test-group
constant_baseline,TEST2,live_implementation_range_1.7_to_3.0_N,1.7,3.0,,2026-08-08_165304_567552_1_R9_TEST2,9,2.375,2.3505928241510867,2.380513289810835,0.029920465659748263,0.0008952342652961751,True,empirical-manual-held-out-test-group
constant_baseline,TEST2,live_implementation_range_1.7_to_3.0_N,1.7,3.0,,2026-08-08_165304_567552_1_R9_TEST2,9,2.625,2.6303213425381338,2.380513289810835,0.24980805272729878,0.06240406320740489,True,empirical-manual-held-out-test-group
constant_baseline,TEST2,live_implementation_range_1.7_to_3.0_N,1.7,3.0,,2026-08-08_165304_567552_1_R9_TEST2,9,2.875,2.890726245893049,2.380513289810835,0.510212956082214,0.26031726055415116,False,empirical-manual-held-out-test-group
total_light_linear,TEST2,live_implementation_range_1.7_to_3.0_N,1.7,3.0,0.01,2026-08-08_152554_893849_1_R1_TEST2,1,2.125,2.11243114338387,2.3487562879517565,0.23632514456788645,0.05584957395503243,True,empirical-manual-held-out-test-group
total_light_linear,TEST2,live_implementation_range_1.7_to_3.0_N,1.7,3.0,0.01,2026-08-08_152554_893849_1_R1_TEST2,1,2.375,2.3447223243142834,2.3462639436630544,0.0015416193487709506,2.37659021650497e-06,True,empirical-manual-held-out-test-group
total_light_linear,TEST2,live_implementation_range_1.7_to_3.0_N,1.7,3.0,0.01,2026-08-08_152554_893849_1_R1_TEST2,1,2.625,2.60525184744764,2.351081651357593,0.2541701960900471,0.06460248858045299,True,empirical-manual-held-out-test-group
total_light_linear,TEST2,live_implementation_range_1.7_to_3.0_N,1.7,3.0,0.01,2026-08-08_152554_893849_1_R1_TEST2,1,2.875,2.8758222249777754,2.350197271126118,0.5256249538516573,0.2762815921115569,False,empirical-manual-held-out-test-group
total_light_linear,TEST2,live_implementation_range_1.7_to_3.0_N,1.7,3.0,0.01,2026-08-08_154515_918611_1_R2_TEST2,2,1.875,1.92590905196734,2.343010908685741,0.41710185671840083,0.17397395887793737,True,empirical-manual-held-out-test-group
total_light_linear,TEST2,live_implementation_range_1.7_to_3.0_N,1.7,3.0,0.01,2026-08-08_154515_918611_1_R2_TEST2,2,2.125,2.0096842605295357,2.357099147617909,0.3474148870883731,0.12069710377062702,True,empirical-manual-held-out-test-group
total_light_linear,TEST2,live_implementation_range_1.7_to_3.0_N,1.7,3.0,0.01,2026-08-08_154515_918611_1_R2_TEST2,2,2.375,2.4947124100452136,2.3509023015204407,0.14381010852477294,0.02068134731390697,True,empirical-manual-held-out-test-group
total_light_linear,TEST2,live_implementation_range_1.7_to_3.0_N,1.7,3.0,0.01,2026-08-08_154515_918611_1_R2_TEST2,2,2.875,2.8347043413253212,2.3585896066094154,0.4761147347159058,0.22668524061359738,True,empirical-manual-held-out-test-group
total_light_linear,TEST2,live_implementation_range_1.7_to_3.0_N,1.7,3.0,0.01,2026-08-08_155939_090816_1_R3_TEST2,3,1.625,1.739519625385341,2.3582494603665407,0.6187298349811996,0.3828266086958625,False,empirical-manual-held-out-test-group
total_light_linear,TEST2,live_implementation_range_1.7_to_3.0_N,1.7,3.0,0.01,2026-08-08_155939_090816_1_R3_TEST2,3,1.875,1.993091560050425,2.3727087679272993,0.37961720787687425,0.14410922451623395,True,empirical-manual-held-out-test-group
total_light_linear,TEST2,live_implementation_range_1.7_to_3.0_N,1.7,3.0,0.01,2026-08-08_155939_090816_1_R3_TEST2,3,2.125,2.05754021774262,2.376858552090374,0.31931833434775436,0.10196419865062424,True,empirical-manual-held-out-test-group
total_light_linear,TEST2,live_implementation_range_1.7_to_3.0_N,1.7,3.0,0.01,2026-08-08_155939_090816_1_R3_TEST2,3,2.375,2.444786374768308,2.3726716610644405,0.07211471370386757,0.005200531932590785,True,empirical-manual-held-out-test-group
total_light_linear,TEST2,live_implementation_range_1.7_to_3.0_N,1.7,3.0,0.01,2026-08-08_155939_090816_1_R3_TEST2,3,2.625,2.6971626727712805,2.3957768676713673,0.3013858050999132,0.09083340351572286,True,empirical-manual-held-out-test-group
total_light_linear,TEST2,live_implementation_range_1.7_to_3.0_N,1.7,3.0,0.01,2026-08-08_155939_090816_1_R3_TEST2,3,2.875,2.8455322023498346,2.3825359021078154,0.4629963002420192,0.214365574037798,True,empirical-manual-held-out-test-group
total_light_linear,TEST2,live_implementation_range_1.7_to_3.0_N,1.7,3.0,0.01,2026-08-08_160643_341315_1_R4_TEST2,4,1.875,1.8473148079065893,2.371657406812959,0.5243425989063695,0.27493516102788584,False,empirical-manual-held-out-test-group
total_light_linear,TEST2,live_implementation_range_1.7_to_3.0_N,1.7,3.0,0.01,2026-08-08_160643_341315_1_R4_TEST2,4,2.125,2.0835540555788925,2.3780768940875814,0.2945228385086889,0.08674370240321523,True,empirical-manual-held-out-test-group
total_light_linear,TEST2,live_implementation_range_1.7_to_3.0_N,1.7,3.0,0.01,2026-08-08_160643_341315_1_R4_TEST2,4,2.375,2.396649460035851,2.371298707138654,0.025350752897197015,0.0006426606724547429,True,empirical-manual-held-out-test-group
total_light_linear,TEST2,live_implementation_range_1.7_to_3.0_N,1.7,3.0,0.01,2026-08-08_160643_341315_1_R4_TEST2,4,2.625,2.608431414488313,2.3765555127103584,0.23187590177795459,0.05376643382533964,True,empirical-manual-held-out-test-group
total_light_linear,TEST2,live_implementation_range_1.7_to_3.0_N,1.7,3.0,0.01,2026-08-08_160643_341315_1_R4_TEST2,4,2.875,2.8368021860351385,2.3730179917844585,0.46378419425067996,0.21509577883675243,True,empirical-manual-held-out-test-group
total_light_linear,TEST2,live_implementation_range_1.7_to_3.0_N,1.7,3.0,0.01,2026-08-08_161335_934176_1_R5_TEST2,5,1.875,1.826477365644954,2.348935637788909,0.5224582721439548,0.2729626461316467,False,empirical-manual-held-out-test-group
total_light_linear,TEST2,live_implementation_range_1.7_to_3.0_N,1.7,3.0,0.01,2026-08-08_161335_934176_1_R5_TEST2,5,2.125,2.134842812456961,2.3492324926917814,0.2143896802348202,0.04596293499118845,True,empirical-manual-held-out-test-group
total_light_linear,TEST2,live_implementation_range_1.7_to_3.0_N,1.7,3.0,0.01,2026-08-08_161335_934176_1_R5_TEST2,5,2.375,2.3725137597125787,2.34806362651172,0.024450133200858648,0.0005978090135397304,True,empirical-manual-held-out-test-group
total_light_linear,TEST2,live_implementation_range_1.7_to_3.0_N,1.7,3.0,0.01,2026-08-08_161335_934176_1_R5_TEST2,5,2.625,2.568274534399268,2.3503456985775544,0.21792883582171374,0.04749297748260746,True,empirical-manual-held-out-test-group
total_light_linear,TEST2,live_implementation_range_1.7_to_3.0_N,1.7,3.0,0.01,2026-08-08_161335_934176_1_R5_TEST2,5,2.875,2.923041773395682,2.3526957998919635,0.5703459735037186,0.3252945294919045,False,empirical-manual-held-out-test-group
total_light_linear,TEST2,live_implementation_range_1.7_to_3.0_N,1.7,3.0,0.01,2026-08-08_162501_247149_1_R6_TEST2,6,1.875,1.8235169205796833,2.351805235183345,0.5282883146036617,0.2790885433467774,False,empirical-manual-held-out-test-group
total_light_linear,TEST2,live_implementation_range_1.7_to_3.0_N,1.7,3.0,0.01,2026-08-08_162501_247149_1_R6_TEST2,6,2.125,2.1249282562061547,2.352875149729116,0.22794689352296116,0.05195978626676819,True,empirical-manual-held-out-test-group
total_light_linear,TEST2,live_implementation_range_1.7_to_3.0_N,1.7,3.0,0.01,2026-08-08_162501_247149_1_R6_TEST2,6,2.375,2.40673578172996,2.349751988771809,0.05698379295815137,0.0032471526598974614,True,empirical-manual-held-out-test-group
total_light_linear,TEST2,live_implementation_range_1.7_to_3.0_N,1.7,3.0,0.01,2026-08-08_162501_247149_1_R6_TEST2,6,2.625,2.634948892700236,2.35080334988615,0.2841455428140862,0.0807386895011117,True,empirical-manual-held-out-test-group
total_light_linear,TEST2,live_implementation_range_1.7_to_3.0_N,1.7,3.0,0.01,2026-08-08_162501_247149_1_R6_TEST2,6,2.875,2.8799798703530834,2.3577423332408,0.5222375371122836,0.27273204516910377,False,empirical-manual-held-out-test-group
total_light_linear,TEST2,live_implementation_range_1.7_to_3.0_N,1.7,3.0,0.01,2026-08-08_163730_874069_1_R7_TEST2,7,1.875,1.859255431464664,2.3454970684972998,0.4862416370326357,0.2364309295841774,True,empirical-manual-held-out-test-group
total_light_linear,TEST2,live_implementation_range_1.7_to_3.0_N,1.7,3.0,0.01,2026-08-08_163730_874069_1_R7_TEST2,7,2.125,2.0725921106789174,2.3439323957800746,0.27134028510115726,0.07362555031877731,True,empirical-manual-held-out-test-group
total_light_linear,TEST2,live_implementation_range_1.7_to_3.0_N,1.7,3.0,0.01,2026-08-08_163730_874069_1_R7_TEST2,7,2.375,2.2947070973267563,2.3436293564000588,0.0489222590733025,0.0023933874328353286,True,empirical-manual-held-out-test-group
total_light_linear,TEST2,live_implementation_range_1.7_to_3.0_N,1.7,3.0,0.01,2026-08-08_163730_874069_1_R7_TEST2,7,2.625,2.6297170607026112,2.343474744471479,0.28624231623113205,0.08193466360136341,True,empirical-manual-held-out-test-group
total_light_linear,TEST2,live_implementation_range_1.7_to_3.0_N,1.7,3.0,0.01,2026-08-08_163730_874069_1_R7_TEST2,7,2.875,2.9159700109256246,2.3445322900629635,0.5714377208626611,0.32654106882471257,False,empirical-manual-held-out-test-group
total_light_linear,TEST2,live_implementation_range_1.7_to_3.0_N,1.7,3.0,0.01,2026-08-08_164447_078602_1_R8_TEST2,8,1.875,1.8393927743339349,2.344792038102977,0.5053992637690423,0.25542841581829,False,empirical-manual-held-out-test-group
total_light_linear,TEST2,live_implementation_range_1.7_to_3.0_N,1.7,3.0,0.01,2026-08-08_164447_078602_1_R8_TEST2,8,2.125,2.172806354950803,2.350407543348986,0.17760118839818295,0.03154218212044688,True,empirical-manual-held-out-test-group
total_light_linear,TEST2,live_implementation_range_1.7_to_3.0_N,1.7,3.0,0.01,2026-08-08_164447_078602_1_R8_TEST2,8,2.375,2.364651623466969,2.3475750528174086,0.017076570649560363,0.0002916092651494264,True,empirical-manual-held-out-test-group
total_light_linear,TEST2,live_implementation_range_1.7_to_3.0_N,1.7,3.0,0.01,2026-08-08_164447_078602_1_R8_TEST2,8,2.625,2.6290092343164497,2.3470555567373816,0.2819536775790681,0.07949787630036108,True,empirical-manual-held-out-test-group
total_light_linear,TEST2,live_implementation_range_1.7_to_3.0_N,1.7,3.0,0.01,2026-08-08_164447_078602_1_R8_TEST2,8,2.875,2.8844771857081897,2.3433077635886135,0.5411694221195762,0.29286434343723605,False,empirical-manual-held-out-test-group
total_light_linear,TEST2,live_implementation_range_1.7_to_3.0_N,1.7,3.0,0.01,2026-08-08_165304_567552_1_R9_TEST2,9,1.875,1.875884360185756,2.378361380036168,0.5024770198504118,0.25248315547775113,False,empirical-manual-held-out-test-group
total_light_linear,TEST2,live_implementation_range_1.7_to_3.0_N,1.7,3.0,0.01,2026-08-08_165304_567552_1_R9_TEST2,9,2.125,2.087804326439815,2.370037073801445,0.28223274736162995,0.07965532368329364,True,empirical-manual-held-out-test-group
total_light_linear,TEST2,live_implementation_range_1.7_to_3.0_N,1.7,3.0,0.01,2026-08-08_165304_567552_1_R9_TEST2,9,2.375,2.3505928241510867,2.375825744407463,0.025232920256376357,0.0006367002646646483,True,empirical-manual-held-out-test-group
total_light_linear,TEST2,live_implementation_range_1.7_to_3.0_N,1.7,3.0,0.01,2026-08-08_165304_567552_1_R9_TEST2,9,2.625,2.6303213425381338,2.375491782641731,0.25482955989640255,0.06493810459699421,True,empirical-manual-held-out-test-group
total_light_linear,TEST2,live_implementation_range_1.7_to_3.0_N,1.7,3.0,0.01,2026-08-08_165304_567552_1_R9_TEST2,9,2.875,2.890726245893049,2.372820088515877,0.5179061573771722,0.26822678784918824,False,empirical-manual-held-out-test-group
total_light_quadratic,TEST2,live_implementation_range_1.7_to_3.0_N,1.7,3.0,100.0,2026-08-08_152554_893849_1_R1_TEST2,1,2.125,2.11243114338387,2.3573242736646307,0.24489313028076065,0.05997264525870961,True,empirical-manual-held-out-test-group
total_light_quadratic,TEST2,live_implementation_range_1.7_to_3.0_N,1.7,3.0,100.0,2026-08-08_152554_893849_1_R1_TEST2,1,2.375,2.3447223243142834,2.355885507432639,0.011163183118355402,0.00012461665733393503,True,empirical-manual-held-out-test-group
total_light_quadratic,TEST2,live_implementation_range_1.7_to_3.0_N,1.7,3.0,100.0,2026-08-08_152554_893849_1_R1_TEST2,1,2.625,2.60525184744764,2.358687435073082,0.24656441237455784,0.06079400944961101,True,empirical-manual-held-out-test-group
total_light_quadratic,TEST2,live_implementation_range_1.7_to_3.0_N,1.7,3.0,100.0,2026-08-08_152554_893849_1_R1_TEST2,1,2.875,2.8758222249777754,2.3581666338609515,0.5176555911168239,0.2679673110145084,False,empirical-manual-held-out-test-group
total_light_quadratic,TEST2,live_implementation_range_1.7_to_3.0_N,1.7,3.0,100.0,2026-08-08_154515_918611_1_R2_TEST2,2,1.875,1.92590905196734,2.354042296393253,0.4281332444259127,0.18329807498265832,True,empirical-manual-held-out-test-group
total_light_quadratic,TEST2,live_implementation_range_1.7_to_3.0_N,1.7,3.0,100.0,2026-08-08_154515_918611_1_R2_TEST2,2,2.125,2.0096842605295357,2.362308138282492,0.35262387775295645,0.12434359916153197,True,empirical-manual-held-out-test-group
total_light_quadratic,TEST2,live_implementation_range_1.7_to_3.0_N,1.7,3.0,100.0,2026-08-08_154515_918611_1_R2_TEST2,2,2.375,2.4947124100452136,2.3585815833997676,0.13613082664544596,0.01853160196317246,True,empirical-manual-held-out-test-group
total_light_quadratic,TEST2,live_implementation_range_1.7_to_3.0_N,1.7,3.0,100.0,2026-08-08_154515_918611_1_R2_TEST2,2,2.875,2.8347043413253212,2.3632257069632665,0.4714786343620547,0.2222921026599081,True,empirical-manual-held-out-test-group
total_light_quadratic,TEST2,live_implementation_range_1.7_to_3.0_N,1.7,3.0,100.0,2026-08-08_155939_090816_1_R3_TEST2,3,1.625,1.739519625385341,2.363015577245296,0.6234959518599548,0.388747201985751,False,empirical-manual-held-out-test-group
total_light_quadratic,TEST2,live_implementation_range_1.7_to_3.0_N,1.7,3.0,100.0,2026-08-08_155939_090816_1_R3_TEST2,3,1.875,1.993091560050425,2.3723268420246155,0.37923528197419043,0.14381939909404373,True,empirical-manual-held-out-test-group
total_light_quadratic,TEST2,live_implementation_range_1.7_to_3.0_N,1.7,3.0,100.0,2026-08-08_155939_090816_1_R3_TEST2,3,2.125,2.05754021774262,2.3751424529822787,0.3176022352396588,0.10087117982922757,True,empirical-manual-held-out-test-group
total_light_quadratic,TEST2,live_implementation_range_1.7_to_3.0_N,1.7,3.0,100.0,2026-08-08_155939_090816_1_R3_TEST2,3,2.375,2.444786374768308,2.3723019534771095,0.07248442129119859,0.005253991329919963,True,empirical-manual-held-out-test-group
total_light_quadratic,TEST2,live_implementation_range_1.7_to_3.0_N,1.7,3.0,100.0,2026-08-08_155939_090816_1_R3_TEST2,3,2.625,2.6971626727712805,2.388788282812276,0.30837438995900435,0.09509476438258808,True,empirical-manual-held-out-test-group
total_light_quadratic,TEST2,live_implementation_range_1.7_to_3.0_N,1.7,3.0,100.0,2026-08-08_155939_090816_1_R3_TEST2,3,2.875,2.8455322023498346,2.3790980426796793,0.46643415967015533,0.21756082530720397,True,empirical-manual-held-out-test-group
total_light_quadratic,TEST2,live_implementation_range_1.7_to_3.0_N,1.7,3.0,100.0,2026-08-08_160643_341315_1_R4_TEST2,4,1.875,1.8473148079065893,2.371623645302789,0.5243088373961997,0.2748997569717546,False,empirical-manual-held-out-test-group
total_light_quadratic,TEST2,live_implementation_range_1.7_to_3.0_N,1.7,3.0,100.0,2026-08-08_160643_341315_1_R4_TEST2,4,2.125,2.0835540555788925,2.3759812293502973,0.2924271737714048,0.08551365195993138,True,empirical-manual-held-out-test-group
total_light_quadratic,TEST2,live_implementation_range_1.7_to_3.0_N,1.7,3.0,100.0,2026-08-08_160643_341315_1_R4_TEST2,4,2.375,2.396649460035851,2.37138466970423,0.025264790331621434,0.0006383096305007919,True,empirical-manual-held-out-test-group
total_light_quadratic,TEST2,live_implementation_range_1.7_to_3.0_N,1.7,3.0,100.0,2026-08-08_160643_341315_1_R4_TEST2,4,2.625,2.608431414488313,2.3749346788633328,0.2334967356249802,0.054520725547521895,True,empirical-manual-held-out-test-group
total_light_quadratic,TEST2,live_implementation_range_1.7_to_3.0_N,1.7,3.0,100.0,2026-08-08_160643_341315_1_R4_TEST2,4,2.875,2.8368021860351385,2.3725344453179558,0.4642677407171827,0.21554453507063717,True,empirical-manual-held-out-test-group
total_light_quadratic,TEST2,live_implementation_range_1.7_to_3.0_N,1.7,3.0,100.0,2026-08-08_161335_934176_1_R5_TEST2,5,1.875,1.826477365644954,2.3574286968894285,0.5309513312444745,0.28190931615027964,False,empirical-manual-held-out-test-group
total_light_quadratic,TEST2,live_implementation_range_1.7_to_3.0_N,1.7,3.0,100.0,2026-08-08_161335_934176_1_R5_TEST2,5,2.125,2.134842812456961,2.3576017976551142,0.22275898519815307,0.04962156548651098,True,empirical-manual-held-out-test-group
total_light_quadratic,TEST2,live_implementation_range_1.7_to_3.0_N,1.7,3.0,100.0,2026-08-08_161335_934176_1_R5_TEST2,5,2.375,2.3725137597125787,2.356922104810505,0.015591654902073593,0.0002430997025853555,True,empirical-manual-held-out-test-group
total_light_quadratic,TEST2,live_implementation_range_1.7_to_3.0_N,1.7,3.0,100.0,2026-08-08_161335_934176_1_R5_TEST2,5,2.625,2.568274534399268,2.358253838351989,0.21002069604727902,0.04410869276818356,True,empirical-manual-held-out-test-group
total_light_quadratic,TEST2,live_implementation_range_1.7_to_3.0_N,1.7,3.0,100.0,2026-08-08_161335_934176_1_R5_TEST2,5,2.875,2.923041773395682,2.3596454722519695,0.5633963011437126,0.31741539214241693,False,empirical-manual-held-out-test-group
total_light_quadratic,TEST2,live_implementation_range_1.7_to_3.0_N,1.7,3.0,100.0,2026-08-08_162501_247149_1_R6_TEST2,6,1.875,1.8235169205796833,2.3591157042237985,0.5355987836441152,0.2868660570410557,False,empirical-manual-held-out-test-group
total_light_quadratic,TEST2,live_implementation_range_1.7_to_3.0_N,1.7,3.0,100.0,2026-08-08_162501_247149_1_R6_TEST2,6,2.125,2.1249282562061547,2.359752517729519,0.23482426152336444,0.05514243379999346,True,empirical-manual-held-out-test-group
total_light_quadratic,TEST2,live_implementation_range_1.7_to_3.0_N,1.7,3.0,100.0,2026-08-08_162501_247149_1_R6_TEST2,6,2.375,2.40673578172996,2.3579055109689855,0.04883027076097468,0.0023843953425900987,True,empirical-manual-held-out-test-group
total_light_quadratic,TEST2,live_implementation_range_1.7_to_3.0_N,1.7,3.0,100.0,2026-08-08_162501_247149_1_R6_TEST2,6,2.625,2.634948892700236,2.358523233578763,0.2764256591214731,0.07641114502074084,True,empirical-manual-held-out-test-group
total_light_quadratic,TEST2,live_implementation_range_1.7_to_3.0_N,1.7,3.0,100.0,2026-08-08_162501_247149_1_R6_TEST2,6,2.875,2.8799798703530834,2.362703090274816,0.5172767800782676,0.26757526720814045,False,empirical-manual-held-out-test-group
total_light_quadratic,TEST2,live_implementation_range_1.7_to_3.0_N,1.7,3.0,100.0,2026-08-08_163730_874069_1_R7_TEST2,7,1.875,1.859255431464664,2.355447448223185,0.496192016758521,0.24620651749488837,True,empirical-manual-held-out-test-group
total_light_quadratic,TEST2,live_implementation_range_1.7_to_3.0_N,1.7,3.0,100.0,2026-08-08_163730_874069_1_R7_TEST2,7,2.125,2.0725921106789174,2.354560435819806,0.28196832514088843,0.07950613638275777,True,empirical-manual-held-out-test-group
total_light_quadratic,TEST2,live_implementation_range_1.7_to_3.0_N,1.7,3.0,100.0,2026-08-08_163730_874069_1_R7_TEST2,7,2.375,2.2947070973267563,2.3543896931959525,0.05968259586919622,0.003562012249685798,True,empirical-manual-held-out-test-group
total_light_quadratic,TEST2,live_implementation_range_1.7_to_3.0_N,1.7,3.0,100.0,2026-08-08_163730_874069_1_R7_TEST2,7,2.625,2.6297170607026112,2.354302710916625,0.27541434978598645,0.0758530640680377,True,empirical-manual-held-out-test-group
total_light_quadratic,TEST2,live_implementation_range_1.7_to_3.0_N,1.7,3.0,100.0,2026-08-08_163730_874069_1_R7_TEST2,7,2.875,2.9159700109256246,2.3548994416761055,0.561070569249519,0.31480018367797935,False,empirical-manual-held-out-test-group
total_light_quadratic,TEST2,live_implementation_range_1.7_to_3.0_N,1.7,3.0,100.0,2026-08-08_164447_078602_1_R8_TEST2,8,1.875,1.8393927743339349,2.3550466420706715,0.5156538677367366,0.26589891131185583,False,empirical-manual-held-out-test-group
total_light_quadratic,TEST2,live_implementation_range_1.7_to_3.0_N,1.7,3.0,100.0,2026-08-08_164447_078602_1_R8_TEST2,8,2.125,2.172806354950803,2.358290197688184,0.18548384273738083,0.03440425591662542,True,empirical-manual-held-out-test-group
total_light_quadratic,TEST2,live_implementation_range_1.7_to_3.0_N,1.7,3.0,100.0,2026-08-08_164447_078602_1_R8_TEST2,8,2.375,2.364651623466969,2.356639503082636,0.008012120384333077,6.419407305304562e-05,True,empirical-manual-held-out-test-group
total_light_quadratic,TEST2,live_implementation_range_1.7_to_3.0_N,1.7,3.0,100.0,2026-08-08_164447_078602_1_R8_TEST2,8,2.625,2.6290092343164497,2.3563399869630137,0.272669247353436,0.07434851845228926,True,empirical-manual-held-out-test-group
total_light_quadratic,TEST2,live_implementation_range_1.7_to_3.0_N,1.7,3.0,100.0,2026-08-08_164447_078602_1_R8_TEST2,8,2.875,2.8844771857081897,2.354208869704246,0.5302683160039439,0.28118448695765846,False,empirical-manual-held-out-test-group
total_light_quadratic,TEST2,live_implementation_range_1.7_to_3.0_N,1.7,3.0,100.0,2026-08-08_165304_567552_1_R9_TEST2,9,1.875,1.875884360185756,2.376177879122801,0.500293518937045,0.2502936050904114,False,empirical-manual-held-out-test-group
total_light_quadratic,TEST2,live_implementation_range_1.7_to_3.0_N,1.7,3.0,100.0,2026-08-08_165304_567552_1_R9_TEST2,9,2.125,2.087804326439815,2.37054792832718,0.28274360188736525,0.07994394440824089,True,empirical-manual-held-out-test-group
total_light_quadratic,TEST2,live_implementation_range_1.7_to_3.0_N,1.7,3.0,100.0,2026-08-08_165304_567552_1_R9_TEST2,9,2.375,2.3505928241510867,2.3744357235015037,0.023842899350416946,0.0005684838494341128,True,empirical-manual-held-out-test-group
total_light_quadratic,TEST2,live_implementation_range_1.7_to_3.0_N,1.7,3.0,100.0,2026-08-08_165304_567552_1_R9_TEST2,9,2.625,2.6303213425381338,2.374208047215353,0.25611329532278093,0.065594020041094,True,empirical-manual-held-out-test-group
total_light_quadratic,TEST2,live_implementation_range_1.7_to_3.0_N,1.7,3.0,100.0,2026-08-08_165304_567552_1_R9_TEST2,9,2.875,2.890726245893049,2.372401538328456,0.5183247075645929,0.26866050247192075,False,empirical-manual-held-out-test-group
session_zeroed_total_linear,TEST2,live_implementation_range_1.7_to_3.0_N,1.7,3.0,0.01,2026-08-08_152554_893849_1_R1_TEST2,1,2.125,2.11243114338387,2.359663294618535,0.24723215123466513,0.061123736604120335,True,empirical-manual-held-out-test-group
session_zeroed_total_linear,TEST2,live_implementation_range_1.7_to_3.0_N,1.7,3.0,0.01,2026-08-08_152554_893849_1_R1_TEST2,1,2.375,2.3447223243142834,2.3537368737942477,0.009014549479964273,8.126210232672416e-05,True,empirical-manual-held-out-test-group
session_zeroed_total_linear,TEST2,live_implementation_range_1.7_to_3.0_N,1.7,3.0,0.01,2026-08-08_152554_893849_1_R1_TEST2,1,2.625,2.60525184744764,2.3651926599533546,0.24005918749428545,0.057628413500416496,True,empirical-manual-held-out-test-group
session_zeroed_total_linear,TEST2,live_implementation_range_1.7_to_3.0_N,1.7,3.0,0.01,2026-08-08_152554_893849_1_R1_TEST2,1,2.875,2.8758222249777754,2.3630897364350587,0.5127324885427167,0.2628946048072071,False,empirical-manual-held-out-test-group
session_zeroed_total_linear,TEST2,live_implementation_range_1.7_to_3.0_N,1.7,3.0,0.01,2026-08-08_154515_918611_1_R2_TEST2,2,1.875,1.92590905196734,2.346001644629048,0.42009259266170806,0.17647778640923578,True,empirical-manual-held-out-test-group
session_zeroed_total_linear,TEST2,live_implementation_range_1.7_to_3.0_N,1.7,3.0,0.01,2026-08-08_154515_918611_1_R2_TEST2,2,2.125,2.0096842605295357,2.3795013633330866,0.36981710280355085,0.1367646895260121,True,empirical-manual-held-out-test-group
session_zeroed_total_linear,TEST2,live_implementation_range_1.7_to_3.0_N,1.7,3.0,0.01,2026-08-08_154515_918611_1_R2_TEST2,2,2.375,2.4947124100452136,2.364766192946148,0.12994621709906573,0.01688601933835752,True,empirical-manual-held-out-test-group
session_zeroed_total_linear,TEST2,live_implementation_range_1.7_to_3.0_N,1.7,3.0,0.01,2026-08-08_154515_918611_1_R2_TEST2,2,2.875,2.8347043413253212,2.3830454512205637,0.45165889010475757,0.20399575301066147,True,empirical-manual-held-out-test-group
session_zeroed_total_linear,TEST2,live_implementation_range_1.7_to_3.0_N,1.7,3.0,0.01,2026-08-08_155939_090816_1_R3_TEST2,3,1.625,1.739519625385341,2.378295491105812,0.638775865720471,0.40803460662693714,False,empirical-manual-held-out-test-group
session_zeroed_total_linear,TEST2,live_implementation_range_1.7_to_3.0_N,1.7,3.0,0.01,2026-08-08_155939_090816_1_R3_TEST2,3,1.875,1.993091560050425,2.4126775553420026,0.4195859952915775,0.17605240744482367,True,empirical-manual-held-out-test-group
session_zeroed_total_linear,TEST2,live_implementation_range_1.7_to_3.0_N,1.7,3.0,0.01,2026-08-08_155939_090816_1_R3_TEST2,3,2.125,2.05754021774262,2.4225451195432357,0.36500490180061584,0.1332285783384772,True,empirical-manual-held-out-test-group
session_zeroed_total_linear,TEST2,live_implementation_range_1.7_to_3.0_N,1.7,3.0,0.01,2026-08-08_155939_090816_1_R3_TEST2,3,2.375,2.444786374768308,2.412589320788787,0.032197053979520884,0.0010366502849601816,True,empirical-manual-held-out-test-group
session_zeroed_total_linear,TEST2,live_implementation_range_1.7_to_3.0_N,1.7,3.0,0.01,2026-08-08_155939_090816_1_R3_TEST2,3,2.625,2.6971626727712805,2.4675300359241197,0.22963263684716084,0.052731147905380055,True,empirical-manual-held-out-test-group
session_zeroed_total_linear,TEST2,live_implementation_range_1.7_to_3.0_N,1.7,3.0,0.01,2026-08-08_155939_090816_1_R3_TEST2,3,2.875,2.8455322023498346,2.4360450061851617,0.4094871961646729,0.16767976382280528,True,empirical-manual-held-out-test-group
session_zeroed_total_linear,TEST2,live_implementation_range_1.7_to_3.0_N,1.7,3.0,0.01,2026-08-08_160643_341315_1_R4_TEST2,4,1.875,1.8473148079065893,2.3383252384993254,0.4910104305927361,0.2410912429508641,True,empirical-manual-held-out-test-group
session_zeroed_total_linear,TEST2,live_implementation_range_1.7_to_3.0_N,1.7,3.0,0.01,2026-08-08_160643_341315_1_R4_TEST2,4,2.125,2.0835540555788925,2.3535898162055555,0.270035760626663,0.07291931201722045,True,empirical-manual-held-out-test-group
session_zeroed_total_linear,TEST2,live_implementation_range_1.7_to_3.0_N,1.7,3.0,0.01,2026-08-08_160643_341315_1_R4_TEST2,4,2.375,2.396649460035851,2.337472304484912,0.059177155550939275,0.003501935739100063,True,empirical-manual-held-out-test-group
session_zeroed_total_linear,TEST2,live_implementation_range_1.7_to_3.0_N,1.7,3.0,0.01,2026-08-08_160643_341315_1_R4_TEST2,4,2.625,2.608431414488313,2.3499721995237324,0.2584592149645806,0.06680116580010727,True,empirical-manual-held-out-test-group
session_zeroed_total_linear,TEST2,live_implementation_range_1.7_to_3.0_N,1.7,3.0,0.01,2026-08-08_160643_341315_1_R4_TEST2,4,2.875,2.8368021860351385,2.3415605054505497,0.49524168058458873,0.2452643221882478,True,empirical-manual-held-out-test-group
session_zeroed_total_linear,TEST2,live_implementation_range_1.7_to_3.0_N,1.7,3.0,0.01,2026-08-08_161335_934176_1_R5_TEST2,5,1.875,1.826477365644954,2.3563692046318345,0.5298918389868805,0.2807853610248981,False,empirical-manual-held-out-test-group
session_zeroed_total_linear,TEST2,live_implementation_range_1.7_to_3.0_N,1.7,3.0,0.01,2026-08-08_161335_934176_1_R5_TEST2,5,2.125,2.134842812456961,2.357075081057556,0.22223226860059464,0.04938718120736684,True,empirical-manual-held-out-test-group
session_zeroed_total_linear,TEST2,live_implementation_range_1.7_to_3.0_N,1.7,3.0,0.01,2026-08-08_161335_934176_1_R5_TEST2,5,2.375,2.3725137597125787,2.3542956926312772,0.01821806708130147,0.00033189796817880026,True,empirical-manual-held-out-test-group
session_zeroed_total_linear,TEST2,live_implementation_range_1.7_to_3.0_N,1.7,3.0,0.01,2026-08-08_161335_934176_1_R5_TEST2,5,2.625,2.568274534399268,2.359722117654012,0.20855241674525615,0.043494110530287,True,empirical-manual-held-out-test-group
session_zeroed_total_linear,TEST2,live_implementation_range_1.7_to_3.0_N,1.7,3.0,0.01,2026-08-08_161335_934176_1_R5_TEST2,5,2.875,2.923041773395682,2.365310306024308,0.557731467371374,0.3110643896962261,False,empirical-manual-held-out-test-group
session_zeroed_total_linear,TEST2,live_implementation_range_1.7_to_3.0_N,1.7,3.0,0.01,2026-08-08_162501_247149_1_R6_TEST2,6,1.875,1.8235169205796833,2.366913233741051,0.5433963131613675,0.295279553157367,False,empirical-manual-held-out-test-group
session_zeroed_total_linear,TEST2,live_implementation_range_1.7_to_3.0_N,1.7,3.0,0.01,2026-08-08_162501_247149_1_R6_TEST2,6,2.125,2.1249282562061547,2.3694573300254227,0.24452907381926803,0.05979446794290903,True,empirical-manual-held-out-test-group
session_zeroed_total_linear,TEST2,live_implementation_range_1.7_to_3.0_N,1.7,3.0,0.01,2026-08-08_162501_247149_1_R6_TEST2,6,2.375,2.40673578172996,2.3620309217964763,0.04470485993348383,0.001998524501672408,True,empirical-manual-held-out-test-group
session_zeroed_total_linear,TEST2,live_implementation_range_1.7_to_3.0_N,1.7,3.0,0.01,2026-08-08_162501_247149_1_R6_TEST2,6,2.625,2.634948892700236,2.3645309008042403,0.2704179918959957,0.07312589034106279,True,empirical-manual-held-out-test-group
session_zeroed_total_linear,TEST2,live_implementation_range_1.7_to_3.0_N,1.7,3.0,0.01,2026-08-08_162501_247149_1_R6_TEST2,6,2.875,2.8799798703530834,2.381030762255483,0.4989491080976003,0.24895021247139082,True,empirical-manual-held-out-test-group
session_zeroed_total_linear,TEST2,live_implementation_range_1.7_to_3.0_N,1.7,3.0,0.01,2026-08-08_163730_874069_1_R7_TEST2,7,1.875,1.859255431464664,2.346501640430601,0.48724620896593684,0.2374088681516774,True,empirical-manual-held-out-test-group
session_zeroed_total_linear,TEST2,live_implementation_range_1.7_to_3.0_N,1.7,3.0,0.01,2026-08-08_163730_874069_1_R7_TEST2,7,2.125,2.0725921106789174,2.342781083436693,0.27018897275777576,0.07300208099990209,True,empirical-manual-held-out-test-group
session_zeroed_total_linear,TEST2,live_implementation_range_1.7_to_3.0_N,1.7,3.0,0.01,2026-08-08_163730_874069_1_R7_TEST2,7,2.375,2.2947070973267563,2.3420605012521025,0.04735340392534626,0.0022423448633169985,True,empirical-manual-held-out-test-group
session_zeroed_total_linear,TEST2,live_implementation_range_1.7_to_3.0_N,1.7,3.0,0.01,2026-08-08_163730_874069_1_R7_TEST2,7,2.625,2.6297170607026112,2.3416928572803726,0.28802420342223867,0.08295794175701512,True,empirical-manual-held-out-test-group
session_zeroed_total_linear,TEST2,live_implementation_range_1.7_to_3.0_N,1.7,3.0,0.01,2026-08-08_163730_874069_1_R7_TEST2,7,2.875,2.9159700109256246,2.344207542047006,0.5717624688786187,0.3269123208181734,False,empirical-manual-held-out-test-group
session_zeroed_total_linear,TEST2,live_implementation_range_1.7_to_3.0_N,1.7,3.0,0.01,2026-08-08_164447_078602_1_R8_TEST2,8,1.875,1.8393927743339349,2.3502369031833776,0.5108441288494427,0.26096172397994605,False,empirical-manual-held-out-test-group
session_zeroed_total_linear,TEST2,live_implementation_range_1.7_to_3.0_N,1.7,3.0,0.01,2026-08-08_164447_078602_1_R8_TEST2,8,2.125,2.172806354950803,2.3635897322366115,0.19078337728580852,0.03639829704857916,True,empirical-manual-held-out-test-group
session_zeroed_total_linear,TEST2,live_implementation_range_1.7_to_3.0_N,1.7,3.0,0.01,2026-08-08_164447_078602_1_R8_TEST2,8,2.375,2.364651623466969,2.356854494674518,0.00779712879245098,6.079521740606808e-05,True,empirical-manual-held-out-test-group
session_zeroed_total_linear,TEST2,live_implementation_range_1.7_to_3.0_N,1.7,3.0,0.01,2026-08-08_164447_078602_1_R8_TEST2,8,2.625,2.6290092343164497,2.3556192109295053,0.2733900233869444,0.07474210488751401,True,empirical-manual-held-out-test-group
session_zeroed_total_linear,TEST2,live_implementation_range_1.7_to_3.0_N,1.7,3.0,0.01,2026-08-08_164447_078602_1_R8_TEST2,8,2.875,2.8844771857081897,2.34670752105477,0.5377696646534198,0.2891962122214516,False,empirical-manual-held-out-test-group
session_zeroed_total_linear,TEST2,live_implementation_range_1.7_to_3.0_N,1.7,3.0,0.01,2026-08-08_165304_567552_1_R9_TEST2,9,1.875,1.875884360185756,2.396854158798743,0.5209697986129869,0.2714095310668561,False,empirical-manual-held-out-test-group
session_zeroed_total_linear,TEST2,live_implementation_range_1.7_to_3.0_N,1.7,3.0,0.01,2026-08-08_165304_567552_1_R9_TEST2,9,2.125,2.087804326439815,2.3770602073607994,0.2892558809209844,0.08366896464737472,True,empirical-manual-held-out-test-group
session_zeroed_total_linear,TEST2,live_implementation_range_1.7_to_3.0_N,1.7,3.0,0.01,2026-08-08_165304_567552_1_R9_TEST2,9,2.375,2.3505928241510867,2.3908247976623707,0.040231973511283936,0.0016186116926126522,True,empirical-manual-held-out-test-group
session_zeroed_total_linear,TEST2,live_implementation_range_1.7_to_3.0_N,1.7,3.0,0.01,2026-08-08_165304_567552_1_R9_TEST2,9,2.625,2.6303213425381338,2.390030686683434,0.24029065585469978,0.057739599291081765,True,empirical-manual-held-out-test-group
session_zeroed_total_linear,TEST2,live_implementation_range_1.7_to_3.0_N,1.7,3.0,0.01,2026-08-08_165304_567552_1_R9_TEST2,9,2.875,2.890726245893049,2.3836777988519393,0.5070484470411096,0.25709812764680096,False,empirical-manual-held-out-test-group
nine_channel_ridge,TEST2,live_implementation_range_1.7_to_3.0_N,1.7,3.0,100.0,2026-08-08_152554_893849_1_R1_TEST2,1,2.125,2.11243114338387,2.3510729840374878,0.2386418406536177,0.056949928110546666,True,empirical-manual-held-out-test-group
nine_channel_ridge,TEST2,live_implementation_range_1.7_to_3.0_N,1.7,3.0,100.0,2026-08-08_152554_893849_1_R1_TEST2,1,2.375,2.3447223243142834,2.3509472980326693,0.006224973718385929,3.8750297794595535e-05,True,empirical-manual-held-out-test-group
nine_channel_ridge,TEST2,live_implementation_range_1.7_to_3.0_N,1.7,3.0,100.0,2026-08-08_152554_893849_1_R1_TEST2,1,2.625,2.60525184744764,2.352555296063139,0.252696551384501,0.06385554708161974,True,empirical-manual-held-out-test-group
nine_channel_ridge,TEST2,live_implementation_range_1.7_to_3.0_N,1.7,3.0,100.0,2026-08-08_152554_893849_1_R1_TEST2,1,2.875,2.8758222249777754,2.3511256546114496,0.5246965703663258,0.27530649095418464,False,empirical-manual-held-out-test-group
nine_channel_ridge,TEST2,live_implementation_range_1.7_to_3.0_N,1.7,3.0,100.0,2026-08-08_154515_918611_1_R2_TEST2,2,1.875,1.92590905196734,2.3508629799035377,0.4249539279361976,0.180585840868403,True,empirical-manual-held-out-test-group
nine_channel_ridge,TEST2,live_implementation_range_1.7_to_3.0_N,1.7,3.0,100.0,2026-08-08_154515_918611_1_R2_TEST2,2,2.125,2.0096842605295357,2.3751067863395234,0.3654225258099877,0.13353362236935112,True,empirical-manual-held-out-test-group
nine_channel_ridge,TEST2,live_implementation_range_1.7_to_3.0_N,1.7,3.0,100.0,2026-08-08_154515_918611_1_R2_TEST2,2,2.375,2.4947124100452136,2.3644429171345815,0.13026949291063206,0.016970140783193217,True,empirical-manual-held-out-test-group
nine_channel_ridge,TEST2,live_implementation_range_1.7_to_3.0_N,1.7,3.0,100.0,2026-08-08_154515_918611_1_R2_TEST2,2,2.875,2.8347043413253212,2.377671649092409,0.4570326922329122,0.20887888176966385,True,empirical-manual-held-out-test-group
nine_channel_ridge,TEST2,live_implementation_range_1.7_to_3.0_N,1.7,3.0,100.0,2026-08-08_155939_090816_1_R3_TEST2,3,1.625,1.739519625385341,2.376273622857179,0.6367539974718379,0.40545565329636535,False,empirical-manual-held-out-test-group
nine_channel_ridge,TEST2,live_implementation_range_1.7_to_3.0_N,1.7,3.0,100.0,2026-08-08_155939_090816_1_R3_TEST2,3,1.875,1.993091560050425,2.39600722710602,0.4029156670555951,0.16234103475885517,True,empirical-manual-held-out-test-group
nine_channel_ridge,TEST2,live_implementation_range_1.7_to_3.0_N,1.7,3.0,100.0,2026-08-08_155939_090816_1_R3_TEST2,3,2.125,2.05754021774262,2.407429063830468,0.3498888460878482,0.12242220461668593,True,empirical-manual-held-out-test-group
nine_channel_ridge,TEST2,live_implementation_range_1.7_to_3.0_N,1.7,3.0,100.0,2026-08-08_155939_090816_1_R3_TEST2,3,2.375,2.444786374768308,2.394960345678607,0.04982602908970124,0.002482633174847754,True,empirical-manual-held-out-test-group
nine_channel_ridge,TEST2,live_implementation_range_1.7_to_3.0_N,1.7,3.0,100.0,2026-08-08_155939_090816_1_R3_TEST2,3,2.625,2.6971626727712805,2.422762196466636,0.2744004763046446,0.07529562139621582,True,empirical-manual-held-out-test-group
nine_channel_ridge,TEST2,live_implementation_range_1.7_to_3.0_N,1.7,3.0,100.0,2026-08-08_155939_090816_1_R3_TEST2,3,2.875,2.8455322023498346,2.4156374313612576,0.429894770988577,0.18480951412332106,True,empirical-manual-held-out-test-group
nine_channel_ridge,TEST2,live_implementation_range_1.7_to_3.0_N,1.7,3.0,100.0,2026-08-08_160643_341315_1_R4_TEST2,4,1.875,1.8473148079065893,2.3772212908024914,0.5299064828959021,0.28080088061510505,False,empirical-manual-held-out-test-group
nine_channel_ridge,TEST2,live_implementation_range_1.7_to_3.0_N,1.7,3.0,100.0,2026-08-08_160643_341315_1_R4_TEST2,4,2.125,2.0835540555788925,2.377078029722948,0.2935239741440556,0.08615632339732024,True,empirical-manual-held-out-test-group
nine_channel_ridge,TEST2,live_implementation_range_1.7_to_3.0_N,1.7,3.0,100.0,2026-08-08_160643_341315_1_R4_TEST2,4,2.375,2.396649460035851,2.380427767717348,0.016221692318503234,0.0002631433016761868,True,empirical-manual-held-out-test-group
nine_channel_ridge,TEST2,live_implementation_range_1.7_to_3.0_N,1.7,3.0,100.0,2026-08-08_160643_341315_1_R4_TEST2,4,2.625,2.608431414488313,2.390856781296107,0.21757463319220616,0.04733872100872306,True,empirical-manual-held-out-test-group
nine_channel_ridge,TEST2,live_implementation_range_1.7_to_3.0_N,1.7,3.0,100.0,2026-08-08_160643_341315_1_R4_TEST2,4,2.875,2.8368021860351385,2.3850146768262674,0.451787509208871,0.20411195347715572,True,empirical-manual-held-out-test-group
nine_channel_ridge,TEST2,live_implementation_range_1.7_to_3.0_N,1.7,3.0,100.0,2026-08-08_161335_934176_1_R5_TEST2,5,1.875,1.826477365644954,2.357439686855818,0.5309623212108638,0.2819209865456285,False,empirical-manual-held-out-test-group
nine_channel_ridge,TEST2,live_implementation_range_1.7_to_3.0_N,1.7,3.0,100.0,2026-08-08_161335_934176_1_R5_TEST2,5,2.125,2.134842812456961,2.352274239759607,0.21743142730264564,0.047276425578865675,True,empirical-manual-held-out-test-group
nine_channel_ridge,TEST2,live_implementation_range_1.7_to_3.0_N,1.7,3.0,100.0,2026-08-08_161335_934176_1_R5_TEST2,5,2.375,2.3725137597125787,2.3574666404006166,0.01504711931196212,0.0002264157995884234,True,empirical-manual-held-out-test-group
nine_channel_ridge,TEST2,live_implementation_range_1.7_to_3.0_N,1.7,3.0,100.0,2026-08-08_161335_934176_1_R5_TEST2,5,2.625,2.568274534399268,2.3508941753507764,0.21738035904849173,0.04725422050005118,True,empirical-manual-held-out-test-group
nine_channel_ridge,TEST2,live_implementation_range_1.7_to_3.0_N,1.7,3.0,100.0,2026-08-08_161335_934176_1_R5_TEST2,5,2.875,2.923041773395682,2.352089341365281,0.5709524320304014,0.3259866796414301,False,empirical-manual-held-out-test-group
nine_channel_ridge,TEST2,live_implementation_range_1.7_to_3.0_N,1.7,3.0,100.0,2026-08-08_162501_247149_1_R6_TEST2,6,1.875,1.8235169205796833,2.3712891329206784,0.5477722123409952,0.3000543966129483,False,empirical-manual-held-out-test-group
nine_channel_ridge,TEST2,live_implementation_range_1.7_to_3.0_N,1.7,3.0,100.0,2026-08-08_162501_247149_1_R6_TEST2,6,2.125,2.1249282562061547,2.3737741712272644,0.24884591502110975,0.061924289422693374,True,empirical-manual-held-out-test-group
nine_channel_ridge,TEST2,live_implementation_range_1.7_to_3.0_N,1.7,3.0,100.0,2026-08-08_162501_247149_1_R6_TEST2,6,2.375,2.40673578172996,2.3665201576733574,0.04021562405660273,0.001617296418262004,True,empirical-manual-held-out-test-group
nine_channel_ridge,TEST2,live_implementation_range_1.7_to_3.0_N,1.7,3.0,100.0,2026-08-08_162501_247149_1_R6_TEST2,6,2.625,2.634948892700236,2.368962102830118,0.26598678987011803,0.07074897238541032,True,empirical-manual-held-out-test-group
nine_channel_ridge,TEST2,live_implementation_range_1.7_to_3.0_N,1.7,3.0,100.0,2026-08-08_162501_247149_1_R6_TEST2,6,2.875,2.8799798703530834,2.38507894086474,0.4949009294883435,0.24492693000842636,True,empirical-manual-held-out-test-group
nine_channel_ridge,TEST2,live_implementation_range_1.7_to_3.0_N,1.7,3.0,100.0,2026-08-08_163730_874069_1_R7_TEST2,7,1.875,1.859255431464664,2.34917768680302,0.48992225533835576,0.24002381627582106,True,empirical-manual-held-out-test-group
nine_channel_ridge,TEST2,live_implementation_range_1.7_to_3.0_N,1.7,3.0,100.0,2026-08-08_163730_874069_1_R7_TEST2,7,2.125,2.0725921106789174,2.3492736845112776,0.27668157383236025,0.07655269329835182,True,empirical-manual-held-out-test-group
nine_channel_ridge,TEST2,live_implementation_range_1.7_to_3.0_N,1.7,3.0,100.0,2026-08-08_163730_874069_1_R7_TEST2,7,2.375,2.2947070973267563,2.3504896554825367,0.05578255815578048,0.0031116937944030316,True,empirical-manual-held-out-test-group
nine_channel_ridge,TEST2,live_implementation_range_1.7_to_3.0_N,1.7,3.0,100.0,2026-08-08_163730_874069_1_R7_TEST2,7,2.625,2.6297170607026112,2.350062999001393,0.2796540617012182,0.07820639422598875,True,empirical-manual-held-out-test-group
nine_channel_ridge,TEST2,live_implementation_range_1.7_to_3.0_N,1.7,3.0,100.0,2026-08-08_163730_874069_1_R7_TEST2,7,2.875,2.9159700109256246,2.348239042544504,0.5677309683811207,0.32231845245896507,False,empirical-manual-held-out-test-group
nine_channel_ridge,TEST2,live_implementation_range_1.7_to_3.0_N,1.7,3.0,100.0,2026-08-08_164447_078602_1_R8_TEST2,8,1.875,1.8393927743339349,2.352159880211177,0.5127671058772423,0.262930104869723,False,empirical-manual-held-out-test-group
nine_channel_ridge,TEST2,live_implementation_range_1.7_to_3.0_N,1.7,3.0,100.0,2026-08-08_164447_078602_1_R8_TEST2,8,2.125,2.172806354950803,2.356248718681096,0.18344236373029288,0.033651100810957076,True,empirical-manual-held-out-test-group
nine_channel_ridge,TEST2,live_implementation_range_1.7_to_3.0_N,1.7,3.0,100.0,2026-08-08_164447_078602_1_R8_TEST2,8,2.375,2.364651623466969,2.354186286941864,0.010465336525105062,0.0001095232685836981,True,empirical-manual-held-out-test-group
nine_channel_ridge,TEST2,live_implementation_range_1.7_to_3.0_N,1.7,3.0,100.0,2026-08-08_164447_078602_1_R8_TEST2,8,2.625,2.6290092343164497,2.3538080243521358,0.27520120996431396,0.07573570596582242,True,empirical-manual-held-out-test-group
nine_channel_ridge,TEST2,live_implementation_range_1.7_to_3.0_N,1.7,3.0,100.0,2026-08-08_164447_078602_1_R8_TEST2,8,2.875,2.8844771857081897,2.351079129954811,0.5333980557533788,0.2845134858814846,False,empirical-manual-held-out-test-group
nine_channel_ridge,TEST2,live_implementation_range_1.7_to_3.0_N,1.7,3.0,100.0,2026-08-08_165304_567552_1_R9_TEST2,9,1.875,1.875884360185756,2.374113660144228,0.4982292999584721,0.24823243533710915,True,empirical-manual-held-out-test-group
nine_channel_ridge,TEST2,live_implementation_range_1.7_to_3.0_N,1.7,3.0,100.0,2026-08-08_165304_567552_1_R9_TEST2,9,2.125,2.087804326439815,2.363993680372468,0.276189353932653,0.07628055922573626,True,empirical-manual-held-out-test-group
nine_channel_ridge,TEST2,live_implementation_range_1.7_to_3.0_N,1.7,3.0,100.0,2026-08-08_165304_567552_1_R9_TEST2,9,2.375,2.3505928241510867,2.371508234455654,0.020915410304567228,0.000437454388208397,True,empirical-manual-held-out-test-group
nine_channel_ridge,TEST2,live_implementation_range_1.7_to_3.0_N,1.7,3.0,100.0,2026-08-08_165304_567552_1_R9_TEST2,9,2.625,2.6303213425381338,2.365201498207623,0.2651198443305107,0.07028853185783424,True,empirical-manual-held-out-test-group
nine_channel_ridge,TEST2,live_implementation_range_1.7_to_3.0_N,1.7,3.0,100.0,2026-08-08_165304_567552_1_R9_TEST2,9,2.875,2.890726245893049,2.3674379852083223,0.5232882606847267,0.27383060377044643,False,empirical-manual-held-out-test-group
nine_channel_log_ridge,TEST2,live_implementation_range_1.7_to_3.0_N,1.7,3.0,100.0,2026-08-08_152554_893849_1_R1_TEST2,1,2.125,2.11243114338387,2.370519063138172,0.2580879197543018,0.06660937432310292,True,empirical-manual-held-out-test-group
nine_channel_log_ridge,TEST2,live_implementation_range_1.7_to_3.0_N,1.7,3.0,100.0,2026-08-08_152554_893849_1_R1_TEST2,1,2.375,2.3447223243142834,2.3685642859853586,0.023841961671075218,0.0005684391363250198,True,empirical-manual-held-out-test-group
nine_channel_log_ridge,TEST2,live_implementation_range_1.7_to_3.0_N,1.7,3.0,100.0,2026-08-08_152554_893849_1_R1_TEST2,1,2.625,2.60525184744764,2.378146325818134,0.22710552162950615,0.051576917954610085,True,empirical-manual-held-out-test-group
nine_channel_log_ridge,TEST2,live_implementation_range_1.7_to_3.0_N,1.7,3.0,100.0,2026-08-08_152554_893849_1_R1_TEST2,1,2.875,2.8758222249777754,2.3709992125232575,0.5048230124545179,0.25484627390365433,False,empirical-manual-held-out-test-group
nine_channel_log_ridge,TEST2,live_implementation_range_1.7_to_3.0_N,1.7,3.0,100.0,2026-08-08_154515_918611_1_R2_TEST2,2,1.875,1.92590905196734,2.3573133267851047,0.43140427481776467,0.18610964833104143,True,empirical-manual-held-out-test-group
nine_channel_log_ridge,TEST2,live_implementation_range_1.7_to_3.0_N,1.7,3.0,100.0,2026-08-08_154515_918611_1_R2_TEST2,2,2.125,2.0096842605295357,2.3703900119530603,0.36070575142352457,0.1301086391100095,True,empirical-manual-held-out-test-group
nine_channel_log_ridge,TEST2,live_implementation_range_1.7_to_3.0_N,1.7,3.0,100.0,2026-08-08_154515_918611_1_R2_TEST2,2,2.375,2.4947124100452136,2.3693145676626304,0.12539784238258322,0.015724618874207185,True,empirical-manual-held-out-test-group
nine_channel_log_ridge,TEST2,live_implementation_range_1.7_to_3.0_N,1.7,3.0,100.0,2026-08-08_154515_918611_1_R2_TEST2,2,2.875,2.8347043413253212,2.3705766845509317,0.4641276567743895,0.2154144817828855,True,empirical-manual-held-out-test-group
nine_channel_log_ridge,TEST2,live_implementation_range_1.7_to_3.0_N,1.7,3.0,100.0,2026-08-08_155939_090816_1_R3_TEST2,3,1.625,1.739519625385341,2.3656681054579467,0.6261484800726056,0.39206191909723415,False,empirical-manual-held-out-test-group
nine_channel_log_ridge,TEST2,live_implementation_range_1.7_to_3.0_N,1.7,3.0,100.0,2026-08-08_155939_090816_1_R3_TEST2,3,1.875,1.993091560050425,2.3779147130206244,0.3848231529701993,0.14808885906192543,True,empirical-manual-held-out-test-group
nine_channel_log_ridge,TEST2,live_implementation_range_1.7_to_3.0_N,1.7,3.0,100.0,2026-08-08_155939_090816_1_R3_TEST2,3,2.125,2.05754021774262,2.3762636908770216,0.31872347313440175,0.1015846523268557,True,empirical-manual-held-out-test-group
nine_channel_log_ridge,TEST2,live_implementation_range_1.7_to_3.0_N,1.7,3.0,100.0,2026-08-08_155939_090816_1_R3_TEST2,3,2.375,2.444786374768308,2.3663147846962906,0.07847159007201743,0.006157790448430744,True,empirical-manual-held-out-test-group
nine_channel_log_ridge,TEST2,live_implementation_range_1.7_to_3.0_N,1.7,3.0,100.0,2026-08-08_155939_090816_1_R3_TEST2,3,2.625,2.6971626727712805,2.3830112380393014,0.31415143473197915,0.09869112394416096,True,empirical-manual-held-out-test-group
nine_channel_log_ridge,TEST2,live_implementation_range_1.7_to_3.0_N,1.7,3.0,100.0,2026-08-08_155939_090816_1_R3_TEST2,3,2.875,2.8455322023498346,2.3667659813250372,0.4787662210247974,0.22921709439436513,True,empirical-manual-held-out-test-group
nine_channel_log_ridge,TEST2,live_implementation_range_1.7_to_3.0_N,1.7,3.0,100.0,2026-08-08_160643_341315_1_R4_TEST2,4,1.875,1.8473148079065893,2.403265827964782,0.5559510200581925,0.3090815367037448,False,empirical-manual-held-out-test-group
nine_channel_log_ridge,TEST2,live_implementation_range_1.7_to_3.0_N,1.7,3.0,100.0,2026-08-08_160643_341315_1_R4_TEST2,4,2.125,2.0835540555788925,2.4007904216709757,0.31723636609208317,0.10063891197131021,True,empirical-manual-held-out-test-group
nine_channel_log_ridge,TEST2,live_implementation_range_1.7_to_3.0_N,1.7,3.0,100.0,2026-08-08_160643_341315_1_R4_TEST2,4,2.375,2.396649460035851,2.3968871579888056,0.00023769795295436325,5.650031683869468e-08,True,empirical-manual-held-out-test-group
nine_channel_log_ridge,TEST2,live_implementation_range_1.7_to_3.0_N,1.7,3.0,100.0,2026-08-08_160643_341315_1_R4_TEST2,4,2.625,2.608431414488313,2.4190080722868506,0.1894233422014624,0.035881202570772326,True,empirical-manual-held-out-test-group
nine_channel_log_ridge,TEST2,live_implementation_range_1.7_to_3.0_N,1.7,3.0,100.0,2026-08-08_160643_341315_1_R4_TEST2,4,2.875,2.8368021860351385,2.4317540745915167,0.40504811144362174,0.16406397258404462,True,empirical-manual-held-out-test-group
nine_channel_log_ridge,TEST2,live_implementation_range_1.7_to_3.0_N,1.7,3.0,100.0,2026-08-08_161335_934176_1_R5_TEST2,5,1.875,1.826477365644954,2.3806411062230244,0.5541637405780704,0.30709745137147887,False,empirical-manual-held-out-test-group
nine_channel_log_ridge,TEST2,live_implementation_range_1.7_to_3.0_N,1.7,3.0,100.0,2026-08-08_161335_934176_1_R5_TEST2,5,2.125,2.134842812456961,2.3781022816238866,0.24325946916692542,0.05917516933937434,True,empirical-manual-held-out-test-group
nine_channel_log_ridge,TEST2,live_implementation_range_1.7_to_3.0_N,1.7,3.0,100.0,2026-08-08_161335_934176_1_R5_TEST2,5,2.375,2.3725137597125787,2.372616858676684,0.00010309896410509722,1.0629396399544125e-08,True,empirical-manual-held-out-test-group
nine_channel_log_ridge,TEST2,live_implementation_range_1.7_to_3.0_N,1.7,3.0,100.0,2026-08-08_161335_934176_1_R5_TEST2,5,2.625,2.568274534399268,2.3664462397419994,0.2018282946572687,0.04073466052426128,True,empirical-manual-held-out-test-group
nine_channel_log_ridge,TEST2,live_implementation_range_1.7_to_3.0_N,1.7,3.0,100.0,2026-08-08_161335_934176_1_R5_TEST2,5,2.875,2.923041773395682,2.3754853967274747,0.5475563766682074,0.2998179856300159,False,empirical-manual-held-out-test-group
nine_channel_log_ridge,TEST2,live_implementation_range_1.7_to_3.0_N,1.7,3.0,100.0,2026-08-08_162501_247149_1_R6_TEST2,6,1.875,1.8235169205796833,2.4007861085646023,0.577269187984919,0.3332397153967677,False,empirical-manual-held-out-test-group
nine_channel_log_ridge,TEST2,live_implementation_range_1.7_to_3.0_N,1.7,3.0,100.0,2026-08-08_162501_247149_1_R6_TEST2,6,2.125,2.1249282562061547,2.401545000473737,0.2766167442675824,0.0765168232091971,True,empirical-manual-held-out-test-group
nine_channel_log_ridge,TEST2,live_implementation_range_1.7_to_3.0_N,1.7,3.0,100.0,2026-08-08_162501_247149_1_R6_TEST2,6,2.375,2.40673578172996,2.399029089458355,0.007706692271605142,5.939310576921843e-05,True,empirical-manual-held-out-test-group
nine_channel_log_ridge,TEST2,live_implementation_range_1.7_to_3.0_N,1.7,3.0,100.0,2026-08-08_162501_247149_1_R6_TEST2,6,2.625,2.634948892700236,2.399986742753716,0.23496214994651998,0.05520721190749094,True,empirical-manual-held-out-test-group
nine_channel_log_ridge,TEST2,live_implementation_range_1.7_to_3.0_N,1.7,3.0,100.0,2026-08-08_162501_247149_1_R6_TEST2,6,2.875,2.8799798703530834,2.4041968410053496,0.47578302934773387,0.2263694910153066,True,empirical-manual-held-out-test-group
nine_channel_log_ridge,TEST2,live_implementation_range_1.7_to_3.0_N,1.7,3.0,100.0,2026-08-08_163730_874069_1_R7_TEST2,7,1.875,1.859255431464664,2.343989679829041,0.48473424836437706,0.23496729153737758,True,empirical-manual-held-out-test-group
nine_channel_log_ridge,TEST2,live_implementation_range_1.7_to_3.0_N,1.7,3.0,100.0,2026-08-08_163730_874069_1_R7_TEST2,7,2.125,2.0725921106789174,2.3441657077251823,0.27157359704626494,0.07375221861264708,True,empirical-manual-held-out-test-group
nine_channel_log_ridge,TEST2,live_implementation_range_1.7_to_3.0_N,1.7,3.0,100.0,2026-08-08_163730_874069_1_R7_TEST2,7,2.375,2.2947070973267563,2.3484417816362426,0.05373468430948636,0.0028874162978401595,True,empirical-manual-held-out-test-group
nine_channel_log_ridge,TEST2,live_implementation_range_1.7_to_3.0_N,1.7,3.0,100.0,2026-08-08_163730_874069_1_R7_TEST2,7,2.625,2.6297170607026112,2.3462134212803405,0.28350363942227075,0.08037431356567291,True,empirical-manual-held-out-test-group
nine_channel_log_ridge,TEST2,live_implementation_range_1.7_to_3.0_N,1.7,3.0,100.0,2026-08-08_163730_874069_1_R7_TEST2,7,2.875,2.9159700109256246,2.3426571562130785,0.5733128547125461,0.32868762937864904,False,empirical-manual-held-out-test-group
nine_channel_log_ridge,TEST2,live_implementation_range_1.7_to_3.0_N,1.7,3.0,100.0,2026-08-08_164447_078602_1_R8_TEST2,8,1.875,1.8393927743339349,2.3624898164675865,0.5230970421336516,0.27363051548897527,False,empirical-manual-held-out-test-group
nine_channel_log_ridge,TEST2,live_implementation_range_1.7_to_3.0_N,1.7,3.0,100.0,2026-08-08_164447_078602_1_R8_TEST2,8,2.125,2.172806354950803,2.363965281137663,0.1911589261868598,0.036541735060913315,True,empirical-manual-held-out-test-group
nine_channel_log_ridge,TEST2,live_implementation_range_1.7_to_3.0_N,1.7,3.0,100.0,2026-08-08_164447_078602_1_R8_TEST2,8,2.375,2.364651623466969,2.363464185738054,0.0011874377289151639,1.4100083600512022e-06,True,empirical-manual-held-out-test-group
nine_channel_log_ridge,TEST2,live_implementation_range_1.7_to_3.0_N,1.7,3.0,100.0,2026-08-08_164447_078602_1_R8_TEST2,8,2.625,2.6290092343164497,2.363338860142188,0.26567037417426187,0.0705807477138923,True,empirical-manual-held-out-test-group
nine_channel_log_ridge,TEST2,live_implementation_range_1.7_to_3.0_N,1.7,3.0,100.0,2026-08-08_164447_078602_1_R8_TEST2,8,2.875,2.8844771857081897,2.360661401719191,0.5238157839889985,0.27438297555600916,False,empirical-manual-held-out-test-group
nine_channel_log_ridge,TEST2,live_implementation_range_1.7_to_3.0_N,1.7,3.0,100.0,2026-08-08_165304_567552_1_R9_TEST2,9,1.875,1.875884360185756,2.3530639745168695,0.47717961433111356,0.2277003843331903,True,empirical-manual-held-out-test-group
nine_channel_log_ridge,TEST2,live_implementation_range_1.7_to_3.0_N,1.7,3.0,100.0,2026-08-08_165304_567552_1_R9_TEST2,9,2.125,2.087804326439815,2.3475896375311915,0.2597853110913766,0.06748840785884332,True,empirical-manual-held-out-test-group
nine_channel_log_ridge,TEST2,live_implementation_range_1.7_to_3.0_N,1.7,3.0,100.0,2026-08-08_165304_567552_1_R9_TEST2,9,2.375,2.3505928241510867,2.360626786259633,0.010033962108546124,0.00010068039559573937,True,empirical-manual-held-out-test-group
nine_channel_log_ridge,TEST2,live_implementation_range_1.7_to_3.0_N,1.7,3.0,100.0,2026-08-08_165304_567552_1_R9_TEST2,9,2.625,2.6303213425381338,2.3760431814768324,0.2542781610613014,0.06465738319271715,True,empirical-manual-held-out-test-group
nine_channel_log_ridge,TEST2,live_implementation_range_1.7_to_3.0_N,1.7,3.0,100.0,2026-08-08_165304_567552_1_R9_TEST2,9,2.875,2.890726245893049,2.3832374818247537,0.5074887640682952,0.25754484565556585,False,empirical-manual-held-out-test-group
session_zeroed_nine_channel_ridge,TEST2,live_implementation_range_1.7_to_3.0_N,1.7,3.0,100.0,2026-08-08_152554_893849_1_R1_TEST2,1,2.125,2.11243114338387,2.3680823197193126,0.25565117633544254,0.06535752396169554,True,empirical-manual-held-out-test-group
session_zeroed_nine_channel_ridge,TEST2,live_implementation_range_1.7_to_3.0_N,1.7,3.0,100.0,2026-08-08_152554_893849_1_R1_TEST2,1,2.375,2.3447223243142834,2.363899540430985,0.019177216116701423,0.00036776561798667283,True,empirical-manual-held-out-test-group
session_zeroed_nine_channel_ridge,TEST2,live_implementation_range_1.7_to_3.0_N,1.7,3.0,100.0,2026-08-08_152554_893849_1_R1_TEST2,1,2.625,2.60525184744764,2.36938590637474,0.23586594107290004,0.055632742158204754,True,empirical-manual-held-out-test-group
session_zeroed_nine_channel_ridge,TEST2,live_implementation_range_1.7_to_3.0_N,1.7,3.0,100.0,2026-08-08_152554_893849_1_R1_TEST2,1,2.875,2.8758222249777754,2.3698351750685576,0.5059870499092178,0.2560228946758333,False,empirical-manual-held-out-test-group
session_zeroed_nine_channel_ridge,TEST2,live_implementation_range_1.7_to_3.0_N,1.7,3.0,100.0,2026-08-08_154515_918611_1_R2_TEST2,2,1.875,1.92590905196734,2.3610934672753263,0.43518441530798624,0.18938547532695385,True,empirical-manual-held-out-test-group
session_zeroed_nine_channel_ridge,TEST2,live_implementation_range_1.7_to_3.0_N,1.7,3.0,100.0,2026-08-08_154515_918611_1_R2_TEST2,2,2.125,2.0096842605295357,2.397453694489316,0.38776943395978014,0.1503651339134883,True,empirical-manual-held-out-test-group
session_zeroed_nine_channel_ridge,TEST2,live_implementation_range_1.7_to_3.0_N,1.7,3.0,100.0,2026-08-08_154515_918611_1_R2_TEST2,2,2.375,2.4947124100452136,2.3814603021853573,0.11325210785985629,0.012826039934700523,True,empirical-manual-held-out-test-group
session_zeroed_nine_channel_ridge,TEST2,live_implementation_range_1.7_to_3.0_N,1.7,3.0,100.0,2026-08-08_154515_918611_1_R2_TEST2,2,2.875,2.8347043413253212,2.401300408606336,0.43340393271898536,0.1878389688962828,True,empirical-manual-held-out-test-group
session_zeroed_nine_channel_ridge,TEST2,live_implementation_range_1.7_to_3.0_N,1.7,3.0,100.0,2026-08-08_155939_090816_1_R3_TEST2,3,1.625,1.739519625385341,2.3855035905628768,0.6459839651775356,0.41729528326649157,False,empirical-manual-held-out-test-group
session_zeroed_nine_channel_ridge,TEST2,live_implementation_range_1.7_to_3.0_N,1.7,3.0,100.0,2026-08-08_155939_090816_1_R3_TEST2,3,1.875,1.993091560050425,2.408940820423998,0.41584926037357284,0.17293060735324758,True,empirical-manual-held-out-test-group
session_zeroed_nine_channel_ridge,TEST2,live_implementation_range_1.7_to_3.0_N,1.7,3.0,100.0,2026-08-08_155939_090816_1_R3_TEST2,3,2.125,2.05754021774262,2.4194062400746934,0.36186602233207354,0.13094701811843676,True,empirical-manual-held-out-test-group
session_zeroed_nine_channel_ridge,TEST2,live_implementation_range_1.7_to_3.0_N,1.7,3.0,100.0,2026-08-08_155939_090816_1_R3_TEST2,3,2.375,2.444786374768308,2.404701135440065,0.04008523932824293,0.0016068264120025135,True,empirical-manual-held-out-test-group
session_zeroed_nine_channel_ridge,TEST2,live_implementation_range_1.7_to_3.0_N,1.7,3.0,100.0,2026-08-08_155939_090816_1_R3_TEST2,3,2.625,2.6971626727712805,2.434631615105605,0.2625310576656754,0.06892255623905819,True,empirical-manual-held-out-test-group
session_zeroed_nine_channel_ridge,TEST2,live_implementation_range_1.7_to_3.0_N,1.7,3.0,100.0,2026-08-08_155939_090816_1_R3_TEST2,3,2.875,2.8455322023498346,2.4259434519294483,0.41958875042038635,0.17605471947934126,True,empirical-manual-held-out-test-group
session_zeroed_nine_channel_ridge,TEST2,live_implementation_range_1.7_to_3.0_N,1.7,3.0,100.0,2026-08-08_160643_341315_1_R4_TEST2,4,1.875,1.8473148079065893,2.3433558168792263,0.49604100897263703,0.24605668258259178,True,empirical-manual-held-out-test-group
session_zeroed_nine_channel_ridge,TEST2,live_implementation_range_1.7_to_3.0_N,1.7,3.0,100.0,2026-08-08_160643_341315_1_R4_TEST2,4,2.125,2.0835540555788925,2.346733476697054,0.2631794211181613,0.06926340770009047,True,empirical-manual-held-out-test-group
session_zeroed_nine_channel_ridge,TEST2,live_implementation_range_1.7_to_3.0_N,1.7,3.0,100.0,2026-08-08_160643_341315_1_R4_TEST2,4,2.375,2.396649460035851,2.343713170500971,0.05293628953488039,0.0028022507497206866,True,empirical-manual-held-out-test-group
session_zeroed_nine_channel_ridge,TEST2,live_implementation_range_1.7_to_3.0_N,1.7,3.0,100.0,2026-08-08_160643_341315_1_R4_TEST2,4,2.625,2.608431414488313,2.358942785581044,0.24948862890726886,0.062244575954028915,True,empirical-manual-held-out-test-group
session_zeroed_nine_channel_ridge,TEST2,live_implementation_range_1.7_to_3.0_N,1.7,3.0,100.0,2026-08-08_160643_341315_1_R4_TEST2,4,2.875,2.8368021860351385,2.3483606085704483,0.4884415774646902,0.23857517459619496,True,empirical-manual-held-out-test-group
session_zeroed_nine_channel_ridge,TEST2,live_implementation_range_1.7_to_3.0_N,1.7,3.0,100.0,2026-08-08_161335_934176_1_R5_TEST2,5,1.875,1.826477365644954,2.365103938521029,0.5386265728760748,0.29011858500822557,False,empirical-manual-held-out-test-group
session_zeroed_nine_channel_ridge,TEST2,live_implementation_range_1.7_to_3.0_N,1.7,3.0,100.0,2026-08-08_161335_934176_1_R5_TEST2,5,2.125,2.134842812456961,2.3635026175475544,0.22865980509059325,0.05228530646406809,True,empirical-manual-held-out-test-group
session_zeroed_nine_channel_ridge,TEST2,live_implementation_range_1.7_to_3.0_N,1.7,3.0,100.0,2026-08-08_161335_934176_1_R5_TEST2,5,2.375,2.3725137597125787,2.3695650040815845,0.002948755630994171,8.69515977131983e-06,True,empirical-manual-held-out-test-group
session_zeroed_nine_channel_ridge,TEST2,live_implementation_range_1.7_to_3.0_N,1.7,3.0,100.0,2026-08-08_161335_934176_1_R5_TEST2,5,2.625,2.568274534399268,2.36235083320389,0.20592370119537806,0.042404570714003345,True,empirical-manual-held-out-test-group
session_zeroed_nine_channel_ridge,TEST2,live_implementation_range_1.7_to_3.0_N,1.7,3.0,100.0,2026-08-08_161335_934176_1_R5_TEST2,5,2.875,2.923041773395682,2.3624733531723745,0.5605684202233077,0.31423695375165484,False,empirical-manual-held-out-test-group
session_zeroed_nine_channel_ridge,TEST2,live_implementation_range_1.7_to_3.0_N,1.7,3.0,100.0,2026-08-08_162501_247149_1_R6_TEST2,6,1.875,1.8235169205796833,2.410348994813716,0.5868320742340325,0.34437188334981705,False,empirical-manual-held-out-test-group
session_zeroed_nine_channel_ridge,TEST2,live_implementation_range_1.7_to_3.0_N,1.7,3.0,100.0,2026-08-08_162501_247149_1_R6_TEST2,6,2.125,2.1249282562061547,2.4163414042821696,0.2914131480760149,0.0849216228715734,True,empirical-manual-held-out-test-group
session_zeroed_nine_channel_ridge,TEST2,live_implementation_range_1.7_to_3.0_N,1.7,3.0,100.0,2026-08-08_162501_247149_1_R6_TEST2,6,2.375,2.40673578172996,2.3988491107470877,0.007886670982872435,6.219957919208205e-05,True,empirical-manual-held-out-test-group
session_zeroed_nine_channel_ridge,TEST2,live_implementation_range_1.7_to_3.0_N,1.7,3.0,100.0,2026-08-08_162501_247149_1_R6_TEST2,6,2.625,2.634948892700236,2.4047376056004817,0.23021128709975436,0.05299723670812553,True,empirical-manual-held-out-test-group
session_zeroed_nine_channel_ridge,TEST2,live_implementation_range_1.7_to_3.0_N,1.7,3.0,100.0,2026-08-08_162501_247149_1_R6_TEST2,6,2.875,2.8799798703530834,2.4436016716328814,0.436378198720202,0.1904259323182881,True,empirical-manual-held-out-test-group
session_zeroed_nine_channel_ridge,TEST2,live_implementation_range_1.7_to_3.0_N,1.7,3.0,100.0,2026-08-08_163730_874069_1_R7_TEST2,7,1.875,1.859255431464664,2.357571197723305,0.4983157662586408,0.24831860290193636,True,empirical-manual-held-out-test-group
session_zeroed_nine_channel_ridge,TEST2,live_implementation_range_1.7_to_3.0_N,1.7,3.0,100.0,2026-08-08_163730_874069_1_R7_TEST2,7,2.125,2.0725921106789174,2.357614136342686,0.28502202566376855,0.08123755511347794,True,empirical-manual-held-out-test-group
session_zeroed_nine_channel_ridge,TEST2,live_implementation_range_1.7_to_3.0_N,1.7,3.0,100.0,2026-08-08_163730_874069_1_R7_TEST2,7,2.375,2.2947070973267563,2.3581580255215107,0.0634509281947544,0.004026020288775878,True,empirical-manual-held-out-test-group
session_zeroed_nine_channel_ridge,TEST2,live_implementation_range_1.7_to_3.0_N,1.7,3.0,100.0,2026-08-08_163730_874069_1_R7_TEST2,7,2.625,2.6297170607026112,2.357967187213151,0.2717498734894601,0.07384799374153758,True,empirical-manual-held-out-test-group
session_zeroed_nine_channel_ridge,TEST2,live_implementation_range_1.7_to_3.0_N,1.7,3.0,100.0,2026-08-08_163730_874069_1_R7_TEST2,7,2.875,2.9159700109256246,2.3571513534449138,0.5588186574807108,0.31227829194854395,False,empirical-manual-held-out-test-group
session_zeroed_nine_channel_ridge,TEST2,live_implementation_range_1.7_to_3.0_N,1.7,3.0,100.0,2026-08-08_164447_078602_1_R8_TEST2,8,1.875,1.8393927743339349,2.3624599061354843,0.5230671318015494,0.27359922437109946,False,empirical-manual-held-out-test-group
session_zeroed_nine_channel_ridge,TEST2,live_implementation_range_1.7_to_3.0_N,1.7,3.0,100.0,2026-08-08_164447_078602_1_R8_TEST2,8,2.125,2.172806354950803,2.366767984208483,0.19396162925768,0.03762111362429371,True,empirical-manual-held-out-test-group
session_zeroed_nine_channel_ridge,TEST2,live_implementation_range_1.7_to_3.0_N,1.7,3.0,100.0,2026-08-08_164447_078602_1_R8_TEST2,8,2.375,2.364651623466969,2.3645949668544812,5.6656612487770985e-05,3.209971738589447e-09,True,empirical-manual-held-out-test-group
session_zeroed_nine_channel_ridge,TEST2,live_implementation_range_1.7_to_3.0_N,1.7,3.0,100.0,2026-08-08_164447_078602_1_R8_TEST2,8,2.625,2.6290092343164497,2.3641964221869354,0.26481281212951435,0.07012582546794147,True,empirical-manual-held-out-test-group
session_zeroed_nine_channel_ridge,TEST2,live_implementation_range_1.7_to_3.0_N,1.7,3.0,100.0,2026-08-08_164447_078602_1_R8_TEST2,8,2.875,2.8844771857081897,2.3613212070853526,0.523155978622837,0.2736921779688183,False,empirical-manual-held-out-test-group
session_zeroed_nine_channel_ridge,TEST2,live_implementation_range_1.7_to_3.0_N,1.7,3.0,100.0,2026-08-08_165304_567552_1_R9_TEST2,9,1.875,1.875884360185756,2.3915011088704117,0.5156167486846557,0.26586063152413536,False,empirical-manual-held-out-test-group
session_zeroed_nine_channel_ridge,TEST2,live_implementation_range_1.7_to_3.0_N,1.7,3.0,100.0,2026-08-08_165304_567552_1_R9_TEST2,9,2.125,2.087804326439815,2.37577429950917,0.28796997306935523,0.08292670538956518,True,empirical-manual-held-out-test-group
session_zeroed_nine_channel_ridge,TEST2,live_implementation_range_1.7_to_3.0_N,1.7,3.0,100.0,2026-08-08_165304_567552_1_R9_TEST2,9,2.375,2.3505928241510867,2.3865804607131516,0.03598763656206483,0.0012951099853232653,True,empirical-manual-held-out-test-group
session_zeroed_nine_channel_ridge,TEST2,live_implementation_range_1.7_to_3.0_N,1.7,3.0,100.0,2026-08-08_165304_567552_1_R9_TEST2,9,2.625,2.6303213425381338,2.3775026674332986,0.25281867510483513,0.06391728248176419,True,empirical-manual-held-out-test-group
session_zeroed_nine_channel_ridge,TEST2,live_implementation_range_1.7_to_3.0_N,1.7,3.0,100.0,2026-08-08_165304_567552_1_R9_TEST2,9,2.875,2.890726245893049,2.380693821185467,0.5100324247075818,0.2601330742530951,False,empirical-manual-held-out-test-group
constant_baseline,TEST3,live_implementation_range_1.7_to_3.0_N,1.7,3.0,,2026-08-08_153239_266323_1_R1_TEST3,1,1.875,1.893615435709159,2.381265902328172,0.4876504666190131,0.23780297759374122,True,empirical-manual-held-out-test-group
constant_baseline,TEST3,live_implementation_range_1.7_to_3.0_N,1.7,3.0,,2026-08-08_153239_266323_1_R1_TEST3,1,2.125,2.11136352613251,2.381265902328172,0.26990237619566226,0.0728472926760648,True,empirical-manual-held-out-test-group
constant_baseline,TEST3,live_implementation_range_1.7_to_3.0_N,1.7,3.0,,2026-08-08_153239_266323_1_R1_TEST3,1,2.375,2.3851843148763603,2.381265902328172,0.003918412548188144,1.5353956897798304e-05,True,empirical-manual-held-out-test-group
constant_baseline,TEST3,live_implementation_range_1.7_to_3.0_N,1.7,3.0,,2026-08-08_153239_266323_1_R1_TEST3,1,2.625,2.630707960143869,2.381265902328172,0.24944205781569684,0.062221340207329445,True,empirical-manual-held-out-test-group
constant_baseline,TEST3,live_implementation_range_1.7_to_3.0_N,1.7,3.0,,2026-08-08_153239_266323_1_R1_TEST3,1,2.875,2.852558019482838,2.381265902328172,0.471292117154666,0.22211625969212742,True,empirical-manual-held-out-test-group
constant_baseline,TEST3,live_implementation_range_1.7_to_3.0_N,1.7,3.0,,2026-08-08_154647_413072_1_R2_TEST3,2,1.625,1.7001608449550605,2.381265902328172,0.6811050573731117,0.46390409917922976,False,empirical-manual-held-out-test-group
constant_baseline,TEST3,live_implementation_range_1.7_to_3.0_N,1.7,3.0,,2026-08-08_154647_413072_1_R2_TEST3,2,1.875,1.7791031140829916,2.381265902328172,0.6021627882451805,0.36260002354721016,False,empirical-manual-held-out-test-group
constant_baseline,TEST3,live_implementation_range_1.7_to_3.0_N,1.7,3.0,,2026-08-08_154647_413072_1_R2_TEST3,2,2.125,2.1601086857990106,2.381265902328172,0.22115721652916154,0.04891051442292644,True,empirical-manual-held-out-test-group
constant_baseline,TEST3,live_implementation_range_1.7_to_3.0_N,1.7,3.0,,2026-08-08_154647_413072_1_R2_TEST3,2,2.375,2.374646346909854,2.381265902328172,0.006619555418318157,4.381851393618527e-05,True,empirical-manual-held-out-test-group
constant_baseline,TEST3,live_implementation_range_1.7_to_3.0_N,1.7,3.0,,2026-08-08_154647_413072_1_R2_TEST3,2,2.625,2.6662100693882653,2.381265902328172,0.2849441670600932,0.08119317834157029,True,empirical-manual-held-out-test-group
constant_baseline,TEST3,live_implementation_range_1.7_to_3.0_N,1.7,3.0,,2026-08-08_154647_413072_1_R2_TEST3,2,2.875,2.839697807262988,2.381265902328172,0.458431904934816,0.21015981146216417,True,empirical-manual-held-out-test-group
constant_baseline,TEST3,live_implementation_range_1.7_to_3.0_N,1.7,3.0,,2026-08-08_160034_704902_1_R3_TEST3,3,1.875,1.8268151106519328,2.381265902328172,0.5544507916762393,0.30741568039040856,False,empirical-manual-held-out-test-group
constant_baseline,TEST3,live_implementation_range_1.7_to_3.0_N,1.7,3.0,,2026-08-08_160034_704902_1_R3_TEST3,3,2.125,2.1266093055319653,2.381265902328172,0.2546565967962069,0.06484998229182588,True,empirical-manual-held-out-test-group
constant_baseline,TEST3,live_implementation_range_1.7_to_3.0_N,1.7,3.0,,2026-08-08_160034_704902_1_R3_TEST3,3,2.375,2.405610200513552,2.381265902328172,0.024344298185379643,0.0005926448541386785,True,empirical-manual-held-out-test-group
constant_baseline,TEST3,live_implementation_range_1.7_to_3.0_N,1.7,3.0,,2026-08-08_160034_704902_1_R3_TEST3,3,2.625,2.662924756781205,2.381265902328172,0.28165885445303296,0.07933171029179481,True,empirical-manual-held-out-test-group
constant_baseline,TEST3,live_implementation_range_1.7_to_3.0_N,1.7,3.0,,2026-08-08_160034_704902_1_R3_TEST3,3,2.875,2.9097690434833288,2.381265902328172,0.5285031411551566,0.2793155702108674,False,empirical-manual-held-out-test-group
constant_baseline,TEST3,live_implementation_range_1.7_to_3.0_N,1.7,3.0,,2026-08-08_160814_583552_1_R4_TEST3,4,1.875,1.882471198448545,2.381265902328172,0.4987947038796272,0.248796156618365,True,empirical-manual-held-out-test-group
constant_baseline,TEST3,live_implementation_range_1.7_to_3.0_N,1.7,3.0,,2026-08-08_160814_583552_1_R4_TEST3,4,2.125,2.142662966716671,2.381265902328172,0.23860293561150137,0.056931360882426264,True,empirical-manual-held-out-test-group
constant_baseline,TEST3,live_implementation_range_1.7_to_3.0_N,1.7,3.0,,2026-08-08_160814_583552_1_R4_TEST3,4,2.375,2.402077881474829,2.381265902328172,0.02081197914665678,0.0004331384760008766,True,empirical-manual-held-out-test-group
constant_baseline,TEST3,live_implementation_range_1.7_to_3.0_N,1.7,3.0,,2026-08-08_160814_583552_1_R4_TEST3,4,2.625,2.6049019602738763,2.381265902328172,0.22363605794570418,0.050013086413494355,True,empirical-manual-held-out-test-group
constant_baseline,TEST3,live_implementation_range_1.7_to_3.0_N,1.7,3.0,,2026-08-08_160814_583552_1_R4_TEST3,4,2.875,2.9120827439224803,2.381265902328172,0.5308168415943082,0.2817665193201569,False,empirical-manual-held-out-test-group
constant_baseline,TEST3,live_implementation_range_1.7_to_3.0_N,1.7,3.0,,2026-08-08_161454_348568_1_R5_TEST3,5,1.875,1.8425550662153878,2.381265902328172,0.5387108361127844,0.2902093649453352,False,empirical-manual-held-out-test-group
constant_baseline,TEST3,live_implementation_range_1.7_to_3.0_N,1.7,3.0,,2026-08-08_161454_348568_1_R5_TEST3,5,2.125,2.159575689287877,2.381265902328172,0.22169021304029535,0.04914655055785154,True,empirical-manual-held-out-test-group
constant_baseline,TEST3,live_implementation_range_1.7_to_3.0_N,1.7,3.0,,2026-08-08_161454_348568_1_R5_TEST3,5,2.375,2.3744183743665164,2.381265902328172,0.006847527961655775,4.688863918565769e-05,True,empirical-manual-held-out-test-group
constant_baseline,TEST3,live_implementation_range_1.7_to_3.0_N,1.7,3.0,,2026-08-08_161454_348568_1_R5_TEST3,5,2.625,2.610455014718841,2.381265902328172,0.22918911239066864,0.05252764923842254,True,empirical-manual-held-out-test-group
constant_baseline,TEST3,live_implementation_range_1.7_to_3.0_N,1.7,3.0,,2026-08-08_161454_348568_1_R5_TEST3,5,2.875,2.865705463323681,2.381265902328172,0.4844395609955088,0.23468168825752128,True,empirical-manual-held-out-test-group
constant_baseline,TEST3,live_implementation_range_1.7_to_3.0_N,1.7,3.0,,2026-08-08_162908_674758_1_R6_TEST3,6,1.875,1.917190547941816,2.381265902328172,0.46407535438635605,0.21536593454882197,True,empirical-manual-held-out-test-group
constant_baseline,TEST3,live_implementation_range_1.7_to_3.0_N,1.7,3.0,,2026-08-08_162908_674758_1_R6_TEST3,6,2.125,2.1029740162975536,2.381265902328172,0.2782918860306185,0.07744637383047875,True,empirical-manual-held-out-test-group
constant_baseline,TEST3,live_implementation_range_1.7_to_3.0_N,1.7,3.0,,2026-08-08_162908_674758_1_R6_TEST3,6,2.375,2.3612873062305093,2.381265902328172,0.019978596097662837,0.00039914430203354876,True,empirical-manual-held-out-test-group
constant_baseline,TEST3,live_implementation_range_1.7_to_3.0_N,1.7,3.0,,2026-08-08_162908_674758_1_R6_TEST3,6,2.625,2.613327962293215,2.381265902328172,0.2320620599650427,0.053852799675219075,True,empirical-manual-held-out-test-group
constant_baseline,TEST3,live_implementation_range_1.7_to_3.0_N,1.7,3.0,,2026-08-08_162908_674758_1_R6_TEST3,6,2.875,2.8633107475002246,2.381265902328172,0.4820448451720525,0.23236723275694804,True,empirical-manual-held-out-test-group
constant_baseline,TEST3,live_implementation_range_1.7_to_3.0_N,1.7,3.0,,2026-08-08_163837_086088_1_R7_TEST3,7,1.875,1.903972525558947,2.381265902328172,0.4772933767692251,0.2278089675077695,True,empirical-manual-held-out-test-group
constant_baseline,TEST3,live_implementation_range_1.7_to_3.0_N,1.7,3.0,,2026-08-08_163837_086088_1_R7_TEST3,7,2.125,2.141628278252345,2.381265902328172,0.23963762407582712,0.057426190872707436,True,empirical-manual-held-out-test-group
constant_baseline,TEST3,live_implementation_range_1.7_to_3.0_N,1.7,3.0,,2026-08-08_163837_086088_1_R7_TEST3,7,2.375,2.3769824974549736,2.381265902328172,0.00428340487319856,1.834755730774117e-05,True,empirical-manual-held-out-test-group
constant_baseline,TEST3,live_implementation_range_1.7_to_3.0_N,1.7,3.0,,2026-08-08_163837_086088_1_R7_TEST3,7,2.625,2.6579583298681366,2.381265902328172,0.2766924275399645,0.0765586994579585,True,empirical-manual-held-out-test-group
constant_baseline,TEST3,live_implementation_range_1.7_to_3.0_N,1.7,3.0,,2026-08-08_163837_086088_1_R7_TEST3,7,2.875,2.8889538905352334,2.381265902328172,0.5076879882070613,0.2577470933697332,False,empirical-manual-held-out-test-group
constant_baseline,TEST3,live_implementation_range_1.7_to_3.0_N,1.7,3.0,,2026-08-08_164601_437352_1_R8_TEST3,8,1.875,1.892483684076637,2.381265902328172,0.4887822182515351,0.2389080568788913,True,empirical-manual-held-out-test-group
constant_baseline,TEST3,live_implementation_range_1.7_to_3.0_N,1.7,3.0,,2026-08-08_164601_437352_1_R8_TEST3,8,2.125,2.05030111321083,2.381265902328172,0.33096478911734195,0.10953769163548663,True,empirical-manual-held-out-test-group
constant_baseline,TEST3,live_implementation_range_1.7_to_3.0_N,1.7,3.0,,2026-08-08_164601_437352_1_R8_TEST3,8,2.375,2.304536157753233,2.381265902328172,0.07672974457493931,0.005887453702535428,True,empirical-manual-held-out-test-group
constant_baseline,TEST3,live_implementation_range_1.7_to_3.0_N,1.7,3.0,,2026-08-08_164601_437352_1_R8_TEST3,8,2.625,2.6248739656092135,2.381265902328172,0.24360806328104134,0.059344888495539844,True,empirical-manual-held-out-test-group
constant_baseline,TEST3,live_implementation_range_1.7_to_3.0_N,1.7,3.0,,2026-08-08_164601_437352_1_R8_TEST3,8,2.875,2.8596304910377204,2.381265902328172,0.47836458870954823,0.22883267973125523,True,empirical-manual-held-out-test-group
constant_baseline,TEST3,live_implementation_range_1.7_to_3.0_N,1.7,3.0,,2026-08-08_165433_326903_1_R9_TEST3,9,1.875,1.8994778868607487,2.381265902328172,0.48178801546742345,0.23211969184803827,True,empirical-manual-held-out-test-group
constant_baseline,TEST3,live_implementation_range_1.7_to_3.0_N,1.7,3.0,,2026-08-08_165433_326903_1_R9_TEST3,9,2.125,2.1744640358763,2.381265902328172,0.20680186645187204,0.04276701196797792,True,empirical-manual-held-out-test-group
constant_baseline,TEST3,live_implementation_range_1.7_to_3.0_N,1.7,3.0,,2026-08-08_165433_326903_1_R9_TEST3,9,2.375,2.3740686606728936,2.381265902328172,0.0071972416552785745,5.1800287444477074e-05,True,empirical-manual-held-out-test-group
constant_baseline,TEST3,live_implementation_range_1.7_to_3.0_N,1.7,3.0,,2026-08-08_165433_326903_1_R9_TEST3,9,2.625,2.633959925424607,2.381265902328172,0.25269402309643496,0.0638542693086616,True,empirical-manual-held-out-test-group
constant_baseline,TEST3,live_implementation_range_1.7_to_3.0_N,1.7,3.0,,2026-08-08_165433_326903_1_R9_TEST3,9,2.875,2.8739618309747472,2.381265902328172,0.4926959286465751,0.242749278104911,True,empirical-manual-held-out-test-group
total_light_linear,TEST3,live_implementation_range_1.7_to_3.0_N,1.7,3.0,0.01,2026-08-08_153239_266323_1_R1_TEST3,1,1.875,1.893615435709159,2.3557386867102488,0.46212325100108975,0.2135578991158162,True,empirical-manual-held-out-test-group
total_light_linear,TEST3,live_implementation_range_1.7_to_3.0_N,1.7,3.0,0.01,2026-08-08_153239_266323_1_R1_TEST3,1,2.125,2.11136352613251,2.3614581124498213,0.2500945863173114,0.06254730210522713,True,empirical-manual-held-out-test-group
total_light_linear,TEST3,live_implementation_range_1.7_to_3.0_N,1.7,3.0,0.01,2026-08-08_153239_266323_1_R1_TEST3,1,2.375,2.3851843148763603,2.3578747934290436,0.027309521447316687,0.0007458099616814501,True,empirical-manual-held-out-test-group
total_light_linear,TEST3,live_implementation_range_1.7_to_3.0_N,1.7,3.0,0.01,2026-08-08_153239_266323_1_R1_TEST3,1,2.625,2.630707960143869,2.353105935179334,0.2776020249645348,0.0770628842644102,True,empirical-manual-held-out-test-group
total_light_linear,TEST3,live_implementation_range_1.7_to_3.0_N,1.7,3.0,0.01,2026-08-08_153239_266323_1_R1_TEST3,1,2.875,2.852558019482838,2.36126586284513,0.4912921566377082,0.2413679831737304,True,empirical-manual-held-out-test-group
total_light_linear,TEST3,live_implementation_range_1.7_to_3.0_N,1.7,3.0,0.01,2026-08-08_154647_413072_1_R2_TEST3,2,1.625,1.7001608449550605,2.34847058359955,0.6483097386444894,0.4203055172212861,False,empirical-manual-held-out-test-group
total_light_linear,TEST3,live_implementation_range_1.7_to_3.0_N,1.7,3.0,0.01,2026-08-08_154647_413072_1_R2_TEST3,2,1.875,1.7791031140829916,2.350889724458585,0.5717866103755935,0.3269399278048108,False,empirical-manual-held-out-test-group
total_light_linear,TEST3,live_implementation_range_1.7_to_3.0_N,1.7,3.0,0.01,2026-08-08_154647_413072_1_R2_TEST3,2,2.125,2.1601086857990106,2.3646622725280135,0.20455358672900292,0.04184216984369972,True,empirical-manual-held-out-test-group
total_light_linear,TEST3,live_implementation_range_1.7_to_3.0_N,1.7,3.0,0.01,2026-08-08_154647_413072_1_R2_TEST3,2,2.375,2.374646346909854,2.374434960766499,0.0002113861433548081,4.468410160241948e-08,True,empirical-manual-held-out-test-group
total_light_linear,TEST3,live_implementation_range_1.7_to_3.0_N,1.7,3.0,0.01,2026-08-08_154647_413072_1_R2_TEST3,2,2.625,2.6662100693882653,2.380074282504117,0.2861357868841483,0.08187368853581074,True,empirical-manual-held-out-test-group
total_light_linear,TEST3,live_implementation_range_1.7_to_3.0_N,1.7,3.0,0.01,2026-08-08_154647_413072_1_R2_TEST3,2,2.875,2.839697807262988,2.3742213500946194,0.4654764571683687,0.2166683321780162,True,empirical-manual-held-out-test-group
total_light_linear,TEST3,live_implementation_range_1.7_to_3.0_N,1.7,3.0,0.01,2026-08-08_160034_704902_1_R3_TEST3,3,1.875,1.8268151106519328,2.374862182110258,0.548047071458325,0.30035559253404637,False,empirical-manual-held-out-test-group
total_light_linear,TEST3,live_implementation_range_1.7_to_3.0_N,1.7,3.0,0.01,2026-08-08_160034_704902_1_R3_TEST3,3,2.125,2.1266093055319653,2.3754229101239415,0.2488136045919762,0.06190820983005228,True,empirical-manual-held-out-test-group
total_light_linear,TEST3,live_implementation_range_1.7_to_3.0_N,1.7,3.0,0.01,2026-08-08_160034_704902_1_R3_TEST3,3,2.375,2.405610200513552,2.3768914834931127,0.028718717020439044,0.0008247647073000553,True,empirical-manual-held-out-test-group
total_light_linear,TEST3,live_implementation_range_1.7_to_3.0_N,1.7,3.0,0.01,2026-08-08_160034_704902_1_R3_TEST3,3,2.625,2.662924756781205,2.374082503157898,0.28884225362330707,0.08342984747819085,True,empirical-manual-held-out-test-group
total_light_linear,TEST3,live_implementation_range_1.7_to_3.0_N,1.7,3.0,0.01,2026-08-08_160034_704902_1_R3_TEST3,3,2.875,2.9097690434833288,2.379689783294734,0.5300792601885949,0.28098402208208806,False,empirical-manual-held-out-test-group
total_light_linear,TEST3,live_implementation_range_1.7_to_3.0_N,1.7,3.0,0.01,2026-08-08_160814_583552_1_R4_TEST3,4,1.875,1.882471198448545,2.3811316553299204,0.4986604568813755,0.24866225125714217,True,empirical-manual-held-out-test-group
total_light_linear,TEST3,live_implementation_range_1.7_to_3.0_N,1.7,3.0,0.01,2026-08-08_160814_583552_1_R4_TEST3,4,2.125,2.142662966716671,2.384010059133496,0.24134709241682506,0.0582484190180555,True,empirical-manual-held-out-test-group
total_light_linear,TEST3,live_implementation_range_1.7_to_3.0_N,1.7,3.0,0.01,2026-08-08_160814_583552_1_R4_TEST3,4,2.375,2.402077881474829,2.3806243299842067,0.021453551490622225,0.00046025487156077906,True,empirical-manual-held-out-test-group
total_light_linear,TEST3,live_implementation_range_1.7_to_3.0_N,1.7,3.0,0.01,2026-08-08_160814_583552_1_R4_TEST3,4,2.625,2.6049019602738763,2.3809607667924166,0.2239411934814597,0.050149658137900566,True,empirical-manual-held-out-test-group
total_light_linear,TEST3,live_implementation_range_1.7_to_3.0_N,1.7,3.0,0.01,2026-08-08_160814_583552_1_R4_TEST3,4,2.875,2.9120827439224803,2.3806830729189734,0.5313996710035069,0.28238561034263543,False,empirical-manual-held-out-test-group
total_light_linear,TEST3,live_implementation_range_1.7_to_3.0_N,1.7,3.0,0.01,2026-08-08_161454_348568_1_R5_TEST3,5,1.875,1.8425550662153878,2.3550551325602345,0.5125000663448467,0.2626563180034723,False,empirical-manual-held-out-test-group
total_light_linear,TEST3,live_implementation_range_1.7_to_3.0_N,1.7,3.0,0.01,2026-08-08_161454_348568_1_R5_TEST3,5,2.125,2.159575689287877,2.3601337262841686,0.20055803699629182,0.04022352620380596,True,empirical-manual-held-out-test-group
total_light_linear,TEST3,live_implementation_range_1.7_to_3.0_N,1.7,3.0,0.01,2026-08-08_161454_348568_1_R5_TEST3,5,2.375,2.3744183743665164,2.3587452569169525,0.0156731174495639,0.0002456466105878244,True,empirical-manual-held-out-test-group
total_light_linear,TEST3,live_implementation_range_1.7_to_3.0_N,1.7,3.0,0.01,2026-08-08_161454_348568_1_R5_TEST3,5,2.625,2.610455014718841,2.3523369367605684,0.25811807795827235,0.06662494216887277,True,empirical-manual-held-out-test-group
total_light_linear,TEST3,live_implementation_range_1.7_to_3.0_N,1.7,3.0,0.01,2026-08-08_161454_348568_1_R5_TEST3,5,2.875,2.865705463323681,2.3563848589926844,0.5093206043309966,0.25940747799609154,False,empirical-manual-held-out-test-group
total_light_linear,TEST3,live_implementation_range_1.7_to_3.0_N,1.7,3.0,0.01,2026-08-08_162908_674758_1_R6_TEST3,6,1.875,1.917190547941816,2.34847058359955,0.43128003565773376,0.1860024691569361,True,empirical-manual-held-out-test-group
total_light_linear,TEST3,live_implementation_range_1.7_to_3.0_N,1.7,3.0,0.01,2026-08-08_162908_674758_1_R6_TEST3,6,2.125,2.1029740162975536,2.3585957294466366,0.255621713149083,0.06534246023327207,True,empirical-manual-held-out-test-group
total_light_linear,TEST3,live_implementation_range_1.7_to_3.0_N,1.7,3.0,0.01,2026-08-08_162908_674758_1_R6_TEST3,6,2.375,2.3612873062305093,2.351226161266795,0.010061144963714241,0.00010122663798087245,True,empirical-manual-held-out-test-group
total_light_linear,TEST3,live_implementation_range_1.7_to_3.0_N,1.7,3.0,0.01,2026-08-08_162908_674758_1_R6_TEST3,6,2.625,2.613327962293215,2.353212740515274,0.2601152217779408,0.06765992860058731,True,empirical-manual-held-out-test-group
total_light_linear,TEST3,live_implementation_range_1.7_to_3.0_N,1.7,3.0,0.01,2026-08-08_162908_674758_1_R6_TEST3,6,2.875,2.8633107475002246,2.359332686264621,0.5039780612356037,0.25399388620679797,False,empirical-manual-held-out-test-group
total_light_linear,TEST3,live_implementation_range_1.7_to_3.0_N,1.7,3.0,0.01,2026-08-08_163837_086088_1_R7_TEST3,7,1.875,1.903972525558947,2.3527267762367483,0.4487542506778013,0.20138037750139492,True,empirical-manual-held-out-test-group
total_light_linear,TEST3,live_implementation_range_1.7_to_3.0_N,1.7,3.0,0.01,2026-08-08_163837_086088_1_R7_TEST3,7,2.125,2.141628278252345,2.3523903394285384,0.21076206117619334,0.044420646431237464,True,empirical-manual-held-out-test-group
total_light_linear,TEST3,live_implementation_range_1.7_to_3.0_N,1.7,3.0,0.01,2026-08-08_163837_086088_1_R7_TEST3,7,2.375,2.3769824974549736,2.35325546264965,0.023727034805323566,0.000562972180653036,True,empirical-manual-held-out-test-group
total_light_linear,TEST3,live_implementation_range_1.7_to_3.0_N,1.7,3.0,0.01,2026-08-08_163837_086088_1_R7_TEST3,7,2.625,2.6579583298681366,2.350505225249202,0.3074531046189346,0.09452741153982154,True,empirical-manual-held-out-test-group
total_light_linear,TEST3,live_implementation_range_1.7_to_3.0_N,1.7,3.0,0.01,2026-08-08_163837_086088_1_R7_TEST3,7,2.875,2.8889538905352334,2.3539603778668523,0.5349935126683811,0.2862180585972533,False,empirical-manual-held-out-test-group
total_light_linear,TEST3,live_implementation_range_1.7_to_3.0_N,1.7,3.0,0.01,2026-08-08_164601_437352_1_R8_TEST3,8,1.875,1.892483684076637,2.3562566925895565,0.46377300851291947,0.21508540342512447,True,empirical-manual-held-out-test-group
total_light_linear,TEST3,live_implementation_range_1.7_to_3.0_N,1.7,3.0,0.01,2026-08-08_164601_437352_1_R8_TEST3,8,2.125,2.05030111321083,2.365345826678028,0.31504471346719765,0.09925317148362867,True,empirical-manual-held-out-test-group
total_light_linear,TEST3,live_implementation_range_1.7_to_3.0_N,1.7,3.0,0.01,2026-08-08_164601_437352_1_R8_TEST3,8,2.375,2.304536157753233,2.361404709781852,0.05686855202861896,0.0032340322098317414,True,empirical-manual-held-out-test-group
total_light_linear,TEST3,live_implementation_range_1.7_to_3.0_N,1.7,3.0,0.01,2026-08-08_164601_437352_1_R8_TEST3,8,2.625,2.6248739656092135,2.3649399664014568,0.2599339992077567,0.06756568394413807,True,empirical-manual-held-out-test-group
total_light_linear,TEST3,live_implementation_range_1.7_to_3.0_N,1.7,3.0,0.01,2026-08-08_164601_437352_1_R8_TEST3,8,2.875,2.8596304910377204,2.363209719959233,0.49642077107848737,0.24643358195815995,True,empirical-manual-held-out-test-group
total_light_linear,TEST3,live_implementation_range_1.7_to_3.0_N,1.7,3.0,0.01,2026-08-08_165433_326903_1_R9_TEST3,9,1.875,1.8994778868607487,2.3770944136313985,0.4776165267706498,0.22811754664445885,True,empirical-manual-held-out-test-group
total_light_linear,TEST3,live_implementation_range_1.7_to_3.0_N,1.7,3.0,0.01,2026-08-08_165433_326903_1_R9_TEST3,9,2.125,2.1744640358763,2.3827230548354223,0.20825901895912224,0.043371818977816036,True,empirical-manual-held-out-test-group
total_light_linear,TEST3,live_implementation_range_1.7_to_3.0_N,1.7,3.0,0.01,2026-08-08_165433_326903_1_R9_TEST3,9,2.375,2.3740686606728936,2.3788994238087797,0.004830763135886151,2.3336272475036604e-05,True,empirical-manual-held-out-test-group
total_light_linear,TEST3,live_implementation_range_1.7_to_3.0_N,1.7,3.0,0.01,2026-08-08_165433_326903_1_R9_TEST3,9,2.625,2.633959925424607,2.376320074945835,0.257639850478772,0.06637829255472401,True,empirical-manual-held-out-test-group
total_light_linear,TEST3,live_implementation_range_1.7_to_3.0_N,1.7,3.0,0.01,2026-08-08_165433_326903_1_R9_TEST3,9,2.875,2.8739618309747472,2.378450841397833,0.4955109895769141,0.24553114079149266,True,empirical-manual-held-out-test-group
total_light_quadratic,TEST3,live_implementation_range_1.7_to_3.0_N,1.7,3.0,100.0,2026-08-08_153239_266323_1_R1_TEST3,1,1.875,1.893615435709159,2.3616621210812108,0.46804668537205174,0.2190676996877644,True,empirical-manual-held-out-test-group
total_light_quadratic,TEST3,live_implementation_range_1.7_to_3.0_N,1.7,3.0,100.0,2026-08-08_153239_266323_1_R1_TEST3,1,2.125,2.11136352613251,2.3648541833223504,0.25349065718984054,0.06425751328253726,True,empirical-manual-held-out-test-group
total_light_quadratic,TEST3,live_implementation_range_1.7_to_3.0_N,1.7,3.0,100.0,2026-08-08_153239_266323_1_R1_TEST3,1,2.375,2.3851843148763603,2.362828600241896,0.022355714634464174,0.0004997779768175956,True,empirical-manual-held-out-test-group
total_light_quadratic,TEST3,live_implementation_range_1.7_to_3.0_N,1.7,3.0,100.0,2026-08-08_153239_266323_1_R1_TEST3,1,2.625,2.630707960143869,2.360266592060667,0.27044136808320207,0.07313853357071398,True,empirical-manual-held-out-test-group
total_light_quadratic,TEST3,live_implementation_range_1.7_to_3.0_N,1.7,3.0,100.0,2026-08-08_153239_266323_1_R1_TEST3,1,2.875,2.852558019482838,2.3647433192387775,0.4878147002440607,0.2379631817742028,True,empirical-manual-held-out-test-group
total_light_quadratic,TEST3,live_implementation_range_1.7_to_3.0_N,1.7,3.0,100.0,2026-08-08_154647_413072_1_R2_TEST3,2,1.625,1.7001608449550605,2.3579226764892605,0.6577618315342,0.43265062702322526,False,empirical-manual-held-out-test-group
total_light_quadratic,TEST3,live_implementation_range_1.7_to_3.0_N,1.7,3.0,100.0,2026-08-08_154647_413072_1_R2_TEST3,2,1.875,1.7791031140829916,2.3591279395070415,0.5800248254240499,0.33642879810819953,False,empirical-manual-held-out-test-group
total_light_quadratic,TEST3,live_implementation_range_1.7_to_3.0_N,1.7,3.0,100.0,2026-08-08_154647_413072_1_R2_TEST3,2,2.125,2.1601086857990106,2.366738458591696,0.20662977279268535,0.04269586300435677,True,empirical-manual-held-out-test-group
total_light_quadratic,TEST3,live_implementation_range_1.7_to_3.0_N,1.7,3.0,100.0,2026-08-08_154647_413072_1_R2_TEST3,2,2.375,2.374646346909854,2.372911316143398,0.0017350307664560916,3.0103317605492126e-06,True,empirical-manual-held-out-test-group
total_light_quadratic,TEST3,live_implementation_range_1.7_to_3.0_N,1.7,3.0,100.0,2026-08-08_154647_413072_1_R2_TEST3,2,2.625,2.6662100693882653,2.3767651864790955,0.2894448829091698,0.08377834024230302,True,empirical-manual-held-out-test-group
total_light_quadratic,TEST3,live_implementation_range_1.7_to_3.0_N,1.7,3.0,100.0,2026-08-08_154647_413072_1_R2_TEST3,2,2.875,2.839697807262988,2.3727695341556294,0.46692827310735874,0.2180220122270202,True,empirical-manual-held-out-test-group
total_light_quadratic,TEST3,live_implementation_range_1.7_to_3.0_N,1.7,3.0,100.0,2026-08-08_160034_704902_1_R3_TEST3,3,1.875,1.8268151106519328,2.3731957993778816,0.5463806887259488,0.2985318570126422,False,empirical-manual-held-out-test-group
total_light_quadratic,TEST3,live_implementation_range_1.7_to_3.0_N,1.7,3.0,100.0,2026-08-08_160034_704902_1_R3_TEST3,3,2.125,2.1266093055319653,2.3735710436861663,0.24696173815420108,0.06099010011214418,True,empirical-manual-held-out-test-group
total_light_quadratic,TEST3,live_implementation_range_1.7_to_3.0_N,1.7,3.0,100.0,2026-08-08_160034_704902_1_R3_TEST3,3,2.375,2.405610200513552,2.3745638329149994,0.031046367598552393,0.0009638769410644439,True,empirical-manual-held-out-test-group
total_light_quadratic,TEST3,live_implementation_range_1.7_to_3.0_N,1.7,3.0,100.0,2026-08-08_160034_704902_1_R3_TEST3,3,2.625,2.662924756781205,2.3726775401811167,0.29024721660008845,0.08424344674409866,True,empirical-manual-held-out-test-group
total_light_quadratic,TEST3,live_implementation_range_1.7_to_3.0_N,1.7,3.0,100.0,2026-08-08_160034_704902_1_R3_TEST3,3,2.875,2.9097690434833288,2.3764956384615443,0.5332734050217844,0.28438052450352813,False,empirical-manual-held-out-test-group
total_light_quadratic,TEST3,live_implementation_range_1.7_to_3.0_N,1.7,3.0,100.0,2026-08-08_160814_583552_1_R4_TEST3,4,1.875,1.882471198448545,2.3775115626506205,0.49504036420207553,0.24506496218932358,True,empirical-manual-held-out-test-group
total_light_quadratic,TEST3,live_implementation_range_1.7_to_3.0_N,1.7,3.0,100.0,2026-08-08_160814_583552_1_R4_TEST3,4,2.125,2.142662966716671,2.379581402907315,0.23691843619064423,0.05613034540702036,True,empirical-manual-held-out-test-group
total_light_quadratic,TEST3,live_implementation_range_1.7_to_3.0_N,1.7,3.0,100.0,2026-08-08_160814_583552_1_R4_TEST3,4,2.375,2.402077881474829,2.377152515897521,0.024925365577308067,0.0006212738491624539,True,empirical-manual-held-out-test-group
total_light_quadratic,TEST3,live_implementation_range_1.7_to_3.0_N,1.7,3.0,100.0,2026-08-08_160814_583552_1_R4_TEST3,4,2.625,2.6049019602738763,2.3773904275420397,0.22751153273183666,0.05176149752598959,True,empirical-manual-held-out-test-group
total_light_quadratic,TEST3,live_implementation_range_1.7_to_3.0_N,1.7,3.0,100.0,2026-08-08_160814_583552_1_R4_TEST3,4,2.875,2.9120827439224803,2.3771940012534167,0.5348887426690636,0.28610596703409175,False,empirical-manual-held-out-test-group
total_light_quadratic,TEST3,live_implementation_range_1.7_to_3.0_N,1.7,3.0,100.0,2026-08-08_161454_348568_1_R5_TEST3,5,1.875,1.8425550662153878,2.361295319332776,0.5187402531173881,0.2690914502042919,False,empirical-manual-held-out-test-group
total_light_quadratic,TEST3,live_implementation_range_1.7_to_3.0_N,1.7,3.0,100.0,2026-08-08_161454_348568_1_R5_TEST3,5,2.125,2.159575689287877,2.3640954874436795,0.20451979815580268,0.041828347837690266,True,empirical-manual-held-out-test-group
total_light_quadratic,TEST3,live_implementation_range_1.7_to_3.0_N,1.7,3.0,100.0,2026-08-08_161454_348568_1_R5_TEST3,5,2.375,2.3744183743665164,2.3633127279451123,0.011105646421404103,0.00012333538243724577,True,empirical-manual-held-out-test-group
total_light_quadratic,TEST3,live_implementation_range_1.7_to_3.0_N,1.7,3.0,100.0,2026-08-08_161454_348568_1_R5_TEST3,5,2.625,2.610455014718841,2.359867756555646,0.2505872581631947,0.0627939739537476,True,empirical-manual-held-out-test-group
total_light_quadratic,TEST3,live_implementation_range_1.7_to_3.0_N,1.7,3.0,100.0,2026-08-08_161454_348568_1_R5_TEST3,5,2.875,2.865705463323681,2.3620117483957785,0.5036937149279024,0.253707358457871,False,empirical-manual-held-out-test-group
total_light_quadratic,TEST3,live_implementation_range_1.7_to_3.0_N,1.7,3.0,100.0,2026-08-08_162908_674758_1_R6_TEST3,6,1.875,1.917190547941816,2.3579226764892605,0.44073212854744437,0.19424480913396103,True,empirical-manual-held-out-test-group
total_light_quadratic,TEST3,live_implementation_range_1.7_to_3.0_N,1.7,3.0,100.0,2026-08-08_162908_674758_1_R6_TEST3,6,2.125,2.1029740162975536,2.363229202945859,0.26025518664830516,0.06773276217734416,True,empirical-manual-held-out-test-group
total_light_quadratic,TEST3,live_implementation_range_1.7_to_3.0_N,1.7,3.0,100.0,2026-08-08_162908_674758_1_R6_TEST3,6,2.375,2.3612873062305093,2.359298671707738,0.0019886345227710933,3.954667265157014e-06,True,empirical-manual-held-out-test-group
total_light_quadratic,TEST3,live_implementation_range_1.7_to_3.0_N,1.7,3.0,100.0,2026-08-08_162908_674758_1_R6_TEST3,6,2.625,2.613327962293215,2.360322299960949,0.25300566233226585,0.06401186517218853,True,empirical-manual-held-out-test-group
total_light_quadratic,TEST3,live_implementation_range_1.7_to_3.0_N,1.7,3.0,100.0,2026-08-08_162908_674758_1_R6_TEST3,6,2.875,2.8633107475002246,2.3636423154489608,0.4996684320512639,0.2496685419885685,True,empirical-manual-held-out-test-group
total_light_quadratic,TEST3,live_implementation_range_1.7_to_3.0_N,1.7,3.0,100.0,2026-08-08_163837_086088_1_R7_TEST3,7,1.875,1.903972525558947,2.3600694476950888,0.4560969221361417,0.20802440238206174,True,empirical-manual-held-out-test-group
total_light_quadratic,TEST3,live_implementation_range_1.7_to_3.0_N,1.7,3.0,100.0,2026-08-08_163837_086088_1_R7_TEST3,7,2.125,2.141628278252345,2.3598953251524892,0.2182670469001442,0.04764050376250975,True,empirical-manual-held-out-test-group
total_light_quadratic,TEST3,live_implementation_range_1.7_to_3.0_N,1.7,3.0,100.0,2026-08-08_163837_086088_1_R7_TEST3,7,2.375,2.3769824974549736,2.3603446045704373,0.01663789288453632,0.0002768194796373043,True,empirical-manual-held-out-test-group
total_light_quadratic,TEST3,live_implementation_range_1.7_to_3.0_N,1.7,3.0,100.0,2026-08-08_163837_086088_1_R7_TEST3,7,2.625,2.6579583298681366,2.3589337477416428,0.29902458212649385,0.08941570071592427,True,empirical-manual-held-out-test-group
total_light_quadratic,TEST3,live_implementation_range_1.7_to_3.0_N,1.7,3.0,100.0,2026-08-08_163837_086088_1_R7_TEST3,7,2.875,2.8889538905352334,2.3607144002004645,0.5282394903347689,0.2790369591491364,False,empirical-manual-held-out-test-group
total_light_quadratic,TEST3,live_implementation_range_1.7_to_3.0_N,1.7,3.0,100.0,2026-08-08_164601_437352_1_R8_TEST3,8,1.875,1.892483684076637,2.361942177908958,0.4694584938323212,0.22039127743131154,True,empirical-manual-held-out-test-group
total_light_quadratic,TEST3,live_implementation_range_1.7_to_3.0_N,1.7,3.0,100.0,2026-08-08_164601_437352_1_R8_TEST3,8,2.125,2.05030111321083,2.3671493602559988,0.31684824704516856,0.10039281165559617,True,empirical-manual-held-out-test-group
total_light_quadratic,TEST3,live_implementation_range_1.7_to_3.0_N,1.7,3.0,100.0,2026-08-08_164601_437352_1_R8_TEST3,8,2.375,2.304536157753233,2.364823362846984,0.06028720509375107,0.003634547098016005,True,empirical-manual-held-out-test-group
total_light_quadratic,TEST3,live_implementation_range_1.7_to_3.0_N,1.7,3.0,100.0,2026-08-08_164601_437352_1_R8_TEST3,8,2.625,2.6248739656092135,2.3669050089645527,0.2579689566446608,0.06654798259233488,True,empirical-manual-held-out-test-group
total_light_quadratic,TEST3,live_implementation_range_1.7_to_3.0_N,1.7,3.0,100.0,2026-08-08_164601_437352_1_R8_TEST3,8,2.875,2.8596304910377204,2.365875710823115,0.4937547802146054,0.24379378298477328,True,empirical-manual-held-out-test-group
total_light_quadratic,TEST3,live_implementation_range_1.7_to_3.0_N,1.7,3.0,100.0,2026-08-08_165433_326903_1_R9_TEST3,9,1.875,1.8994778868607487,2.3747021572592435,0.4752242703984948,0.2258381071757817,True,empirical-manual-held-out-test-group
total_light_quadratic,TEST3,live_implementation_range_1.7_to_3.0_N,1.7,3.0,100.0,2026-08-08_165433_326903_1_R9_TEST3,9,2.125,2.1744640358763,2.378649050008114,0.20418501413181378,0.041691519996008994,True,empirical-manual-held-out-test-group
total_light_quadratic,TEST3,live_implementation_range_1.7_to_3.0_N,1.7,3.0,100.0,2026-08-08_165433_326903_1_R9_TEST3,9,2.375,2.3740686606728936,2.3759446853565054,0.00187602468361181,3.5194686135207917e-06,True,empirical-manual-held-out-test-group
total_light_quadratic,TEST3,live_implementation_range_1.7_to_3.0_N,1.7,3.0,100.0,2026-08-08_165433_326903_1_R9_TEST3,9,2.625,2.633959925424607,2.3741758263390396,0.25978409908556754,0.06748777813769997,True,empirical-manual-held-out-test-group
total_light_quadratic,TEST3,live_implementation_range_1.7_to_3.0_N,1.7,3.0,100.0,2026-08-08_165433_326903_1_R9_TEST3,9,2.875,2.8739618309747472,2.3756338483384964,0.4983279826362508,0.24833077827831546,True,empirical-manual-held-out-test-group
session_zeroed_total_linear,TEST3,live_implementation_range_1.7_to_3.0_N,1.7,3.0,0.01,2026-08-08_153239_266323_1_R1_TEST3,1,1.875,1.893615435709159,2.3545862364620205,0.46097080075286145,0.2124940791467343,True,empirical-manual-held-out-test-group
session_zeroed_total_linear,TEST3,live_implementation_range_1.7_to_3.0_N,1.7,3.0,0.01,2026-08-08_153239_266323_1_R1_TEST3,1,2.125,2.11136352613251,2.371925387988726,0.2605618618562162,0.0678924838539779,True,empirical-manual-held-out-test-group
session_zeroed_total_linear,TEST3,live_implementation_range_1.7_to_3.0_N,1.7,3.0,0.01,2026-08-08_153239_266323_1_R1_TEST3,1,2.375,2.3851843148763603,2.3610621100480915,0.024122204828268767,0.000581880765776953,True,empirical-manual-held-out-test-group
session_zeroed_total_linear,TEST3,live_implementation_range_1.7_to_3.0_N,1.7,3.0,0.01,2026-08-08_153239_266323_1_R1_TEST3,1,2.625,2.630707960143869,2.346604722267188,0.284103237876681,0.080714649772014,True,empirical-manual-held-out-test-group
session_zeroed_total_linear,TEST3,live_implementation_range_1.7_to_3.0_N,1.7,3.0,0.01,2026-08-08_153239_266323_1_R1_TEST3,1,2.875,2.852558019482838,2.3713425593659796,0.48121546011685856,0.2315683190554799,True,empirical-manual-held-out-test-group
session_zeroed_total_linear,TEST3,live_implementation_range_1.7_to_3.0_N,1.7,3.0,0.01,2026-08-08_154647_413072_1_R2_TEST3,2,1.625,1.7001608449550605,2.342363025068311,0.6422021801132507,0.4124236401422121,False,empirical-manual-held-out-test-group
session_zeroed_total_linear,TEST3,live_implementation_range_1.7_to_3.0_N,1.7,3.0,0.01,2026-08-08_154647_413072_1_R2_TEST3,2,1.875,1.7791031140829916,2.3496969519045368,0.5705938378215452,0.32557732775991977,False,empirical-manual-held-out-test-group
session_zeroed_total_linear,TEST3,live_implementation_range_1.7_to_3.0_N,1.7,3.0,0.01,2026-08-08_154647_413072_1_R2_TEST3,2,2.125,2.1601086857990106,2.3914501468507305,0.23134146105171993,0.05351887160154445,True,empirical-manual-held-out-test-group
session_zeroed_total_linear,TEST3,live_implementation_range_1.7_to_3.0_N,1.7,3.0,0.01,2026-08-08_154647_413072_1_R2_TEST3,2,2.375,2.374646346909854,2.4210772685070063,0.04643092159715234,0.002155830480360908,True,empirical-manual-held-out-test-group
session_zeroed_total_linear,TEST3,live_implementation_range_1.7_to_3.0_N,1.7,3.0,0.01,2026-08-08_154647_413072_1_R2_TEST3,2,2.625,2.6662100693882653,2.4381735747742344,0.22803649461403097,0.05200064287585498,True,empirical-manual-held-out-test-group
session_zeroed_total_linear,TEST3,live_implementation_range_1.7_to_3.0_N,1.7,3.0,0.01,2026-08-08_154647_413072_1_R2_TEST3,2,2.875,2.839697807262988,2.420429681148399,0.4192681261145892,0.17578576157563908,True,empirical-manual-held-out-test-group
session_zeroed_total_linear,TEST3,live_implementation_range_1.7_to_3.0_N,1.7,3.0,0.01,2026-08-08_160034_704902_1_R3_TEST3,3,1.875,1.8268151106519328,2.408028383231073,0.5812132725791401,0.33780886822215384,False,empirical-manual-held-out-test-group
session_zeroed_total_linear,TEST3,live_implementation_range_1.7_to_3.0_N,1.7,3.0,0.01,2026-08-08_160034_704902_1_R3_TEST3,3,2.125,2.1266093055319653,2.4097283000474166,0.2831189945154513,0.08015636505544015,True,empirical-manual-held-out-test-group
session_zeroed_total_linear,TEST3,live_implementation_range_1.7_to_3.0_N,1.7,3.0,0.01,2026-08-08_160034_704902_1_R3_TEST3,3,2.375,2.405610200513552,2.4141804631378405,0.008570262624288727,7.344940144928029e-05,True,empirical-manual-held-out-test-group
session_zeroed_total_linear,TEST3,live_implementation_range_1.7_to_3.0_N,1.7,3.0,0.01,2026-08-08_160034_704902_1_R3_TEST3,3,2.625,2.662924756781205,2.405664689372157,0.25726006740904817,0.066182742283308,True,empirical-manual-held-out-test-group
session_zeroed_total_linear,TEST3,live_implementation_range_1.7_to_3.0_N,1.7,3.0,0.01,2026-08-08_160034_704902_1_R3_TEST3,3,2.875,2.9097690434833288,2.4226638575355937,0.4871051859477351,0.2372714621771776,True,empirical-manual-held-out-test-group
session_zeroed_total_linear,TEST3,live_implementation_range_1.7_to_3.0_N,1.7,3.0,0.01,2026-08-08_160814_583552_1_R4_TEST3,4,1.875,1.882471198448545,2.2378424253891223,0.3553712269405773,0.1262887089372513,True,empirical-manual-held-out-test-group
session_zeroed_total_linear,TEST3,live_implementation_range_1.7_to_3.0_N,1.7,3.0,0.01,2026-08-08_160814_583552_1_R4_TEST3,4,2.125,2.142662966716671,2.2465686650463534,0.10390569832968266,0.010796394145379019,True,empirical-manual-held-out-test-group
session_zeroed_total_linear,TEST3,live_implementation_range_1.7_to_3.0_N,1.7,3.0,0.01,2026-08-08_160814_583552_1_R4_TEST3,4,2.375,2.402077881474829,2.2363044054124304,0.16577347606239856,0.02748084536581063,True,empirical-manual-held-out-test-group
session_zeroed_total_linear,TEST3,live_implementation_range_1.7_to_3.0_N,1.7,3.0,0.01,2026-08-08_160814_583552_1_R4_TEST3,4,2.625,2.6049019602738763,2.2373243555022366,0.3675776047716397,0.13511329552965576,True,empirical-manual-held-out-test-group
session_zeroed_total_linear,TEST3,live_implementation_range_1.7_to_3.0_N,1.7,3.0,0.01,2026-08-08_160814_583552_1_R4_TEST3,4,2.875,2.9120827439224803,2.2364824919360475,0.6756002519864328,0.4564357004841315,False,empirical-manual-held-out-test-group
session_zeroed_total_linear,TEST3,live_implementation_range_1.7_to_3.0_N,1.7,3.0,0.01,2026-08-08_161454_348568_1_R5_TEST3,5,1.875,1.8425550662153878,2.3623249053973754,0.5197698391819876,0.27016068572326923,False,empirical-manual-held-out-test-group
session_zeroed_total_linear,TEST3,live_implementation_range_1.7_to_3.0_N,1.7,3.0,0.01,2026-08-08_161454_348568_1_R5_TEST3,5,2.125,2.159575689287877,2.37772129484826,0.21814560556038298,0.04758750522530619,True,empirical-manual-held-out-test-group
session_zeroed_total_linear,TEST3,live_implementation_range_1.7_to_3.0_N,1.7,3.0,0.01,2026-08-08_161454_348568_1_R5_TEST3,5,2.375,2.3744183743665164,2.3735119770173134,0.0009063973492029476,8.2155615464213e-07,True,empirical-manual-held-out-test-group
session_zeroed_total_linear,TEST3,live_implementation_range_1.7_to_3.0_N,1.7,3.0,0.01,2026-08-08_161454_348568_1_R5_TEST3,5,2.625,2.610455014718841,2.3540843562591,0.25637065845974094,0.06572591451908114,True,empirical-manual-held-out-test-group
session_zeroed_total_linear,TEST3,live_implementation_range_1.7_to_3.0_N,1.7,3.0,0.01,2026-08-08_161454_348568_1_R5_TEST3,5,2.875,2.865705463323681,2.366356136704705,0.4993493266189759,0.24934974999482468,True,empirical-manual-held-out-test-group
session_zeroed_total_linear,TEST3,live_implementation_range_1.7_to_3.0_N,1.7,3.0,0.01,2026-08-08_162908_674758_1_R6_TEST3,6,1.875,1.917190547941816,2.3394165025866487,0.4222259546448326,0.17827475677574023,True,empirical-manual-held-out-test-group
session_zeroed_total_linear,TEST3,live_implementation_range_1.7_to_3.0_N,1.7,3.0,0.01,2026-08-08_162908_674758_1_R6_TEST3,6,2.125,2.1029740162975536,2.370112143384626,0.2671381270870725,0.0713627789435889,True,empirical-manual-held-out-test-group
session_zeroed_total_linear,TEST3,live_implementation_range_1.7_to_3.0_N,1.7,3.0,0.01,2026-08-08_162908_674758_1_R6_TEST3,6,2.375,2.3612873062305093,2.3477703795126805,0.013516926717828781,0.00018270730789515354,True,empirical-manual-held-out-test-group
session_zeroed_total_linear,TEST3,live_implementation_range_1.7_to_3.0_N,1.7,3.0,0.01,2026-08-08_162908_674758_1_R6_TEST3,6,2.625,2.613327962293215,2.353792941947727,0.25953502034548803,0.06735842678573288,True,empirical-manual-held-out-test-group
session_zeroed_total_linear,TEST3,live_implementation_range_1.7_to_3.0_N,1.7,3.0,0.01,2026-08-08_162908_674758_1_R6_TEST3,6,2.875,2.8633107475002246,2.372346319771821,0.49096442772840376,0.241046069294679,True,empirical-manual-held-out-test-group
session_zeroed_total_linear,TEST3,live_implementation_range_1.7_to_3.0_N,1.7,3.0,0.01,2026-08-08_163837_086088_1_R7_TEST3,7,1.875,1.903972525558947,2.355266203188558,0.4512936776296108,0.2036659834684591,True,empirical-manual-held-out-test-group
session_zeroed_total_linear,TEST3,live_implementation_range_1.7_to_3.0_N,1.7,3.0,0.01,2026-08-08_163837_086088_1_R7_TEST3,7,2.125,2.141628278252345,2.3542462530987516,0.21261797484640654,0.04520640322778716,True,empirical-manual-held-out-test-group
session_zeroed_total_linear,TEST3,live_implementation_range_1.7_to_3.0_N,1.7,3.0,0.01,2026-08-08_163837_086088_1_R7_TEST3,7,2.375,2.3769824974549736,2.3568689819011106,0.02011351555386298,0.0004045535079354881,True,empirical-manual-held-out-test-group
session_zeroed_total_linear,TEST3,live_implementation_range_1.7_to_3.0_N,1.7,3.0,0.01,2026-08-08_163837_086088_1_R7_TEST3,7,2.625,2.6579583298681366,2.3485312946590438,0.30942703520909287,0.0957450901182892,True,empirical-manual-held-out-test-group
session_zeroed_total_linear,TEST3,live_implementation_range_1.7_to_3.0_N,1.7,3.0,0.01,2026-08-08_163837_086088_1_R7_TEST3,7,2.875,2.8889538905352334,2.359006020184514,0.5299478703507194,0.28084474528926295,False,empirical-manual-held-out-test-group
session_zeroed_total_linear,TEST3,live_implementation_range_1.7_to_3.0_N,1.7,3.0,0.01,2026-08-08_164601_437352_1_R8_TEST3,8,1.875,1.892483684076637,2.3659675842895407,0.47348390021290365,0.2241870037608229,True,empirical-manual-held-out-test-group
session_zeroed_total_linear,TEST3,live_implementation_range_1.7_to_3.0_N,1.7,3.0,0.01,2026-08-08_164601_437352_1_R8_TEST3,8,2.125,2.05030111321083,2.3935224263982735,0.3432213131874433,0.11780086982611304,True,empirical-manual-held-out-test-group
session_zeroed_total_linear,TEST3,live_implementation_range_1.7_to_3.0_N,1.7,3.0,0.01,2026-08-08_164601_437352_1_R8_TEST3,8,2.375,2.304536157753233,2.3815744396319722,0.0770382818787394,0.005934896874828108,True,empirical-manual-held-out-test-group
session_zeroed_total_linear,TEST3,live_implementation_range_1.7_to_3.0_N,1.7,3.0,0.01,2026-08-08_164601_437352_1_R8_TEST3,8,2.625,2.6248739656092135,2.39229201041692,0.2325819551922934,0.05409436588106998,True,empirical-manual-held-out-test-group
session_zeroed_total_linear,TEST3,live_implementation_range_1.7_to_3.0_N,1.7,3.0,0.01,2026-08-08_164601_437352_1_R8_TEST3,8,2.875,2.8596304910377204,2.3870465528122025,0.4725839382255179,0.22333557866874013,True,empirical-manual-held-out-test-group
session_zeroed_total_linear,TEST3,live_implementation_range_1.7_to_3.0_N,1.7,3.0,0.01,2026-08-08_165433_326903_1_R9_TEST3,9,1.875,1.8994778868607487,2.3983469522198964,0.49886906535914766,0.24887034437230954,True,empirical-manual-held-out-test-group
session_zeroed_total_linear,TEST3,live_implementation_range_1.7_to_3.0_N,1.7,3.0,0.01,2026-08-08_165433_326903_1_R9_TEST3,9,2.125,2.1744640358763,2.415410879119194,0.24094684324289384,0.05805538126871566,True,empirical-manual-held-out-test-group
session_zeroed_total_linear,TEST3,live_implementation_range_1.7_to_3.0_N,1.7,3.0,0.01,2026-08-08_165433_326903_1_R9_TEST3,9,2.375,2.3740686606728936,2.4038190654001266,0.029750404727233004,0.0008850865814341678,True,empirical-manual-held-out-test-group
session_zeroed_total_linear,TEST3,live_implementation_range_1.7_to_3.0_N,1.7,3.0,0.01,2026-08-08_165433_326903_1_R9_TEST3,9,2.625,2.633959925424607,2.395999448044946,0.2379604773796613,0.0566251887947563,True,empirical-manual-held-out-test-group
session_zeroed_total_linear,TEST3,live_implementation_range_1.7_to_3.0_N,1.7,3.0,0.01,2026-08-08_165433_326903_1_R9_TEST3,9,2.875,2.8739618309747472,2.402459131947052,0.47150269902769537,0.22231479519040148,True,empirical-manual-held-out-test-group
nine_channel_ridge,TEST3,live_implementation_range_1.7_to_3.0_N,1.7,3.0,100.0,2026-08-08_153239_266323_1_R1_TEST3,1,1.875,1.893615435709159,2.361632300032128,0.4680168643229692,0.21903978529070456,True,empirical-manual-held-out-test-group
nine_channel_ridge,TEST3,live_implementation_range_1.7_to_3.0_N,1.7,3.0,100.0,2026-08-08_153239_266323_1_R1_TEST3,1,2.125,2.11136352613251,2.3605643992726795,0.2492008731401696,0.0621010751738229,True,empirical-manual-held-out-test-group
nine_channel_ridge,TEST3,live_implementation_range_1.7_to_3.0_N,1.7,3.0,100.0,2026-08-08_153239_266323_1_R1_TEST3,1,2.375,2.3851843148763603,2.3583277203416646,0.026856594534695688,0.0007212766700010463,True,empirical-manual-held-out-test-group
nine_channel_ridge,TEST3,live_implementation_range_1.7_to_3.0_N,1.7,3.0,100.0,2026-08-08_153239_266323_1_R1_TEST3,1,2.625,2.630707960143869,2.3579820654927914,0.27272589465107755,0.07437941361323065,True,empirical-manual-held-out-test-group
nine_channel_ridge,TEST3,live_implementation_range_1.7_to_3.0_N,1.7,3.0,100.0,2026-08-08_153239_266323_1_R1_TEST3,1,2.875,2.852558019482838,2.3581974610159246,0.4943605584669135,0.2443923617677186,True,empirical-manual-held-out-test-group
nine_channel_ridge,TEST3,live_implementation_range_1.7_to_3.0_N,1.7,3.0,100.0,2026-08-08_154647_413072_1_R2_TEST3,2,1.625,1.7001608449550605,2.3577916751525883,0.6576308301975278,0.4324783088262896,False,empirical-manual-held-out-test-group
nine_channel_ridge,TEST3,live_implementation_range_1.7_to_3.0_N,1.7,3.0,100.0,2026-08-08_154647_413072_1_R2_TEST3,2,1.875,1.7791031140829916,2.3585370081731103,0.5794338940901187,0.3357436376204389,False,empirical-manual-held-out-test-group
nine_channel_ridge,TEST3,live_implementation_range_1.7_to_3.0_N,1.7,3.0,100.0,2026-08-08_154647_413072_1_R2_TEST3,2,2.125,2.1601086857990106,2.362780305877142,0.20267162007813155,0.0410757855850945,True,empirical-manual-held-out-test-group
nine_channel_ridge,TEST3,live_implementation_range_1.7_to_3.0_N,1.7,3.0,100.0,2026-08-08_154647_413072_1_R2_TEST3,2,2.375,2.374646346909854,2.3657912538408405,0.008855093069013442,7.84126732608899e-05,True,empirical-manual-held-out-test-group
nine_channel_ridge,TEST3,live_implementation_range_1.7_to_3.0_N,1.7,3.0,100.0,2026-08-08_154647_413072_1_R2_TEST3,2,2.625,2.6662100693882653,2.3675287188953025,0.29868135049296285,0.08921054913230012,True,empirical-manual-held-out-test-group
nine_channel_ridge,TEST3,live_implementation_range_1.7_to_3.0_N,1.7,3.0,100.0,2026-08-08_154647_413072_1_R2_TEST3,2,2.875,2.839697807262988,2.365725440770596,0.47397236649239227,0.2246498041983986,True,empirical-manual-held-out-test-group
nine_channel_ridge,TEST3,live_implementation_range_1.7_to_3.0_N,1.7,3.0,100.0,2026-08-08_160034_704902_1_R3_TEST3,3,1.875,1.8268151106519328,2.40425642412134,0.5774413134694072,0.3334384705012742,False,empirical-manual-held-out-test-group
nine_channel_ridge,TEST3,live_implementation_range_1.7_to_3.0_N,1.7,3.0,100.0,2026-08-08_160034_704902_1_R3_TEST3,3,2.125,2.1266093055319653,2.407998080288297,0.2813887747563317,0.0791796425588696,True,empirical-manual-held-out-test-group
nine_channel_ridge,TEST3,live_implementation_range_1.7_to_3.0_N,1.7,3.0,100.0,2026-08-08_160034_704902_1_R3_TEST3,3,2.375,2.405610200513552,2.411177986467721,0.005567785954169402,3.1000240431446075e-05,True,empirical-manual-held-out-test-group
nine_channel_ridge,TEST3,live_implementation_range_1.7_to_3.0_N,1.7,3.0,100.0,2026-08-08_160034_704902_1_R3_TEST3,3,2.625,2.662924756781205,2.405901549084828,0.2570232076963772,0.06606092929453505,True,empirical-manual-held-out-test-group
nine_channel_ridge,TEST3,live_implementation_range_1.7_to_3.0_N,1.7,3.0,100.0,2026-08-08_160034_704902_1_R3_TEST3,3,2.875,2.9097690434833288,2.4095328615042337,0.500236181979095,0.2502362377610223,False,empirical-manual-held-out-test-group
nine_channel_ridge,TEST3,live_implementation_range_1.7_to_3.0_N,1.7,3.0,100.0,2026-08-08_160814_583552_1_R4_TEST3,4,1.875,1.882471198448545,2.358492537867277,0.47602133941873204,0.2265963155820037,True,empirical-manual-held-out-test-group
nine_channel_ridge,TEST3,live_implementation_range_1.7_to_3.0_N,1.7,3.0,100.0,2026-08-08_160814_583552_1_R4_TEST3,4,2.125,2.142662966716671,2.363351182100031,0.22068821538336003,0.048703288409092306,True,empirical-manual-held-out-test-group
nine_channel_ridge,TEST3,live_implementation_range_1.7_to_3.0_N,1.7,3.0,100.0,2026-08-08_160814_583552_1_R4_TEST3,4,2.375,2.402077881474829,2.3523372640645785,0.049740617410250376,0.0024741290203529028,True,empirical-manual-held-out-test-group
nine_channel_ridge,TEST3,live_implementation_range_1.7_to_3.0_N,1.7,3.0,100.0,2026-08-08_160814_583552_1_R4_TEST3,4,2.625,2.6049019602738763,2.364522561707606,0.2403793985662701,0.05778225525508174,True,empirical-manual-held-out-test-group
nine_channel_ridge,TEST3,live_implementation_range_1.7_to_3.0_N,1.7,3.0,100.0,2026-08-08_160814_583552_1_R4_TEST3,4,2.875,2.9120827439224803,2.365462346786453,0.5466203971360275,0.29879385856514845,False,empirical-manual-held-out-test-group
nine_channel_ridge,TEST3,live_implementation_range_1.7_to_3.0_N,1.7,3.0,100.0,2026-08-08_161454_348568_1_R5_TEST3,5,1.875,1.8425550662153878,2.3894440817420994,0.5468890155267117,0.2990875953037759,False,empirical-manual-held-out-test-group
nine_channel_ridge,TEST3,live_implementation_range_1.7_to_3.0_N,1.7,3.0,100.0,2026-08-08_161454_348568_1_R5_TEST3,5,2.125,2.159575689287877,2.4224585189238623,0.2628828296359855,0.0691073821174226,True,empirical-manual-held-out-test-group
nine_channel_ridge,TEST3,live_implementation_range_1.7_to_3.0_N,1.7,3.0,100.0,2026-08-08_161454_348568_1_R5_TEST3,5,2.375,2.3744183743665164,2.412480164367581,0.038061790001064466,0.001448699858085131,True,empirical-manual-held-out-test-group
nine_channel_ridge,TEST3,live_implementation_range_1.7_to_3.0_N,1.7,3.0,100.0,2026-08-08_161454_348568_1_R5_TEST3,5,2.625,2.610455014718841,2.3792288523002085,0.23122616241863225,0.053465538186847704,True,empirical-manual-held-out-test-group
nine_channel_ridge,TEST3,live_implementation_range_1.7_to_3.0_N,1.7,3.0,100.0,2026-08-08_161454_348568_1_R5_TEST3,5,2.875,2.865705463323681,2.4016727477116673,0.46403271561201365,0.21532636115825993,True,empirical-manual-held-out-test-group
nine_channel_ridge,TEST3,live_implementation_range_1.7_to_3.0_N,1.7,3.0,100.0,2026-08-08_162908_674758_1_R6_TEST3,6,1.875,1.917190547941816,2.3577916751525883,0.44060112721077216,0.19412935329940303,True,empirical-manual-held-out-test-group
nine_channel_ridge,TEST3,live_implementation_range_1.7_to_3.0_N,1.7,3.0,100.0,2026-08-08_162908_674758_1_R6_TEST3,6,2.125,2.1029740162975536,2.3828966408953605,0.2799226245978068,0.07835667576172468,True,empirical-manual-held-out-test-group
nine_channel_ridge,TEST3,live_implementation_range_1.7_to_3.0_N,1.7,3.0,100.0,2026-08-08_162908_674758_1_R6_TEST3,6,2.375,2.3612873062305093,2.3646240392471403,0.003336733016630955,1.1133787224275113e-05,True,empirical-manual-held-out-test-group
nine_channel_ridge,TEST3,live_implementation_range_1.7_to_3.0_N,1.7,3.0,100.0,2026-08-08_162908_674758_1_R6_TEST3,6,2.625,2.613327962293215,2.3695496970827477,0.2437782652104672,0.05942784258902488,True,empirical-manual-held-out-test-group
nine_channel_ridge,TEST3,live_implementation_range_1.7_to_3.0_N,1.7,3.0,100.0,2026-08-08_162908_674758_1_R6_TEST3,6,2.875,2.8633107475002246,2.3847239010601826,0.478586846440042,0.22904536958542435,True,empirical-manual-held-out-test-group
nine_channel_ridge,TEST3,live_implementation_range_1.7_to_3.0_N,1.7,3.0,100.0,2026-08-08_163837_086088_1_R7_TEST3,7,1.875,1.903972525558947,2.3486197597804424,0.4446472342214953,0.19771116290082533,True,empirical-manual-held-out-test-group
nine_channel_ridge,TEST3,live_implementation_range_1.7_to_3.0_N,1.7,3.0,100.0,2026-08-08_163837_086088_1_R7_TEST3,7,2.125,2.141628278252345,2.3535336968744276,0.21190541862208256,0.044903906441400056,True,empirical-manual-held-out-test-group
nine_channel_ridge,TEST3,live_implementation_range_1.7_to_3.0_N,1.7,3.0,100.0,2026-08-08_163837_086088_1_R7_TEST3,7,2.375,2.3769824974549736,2.3474804628897994,0.029502034565174196,0.0008703700434847329,True,empirical-manual-held-out-test-group
nine_channel_ridge,TEST3,live_implementation_range_1.7_to_3.0_N,1.7,3.0,100.0,2026-08-08_163837_086088_1_R7_TEST3,7,2.625,2.6579583298681366,2.353407108331023,0.30455122153711356,0.09275144653974803,True,empirical-manual-held-out-test-group
nine_channel_ridge,TEST3,live_implementation_range_1.7_to_3.0_N,1.7,3.0,100.0,2026-08-08_163837_086088_1_R7_TEST3,7,2.875,2.8889538905352334,2.3507487489195227,0.5382051416157108,0.2896647744615873,False,empirical-manual-held-out-test-group
nine_channel_ridge,TEST3,live_implementation_range_1.7_to_3.0_N,1.7,3.0,100.0,2026-08-08_164601_437352_1_R8_TEST3,8,1.875,1.892483684076637,2.3629676880236645,0.4704840039470275,0.2213551979700266,True,empirical-manual-held-out-test-group
nine_channel_ridge,TEST3,live_implementation_range_1.7_to_3.0_N,1.7,3.0,100.0,2026-08-08_164601_437352_1_R8_TEST3,8,2.125,2.05030111321083,2.369009919784002,0.3187088065731718,0.10157530338729544,True,empirical-manual-held-out-test-group
nine_channel_ridge,TEST3,live_implementation_range_1.7_to_3.0_N,1.7,3.0,100.0,2026-08-08_164601_437352_1_R8_TEST3,8,2.375,2.304536157753233,2.3662195589358084,0.06168340118257554,0.0038048419814505612,True,empirical-manual-held-out-test-group
nine_channel_ridge,TEST3,live_implementation_range_1.7_to_3.0_N,1.7,3.0,100.0,2026-08-08_164601_437352_1_R8_TEST3,8,2.625,2.6248739656092135,2.3687401139004614,0.25613385170875214,0.06560454999116103,True,empirical-manual-held-out-test-group
nine_channel_ridge,TEST3,live_implementation_range_1.7_to_3.0_N,1.7,3.0,100.0,2026-08-08_164601_437352_1_R8_TEST3,8,2.875,2.8596304910377204,2.3675898888180003,0.4920406022197201,0.24210395423274486,True,empirical-manual-held-out-test-group
nine_channel_ridge,TEST3,live_implementation_range_1.7_to_3.0_N,1.7,3.0,100.0,2026-08-08_165433_326903_1_R9_TEST3,9,1.875,1.8994778868607487,2.3718737037186974,0.47239581685794874,0.22315780778488864,True,empirical-manual-held-out-test-group
nine_channel_ridge,TEST3,live_implementation_range_1.7_to_3.0_N,1.7,3.0,100.0,2026-08-08_165433_326903_1_R9_TEST3,9,2.125,2.1744640358763,2.3702659552463134,0.19580191937001334,0.03833839162898121,True,empirical-manual-held-out-test-group
nine_channel_ridge,TEST3,live_implementation_range_1.7_to_3.0_N,1.7,3.0,100.0,2026-08-08_165433_326903_1_R9_TEST3,9,2.375,2.3740686606728936,2.3699723411719438,0.004096319500949797,1.677983345386159e-05,True,empirical-manual-held-out-test-group
nine_channel_ridge,TEST3,live_implementation_range_1.7_to_3.0_N,1.7,3.0,100.0,2026-08-08_165433_326903_1_R9_TEST3,9,2.625,2.633959925424607,2.3684638111327123,0.2654961142918948,0.07048818670409486,True,empirical-manual-held-out-test-group
nine_channel_ridge,TEST3,live_implementation_range_1.7_to_3.0_N,1.7,3.0,100.0,2026-08-08_165433_326903_1_R9_TEST3,9,2.875,2.8739618309747472,2.369162452003949,0.5047993789707981,0.2548224130093034,False,empirical-manual-held-out-test-group
nine_channel_log_ridge,TEST3,live_implementation_range_1.7_to_3.0_N,1.7,3.0,100.0,2026-08-08_153239_266323_1_R1_TEST3,1,1.875,1.893615435709159,2.3821429898142368,0.48852755410507775,0.23865917111988968,True,empirical-manual-held-out-test-group
nine_channel_log_ridge,TEST3,live_implementation_range_1.7_to_3.0_N,1.7,3.0,100.0,2026-08-08_153239_266323_1_R1_TEST3,1,2.125,2.11136352613251,2.393561012345487,0.282197486212977,0.07963542122492336,True,empirical-manual-held-out-test-group
nine_channel_log_ridge,TEST3,live_implementation_range_1.7_to_3.0_N,1.7,3.0,100.0,2026-08-08_153239_266323_1_R1_TEST3,1,2.375,2.3851843148763603,2.3836232634770447,0.001561051399315616,2.4368814713052433e-06,True,empirical-manual-held-out-test-group
nine_channel_log_ridge,TEST3,live_implementation_range_1.7_to_3.0_N,1.7,3.0,100.0,2026-08-08_153239_266323_1_R1_TEST3,1,2.625,2.630707960143869,2.3819732079240383,0.24873475221983066,0.06186897696186055,True,empirical-manual-held-out-test-group
nine_channel_log_ridge,TEST3,live_implementation_range_1.7_to_3.0_N,1.7,3.0,100.0,2026-08-08_153239_266323_1_R1_TEST3,1,2.875,2.852558019482838,2.3849132408006937,0.4676447786821445,0.2186916390286719,True,empirical-manual-held-out-test-group
nine_channel_log_ridge,TEST3,live_implementation_range_1.7_to_3.0_N,1.7,3.0,100.0,2026-08-08_154647_413072_1_R2_TEST3,2,1.625,1.7001608449550605,2.3583318441941916,0.6581709992391311,0.43318906423943637,False,empirical-manual-held-out-test-group
nine_channel_log_ridge,TEST3,live_implementation_range_1.7_to_3.0_N,1.7,3.0,100.0,2026-08-08_154647_413072_1_R2_TEST3,2,1.875,1.7791031140829916,2.3691541979490673,0.5900510838660757,0.3481602815715307,False,empirical-manual-held-out-test-group
nine_channel_log_ridge,TEST3,live_implementation_range_1.7_to_3.0_N,1.7,3.0,100.0,2026-08-08_154647_413072_1_R2_TEST3,2,2.125,2.1601086857990106,2.3729377088098085,0.21282902301079787,0.04529619303573073,True,empirical-manual-held-out-test-group
nine_channel_log_ridge,TEST3,live_implementation_range_1.7_to_3.0_N,1.7,3.0,100.0,2026-08-08_154647_413072_1_R2_TEST3,2,2.375,2.374646346909854,2.3738788890485645,0.0007674578612895111,5.889915688550704e-07,True,empirical-manual-held-out-test-group
nine_channel_log_ridge,TEST3,live_implementation_range_1.7_to_3.0_N,1.7,3.0,100.0,2026-08-08_154647_413072_1_R2_TEST3,2,2.625,2.6662100693882653,2.3742706831123175,0.29193938627594784,0.08522860525917708,True,empirical-manual-held-out-test-group
nine_channel_log_ridge,TEST3,live_implementation_range_1.7_to_3.0_N,1.7,3.0,100.0,2026-08-08_154647_413072_1_R2_TEST3,2,2.875,2.839697807262988,2.3738624222866496,0.4658353849763386,0.21700260589605358,True,empirical-manual-held-out-test-group
nine_channel_log_ridge,TEST3,live_implementation_range_1.7_to_3.0_N,1.7,3.0,100.0,2026-08-08_160034_704902_1_R3_TEST3,3,1.875,1.8268151106519328,2.357765909862608,0.5309507992106752,0.2819087511824548,False,empirical-manual-held-out-test-group
nine_channel_log_ridge,TEST3,live_implementation_range_1.7_to_3.0_N,1.7,3.0,100.0,2026-08-08_160034_704902_1_R3_TEST3,3,2.125,2.1266093055319653,2.3577602551777814,0.23115094964581617,0.05343076152216265,True,empirical-manual-held-out-test-group
nine_channel_log_ridge,TEST3,live_implementation_range_1.7_to_3.0_N,1.7,3.0,100.0,2026-08-08_160034_704902_1_R3_TEST3,3,2.375,2.405610200513552,2.3577557712554436,0.04785442925810823,0.002290046399619285,True,empirical-manual-held-out-test-group
nine_channel_log_ridge,TEST3,live_implementation_range_1.7_to_3.0_N,1.7,3.0,100.0,2026-08-08_160034_704902_1_R3_TEST3,3,2.625,2.662924756781205,2.357763369541285,0.30516138723992015,0.0931234722621925,True,empirical-manual-held-out-test-group
nine_channel_log_ridge,TEST3,live_implementation_range_1.7_to_3.0_N,1.7,3.0,100.0,2026-08-08_160034_704902_1_R3_TEST3,3,2.875,2.9097690434833288,2.3577580566284255,0.5520109868549032,0.3047161296085242,False,empirical-manual-held-out-test-group
nine_channel_log_ridge,TEST3,live_implementation_range_1.7_to_3.0_N,1.7,3.0,100.0,2026-08-08_160814_583552_1_R4_TEST3,4,1.875,1.882471198448545,2.3580176285509378,0.47554643010239284,0.22614440718313,True,empirical-manual-held-out-test-group
nine_channel_log_ridge,TEST3,live_implementation_range_1.7_to_3.0_N,1.7,3.0,100.0,2026-08-08_160814_583552_1_R4_TEST3,4,2.125,2.142662966716671,2.3582266604508937,0.2155636937342229,0.04646770605634185,True,empirical-manual-held-out-test-group
nine_channel_log_ridge,TEST3,live_implementation_range_1.7_to_3.0_N,1.7,3.0,100.0,2026-08-08_160814_583552_1_R4_TEST3,4,2.375,2.402077881474829,2.3518787265074033,0.05019915496742566,0.0025199551594436167,True,empirical-manual-held-out-test-group
nine_channel_log_ridge,TEST3,live_implementation_range_1.7_to_3.0_N,1.7,3.0,100.0,2026-08-08_160814_583552_1_R4_TEST3,4,2.625,2.6049019602738763,2.3674214919820633,0.23748046829181302,0.05639697282009881,True,empirical-manual-held-out-test-group
nine_channel_log_ridge,TEST3,live_implementation_range_1.7_to_3.0_N,1.7,3.0,100.0,2026-08-08_160814_583552_1_R4_TEST3,4,2.875,2.9120827439224803,2.3616070353758243,0.5504757085466561,0.303023505699943,False,empirical-manual-held-out-test-group
nine_channel_log_ridge,TEST3,live_implementation_range_1.7_to_3.0_N,1.7,3.0,100.0,2026-08-08_161454_348568_1_R5_TEST3,5,1.875,1.8425550662153878,2.36634100945858,0.5237859432431922,0.2743517143391605,False,empirical-manual-held-out-test-group
nine_channel_log_ridge,TEST3,live_implementation_range_1.7_to_3.0_N,1.7,3.0,100.0,2026-08-08_161454_348568_1_R5_TEST3,5,2.125,2.159575689287877,2.36725047966728,0.20767479037940317,0.04312881855912905,True,empirical-manual-held-out-test-group
nine_channel_log_ridge,TEST3,live_implementation_range_1.7_to_3.0_N,1.7,3.0,100.0,2026-08-08_161454_348568_1_R5_TEST3,5,2.375,2.3744183743665164,2.367037059461848,0.007381314904668201,5.448380972187694e-05,True,empirical-manual-held-out-test-group
nine_channel_log_ridge,TEST3,live_implementation_range_1.7_to_3.0_N,1.7,3.0,100.0,2026-08-08_161454_348568_1_R5_TEST3,5,2.625,2.610455014718841,2.3658454104897535,0.24460960422908729,0.05983385848111072,True,empirical-manual-held-out-test-group
nine_channel_log_ridge,TEST3,live_implementation_range_1.7_to_3.0_N,1.7,3.0,100.0,2026-08-08_161454_348568_1_R5_TEST3,5,2.875,2.865705463323681,2.366756749160032,0.49894871416364905,0.24894981936555877,True,empirical-manual-held-out-test-group
nine_channel_log_ridge,TEST3,live_implementation_range_1.7_to_3.0_N,1.7,3.0,100.0,2026-08-08_162908_674758_1_R6_TEST3,6,1.875,1.917190547941816,2.3583318441941916,0.4411412962523755,0.19460564325922614,True,empirical-manual-held-out-test-group
nine_channel_log_ridge,TEST3,live_implementation_range_1.7_to_3.0_N,1.7,3.0,100.0,2026-08-08_162908_674758_1_R6_TEST3,6,2.125,2.1029740162975536,2.4091970549393262,0.3062230386417726,0.09377254939500054,True,empirical-manual-held-out-test-group
nine_channel_log_ridge,TEST3,live_implementation_range_1.7_to_3.0_N,1.7,3.0,100.0,2026-08-08_162908_674758_1_R6_TEST3,6,2.375,2.3612873062305093,2.399561950047272,0.03827464381676249,0.001464948359300035,True,empirical-manual-held-out-test-group
nine_channel_log_ridge,TEST3,live_implementation_range_1.7_to_3.0_N,1.7,3.0,100.0,2026-08-08_162908_674758_1_R6_TEST3,6,2.625,2.613327962293215,2.403577845215278,0.20975011707793678,0.04399511161420819,True,empirical-manual-held-out-test-group
nine_channel_log_ridge,TEST3,live_implementation_range_1.7_to_3.0_N,1.7,3.0,100.0,2026-08-08_162908_674758_1_R6_TEST3,6,2.875,2.8633107475002246,2.4097178183330272,0.4535929291671974,0.20574654539047815,True,empirical-manual-held-out-test-group
nine_channel_log_ridge,TEST3,live_implementation_range_1.7_to_3.0_N,1.7,3.0,100.0,2026-08-08_163837_086088_1_R7_TEST3,7,1.875,1.903972525558947,2.3350432912532204,0.4310707656942734,0.18582200503624713,True,empirical-manual-held-out-test-group
nine_channel_log_ridge,TEST3,live_implementation_range_1.7_to_3.0_N,1.7,3.0,100.0,2026-08-08_163837_086088_1_R7_TEST3,7,2.125,2.141628278252345,2.338015360870381,0.19638708261803606,0.03856788621922332,True,empirical-manual-held-out-test-group
nine_channel_log_ridge,TEST3,live_implementation_range_1.7_to_3.0_N,1.7,3.0,100.0,2026-08-08_163837_086088_1_R7_TEST3,7,2.375,2.3769824974549736,2.3345891646492642,0.04239333280570934,0.0017971946663756315,True,empirical-manual-held-out-test-group
nine_channel_log_ridge,TEST3,live_implementation_range_1.7_to_3.0_N,1.7,3.0,100.0,2026-08-08_163837_086088_1_R7_TEST3,7,2.625,2.6579583298681366,2.3379020669397046,0.32005626292843203,0.10243601143971362,True,empirical-manual-held-out-test-group
nine_channel_log_ridge,TEST3,live_implementation_range_1.7_to_3.0_N,1.7,3.0,100.0,2026-08-08_163837_086088_1_R7_TEST3,7,2.875,2.8889538905352334,2.336067196857358,0.5528866936778756,0.305683696046053,False,empirical-manual-held-out-test-group
nine_channel_log_ridge,TEST3,live_implementation_range_1.7_to_3.0_N,1.7,3.0,100.0,2026-08-08_164601_437352_1_R8_TEST3,8,1.875,1.892483684076637,2.370595440884437,0.47811175680780016,0.22859085199784104,True,empirical-manual-held-out-test-group
nine_channel_log_ridge,TEST3,live_implementation_range_1.7_to_3.0_N,1.7,3.0,100.0,2026-08-08_164601_437352_1_R8_TEST3,8,2.125,2.05030111321083,2.3720328525012926,0.3217317392904624,0.10351131206686606,True,empirical-manual-held-out-test-group
nine_channel_log_ridge,TEST3,live_implementation_range_1.7_to_3.0_N,1.7,3.0,100.0,2026-08-08_164601_437352_1_R8_TEST3,8,2.375,2.304536157753233,2.371501266773042,0.06696510901980934,0.0044843258260349505,True,empirical-manual-held-out-test-group
nine_channel_log_ridge,TEST3,live_implementation_range_1.7_to_3.0_N,1.7,3.0,100.0,2026-08-08_164601_437352_1_R8_TEST3,8,2.625,2.6248739656092135,2.3719875986194943,0.2528863669897192,0.06395151460925895,True,empirical-manual-held-out-test-group
nine_channel_log_ridge,TEST3,live_implementation_range_1.7_to_3.0_N,1.7,3.0,100.0,2026-08-08_164601_437352_1_R8_TEST3,8,2.875,2.8596304910377204,2.3717812771378894,0.48784921389983094,0.23799685550268299,True,empirical-manual-held-out-test-group
nine_channel_log_ridge,TEST3,live_implementation_range_1.7_to_3.0_N,1.7,3.0,100.0,2026-08-08_165433_326903_1_R9_TEST3,9,1.875,1.8994778868607487,2.3877163631458846,0.48823847628513595,0.23837680972523126,True,empirical-manual-held-out-test-group
nine_channel_log_ridge,TEST3,live_implementation_range_1.7_to_3.0_N,1.7,3.0,100.0,2026-08-08_165433_326903_1_R9_TEST3,9,2.125,2.1744640358763,2.3930314843290263,0.21856744845272624,0.047771729523135145,True,empirical-manual-held-out-test-group
nine_channel_log_ridge,TEST3,live_implementation_range_1.7_to_3.0_N,1.7,3.0,100.0,2026-08-08_165433_326903_1_R9_TEST3,9,2.375,2.3740686606728936,2.3824440235619853,0.008375362889091686,7.014670352397424e-05,True,empirical-manual-held-out-test-group
nine_channel_log_ridge,TEST3,live_implementation_range_1.7_to_3.0_N,1.7,3.0,100.0,2026-08-08_165433_326903_1_R9_TEST3,9,2.625,2.633959925424607,2.358680480231268,0.2752794451933389,0.07577877294595248,True,empirical-manual-held-out-test-group
nine_channel_log_ridge,TEST3,live_implementation_range_1.7_to_3.0_N,1.7,3.0,100.0,2026-08-08_165433_326903_1_R9_TEST3,9,2.875,2.8739618309747472,2.3796265066696076,0.4943353243051396,0.24436741285586755,True,empirical-manual-held-out-test-group
session_zeroed_nine_channel_ridge,TEST3,live_implementation_range_1.7_to_3.0_N,1.7,3.0,100.0,2026-08-08_153239_266323_1_R1_TEST3,1,1.875,1.893615435709159,2.3694483703551215,0.47583293464596244,0.22641698169378877,True,empirical-manual-held-out-test-group
session_zeroed_nine_channel_ridge,TEST3,live_implementation_range_1.7_to_3.0_N,1.7,3.0,100.0,2026-08-08_153239_266323_1_R1_TEST3,1,2.125,2.11136352613251,2.375872516290614,0.26450899015810414,0.06996500587446003,True,empirical-manual-held-out-test-group
session_zeroed_nine_channel_ridge,TEST3,live_implementation_range_1.7_to_3.0_N,1.7,3.0,100.0,2026-08-08_153239_266323_1_R1_TEST3,1,2.375,2.3851843148763603,2.3690812295432977,0.016103085333062594,0.00025930935724389565,True,empirical-manual-held-out-test-group
session_zeroed_nine_channel_ridge,TEST3,live_implementation_range_1.7_to_3.0_N,1.7,3.0,100.0,2026-08-08_153239_266323_1_R1_TEST3,1,2.625,2.630707960143869,2.3645527721307826,0.26615518801308635,0.07083858410628134,True,empirical-manual-held-out-test-group
session_zeroed_nine_channel_ridge,TEST3,live_implementation_range_1.7_to_3.0_N,1.7,3.0,100.0,2026-08-08_153239_266323_1_R1_TEST3,1,2.875,2.852558019482838,2.3725836714482225,0.4799743480346157,0.2303753747712544,True,empirical-manual-held-out-test-group
session_zeroed_nine_channel_ridge,TEST3,live_implementation_range_1.7_to_3.0_N,1.7,3.0,100.0,2026-08-08_154647_413072_1_R2_TEST3,2,1.625,1.7001608449550605,2.3632647955835093,0.6631039506284488,0.43970684933905635,False,empirical-manual-held-out-test-group
session_zeroed_nine_channel_ridge,TEST3,live_implementation_range_1.7_to_3.0_N,1.7,3.0,100.0,2026-08-08_154647_413072_1_R2_TEST3,2,1.875,1.7791031140829916,2.367948468442724,0.5888453543597323,0.3467388513510387,False,empirical-manual-held-out-test-group
session_zeroed_nine_channel_ridge,TEST3,live_implementation_range_1.7_to_3.0_N,1.7,3.0,100.0,2026-08-08_154647_413072_1_R2_TEST3,2,2.125,2.1601086857990106,2.3946133521158246,0.234504666316814,0.054992438524360275,True,empirical-manual-held-out-test-group
session_zeroed_nine_channel_ridge,TEST3,live_implementation_range_1.7_to_3.0_N,1.7,3.0,100.0,2026-08-08_154647_413072_1_R2_TEST3,2,2.375,2.374646346909854,2.4135341497590095,0.038887802849155495,0.0015122612104347863,True,empirical-manual-held-out-test-group
session_zeroed_nine_channel_ridge,TEST3,live_implementation_range_1.7_to_3.0_N,1.7,3.0,100.0,2026-08-08_154647_413072_1_R2_TEST3,2,2.625,2.6662100693882653,2.4244523805301585,0.24175768885810678,0.05844678012201317,True,empirical-manual-held-out-test-group
session_zeroed_nine_channel_ridge,TEST3,live_implementation_range_1.7_to_3.0_N,1.7,3.0,100.0,2026-08-08_154647_413072_1_R2_TEST3,2,2.875,2.839697807262988,2.413120580411617,0.426577226851371,0.18196813046820604,True,empirical-manual-held-out-test-group
session_zeroed_nine_channel_ridge,TEST3,live_implementation_range_1.7_to_3.0_N,1.7,3.0,100.0,2026-08-08_160034_704902_1_R3_TEST3,3,1.875,1.8268151106519328,2.4093141185503266,0.5824990078983938,0.33930509420261307,False,empirical-manual-held-out-test-group
session_zeroed_nine_channel_ridge,TEST3,live_implementation_range_1.7_to_3.0_N,1.7,3.0,100.0,2026-08-08_160034_704902_1_R3_TEST3,3,2.125,2.1266093055319653,2.4132570574686025,0.2866477519366373,0.08216693369032793,True,empirical-manual-held-out-test-group
session_zeroed_nine_channel_ridge,TEST3,live_implementation_range_1.7_to_3.0_N,1.7,3.0,100.0,2026-08-08_160034_704902_1_R3_TEST3,3,2.375,2.405610200513552,2.4166080270050463,0.0109978264914945,0.00012095218753701823,True,empirical-manual-held-out-test-group
session_zeroed_nine_channel_ridge,TEST3,live_implementation_range_1.7_to_3.0_N,1.7,3.0,100.0,2026-08-08_160034_704902_1_R3_TEST3,3,2.625,2.662924756781205,2.4110477431685498,0.25187701361265535,0.06344202998642977,True,empirical-manual-held-out-test-group
session_zeroed_nine_channel_ridge,TEST3,live_implementation_range_1.7_to_3.0_N,1.7,3.0,100.0,2026-08-08_160034_704902_1_R3_TEST3,3,2.875,2.9097690434833288,2.414874402386823,0.4948946410965056,0.24492070578603908,True,empirical-manual-held-out-test-group
session_zeroed_nine_channel_ridge,TEST3,live_implementation_range_1.7_to_3.0_N,1.7,3.0,100.0,2026-08-08_160814_583552_1_R4_TEST3,4,1.875,1.882471198448545,2.275922228486315,0.39345103003777027,0.1548037130377824,True,empirical-manual-held-out-test-group
session_zeroed_nine_channel_ridge,TEST3,live_implementation_range_1.7_to_3.0_N,1.7,3.0,100.0,2026-08-08_160814_583552_1_R4_TEST3,4,2.125,2.142662966716671,2.2834846101336828,0.14082164341701198,0.019830735254668073,True,empirical-manual-held-out-test-group
session_zeroed_nine_channel_ridge,TEST3,live_implementation_range_1.7_to_3.0_N,1.7,3.0,100.0,2026-08-08_160814_583552_1_R4_TEST3,4,2.375,2.402077881474829,2.2711615073919096,0.13091637408291934,0.017139097003018876,True,empirical-manual-held-out-test-group
session_zeroed_nine_channel_ridge,TEST3,live_implementation_range_1.7_to_3.0_N,1.7,3.0,100.0,2026-08-08_160814_583552_1_R4_TEST3,4,2.625,2.6049019602738763,2.2762236226586765,0.3286783376151998,0.10802944961749128,True,empirical-manual-held-out-test-group
session_zeroed_nine_channel_ridge,TEST3,live_implementation_range_1.7_to_3.0_N,1.7,3.0,100.0,2026-08-08_160814_583552_1_R4_TEST3,4,2.875,2.9120827439224803,2.282380004083825,0.6297027398386552,0.3965255405603091,False,empirical-manual-held-out-test-group
session_zeroed_nine_channel_ridge,TEST3,live_implementation_range_1.7_to_3.0_N,1.7,3.0,100.0,2026-08-08_161454_348568_1_R5_TEST3,5,1.875,1.8425550662153878,2.391410869234934,0.5488558030195461,0.30124269250823077,False,empirical-manual-held-out-test-group
session_zeroed_nine_channel_ridge,TEST3,live_implementation_range_1.7_to_3.0_N,1.7,3.0,100.0,2026-08-08_161454_348568_1_R5_TEST3,5,2.125,2.159575689287877,2.420768092921873,0.2611924036339963,0.06822147171610446,True,empirical-manual-held-out-test-group
session_zeroed_nine_channel_ridge,TEST3,live_implementation_range_1.7_to_3.0_N,1.7,3.0,100.0,2026-08-08_161454_348568_1_R5_TEST3,5,2.375,2.3744183743665164,2.411895102444296,0.037476728077779686,0.0014045051474158403,True,empirical-manual-held-out-test-group
session_zeroed_nine_channel_ridge,TEST3,live_implementation_range_1.7_to_3.0_N,1.7,3.0,100.0,2026-08-08_161454_348568_1_R5_TEST3,5,2.625,2.610455014718841,2.382327243968571,0.22812777075026958,0.05204227978748755,True,empirical-manual-held-out-test-group
session_zeroed_nine_channel_ridge,TEST3,live_implementation_range_1.7_to_3.0_N,1.7,3.0,100.0,2026-08-08_161454_348568_1_R5_TEST3,5,2.875,2.865705463323681,2.4022848902059706,0.46342057311771034,0.21475862758874711,True,empirical-manual-held-out-test-group
session_zeroed_nine_channel_ridge,TEST3,live_implementation_range_1.7_to_3.0_N,1.7,3.0,100.0,2026-08-08_162908_674758_1_R6_TEST3,6,1.875,1.917190547941816,2.3617763804350633,0.44458583249324723,0.19765656245371369,True,empirical-manual-held-out-test-group
session_zeroed_nine_channel_ridge,TEST3,live_implementation_range_1.7_to_3.0_N,1.7,3.0,100.0,2026-08-08_162908_674758_1_R6_TEST3,6,2.125,2.1029740162975536,2.4217003779074933,0.3187263616099396,0.10158649358510999,True,empirical-manual-held-out-test-group
session_zeroed_nine_channel_ridge,TEST3,live_implementation_range_1.7_to_3.0_N,1.7,3.0,100.0,2026-08-08_162908_674758_1_R6_TEST3,6,2.375,2.3612873062305093,2.378084810126927,0.016797503896417876,0.00028215613715017375,True,empirical-manual-held-out-test-group
session_zeroed_nine_channel_ridge,TEST3,live_implementation_range_1.7_to_3.0_N,1.7,3.0,100.0,2026-08-08_162908_674758_1_R6_TEST3,6,2.625,2.613327962293215,2.3898420501373407,0.2234859121558741,0.04994595293214307,True,empirical-manual-held-out-test-group
session_zeroed_nine_channel_ridge,TEST3,live_implementation_range_1.7_to_3.0_N,1.7,3.0,100.0,2026-08-08_162908_674758_1_R6_TEST3,6,2.875,2.8633107475002246,2.42606193468555,0.43724881281467454,0.1911865243078423,True,empirical-manual-held-out-test-group
session_zeroed_nine_channel_ridge,TEST3,live_implementation_range_1.7_to_3.0_N,1.7,3.0,100.0,2026-08-08_163837_086088_1_R7_TEST3,7,1.875,1.903972525558947,2.3613710092441953,0.45739848368524827,0.20921337287756434,True,empirical-manual-held-out-test-group
session_zeroed_nine_channel_ridge,TEST3,live_implementation_range_1.7_to_3.0_N,1.7,3.0,100.0,2026-08-08_163837_086088_1_R7_TEST3,7,2.125,2.141628278252345,2.362385622502523,0.220757344250178,0.048733805040391605,True,empirical-manual-held-out-test-group
session_zeroed_nine_channel_ridge,TEST3,live_implementation_range_1.7_to_3.0_N,1.7,3.0,100.0,2026-08-08_163837_086088_1_R7_TEST3,7,2.375,2.3769824974549736,2.361135771041445,0.01584672641352869,0.00025111873802522784,True,empirical-manual-held-out-test-group
session_zeroed_nine_channel_ridge,TEST3,live_implementation_range_1.7_to_3.0_N,1.7,3.0,100.0,2026-08-08_163837_086088_1_R7_TEST3,7,2.625,2.6579583298681366,2.36235948492444,0.2955988449436968,0.08737867713204771,True,empirical-manual-held-out-test-group
session_zeroed_nine_channel_ridge,TEST3,live_implementation_range_1.7_to_3.0_N,1.7,3.0,100.0,2026-08-08_163837_086088_1_R7_TEST3,7,2.875,2.8889538905352334,2.3618105957846884,0.527143294750545,0.27788005320045994,False,empirical-manual-held-out-test-group
session_zeroed_nine_channel_ridge,TEST3,live_implementation_range_1.7_to_3.0_N,1.7,3.0,100.0,2026-08-08_164601_437352_1_R8_TEST3,8,1.875,1.892483684076637,2.3697093856955265,0.47722570161888944,0.2277443702856413,True,empirical-manual-held-out-test-group
session_zeroed_nine_channel_ridge,TEST3,live_implementation_range_1.7_to_3.0_N,1.7,3.0,100.0,2026-08-08_164601_437352_1_R8_TEST3,8,2.125,2.05030111321083,2.377232494317373,0.32693138110654285,0.10688412795223157,True,empirical-manual-held-out-test-group
session_zeroed_nine_channel_ridge,TEST3,live_implementation_range_1.7_to_3.0_N,1.7,3.0,100.0,2026-08-08_164601_437352_1_R8_TEST3,8,2.375,2.304536157753233,2.373758250265216,0.0692220925119833,0.004791698091737575,True,empirical-manual-held-out-test-group
session_zeroed_nine_channel_ridge,TEST3,live_implementation_range_1.7_to_3.0_N,1.7,3.0,100.0,2026-08-08_164601_437352_1_R8_TEST3,8,2.625,2.6248739656092135,2.376896562322508,0.24797740328670548,0.06149279254081737,True,empirical-manual-held-out-test-group
session_zeroed_nine_channel_ridge,TEST3,live_implementation_range_1.7_to_3.0_N,1.7,3.0,100.0,2026-08-08_164601_437352_1_R8_TEST3,8,2.875,2.8596304910377204,2.3754644311865043,0.4841660598512161,0.23441677351185136,True,empirical-manual-held-out-test-group
session_zeroed_nine_channel_ridge,TEST3,live_implementation_range_1.7_to_3.0_N,1.7,3.0,100.0,2026-08-08_165433_326903_1_R9_TEST3,9,1.875,1.8994778868607487,2.3787059531361345,0.47922806627538583,0.2296595395060456,True,empirical-manual-held-out-test-group
session_zeroed_nine_channel_ridge,TEST3,live_implementation_range_1.7_to_3.0_N,1.7,3.0,100.0,2026-08-08_165433_326903_1_R9_TEST3,9,2.125,2.1744640358763,2.3896836439058213,0.21521960802952123,0.046319479680380755,True,empirical-manual-held-out-test-group
session_zeroed_nine_channel_ridge,TEST3,live_implementation_range_1.7_to_3.0_N,1.7,3.0,100.0,2026-08-08_165433_326903_1_R9_TEST3,9,2.375,2.3740686606728936,2.3811194561685736,0.007050795495679996,4.9713717121901314e-05,True,empirical-manual-held-out-test-group
session_zeroed_nine_channel_ridge,TEST3,live_implementation_range_1.7_to_3.0_N,1.7,3.0,100.0,2026-08-08_165433_326903_1_R9_TEST3,9,2.625,2.633959925424607,2.3767838387141147,0.2571760867104924,0.06613953957572272,True,empirical-manual-held-out-test-group
session_zeroed_nine_channel_ridge,TEST3,live_implementation_range_1.7_to_3.0_N,1.7,3.0,100.0,2026-08-08_165433_326903_1_R9_TEST3,9,2.875,2.8739618309747472,2.381806126095873,0.4921557048788743,0.2422172378448216,True,empirical-manual-held-out-test-group
constant_baseline,TEST4,live_implementation_range_1.7_to_3.0_N,1.7,3.0,,2026-08-08_153748_136127_1_R1_TEST4,1,1.875,1.8678820928816928,2.374646346909854,0.5067642540281612,0.25681000916071867,False,empirical-manual-held-out-test-group
constant_baseline,TEST4,live_implementation_range_1.7_to_3.0_N,1.7,3.0,,2026-08-08_153748_136127_1_R1_TEST4,1,2.625,2.5592327400553225,2.374646346909854,0.18458639314546854,0.03407213653445348,True,empirical-manual-held-out-test-group
constant_baseline,TEST4,live_implementation_range_1.7_to_3.0_N,1.7,3.0,,2026-08-08_153748_136127_1_R1_TEST4,1,2.875,2.9054636309672475,2.374646346909854,0.5308172840573935,0.28176698905406755,False,empirical-manual-held-out-test-group
constant_baseline,TEST4,live_implementation_range_1.7_to_3.0_N,1.7,3.0,,2026-08-08_155028_937924_1_R2_TEST4,2,1.875,1.837847437798924,2.374646346909854,0.53679890911093,0.2881530688226845,False,empirical-manual-held-out-test-group
constant_baseline,TEST4,live_implementation_range_1.7_to_3.0_N,1.7,3.0,,2026-08-08_155028_937924_1_R2_TEST4,2,2.125,2.1424121080620497,2.374646346909854,0.23223423884780425,0.053932741693218995,True,empirical-manual-held-out-test-group
constant_baseline,TEST4,live_implementation_range_1.7_to_3.0_N,1.7,3.0,,2026-08-08_155028_937924_1_R2_TEST4,2,2.375,2.386853112347654,2.374646346909854,0.012206765437800193,0.00014900512245347335,True,empirical-manual-held-out-test-group
constant_baseline,TEST4,live_implementation_range_1.7_to_3.0_N,1.7,3.0,,2026-08-08_155028_937924_1_R2_TEST4,2,2.625,2.6154671713206454,2.374646346909854,0.24082082441079145,0.05799466946989325,True,empirical-manual-held-out-test-group
constant_baseline,TEST4,live_implementation_range_1.7_to_3.0_N,1.7,3.0,,2026-08-08_155028_937924_1_R2_TEST4,2,2.875,2.802774405626235,2.374646346909854,0.42812805871638115,0.1832936346602571,True,empirical-manual-held-out-test-group
constant_baseline,TEST4,live_implementation_range_1.7_to_3.0_N,1.7,3.0,,2026-08-08_160147_552782_1_R3_TEST4,3,1.875,1.873055556845399,2.374646346909854,0.501590790064455,0.25159332067748413,False,empirical-manual-held-out-test-group
constant_baseline,TEST4,live_implementation_range_1.7_to_3.0_N,1.7,3.0,,2026-08-08_160147_552782_1_R3_TEST4,3,2.375,2.366783453014053,2.374646346909854,0.007862893895801193,6.182510041662766e-05,True,empirical-manual-held-out-test-group
constant_baseline,TEST4,live_implementation_range_1.7_to_3.0_N,1.7,3.0,,2026-08-08_160147_552782_1_R3_TEST4,3,2.625,2.662025193505897,2.374646346909854,0.28737884659604296,0.08258660147087199,True,empirical-manual-held-out-test-group
constant_baseline,TEST4,live_implementation_range_1.7_to_3.0_N,1.7,3.0,,2026-08-08_160147_552782_1_R3_TEST4,3,2.875,2.829143979600903,2.374646346909854,0.4544976326910488,0.20656809812176752,True,empirical-manual-held-out-test-group
constant_baseline,TEST4,live_implementation_range_1.7_to_3.0_N,1.7,3.0,,2026-08-08_160912_929778_1_R4_TEST4,4,1.875,1.8884221975377595,2.374646346909854,0.48622414937209446,0.23641392343261683,True,empirical-manual-held-out-test-group
constant_baseline,TEST4,live_implementation_range_1.7_to_3.0_N,1.7,3.0,,2026-08-08_160912_929778_1_R4_TEST4,4,2.125,2.131736883320108,2.374646346909854,0.2429094635897462,0.05900500750145823,True,empirical-manual-held-out-test-group
constant_baseline,TEST4,live_implementation_range_1.7_to_3.0_N,1.7,3.0,,2026-08-08_160912_929778_1_R4_TEST4,4,2.375,2.398948083574814,2.374646346909854,0.02430173666496005,0.0005905744049330636,True,empirical-manual-held-out-test-group
constant_baseline,TEST4,live_implementation_range_1.7_to_3.0_N,1.7,3.0,,2026-08-08_160912_929778_1_R4_TEST4,4,2.625,2.5965230666549246,2.374646346909854,0.22187671974507062,0.04922927876483261,True,empirical-manual-held-out-test-group
constant_baseline,TEST4,live_implementation_range_1.7_to_3.0_N,1.7,3.0,,2026-08-08_160912_929778_1_R4_TEST4,4,2.875,2.824888061552556,2.374646346909854,0.450241714642702,0.2027176016044003,True,empirical-manual-held-out-test-group
constant_baseline,TEST4,live_implementation_range_1.7_to_3.0_N,1.7,3.0,,2026-08-08_161644_548982_1_R5_TEST4,5,1.875,1.8734160309758896,2.374646346909854,0.5012303159339644,0.2512318296112618,False,empirical-manual-held-out-test-group
constant_baseline,TEST4,live_implementation_range_1.7_to_3.0_N,1.7,3.0,,2026-08-08_161644_548982_1_R5_TEST4,5,2.125,2.1056511561353664,2.374646346909854,0.26899519077448764,0.072358412659803,True,empirical-manual-held-out-test-group
constant_baseline,TEST4,live_implementation_range_1.7_to_3.0_N,1.7,3.0,,2026-08-08_161644_548982_1_R5_TEST4,5,2.375,2.380513289810835,2.374646346909854,0.005866942900980998,3.442101900337133e-05,True,empirical-manual-held-out-test-group
constant_baseline,TEST4,live_implementation_range_1.7_to_3.0_N,1.7,3.0,,2026-08-08_161644_548982_1_R5_TEST4,5,2.625,2.5747218618045697,2.374646346909854,0.20007551489471576,0.040030211660385624,True,empirical-manual-held-out-test-group
constant_baseline,TEST4,live_implementation_range_1.7_to_3.0_N,1.7,3.0,,2026-08-08_161644_548982_1_R5_TEST4,5,2.875,2.853194312796016,2.374646346909854,0.478547965886162,0.22900815565378327,True,empirical-manual-held-out-test-group
constant_baseline,TEST4,live_implementation_range_1.7_to_3.0_N,1.7,3.0,,2026-08-08_163226_958318_1_R6_TEST4,6,1.875,1.8878574649829292,2.374646346909854,0.4867888819269248,0.23696341556766556,True,empirical-manual-held-out-test-group
constant_baseline,TEST4,live_implementation_range_1.7_to_3.0_N,1.7,3.0,,2026-08-08_163226_958318_1_R6_TEST4,6,2.125,2.1425371404789146,2.374646346909854,0.23210920643093935,0.05387468371000042,True,empirical-manual-held-out-test-group
constant_baseline,TEST4,live_implementation_range_1.7_to_3.0_N,1.7,3.0,,2026-08-08_163226_958318_1_R6_TEST4,6,2.375,2.390499767029694,2.374646346909854,0.015853420119840145,0.0002513309294961523,True,empirical-manual-held-out-test-group
constant_baseline,TEST4,live_implementation_range_1.7_to_3.0_N,1.7,3.0,,2026-08-08_163226_958318_1_R6_TEST4,6,2.625,2.62563050109078,2.374646346909854,0.2509841541809261,0.0629930456499149,True,empirical-manual-held-out-test-group
constant_baseline,TEST4,live_implementation_range_1.7_to_3.0_N,1.7,3.0,,2026-08-08_163226_958318_1_R6_TEST4,6,2.875,2.8852860495583625,2.374646346909854,0.5106397026485086,0.26075290592095723,False,empirical-manual-held-out-test-group
constant_baseline,TEST4,live_implementation_range_1.7_to_3.0_N,1.7,3.0,,2026-08-08_163931_866280_1_R7_TEST4,7,1.875,1.867571138341841,2.374646346909854,0.507075208568013,0.2571252671442939,False,empirical-manual-held-out-test-group
constant_baseline,TEST4,live_implementation_range_1.7_to_3.0_N,1.7,3.0,,2026-08-08_163931_866280_1_R7_TEST4,7,2.125,2.1332115250252297,2.374646346909854,0.24143482188462428,0.058290773218460254,True,empirical-manual-held-out-test-group
constant_baseline,TEST4,live_implementation_range_1.7_to_3.0_N,1.7,3.0,,2026-08-08_163931_866280_1_R7_TEST4,7,2.375,2.3792173364572147,2.374646346909854,0.004570989547360682,2.0893945442080613e-05,True,empirical-manual-held-out-test-group
constant_baseline,TEST4,live_implementation_range_1.7_to_3.0_N,1.7,3.0,,2026-08-08_163931_866280_1_R7_TEST4,7,2.625,2.618763824731262,2.374646346909854,0.2441174778214079,0.059593342977885586,True,empirical-manual-held-out-test-group
constant_baseline,TEST4,live_implementation_range_1.7_to_3.0_N,1.7,3.0,,2026-08-08_163931_866280_1_R7_TEST4,7,2.875,2.8593613248020064,2.374646346909854,0.48471497789215245,0.23494860979298984,True,empirical-manual-held-out-test-group
constant_baseline,TEST4,live_implementation_range_1.7_to_3.0_N,1.7,3.0,,2026-08-08_164959_888615_1_R8_TEST4,8,1.875,1.9039069555529382,2.374646346909854,0.4707393913569158,0.22159557457507953,True,empirical-manual-held-out-test-group
constant_baseline,TEST4,live_implementation_range_1.7_to_3.0_N,1.7,3.0,,2026-08-08_164959_888615_1_R8_TEST4,8,2.125,2.1049393526777638,2.374646346909854,0.2697069942320902,0.07274186273770875,True,empirical-manual-held-out-test-group
constant_baseline,TEST4,live_implementation_range_1.7_to_3.0_N,1.7,3.0,,2026-08-08_164959_888615_1_R8_TEST4,8,2.375,2.4184422777964993,2.374646346909854,0.04379593088664535,0.0019180835622278163,True,empirical-manual-held-out-test-group
constant_baseline,TEST4,live_implementation_range_1.7_to_3.0_N,1.7,3.0,,2026-08-08_164959_888615_1_R8_TEST4,8,2.625,2.549836654032828,2.374646346909854,0.1751903071229739,0.03069164370984192,True,empirical-manual-held-out-test-group
constant_baseline,TEST4,live_implementation_range_1.7_to_3.0_N,1.7,3.0,,2026-08-08_164959_888615_1_R8_TEST4,8,2.875,2.924708352155518,2.374646346909854,0.550062005245664,0.30256820961488085,False,empirical-manual-held-out-test-group
constant_baseline,TEST4,live_implementation_range_1.7_to_3.0_N,1.7,3.0,,2026-08-08_165519_988311_1_R9_TEST4,9,1.875,1.9277336980275075,2.374646346909854,0.4469126488823465,0.19973091573103552,True,empirical-manual-held-out-test-group
constant_baseline,TEST4,live_implementation_range_1.7_to_3.0_N,1.7,3.0,,2026-08-08_165519_988311_1_R9_TEST4,9,2.125,2.1500903302799537,2.374646346909854,0.22455601662990032,0.05042540460468807,True,empirical-manual-held-out-test-group
constant_baseline,TEST4,live_implementation_range_1.7_to_3.0_N,1.7,3.0,,2026-08-08_165519_988311_1_R9_TEST4,9,2.375,2.352850759003537,2.374646346909854,0.02179558790631697,0.00047504765218199063,True,empirical-manual-held-out-test-group
constant_baseline,TEST4,live_implementation_range_1.7_to_3.0_N,1.7,3.0,,2026-08-08_165519_988311_1_R9_TEST4,9,2.625,2.6722840289378658,2.374646346909854,0.2976376820280118,0.08858818976300785,True,empirical-manual-held-out-test-group
constant_baseline,TEST4,live_implementation_range_1.7_to_3.0_N,1.7,3.0,,2026-08-08_165519_988311_1_R9_TEST4,9,2.875,2.882609023986125,2.374646346909854,0.5079626770762711,0.25802608130249205,False,empirical-manual-held-out-test-group
total_light_linear,TEST4,live_implementation_range_1.7_to_3.0_N,1.7,3.0,0.01,2026-08-08_153748_136127_1_R1_TEST4,1,1.875,1.8678820928816928,2.3603564072576746,0.49247431437598177,0.24253095032009334,True,empirical-manual-held-out-test-group
total_light_linear,TEST4,live_implementation_range_1.7_to_3.0_N,1.7,3.0,0.01,2026-08-08_153748_136127_1_R1_TEST4,1,2.625,2.5592327400553225,2.355965511493199,0.20326722856212331,0.04131756620732648,True,empirical-manual-held-out-test-group
total_light_linear,TEST4,live_implementation_range_1.7_to_3.0_N,1.7,3.0,0.01,2026-08-08_153748_136127_1_R1_TEST4,1,2.875,2.9054636309672475,2.363925477611687,0.5415381533555603,0.29326357153975036,False,empirical-manual-held-out-test-group
total_light_linear,TEST4,live_implementation_range_1.7_to_3.0_N,1.7,3.0,0.01,2026-08-08_155028_937924_1_R2_TEST4,2,1.875,1.837847437798924,2.3495787540175983,0.5117313162186743,0.2618689399988968,False,empirical-manual-held-out-test-group
total_light_linear,TEST4,live_implementation_range_1.7_to_3.0_N,1.7,3.0,0.01,2026-08-08_155028_937924_1_R2_TEST4,2,2.125,2.1424121080620497,2.3496609365586445,0.20724882849659476,0.04295207691321095,True,empirical-manual-held-out-test-group
total_light_linear,TEST4,live_implementation_range_1.7_to_3.0_N,1.7,3.0,0.01,2026-08-08_155028_937924_1_R2_TEST4,2,2.375,2.386853112347654,2.350277305616492,0.03657580673116234,0.0013377896380353405,True,empirical-manual-held-out-test-group
total_light_linear,TEST4,live_implementation_range_1.7_to_3.0_N,1.7,3.0,0.01,2026-08-08_155028_937924_1_R2_TEST4,2,2.625,2.6154671713206454,2.3598809225559068,0.2555862487647387,0.06532433055763089,True,empirical-manual-held-out-test-group
total_light_linear,TEST4,live_implementation_range_1.7_to_3.0_N,1.7,3.0,0.01,2026-08-08_155028_937924_1_R2_TEST4,2,2.875,2.802774405626235,2.3588184197038076,0.4439559859224276,0.1970969174363547,True,empirical-manual-held-out-test-group
total_light_linear,TEST4,live_implementation_range_1.7_to_3.0_N,1.7,3.0,0.01,2026-08-08_160147_552782_1_R3_TEST4,3,1.875,1.873055556845399,2.357057365252815,0.4840018084074158,0.23425775054164882,True,empirical-manual-held-out-test-group
total_light_linear,TEST4,live_implementation_range_1.7_to_3.0_N,1.7,3.0,0.01,2026-08-08_160147_552782_1_R3_TEST4,3,2.375,2.366783453014053,2.364395092131952,0.002388360882100926,5.704267703149914e-06,True,empirical-manual-held-out-test-group
total_light_linear,TEST4,live_implementation_range_1.7_to_3.0_N,1.7,3.0,0.01,2026-08-08_160147_552782_1_R3_TEST4,3,2.625,2.662025193505897,2.4114856881515023,0.2505395053543946,0.06277004374322473,True,empirical-manual-held-out-test-group
total_light_linear,TEST4,live_implementation_range_1.7_to_3.0_N,1.7,3.0,0.01,2026-08-08_160147_552782_1_R3_TEST4,3,2.875,2.829143979600903,2.3839662772639865,0.44517770233691634,0.19818318665797607,True,empirical-manual-held-out-test-group
total_light_linear,TEST4,live_implementation_range_1.7_to_3.0_N,1.7,3.0,0.01,2026-08-08_160912_929778_1_R4_TEST4,4,1.875,1.8884221975377595,2.3840484598050327,0.49562626226727313,0.2456453918490278,True,empirical-manual-held-out-test-group
total_light_linear,TEST4,live_implementation_range_1.7_to_3.0_N,1.7,3.0,0.01,2026-08-08_160912_929778_1_R4_TEST4,4,2.125,2.131736883320108,2.3889500613602963,0.2572131780401885,0.06615861895753371,True,empirical-manual-held-out-test-group
total_light_linear,TEST4,live_implementation_range_1.7_to_3.0_N,1.7,3.0,0.01,2026-08-08_160912_929778_1_R4_TEST4,4,2.375,2.398948083574814,2.3902238907465145,0.008724192828299504,7.61115405053525e-05,True,empirical-manual-held-out-test-group
total_light_linear,TEST4,live_implementation_range_1.7_to_3.0_N,1.7,3.0,0.01,2026-08-08_160912_929778_1_R4_TEST4,4,2.625,2.5965230666549246,2.391215951420574,0.2053071152343504,0.04215101156585084,True,empirical-manual-held-out-test-group
total_light_linear,TEST4,live_implementation_range_1.7_to_3.0_N,1.7,3.0,0.01,2026-08-08_160912_929778_1_R4_TEST4,4,2.875,2.824888061552556,2.392501521169799,0.4323865403827569,0.18695812030416947,True,empirical-manual-held-out-test-group
total_light_linear,TEST4,live_implementation_range_1.7_to_3.0_N,1.7,3.0,0.01,2026-08-08_161644_548982_1_R5_TEST4,5,1.875,1.8734160309758896,2.341982739152315,0.46856670817642554,0.21955476001129154,True,empirical-manual-held-out-test-group
total_light_linear,TEST4,live_implementation_range_1.7_to_3.0_N,1.7,3.0,0.01,2026-08-08_161644_548982_1_R5_TEST4,5,2.125,2.1056511561353664,2.3437085725142883,0.23805741637892197,0.056671333493007424,True,empirical-manual-held-out-test-group
total_light_linear,TEST4,live_implementation_range_1.7_to_3.0_N,1.7,3.0,0.01,2026-08-08_161644_548982_1_R5_TEST4,5,2.375,2.380513289810835,2.3466084421769233,0.03390484763391166,0.0011495386930787652,True,empirical-manual-held-out-test-group
total_light_linear,TEST4,live_implementation_range_1.7_to_3.0_N,1.7,3.0,0.01,2026-08-08_161644_548982_1_R5_TEST4,5,2.625,2.5747218618045697,2.343379842350103,0.23134201945446664,0.05351912996527082,True,empirical-manual-held-out-test-group
total_light_linear,TEST4,live_implementation_range_1.7_to_3.0_N,1.7,3.0,0.01,2026-08-08_161644_548982_1_R5_TEST4,5,2.875,2.853194312796016,2.347694425755036,0.5054998870409801,0.2555301357984437,False,empirical-manual-held-out-test-group
total_light_linear,TEST4,live_implementation_range_1.7_to_3.0_N,1.7,3.0,0.01,2026-08-08_163226_958318_1_R6_TEST4,6,1.875,1.8878574649829292,2.341982739152315,0.454125274169386,0.20622976463941997,True,empirical-manual-held-out-test-group
total_light_linear,TEST4,live_implementation_range_1.7_to_3.0_N,1.7,3.0,0.01,2026-08-08_163226_958318_1_R6_TEST4,6,2.125,2.1425371404789146,2.3474596184949035,0.20492247801598884,0.04199322199621343,True,empirical-manual-held-out-test-group
total_light_linear,TEST4,live_implementation_range_1.7_to_3.0_N,1.7,3.0,0.01,2026-08-08_163226_958318_1_R6_TEST4,6,2.375,2.390499767029694,2.3449471808114866,0.04555258621820757,0.0020750381111672342,True,empirical-manual-held-out-test-group
total_light_linear,TEST4,live_implementation_range_1.7_to_3.0_N,1.7,3.0,0.01,2026-08-08_163226_958318_1_R6_TEST4,6,2.625,2.62563050109078,2.345140896801096,0.2804896042896843,0.07867441811458367,True,empirical-manual-held-out-test-group
total_light_linear,TEST4,live_implementation_range_1.7_to_3.0_N,1.7,3.0,0.01,2026-08-08_163226_958318_1_R6_TEST4,6,2.875,2.8852860495583625,2.347735517025559,0.5375505325328036,0.28896057502630074,False,empirical-manual-held-out-test-group
total_light_linear,TEST4,live_implementation_range_1.7_to_3.0_N,1.7,3.0,0.01,2026-08-08_163931_866280_1_R7_TEST4,7,1.875,1.867571138341841,2.3504416706985847,0.4828705323567437,0.23316395101848508,True,empirical-manual-held-out-test-group
total_light_linear,TEST4,live_implementation_range_1.7_to_3.0_N,1.7,3.0,0.01,2026-08-08_163931_866280_1_R7_TEST4,7,2.125,2.1332115250252297,2.3500248878118497,0.21681336278662,0.0470080342828425,True,empirical-manual-held-out-test-group
total_light_linear,TEST4,live_implementation_range_1.7_to_3.0_N,1.7,3.0,0.01,2026-08-08_163931_866280_1_R7_TEST4,7,2.375,2.3792173364572147,2.35160396663624,0.027613369820974842,0.0007624981928699242,True,empirical-manual-held-out-test-group
total_light_linear,TEST4,live_implementation_range_1.7_to_3.0_N,1.7,3.0,0.01,2026-08-08_163931_866280_1_R7_TEST4,7,2.625,2.618763824731262,2.3493380765759624,0.2694257481552995,0.07259023376904288,True,empirical-manual-held-out-test-group
total_light_linear,TEST4,live_implementation_range_1.7_to_3.0_N,1.7,3.0,0.01,2026-08-08_163931_866280_1_R7_TEST4,7,2.875,2.8593613248020064,2.353629179254882,0.5057321455471246,0.25576500303969807,False,empirical-manual-held-out-test-group
total_light_linear,TEST4,live_implementation_range_1.7_to_3.0_N,1.7,3.0,0.01,2026-08-08_164959_888615_1_R8_TEST4,8,1.875,1.9039069555529382,2.3757773740668693,0.4718704185139311,0.22266169186851248,True,empirical-manual-held-out-test-group
total_light_linear,TEST4,live_implementation_range_1.7_to_3.0_N,1.7,3.0,0.01,2026-08-08_164959_888615_1_R8_TEST4,8,2.125,2.1049393526777638,2.3695491114918577,0.2646097588140939,0.07001832445965293,True,empirical-manual-held-out-test-group
total_light_linear,TEST4,live_implementation_range_1.7_to_3.0_N,1.7,3.0,0.01,2026-08-08_164959_888615_1_R8_TEST4,8,2.375,2.4184422777964993,2.3816475555701793,0.036794722226320076,0.0013538515837120525,True,empirical-manual-held-out-test-group
total_light_linear,TEST4,live_implementation_range_1.7_to_3.0_N,1.7,3.0,0.01,2026-08-08_164959_888615_1_R8_TEST4,8,2.625,2.549836654032828,2.3734469120100554,0.17638974202277247,0.03111334109086022,True,empirical-manual-held-out-test-group
total_light_linear,TEST4,live_implementation_range_1.7_to_3.0_N,1.7,3.0,0.01,2026-08-08_164959_888615_1_R8_TEST4,8,2.875,2.924708352155518,2.3623053075167735,0.5624030446387445,0.3162971846189296,False,empirical-manual-held-out-test-group
total_light_linear,TEST4,live_implementation_range_1.7_to_3.0_N,1.7,3.0,0.01,2026-08-08_165519_988311_1_R9_TEST4,9,1.875,1.9277336980275075,2.3816534257516824,0.4539197277241749,0.20604311921718907,True,empirical-manual-held-out-test-group
total_light_linear,TEST4,live_implementation_range_1.7_to_3.0_N,1.7,3.0,0.01,2026-08-08_165519_988311_1_R9_TEST4,9,2.125,2.1500903302799537,2.387664491611072,0.2375741613311182,0.056441482132184174,True,empirical-manual-held-out-test-group
total_light_linear,TEST4,live_implementation_range_1.7_to_3.0_N,1.7,3.0,0.01,2026-08-08_165519_988311_1_R9_TEST4,9,2.375,2.352850759003537,2.3898364587672964,0.03698569976375943,0.0013679419870149543,True,empirical-manual-held-out-test-group
total_light_linear,TEST4,live_implementation_range_1.7_to_3.0_N,1.7,3.0,0.01,2026-08-08_165519_988311_1_R9_TEST4,9,2.625,2.6722840289378658,2.381782569744755,0.29050145919311054,0.08439109779332647,True,empirical-manual-held-out-test-group
total_light_linear,TEST4,live_implementation_range_1.7_to_3.0_N,1.7,3.0,0.01,2026-08-08_165519_988311_1_R9_TEST4,9,2.875,2.882609023986125,2.376792915466942,0.5058161085191832,0.25584993563749014,False,empirical-manual-held-out-test-group
total_light_quadratic,TEST4,live_implementation_range_1.7_to_3.0_N,1.7,3.0,100.0,2026-08-08_153748_136127_1_R1_TEST4,1,1.875,1.8678820928816928,2.362558063328375,0.4946759704466821,0.2447043157373667,True,empirical-manual-held-out-test-group
total_light_quadratic,TEST4,live_implementation_range_1.7_to_3.0_N,1.7,3.0,100.0,2026-08-08_153748_136127_1_R1_TEST4,1,2.625,2.5592327400553225,2.3598790060022643,0.19935373405305823,0.03974191128089747,True,empirical-manual-held-out-test-group
total_light_quadratic,TEST4,live_implementation_range_1.7_to_3.0_N,1.7,3.0,100.0,2026-08-08_153748_136127_1_R1_TEST4,1,2.875,2.9054636309672475,2.3648049032526828,0.5406587277145647,0.2923118598539318,False,empirical-manual-held-out-test-group
total_light_quadratic,TEST4,live_implementation_range_1.7_to_3.0_N,1.7,3.0,100.0,2026-08-08_155028_937924_1_R2_TEST4,2,1.875,1.837847437798924,2.3561498864074863,0.5183024486085623,0.2686374282336314,False,empirical-manual-held-out-test-group
total_light_quadratic,TEST4,live_implementation_range_1.7_to_3.0_N,1.7,3.0,100.0,2026-08-08_155028_937924_1_R2_TEST4,2,2.125,2.1424121080620497,2.3561966091659934,0.21378450110394365,0.04570381291226208,True,empirical-manual-held-out-test-group
total_light_quadratic,TEST4,live_implementation_range_1.7_to_3.0_N,1.7,3.0,100.0,2026-08-08_155028_937924_1_R2_TEST4,2,2.375,2.386853112347654,2.356548078780195,0.030305033567459283,0.0009183950595248339,True,empirical-manual-held-out-test-group
total_light_quadratic,TEST4,live_implementation_range_1.7_to_3.0_N,1.7,3.0,100.0,2026-08-08_155028_937924_1_R2_TEST4,2,2.625,2.6154671713206454,2.362263416068049,0.25320375525259653,0.0641121416740168,True,empirical-manual-held-out-test-group
total_light_quadratic,TEST4,live_implementation_range_1.7_to_3.0_N,1.7,3.0,100.0,2026-08-08_155028_937924_1_R2_TEST4,2,2.875,2.802774405626235,2.361608987721546,0.4411654179046893,0.19462692595501918,True,empirical-manual-held-out-test-group
total_light_quadratic,TEST4,live_implementation_range_1.7_to_3.0_N,1.7,3.0,100.0,2026-08-08_160147_552782_1_R3_TEST4,3,1.875,1.873055556845399,2.3605364134946787,0.48748085664927965,0.23763758559951553,True,empirical-manual-held-out-test-group
total_light_quadratic,TEST4,live_implementation_range_1.7_to_3.0_N,1.7,3.0,100.0,2026-08-08_160147_552782_1_R3_TEST4,3,2.375,2.366783453014053,2.365105160561337,0.0016782924527158904,2.8166655568431193e-06,True,empirical-manual-held-out-test-group
total_light_quadratic,TEST4,live_implementation_range_1.7_to_3.0_N,1.7,3.0,100.0,2026-08-08_160147_552782_1_R3_TEST4,3,2.625,2.662025193505897,2.4006695736983414,0.2613556198075555,0.0683067600049915,True,empirical-manual-held-out-test-group
total_light_quadratic,TEST4,live_implementation_range_1.7_to_3.0_N,1.7,3.0,100.0,2026-08-08_160147_552782_1_R3_TEST4,3,2.875,2.829143979600903,2.3785738987773017,0.45057008082360106,0.2030133977333864,True,empirical-manual-held-out-test-group
total_light_quadratic,TEST4,live_implementation_range_1.7_to_3.0_N,1.7,3.0,100.0,2026-08-08_160912_929778_1_R4_TEST4,4,1.875,1.8884221975377595,2.378634390958753,0.4902121934209933,0.24030799457862137,True,empirical-manual-held-out-test-group
total_light_quadratic,TEST4,live_implementation_range_1.7_to_3.0_N,1.7,3.0,100.0,2026-08-08_160912_929778_1_R4_TEST4,4,2.125,2.131736883320108,2.3823018292159617,0.2505649458958539,0.06278279211179218,True,empirical-manual-held-out-test-group
total_light_quadratic,TEST4,live_implementation_range_1.7_to_3.0_N,1.7,3.0,100.0,2026-08-08_160912_929778_1_R4_TEST4,4,2.375,2.398948083574814,2.3832740878450998,0.015673995729714285,0.00024567414213510163,True,empirical-manual-held-out-test-group
total_light_quadratic,TEST4,live_implementation_range_1.7_to_3.0_N,1.7,3.0,100.0,2026-08-08_160912_929778_1_R4_TEST4,4,2.625,2.5965230666549246,2.3840367608961097,0.2124863057588149,0.04515043013502857,True,empirical-manual-held-out-test-group
total_light_quadratic,TEST4,live_implementation_range_1.7_to_3.0_N,1.7,3.0,100.0,2026-08-08_160912_929778_1_R4_TEST4,4,2.875,2.824888061552556,2.3850322100580197,0.4398558514945363,0.1934731700939836,True,empirical-manual-held-out-test-group
total_light_quadratic,TEST4,live_implementation_range_1.7_to_3.0_N,1.7,3.0,100.0,2026-08-08_161644_548982_1_R5_TEST4,5,1.875,1.8734160309758896,2.3519734542823576,0.478557423306468,0.22901720740172601,True,empirical-manual-held-out-test-group
total_light_quadratic,TEST4,live_implementation_range_1.7_to_3.0_N,1.7,3.0,100.0,2026-08-08_161644_548982_1_R5_TEST4,5,2.125,2.1056511561353664,2.3528976693916737,0.2472465132563073,0.06113083831740135,True,empirical-manual-held-out-test-group
total_light_quadratic,TEST4,live_implementation_range_1.7_to_3.0_N,1.7,3.0,100.0,2026-08-08_161644_548982_1_R5_TEST4,5,2.375,2.380513289810835,2.3544832807168525,0.026030009093982454,0.0006775613734328092,True,empirical-manual-held-out-test-group
total_light_quadratic,TEST4,live_implementation_range_1.7_to_3.0_N,1.7,3.0,100.0,2026-08-08_161644_548982_1_R5_TEST4,5,2.625,2.5747218618045697,2.3527205095647115,0.22200135223985829,0.04928460039632563,True,empirical-manual-held-out-test-group
total_light_quadratic,TEST4,live_implementation_range_1.7_to_3.0_N,1.7,3.0,100.0,2026-08-08_161644_548982_1_R5_TEST4,5,2.875,2.853194312796016,2.3550876276080674,0.49810668518794854,0.24811026982892606,True,empirical-manual-held-out-test-group
total_light_quadratic,TEST4,live_implementation_range_1.7_to_3.0_N,1.7,3.0,100.0,2026-08-08_163226_958318_1_R6_TEST4,6,1.875,1.8878574649829292,2.3519734542823576,0.46411598929942843,0.21540365152338717,True,empirical-manual-held-out-test-group
total_light_quadratic,TEST4,live_implementation_range_1.7_to_3.0_N,1.7,3.0,100.0,2026-08-08_163226_958318_1_R6_TEST4,6,2.125,2.1425371404789146,2.354956471113823,0.21241933063490848,0.045121972027382565,True,empirical-manual-held-out-test-group
total_light_quadratic,TEST4,live_implementation_range_1.7_to_3.0_N,1.7,3.0,100.0,2026-08-08_163226_958318_1_R6_TEST4,6,2.375,2.390499767029694,2.3535699116676807,0.03692985536201343,0.0013638142170592322,True,empirical-manual-held-out-test-group
total_light_quadratic,TEST4,live_implementation_range_1.7_to_3.0_N,1.7,3.0,100.0,2026-08-08_163226_958318_1_R6_TEST4,6,2.625,2.62563050109078,2.353675725031419,0.27195477605936125,0.07395940022149733,True,empirical-manual-held-out-test-group
total_light_quadratic,TEST4,live_implementation_range_1.7_to_3.0_N,1.7,3.0,100.0,2026-08-08_163226_958318_1_R6_TEST4,6,2.875,2.8852860495583625,2.3551106076133244,0.5301754419450382,0.28108599924161654,False,empirical-manual-held-out-test-group
total_light_quadratic,TEST4,live_implementation_range_1.7_to_3.0_N,1.7,3.0,100.0,2026-08-08_163931_866280_1_R7_TEST4,7,1.875,1.867571138341841,2.356642116631552,0.4890709782897109,0.23919042180525488,True,empirical-manual-held-out-test-group
total_light_quadratic,TEST4,live_implementation_range_1.7_to_3.0_N,1.7,3.0,100.0,2026-08-08_163931_866280_1_R7_TEST4,7,2.125,2.1332115250252297,2.3564039198005244,0.22319239477529473,0.04981484508553101,True,empirical-manual-held-out-test-group
total_light_quadratic,TEST4,live_implementation_range_1.7_to_3.0_N,1.7,3.0,100.0,2026-08-08_163931_866280_1_R7_TEST4,7,2.375,2.3792173364572147,2.35731085506813,0.021906481389084576,0.00047989392685030886,True,empirical-manual-held-out-test-group
total_light_quadratic,TEST4,live_implementation_range_1.7_to_3.0_N,1.7,3.0,100.0,2026-08-08_163931_866280_1_R7_TEST4,7,2.625,2.618763824731262,2.3560132447737216,0.26275057995754025,0.06903786726802376,True,empirical-manual-held-out-test-group
total_light_quadratic,TEST4,live_implementation_range_1.7_to_3.0_N,1.7,3.0,100.0,2026-08-08_163931_866280_1_R7_TEST4,7,2.875,2.8593613248020064,2.358491807457569,0.5008695173444373,0.2508702734048496,False,empirical-manual-held-out-test-group
total_light_quadratic,TEST4,live_implementation_range_1.7_to_3.0_N,1.7,3.0,100.0,2026-08-08_164959_888615_1_R8_TEST4,8,1.875,1.9039069555529382,2.372711288629192,0.4688043330762537,0.21977750271107102,True,empirical-manual-held-out-test-group
total_light_quadratic,TEST4,live_implementation_range_1.7_to_3.0_N,1.7,3.0,100.0,2026-08-08_164959_888615_1_R8_TEST4,8,2.125,2.1049393526777638,2.368471094874163,0.2635317421963994,0.06944897914506952,True,empirical-manual-held-out-test-group
total_light_quadratic,TEST4,live_implementation_range_1.7_to_3.0_N,1.7,3.0,100.0,2026-08-08_164959_888615_1_R8_TEST4,8,2.375,2.4184422777964993,2.3768807172426443,0.04156156055385507,0.0017273633156717617,True,empirical-manual-held-out-test-group
total_light_quadratic,TEST4,live_implementation_range_1.7_to_3.0_N,1.7,3.0,100.0,2026-08-08_164959_888615_1_R8_TEST4,8,2.625,2.549836654032828,2.371102583570233,0.17873407046259482,0.031945867944127807,True,empirical-manual-held-out-test-group
total_light_quadratic,TEST4,live_implementation_range_1.7_to_3.0_N,1.7,3.0,100.0,2026-08-08_164959_888615_1_R8_TEST4,8,2.875,2.924708352155518,2.3637772638942898,0.5609310882612282,0.31464368577792573,False,empirical-manual-held-out-test-group
total_light_quadratic,TEST4,live_implementation_range_1.7_to_3.0_N,1.7,3.0,100.0,2026-08-08_165519_988311_1_R9_TEST4,9,1.875,1.9277336980275075,2.3768849707028163,0.44915127267530885,0.20173686574584965,True,empirical-manual-held-out-test-group
total_light_quadratic,TEST4,live_implementation_range_1.7_to_3.0_N,1.7,3.0,100.0,2026-08-08_165519_988311_1_R9_TEST4,9,2.125,2.1500903302799537,2.3813286253314865,0.23123829505153282,0.05347114909833975,True,empirical-manual-held-out-test-group
total_light_quadratic,TEST4,live_implementation_range_1.7_to_3.0_N,1.7,3.0,100.0,2026-08-08_165519_988311_1_R9_TEST4,9,2.375,2.352850759003537,2.382977541225406,0.030126782221869153,0.0009076230070439313,True,empirical-manual-held-out-test-group
total_light_quadratic,TEST4,live_implementation_range_1.7_to_3.0_N,1.7,3.0,100.0,2026-08-08_165519_988311_1_R9_TEST4,9,2.625,2.6722840289378658,2.3769785893040924,0.2953054396337733,0.08720530267729613,True,empirical-manual-held-out-test-group
total_light_quadratic,TEST4,live_implementation_range_1.7_to_3.0_N,1.7,3.0,100.0,2026-08-08_165519_988311_1_R9_TEST4,9,2.875,2.882609023986125,2.3734205893106677,0.5091884346754574,0.25927286200724253,False,empirical-manual-held-out-test-group
session_zeroed_total_linear,TEST4,live_implementation_range_1.7_to_3.0_N,1.7,3.0,0.01,2026-08-08_153748_136127_1_R1_TEST4,1,1.875,1.8678820928816928,2.3464122411837436,0.47853014830205076,0.2289911028339827,True,empirical-manual-held-out-test-group
session_zeroed_total_linear,TEST4,live_implementation_range_1.7_to_3.0_N,1.7,3.0,0.01,2026-08-08_153748_136127_1_R1_TEST4,1,2.625,2.5592327400553225,2.336132543854737,0.22310019620058563,0.0497736975447398,True,empirical-manual-held-out-test-group
session_zeroed_total_linear,TEST4,live_implementation_range_1.7_to_3.0_N,1.7,3.0,0.01,2026-08-08_153748_136127_1_R1_TEST4,1,2.875,2.9054636309672475,2.354767930991278,0.5506956999759693,0.3032657539720228,False,empirical-manual-held-out-test-group
session_zeroed_total_linear,TEST4,live_implementation_range_1.7_to_3.0_N,1.7,3.0,0.01,2026-08-08_155028_937924_1_R2_TEST4,2,1.875,1.837847437798924,2.3637557946987253,0.5259083568998013,0.2765795998570488,False,empirical-manual-held-out-test-group
session_zeroed_total_linear,TEST4,live_implementation_range_1.7_to_3.0_N,1.7,3.0,0.01,2026-08-08_155028_937924_1_R2_TEST4,2,2.125,2.1424121080620497,2.3639481954508725,0.2215360873888228,0.049078238015548135,True,empirical-manual-held-out-test-group
session_zeroed_total_linear,TEST4,live_implementation_range_1.7_to_3.0_N,1.7,3.0,0.01,2026-08-08_155028_937924_1_R2_TEST4,2,2.375,2.386853112347654,2.3653912010919766,0.021461911255677535,0.00046061363474657807,True,empirical-manual-held-out-test-group
session_zeroed_total_linear,TEST4,live_implementation_range_1.7_to_3.0_N,1.7,3.0,0.01,2026-08-08_155028_937924_1_R2_TEST4,2,2.625,2.6154671713206454,2.3878746032714617,0.2275925680491837,0.051798377031222316,True,empirical-manual-held-out-test-group
session_zeroed_total_linear,TEST4,live_implementation_range_1.7_to_3.0_N,1.7,3.0,0.01,2026-08-08_155028_937924_1_R2_TEST4,2,2.875,2.802774405626235,2.385387136404416,0.41738726922181923,0.17421213250844741,True,empirical-manual-held-out-test-group
session_zeroed_total_linear,TEST4,live_implementation_range_1.7_to_3.0_N,1.7,3.0,0.01,2026-08-08_160147_552782_1_R3_TEST4,3,1.875,1.873055556845399,2.3738568341864528,0.5008012773410537,0.25080191938643104,False,empirical-manual-held-out-test-group
session_zeroed_total_linear,TEST4,live_implementation_range_1.7_to_3.0_N,1.7,3.0,0.01,2026-08-08_160147_552782_1_R3_TEST4,3,2.375,2.366783453014053,2.391035472771023,0.02425201975697,0.0005881604622924632,True,empirical-manual-held-out-test-group
session_zeroed_total_linear,TEST4,live_implementation_range_1.7_to_3.0_N,1.7,3.0,0.01,2026-08-08_160147_552782_1_R3_TEST4,3,2.625,2.662025193505897,2.5012811037513596,0.16074408975453736,0.02583866239101476,True,empirical-manual-held-out-test-group
session_zeroed_total_linear,TEST4,live_implementation_range_1.7_to_3.0_N,1.7,3.0,0.01,2026-08-08_160147_552782_1_R3_TEST4,3,2.875,2.829143979600903,2.436854337603788,0.3922896419971149,0.15389116321822457,True,empirical-manual-held-out-test-group
session_zeroed_total_linear,TEST4,live_implementation_range_1.7_to_3.0_N,1.7,3.0,0.01,2026-08-08_160912_929778_1_R4_TEST4,4,1.875,1.8884221975377595,2.3668754354656834,0.4784532379279238,0.2289175008837145,True,empirical-manual-held-out-test-group
session_zeroed_total_linear,TEST4,live_implementation_range_1.7_to_3.0_N,1.7,3.0,0.01,2026-08-08_160912_929778_1_R4_TEST4,4,2.125,2.131736883320108,2.3783507660401764,0.24661388272006857,0.060818407150267734,True,empirical-manual-held-out-test-group
session_zeroed_total_linear,TEST4,live_implementation_range_1.7_to_3.0_N,1.7,3.0,0.01,2026-08-08_160912_929778_1_R4_TEST4,4,2.375,2.398948083574814,2.3813329776984573,0.01761510587635673,0.0003102919550352574,True,empirical-manual-held-out-test-group
session_zeroed_total_linear,TEST4,live_implementation_range_1.7_to_3.0_N,1.7,3.0,0.01,2026-08-08_160912_929778_1_R4_TEST4,4,2.625,2.5965230666549246,2.3836555296350914,0.2128675370198332,0.04531258831689005,True,empirical-manual-held-out-test-group
session_zeroed_total_linear,TEST4,live_implementation_range_1.7_to_3.0_N,1.7,3.0,0.01,2026-08-08_160912_929778_1_R4_TEST4,4,2.875,2.824888061552556,2.386665227115108,0.43822283443744814,0.19203925262239108,True,empirical-manual-held-out-test-group
session_zeroed_total_linear,TEST4,live_implementation_range_1.7_to_3.0_N,1.7,3.0,0.01,2026-08-08_161644_548982_1_R5_TEST4,5,1.875,1.8734160309758896,2.3459724680359786,0.472556437060089,0.22330958620692584,True,empirical-manual-held-out-test-group
session_zeroed_total_linear,TEST4,live_implementation_range_1.7_to_3.0_N,1.7,3.0,0.01,2026-08-08_161644_548982_1_R5_TEST4,5,2.125,2.1056511561353664,2.350012883831069,0.24436172769570286,0.059712653962428835,True,empirical-manual-held-out-test-group
session_zeroed_total_linear,TEST4,live_implementation_range_1.7_to_3.0_N,1.7,3.0,0.01,2026-08-08_161644_548982_1_R5_TEST4,5,2.375,2.380513289810835,2.3568018817996914,0.023711408011143575,0.0005622308698709237,True,empirical-manual-held-out-test-group
session_zeroed_total_linear,TEST4,live_implementation_range_1.7_to_3.0_N,1.7,3.0,0.01,2026-08-08_161644_548982_1_R5_TEST4,5,2.625,2.5747218618045697,2.349243280822481,0.22547858098208895,0.050840590481696445,True,empirical-manual-held-out-test-group
session_zeroed_total_linear,TEST4,live_implementation_range_1.7_to_3.0_N,1.7,3.0,0.01,2026-08-08_161644_548982_1_R5_TEST4,5,2.875,2.853194312796016,2.359344320310208,0.4938499924858082,0.2438878150782328,True,empirical-manual-held-out-test-group
session_zeroed_total_linear,TEST4,live_implementation_range_1.7_to_3.0_N,1.7,3.0,0.01,2026-08-08_163226_958318_1_R6_TEST4,6,1.875,1.8878574649829292,2.3459724680359786,0.4581150030530494,0.20986935602229548,True,empirical-manual-held-out-test-group
session_zeroed_total_linear,TEST4,live_implementation_range_1.7_to_3.0_N,1.7,3.0,0.01,2026-08-08_163226_958318_1_R6_TEST4,6,2.125,2.1425371404789146,2.3587946038755017,0.21625746339658702,0.04676729047472618,True,empirical-manual-held-out-test-group
session_zeroed_total_linear,TEST4,live_implementation_range_1.7_to_3.0_N,1.7,3.0,0.01,2026-08-08_163226_958318_1_R6_TEST4,6,2.375,2.390499767029694,2.352912638024145,0.03758712900554917,0.0014127922668797958,True,empirical-manual-held-out-test-group
session_zeroed_total_linear,TEST4,live_implementation_range_1.7_to_3.0_N,1.7,3.0,0.01,2026-08-08_163226_958318_1_R6_TEST4,6,2.625,2.62563050109078,2.3533661540827775,0.2722643470080026,0.07412787465169407,True,empirical-manual-held-out-test-group
session_zeroed_total_linear,TEST4,live_implementation_range_1.7_to_3.0_N,1.7,3.0,0.01,2026-08-08_163226_958318_1_R6_TEST4,6,2.875,2.8852860495583625,2.3594405206862814,0.5258455288720811,0.2765135202347587,False,empirical-manual-held-out-test-group
session_zeroed_total_linear,TEST4,live_implementation_range_1.7_to_3.0_N,1.7,3.0,0.01,2026-08-08_163931_866280_1_R7_TEST4,7,1.875,1.867571138341841,2.3657760025962706,0.49820486425442967,0.2482080867667747,True,empirical-manual-held-out-test-group
session_zeroed_total_linear,TEST4,live_implementation_range_1.7_to_3.0_N,1.7,3.0,0.01,2026-08-08_163931_866280_1_R7_TEST4,7,2.125,2.1332115250252297,2.3648002559246675,0.23158873089943777,0.0536333402796122,True,empirical-manual-held-out-test-group
session_zeroed_total_linear,TEST4,live_implementation_range_1.7_to_3.0_N,1.7,3.0,0.01,2026-08-08_163931_866280_1_R7_TEST4,7,2.375,2.3792173364572147,2.3684970989480667,0.010720237509147967,0.00011492349225254302,True,empirical-manual-held-out-test-group
session_zeroed_total_linear,TEST4,live_implementation_range_1.7_to_3.0_N,1.7,3.0,0.01,2026-08-08_163931_866280_1_R7_TEST4,7,2.625,2.618763824731262,2.3631923353531517,0.25557148937811025,0.06531678618294552,True,empirical-manual-held-out-test-group
session_zeroed_total_linear,TEST4,live_implementation_range_1.7_to_3.0_N,1.7,3.0,0.01,2026-08-08_163931_866280_1_R7_TEST4,7,2.875,2.8593613248020064,2.373238403197408,0.48612292160459836,0.23631549490939047,True,empirical-manual-held-out-test-group
session_zeroed_total_linear,TEST4,live_implementation_range_1.7_to_3.0_N,1.7,3.0,0.01,2026-08-08_164959_888615_1_R8_TEST4,8,1.875,1.9039069555529382,2.418878610188894,0.5149716546359557,0.26519580507849405,False,empirical-manual-held-out-test-group
session_zeroed_total_linear,TEST4,live_implementation_range_1.7_to_3.0_N,1.7,3.0,0.01,2026-08-08_164959_888615_1_R8_TEST4,8,2.125,2.1049393526777638,2.404297381758311,0.2993580290805471,0.08961522957498969,True,empirical-manual-held-out-test-group
session_zeroed_total_linear,TEST4,live_implementation_range_1.7_to_3.0_N,1.7,3.0,0.01,2026-08-08_164959_888615_1_R8_TEST4,8,2.375,2.4184422777964993,2.43262152105655,0.014179243260050711,0.00020105093942769352,True,empirical-manual-held-out-test-group
session_zeroed_total_linear,TEST4,live_implementation_range_1.7_to_3.0_N,1.7,3.0,0.01,2026-08-08_164959_888615_1_R8_TEST4,8,2.625,2.549836654032828,2.4134226745744343,0.13641397945839362,0.018608773791675037,True,empirical-manual-held-out-test-group
session_zeroed_total_linear,TEST4,live_implementation_range_1.7_to_3.0_N,1.7,3.0,0.01,2026-08-08_164959_888615_1_R8_TEST4,8,2.875,2.924708352155518,2.387338629747623,0.5373697224078948,0.2887662185607379,False,empirical-manual-held-out-test-group
session_zeroed_total_linear,TEST4,live_implementation_range_1.7_to_3.0_N,1.7,3.0,0.01,2026-08-08_165519_988311_1_R9_TEST4,9,1.875,1.9277336980275075,2.394155113537981,0.46642141551047334,0.2175489368467936,True,empirical-manual-held-out-test-group
session_zeroed_total_linear,TEST4,live_implementation_range_1.7_to_3.0_N,1.7,3.0,0.01,2026-08-08_165519_988311_1_R9_TEST4,9,2.125,2.1500903302799537,2.4082278542664604,0.2581375239865067,0.06663498128988432,True,empirical-manual-held-out-test-group
session_zeroed_total_linear,TEST4,live_implementation_range_1.7_to_3.0_N,1.7,3.0,0.01,2026-08-08_165519_988311_1_R9_TEST4,9,2.375,2.352850759003537,2.413312731287493,0.06046197228395611,0.003655650092465877,True,empirical-manual-held-out-test-group
session_zeroed_total_linear,TEST4,live_implementation_range_1.7_to_3.0_N,1.7,3.0,0.01,2026-08-08_165519_988311_1_R9_TEST4,9,2.625,2.6722840289378658,2.394457457577069,0.2778265713607966,0.0771876037540958,True,empirical-manual-held-out-test-group
session_zeroed_total_linear,TEST4,live_implementation_range_1.7_to_3.0_N,1.7,3.0,0.01,2026-08-08_165519_988311_1_R9_TEST4,9,2.875,2.882609023986125,2.3827759833395614,0.49983304064656364,0.24983306852198933,True,empirical-manual-held-out-test-group
nine_channel_ridge,TEST4,live_implementation_range_1.7_to_3.0_N,1.7,3.0,100.0,2026-08-08_153748_136127_1_R1_TEST4,1,1.875,1.8678820928816928,2.3809366130173837,0.5130545201356909,0.263224940631664,False,empirical-manual-held-out-test-group
nine_channel_ridge,TEST4,live_implementation_range_1.7_to_3.0_N,1.7,3.0,100.0,2026-08-08_153748_136127_1_R1_TEST4,1,2.625,2.5592327400553225,2.354476656498732,0.2047560835565907,0.04192505375343355,True,empirical-manual-held-out-test-group
nine_channel_ridge,TEST4,live_implementation_range_1.7_to_3.0_N,1.7,3.0,100.0,2026-08-08_153748_136127_1_R1_TEST4,1,2.875,2.9054636309672475,2.353652643629766,0.5518109873374817,0.3044953657463664,False,empirical-manual-held-out-test-group
nine_channel_ridge,TEST4,live_implementation_range_1.7_to_3.0_N,1.7,3.0,100.0,2026-08-08_155028_937924_1_R2_TEST4,2,1.875,1.837847437798924,2.3629601591609104,0.5251127213619864,0.27574337013619116,False,empirical-manual-held-out-test-group
nine_channel_ridge,TEST4,live_implementation_range_1.7_to_3.0_N,1.7,3.0,100.0,2026-08-08_155028_937924_1_R2_TEST4,2,2.125,2.1424121080620497,2.363120605440599,0.22070849737854914,0.048712240815097035,True,empirical-manual-held-out-test-group
nine_channel_ridge,TEST4,live_implementation_range_1.7_to_3.0_N,1.7,3.0,100.0,2026-08-08_155028_937924_1_R2_TEST4,2,2.375,2.386853112347654,2.364323952538262,0.022529159809391963,0.0005075630417171221,True,empirical-manual-held-out-test-group
nine_channel_ridge,TEST4,live_implementation_range_1.7_to_3.0_N,1.7,3.0,100.0,2026-08-08_155028_937924_1_R2_TEST4,2,2.625,2.6154671713206454,2.383073246364712,0.23239392495593325,0.05400693635642394,True,empirical-manual-held-out-test-group
nine_channel_ridge,TEST4,live_implementation_range_1.7_to_3.0_N,1.7,3.0,100.0,2026-08-08_155028_937924_1_R2_TEST4,2,2.875,2.802774405626235,2.3809989051773113,0.42177550044892387,0.1778945727789402,True,empirical-manual-held-out-test-group
nine_channel_ridge,TEST4,live_implementation_range_1.7_to_3.0_N,1.7,3.0,100.0,2026-08-08_160147_552782_1_R3_TEST4,3,1.875,1.873055556845399,2.371037461573396,0.49798190472799675,0.24798597743652362,True,empirical-manual-held-out-test-group
nine_channel_ridge,TEST4,live_implementation_range_1.7_to_3.0_N,1.7,3.0,100.0,2026-08-08_160147_552782_1_R3_TEST4,3,2.375,2.366783453014053,2.382153416916844,0.015369963902791106,0.0002362357903731016,True,empirical-manual-held-out-test-group
nine_channel_ridge,TEST4,live_implementation_range_1.7_to_3.0_N,1.7,3.0,100.0,2026-08-08_160147_552782_1_R3_TEST4,3,2.625,2.662025193505897,2.453550286955714,0.20847490655018275,0.04346178666110743,True,empirical-manual-held-out-test-group
nine_channel_ridge,TEST4,live_implementation_range_1.7_to_3.0_N,1.7,3.0,100.0,2026-08-08_160147_552782_1_R3_TEST4,3,2.875,2.829143979600903,2.4122865223369083,0.4168574572639945,0.17377013967660299,True,empirical-manual-held-out-test-group
nine_channel_ridge,TEST4,live_implementation_range_1.7_to_3.0_N,1.7,3.0,100.0,2026-08-08_160912_929778_1_R4_TEST4,4,1.875,1.8884221975377595,2.3928036147484666,0.5043814172107071,0.2544006140274813,False,empirical-manual-held-out-test-group
nine_channel_ridge,TEST4,live_implementation_range_1.7_to_3.0_N,1.7,3.0,100.0,2026-08-08_160912_929778_1_R4_TEST4,4,2.125,2.131736883320108,2.379464624895045,0.24772774157493727,0.0613690339458189,True,empirical-manual-held-out-test-group
nine_channel_ridge,TEST4,live_implementation_range_1.7_to_3.0_N,1.7,3.0,100.0,2026-08-08_160912_929778_1_R4_TEST4,4,2.375,2.398948083574814,2.3809951268817167,0.017952956693097377,0.0003223086540242299,True,empirical-manual-held-out-test-group
nine_channel_ridge,TEST4,live_implementation_range_1.7_to_3.0_N,1.7,3.0,100.0,2026-08-08_160912_929778_1_R4_TEST4,4,2.625,2.5965230666549246,2.379737785939795,0.2167852807151296,0.04699585793473754,True,empirical-manual-held-out-test-group
nine_channel_ridge,TEST4,live_implementation_range_1.7_to_3.0_N,1.7,3.0,100.0,2026-08-08_160912_929778_1_R4_TEST4,4,2.875,2.824888061552556,2.3898139830633576,0.43507407848919843,0.1892894537732252,True,empirical-manual-held-out-test-group
nine_channel_ridge,TEST4,live_implementation_range_1.7_to_3.0_N,1.7,3.0,100.0,2026-08-08_161644_548982_1_R5_TEST4,5,1.875,1.8734160309758896,2.348130338738278,0.47471430776238854,0.22535367399432374,True,empirical-manual-held-out-test-group
nine_channel_ridge,TEST4,live_implementation_range_1.7_to_3.0_N,1.7,3.0,100.0,2026-08-08_161644_548982_1_R5_TEST4,5,2.125,2.1056511561353664,2.3527850755249013,0.247133919389535,0.06107517411283318,True,empirical-manual-held-out-test-group
nine_channel_ridge,TEST4,live_implementation_range_1.7_to_3.0_N,1.7,3.0,100.0,2026-08-08_161644_548982_1_R5_TEST4,5,2.375,2.380513289810835,2.3606062999214723,0.01990698988936268,0.000396288246455188,True,empirical-manual-held-out-test-group
nine_channel_ridge,TEST4,live_implementation_range_1.7_to_3.0_N,1.7,3.0,100.0,2026-08-08_161644_548982_1_R5_TEST4,5,2.625,2.5747218618045697,2.3512018317199277,0.22352003008464205,0.049961203849039286,True,empirical-manual-held-out-test-group
nine_channel_ridge,TEST4,live_implementation_range_1.7_to_3.0_N,1.7,3.0,100.0,2026-08-08_161644_548982_1_R5_TEST4,5,2.875,2.853194312796016,2.363535300960674,0.4896590118353421,0.2397659478715637,True,empirical-manual-held-out-test-group
nine_channel_ridge,TEST4,live_implementation_range_1.7_to_3.0_N,1.7,3.0,100.0,2026-08-08_163226_958318_1_R6_TEST4,6,1.875,1.8878574649829292,2.348130338738278,0.460272873755349,0.21185111831500741,True,empirical-manual-held-out-test-group
nine_channel_ridge,TEST4,live_implementation_range_1.7_to_3.0_N,1.7,3.0,100.0,2026-08-08_163226_958318_1_R6_TEST4,6,2.125,2.1425371404789146,2.363036627132532,0.22049948665361718,0.0486200236145087,True,empirical-manual-held-out-test-group
nine_channel_ridge,TEST4,live_implementation_range_1.7_to_3.0_N,1.7,3.0,100.0,2026-08-08_163226_958318_1_R6_TEST4,6,2.375,2.390499767029694,2.3561985870116953,0.03430118001799887,0.0011765709506271647,True,empirical-manual-held-out-test-group
nine_channel_ridge,TEST4,live_implementation_range_1.7_to_3.0_N,1.7,3.0,100.0,2026-08-08_163226_958318_1_R6_TEST4,6,2.625,2.62563050109078,2.3565021448675267,0.2691283562232534,0.07243007212343036,True,empirical-manual-held-out-test-group
nine_channel_ridge,TEST4,live_implementation_range_1.7_to_3.0_N,1.7,3.0,100.0,2026-08-08_163226_958318_1_R6_TEST4,6,2.875,2.8852860495583625,2.3637875334074834,0.5214985161508792,0.27196070234756875,False,empirical-manual-held-out-test-group
nine_channel_ridge,TEST4,live_implementation_range_1.7_to_3.0_N,1.7,3.0,100.0,2026-08-08_163931_866280_1_R7_TEST4,7,1.875,1.867571138341841,2.3323015895115,0.46473045116965883,0.21597439224435466,True,empirical-manual-held-out-test-group
nine_channel_ridge,TEST4,live_implementation_range_1.7_to_3.0_N,1.7,3.0,100.0,2026-08-08_163931_866280_1_R7_TEST4,7,2.125,2.1332115250252297,2.3330814931861017,0.199869968160872,0.039948004172627984,True,empirical-manual-held-out-test-group
nine_channel_ridge,TEST4,live_implementation_range_1.7_to_3.0_N,1.7,3.0,100.0,2026-08-08_163931_866280_1_R7_TEST4,7,2.375,2.3792173364572147,2.3301266468696524,0.04909068958756224,0.0024098958041823917,True,empirical-manual-held-out-test-group
nine_channel_ridge,TEST4,live_implementation_range_1.7_to_3.0_N,1.7,3.0,100.0,2026-08-08_163931_866280_1_R7_TEST4,7,2.625,2.618763824731262,2.334366686565375,0.28439713816588696,0.0808817321969466,True,empirical-manual-held-out-test-group
nine_channel_ridge,TEST4,live_implementation_range_1.7_to_3.0_N,1.7,3.0,100.0,2026-08-08_163931_866280_1_R7_TEST4,7,2.875,2.8593613248020064,2.326336974084615,0.5330243507173913,0.2841149584576966,False,empirical-manual-held-out-test-group
nine_channel_ridge,TEST4,live_implementation_range_1.7_to_3.0_N,1.7,3.0,100.0,2026-08-08_164959_888615_1_R8_TEST4,8,1.875,1.9039069555529382,2.3779135169288694,0.4740065613759312,0.22468222022743445,True,empirical-manual-held-out-test-group
nine_channel_ridge,TEST4,live_implementation_range_1.7_to_3.0_N,1.7,3.0,100.0,2026-08-08_164959_888615_1_R8_TEST4,8,2.125,2.1049393526777638,2.3742407767601015,0.2693014240823377,0.0725232570127751,True,empirical-manual-held-out-test-group
nine_channel_ridge,TEST4,live_implementation_range_1.7_to_3.0_N,1.7,3.0,100.0,2026-08-08_164959_888615_1_R8_TEST4,8,2.375,2.4184422777964993,2.383439168247517,0.03500310954898245,0.0012252176780980662,True,empirical-manual-held-out-test-group
nine_channel_ridge,TEST4,live_implementation_range_1.7_to_3.0_N,1.7,3.0,100.0,2026-08-08_164959_888615_1_R8_TEST4,8,2.625,2.549836654032828,2.3738552096075893,0.17598144442523855,0.030969468781993324,True,empirical-manual-held-out-test-group
nine_channel_ridge,TEST4,live_implementation_range_1.7_to_3.0_N,1.7,3.0,100.0,2026-08-08_164959_888615_1_R8_TEST4,8,2.875,2.924708352155518,2.363599649193622,0.5611087029618957,0.31484297653958093,False,empirical-manual-held-out-test-group
nine_channel_ridge,TEST4,live_implementation_range_1.7_to_3.0_N,1.7,3.0,100.0,2026-08-08_165519_988311_1_R9_TEST4,9,1.875,1.9277336980275075,2.3659690673321654,0.4382353693046579,0.1920502389095899,True,empirical-manual-held-out-test-group
nine_channel_ridge,TEST4,live_implementation_range_1.7_to_3.0_N,1.7,3.0,100.0,2026-08-08_165519_988311_1_R9_TEST4,9,2.125,2.1500903302799537,2.3682043789984513,0.2181140487184976,0.047573738248375144,True,empirical-manual-held-out-test-group
nine_channel_ridge,TEST4,live_implementation_range_1.7_to_3.0_N,1.7,3.0,100.0,2026-08-08_165519_988311_1_R9_TEST4,9,2.375,2.352850759003537,2.3981666160330946,0.04531585702955754,0.0020535268983232994,True,empirical-manual-held-out-test-group
nine_channel_ridge,TEST4,live_implementation_range_1.7_to_3.0_N,1.7,3.0,100.0,2026-08-08_165519_988311_1_R9_TEST4,9,2.625,2.6722840289378658,2.3832056110224027,0.28907841791546307,0.08356633170450713,True,empirical-manual-held-out-test-group
nine_channel_ridge,TEST4,live_implementation_range_1.7_to_3.0_N,1.7,3.0,100.0,2026-08-08_165519_988311_1_R9_TEST4,9,2.875,2.882609023986125,2.373878307596218,0.5087307163899069,0.2588069417985878,False,empirical-manual-held-out-test-group
nine_channel_log_ridge,TEST4,live_implementation_range_1.7_to_3.0_N,1.7,3.0,100.0,2026-08-08_153748_136127_1_R1_TEST4,1,1.875,1.8678820928816928,2.3950626502475107,0.5271805573658179,0.27791934006453445,False,empirical-manual-held-out-test-group
nine_channel_log_ridge,TEST4,live_implementation_range_1.7_to_3.0_N,1.7,3.0,100.0,2026-08-08_153748_136127_1_R1_TEST4,1,2.625,2.5592327400553225,2.3860780612850943,0.17315467877022828,0.029982542780020945,True,empirical-manual-held-out-test-group
nine_channel_log_ridge,TEST4,live_implementation_range_1.7_to_3.0_N,1.7,3.0,100.0,2026-08-08_153748_136127_1_R1_TEST4,1,2.875,2.9054636309672475,2.385382821517332,0.5200808094499156,0.27048404835807943,False,empirical-manual-held-out-test-group
nine_channel_log_ridge,TEST4,live_implementation_range_1.7_to_3.0_N,1.7,3.0,100.0,2026-08-08_155028_937924_1_R2_TEST4,2,1.875,1.837847437798924,2.381787575888408,0.5439401380894842,0.2958708738248071,False,empirical-manual-held-out-test-group
nine_channel_log_ridge,TEST4,live_implementation_range_1.7_to_3.0_N,1.7,3.0,100.0,2026-08-08_155028_937924_1_R2_TEST4,2,2.125,2.1424121080620497,2.3818298600520498,0.23941775199000004,0.05732085996794517,True,empirical-manual-held-out-test-group
nine_channel_log_ridge,TEST4,live_implementation_range_1.7_to_3.0_N,1.7,3.0,100.0,2026-08-08_155028_937924_1_R2_TEST4,2,2.375,2.386853112347654,2.3821332895574217,0.004719822790232531,2.2276727171198393e-05,True,empirical-manual-held-out-test-group
nine_channel_log_ridge,TEST4,live_implementation_range_1.7_to_3.0_N,1.7,3.0,100.0,2026-08-08_155028_937924_1_R2_TEST4,2,2.625,2.6154671713206454,2.385157021719039,0.23031014960160645,0.053042765009514346,True,empirical-manual-held-out-test-group
nine_channel_log_ridge,TEST4,live_implementation_range_1.7_to_3.0_N,1.7,3.0,100.0,2026-08-08_155028_937924_1_R2_TEST4,2,2.875,2.802774405626235,2.384916342391149,0.41785806323508634,0.17460536101057741,True,empirical-manual-held-out-test-group
nine_channel_log_ridge,TEST4,live_implementation_range_1.7_to_3.0_N,1.7,3.0,100.0,2026-08-08_160147_552782_1_R3_TEST4,3,1.875,1.873055556845399,2.333967653145564,0.46091209630016516,0.21243996051581274,True,empirical-manual-held-out-test-group
nine_channel_log_ridge,TEST4,live_implementation_range_1.7_to_3.0_N,1.7,3.0,100.0,2026-08-08_160147_552782_1_R3_TEST4,3,2.375,2.366783453014053,2.3474496566149035,0.01933379639914934,0.00037379568320375996,True,empirical-manual-held-out-test-group
nine_channel_log_ridge,TEST4,live_implementation_range_1.7_to_3.0_N,1.7,3.0,100.0,2026-08-08_160147_552782_1_R3_TEST4,3,2.625,2.662025193505897,2.337674531805121,0.32435066170077587,0.10520335174573116,True,empirical-manual-held-out-test-group
nine_channel_log_ridge,TEST4,live_implementation_range_1.7_to_3.0_N,1.7,3.0,100.0,2026-08-08_160147_552782_1_R3_TEST4,3,2.875,2.829143979600903,2.338740692899579,0.4904032867013237,0.2404953836074607,True,empirical-manual-held-out-test-group
nine_channel_log_ridge,TEST4,live_implementation_range_1.7_to_3.0_N,1.7,3.0,100.0,2026-08-08_160912_929778_1_R4_TEST4,4,1.875,1.8884221975377595,2.4005754577625305,0.5121532602247709,0.26230096195886193,False,empirical-manual-held-out-test-group
nine_channel_log_ridge,TEST4,live_implementation_range_1.7_to_3.0_N,1.7,3.0,100.0,2026-08-08_160912_929778_1_R4_TEST4,4,2.125,2.131736883320108,2.395203469627784,0.2634665863076764,0.06941464210062029,True,empirical-manual-held-out-test-group
nine_channel_log_ridge,TEST4,live_implementation_range_1.7_to_3.0_N,1.7,3.0,100.0,2026-08-08_160912_929778_1_R4_TEST4,4,2.375,2.398948083574814,2.395888063063195,0.0030600205116191326,9.363725531529818e-06,True,empirical-manual-held-out-test-group
nine_channel_log_ridge,TEST4,live_implementation_range_1.7_to_3.0_N,1.7,3.0,100.0,2026-08-08_160912_929778_1_R4_TEST4,4,2.625,2.5965230666549246,2.3957388721434585,0.20078419451146612,0.04031429276561826,True,empirical-manual-held-out-test-group
nine_channel_log_ridge,TEST4,live_implementation_range_1.7_to_3.0_N,1.7,3.0,100.0,2026-08-08_160912_929778_1_R4_TEST4,4,2.875,2.824888061552556,2.3968907803710184,0.42799728118153757,0.18318167269878813,True,empirical-manual-held-out-test-group
nine_channel_log_ridge,TEST4,live_implementation_range_1.7_to_3.0_N,1.7,3.0,100.0,2026-08-08_161644_548982_1_R5_TEST4,5,1.875,1.8734160309758896,2.3563101639311737,0.48289413295528405,0.23318674364263556,True,empirical-manual-held-out-test-group
nine_channel_log_ridge,TEST4,live_implementation_range_1.7_to_3.0_N,1.7,3.0,100.0,2026-08-08_161644_548982_1_R5_TEST4,5,2.125,2.1056511561353664,2.3593681099841737,0.2537169538488073,0.06437229267031783,True,empirical-manual-held-out-test-group
nine_channel_log_ridge,TEST4,live_implementation_range_1.7_to_3.0_N,1.7,3.0,100.0,2026-08-08_161644_548982_1_R5_TEST4,5,2.375,2.380513289810835,2.3599688258259475,0.020544463984887518,0.0004220750004263403,True,empirical-manual-held-out-test-group
nine_channel_log_ridge,TEST4,live_implementation_range_1.7_to_3.0_N,1.7,3.0,100.0,2026-08-08_161644_548982_1_R5_TEST4,5,2.625,2.5747218618045697,2.359115844866151,0.21560601693841885,0.04648595454004976,True,empirical-manual-held-out-test-group
nine_channel_log_ridge,TEST4,live_implementation_range_1.7_to_3.0_N,1.7,3.0,100.0,2026-08-08_161644_548982_1_R5_TEST4,5,2.875,2.853194312796016,2.360097578749208,0.4930967340468082,0.2431443891276287,True,empirical-manual-held-out-test-group
nine_channel_log_ridge,TEST4,live_implementation_range_1.7_to_3.0_N,1.7,3.0,100.0,2026-08-08_163226_958318_1_R6_TEST4,6,1.875,1.8878574649829292,2.3563101639311737,0.4684526989482445,0.21944793115189457,True,empirical-manual-held-out-test-group
nine_channel_log_ridge,TEST4,live_implementation_range_1.7_to_3.0_N,1.7,3.0,100.0,2026-08-08_163226_958318_1_R6_TEST4,6,2.125,2.1425371404789146,2.3967577573001044,0.2542206168211898,0.0646281220169462,True,empirical-manual-held-out-test-group
nine_channel_log_ridge,TEST4,live_implementation_range_1.7_to_3.0_N,1.7,3.0,100.0,2026-08-08_163226_958318_1_R6_TEST4,6,2.375,2.390499767029694,2.39273079196624,0.0022310249365458112,4.977472267489241e-06,True,empirical-manual-held-out-test-group
nine_channel_log_ridge,TEST4,live_implementation_range_1.7_to_3.0_N,1.7,3.0,100.0,2026-08-08_163226_958318_1_R6_TEST4,6,2.625,2.62563050109078,2.3929728578115026,0.23265764327927752,0.054129578976267544,True,empirical-manual-held-out-test-group
nine_channel_log_ridge,TEST4,live_implementation_range_1.7_to_3.0_N,1.7,3.0,100.0,2026-08-08_163226_958318_1_R6_TEST4,6,2.875,2.8852860495583625,2.3970804536417587,0.48820559591660384,0.23834470388428627,True,empirical-manual-held-out-test-group
nine_channel_log_ridge,TEST4,live_implementation_range_1.7_to_3.0_N,1.7,3.0,100.0,2026-08-08_163931_866280_1_R7_TEST4,7,1.875,1.867571138341841,2.3379235273624253,0.4703523890205843,0.22123136985737107,True,empirical-manual-held-out-test-group
nine_channel_log_ridge,TEST4,live_implementation_range_1.7_to_3.0_N,1.7,3.0,100.0,2026-08-08_163931_866280_1_R7_TEST4,7,2.125,2.1332115250252297,2.3380644856224064,0.20485296059717673,0.04196473546542844,True,empirical-manual-held-out-test-group
nine_channel_log_ridge,TEST4,live_implementation_range_1.7_to_3.0_N,1.7,3.0,100.0,2026-08-08_163931_866280_1_R7_TEST4,7,2.375,2.3792173364572147,2.337564301939929,0.041653034517285636,0.0017349752844981886,True,empirical-manual-held-out-test-group
nine_channel_log_ridge,TEST4,live_implementation_range_1.7_to_3.0_N,1.7,3.0,100.0,2026-08-08_163931_866280_1_R7_TEST4,7,2.625,2.618763824731262,2.3383135041453986,0.2804503205858633,0.07865238231671348,True,empirical-manual-held-out-test-group
nine_channel_log_ridge,TEST4,live_implementation_range_1.7_to_3.0_N,1.7,3.0,100.0,2026-08-08_163931_866280_1_R7_TEST4,7,2.875,2.8593613248020064,2.33703120649717,0.5223301183048363,0.2728287524883443,False,empirical-manual-held-out-test-group
nine_channel_log_ridge,TEST4,live_implementation_range_1.7_to_3.0_N,1.7,3.0,100.0,2026-08-08_164959_888615_1_R8_TEST4,8,1.875,1.9039069555529382,2.3703473163254665,0.46644036077252826,0.2175666101576063,True,empirical-manual-held-out-test-group
nine_channel_log_ridge,TEST4,live_implementation_range_1.7_to_3.0_N,1.7,3.0,100.0,2026-08-08_164959_888615_1_R8_TEST4,8,2.125,2.1049393526777638,2.378062551693167,0.2731231990154033,0.07459628184040758,True,empirical-manual-held-out-test-group
nine_channel_log_ridge,TEST4,live_implementation_range_1.7_to_3.0_N,1.7,3.0,100.0,2026-08-08_164959_888615_1_R8_TEST4,8,2.375,2.4184422777964993,2.3663079585679876,0.05213431922851175,0.00271798724142037,True,empirical-manual-held-out-test-group
nine_channel_log_ridge,TEST4,live_implementation_range_1.7_to_3.0_N,1.7,3.0,100.0,2026-08-08_164959_888615_1_R8_TEST4,8,2.625,2.549836654032828,2.3710710910926616,0.17876556294016632,0.031957126493314565,True,empirical-manual-held-out-test-group
nine_channel_log_ridge,TEST4,live_implementation_range_1.7_to_3.0_N,1.7,3.0,100.0,2026-08-08_164959_888615_1_R8_TEST4,8,2.875,2.924708352155518,2.3901169851362956,0.5345913670192224,0.2857879296914809,False,empirical-manual-held-out-test-group
nine_channel_log_ridge,TEST4,live_implementation_range_1.7_to_3.0_N,1.7,3.0,100.0,2026-08-08_165519_988311_1_R9_TEST4,9,1.875,1.9277336980275075,2.362173310951815,0.43443961292430733,0.18873777727782198,True,empirical-manual-held-out-test-group
nine_channel_log_ridge,TEST4,live_implementation_range_1.7_to_3.0_N,1.7,3.0,100.0,2026-08-08_165519_988311_1_R9_TEST4,9,2.125,2.1500903302799537,2.378179823106945,0.22808949282699142,0.05202481673807417,True,empirical-manual-held-out-test-group
nine_channel_log_ridge,TEST4,live_implementation_range_1.7_to_3.0_N,1.7,3.0,100.0,2026-08-08_165519_988311_1_R9_TEST4,9,2.375,2.352850759003537,2.3952972512909967,0.04244649228745967,0.0018017047075093732,True,empirical-manual-held-out-test-group
nine_channel_log_ridge,TEST4,live_implementation_range_1.7_to_3.0_N,1.7,3.0,100.0,2026-08-08_165519_988311_1_R9_TEST4,9,2.625,2.6722840289378658,2.4038654634995864,0.26841856543827936,0.07204852627194386,True,empirical-manual-held-out-test-group
nine_channel_log_ridge,TEST4,live_implementation_range_1.7_to_3.0_N,1.7,3.0,100.0,2026-08-08_165519_988311_1_R9_TEST4,9,2.875,2.882609023986125,2.390642537574203,0.491966486411922,0.2420310237524918,True,empirical-manual-held-out-test-group
session_zeroed_nine_channel_ridge,TEST4,live_implementation_range_1.7_to_3.0_N,1.7,3.0,100.0,2026-08-08_153748_136127_1_R1_TEST4,1,1.875,1.8678820928816928,2.361387012470237,0.49350491958854414,0.24354710565809543,True,empirical-manual-held-out-test-group
session_zeroed_nine_channel_ridge,TEST4,live_implementation_range_1.7_to_3.0_N,1.7,3.0,100.0,2026-08-08_153748_136127_1_R1_TEST4,1,2.625,2.5592327400553225,2.331813234552959,0.22741950550236334,0.05171963148293947,True,empirical-manual-held-out-test-group
session_zeroed_nine_channel_ridge,TEST4,live_implementation_range_1.7_to_3.0_N,1.7,3.0,100.0,2026-08-08_153748_136127_1_R1_TEST4,1,2.875,2.9054636309672475,2.3389537886753096,0.5665098422919379,0.32093340141363635,False,empirical-manual-held-out-test-group
session_zeroed_nine_channel_ridge,TEST4,live_implementation_range_1.7_to_3.0_N,1.7,3.0,100.0,2026-08-08_155028_937924_1_R2_TEST4,2,1.875,1.837847437798924,2.378646926324273,0.5407994885253491,0.2924640867892792,False,empirical-manual-held-out-test-group
session_zeroed_nine_channel_ridge,TEST4,live_implementation_range_1.7_to_3.0_N,1.7,3.0,100.0,2026-08-08_155028_937924_1_R2_TEST4,2,2.125,2.1424121080620497,2.378881363239672,0.23646925517762218,0.0559177086442594,True,empirical-manual-held-out-test-group
session_zeroed_nine_channel_ridge,TEST4,live_implementation_range_1.7_to_3.0_N,1.7,3.0,100.0,2026-08-08_155028_937924_1_R2_TEST4,2,2.375,2.386853112347654,2.3806396401051626,0.00621347224249158,3.860723730821334e-05,True,empirical-manual-held-out-test-group
session_zeroed_nine_channel_ridge,TEST4,live_implementation_range_1.7_to_3.0_N,1.7,3.0,100.0,2026-08-08_155028_937924_1_R2_TEST4,2,2.625,2.6154671713206454,2.408035268218909,0.20743190310173665,0.04302799442440826,True,empirical-manual-held-out-test-group
session_zeroed_nine_channel_ridge,TEST4,live_implementation_range_1.7_to_3.0_N,1.7,3.0,100.0,2026-08-08_155028_937924_1_R2_TEST4,2,2.875,2.802774405626235,2.4050043338126814,0.3977700718135537,0.15822103003055968,True,empirical-manual-held-out-test-group
session_zeroed_nine_channel_ridge,TEST4,live_implementation_range_1.7_to_3.0_N,1.7,3.0,100.0,2026-08-08_160147_552782_1_R3_TEST4,3,1.875,1.873055556845399,2.3770407221080925,0.5039851652626934,0.2540010468048644,False,empirical-manual-held-out-test-group
session_zeroed_nine_channel_ridge,TEST4,live_implementation_range_1.7_to_3.0_N,1.7,3.0,100.0,2026-08-08_160147_552782_1_R3_TEST4,3,2.375,2.366783453014053,2.388547989765134,0.02176453675108103,0.00047369505998915687,True,empirical-manual-held-out-test-group
session_zeroed_nine_channel_ridge,TEST4,live_implementation_range_1.7_to_3.0_N,1.7,3.0,100.0,2026-08-08_160147_552782_1_R3_TEST4,3,2.625,2.662025193505897,2.4617087844483723,0.20031640905752468,0.04012666373770155,True,empirical-manual-held-out-test-group
session_zeroed_nine_channel_ridge,TEST4,live_implementation_range_1.7_to_3.0_N,1.7,3.0,100.0,2026-08-08_160147_552782_1_R3_TEST4,3,2.875,2.829143979600903,2.419356219560386,0.40978776004051687,0.16792600827902424,True,empirical-manual-held-out-test-group
session_zeroed_nine_channel_ridge,TEST4,live_implementation_range_1.7_to_3.0_N,1.7,3.0,100.0,2026-08-08_160912_929778_1_R4_TEST4,4,1.875,1.8884221975377595,2.369433764258447,0.48101156672068757,0.23137212731909046,True,empirical-manual-held-out-test-group
session_zeroed_nine_channel_ridge,TEST4,live_implementation_range_1.7_to_3.0_N,1.7,3.0,100.0,2026-08-08_160912_929778_1_R4_TEST4,4,2.125,2.131736883320108,2.356913178249244,0.22517629492913604,0.05070436379801326,True,empirical-manual-held-out-test-group
session_zeroed_nine_channel_ridge,TEST4,live_implementation_range_1.7_to_3.0_N,1.7,3.0,100.0,2026-08-08_160912_929778_1_R4_TEST4,4,2.375,2.398948083574814,2.36022459094933,0.038723492625484024,0.0014995088811159156,True,empirical-manual-held-out-test-group
session_zeroed_nine_channel_ridge,TEST4,live_implementation_range_1.7_to_3.0_N,1.7,3.0,100.0,2026-08-08_160912_929778_1_R4_TEST4,4,2.625,2.5965230666549246,2.355257031817584,0.24126603483734055,0.05820929956613282,True,empirical-manual-held-out-test-group
session_zeroed_nine_channel_ridge,TEST4,live_implementation_range_1.7_to_3.0_N,1.7,3.0,100.0,2026-08-08_160912_929778_1_R4_TEST4,4,2.875,2.824888061552556,2.3659366538615774,0.45895140769097864,0.2106363946215309,True,empirical-manual-held-out-test-group
session_zeroed_nine_channel_ridge,TEST4,live_implementation_range_1.7_to_3.0_N,1.7,3.0,100.0,2026-08-08_161644_548982_1_R5_TEST4,5,1.875,1.8734160309758896,2.3569782571438407,0.4835622261679511,0.2338324265765047,True,empirical-manual-held-out-test-group
session_zeroed_nine_channel_ridge,TEST4,live_implementation_range_1.7_to_3.0_N,1.7,3.0,100.0,2026-08-08_161644_548982_1_R5_TEST4,5,2.125,2.1056511561353664,2.357998227717256,0.2523470715818896,0.06367904453595533,True,empirical-manual-held-out-test-group
session_zeroed_nine_channel_ridge,TEST4,live_implementation_range_1.7_to_3.0_N,1.7,3.0,100.0,2026-08-08_161644_548982_1_R5_TEST4,5,2.375,2.380513289810835,2.3597120558236067,0.02080123398722833,0.000432691335391423,True,empirical-manual-held-out-test-group
session_zeroed_nine_channel_ridge,TEST4,live_implementation_range_1.7_to_3.0_N,1.7,3.0,100.0,2026-08-08_161644_548982_1_R5_TEST4,5,2.625,2.5747218618045697,2.357651298950788,0.2170705628537819,0.047119629257657676,True,empirical-manual-held-out-test-group
session_zeroed_nine_channel_ridge,TEST4,live_implementation_range_1.7_to_3.0_N,1.7,3.0,100.0,2026-08-08_161644_548982_1_R5_TEST4,5,2.875,2.853194312796016,2.360353874041572,0.49284043875444405,0.24289169807167293,True,empirical-manual-held-out-test-group
session_zeroed_nine_channel_ridge,TEST4,live_implementation_range_1.7_to_3.0_N,1.7,3.0,100.0,2026-08-08_163226_958318_1_R6_TEST4,6,1.875,1.8878574649829292,2.3569782571438407,0.4691207921609115,0.22007431763768115,True,empirical-manual-held-out-test-group
session_zeroed_nine_channel_ridge,TEST4,live_implementation_range_1.7_to_3.0_N,1.7,3.0,100.0,2026-08-08_163226_958318_1_R6_TEST4,6,2.125,2.1425371404789146,2.3873183723903684,0.24478123191145373,0.05991785149608889,True,empirical-manual-held-out-test-group
session_zeroed_nine_channel_ridge,TEST4,live_implementation_range_1.7_to_3.0_N,1.7,3.0,100.0,2026-08-08_163226_958318_1_R6_TEST4,6,2.375,2.390499767029694,2.373400291655627,0.017099475374067197,0.0002923920580683305,True,empirical-manual-held-out-test-group
session_zeroed_nine_channel_ridge,TEST4,live_implementation_range_1.7_to_3.0_N,1.7,3.0,100.0,2026-08-08_163226_958318_1_R6_TEST4,6,2.625,2.62563050109078,2.3740181503798325,0.25161235071094756,0.06330877503028888,True,empirical-manual-held-out-test-group
session_zeroed_nine_channel_ridge,TEST4,live_implementation_range_1.7_to_3.0_N,1.7,3.0,100.0,2026-08-08_163226_958318_1_R6_TEST4,6,2.875,2.8852860495583625,2.388846759760772,0.49643928979759044,0.246451968454736,True,empirical-manual-held-out-test-group
session_zeroed_nine_channel_ridge,TEST4,live_implementation_range_1.7_to_3.0_N,1.7,3.0,100.0,2026-08-08_163931_866280_1_R7_TEST4,7,1.875,1.867571138341841,2.3499470164513543,0.4823758781095133,0.23268648778192405,True,empirical-manual-held-out-test-group
session_zeroed_nine_channel_ridge,TEST4,live_implementation_range_1.7_to_3.0_N,1.7,3.0,100.0,2026-08-08_163931_866280_1_R7_TEST4,7,2.125,2.1332115250252297,2.3502934550975487,0.21708193007231902,0.047124564363923205,True,empirical-manual-held-out-test-group
session_zeroed_nine_channel_ridge,TEST4,live_implementation_range_1.7_to_3.0_N,1.7,3.0,100.0,2026-08-08_163931_866280_1_R7_TEST4,7,2.375,2.3792173364572147,2.348980891776051,0.03023644468116382,0.00091424258695708,True,empirical-manual-held-out-test-group
session_zeroed_nine_channel_ridge,TEST4,live_implementation_range_1.7_to_3.0_N,1.7,3.0,100.0,2026-08-08_163931_866280_1_R7_TEST4,7,2.625,2.618763824731262,2.350864346951137,0.2678994777801247,0.07177013019486352,True,empirical-manual-held-out-test-group
session_zeroed_nine_channel_ridge,TEST4,live_implementation_range_1.7_to_3.0_N,1.7,3.0,100.0,2026-08-08_163931_866280_1_R7_TEST4,7,2.875,2.8593613248020064,2.347297492720598,0.5120638320814086,0.262209368125897,False,empirical-manual-held-out-test-group
session_zeroed_nine_channel_ridge,TEST4,live_implementation_range_1.7_to_3.0_N,1.7,3.0,100.0,2026-08-08_164959_888615_1_R8_TEST4,8,1.875,1.9039069555529382,2.383756518614568,0.47984956306162996,0.2302556031704372,True,empirical-manual-held-out-test-group
session_zeroed_nine_channel_ridge,TEST4,live_implementation_range_1.7_to_3.0_N,1.7,3.0,100.0,2026-08-08_164959_888615_1_R8_TEST4,8,2.125,2.1049393526777638,2.3803582615982197,0.27541890892045595,0.0758555753909344,True,empirical-manual-held-out-test-group
session_zeroed_nine_channel_ridge,TEST4,live_implementation_range_1.7_to_3.0_N,1.7,3.0,100.0,2026-08-08_164959_888615_1_R8_TEST4,8,2.375,2.4184422777964993,2.3934499672383733,0.024992310558126007,0.0006246155870338167,True,empirical-manual-held-out-test-group
session_zeroed_nine_channel_ridge,TEST4,live_implementation_range_1.7_to_3.0_N,1.7,3.0,100.0,2026-08-08_164959_888615_1_R8_TEST4,8,2.625,2.549836654032828,2.380611296322338,0.16922535771049008,0.028637221692243323,True,empirical-manual-held-out-test-group
session_zeroed_nine_channel_ridge,TEST4,live_implementation_range_1.7_to_3.0_N,1.7,3.0,100.0,2026-08-08_164959_888615_1_R8_TEST4,8,2.875,2.924708352155518,2.3698032435684286,0.5549051085870893,0.3079196795360494,False,empirical-manual-held-out-test-group
session_zeroed_nine_channel_ridge,TEST4,live_implementation_range_1.7_to_3.0_N,1.7,3.0,100.0,2026-08-08_165519_988311_1_R9_TEST4,9,1.875,1.9277336980275075,2.3630479038518417,0.4353142058243342,0.18949845779247082,True,empirical-manual-held-out-test-group
session_zeroed_nine_channel_ridge,TEST4,live_implementation_range_1.7_to_3.0_N,1.7,3.0,100.0,2026-08-08_165519_988311_1_R9_TEST4,9,2.125,2.1500903302799537,2.37031399074088,0.22022366046092623,0.04849846062680932,True,empirical-manual-held-out-test-group
session_zeroed_nine_channel_ridge,TEST4,live_implementation_range_1.7_to_3.0_N,1.7,3.0,100.0,2026-08-08_165519_988311_1_R9_TEST4,9,2.375,2.352850759003537,2.3954554834921806,0.04260472448864361,0.0018151625487532283,True,empirical-manual-held-out-test-group
session_zeroed_nine_channel_ridge,TEST4,live_implementation_range_1.7_to_3.0_N,1.7,3.0,100.0,2026-08-08_165519_988311_1_R9_TEST4,9,2.625,2.6722840289378658,2.382171708722855,0.29011232021501066,0.08416515834053688,True,empirical-manual-held-out-test-group
session_zeroed_nine_channel_ridge,TEST4,live_implementation_range_1.7_to_3.0_N,1.7,3.0,100.0,2026-08-08_165519_988311_1_R9_TEST4,9,2.875,2.882609023986125,2.3751169172469395,0.5074921067391855,0.2575482384025769,False,empirical-manual-held-out-test-group
constant_baseline,TEST5,live_implementation_range_1.7_to_3.0_N,1.7,3.0,,2026-08-08_154243_860887_1_R1_TEST5,1,1.875,1.8544902936508647,2.379865313134025,0.5253750194831603,0.2760189110969311,False,empirical-manual-held-out-test-group
constant_baseline,TEST5,live_implementation_range_1.7_to_3.0_N,1.7,3.0,,2026-08-08_154243_860887_1_R1_TEST5,1,2.125,2.143825902040632,2.379865313134025,0.236039411093393,0.05571460358931578,True,empirical-manual-held-out-test-group
constant_baseline,TEST5,live_implementation_range_1.7_to_3.0_N,1.7,3.0,,2026-08-08_154243_860887_1_R1_TEST5,1,2.375,2.372549610670127,2.379865313134025,0.0073157024638979,5.35195025402818e-05,True,empirical-manual-held-out-test-group
constant_baseline,TEST5,live_implementation_range_1.7_to_3.0_N,1.7,3.0,,2026-08-08_154243_860887_1_R1_TEST5,1,2.625,2.685683000454869,2.379865313134025,0.305817687320844,0.09352445787826952,True,empirical-manual-held-out-test-group
constant_baseline,TEST5,live_implementation_range_1.7_to_3.0_N,1.7,3.0,,2026-08-08_154243_860887_1_R1_TEST5,1,2.875,2.873590703363539,2.379865313134025,0.493725390229514,0.2437647609572859,True,empirical-manual-held-out-test-group
constant_baseline,TEST5,live_implementation_range_1.7_to_3.0_N,1.7,3.0,,2026-08-08_155132_412966_1_R2_TEST5,2,1.875,1.9163504018375097,2.379865313134025,0.46351491129651534,0.21484607299421649,True,empirical-manual-held-out-test-group
constant_baseline,TEST5,live_implementation_range_1.7_to_3.0_N,1.7,3.0,,2026-08-08_155132_412966_1_R2_TEST5,2,2.125,2.1364659836757345,2.379865313134025,0.24339932945829057,0.05924323358074548,True,empirical-manual-held-out-test-group
constant_baseline,TEST5,live_implementation_range_1.7_to_3.0_N,1.7,3.0,,2026-08-08_155132_412966_1_R2_TEST5,2,2.375,2.3845562910244604,2.379865313134025,0.004690977890435377,2.2005273568553543e-05,True,empirical-manual-held-out-test-group
constant_baseline,TEST5,live_implementation_range_1.7_to_3.0_N,1.7,3.0,,2026-08-08_155132_412966_1_R2_TEST5,2,2.625,2.643102691019448,2.379865313134025,0.2632373778854231,0.06929391711599305,True,empirical-manual-held-out-test-group
constant_baseline,TEST5,live_implementation_range_1.7_to_3.0_N,1.7,3.0,,2026-08-08_155132_412966_1_R2_TEST5,2,2.875,2.839726098884575,2.379865313134025,0.4598607857505499,0.21147194227111316,True,empirical-manual-held-out-test-group
constant_baseline,TEST5,live_implementation_range_1.7_to_3.0_N,1.7,3.0,,2026-08-08_160247_228233_1_R3_TEST5,3,1.875,1.7838769868851343,2.379865313134025,0.5959883262488908,0.35520208502495426,False,empirical-manual-held-out-test-group
constant_baseline,TEST5,live_implementation_range_1.7_to_3.0_N,1.7,3.0,,2026-08-08_160247_228233_1_R3_TEST5,3,2.125,2.196892670814681,2.379865313134025,0.18297264231934385,0.03347898783732254,True,empirical-manual-held-out-test-group
constant_baseline,TEST5,live_implementation_range_1.7_to_3.0_N,1.7,3.0,,2026-08-08_160247_228233_1_R3_TEST5,3,2.375,2.4202311197930584,2.379865313134025,0.04036580665903333,0.0016293983472344597,True,empirical-manual-held-out-test-group
constant_baseline,TEST5,live_implementation_range_1.7_to_3.0_N,1.7,3.0,,2026-08-08_160247_228233_1_R3_TEST5,3,2.625,2.591625896063435,2.379865313134025,0.21176058292941002,0.04484254448260354,True,empirical-manual-held-out-test-group
constant_baseline,TEST5,live_implementation_range_1.7_to_3.0_N,1.7,3.0,,2026-08-08_160247_228233_1_R3_TEST5,3,2.875,2.8658537085172515,2.379865313134025,0.48598839538322647,0.23618472044716327,True,empirical-manual-held-out-test-group
constant_baseline,TEST5,live_implementation_range_1.7_to_3.0_N,1.7,3.0,,2026-08-08_161018_609760_1_R4_TEST5,4,1.875,1.8240982328629514,2.379865313134025,0.5557670802710737,0.3088770475130341,False,empirical-manual-held-out-test-group
constant_baseline,TEST5,live_implementation_range_1.7_to_3.0_N,1.7,3.0,,2026-08-08_161018_609760_1_R4_TEST5,4,2.125,2.1552210814113404,2.379865313134025,0.22464423172268466,0.05046503084627524,True,empirical-manual-held-out-test-group
constant_baseline,TEST5,live_implementation_range_1.7_to_3.0_N,1.7,3.0,,2026-08-08_161018_609760_1_R4_TEST5,4,2.375,2.3320658890702584,2.379865313134025,0.04779942406376669,0.0022847849408277983,True,empirical-manual-held-out-test-group
constant_baseline,TEST5,live_implementation_range_1.7_to_3.0_N,1.7,3.0,,2026-08-08_161018_609760_1_R4_TEST5,4,2.625,2.5969037849711736,2.379865313134025,0.21703847183714853,0.04710569825740472,True,empirical-manual-held-out-test-group
constant_baseline,TEST5,live_implementation_range_1.7_to_3.0_N,1.7,3.0,,2026-08-08_161018_609760_1_R4_TEST5,4,2.875,2.900043829534729,2.379865313134025,0.520178516400704,0.2705856889248375,False,empirical-manual-held-out-test-group
constant_baseline,TEST5,live_implementation_range_1.7_to_3.0_N,1.7,3.0,,2026-08-08_161801_886702_1_R5_TEST5,5,1.875,1.8713315840531064,2.379865313134025,0.5085337290809187,0.25860655361294516,False,empirical-manual-held-out-test-group
constant_baseline,TEST5,live_implementation_range_1.7_to_3.0_N,1.7,3.0,,2026-08-08_161801_886702_1_R5_TEST5,5,2.125,2.177000879181433,2.379865313134025,0.20286443395259202,0.04115397856290557,True,empirical-manual-held-out-test-group
constant_baseline,TEST5,live_implementation_range_1.7_to_3.0_N,1.7,3.0,,2026-08-08_161801_886702_1_R5_TEST5,5,2.375,2.3828096233749263,2.379865313134025,0.002944310240901249,8.668962794675971e-06,True,empirical-manual-held-out-test-group
constant_baseline,TEST5,live_implementation_range_1.7_to_3.0_N,1.7,3.0,,2026-08-08_161801_886702_1_R5_TEST5,5,2.625,2.598998880963138,2.379865313134025,0.21913356782911286,0.04801952054951641,True,empirical-manual-held-out-test-group
constant_baseline,TEST5,live_implementation_range_1.7_to_3.0_N,1.7,3.0,,2026-08-08_161801_886702_1_R5_TEST5,5,2.875,2.8329682105007663,2.379865313134025,0.45310289736674125,0.20530223560213565,True,empirical-manual-held-out-test-group
constant_baseline,TEST5,live_implementation_range_1.7_to_3.0_N,1.7,3.0,,2026-08-08_163341_567723_1_R6_TEST5,6,1.875,1.8770474171385176,2.379865313134025,0.5028178959955074,0.2528258365333489,False,empirical-manual-held-out-test-group
constant_baseline,TEST5,live_implementation_range_1.7_to_3.0_N,1.7,3.0,,2026-08-08_163341_567723_1_R6_TEST5,6,2.125,2.12106454721219,2.379865313134025,0.2588007659218352,0.06697783644172854,True,empirical-manual-held-out-test-group
constant_baseline,TEST5,live_implementation_range_1.7_to_3.0_N,1.7,3.0,,2026-08-08_163341_567723_1_R6_TEST5,6,2.375,2.352031488657246,2.379865313134025,0.027833824476779068,0.0007747217850041456,True,empirical-manual-held-out-test-group
constant_baseline,TEST5,live_implementation_range_1.7_to_3.0_N,1.7,3.0,,2026-08-08_163341_567723_1_R6_TEST5,6,2.625,2.6258783450961456,2.379865313134025,0.24601303196212054,0.06052241189519535,True,empirical-manual-held-out-test-group
constant_baseline,TEST5,live_implementation_range_1.7_to_3.0_N,1.7,3.0,,2026-08-08_163341_567723_1_R6_TEST5,6,2.875,2.876223175904799,2.379865313134025,0.4963578627707741,0.2463711279343706,True,empirical-manual-held-out-test-group
constant_baseline,TEST5,live_implementation_range_1.7_to_3.0_N,1.7,3.0,,2026-08-08_164047_397752_1_R7_TEST5,7,1.875,1.9141624026821904,2.379865313134025,0.46570291045183465,0.21687920080330952,True,empirical-manual-held-out-test-group
constant_baseline,TEST5,live_implementation_range_1.7_to_3.0_N,1.7,3.0,,2026-08-08_164047_397752_1_R7_TEST5,7,2.125,2.118476617670055,2.379865313134025,0.26138869546397014,0.06832405011635613,True,empirical-manual-held-out-test-group
constant_baseline,TEST5,live_implementation_range_1.7_to_3.0_N,1.7,3.0,,2026-08-08_164047_397752_1_R7_TEST5,7,2.375,2.3611637164103687,2.379865313134025,0.018701596723656344,0.0003497497200142737,True,empirical-manual-held-out-test-group
constant_baseline,TEST5,live_implementation_range_1.7_to_3.0_N,1.7,3.0,,2026-08-08_164047_397752_1_R7_TEST5,7,2.625,2.630848825454871,2.379865313134025,0.2509835123208459,0.06299272345690822,True,empirical-manual-held-out-test-group
constant_baseline,TEST5,live_implementation_range_1.7_to_3.0_N,1.7,3.0,,2026-08-08_164047_397752_1_R7_TEST5,7,2.875,2.8137101156630395,2.379865313134025,0.4338448025290145,0.18822131268143957,True,empirical-manual-held-out-test-group
constant_baseline,TEST5,live_implementation_range_1.7_to_3.0_N,1.7,3.0,,2026-08-08_165117_429951_1_R8_TEST5,8,1.875,1.9186808072558803,2.379865313134025,0.46118450587814475,0.21269114846206852,True,empirical-manual-held-out-test-group
constant_baseline,TEST5,live_implementation_range_1.7_to_3.0_N,1.7,3.0,,2026-08-08_165117_429951_1_R8_TEST5,8,2.125,2.1088213046392106,2.379865313134025,0.27104400849481447,0.07346485454093706,True,empirical-manual-held-out-test-group
constant_baseline,TEST5,live_implementation_range_1.7_to_3.0_N,1.7,3.0,,2026-08-08_165117_429951_1_R8_TEST5,8,2.375,2.367937869503527,2.379865313134025,0.011927443630498136,0.00014226391155871054,True,empirical-manual-held-out-test-group
constant_baseline,TEST5,live_implementation_range_1.7_to_3.0_N,1.7,3.0,,2026-08-08_165117_429951_1_R8_TEST5,8,2.625,2.602069516741847,2.379865313134025,0.22220420360782178,0.04937470810098632,True,empirical-manual-held-out-test-group
constant_baseline,TEST5,live_implementation_range_1.7_to_3.0_N,1.7,3.0,,2026-08-08_165117_429951_1_R8_TEST5,8,2.875,2.845165973841518,2.379865313134025,0.46530066070749276,0.2165047048548293,True,empirical-manual-held-out-test-group
constant_baseline,TEST5,live_implementation_range_1.7_to_3.0_N,1.7,3.0,,2026-08-08_165607_836382_1_R9_TEST5,9,1.875,1.8437646734367803,2.379865313134025,0.5361006396972448,0.28740389588379506,False,empirical-manual-held-out-test-group
constant_baseline,TEST5,live_implementation_range_1.7_to_3.0_N,1.7,3.0,,2026-08-08_165607_836382_1_R9_TEST5,9,2.125,2.113887172351952,2.379865313134025,0.26597814078207316,0.07074437137388832,True,empirical-manual-held-out-test-group
constant_baseline,TEST5,live_implementation_range_1.7_to_3.0_N,1.7,3.0,,2026-08-08_165607_836382_1_R9_TEST5,9,2.375,2.385644612672119,2.379865313134025,0.005779299538093863,3.3400303151011935e-05,True,empirical-manual-held-out-test-group
constant_baseline,TEST5,live_implementation_range_1.7_to_3.0_N,1.7,3.0,,2026-08-08_165607_836382_1_R9_TEST5,9,2.625,2.6490550790951146,2.379865313134025,0.26918976596108957,0.07246313009818617,True,empirical-manual-held-out-test-group
constant_baseline,TEST5,live_implementation_range_1.7_to_3.0_N,1.7,3.0,,2026-08-08_165607_836382_1_R9_TEST5,9,2.875,2.869111352545924,2.379865313134025,0.48924603941189915,0.23936168708022956,True,empirical-manual-held-out-test-group
total_light_linear,TEST5,live_implementation_range_1.7_to_3.0_N,1.7,3.0,0.01,2026-08-08_154243_860887_1_R1_TEST5,1,1.875,1.8544902936508647,2.3448193958878814,0.49032910223701665,0.24042262850055873,True,empirical-manual-held-out-test-group
total_light_linear,TEST5,live_implementation_range_1.7_to_3.0_N,1.7,3.0,0.01,2026-08-08_154243_860887_1_R1_TEST5,1,2.125,2.143825902040632,2.3448193958878814,0.2009934938472493,0.04039838456892424,True,empirical-manual-held-out-test-group
total_light_linear,TEST5,live_implementation_range_1.7_to_3.0_N,1.7,3.0,0.01,2026-08-08_154243_860887_1_R1_TEST5,1,2.375,2.372549610670127,2.3450150184553737,0.027534592214753406,0.0007581537684327588,True,empirical-manual-held-out-test-group
total_light_linear,TEST5,live_implementation_range_1.7_to_3.0_N,1.7,3.0,0.01,2026-08-08_154243_860887_1_R1_TEST5,1,2.625,2.685683000454869,2.3519020835520905,0.33378091690277856,0.11140970048845956,True,empirical-manual-held-out-test-group
total_light_linear,TEST5,live_implementation_range_1.7_to_3.0_N,1.7,3.0,0.01,2026-08-08_154243_860887_1_R1_TEST5,1,2.875,2.873590703363539,2.352172502983624,0.521418200379915,0.2718769396874292,False,empirical-manual-held-out-test-group
total_light_linear,TEST5,live_implementation_range_1.7_to_3.0_N,1.7,3.0,0.01,2026-08-08_155132_412966_1_R2_TEST5,2,1.875,1.9163504018375097,2.3477882560298244,0.43143785419231473,0.18613862203006903,True,empirical-manual-held-out-test-group
total_light_linear,TEST5,live_implementation_range_1.7_to_3.0_N,1.7,3.0,0.01,2026-08-08_155132_412966_1_R2_TEST5,2,2.125,2.1364659836757345,2.353219659080201,0.21675367540446633,0.04698215580134475,True,empirical-manual-held-out-test-group
total_light_linear,TEST5,live_implementation_range_1.7_to_3.0_N,1.7,3.0,0.01,2026-08-08_155132_412966_1_R2_TEST5,2,2.375,2.3845562910244604,2.356177012012292,0.028379279012168634,0.0008053834772505152,True,empirical-manual-held-out-test-group
total_light_linear,TEST5,live_implementation_range_1.7_to_3.0_N,1.7,3.0,0.01,2026-08-08_155132_412966_1_R2_TEST5,2,2.625,2.643102691019448,2.354105714238843,0.2889969767806053,0.08351925258832973,True,empirical-manual-held-out-test-group
total_light_linear,TEST5,live_implementation_range_1.7_to_3.0_N,1.7,3.0,0.01,2026-08-08_155132_412966_1_R2_TEST5,2,2.875,2.839726098884575,2.351516592022032,0.48820950686254294,0.23834852259096737,True,empirical-manual-held-out-test-group
total_light_linear,TEST5,live_implementation_range_1.7_to_3.0_N,1.7,3.0,0.01,2026-08-08_160247_228233_1_R3_TEST5,3,1.875,1.7838769868851343,2.3738981151851304,0.5900211282999961,0.34812493184040044,False,empirical-manual-held-out-test-group
total_light_linear,TEST5,live_implementation_range_1.7_to_3.0_N,1.7,3.0,0.01,2026-08-08_160247_228233_1_R3_TEST5,3,2.125,2.196892670814681,2.393828602649648,0.19693593183496683,0.0387837612477067,True,empirical-manual-held-out-test-group
total_light_linear,TEST5,live_implementation_range_1.7_to_3.0_N,1.7,3.0,0.01,2026-08-08_160247_228233_1_R3_TEST5,3,2.375,2.4202311197930584,2.389714775127382,0.03051634466567643,0.0009312472917543584,True,empirical-manual-held-out-test-group
total_light_linear,TEST5,live_implementation_range_1.7_to_3.0_N,1.7,3.0,0.01,2026-08-08_160247_228233_1_R3_TEST5,3,2.625,2.591625896063435,2.410329941578123,0.1812959544853121,0.03286822311274036,True,empirical-manual-held-out-test-group
total_light_linear,TEST5,live_implementation_range_1.7_to_3.0_N,1.7,3.0,0.01,2026-08-08_160247_228233_1_R3_TEST5,3,2.875,2.8658537085172515,2.423367610340997,0.4424860981762544,0.19579394707924586,True,empirical-manual-held-out-test-group
total_light_linear,TEST5,live_implementation_range_1.7_to_3.0_N,1.7,3.0,0.01,2026-08-08_161018_609760_1_R4_TEST5,4,1.875,1.8240982328629514,2.387775810267237,0.5636775774042855,0.31773241126836427,False,empirical-manual-held-out-test-group
total_light_linear,TEST5,live_implementation_range_1.7_to_3.0_N,1.7,3.0,0.01,2026-08-08_161018_609760_1_R4_TEST5,4,2.125,2.1552210814113404,2.380906005985299,0.2256849245739585,0.050933685179953336,True,empirical-manual-held-out-test-group
total_light_linear,TEST5,live_implementation_range_1.7_to_3.0_N,1.7,3.0,0.01,2026-08-08_161018_609760_1_R4_TEST5,4,2.375,2.3320658890702584,2.3827931884011075,0.050727299330849185,0.002573258897401572,True,empirical-manual-held-out-test-group
total_light_linear,TEST5,live_implementation_range_1.7_to_3.0_N,1.7,3.0,0.01,2026-08-08_161018_609760_1_R4_TEST5,4,2.625,2.5969037849711736,2.37705684428964,0.21984694068153354,0.04833267732702973,True,empirical-manual-held-out-test-group
total_light_linear,TEST5,live_implementation_range_1.7_to_3.0_N,1.7,3.0,0.01,2026-08-08_161018_609760_1_R4_TEST5,4,2.875,2.900043829534729,2.38047448561583,0.5195693439188989,0.269952303140315,False,empirical-manual-held-out-test-group
total_light_linear,TEST5,live_implementation_range_1.7_to_3.0_N,1.7,3.0,0.01,2026-08-08_161801_886702_1_R5_TEST5,5,1.875,1.8713315840531064,2.3448193958878814,0.47348781183477495,0.22419070795608326,True,empirical-manual-held-out-test-group
total_light_linear,TEST5,live_implementation_range_1.7_to_3.0_N,1.7,3.0,0.01,2026-08-08_161801_886702_1_R5_TEST5,5,2.125,2.177000879181433,2.345233655442571,0.16823277626113775,0.028302267008530033,True,empirical-manual-held-out-test-group
total_light_linear,TEST5,live_implementation_range_1.7_to_3.0_N,1.7,3.0,0.01,2026-08-08_161801_886702_1_R5_TEST5,5,2.375,2.3828096233749263,2.3455270892938094,0.037282534081116925,0.001389987347509645,True,empirical-manual-held-out-test-group
total_light_linear,TEST5,live_implementation_range_1.7_to_3.0_N,1.7,3.0,0.01,2026-08-08_161801_886702_1_R5_TEST5,5,2.625,2.598998880963138,2.3459701168731306,0.2530287640900073,0.06402355545691657,True,empirical-manual-held-out-test-group
total_light_linear,TEST5,live_implementation_range_1.7_to_3.0_N,1.7,3.0,0.01,2026-08-08_161801_886702_1_R5_TEST5,5,2.875,2.8329682105007663,2.345544350108588,0.4874238603921781,0.23758201967961354,True,empirical-manual-held-out-test-group
total_light_linear,TEST5,live_implementation_range_1.7_to_3.0_N,1.7,3.0,0.01,2026-08-08_163341_567723_1_R6_TEST5,6,1.875,1.8770474171385176,2.3448193958878814,0.4677719787493637,0.21881062410309518,True,empirical-manual-held-out-test-group
total_light_linear,TEST5,live_implementation_range_1.7_to_3.0_N,1.7,3.0,0.01,2026-08-08_163341_567723_1_R6_TEST5,6,2.125,2.12106454721219,2.351447548762917,0.23038300155072733,0.05307632740352243,True,empirical-manual-held-out-test-group
total_light_linear,TEST5,live_implementation_range_1.7_to_3.0_N,1.7,3.0,0.01,2026-08-08_163341_567723_1_R6_TEST5,6,2.375,2.352031488657246,2.3532023982654224,0.0011709096081764514,1.371029310519931e-06,True,empirical-manual-held-out-test-group
total_light_linear,TEST5,live_implementation_range_1.7_to_3.0_N,1.7,3.0,0.01,2026-08-08_163341_567723_1_R6_TEST5,6,2.625,2.6258783450961456,2.3548191612496976,0.271059183846448,0.07347308114750249,True,empirical-manual-held-out-test-group
total_light_linear,TEST5,live_implementation_range_1.7_to_3.0_N,1.7,3.0,0.01,2026-08-08_163341_567723_1_R6_TEST5,6,2.875,2.876223175904799,2.35866256934043,0.517560606564369,0.26786898146727756,False,empirical-manual-held-out-test-group
total_light_linear,TEST5,live_implementation_range_1.7_to_3.0_N,1.7,3.0,0.01,2026-08-08_164047_397752_1_R7_TEST5,7,1.875,1.9141624026821904,2.359525610079367,0.4453632073971767,0.19834838650310063,True,empirical-manual-held-out-test-group
total_light_linear,TEST5,live_implementation_range_1.7_to_3.0_N,1.7,3.0,0.01,2026-08-08_164047_397752_1_R7_TEST5,7,2.125,2.118476617670055,2.3533750064132097,0.23489838874315483,0.055177253034130284,True,empirical-manual-held-out-test-group
total_light_linear,TEST5,live_implementation_range_1.7_to_3.0_N,1.7,3.0,0.01,2026-08-08_164047_397752_1_R7_TEST5,7,2.375,2.3611637164103687,2.3524601832299363,0.008703533180432377,7.575148982288733e-05,True,empirical-manual-held-out-test-group
total_light_linear,TEST5,live_implementation_range_1.7_to_3.0_N,1.7,3.0,0.01,2026-08-08_164047_397752_1_R7_TEST5,7,2.625,2.630848825454871,2.3500551763707653,0.28079364908410565,0.07884507336596787,True,empirical-manual-held-out-test-group
total_light_linear,TEST5,live_implementation_range_1.7_to_3.0_N,1.7,3.0,0.01,2026-08-08_164047_397752_1_R7_TEST5,7,2.875,2.8137101156630395,2.350423407086045,0.4632867085769945,0.21463457434410502,True,empirical-manual-held-out-test-group
total_light_linear,TEST5,live_implementation_range_1.7_to_3.0_N,1.7,3.0,0.01,2026-08-08_165117_429951_1_R8_TEST5,8,1.875,1.9186808072558803,2.3899391657195057,0.4712583584636254,0.22208444042183087,True,empirical-manual-held-out-test-group
total_light_linear,TEST5,live_implementation_range_1.7_to_3.0_N,1.7,3.0,0.01,2026-08-08_165117_429951_1_R8_TEST5,8,2.125,2.1088213046392106,2.3877527958475318,0.27893149120832117,0.07780277678769774,True,empirical-manual-held-out-test-group
total_light_linear,TEST5,live_implementation_range_1.7_to_3.0_N,1.7,3.0,0.01,2026-08-08_165117_429951_1_R8_TEST5,8,2.375,2.367937869503527,2.3845768059282437,0.01663893642471681,0.00027685420534576783,True,empirical-manual-held-out-test-group
total_light_linear,TEST5,live_implementation_range_1.7_to_3.0_N,1.7,3.0,0.01,2026-08-08_165117_429951_1_R8_TEST5,8,2.625,2.602069516741847,2.3913142772968783,0.21075523944496855,0.044417770953506026,True,empirical-manual-held-out-test-group
total_light_linear,TEST5,live_implementation_range_1.7_to_3.0_N,1.7,3.0,0.01,2026-08-08_165117_429951_1_R8_TEST5,8,2.875,2.845165973841518,2.393759559390533,0.4514064144509846,0.20376775100749409,True,empirical-manual-held-out-test-group
total_light_linear,TEST5,live_implementation_range_1.7_to_3.0_N,1.7,3.0,0.01,2026-08-08_165607_836382_1_R9_TEST5,9,1.875,1.8437646734367803,2.379364039865065,0.5355993664282845,0.28686668131837983,False,empirical-manual-held-out-test-group
total_light_linear,TEST5,live_implementation_range_1.7_to_3.0_N,1.7,3.0,0.01,2026-08-08_165607_836382_1_R9_TEST5,9,2.125,2.113887172351952,2.3732191898038333,0.2593320174518814,0.06725309527566291,True,empirical-manual-held-out-test-group
total_light_linear,TEST5,live_implementation_range_1.7_to_3.0_N,1.7,3.0,0.01,2026-08-08_165607_836382_1_R9_TEST5,9,2.375,2.385644612672119,2.3833282736592483,0.0023163390128706496,5.365426422546575e-06,True,empirical-manual-held-out-test-group
total_light_linear,TEST5,live_implementation_range_1.7_to_3.0_N,1.7,3.0,0.01,2026-08-08_165607_836382_1_R9_TEST5,9,2.625,2.6490550790951146,2.3861705544928142,0.2628845246023004,0.06910827327537748,True,empirical-manual-held-out-test-group
total_light_linear,TEST5,live_implementation_range_1.7_to_3.0_N,1.7,3.0,0.01,2026-08-08_165607_836382_1_R9_TEST5,9,2.875,2.869111352545924,2.385037094322344,0.4840742582235804,0.23432788747470962,True,empirical-manual-held-out-test-group
total_light_quadratic,TEST5,live_implementation_range_1.7_to_3.0_N,1.7,3.0,100.0,2026-08-08_154243_860887_1_R1_TEST5,1,1.875,1.8544902936508647,2.354593176299942,0.5001028826490774,0.25010289323391693,False,empirical-manual-held-out-test-group
total_light_quadratic,TEST5,live_implementation_range_1.7_to_3.0_N,1.7,3.0,100.0,2026-08-08_154243_860887_1_R1_TEST5,1,2.125,2.143825902040632,2.354593176299942,0.21076727425931008,0.04442284389869923,True,empirical-manual-held-out-test-group
total_light_quadratic,TEST5,live_implementation_range_1.7_to_3.0_N,1.7,3.0,100.0,2026-08-08_154243_860887_1_R1_TEST5,1,2.375,2.372549610670127,2.3547081790171074,0.017841431653019768,0.0003183166834293757,True,empirical-manual-held-out-test-group
total_light_quadratic,TEST5,live_implementation_range_1.7_to_3.0_N,1.7,3.0,100.0,2026-08-08_154243_860887_1_R1_TEST5,1,2.625,2.685683000454869,2.3588320611999825,0.3268509392548866,0.10683153649180158,True,empirical-manual-held-out-test-group
total_light_quadratic,TEST5,live_implementation_range_1.7_to_3.0_N,1.7,3.0,100.0,2026-08-08_154243_860887_1_R1_TEST5,1,2.875,2.873590703363539,2.3589969650558715,0.5145937383076675,0.2648067155054602,False,empirical-manual-held-out-test-group
total_light_quadratic,TEST5,live_implementation_range_1.7_to_3.0_N,1.7,3.0,100.0,2026-08-08_155132_412966_1_R2_TEST5,2,1.875,1.9163504018375097,2.35635118941672,0.44000078757921046,0.19360069307032549,True,empirical-manual-held-out-test-group
total_light_quadratic,TEST5,live_implementation_range_1.7_to_3.0_N,1.7,3.0,100.0,2026-08-08_155132_412966_1_R2_TEST5,2,2.125,2.1364659836757345,2.359637653403764,0.2231716697280297,0.04980559416919677,True,empirical-manual-held-out-test-group
total_light_quadratic,TEST5,live_implementation_range_1.7_to_3.0_N,1.7,3.0,100.0,2026-08-08_155132_412966_1_R2_TEST5,2,2.375,2.3845562910244604,2.3614653054694985,0.023090985554961918,0.00053319361389946,True,empirical-manual-held-out-test-group
total_light_quadratic,TEST5,live_implementation_range_1.7_to_3.0_N,1.7,3.0,100.0,2026-08-08_155132_412966_1_R2_TEST5,2,2.625,2.643102691019448,2.3601824118948374,0.2829202791246108,0.08004388433994769,True,empirical-manual-held-out-test-group
total_light_quadratic,TEST5,live_implementation_range_1.7_to_3.0_N,1.7,3.0,100.0,2026-08-08_155132_412966_1_R2_TEST5,2,2.875,2.839726098884575,2.358597374827376,0.4811287240571991,0.23148484911290843,True,empirical-manual-held-out-test-group
total_light_quadratic,TEST5,live_implementation_range_1.7_to_3.0_N,1.7,3.0,100.0,2026-08-08_160247_228233_1_R3_TEST5,3,1.875,1.7838769868851343,2.372981248893988,0.5891042620088536,0.347043831516996,False,empirical-manual-held-out-test-group
total_light_quadratic,TEST5,live_implementation_range_1.7_to_3.0_N,1.7,3.0,100.0,2026-08-08_160247_228233_1_R3_TEST5,3,2.125,2.196892670814681,2.387088438545426,0.19019576773074487,0.03617443006268745,True,empirical-manual-held-out-test-group
total_light_quadratic,TEST5,live_implementation_range_1.7_to_3.0_N,1.7,3.0,100.0,2026-08-08_160247_228233_1_R3_TEST5,3,2.375,2.4202311197930584,2.3840764002744455,0.03615471951861293,0.001307163743469571,True,empirical-manual-held-out-test-group
total_light_quadratic,TEST5,live_implementation_range_1.7_to_3.0_N,1.7,3.0,100.0,2026-08-08_160247_228233_1_R3_TEST5,3,2.625,2.591625896063435,2.3996941003804624,0.1919317956829727,0.03683781419409038,True,empirical-manual-held-out-test-group
total_light_quadratic,TEST5,live_implementation_range_1.7_to_3.0_N,1.7,3.0,100.0,2026-08-08_160247_228233_1_R3_TEST5,3,2.875,2.8658537085172515,2.410246813379533,0.45560689513771857,0.2075776428970321,True,empirical-manual-held-out-test-group
total_light_quadratic,TEST5,live_implementation_range_1.7_to_3.0_N,1.7,3.0,100.0,2026-08-08_161018_609760_1_R4_TEST5,4,1.875,1.8240982328629514,2.382674811665777,0.5585765788028256,0.31200779438706927,False,empirical-manual-held-out-test-group
total_light_quadratic,TEST5,live_implementation_range_1.7_to_3.0_N,1.7,3.0,100.0,2026-08-08_161018_609760_1_R4_TEST5,4,2.125,2.1552210814113404,2.377802126367228,0.22258104495588782,0.04954232157365496,True,empirical-manual-held-out-test-group
total_light_quadratic,TEST5,live_implementation_range_1.7_to_3.0_N,1.7,3.0,100.0,2026-08-08_161018_609760_1_R4_TEST5,4,2.375,2.3320658890702584,2.379126207515168,0.047060318444909655,0.002214673572136304,True,empirical-manual-held-out-test-group
total_light_quadratic,TEST5,live_implementation_range_1.7_to_3.0_N,1.7,3.0,100.0,2026-08-08_161018_609760_1_R4_TEST5,4,2.625,2.5969037849711736,2.3751354843230525,0.22176830064812103,0.0491811791723554,True,empirical-manual-held-out-test-group
total_light_quadratic,TEST5,live_implementation_range_1.7_to_3.0_N,1.7,3.0,100.0,2026-08-08_161018_609760_1_R4_TEST5,4,2.875,2.900043829534729,2.3775009045886426,0.5225429249460865,0.27305110841121133,False,empirical-manual-held-out-test-group
total_light_quadratic,TEST5,live_implementation_range_1.7_to_3.0_N,1.7,3.0,100.0,2026-08-08_161801_886702_1_R5_TEST5,5,1.875,1.8713315840531064,2.354593176299942,0.48326159224683574,0.23354176654094694,True,empirical-manual-held-out-test-group
total_light_quadratic,TEST5,live_implementation_range_1.7_to_3.0_N,1.7,3.0,100.0,2026-08-08_161801_886702_1_R5_TEST5,5,2.125,2.177000879181433,2.3548368509296513,0.1778359717482183,0.031625632847633096,True,empirical-manual-held-out-test-group
total_light_quadratic,TEST5,live_implementation_range_1.7_to_3.0_N,1.7,3.0,100.0,2026-08-08_161801_886702_1_R5_TEST5,5,2.375,2.3828096233749263,2.355009773550162,0.027799849824764244,0.0007728316502794446,True,empirical-manual-held-out-test-group
total_light_quadratic,TEST5,live_implementation_range_1.7_to_3.0_N,1.7,3.0,100.0,2026-08-08_161801_886702_1_R5_TEST5,5,2.625,2.598998880963138,2.3552713551971785,0.24372752576595946,0.059403106815996434,True,empirical-manual-held-out-test-group
total_light_quadratic,TEST5,live_implementation_range_1.7_to_3.0_N,1.7,3.0,100.0,2026-08-08_161801_886702_1_R5_TEST5,5,2.875,2.8329682105007663,2.355019953726749,0.4779482567740172,0.22843453615332188,True,empirical-manual-held-out-test-group
total_light_quadratic,TEST5,live_implementation_range_1.7_to_3.0_N,1.7,3.0,100.0,2026-08-08_163341_567723_1_R6_TEST5,6,1.875,1.8770474171385176,2.354593176299942,0.4775457591614245,0.22804995209306125,True,empirical-manual-held-out-test-group
total_light_quadratic,TEST5,live_implementation_range_1.7_to_3.0_N,1.7,3.0,100.0,2026-08-08_163341_567723_1_R6_TEST5,6,2.125,2.12106454721219,2.3585553897702423,0.23749084255805242,0.05640190029893364,True,empirical-manual-held-out-test-group
total_light_quadratic,TEST5,live_implementation_range_1.7_to_3.0_N,1.7,3.0,100.0,2026-08-08_163341_567723_1_R6_TEST5,6,2.375,2.352031488657246,2.359627065233963,0.007595576576716834,5.769278353276942e-05,True,empirical-manual-held-out-test-group
total_light_quadratic,TEST5,live_implementation_range_1.7_to_3.0_N,1.7,3.0,100.0,2026-08-08_163341_567723_1_R6_TEST5,6,2.625,2.6258783450961456,2.3606228057661127,0.2652555393300329,0.07036050114526662,True,empirical-manual-held-out-test-group
total_light_quadratic,TEST5,live_implementation_range_1.7_to_3.0_N,1.7,3.0,100.0,2026-08-08_163341_567723_1_R6_TEST5,6,2.875,2.876223175904799,2.363022218092704,0.5132009578120953,0.263375223099252,False,empirical-manual-held-out-test-group
total_light_quadratic,TEST5,live_implementation_range_1.7_to_3.0_N,1.7,3.0,100.0,2026-08-08_164047_397752_1_R7_TEST5,7,1.875,1.9141624026821904,2.3635672627544873,0.44940486007229685,0.20196472825660072,True,empirical-manual-held-out-test-group
total_light_quadratic,TEST5,live_implementation_range_1.7_to_3.0_N,1.7,3.0,100.0,2026-08-08_164047_397752_1_R7_TEST5,7,2.125,2.118476617670055,2.359732988220645,0.24125637055059013,0.05820463633124365,True,empirical-manual-held-out-test-group
total_light_quadratic,TEST5,live_implementation_range_1.7_to_3.0_N,1.7,3.0,100.0,2026-08-08_164047_397752_1_R7_TEST5,7,2.375,2.3611637164103687,2.359172641912071,0.001991074498297607,3.964377657771067e-06,True,empirical-manual-held-out-test-group
total_light_quadratic,TEST5,live_implementation_range_1.7_to_3.0_N,1.7,3.0,100.0,2026-08-08_164047_397752_1_R7_TEST5,7,2.625,2.630848825454871,2.357711824367276,0.2731370010875951,0.07460382136312492,True,empirical-manual-held-out-test-group
total_light_quadratic,TEST5,live_implementation_range_1.7_to_3.0_N,1.7,3.0,100.0,2026-08-08_164047_397752_1_R7_TEST5,7,2.875,2.8137101156630395,2.3579343353521027,0.4557757803109368,0.20773156191804332,True,empirical-manual-held-out-test-group
total_light_quadratic,TEST5,live_implementation_range_1.7_to_3.0_N,1.7,3.0,100.0,2026-08-08_165117_429951_1_R8_TEST5,8,1.875,1.9186808072558803,2.3842393494013425,0.4655585421454622,0.21674475616460812,True,empirical-manual-held-out-test-group
total_light_quadratic,TEST5,live_implementation_range_1.7_to_3.0_N,1.7,3.0,100.0,2026-08-08_165117_429951_1_R8_TEST5,8,2.125,2.1088213046392106,2.3826582451272844,0.27383694048807383,0.07498666997586889,True,empirical-manual-held-out-test-group
total_light_quadratic,TEST5,live_implementation_range_1.7_to_3.0_N,1.7,3.0,100.0,2026-08-08_165117_429951_1_R8_TEST5,8,2.375,2.367937869503527,2.3803877072447306,0.012449837741203673,0.0001549984597822994,True,empirical-manual-held-out-test-group
total_light_quadratic,TEST5,live_implementation_range_1.7_to_3.0_N,1.7,3.0,100.0,2026-08-08_165117_429951_1_R8_TEST5,8,2.625,2.602069516741847,2.385241321868673,0.21682819487317362,0.04701446609195895,True,empirical-manual-held-out-test-group
total_light_quadratic,TEST5,live_implementation_range_1.7_to_3.0_N,1.7,3.0,100.0,2026-08-08_165117_429951_1_R8_TEST5,8,2.875,2.845165973841518,2.387037456840327,0.4581285170011906,0.2098817380897102,True,empirical-manual-held-out-test-group
total_light_quadratic,TEST5,live_implementation_range_1.7_to_3.0_N,1.7,3.0,100.0,2026-08-08_165607_836382_1_R9_TEST5,9,1.875,1.8437646734367803,2.3767283971069264,0.5329637236701461,0.28405033074834785,False,empirical-manual-held-out-test-group
total_light_quadratic,TEST5,live_implementation_range_1.7_to_3.0_N,1.7,3.0,100.0,2026-08-08_165607_836382_1_R9_TEST5,9,2.125,2.113887172351952,2.372522237547424,0.2586350651954721,0.06689209694866609,True,empirical-manual-held-out-test-group
total_light_quadratic,TEST5,live_implementation_range_1.7_to_3.0_N,1.7,3.0,100.0,2026-08-08_165607_836382_1_R9_TEST5,9,2.375,2.385644612672119,2.379503628734505,0.006140983937613864,3.771168372203148e-05,True,empirical-manual-held-out-test-group
total_light_quadratic,TEST5,live_implementation_range_1.7_to_3.0_N,1.7,3.0,100.0,2026-08-08_165607_836382_1_R9_TEST5,9,2.625,2.6490550790951146,2.381523206560347,0.2675318725347675,0.07157330282195909,True,empirical-manual-held-out-test-group
total_light_quadratic,TEST5,live_implementation_range_1.7_to_3.0_N,1.7,3.0,100.0,2026-08-08_165607_836382_1_R9_TEST5,9,2.875,2.869111352545924,2.380714845940383,0.48839650660554135,0.2385311476644966,True,empirical-manual-held-out-test-group
session_zeroed_total_linear,TEST5,live_implementation_range_1.7_to_3.0_N,1.7,3.0,0.01,2026-08-08_154243_860887_1_R1_TEST5,1,1.875,1.8544902936508647,2.3494582167298828,0.49496792307901805,0.24499324487715674,True,empirical-manual-held-out-test-group
session_zeroed_total_linear,TEST5,live_implementation_range_1.7_to_3.0_N,1.7,3.0,0.01,2026-08-08_154243_860887_1_R1_TEST5,1,2.125,2.143825902040632,2.3494582167298828,0.2056323146892507,0.042284648844459025,True,empirical-manual-held-out-test-group
session_zeroed_total_linear,TEST5,live_implementation_range_1.7_to_3.0_N,1.7,3.0,0.01,2026-08-08_154243_860887_1_R1_TEST5,1,2.375,2.372549610670127,2.3499172322942643,0.02263237837586285,0.0005122245509482244,True,empirical-manual-held-out-test-group
session_zeroed_total_linear,TEST5,live_implementation_range_1.7_to_3.0_N,1.7,3.0,0.01,2026-08-08_154243_860887_1_R1_TEST5,1,2.625,2.685683000454869,2.366077280252061,0.3196057202028082,0.10214781638635571,True,empirical-manual-held-out-test-group
session_zeroed_total_linear,TEST5,live_implementation_range_1.7_to_3.0_N,1.7,3.0,0.01,2026-08-08_154243_860887_1_R1_TEST5,1,2.875,2.873590703363539,2.3667118017675297,0.5068789015960093,0.2569262208831769,False,empirical-manual-held-out-test-group
session_zeroed_total_linear,TEST5,live_implementation_range_1.7_to_3.0_N,1.7,3.0,0.01,2026-08-08_155132_412966_1_R2_TEST5,2,1.875,1.9163504018375097,2.356424452942266,0.4400740511047563,0.19366517045575166,True,empirical-manual-held-out-test-group
session_zeroed_total_linear,TEST5,live_implementation_range_1.7_to_3.0_N,1.7,3.0,0.01,2026-08-08_155132_412966_1_R2_TEST5,2,2.125,2.1364659836757345,2.3691688850827504,0.23270290140701588,0.054150640323243356,True,empirical-manual-held-out-test-group
session_zeroed_total_linear,TEST5,live_implementation_range_1.7_to_3.0_N,1.7,3.0,0.01,2026-08-08_155132_412966_1_R2_TEST5,2,2.375,2.3845562910244604,2.3761081203795817,0.008448170644878683,7.13715872449899e-05,True,empirical-manual-held-out-test-group
session_zeroed_total_linear,TEST5,live_implementation_range_1.7_to_3.0_N,1.7,3.0,0.01,2026-08-08_155132_412966_1_R2_TEST5,2,2.625,2.643102691019448,2.3712479555802446,0.2718547354392036,0.07390499718071937,True,empirical-manual-held-out-test-group
session_zeroed_total_linear,TEST5,live_implementation_range_1.7_to_3.0_N,1.7,3.0,0.01,2026-08-08_155132_412966_1_R2_TEST5,2,2.875,2.839726098884575,2.365172749581073,0.4745533493035019,0.2252008813351715,True,empirical-manual-held-out-test-group
session_zeroed_total_linear,TEST5,live_implementation_range_1.7_to_3.0_N,1.7,3.0,0.01,2026-08-08_160247_228233_1_R3_TEST5,3,1.875,1.7838769868851343,2.3594890568574036,0.5756120699722693,0.3313292550977607,False,empirical-manual-held-out-test-group
session_zeroed_total_linear,TEST5,live_implementation_range_1.7_to_3.0_N,1.7,3.0,0.01,2026-08-08_160247_228233_1_R3_TEST5,3,2.125,2.196892670814681,2.4062546425932485,0.2093619717785673,0.04383243522700961,True,empirical-manual-held-out-test-group
session_zeroed_total_linear,TEST5,live_implementation_range_1.7_to_3.0_N,1.7,3.0,0.01,2026-08-08_160247_228233_1_R3_TEST5,3,2.375,2.4202311197930584,2.3966018152834536,0.023629304509604765,0.0005583440316076281,True,empirical-manual-held-out-test-group
session_zeroed_total_linear,TEST5,live_implementation_range_1.7_to_3.0_N,1.7,3.0,0.01,2026-08-08_160247_228233_1_R3_TEST5,3,2.625,2.591625896063435,2.444973955494635,0.14665194056880004,0.02150679167259486,True,empirical-manual-held-out-test-group
session_zeroed_total_linear,TEST5,live_implementation_range_1.7_to_3.0_N,1.7,3.0,0.01,2026-08-08_160247_228233_1_R3_TEST5,3,2.875,2.8658537085172515,2.4755659928149076,0.3902877157023439,0.1523245010281536,True,empirical-manual-held-out-test-group
session_zeroed_total_linear,TEST5,live_implementation_range_1.7_to_3.0_N,1.7,3.0,0.01,2026-08-08_161018_609760_1_R4_TEST5,4,1.875,1.8240982328629514,2.4147869319076407,0.5906886990446893,0.3489131391791076,False,empirical-manual-held-out-test-group
session_zeroed_total_linear,TEST5,live_implementation_range_1.7_to_3.0_N,1.7,3.0,0.01,2026-08-08_161018_609760_1_R4_TEST5,4,2.125,2.1552210814113404,2.398667385323172,0.24344630391183175,0.05926610288833195,True,empirical-manual-held-out-test-group
session_zeroed_total_linear,TEST5,live_implementation_range_1.7_to_3.0_N,1.7,3.0,0.01,2026-08-08_161018_609760_1_R4_TEST5,4,2.375,2.3320658890702584,2.403095535473679,0.0710296464034208,0.005045210668194989,True,empirical-manual-held-out-test-group
session_zeroed_total_linear,TEST5,live_implementation_range_1.7_to_3.0_N,1.7,3.0,0.01,2026-08-08_161018_609760_1_R4_TEST5,4,2.625,2.5969037849711736,2.3896355790710704,0.2072682059001032,0.042960109177047574,True,empirical-manual-held-out-test-group
session_zeroed_total_linear,TEST5,live_implementation_range_1.7_to_3.0_N,1.7,3.0,0.01,2026-08-08_161018_609760_1_R4_TEST5,4,2.875,2.900043829534729,2.397654850989977,0.5023889785447522,0.2523946857632395,False,empirical-manual-held-out-test-group
session_zeroed_total_linear,TEST5,live_implementation_range_1.7_to_3.0_N,1.7,3.0,0.01,2026-08-08_161801_886702_1_R5_TEST5,5,1.875,1.8713315840531064,2.3494582167298828,0.47812663267677635,0.22860507687483303,True,empirical-manual-held-out-test-group
session_zeroed_total_linear,TEST5,live_implementation_range_1.7_to_3.0_N,1.7,3.0,0.01,2026-08-08_161801_886702_1_R5_TEST5,5,2.125,2.177000879181433,2.35043024968975,0.17342937050831697,0.030077746554911085,True,empirical-manual-held-out-test-group
session_zeroed_total_linear,TEST5,live_implementation_range_1.7_to_3.0_N,1.7,3.0,0.01,2026-08-08_161801_886702_1_R5_TEST5,5,2.375,2.3828096233749263,2.351118773036323,0.031690850338603305,0.0010043099951837532,True,empirical-manual-held-out-test-group
session_zeroed_total_linear,TEST5,live_implementation_range_1.7_to_3.0_N,1.7,3.0,0.01,2026-08-08_161801_886702_1_R5_TEST5,5,2.625,2.598998880963138,2.35215830828507,0.2468405726780678,0.06093026832003647,True,empirical-manual-held-out-test-group
session_zeroed_total_linear,TEST5,live_implementation_range_1.7_to_3.0_N,1.7,3.0,0.01,2026-08-08_161801_886702_1_R5_TEST5,5,2.875,2.8329682105007663,2.3511592744096506,0.48180893609111575,0.23213985089725286,True,empirical-manual-held-out-test-group
session_zeroed_total_linear,TEST5,live_implementation_range_1.7_to_3.0_N,1.7,3.0,0.01,2026-08-08_163341_567723_1_R6_TEST5,6,1.875,1.8770474171385176,2.3494582167298828,0.4724107995913651,0.22317196357055294,True,empirical-manual-held-out-test-group
session_zeroed_total_linear,TEST5,live_implementation_range_1.7_to_3.0_N,1.7,3.0,0.01,2026-08-08_163341_567723_1_R6_TEST5,6,2.125,2.12106454721219,2.365010744087762,0.24394619687557206,0.059509746970055365,True,empirical-manual-held-out-test-group
session_zeroed_total_linear,TEST5,live_implementation_range_1.7_to_3.0_N,1.7,3.0,0.01,2026-08-08_163341_567723_1_R6_TEST5,6,2.375,2.352031488657246,2.3691283837094224,0.017096895052176375,0.000292303820425133,True,empirical-manual-held-out-test-group
session_zeroed_total_linear,TEST5,live_implementation_range_1.7_to_3.0_N,1.7,3.0,0.01,2026-08-08_163341_567723_1_R6_TEST5,6,2.625,2.6258783450961456,2.3729220123444605,0.25295633275168505,0.06398690627918122,True,empirical-manual-held-out-test-group
session_zeroed_total_linear,TEST5,live_implementation_range_1.7_to_3.0_N,1.7,3.0,0.01,2026-08-08_163341_567723_1_R6_TEST5,6,2.875,2.876223175904799,2.3819403181387866,0.49428285776601255,0.2443155434813362,True,empirical-manual-held-out-test-group
session_zeroed_total_linear,TEST5,live_implementation_range_1.7_to_3.0_N,1.7,3.0,0.01,2026-08-08_164047_397752_1_R7_TEST5,7,1.875,1.9141624026821904,2.383965386805177,0.4698029841229867,0.2207148438908633,True,empirical-manual-held-out-test-group
session_zeroed_total_linear,TEST5,live_implementation_range_1.7_to_3.0_N,1.7,3.0,0.01,2026-08-08_164047_397752_1_R7_TEST5,7,2.125,2.118476617670055,2.3695333974427006,0.25105677977264573,0.06302950666981073,True,empirical-manual-held-out-test-group
session_zeroed_total_linear,TEST5,live_implementation_range_1.7_to_3.0_N,1.7,3.0,0.01,2026-08-08_164047_397752_1_R7_TEST5,7,2.375,2.3611637164103687,2.3673868246563265,0.006223108245957842,3.8727076240908494e-05,True,empirical-manual-held-out-test-group
session_zeroed_total_linear,TEST5,live_implementation_range_1.7_to_3.0_N,1.7,3.0,0.01,2026-08-08_164047_397752_1_R7_TEST5,7,2.625,2.630848825454871,2.361743633305985,0.26910519214888584,0.07241760444148877,True,empirical-manual-held-out-test-group
session_zeroed_total_linear,TEST5,live_implementation_range_1.7_to_3.0_N,1.7,3.0,0.01,2026-08-08_164047_397752_1_R7_TEST5,7,2.875,2.8137101156630395,2.362607662603645,0.45110245305939456,0.20349342315620328,True,empirical-manual-held-out-test-group
session_zeroed_total_linear,TEST5,live_implementation_range_1.7_to_3.0_N,1.7,3.0,0.01,2026-08-08_165117_429951_1_R8_TEST5,8,1.875,1.9186808072558803,2.4369681840335047,0.5182873767776244,0.2686218049270312,False,empirical-manual-held-out-test-group
session_zeroed_total_linear,TEST5,live_implementation_range_1.7_to_3.0_N,1.7,3.0,0.01,2026-08-08_165117_429951_1_R8_TEST5,8,2.125,2.1088213046392106,2.4318380100786485,0.32301670543943795,0.10433979199294861,True,empirical-manual-held-out-test-group
session_zeroed_total_linear,TEST5,live_implementation_range_1.7_to_3.0_N,1.7,3.0,0.01,2026-08-08_165117_429951_1_R8_TEST5,8,2.375,2.367937869503527,2.4243857573863314,0.056447887882804526,0.00318636404642967,True,empirical-manual-held-out-test-group
session_zeroed_total_linear,TEST5,live_implementation_range_1.7_to_3.0_N,1.7,3.0,0.01,2026-08-08_165117_429951_1_R8_TEST5,8,2.625,2.602069516741847,2.4401947934419534,0.16187472329989339,0.026203426043417046,True,empirical-manual-held-out-test-group
session_zeroed_total_linear,TEST5,live_implementation_range_1.7_to_3.0_N,1.7,3.0,0.01,2026-08-08_165117_429951_1_R8_TEST5,8,2.875,2.845165973841518,2.4459324879967266,0.39923348584479124,0.15938737621978313,True,empirical-manual-held-out-test-group
session_zeroed_total_linear,TEST5,live_implementation_range_1.7_to_3.0_N,1.7,3.0,0.01,2026-08-08_165607_836382_1_R9_TEST5,9,1.875,1.8437646734367803,2.3962778042968313,0.552513130860051,0.3052707597727759,False,empirical-manual-held-out-test-group
session_zeroed_total_linear,TEST5,live_implementation_range_1.7_to_3.0_N,1.7,3.0,0.01,2026-08-08_165607_836382_1_R9_TEST5,9,2.125,2.113887172351952,2.3818593153921306,0.2679721430401787,0.07180906944554599,True,empirical-manual-held-out-test-group
session_zeroed_total_linear,TEST5,live_implementation_range_1.7_to_3.0_N,1.7,3.0,0.01,2026-08-08_165607_836382_1_R9_TEST5,9,2.375,2.385644612672119,2.4055796197044517,0.019935007032332752,0.0003974045053791563,True,empirical-manual-held-out-test-group
session_zeroed_total_linear,TEST5,live_implementation_range_1.7_to_3.0_N,1.7,3.0,0.01,2026-08-08_165607_836382_1_R9_TEST5,9,2.625,2.6490550790951146,2.4122488458457645,0.23680623324935013,0.05607719210574562,True,empirical-manual-held-out-test-group
session_zeroed_total_linear,TEST5,live_implementation_range_1.7_to_3.0_N,1.7,3.0,0.01,2026-08-08_165607_836382_1_R9_TEST5,9,2.875,2.869111352545924,2.4095892556639047,0.4595220968820195,0.21116055752284812,True,empirical-manual-held-out-test-group
nine_channel_ridge,TEST5,live_implementation_range_1.7_to_3.0_N,1.7,3.0,100.0,2026-08-08_154243_860887_1_R1_TEST5,1,1.875,1.8544902936508647,2.3523890511237715,0.4978987574729068,0.24790317269306447,True,empirical-manual-held-out-test-group
nine_channel_ridge,TEST5,live_implementation_range_1.7_to_3.0_N,1.7,3.0,100.0,2026-08-08_154243_860887_1_R1_TEST5,1,2.125,2.143825902040632,2.3523890511237715,0.20856314908313944,0.043498587155475846,True,empirical-manual-held-out-test-group
nine_channel_ridge,TEST5,live_implementation_range_1.7_to_3.0_N,1.7,3.0,100.0,2026-08-08_154243_860887_1_R1_TEST5,1,2.375,2.372549610670127,2.35238198711824,0.02016762355188728,0.0004067330397306386,True,empirical-manual-held-out-test-group
nine_channel_ridge,TEST5,live_implementation_range_1.7_to_3.0_N,1.7,3.0,100.0,2026-08-08_154243_860887_1_R1_TEST5,1,2.625,2.685683000454869,2.3515985246865485,0.33408447576832057,0.11161243694939357,True,empirical-manual-held-out-test-group
nine_channel_ridge,TEST5,live_implementation_range_1.7_to_3.0_N,1.7,3.0,100.0,2026-08-08_154243_860887_1_R1_TEST5,1,2.875,2.873590703363539,2.3515683421174587,0.5220223612460804,0.2725073456409332,False,empirical-manual-held-out-test-group
nine_channel_ridge,TEST5,live_implementation_range_1.7_to_3.0_N,1.7,3.0,100.0,2026-08-08_155132_412966_1_R2_TEST5,2,1.875,1.9163504018375097,2.357330883458509,0.44098048162099945,0.19446378517068863,True,empirical-manual-held-out-test-group
nine_channel_ridge,TEST5,live_implementation_range_1.7_to_3.0_N,1.7,3.0,100.0,2026-08-08_155132_412966_1_R2_TEST5,2,2.125,2.1364659836757345,2.3663717550166337,0.22990577134089918,0.05285666369585382,True,empirical-manual-held-out-test-group
nine_channel_ridge,TEST5,live_implementation_range_1.7_to_3.0_N,1.7,3.0,100.0,2026-08-08_155132_412966_1_R2_TEST5,2,2.375,2.3845562910244604,2.3712944329624768,0.013261858061983656,0.00017587687925620088,True,empirical-manual-held-out-test-group
nine_channel_ridge,TEST5,live_implementation_range_1.7_to_3.0_N,1.7,3.0,100.0,2026-08-08_155132_412966_1_R2_TEST5,2,2.625,2.643102691019448,2.367846642961497,0.2752560480579511,0.0757658919924811,True,empirical-manual-held-out-test-group
nine_channel_ridge,TEST5,live_implementation_range_1.7_to_3.0_N,1.7,3.0,100.0,2026-08-08_155132_412966_1_R2_TEST5,2,2.875,2.839726098884575,2.3635369054602724,0.47618919342430255,0.22675614793408783,True,empirical-manual-held-out-test-group
nine_channel_ridge,TEST5,live_implementation_range_1.7_to_3.0_N,1.7,3.0,100.0,2026-08-08_160247_228233_1_R3_TEST5,3,1.875,1.7838769868851343,2.3895875049435142,0.6057105180583799,0.366885231686551,False,empirical-manual-held-out-test-group
nine_channel_ridge,TEST5,live_implementation_range_1.7_to_3.0_N,1.7,3.0,100.0,2026-08-08_160247_228233_1_R3_TEST5,3,2.125,2.196892670814681,2.4338768748801813,0.23698420406550014,0.05616151297655861,True,empirical-manual-held-out-test-group
nine_channel_ridge,TEST5,live_implementation_range_1.7_to_3.0_N,1.7,3.0,100.0,2026-08-08_160247_228233_1_R3_TEST5,3,2.375,2.4202311197930584,2.425598628548615,0.0053675087555564716,2.8810150240975382e-05,True,empirical-manual-held-out-test-group
nine_channel_ridge,TEST5,live_implementation_range_1.7_to_3.0_N,1.7,3.0,100.0,2026-08-08_160247_228233_1_R3_TEST5,3,2.625,2.591625896063435,2.462743817979319,0.128882078084116,0.016610590051280176,True,empirical-manual-held-out-test-group
nine_channel_ridge,TEST5,live_implementation_range_1.7_to_3.0_N,1.7,3.0,100.0,2026-08-08_160247_228233_1_R3_TEST5,3,2.875,2.8658537085172515,2.4847062193226064,0.38114748919464514,0.14527340851938214,True,empirical-manual-held-out-test-group
nine_channel_ridge,TEST5,live_implementation_range_1.7_to_3.0_N,1.7,3.0,100.0,2026-08-08_161018_609760_1_R4_TEST5,4,1.875,1.8240982328629514,2.3762093031832756,0.5521110703203242,0.304826633970254,False,empirical-manual-held-out-test-group
nine_channel_ridge,TEST5,live_implementation_range_1.7_to_3.0_N,1.7,3.0,100.0,2026-08-08_161018_609760_1_R4_TEST5,4,2.125,2.1552210814113404,2.3850504648681756,0.22982938345683523,0.05282154550014901,True,empirical-manual-held-out-test-group
nine_channel_ridge,TEST5,live_implementation_range_1.7_to_3.0_N,1.7,3.0,100.0,2026-08-08_161018_609760_1_R4_TEST5,4,2.375,2.3320658890702584,2.377613382106029,0.04554749303577044,0.0020745741218435565,True,empirical-manual-held-out-test-group
nine_channel_ridge,TEST5,live_implementation_range_1.7_to_3.0_N,1.7,3.0,100.0,2026-08-08_161018_609760_1_R4_TEST5,4,2.625,2.5969037849711736,2.382397731424907,0.21450605354626662,0.0460128470079938,True,empirical-manual-held-out-test-group
nine_channel_ridge,TEST5,live_implementation_range_1.7_to_3.0_N,1.7,3.0,100.0,2026-08-08_161018_609760_1_R4_TEST5,4,2.875,2.900043829534729,2.3875719849230124,0.5124718446117167,0.2626273915197355,False,empirical-manual-held-out-test-group
nine_channel_ridge,TEST5,live_implementation_range_1.7_to_3.0_N,1.7,3.0,100.0,2026-08-08_161801_886702_1_R5_TEST5,5,1.875,1.8713315840531064,2.3523890511237715,0.4810574670706651,0.23141628662444405,True,empirical-manual-held-out-test-group
nine_channel_ridge,TEST5,live_implementation_range_1.7_to_3.0_N,1.7,3.0,100.0,2026-08-08_161801_886702_1_R5_TEST5,5,2.125,2.177000879181433,2.3523890511237715,0.17538817194233847,0.030761010857275284,True,empirical-manual-held-out-test-group
nine_channel_ridge,TEST5,live_implementation_range_1.7_to_3.0_N,1.7,3.0,100.0,2026-08-08_161801_886702_1_R5_TEST5,5,2.375,2.3828096233749263,2.3523890511237715,0.030420572251154798,0.0009254112160877293,True,empirical-manual-held-out-test-group
nine_channel_ridge,TEST5,live_implementation_range_1.7_to_3.0_N,1.7,3.0,100.0,2026-08-08_161801_886702_1_R5_TEST5,5,2.625,2.598998880963138,2.356036678746158,0.24296220221697995,0.05903063170612466,True,empirical-manual-held-out-test-group
nine_channel_ridge,TEST5,live_implementation_range_1.7_to_3.0_N,1.7,3.0,100.0,2026-08-08_161801_886702_1_R5_TEST5,5,2.875,2.8329682105007663,2.3549143317854235,0.4780538787153428,0.22853551095478367,True,empirical-manual-held-out-test-group
nine_channel_ridge,TEST5,live_implementation_range_1.7_to_3.0_N,1.7,3.0,100.0,2026-08-08_163341_567723_1_R6_TEST5,6,1.875,1.8770474171385176,2.3523890511237715,0.47534163398525386,0.22594966899977106,True,empirical-manual-held-out-test-group
nine_channel_ridge,TEST5,live_implementation_range_1.7_to_3.0_N,1.7,3.0,100.0,2026-08-08_163341_567723_1_R6_TEST5,6,2.125,2.12106454721219,2.365048669557486,0.24398412234529632,0.05952825195660452,True,empirical-manual-held-out-test-group
nine_channel_ridge,TEST5,live_implementation_range_1.7_to_3.0_N,1.7,3.0,100.0,2026-08-08_163341_567723_1_R6_TEST5,6,2.375,2.352031488657246,2.368400391451829,0.01636890279458303,0.00026794097869850807,True,empirical-manual-held-out-test-group
nine_channel_ridge,TEST5,live_implementation_range_1.7_to_3.0_N,1.7,3.0,100.0,2026-08-08_163341_567723_1_R6_TEST5,6,2.625,2.6258783450961456,2.3709938549504024,0.2548844901457432,0.06496610331685547,True,empirical-manual-held-out-test-group
nine_channel_ridge,TEST5,live_implementation_range_1.7_to_3.0_N,1.7,3.0,100.0,2026-08-08_163341_567723_1_R6_TEST5,6,2.875,2.876223175904799,2.3788291917066857,0.4973939841981134,0.2474007755164731,True,empirical-manual-held-out-test-group
nine_channel_ridge,TEST5,live_implementation_range_1.7_to_3.0_N,1.7,3.0,100.0,2026-08-08_164047_397752_1_R7_TEST5,7,1.875,1.9141624026821904,2.338210420001174,0.42404801731898356,0.17981672099216098,True,empirical-manual-held-out-test-group
nine_channel_ridge,TEST5,live_implementation_range_1.7_to_3.0_N,1.7,3.0,100.0,2026-08-08_164047_397752_1_R7_TEST5,7,2.125,2.118476617670055,2.3441403717500227,0.22566375407996775,0.05092412990546416,True,empirical-manual-held-out-test-group
nine_channel_ridge,TEST5,live_implementation_range_1.7_to_3.0_N,1.7,3.0,100.0,2026-08-08_164047_397752_1_R7_TEST5,7,2.375,2.3611637164103687,2.3450223757987287,0.016141340611639965,0.0002605428767409776,True,empirical-manual-held-out-test-group
nine_channel_ridge,TEST5,live_implementation_range_1.7_to_3.0_N,1.7,3.0,100.0,2026-08-08_164047_397752_1_R7_TEST5,7,2.625,2.630848825454871,2.3473411034236293,0.28350772203124164,0.08037662845134377,True,empirical-manual-held-out-test-group
nine_channel_ridge,TEST5,live_implementation_range_1.7_to_3.0_N,1.7,3.0,100.0,2026-08-08_164047_397752_1_R7_TEST5,7,2.875,2.8137101156630395,2.346986082926037,0.4667240327370026,0.21783132273429065,True,empirical-manual-held-out-test-group
nine_channel_ridge,TEST5,live_implementation_range_1.7_to_3.0_N,1.7,3.0,100.0,2026-08-08_165117_429951_1_R8_TEST5,8,1.875,1.9186808072558803,2.38052552976565,0.4618447225097697,0.2133005477101262,True,empirical-manual-held-out-test-group
nine_channel_ridge,TEST5,live_implementation_range_1.7_to_3.0_N,1.7,3.0,100.0,2026-08-08_165117_429951_1_R8_TEST5,8,2.125,2.1088213046392106,2.38240494253019,0.2735836378909795,0.0748480069216626,True,empirical-manual-held-out-test-group
nine_channel_ridge,TEST5,live_implementation_range_1.7_to_3.0_N,1.7,3.0,100.0,2026-08-08_165117_429951_1_R8_TEST5,8,2.375,2.367937869503527,2.3789177656219325,0.010979896118405552,0.00012055811877097731,True,empirical-manual-held-out-test-group
nine_channel_ridge,TEST5,live_implementation_range_1.7_to_3.0_N,1.7,3.0,100.0,2026-08-08_165117_429951_1_R8_TEST5,8,2.625,2.602069516741847,2.384736567357196,0.21733294938465075,0.047233610888231164,True,empirical-manual-held-out-test-group
nine_channel_ridge,TEST5,live_implementation_range_1.7_to_3.0_N,1.7,3.0,100.0,2026-08-08_165117_429951_1_R8_TEST5,8,2.875,2.845165973841518,2.3841386553974884,0.46102731844402944,0.21254618835169253,True,empirical-manual-held-out-test-group
nine_channel_ridge,TEST5,live_implementation_range_1.7_to_3.0_N,1.7,3.0,100.0,2026-08-08_165607_836382_1_R9_TEST5,9,1.875,1.8437646734367803,2.3682631407438377,0.5244984673070574,0.27509864220745234,False,empirical-manual-held-out-test-group
nine_channel_ridge,TEST5,live_implementation_range_1.7_to_3.0_N,1.7,3.0,100.0,2026-08-08_165607_836382_1_R9_TEST5,9,2.125,2.113887172351952,2.365883590726785,0.2519964183748331,0.06350219487374392,True,empirical-manual-held-out-test-group
nine_channel_ridge,TEST5,live_implementation_range_1.7_to_3.0_N,1.7,3.0,100.0,2026-08-08_165607_836382_1_R9_TEST5,9,2.375,2.385644612672119,2.360860148020142,0.024784464651976812,0.0006142696880850881,True,empirical-manual-held-out-test-group
nine_channel_ridge,TEST5,live_implementation_range_1.7_to_3.0_N,1.7,3.0,100.0,2026-08-08_165607_836382_1_R9_TEST5,9,2.625,2.6490550790951146,2.363872857746832,0.28518222134828264,0.08132889937314088,True,empirical-manual-held-out-test-group
nine_channel_ridge,TEST5,live_implementation_range_1.7_to_3.0_N,1.7,3.0,100.0,2026-08-08_165607_836382_1_R9_TEST5,9,2.875,2.869111352545924,2.3665318307404797,0.5025795218054445,0.25258617573818926,False,empirical-manual-held-out-test-group
nine_channel_log_ridge,TEST5,live_implementation_range_1.7_to_3.0_N,1.7,3.0,100.0,2026-08-08_154243_860887_1_R1_TEST5,1,1.875,1.8544902936508647,2.3544869200735117,0.499996626422647,0.249996626434028,True,empirical-manual-held-out-test-group
nine_channel_log_ridge,TEST5,live_implementation_range_1.7_to_3.0_N,1.7,3.0,100.0,2026-08-08_154243_860887_1_R1_TEST5,1,2.125,2.143825902040632,2.3544869200735117,0.21066101803287962,0.04437806451864923,True,empirical-manual-held-out-test-group
nine_channel_log_ridge,TEST5,live_implementation_range_1.7_to_3.0_N,1.7,3.0,100.0,2026-08-08_154243_860887_1_R1_TEST5,1,2.375,2.372549610670127,2.3601626493840837,0.01238696128604344,0.00015343680990193898,True,empirical-manual-held-out-test-group
nine_channel_log_ridge,TEST5,live_implementation_range_1.7_to_3.0_N,1.7,3.0,100.0,2026-08-08_154243_860887_1_R1_TEST5,1,2.625,2.685683000454869,2.3739661238934278,0.3117168765614413,0.09716741113322085,True,empirical-manual-held-out-test-group
nine_channel_log_ridge,TEST5,live_implementation_range_1.7_to_3.0_N,1.7,3.0,100.0,2026-08-08_154243_860887_1_R1_TEST5,1,2.875,2.873590703363539,2.3740795590662516,0.4995111442972875,0.24951138327718556,True,empirical-manual-held-out-test-group
nine_channel_log_ridge,TEST5,live_implementation_range_1.7_to_3.0_N,1.7,3.0,100.0,2026-08-08_155132_412966_1_R2_TEST5,2,1.875,1.9163504018375097,2.367489863686334,0.45113946184882425,0.20352681403724676,True,empirical-manual-held-out-test-group
nine_channel_log_ridge,TEST5,live_implementation_range_1.7_to_3.0_N,1.7,3.0,100.0,2026-08-08_155132_412966_1_R2_TEST5,2,2.125,2.1364659836757345,2.369917807159577,0.23345182348384252,0.05449975388793117,True,empirical-manual-held-out-test-group
nine_channel_log_ridge,TEST5,live_implementation_range_1.7_to_3.0_N,1.7,3.0,100.0,2026-08-08_155132_412966_1_R2_TEST5,2,2.375,2.3845562910244604,2.370622775330352,0.0139335156941085,0.00019414285959796788,True,empirical-manual-held-out-test-group
nine_channel_log_ridge,TEST5,live_implementation_range_1.7_to_3.0_N,1.7,3.0,100.0,2026-08-08_155132_412966_1_R2_TEST5,2,2.625,2.643102691019448,2.3701521542670037,0.2729505367524445,0.07450199551344756,True,empirical-manual-held-out-test-group
nine_channel_log_ridge,TEST5,live_implementation_range_1.7_to_3.0_N,1.7,3.0,100.0,2026-08-08_155132_412966_1_R2_TEST5,2,2.875,2.839726098884575,2.369388439066109,0.47033765981846587,0.22121751424351094,True,empirical-manual-held-out-test-group
nine_channel_log_ridge,TEST5,live_implementation_range_1.7_to_3.0_N,1.7,3.0,100.0,2026-08-08_160247_228233_1_R3_TEST5,3,1.875,1.7838769868851343,2.362962174337347,0.5790851874522125,0.3353396543265641,False,empirical-manual-held-out-test-group
nine_channel_log_ridge,TEST5,live_implementation_range_1.7_to_3.0_N,1.7,3.0,100.0,2026-08-08_160247_228233_1_R3_TEST5,3,2.125,2.196892670814681,2.372769497459324,0.17587682664464266,0.030932658150589685,True,empirical-manual-held-out-test-group
nine_channel_log_ridge,TEST5,live_implementation_range_1.7_to_3.0_N,1.7,3.0,100.0,2026-08-08_160247_228233_1_R3_TEST5,3,2.375,2.4202311197930584,2.3781890038651654,0.042042115927892976,0.0017675395116943922,True,empirical-manual-held-out-test-group
nine_channel_log_ridge,TEST5,live_implementation_range_1.7_to_3.0_N,1.7,3.0,100.0,2026-08-08_160247_228233_1_R3_TEST5,3,2.625,2.591625896063435,2.364180857865731,0.227445038197704,0.051731245400755035,True,empirical-manual-held-out-test-group
nine_channel_log_ridge,TEST5,live_implementation_range_1.7_to_3.0_N,1.7,3.0,100.0,2026-08-08_160247_228233_1_R3_TEST5,3,2.875,2.8658537085172515,2.364384298068737,0.5014694104485145,0.25147156961558065,False,empirical-manual-held-out-test-group
nine_channel_log_ridge,TEST5,live_implementation_range_1.7_to_3.0_N,1.7,3.0,100.0,2026-08-08_161018_609760_1_R4_TEST5,4,1.875,1.8240982328629514,2.393470358634359,0.5693721257714075,0.3241846176054515,False,empirical-manual-held-out-test-group
nine_channel_log_ridge,TEST5,live_implementation_range_1.7_to_3.0_N,1.7,3.0,100.0,2026-08-08_161018_609760_1_R4_TEST5,4,2.125,2.1552210814113404,2.3973291458010397,0.24210806438969934,0.0586163148425268,True,empirical-manual-held-out-test-group
nine_channel_log_ridge,TEST5,live_implementation_range_1.7_to_3.0_N,1.7,3.0,100.0,2026-08-08_161018_609760_1_R4_TEST5,4,2.375,2.3320658890702584,2.392130375344446,0.0600644862741877,0.0036077425113820827,True,empirical-manual-held-out-test-group
nine_channel_log_ridge,TEST5,live_implementation_range_1.7_to_3.0_N,1.7,3.0,100.0,2026-08-08_161018_609760_1_R4_TEST5,4,2.625,2.5969037849711736,2.396808452965721,0.2000953320054526,0.0400381418903723,True,empirical-manual-held-out-test-group
nine_channel_log_ridge,TEST5,live_implementation_range_1.7_to_3.0_N,1.7,3.0,100.0,2026-08-08_161018_609760_1_R4_TEST5,4,2.875,2.900043829534729,2.3935192258341527,0.5065246037005764,0.25656717415402597,False,empirical-manual-held-out-test-group
nine_channel_log_ridge,TEST5,live_implementation_range_1.7_to_3.0_N,1.7,3.0,100.0,2026-08-08_161801_886702_1_R5_TEST5,5,1.875,1.8713315840531064,2.3544869200735117,0.4831553360204053,0.23343907872499073,True,empirical-manual-held-out-test-group
nine_channel_log_ridge,TEST5,live_implementation_range_1.7_to_3.0_N,1.7,3.0,100.0,2026-08-08_161801_886702_1_R5_TEST5,5,2.125,2.177000879181433,2.3544869200735117,0.17748604089207864,0.031501294711544614,True,empirical-manual-held-out-test-group
nine_channel_log_ridge,TEST5,live_implementation_range_1.7_to_3.0_N,1.7,3.0,100.0,2026-08-08_161801_886702_1_R5_TEST5,5,2.375,2.3828096233749263,2.3544869200735117,0.02832270330141462,0.0008021755222999626,True,empirical-manual-held-out-test-group
nine_channel_log_ridge,TEST5,live_implementation_range_1.7_to_3.0_N,1.7,3.0,100.0,2026-08-08_161801_886702_1_R5_TEST5,5,2.625,2.598998880963138,2.3568620032100136,0.2421368777531243,0.05863026756803147,True,empirical-manual-held-out-test-group
nine_channel_log_ridge,TEST5,live_implementation_range_1.7_to_3.0_N,1.7,3.0,100.0,2026-08-08_161801_886702_1_R5_TEST5,5,2.875,2.8329682105007663,2.356671386001022,0.4762968244997441,0.22685866502854002,True,empirical-manual-held-out-test-group
nine_channel_log_ridge,TEST5,live_implementation_range_1.7_to_3.0_N,1.7,3.0,100.0,2026-08-08_163341_567723_1_R6_TEST5,6,1.875,1.8770474171385176,2.3544869200735117,0.47743950293499404,0.22794847896281417,True,empirical-manual-held-out-test-group
nine_channel_log_ridge,TEST5,live_implementation_range_1.7_to_3.0_N,1.7,3.0,100.0,2026-08-08_163341_567723_1_R6_TEST5,6,2.125,2.12106454721219,2.394121197316734,0.27305665010454394,0.07455993416631533,True,empirical-manual-held-out-test-group
nine_channel_log_ridge,TEST5,live_implementation_range_1.7_to_3.0_N,1.7,3.0,100.0,2026-08-08_163341_567723_1_R6_TEST5,6,2.375,2.352031488657246,2.3955831580618594,0.04355166940461341,0.00189674790792874,True,empirical-manual-held-out-test-group
nine_channel_log_ridge,TEST5,live_implementation_range_1.7_to_3.0_N,1.7,3.0,100.0,2026-08-08_163341_567723_1_R6_TEST5,6,2.625,2.6258783450961456,2.3965178187929013,0.22936052630324433,0.05260625102610123,True,empirical-manual-held-out-test-group
nine_channel_log_ridge,TEST5,live_implementation_range_1.7_to_3.0_N,1.7,3.0,100.0,2026-08-08_163341_567723_1_R6_TEST5,6,2.875,2.876223175904799,2.398706633893881,0.477516542010918,0.2280220478940648,True,empirical-manual-held-out-test-group
nine_channel_log_ridge,TEST5,live_implementation_range_1.7_to_3.0_N,1.7,3.0,100.0,2026-08-08_164047_397752_1_R7_TEST5,7,1.875,1.9141624026821904,2.3379726111664128,0.42381020848422235,0.17961509281544003,True,empirical-manual-held-out-test-group
nine_channel_log_ridge,TEST5,live_implementation_range_1.7_to_3.0_N,1.7,3.0,100.0,2026-08-08_164047_397752_1_R7_TEST5,7,2.125,2.118476617670055,2.33922176494371,0.22074514727365502,0.048728420044867646,True,empirical-manual-held-out-test-group
nine_channel_log_ridge,TEST5,live_implementation_range_1.7_to_3.0_N,1.7,3.0,100.0,2026-08-08_164047_397752_1_R7_TEST5,7,2.375,2.3611637164103687,2.3394824491846213,0.02168126722574737,0.00047007734851426704,True,empirical-manual-held-out-test-group
nine_channel_log_ridge,TEST5,live_implementation_range_1.7_to_3.0_N,1.7,3.0,100.0,2026-08-08_164047_397752_1_R7_TEST5,7,2.625,2.630848825454871,2.340353416228972,0.2904954092258989,0.08438758278132247,True,empirical-manual-held-out-test-group
nine_channel_log_ridge,TEST5,live_implementation_range_1.7_to_3.0_N,1.7,3.0,100.0,2026-08-08_164047_397752_1_R7_TEST5,7,2.875,2.8137101156630395,2.34019685076521,0.4735132648978295,0.22421481203420207,True,empirical-manual-held-out-test-group
nine_channel_log_ridge,TEST5,live_implementation_range_1.7_to_3.0_N,1.7,3.0,100.0,2026-08-08_165117_429951_1_R8_TEST5,8,1.875,1.9186808072558803,2.3691011584146215,0.45042035115874124,0.20287849273796377,True,empirical-manual-held-out-test-group
nine_channel_log_ridge,TEST5,live_implementation_range_1.7_to_3.0_N,1.7,3.0,100.0,2026-08-08_165117_429951_1_R8_TEST5,8,2.125,2.1088213046392106,2.382761363712245,0.27394005907303454,0.07504315596493766,True,empirical-manual-held-out-test-group
nine_channel_log_ridge,TEST5,live_implementation_range_1.7_to_3.0_N,1.7,3.0,100.0,2026-08-08_165117_429951_1_R8_TEST5,8,2.375,2.367937869503527,2.363069240717026,0.004868628786500739,2.3703546260743663e-05,True,empirical-manual-held-out-test-group
nine_channel_log_ridge,TEST5,live_implementation_range_1.7_to_3.0_N,1.7,3.0,100.0,2026-08-08_165117_429951_1_R8_TEST5,8,2.625,2.602069516741847,2.380232943744863,0.22183657299698378,0.049211465119046116,True,empirical-manual-held-out-test-group
nine_channel_log_ridge,TEST5,live_implementation_range_1.7_to_3.0_N,1.7,3.0,100.0,2026-08-08_165117_429951_1_R8_TEST5,8,2.875,2.845165973841518,2.3490824293772294,0.4960835444642884,0.2460988830882516,True,empirical-manual-held-out-test-group
nine_channel_log_ridge,TEST5,live_implementation_range_1.7_to_3.0_N,1.7,3.0,100.0,2026-08-08_165607_836382_1_R9_TEST5,9,1.875,1.8437646734367803,2.3624575993797836,0.5186929259430033,0.2690423514233139,False,empirical-manual-held-out-test-group
nine_channel_log_ridge,TEST5,live_implementation_range_1.7_to_3.0_N,1.7,3.0,100.0,2026-08-08_165607_836382_1_R9_TEST5,9,2.125,2.113887172351952,2.362535559976538,0.24864838762458596,0.06182602066830636,True,empirical-manual-held-out-test-group
nine_channel_log_ridge,TEST5,live_implementation_range_1.7_to_3.0_N,1.7,3.0,100.0,2026-08-08_165607_836382_1_R9_TEST5,9,2.375,2.385644612672119,2.3674075191124753,0.018237093559643647,0.0003325915815031958,True,empirical-manual-held-out-test-group
nine_channel_log_ridge,TEST5,live_implementation_range_1.7_to_3.0_N,1.7,3.0,100.0,2026-08-08_165607_836382_1_R9_TEST5,9,2.625,2.6490550790951146,2.3978056561710415,0.25124942292407315,0.06312627251967977,True,empirical-manual-held-out-test-group
nine_channel_log_ridge,TEST5,live_implementation_range_1.7_to_3.0_N,1.7,3.0,100.0,2026-08-08_165607_836382_1_R9_TEST5,9,2.875,2.869111352545924,2.3868836829628717,0.4822276695830525,0.2325435253115017,True,empirical-manual-held-out-test-group
session_zeroed_nine_channel_ridge,TEST5,live_implementation_range_1.7_to_3.0_N,1.7,3.0,100.0,2026-08-08_154243_860887_1_R1_TEST5,1,1.875,1.8544902936508647,2.3632713351967953,0.5087810415459306,0.258858148236562,False,empirical-manual-held-out-test-group
session_zeroed_nine_channel_ridge,TEST5,live_implementation_range_1.7_to_3.0_N,1.7,3.0,100.0,2026-08-08_154243_860887_1_R1_TEST5,1,2.125,2.143825902040632,2.3632713351967953,0.21944543315616327,0.048156298133096125,True,empirical-manual-held-out-test-group
session_zeroed_nine_channel_ridge,TEST5,live_implementation_range_1.7_to_3.0_N,1.7,3.0,100.0,2026-08-08_154243_860887_1_R1_TEST5,1,2.375,2.372549610670127,2.3633279100395193,0.009221700630607899,8.503976252055411e-05,True,empirical-manual-held-out-test-group
session_zeroed_nine_channel_ridge,TEST5,live_implementation_range_1.7_to_3.0_N,1.7,3.0,100.0,2026-08-08_154243_860887_1_R1_TEST5,1,2.625,2.685683000454869,2.369602574414344,0.316080426040525,0.09990683572595979,True,empirical-manual-held-out-test-group
session_zeroed_nine_channel_ridge,TEST5,live_implementation_range_1.7_to_3.0_N,1.7,3.0,100.0,2026-08-08_154243_860887_1_R1_TEST5,1,2.875,2.873590703363539,2.3698443032878003,0.5037464000757388,0.2537604355892663,False,empirical-manual-held-out-test-group
session_zeroed_nine_channel_ridge,TEST5,live_implementation_range_1.7_to_3.0_N,1.7,3.0,100.0,2026-08-08_155132_412966_1_R2_TEST5,2,1.875,1.9163504018375097,2.3703383385088497,0.45398793667133996,0.2061050466431006,True,empirical-manual-held-out-test-group
session_zeroed_nine_channel_ridge,TEST5,live_implementation_range_1.7_to_3.0_N,1.7,3.0,100.0,2026-08-08_155132_412966_1_R2_TEST5,2,2.125,2.1364659836757345,2.38326711976191,0.2468011360861757,0.060910800773427025,True,empirical-manual-held-out-test-group
session_zeroed_nine_channel_ridge,TEST5,live_implementation_range_1.7_to_3.0_N,1.7,3.0,100.0,2026-08-08_155132_412966_1_R2_TEST5,2,2.375,2.3845562910244604,2.390306731588259,0.005750440563798698,3.306756667778148e-05,True,empirical-manual-held-out-test-group
session_zeroed_nine_channel_ridge,TEST5,live_implementation_range_1.7_to_3.0_N,1.7,3.0,100.0,2026-08-08_155132_412966_1_R2_TEST5,2,2.625,2.643102691019448,2.3853762641612444,0.2577264268582038,0.06642291110109708,True,empirical-manual-held-out-test-group
session_zeroed_nine_channel_ridge,TEST5,live_implementation_range_1.7_to_3.0_N,1.7,3.0,100.0,2026-08-08_155132_412966_1_R2_TEST5,2,2.875,2.839726098884575,2.379213179877476,0.4605129190070989,0.21207214857243883,True,empirical-manual-held-out-test-group
session_zeroed_nine_channel_ridge,TEST5,live_implementation_range_1.7_to_3.0_N,1.7,3.0,100.0,2026-08-08_160247_228233_1_R3_TEST5,3,1.875,1.7838769868851343,2.3739846980278556,0.5901077111427213,0.34822711075010143,False,empirical-manual-held-out-test-group
session_zeroed_nine_channel_ridge,TEST5,live_implementation_range_1.7_to_3.0_N,1.7,3.0,100.0,2026-08-08_160247_228233_1_R3_TEST5,3,2.125,2.196892670814681,2.4162719702858215,0.21937929947114032,0.04812727703644827,True,empirical-manual-held-out-test-group
session_zeroed_nine_channel_ridge,TEST5,live_implementation_range_1.7_to_3.0_N,1.7,3.0,100.0,2026-08-08_160247_228233_1_R3_TEST5,3,2.375,2.4202311197930584,2.409545811455484,0.010685308337574195,0.00011417581426903261,True,empirical-manual-held-out-test-group
session_zeroed_nine_channel_ridge,TEST5,live_implementation_range_1.7_to_3.0_N,1.7,3.0,100.0,2026-08-08_160247_228233_1_R3_TEST5,3,2.625,2.591625896063435,2.443491869589351,0.14813402647408402,0.021943689799424626,True,empirical-manual-held-out-test-group
session_zeroed_nine_channel_ridge,TEST5,live_implementation_range_1.7_to_3.0_N,1.7,3.0,100.0,2026-08-08_160247_228233_1_R3_TEST5,3,2.875,2.8658537085172515,2.4643587549574417,0.4014949535598098,0.16119819773399383,True,empirical-manual-held-out-test-group
session_zeroed_nine_channel_ridge,TEST5,live_implementation_range_1.7_to_3.0_N,1.7,3.0,100.0,2026-08-08_161018_609760_1_R4_TEST5,4,1.875,1.8240982328629514,2.3924979707691016,0.5683997379061503,0.3230782620517803,False,empirical-manual-held-out-test-group
session_zeroed_nine_channel_ridge,TEST5,live_implementation_range_1.7_to_3.0_N,1.7,3.0,100.0,2026-08-08_161018_609760_1_R4_TEST5,4,2.125,2.1552210814113404,2.3893850427761745,0.23416396136483408,0.05483276080207151,True,empirical-manual-held-out-test-group
session_zeroed_nine_channel_ridge,TEST5,live_implementation_range_1.7_to_3.0_N,1.7,3.0,100.0,2026-08-08_161018_609760_1_R4_TEST5,4,2.375,2.3320658890702584,2.3918080613346677,0.059742172264409366,0.0035691271468703636,True,empirical-manual-held-out-test-group
session_zeroed_nine_channel_ridge,TEST5,live_implementation_range_1.7_to_3.0_N,1.7,3.0,100.0,2026-08-08_161018_609760_1_R4_TEST5,4,2.625,2.5969037849711736,2.3901879016764402,0.20671588329473334,0.04273145640632181,True,empirical-manual-held-out-test-group
session_zeroed_nine_channel_ridge,TEST5,live_implementation_range_1.7_to_3.0_N,1.7,3.0,100.0,2026-08-08_161018_609760_1_R4_TEST5,4,2.875,2.900043829534729,2.394808420653697,0.505235408881032,0.2552628183871836,False,empirical-manual-held-out-test-group
session_zeroed_nine_channel_ridge,TEST5,live_implementation_range_1.7_to_3.0_N,1.7,3.0,100.0,2026-08-08_161801_886702_1_R5_TEST5,5,1.875,1.8713315840531064,2.3632713351967953,0.49193975114368893,0.2420047187553146,True,empirical-manual-held-out-test-group
session_zeroed_nine_channel_ridge,TEST5,live_implementation_range_1.7_to_3.0_N,1.7,3.0,100.0,2026-08-08_161801_886702_1_R5_TEST5,5,2.125,2.177000879181433,2.3632713351967953,0.1862704560153623,0.03469668278417102,True,empirical-manual-held-out-test-group
session_zeroed_nine_channel_ridge,TEST5,live_implementation_range_1.7_to_3.0_N,1.7,3.0,100.0,2026-08-08_161801_886702_1_R5_TEST5,5,2.375,2.3828096233749263,2.3632713351967953,0.01953828817813097,0.0003817447049316924,True,empirical-manual-held-out-test-group
session_zeroed_nine_channel_ridge,TEST5,live_implementation_range_1.7_to_3.0_N,1.7,3.0,100.0,2026-08-08_161801_886702_1_R5_TEST5,5,2.625,2.598998880963138,2.3649688261562534,0.23403005480688455,0.05477006655291339,True,empirical-manual-held-out-test-group
session_zeroed_nine_channel_ridge,TEST5,live_implementation_range_1.7_to_3.0_N,1.7,3.0,100.0,2026-08-08_161801_886702_1_R5_TEST5,5,2.875,2.8329682105007663,2.3644465212456507,0.4685216892551156,0.21951257330246712,True,empirical-manual-held-out-test-group
session_zeroed_nine_channel_ridge,TEST5,live_implementation_range_1.7_to_3.0_N,1.7,3.0,100.0,2026-08-08_163341_567723_1_R6_TEST5,6,1.875,1.8770474171385176,2.3632713351967953,0.4862239180582777,0.23641369849194274,True,empirical-manual-held-out-test-group
session_zeroed_nine_channel_ridge,TEST5,live_implementation_range_1.7_to_3.0_N,1.7,3.0,100.0,2026-08-08_163341_567723_1_R6_TEST5,6,2.125,2.12106454721219,2.393725210284756,0.2726606630725663,0.07434383718717152,True,empirical-manual-held-out-test-group
session_zeroed_nine_channel_ridge,TEST5,live_implementation_range_1.7_to_3.0_N,1.7,3.0,100.0,2026-08-08_163341_567723_1_R6_TEST5,6,2.375,2.352031488657246,2.401788085199537,0.04975659654229103,0.002475718899472328,True,empirical-manual-held-out-test-group
session_zeroed_nine_channel_ridge,TEST5,live_implementation_range_1.7_to_3.0_N,1.7,3.0,100.0,2026-08-08_163341_567723_1_R6_TEST5,6,2.625,2.6258783450961456,2.408026899887696,0.21785144520844968,0.047459252179410154,True,empirical-manual-held-out-test-group
session_zeroed_nine_channel_ridge,TEST5,live_implementation_range_1.7_to_3.0_N,1.7,3.0,100.0,2026-08-08_163341_567723_1_R6_TEST5,6,2.875,2.876223175904799,2.426875522229463,0.449347653675336,0.20191331386352973,True,empirical-manual-held-out-test-group
session_zeroed_nine_channel_ridge,TEST5,live_implementation_range_1.7_to_3.0_N,1.7,3.0,100.0,2026-08-08_164047_397752_1_R7_TEST5,7,1.875,1.9141624026821904,2.364270187002907,0.4501077843207164,0.20259701750610457,True,empirical-manual-held-out-test-group
session_zeroed_nine_channel_ridge,TEST5,live_implementation_range_1.7_to_3.0_N,1.7,3.0,100.0,2026-08-08_164047_397752_1_R7_TEST5,7,2.125,2.118476617670055,2.363852435601994,0.2453758179319392,0.06020929202576817,True,empirical-manual-held-out-test-group
session_zeroed_nine_channel_ridge,TEST5,live_implementation_range_1.7_to_3.0_N,1.7,3.0,100.0,2026-08-08_164047_397752_1_R7_TEST5,7,2.375,2.3611637164103687,2.363790300454431,0.0026265840440622412,6.898943740522358e-06,True,empirical-manual-held-out-test-group
session_zeroed_nine_channel_ridge,TEST5,live_implementation_range_1.7_to_3.0_N,1.7,3.0,100.0,2026-08-08_164047_397752_1_R7_TEST5,7,2.625,2.630848825454871,2.363626951450145,0.2672218740047261,0.0714075299465977,True,empirical-manual-held-out-test-group
session_zeroed_nine_channel_ridge,TEST5,live_implementation_range_1.7_to_3.0_N,1.7,3.0,100.0,2026-08-08_164047_397752_1_R7_TEST5,7,2.875,2.8137101156630395,2.363651961824007,0.45005815383903247,0.20255234183699822,True,empirical-manual-held-out-test-group
session_zeroed_nine_channel_ridge,TEST5,live_implementation_range_1.7_to_3.0_N,1.7,3.0,100.0,2026-08-08_165117_429951_1_R8_TEST5,8,1.875,1.9186808072558803,2.3830690755133843,0.464388268257504,0.2156564636952035,True,empirical-manual-held-out-test-group
session_zeroed_nine_channel_ridge,TEST5,live_implementation_range_1.7_to_3.0_N,1.7,3.0,100.0,2026-08-08_165117_429951_1_R8_TEST5,8,2.125,2.1088213046392106,2.3855549553074784,0.2767336506682678,0.07658151341218689,True,empirical-manual-held-out-test-group
session_zeroed_nine_channel_ridge,TEST5,live_implementation_range_1.7_to_3.0_N,1.7,3.0,100.0,2026-08-08_165117_429951_1_R8_TEST5,8,2.375,2.367937869503527,2.3822887013818645,0.014350831878337633,0.00020594637560031163,True,empirical-manual-held-out-test-group
session_zeroed_nine_channel_ridge,TEST5,live_implementation_range_1.7_to_3.0_N,1.7,3.0,100.0,2026-08-08_165117_429951_1_R8_TEST5,8,2.625,2.602069516741847,2.3863707324187,0.21569878432314704,0.046525965558483505,True,empirical-manual-held-out-test-group
session_zeroed_nine_channel_ridge,TEST5,live_implementation_range_1.7_to_3.0_N,1.7,3.0,100.0,2026-08-08_165117_429951_1_R8_TEST5,8,2.875,2.845165973841518,2.389906963323652,0.455259010517866,0.20726076665770643,True,empirical-manual-held-out-test-group
session_zeroed_nine_channel_ridge,TEST5,live_implementation_range_1.7_to_3.0_N,1.7,3.0,100.0,2026-08-08_165607_836382_1_R9_TEST5,9,1.875,1.8437646734367803,2.3768549586229715,0.5330902851861912,0.28418525215989465,False,empirical-manual-held-out-test-group
session_zeroed_nine_channel_ridge,TEST5,live_implementation_range_1.7_to_3.0_N,1.7,3.0,100.0,2026-08-08_165607_836382_1_R9_TEST5,9,2.125,2.113887172351952,2.3759845658337837,0.2620973934818318,0.06869504366997017,True,empirical-manual-held-out-test-group
session_zeroed_nine_channel_ridge,TEST5,live_implementation_range_1.7_to_3.0_N,1.7,3.0,100.0,2026-08-08_165607_836382_1_R9_TEST5,9,2.375,2.385644612672119,2.3730514840098484,0.01259312866227047,0.00015858688950449803,True,empirical-manual-held-out-test-group
session_zeroed_nine_channel_ridge,TEST5,live_implementation_range_1.7_to_3.0_N,1.7,3.0,100.0,2026-08-08_165607_836382_1_R9_TEST5,9,2.625,2.6490550790951146,2.3815344522505426,0.267520626844572,0.07156728578731274,True,empirical-manual-held-out-test-group
session_zeroed_nine_channel_ridge,TEST5,live_implementation_range_1.7_to_3.0_N,1.7,3.0,100.0,2026-08-08_165607_836382_1_R9_TEST5,9,2.875,2.869111352545924,2.377979613580276,0.491131738965648,0.2412103850194214,True,empirical-manual-held-out-test-group
constant_baseline,TEST6,live_implementation_range_1.7_to_3.0_N,1.7,3.0,,2026-08-08_154344_572251_1_R1_TEST6,1,1.875,1.947120781998105,2.378052173336521,0.43093139133841607,0.18570186404086308,True,empirical-manual-held-out-test-group
constant_baseline,TEST6,live_implementation_range_1.7_to_3.0_N,1.7,3.0,,2026-08-08_154344_572251_1_R1_TEST6,1,2.125,2.0575520750231533,2.378052173336521,0.3205000983133677,0.10272031301887835,True,empirical-manual-held-out-test-group
constant_baseline,TEST6,live_implementation_range_1.7_to_3.0_N,1.7,3.0,,2026-08-08_154344_572251_1_R1_TEST6,1,2.625,2.6038845740615297,2.378052173336521,0.22583240072500876,0.05100027321722094,True,empirical-manual-held-out-test-group
constant_baseline,TEST6,live_implementation_range_1.7_to_3.0_N,1.7,3.0,,2026-08-08_154344_572251_1_R1_TEST6,1,2.875,2.80976513760986,2.378052173336521,0.43171296427333905,0.1863760835216733,True,empirical-manual-held-out-test-group
constant_baseline,TEST6,live_implementation_range_1.7_to_3.0_N,1.7,3.0,,2026-08-08_155430_315930_1_R2_TEST6,2,2.625,2.620149120567675,2.378052173336521,0.24209694723115405,0.05861093185864419,True,empirical-manual-held-out-test-group
constant_baseline,TEST6,live_implementation_range_1.7_to_3.0_N,1.7,3.0,,2026-08-08_155430_315930_1_R2_TEST6,2,2.875,2.9425037792055835,2.378052173336521,0.5644516058690625,0.3186056153681635,False,empirical-manual-held-out-test-group
constant_baseline,TEST6,live_implementation_range_1.7_to_3.0_N,1.7,3.0,,2026-08-08_160344_644134_1_R3_TEST6,3,1.875,1.851502027401765,2.378052173336521,0.5265501459347559,0.2772550561839127,False,empirical-manual-held-out-test-group
constant_baseline,TEST6,live_implementation_range_1.7_to_3.0_N,1.7,3.0,,2026-08-08_160344_644134_1_R3_TEST6,3,2.125,2.1643765285621246,2.378052173336521,0.21367564477439638,0.045657281169754024,True,empirical-manual-held-out-test-group
constant_baseline,TEST6,live_implementation_range_1.7_to_3.0_N,1.7,3.0,,2026-08-08_160344_644134_1_R3_TEST6,3,2.375,2.3740244885778607,2.378052173336521,0.004027684758660222,1.622224451514385e-05,True,empirical-manual-held-out-test-group
constant_baseline,TEST6,live_implementation_range_1.7_to_3.0_N,1.7,3.0,,2026-08-08_160344_644134_1_R3_TEST6,3,2.625,2.611388061118405,2.378052173336521,0.23333588778188386,0.0544456365269599,True,empirical-manual-held-out-test-group
constant_baseline,TEST6,live_implementation_range_1.7_to_3.0_N,1.7,3.0,,2026-08-08_160344_644134_1_R3_TEST6,3,2.875,2.8687249148440097,2.378052173336521,0.49067274150748874,0.24075973925847485,True,empirical-manual-held-out-test-group
constant_baseline,TEST6,live_implementation_range_1.7_to_3.0_N,1.7,3.0,,2026-08-08_161131_254032_1_R4_TEST6,4,1.875,1.9287075407344687,2.378052173336521,0.44934463260205226,0.20191059884827334,True,empirical-manual-held-out-test-group
constant_baseline,TEST6,live_implementation_range_1.7_to_3.0_N,1.7,3.0,,2026-08-08_161131_254032_1_R4_TEST6,4,2.125,2.0913622713231343,2.378052173336521,0.2866899020133866,0.08219109991644523,True,empirical-manual-held-out-test-group
constant_baseline,TEST6,live_implementation_range_1.7_to_3.0_N,1.7,3.0,,2026-08-08_161131_254032_1_R4_TEST6,4,2.375,2.4176169601326274,2.378052173336521,0.03956478679610642,0.001565372354221357,True,empirical-manual-held-out-test-group
constant_baseline,TEST6,live_implementation_range_1.7_to_3.0_N,1.7,3.0,,2026-08-08_161131_254032_1_R4_TEST6,4,2.625,2.6385472036071675,2.378052173336521,0.2604950302706466,0.06785766079570507,True,empirical-manual-held-out-test-group
constant_baseline,TEST6,live_implementation_range_1.7_to_3.0_N,1.7,3.0,,2026-08-08_161131_254032_1_R4_TEST6,4,2.875,2.8509515060313593,2.378052173336521,0.4728993326948383,0.22363377886322336,True,empirical-manual-held-out-test-group
constant_baseline,TEST6,live_implementation_range_1.7_to_3.0_N,1.7,3.0,,2026-08-08_161904_181801_1_R5_TEST6,5,1.875,1.8123850355299744,2.378052173336521,0.5656671378065465,0.3199793107942505,False,empirical-manual-held-out-test-group
constant_baseline,TEST6,live_implementation_range_1.7_to_3.0_N,1.7,3.0,,2026-08-08_161904_181801_1_R5_TEST6,5,2.125,2.1268479675651535,2.378052173336521,0.2512042057713675,0.06310355299722353,True,empirical-manual-held-out-test-group
constant_baseline,TEST6,live_implementation_range_1.7_to_3.0_N,1.7,3.0,,2026-08-08_161904_181801_1_R5_TEST6,5,2.375,2.381265902328172,2.378052173336521,0.003213728991651177,1.032805403177929e-05,True,empirical-manual-held-out-test-group
constant_baseline,TEST6,live_implementation_range_1.7_to_3.0_N,1.7,3.0,,2026-08-08_161904_181801_1_R5_TEST6,5,2.625,2.612833593013736,2.378052173336521,0.2347814196772151,0.055122315025648606,True,empirical-manual-held-out-test-group
constant_baseline,TEST6,live_implementation_range_1.7_to_3.0_N,1.7,3.0,,2026-08-08_161904_181801_1_R5_TEST6,5,2.875,2.902294333853386,2.378052173336521,0.5242421605168652,0.2748298428633907,False,empirical-manual-held-out-test-group
constant_baseline,TEST6,live_implementation_range_1.7_to_3.0_N,1.7,3.0,,2026-08-08_163440_118112_1_R6_TEST6,6,1.875,1.82286886363385,2.378052173336521,0.555183309702671,0.308228507372412,False,empirical-manual-held-out-test-group
constant_baseline,TEST6,live_implementation_range_1.7_to_3.0_N,1.7,3.0,,2026-08-08_163440_118112_1_R6_TEST6,6,2.125,2.1354740929002975,2.378052173336521,0.24257808043622342,0.05884412510812288,True,empirical-manual-held-out-test-group
constant_baseline,TEST6,live_implementation_range_1.7_to_3.0_N,1.7,3.0,,2026-08-08_163440_118112_1_R6_TEST6,6,2.375,2.355934319063255,2.378052173336521,0.02211785427326607,0.0004891994776534341,True,empirical-manual-held-out-test-group
constant_baseline,TEST6,live_implementation_range_1.7_to_3.0_N,1.7,3.0,,2026-08-08_163440_118112_1_R6_TEST6,6,2.625,2.6619241396485416,2.378052173336521,0.2838719663120206,0.08058329325785296,True,empirical-manual-held-out-test-group
constant_baseline,TEST6,live_implementation_range_1.7_to_3.0_N,1.7,3.0,,2026-08-08_163440_118112_1_R6_TEST6,6,2.875,2.8485894191246235,2.378052173336521,0.4705372457881025,0.2214052996738532,True,empirical-manual-held-out-test-group
constant_baseline,TEST6,live_implementation_range_1.7_to_3.0_N,1.7,3.0,,2026-08-08_164148_938417_1_R7_TEST6,7,1.875,1.9239347620748388,2.378052173336521,0.45411741126168215,0.20622262321101176,True,empirical-manual-held-out-test-group
constant_baseline,TEST6,live_implementation_range_1.7_to_3.0_N,1.7,3.0,,2026-08-08_164148_938417_1_R7_TEST6,7,2.125,2.167578668805772,2.378052173336521,0.2104735045307491,0.04429909610945526,True,empirical-manual-held-out-test-group
constant_baseline,TEST6,live_implementation_range_1.7_to_3.0_N,1.7,3.0,,2026-08-08_164148_938417_1_R7_TEST6,7,2.375,2.339245596096016,2.378052173336521,0.03880657724050485,0.0015059504371232688,True,empirical-manual-held-out-test-group
constant_baseline,TEST6,live_implementation_range_1.7_to_3.0_N,1.7,3.0,,2026-08-08_164148_938417_1_R7_TEST6,7,2.625,2.650102126404516,2.378052173336521,0.2720499530679952,0.07401117696429838,True,empirical-manual-held-out-test-group
constant_baseline,TEST6,live_implementation_range_1.7_to_3.0_N,1.7,3.0,,2026-08-08_164148_938417_1_R7_TEST6,7,2.875,2.8605877164678635,2.378052173336521,0.4825355431313425,0.2328405503850597,True,empirical-manual-held-out-test-group
constant_baseline,TEST6,live_implementation_range_1.7_to_3.0_N,1.7,3.0,,2026-08-08_165208_088150_1_R8_TEST6,8,1.875,1.8264616388526351,2.378052173336521,0.5515905344838858,0.30425211773221883,False,empirical-manual-held-out-test-group
constant_baseline,TEST6,live_implementation_range_1.7_to_3.0_N,1.7,3.0,,2026-08-08_165208_088150_1_R8_TEST6,8,2.125,2.0785269850886214,2.378052173336521,0.29952518824789953,0.08971533839493966,True,empirical-manual-held-out-test-group
constant_baseline,TEST6,live_implementation_range_1.7_to_3.0_N,1.7,3.0,,2026-08-08_165208_088150_1_R8_TEST6,8,2.375,2.383413974862991,2.378052173336521,0.0053618015264698116,2.8748915609254e-05,True,empirical-manual-held-out-test-group
constant_baseline,TEST6,live_implementation_range_1.7_to_3.0_N,1.7,3.0,,2026-08-08_165208_088150_1_R8_TEST6,8,2.625,2.6758265733160123,2.378052173336521,0.2977743999794913,0.08866959328314607,True,empirical-manual-held-out-test-group
constant_baseline,TEST6,live_implementation_range_1.7_to_3.0_N,1.7,3.0,,2026-08-08_165208_088150_1_R8_TEST6,8,2.875,2.894092290525251,2.378052173336521,0.5160401171887301,0.2662974025481583,False,empirical-manual-held-out-test-group
constant_baseline,TEST6,live_implementation_range_1.7_to_3.0_N,1.7,3.0,,2026-08-08_165709_643597_1_R9_TEST6,9,1.875,1.8815508063164466,2.378052173336521,0.4965013670200744,0.24651360745280262,True,empirical-manual-held-out-test-group
constant_baseline,TEST6,live_implementation_range_1.7_to_3.0_N,1.7,3.0,,2026-08-08_165709_643597_1_R9_TEST6,9,2.125,2.090689270351434,2.378052173336521,0.28736290298508704,0.08257743801201654,True,empirical-manual-held-out-test-group
constant_baseline,TEST6,live_implementation_range_1.7_to_3.0_N,1.7,3.0,,2026-08-08_165709_643597_1_R9_TEST6,9,2.375,2.3834829122352916,2.378052173336521,0.0054307388987706595,2.9492924986620754e-05,True,empirical-manual-held-out-test-group
constant_baseline,TEST6,live_implementation_range_1.7_to_3.0_N,1.7,3.0,,2026-08-08_165709_643597_1_R9_TEST6,9,2.625,2.635690515797542,2.378052173336521,0.2576383424610209,0.06637751550606229,True,empirical-manual-held-out-test-group
constant_baseline,TEST6,live_implementation_range_1.7_to_3.0_N,1.7,3.0,,2026-08-08_165709_643597_1_R9_TEST6,9,2.875,2.89684717135822,2.378052173336521,0.5187949980216988,0.2691482499723345,False,empirical-manual-held-out-test-group
total_light_linear,TEST6,live_implementation_range_1.7_to_3.0_N,1.7,3.0,0.01,2026-08-08_154344_572251_1_R1_TEST6,1,1.875,1.947120781998105,2.339500362776393,0.39237958077828816,0.15396173541174515,True,empirical-manual-held-out-test-group
total_light_linear,TEST6,live_implementation_range_1.7_to_3.0_N,1.7,3.0,0.01,2026-08-08_154344_572251_1_R1_TEST6,1,2.125,2.0575520750231533,2.341389568312097,0.2838374932889436,0.08056372259655109,True,empirical-manual-held-out-test-group
total_light_linear,TEST6,live_implementation_range_1.7_to_3.0_N,1.7,3.0,0.01,2026-08-08_154344_572251_1_R1_TEST6,1,2.625,2.6038845740615297,2.3429702036103026,0.2609143704512271,0.06807630870796018,True,empirical-manual-held-out-test-group
total_light_linear,TEST6,live_implementation_range_1.7_to_3.0_N,1.7,3.0,0.01,2026-08-08_154344_572251_1_R1_TEST6,1,2.875,2.80976513760986,2.345709551637073,0.46405558597278684,0.21534758687254657,True,empirical-manual-held-out-test-group
total_light_linear,TEST6,live_implementation_range_1.7_to_3.0_N,1.7,3.0,0.01,2026-08-08_155430_315930_1_R2_TEST6,2,2.625,2.620149120567675,2.3417674094192376,0.27838171114843746,0.07749637710193207,True,empirical-manual-held-out-test-group
total_light_linear,TEST6,live_implementation_range_1.7_to_3.0_N,1.7,3.0,0.01,2026-08-08_155430_315930_1_R2_TEST6,2,2.875,2.9425037792055835,2.3445193521495797,0.5979844270560037,0.35758537500149706,False,empirical-manual-held-out-test-group
total_light_linear,TEST6,live_implementation_range_1.7_to_3.0_N,1.7,3.0,0.01,2026-08-08_160344_644134_1_R3_TEST6,3,1.875,1.851502027401765,2.3872720734225568,0.5357700460207917,0.28704954221312123,False,empirical-manual-held-out-test-group
total_light_linear,TEST6,live_implementation_range_1.7_to_3.0_N,1.7,3.0,0.01,2026-08-08_160344_644134_1_R3_TEST6,3,2.125,2.1643765285621246,2.4246657483259204,0.2602892197637958,0.06775047792524559,True,empirical-manual-held-out-test-group
total_light_linear,TEST6,live_implementation_range_1.7_to_3.0_N,1.7,3.0,0.01,2026-08-08_160344_644134_1_R3_TEST6,3,2.375,2.3740244885778607,2.419464135750949,0.04543964717308846,0.002064761535214766,True,empirical-manual-held-out-test-group
total_light_linear,TEST6,live_implementation_range_1.7_to_3.0_N,1.7,3.0,0.01,2026-08-08_160344_644134_1_R3_TEST6,3,2.625,2.611388061118405,2.432373706911592,0.17901435420681278,0.032046139012082225,True,empirical-manual-held-out-test-group
total_light_linear,TEST6,live_implementation_range_1.7_to_3.0_N,1.7,3.0,0.01,2026-08-08_160344_644134_1_R3_TEST6,3,2.875,2.8687249148440097,2.437751645336562,0.43097326950744774,0.1857379590299392,True,empirical-manual-held-out-test-group
total_light_linear,TEST6,live_implementation_range_1.7_to_3.0_N,1.7,3.0,0.01,2026-08-08_161131_254032_1_R4_TEST6,4,1.875,1.9287075407344687,2.3927003906618123,0.4639928499273436,0.21528936478369837,True,empirical-manual-held-out-test-group
total_light_linear,TEST6,live_implementation_range_1.7_to_3.0_N,1.7,3.0,0.01,2026-08-08_161131_254032_1_R4_TEST6,4,2.125,2.0913622713231343,2.406516780479593,0.3151545091564585,0.09932236464164827,True,empirical-manual-held-out-test-group
total_light_linear,TEST6,live_implementation_range_1.7_to_3.0_N,1.7,3.0,0.01,2026-08-08_161131_254032_1_R4_TEST6,4,2.375,2.4176169601326274,2.3802442288297385,0.03737273130288887,0.0013967210450379298,True,empirical-manual-held-out-test-group
total_light_linear,TEST6,live_implementation_range_1.7_to_3.0_N,1.7,3.0,0.01,2026-08-08_161131_254032_1_R4_TEST6,4,2.625,2.6385472036071675,2.3958616612582233,0.24268554234894424,0.05889627246520121,True,empirical-manual-held-out-test-group
total_light_linear,TEST6,live_implementation_range_1.7_to_3.0_N,1.7,3.0,0.01,2026-08-08_161131_254032_1_R4_TEST6,4,2.875,2.8509515060313593,2.4017056037153335,0.4492459023160258,0.20182188074774018,True,empirical-manual-held-out-test-group
total_light_linear,TEST6,live_implementation_range_1.7_to_3.0_N,1.7,3.0,0.01,2026-08-08_161904_181801_1_R5_TEST6,5,1.875,1.8123850355299744,2.3394751733692503,0.5270901378392758,0.2778240134074268,False,empirical-manual-held-out-test-group
total_light_linear,TEST6,live_implementation_range_1.7_to_3.0_N,1.7,3.0,0.01,2026-08-08_161904_181801_1_R5_TEST6,5,2.125,2.1268479675651535,2.3394751733692503,0.21262720580409677,0.04521032864805773,True,empirical-manual-held-out-test-group
total_light_linear,TEST6,live_implementation_range_1.7_to_3.0_N,1.7,3.0,0.01,2026-08-08_161904_181801_1_R5_TEST6,5,2.375,2.381265902328172,2.3394751733692503,0.041790728958921886,0.0017464650269180724,True,empirical-manual-held-out-test-group
total_light_linear,TEST6,live_implementation_range_1.7_to_3.0_N,1.7,3.0,0.01,2026-08-08_161904_181801_1_R5_TEST6,5,2.625,2.612833593013736,2.342548281040662,0.2702853119730739,0.0730541498683819,True,empirical-manual-held-out-test-group
total_light_linear,TEST6,live_implementation_range_1.7_to_3.0_N,1.7,3.0,0.01,2026-08-08_161904_181801_1_R5_TEST6,5,2.875,2.902294333853386,2.345822903969215,0.5564714298841711,0.30966045227733396,False,empirical-manual-held-out-test-group
total_light_linear,TEST6,live_implementation_range_1.7_to_3.0_N,1.7,3.0,0.01,2026-08-08_163440_118112_1_R6_TEST6,6,1.875,1.82286886363385,2.3394751733692503,0.5166063097354003,0.2668820792584284,False,empirical-manual-held-out-test-group
total_light_linear,TEST6,live_implementation_range_1.7_to_3.0_N,1.7,3.0,0.01,2026-08-08_163440_118112_1_R6_TEST6,6,2.125,2.1354740929002975,2.340822806651386,0.20534871375108832,0.042168094239226406,True,empirical-manual-held-out-test-group
total_light_linear,TEST6,live_implementation_range_1.7_to_3.0_N,1.7,3.0,0.01,2026-08-08_163440_118112_1_R6_TEST6,6,2.375,2.355934319063255,2.3407346437263863,0.015199675336868612,0.00023103013034621195,True,empirical-manual-held-out-test-group
total_light_linear,TEST6,live_implementation_range_1.7_to_3.0_N,1.7,3.0,0.01,2026-08-08_163440_118112_1_R6_TEST6,6,2.625,2.6619241396485416,2.343486586456728,0.31843755319181355,0.10140247528278909,True,empirical-manual-held-out-test-group
total_light_linear,TEST6,live_implementation_range_1.7_to_3.0_N,1.7,3.0,0.01,2026-08-08_163440_118112_1_R6_TEST6,6,2.875,2.8485894191246235,2.3440092666549397,0.5045801524696838,0.25460113026632936,False,empirical-manual-held-out-test-group
total_light_linear,TEST6,live_implementation_range_1.7_to_3.0_N,1.7,3.0,0.01,2026-08-08_164148_938417_1_R7_TEST6,7,1.875,1.9239347620748388,2.348870822233484,0.4249360601586454,0.18057065522315188,True,empirical-manual-held-out-test-group
total_light_linear,TEST6,live_implementation_range_1.7_to_3.0_N,1.7,3.0,0.01,2026-08-08_164148_938417_1_R7_TEST6,7,2.125,2.167578668805772,2.3516920358334685,0.18411336702769665,0.03389773191827534,True,empirical-manual-held-out-test-group
total_light_linear,TEST6,live_implementation_range_1.7_to_3.0_N,1.7,3.0,0.01,2026-08-08_164148_938417_1_R7_TEST6,7,2.375,2.339245596096016,2.3473279710459924,0.008082374949976323,6.532478483200478e-05,True,empirical-manual-held-out-test-group
total_light_linear,TEST6,live_implementation_range_1.7_to_3.0_N,1.7,3.0,0.01,2026-08-08_164148_938417_1_R7_TEST6,7,2.625,2.650102126404516,2.351717225240611,0.29838490116390526,0.0890335492425935,True,empirical-manual-held-out-test-group
total_light_linear,TEST6,live_implementation_range_1.7_to_3.0_N,1.7,3.0,0.01,2026-08-08_164148_938417_1_R7_TEST6,7,2.875,2.8605877164678635,2.356056100620944,0.5045316158469193,0.25455215138910336,False,empirical-manual-held-out-test-group
total_light_linear,TEST6,live_implementation_range_1.7_to_3.0_N,1.7,3.0,0.01,2026-08-08_165208_088150_1_R8_TEST6,8,1.875,1.8264616388526351,2.360835790626275,0.5343741517736398,0.28555573408379703,False,empirical-manual-held-out-test-group
total_light_linear,TEST6,live_implementation_range_1.7_to_3.0_N,1.7,3.0,0.01,2026-08-08_165208_088150_1_R8_TEST6,8,2.125,2.0785269850886214,2.3895957962314722,0.3110688111428508,0.09676380526582656,True,empirical-manual-held-out-test-group
total_light_linear,TEST6,live_implementation_range_1.7_to_3.0_N,1.7,3.0,0.01,2026-08-08_165208_088150_1_R8_TEST6,8,2.375,2.383413974862991,2.384280831324359,0.0008668564613683039,7.514401246159777e-07,True,empirical-manual-held-out-test-group
total_light_linear,TEST6,live_implementation_range_1.7_to_3.0_N,1.7,3.0,0.01,2026-08-08_165208_088150_1_R8_TEST6,8,2.625,2.6758265733160123,2.3918880322814595,0.28393854103455274,0.08062109508483038,True,empirical-manual-held-out-test-group
total_light_linear,TEST6,live_implementation_range_1.7_to_3.0_N,1.7,3.0,0.01,2026-08-08_165208_088150_1_R8_TEST6,8,2.875,2.894092290525251,2.386969800536844,0.507122489988407,0.257173219852042,False,empirical-manual-held-out-test-group
total_light_linear,TEST6,live_implementation_range_1.7_to_3.0_N,1.7,3.0,0.01,2026-08-08_165709_643597_1_R9_TEST6,9,1.875,1.8815508063164466,2.3936953722439496,0.512144565927503,0.2622920564090705,False,empirical-manual-held-out-test-group
total_light_linear,TEST6,live_implementation_range_1.7_to_3.0_N,1.7,3.0,0.01,2026-08-08_165709_643597_1_R9_TEST6,9,2.125,2.090689270351434,2.388267055004694,0.2975777846532601,0.08855253791914205,True,empirical-manual-held-out-test-group
total_light_linear,TEST6,live_implementation_range_1.7_to_3.0_N,1.7,3.0,0.01,2026-08-08_165709_643597_1_R9_TEST6,9,2.375,2.3834829122352916,2.39207695283503,0.008594040599738229,7.385753382994902e-05,True,empirical-manual-held-out-test-group
total_light_linear,TEST6,live_implementation_range_1.7_to_3.0_N,1.7,3.0,0.01,2026-08-08_165709_643597_1_R9_TEST6,9,2.625,2.635690515797542,2.38693201642613,0.2487584993714118,0.06188079100951669,True,empirical-manual-held-out-test-group
total_light_linear,TEST6,live_implementation_range_1.7_to_3.0_N,1.7,3.0,0.01,2026-08-08_165709_643597_1_R9_TEST6,9,2.875,2.89684717135822,2.3925996330332415,0.5042475383249783,0.25426557990680043,False,empirical-manual-held-out-test-group
total_light_quadratic,TEST6,live_implementation_range_1.7_to_3.0_N,1.7,3.0,100.0,2026-08-08_154344_572251_1_R1_TEST6,1,1.875,1.947120781998105,2.349667378743858,0.4025465967457529,0.16204376255158778,True,empirical-manual-held-out-test-group
total_light_quadratic,TEST6,live_implementation_range_1.7_to_3.0_N,1.7,3.0,100.0,2026-08-08_154344_572251_1_R1_TEST6,1,2.125,2.0575520750231533,2.350821094995698,0.2932690199725445,0.08600671807565671,True,empirical-manual-held-out-test-group
total_light_quadratic,TEST6,live_implementation_range_1.7_to_3.0_N,1.7,3.0,100.0,2026-08-08_154344_572251_1_R1_TEST6,1,2.625,2.6038845740615297,2.3517927159472287,0.252091858114301,0.06355030492752088,True,empirical-manual-held-out-test-group
total_light_quadratic,TEST6,live_implementation_range_1.7_to_3.0_N,1.7,3.0,100.0,2026-08-08_154344_572251_1_R1_TEST6,1,2.875,2.80976513760986,2.3534902914197997,0.4562748461900603,0.2081867352657632,True,empirical-manual-held-out-test-group
total_light_quadratic,TEST6,live_implementation_range_1.7_to_3.0_N,1.7,3.0,100.0,2026-08-08_155430_315930_1_R2_TEST6,2,2.625,2.620149120567675,2.3510528292182915,0.2690962913493835,0.0724128140179923,True,empirical-manual-held-out-test-group
total_light_quadratic,TEST6,live_implementation_range_1.7_to_3.0_N,1.7,3.0,100.0,2026-08-08_155430_315930_1_R2_TEST6,2,2.875,2.9425037792055835,2.3527505910777937,0.5897531881277898,0.3478088229068922,False,empirical-manual-held-out-test-group
total_light_quadratic,TEST6,live_implementation_range_1.7_to_3.0_N,1.7,3.0,100.0,2026-08-08_160344_644134_1_R3_TEST6,3,1.875,1.851502027401765,2.3813767863153137,0.5298747589135486,0.2807672601336913,False,empirical-manual-held-out-test-group
total_light_quadratic,TEST6,live_implementation_range_1.7_to_3.0_N,1.7,3.0,100.0,2026-08-08_160344_644134_1_R3_TEST6,3,2.125,2.1643765285621246,2.409881853509305,0.24550532494718036,0.06027286457742062,True,empirical-manual-held-out-test-group
total_light_quadratic,TEST6,live_implementation_range_1.7_to_3.0_N,1.7,3.0,100.0,2026-08-08_160344_644134_1_R3_TEST6,3,2.375,2.3740244885778607,2.4057229606345456,0.03169847205668486,0.0010047931307284306,True,empirical-manual-held-out-test-group
total_light_quadratic,TEST6,live_implementation_range_1.7_to_3.0_N,1.7,3.0,100.0,2026-08-08_160344_644134_1_R3_TEST6,3,2.625,2.611388061118405,2.41615978607268,0.19522827504572504,0.03811407937732927,True,empirical-manual-held-out-test-group
total_light_quadratic,TEST6,live_implementation_range_1.7_to_3.0_N,1.7,3.0,100.0,2026-08-08_160344_644134_1_R3_TEST6,3,2.875,2.8687249148440097,2.420621393842835,0.4481035210011748,0.2007967655336503,True,empirical-manual-held-out-test-group
total_light_quadratic,TEST6,live_implementation_range_1.7_to_3.0_N,1.7,3.0,100.0,2026-08-08_161131_254032_1_R4_TEST6,4,1.875,1.9287075407344687,2.3853140322593194,0.45660649152485067,0.2084894881026335,True,empirical-manual-held-out-test-group
total_light_quadratic,TEST6,live_implementation_range_1.7_to_3.0_N,1.7,3.0,100.0,2026-08-08_161131_254032_1_R4_TEST6,4,2.125,2.0913622713231343,2.3956428904323355,0.3042806191092011,0.09258669516547872,True,empirical-manual-held-out-test-group
total_light_quadratic,TEST6,live_implementation_range_1.7_to_3.0_N,1.7,3.0,100.0,2026-08-08_161131_254032_1_R4_TEST6,4,2.375,2.4176169601326274,2.376380651471579,0.041236308661048326,0.0017004331519892492,True,empirical-manual-held-out-test-group
total_light_quadratic,TEST6,live_implementation_range_1.7_to_3.0_N,1.7,3.0,100.0,2026-08-08_161131_254032_1_R4_TEST6,4,2.625,2.6385472036071675,2.38763836693766,0.25090883666950736,0.06295524431884553,True,empirical-manual-held-out-test-group
total_light_quadratic,TEST6,live_implementation_range_1.7_to_3.0_N,1.7,3.0,100.0,2026-08-08_161131_254032_1_R4_TEST6,4,2.875,2.8509515060313593,2.3919960273858045,0.45895547864555475,0.21064013137877027,True,empirical-manual-held-out-test-group
total_light_quadratic,TEST6,live_implementation_range_1.7_to_3.0_N,1.7,3.0,100.0,2026-08-08_161904_181801_1_R5_TEST6,5,1.875,1.8123850355299744,2.3496520516485657,0.5372670161185913,0.28865584660897464,False,empirical-manual-held-out-test-group
total_light_quadratic,TEST6,live_implementation_range_1.7_to_3.0_N,1.7,3.0,100.0,2026-08-08_161904_181801_1_R5_TEST6,5,2.125,2.1268479675651535,2.3496520516485657,0.22280408408341223,0.04964165988424823,True,empirical-manual-held-out-test-group
total_light_quadratic,TEST6,live_implementation_range_1.7_to_3.0_N,1.7,3.0,100.0,2026-08-08_161904_181801_1_R5_TEST6,5,2.375,2.381265902328172,2.3496520516485657,0.031613850679606426,0.0009994355547924517,True,empirical-manual-held-out-test-group
total_light_quadratic,TEST6,live_implementation_range_1.7_to_3.0_N,1.7,3.0,100.0,2026-08-08_161904_181801_1_R5_TEST6,5,2.625,2.612833593013736,2.3515327933719443,0.26130079964179176,0.0682781078934398,True,empirical-manual-held-out-test-group
total_light_quadratic,TEST6,live_implementation_range_1.7_to_3.0_N,1.7,3.0,100.0,2026-08-08_161904_181801_1_R5_TEST6,5,2.875,2.902294333853386,2.3535609100141284,0.5487334238392578,0.3011083704383546,False,empirical-manual-held-out-test-group
total_light_quadratic,TEST6,live_implementation_range_1.7_to_3.0_N,1.7,3.0,100.0,2026-08-08_163440_118112_1_R6_TEST6,6,1.875,1.82286886363385,2.3496520516485657,0.5267831880147158,0.2775005271749474,False,empirical-manual-held-out-test-group
total_light_quadratic,TEST6,live_implementation_range_1.7_to_3.0_N,1.7,3.0,100.0,2026-08-08_163440_118112_1_R6_TEST6,6,2.125,2.1354740929002975,2.3504741130194478,0.2150000201191502,0.046225008651234994,True,empirical-manual-held-out-test-group
total_light_quadratic,TEST6,live_implementation_range_1.7_to_3.0_N,1.7,3.0,100.0,2026-08-08_163440_118112_1_R6_TEST6,6,2.375,2.355934319063255,2.3504202048442333,0.005514114219021593,3.0405455620416112e-05,True,empirical-manual-held-out-test-group
total_light_quadratic,TEST6,live_implementation_range_1.7_to_3.0_N,1.7,3.0,100.0,2026-08-08_163440_118112_1_R6_TEST6,6,2.625,2.6619241396485416,2.3521113906854496,0.30981274896309197,0.09598393942006785,True,empirical-manual-held-out-test-group
total_light_quadratic,TEST6,live_implementation_range_1.7_to_3.0_N,1.7,3.0,100.0,2026-08-08_163440_118112_1_R6_TEST6,6,2.875,2.8485894191246235,2.3524345800048843,0.49615483911973923,0.24616962438193432,True,empirical-manual-held-out-test-group
total_light_quadratic,TEST6,live_implementation_range_1.7_to_3.0_N,1.7,3.0,100.0,2026-08-08_164148_938417_1_R7_TEST6,7,1.875,1.9239347620748388,2.3554709125199533,0.4315361504451145,0.1862234491409885,True,empirical-manual-held-out-test-group
total_light_quadratic,TEST6,live_implementation_range_1.7_to_3.0_N,1.7,3.0,100.0,2026-08-08_164148_938417_1_R7_TEST6,7,2.125,2.167578668805772,2.357258004583846,0.18967933577807417,0.03597825042121141,True,empirical-manual-held-out-test-group
total_light_quadratic,TEST6,live_implementation_range_1.7_to_3.0_N,1.7,3.0,100.0,2026-08-08_164148_938417_1_R7_TEST6,7,2.375,2.339245596096016,2.354501386002113,0.015255789906096773,0.00023273912565896417,True,empirical-manual-held-out-test-group
total_light_quadratic,TEST6,live_implementation_range_1.7_to_3.0_N,1.7,3.0,100.0,2026-08-08_164148_938417_1_R7_TEST6,7,2.625,2.650102126404516,2.3572740437110338,0.29282808269348237,0.08574828601394095,True,empirical-manual-held-out-test-group
total_light_quadratic,TEST6,live_implementation_range_1.7_to_3.0_N,1.7,3.0,100.0,2026-08-08_164148_938417_1_R7_TEST6,7,2.875,2.8605877164678635,2.360058689223036,0.5005290272448275,0.25052930711465327,False,empirical-manual-held-out-test-group
total_light_quadratic,TEST6,live_implementation_range_1.7_to_3.0_N,1.7,3.0,100.0,2026-08-08_165208_088150_1_R8_TEST6,8,1.875,1.8264616388526351,2.3631766667872114,0.5367150279345763,0.28806302121081295,False,empirical-manual-held-out-test-group
total_light_quadratic,TEST6,live_implementation_range_1.7_to_3.0_N,1.7,3.0,100.0,2026-08-08_165208_088150_1_R8_TEST6,8,2.125,2.0785269850886214,2.383053873853205,0.3045268887645838,0.09273662598063719,True,empirical-manual-held-out-test-group
total_light_quadratic,TEST6,live_implementation_range_1.7_to_3.0_N,1.7,3.0,100.0,2026-08-08_165208_088150_1_R8_TEST6,8,2.375,2.383413974862991,2.3792363264216645,0.004177648441326287,1.7452746499315957e-05,True,empirical-manual-held-out-test-group
total_light_quadratic,TEST6,live_implementation_range_1.7_to_3.0_N,1.7,3.0,100.0,2026-08-08_165208_088150_1_R8_TEST6,8,2.625,2.6758265733160123,2.3847204775203745,0.29110609579563773,0.08474275900937901,True,empirical-manual-held-out-test-group
total_light_quadratic,TEST6,live_implementation_range_1.7_to_3.0_N,1.7,3.0,100.0,2026-08-08_165208_088150_1_R8_TEST6,8,2.875,2.894092290525251,2.381159546887737,0.512932743637514,0.2630999994955076,False,empirical-manual-held-out-test-group
total_light_quadratic,TEST6,live_implementation_range_1.7_to_3.0_N,1.7,3.0,100.0,2026-08-08_165709_643597_1_R9_TEST6,9,1.875,1.8815508063164466,2.386043102183916,0.5044922958674694,0.2545124765896302,False,empirical-manual-held-out-test-group
total_light_quadratic,TEST6,live_implementation_range_1.7_to_3.0_N,1.7,3.0,100.0,2026-08-08_165709_643597_1_R9_TEST6,9,2.125,2.090689270351434,2.3820933593460882,0.2914040889946543,0.08491634308280441,True,empirical-manual-held-out-test-group
total_light_quadratic,TEST6,live_implementation_range_1.7_to_3.0_N,1.7,3.0,100.0,2026-08-08_165709_643597_1_R9_TEST6,9,2.375,2.3834829122352916,2.3848583772474945,0.00137546501220287,1.8919039997942412e-06,True,empirical-manual-held-out-test-group
total_light_quadratic,TEST6,live_implementation_range_1.7_to_3.0_N,1.7,3.0,100.0,2026-08-08_165709_643597_1_R9_TEST6,9,2.625,2.635690515797542,2.3811324068238733,0.2545581089736686,0.06479983084425013,True,empirical-manual-held-out-test-group
total_light_quadratic,TEST6,live_implementation_range_1.7_to_3.0_N,1.7,3.0,100.0,2026-08-08_165709_643597_1_R9_TEST6,9,2.875,2.89684717135822,2.3852403301188465,0.5116068412393733,0.2617415600029293,False,empirical-manual-held-out-test-group
session_zeroed_total_linear,TEST6,live_implementation_range_1.7_to_3.0_N,1.7,3.0,0.01,2026-08-08_154344_572251_1_R1_TEST6,1,1.875,1.947120781998105,2.3393221419781742,0.39220135998006933,0.15382190677021593,True,empirical-manual-held-out-test-group
session_zeroed_total_linear,TEST6,live_implementation_range_1.7_to_3.0_N,1.7,3.0,0.01,2026-08-08_154344_572251_1_R1_TEST6,1,2.125,2.0575520750231533,2.344367113037199,0.2868150380140455,0.08226286603099837,True,empirical-manual-held-out-test-group
session_zeroed_total_linear,TEST6,live_implementation_range_1.7_to_3.0_N,1.7,3.0,0.01,2026-08-08_154344_572251_1_R1_TEST6,1,2.625,2.6038845740615297,2.3485880721565824,0.25529650190494735,0.06517630388490278,True,empirical-manual-held-out-test-group
session_zeroed_total_linear,TEST6,live_implementation_range_1.7_to_3.0_N,1.7,3.0,0.01,2026-08-08_154344_572251_1_R1_TEST6,1,2.875,2.80976513760986,2.3559032801921678,0.45386185741769225,0.20599058561863762,True,empirical-manual-held-out-test-group
session_zeroed_total_linear,TEST6,live_implementation_range_1.7_to_3.0_N,1.7,3.0,0.01,2026-08-08_155430_315930_1_R2_TEST6,2,2.625,2.620149120567675,2.3292994661409128,0.29084965442676225,0.08459352148016702,True,empirical-manual-held-out-test-group
session_zeroed_total_linear,TEST6,live_implementation_range_1.7_to_3.0_N,1.7,3.0,0.01,2026-08-08_155430_315930_1_R2_TEST6,2,2.875,2.9425037792055835,2.3366483073168913,0.6058554718886922,0.36706085281746986,False,empirical-manual-held-out-test-group
session_zeroed_total_linear,TEST6,live_implementation_range_1.7_to_3.0_N,1.7,3.0,0.01,2026-08-08_160344_644134_1_R3_TEST6,3,1.875,1.851502027401765,2.4485962151166416,0.5970941877148765,0.3565214690028882,False,empirical-manual-held-out-test-group
session_zeroed_total_linear,TEST6,live_implementation_range_1.7_to_3.0_N,1.7,3.0,0.01,2026-08-08_160344_644134_1_R3_TEST6,3,2.125,2.1643765285621246,2.54845300894493,0.3840764803828054,0.1475147427832435,True,empirical-manual-held-out-test-group
session_zeroed_total_linear,TEST6,live_implementation_range_1.7_to_3.0_N,1.7,3.0,0.01,2026-08-08_160344_644134_1_R3_TEST6,3,2.375,2.3740244885778607,2.5345625219624166,0.16053803338455586,0.025772460162980772,True,empirical-manual-held-out-test-group
session_zeroed_total_linear,TEST6,live_implementation_range_1.7_to_3.0_N,1.7,3.0,0.01,2026-08-08_160344_644134_1_R3_TEST6,3,2.625,2.611388061118405,2.5690364908657495,0.042351570252655346,0.0017936555028656013,True,empirical-manual-held-out-test-group
session_zeroed_total_linear,TEST6,live_implementation_range_1.7_to_3.0_N,1.7,3.0,0.01,2026-08-08_160344_644134_1_R3_TEST6,3,2.875,2.8687249148440097,2.583397841813772,0.2853270730302375,0.08141153860400249,True,empirical-manual-held-out-test-group
session_zeroed_total_linear,TEST6,live_implementation_range_1.7_to_3.0_N,1.7,3.0,0.01,2026-08-08_161131_254032_1_R4_TEST6,4,1.875,1.9287075407344687,2.377478939754595,0.4487713990201263,0.20139576857848143,True,empirical-manual-held-out-test-group
session_zeroed_total_linear,TEST6,live_implementation_range_1.7_to_3.0_N,1.7,3.0,0.01,2026-08-08_161131_254032_1_R4_TEST6,4,2.125,2.0913622713231343,2.41437449476626,0.32301222344312563,0.10433689649367173,True,empirical-manual-held-out-test-group
session_zeroed_total_linear,TEST6,live_implementation_range_1.7_to_3.0_N,1.7,3.0,0.01,2026-08-08_161131_254032_1_R4_TEST6,4,2.375,2.4176169601326274,2.344215763905428,0.07340119622719943,0.005387735607583836,True,empirical-manual-held-out-test-group
session_zeroed_total_linear,TEST6,live_implementation_range_1.7_to_3.0_N,1.7,3.0,0.01,2026-08-08_161131_254032_1_R4_TEST6,4,2.625,2.6385472036071675,2.3859208579933626,0.2526263456138049,0.06382007049818561,True,empirical-manual-held-out-test-group
session_zeroed_total_linear,TEST6,live_implementation_range_1.7_to_3.0_N,1.7,3.0,0.01,2026-08-08_161131_254032_1_R4_TEST6,4,2.875,2.8509515060313593,2.4015266351359443,0.44942487089541494,0.2019827145793604,True,empirical-manual-held-out-test-group
session_zeroed_total_linear,TEST6,live_implementation_range_1.7_to_3.0_N,1.7,3.0,0.01,2026-08-08_161904_181801_1_R5_TEST6,5,1.875,1.8123850355299744,2.3392548756973874,0.526869840167413,0.2775918284780353,False,empirical-manual-held-out-test-group
session_zeroed_total_linear,TEST6,live_implementation_range_1.7_to_3.0_N,1.7,3.0,0.01,2026-08-08_161904_181801_1_R5_TEST6,5,2.125,2.1268479675651535,2.3392548756973874,0.21240690813223395,0.04511669462229528,True,empirical-manual-held-out-test-group
session_zeroed_total_linear,TEST6,live_implementation_range_1.7_to_3.0_N,1.7,3.0,0.01,2026-08-08_161904_181801_1_R5_TEST6,5,2.375,2.381265902328172,2.3392548756973874,0.04201102663078471,0.001764926358572502,True,empirical-manual-held-out-test-group
session_zeroed_total_linear,TEST6,live_implementation_range_1.7_to_3.0_N,1.7,3.0,0.01,2026-08-08_161904_181801_1_R5_TEST6,5,2.625,2.612833593013736,2.3474613619534,0.2653722310603359,0.07042242101794031,True,empirical-manual-held-out-test-group
session_zeroed_total_linear,TEST6,live_implementation_range_1.7_to_3.0_N,1.7,3.0,0.01,2026-08-08_161904_181801_1_R5_TEST6,5,2.875,2.902294333853386,2.356205978455709,0.5460883553976772,0.2982124919009398,False,empirical-manual-held-out-test-group
session_zeroed_total_linear,TEST6,live_implementation_range_1.7_to_3.0_N,1.7,3.0,0.01,2026-08-08_163440_118112_1_R6_TEST6,6,1.875,1.82286886363385,2.3392548756973874,0.5163860120635375,0.2666545134548839,False,empirical-manual-held-out-test-group
session_zeroed_total_linear,TEST6,live_implementation_range_1.7_to_3.0_N,1.7,3.0,0.01,2026-08-08_163440_118112_1_R6_TEST6,6,2.125,2.1354740929002975,2.3428536217194913,0.20737952881919375,0.04300626897327081,True,empirical-manual-held-out-test-group
session_zeroed_total_linear,TEST6,live_implementation_range_1.7_to_3.0_N,1.7,3.0,0.01,2026-08-08_163440_118112_1_R6_TEST6,6,2.375,2.355934319063255,2.342618189736737,0.013316129326518045,0.0001773193002405539,True,empirical-manual-held-out-test-group
session_zeroed_total_linear,TEST6,live_implementation_range_1.7_to_3.0_N,1.7,3.0,0.01,2026-08-08_163440_118112_1_R6_TEST6,6,2.625,2.6619241396485416,2.349967030912716,0.3119571087358257,0.0973172376908158,True,empirical-manual-held-out-test-group
session_zeroed_total_linear,TEST6,live_implementation_range_1.7_to_3.0_N,1.7,3.0,0.01,2026-08-08_163440_118112_1_R6_TEST6,6,2.875,2.8485894191246235,2.3513628062390457,0.4972266128855778,0.24723430456166423,True,empirical-manual-held-out-test-group
session_zeroed_total_linear,TEST6,live_implementation_range_1.7_to_3.0_N,1.7,3.0,0.01,2026-08-08_164148_938417_1_R7_TEST6,7,1.875,1.9239347620748388,2.364345198430935,0.4404104363560961,0.19396135245136698,True,empirical-manual-held-out-test-group
session_zeroed_total_linear,TEST6,live_implementation_range_1.7_to_3.0_N,1.7,3.0,0.01,2026-08-08_164148_938417_1_R7_TEST6,7,2.125,2.167578668805772,2.371879021879078,0.20430035307330607,0.041738634265877525,True,empirical-manual-held-out-test-group
session_zeroed_total_linear,TEST6,live_implementation_range_1.7_to_3.0_N,1.7,3.0,0.01,2026-08-08_164148_938417_1_R7_TEST6,7,2.375,2.339245596096016,2.3602251387327318,0.020979542636715642,0.00044014120924576954,True,empirical-manual-held-out-test-group
session_zeroed_total_linear,TEST6,live_implementation_range_1.7_to_3.0_N,1.7,3.0,0.01,2026-08-08_164148_938417_1_R7_TEST6,7,2.625,2.650102126404516,2.371946288159865,0.27815583824465095,0.07737067034958443,True,empirical-manual-held-out-test-group
session_zeroed_total_linear,TEST6,live_implementation_range_1.7_to_3.0_N,1.7,3.0,0.01,2026-08-08_164148_938417_1_R7_TEST6,7,2.875,2.8605877164678635,2.383532905025424,0.47705481144243933,0.22758129312038133,True,empirical-manual-held-out-test-group
session_zeroed_total_linear,TEST6,live_implementation_range_1.7_to_3.0_N,1.7,3.0,0.01,2026-08-08_165208_088150_1_R8_TEST6,8,1.875,1.8264616388526351,2.360174689022142,0.5337130501695067,0.2848496199212383,False,empirical-manual-held-out-test-group
session_zeroed_total_linear,TEST6,live_implementation_range_1.7_to_3.0_N,1.7,3.0,0.01,2026-08-08_165208_088150_1_R8_TEST6,8,2.125,2.0785269850886214,2.436975965110689,0.3584489800220676,0.12848567127886062,True,empirical-manual-held-out-test-group
session_zeroed_total_linear,TEST6,live_implementation_range_1.7_to_3.0_N,1.7,3.0,0.01,2026-08-08_165208_088150_1_R8_TEST6,8,2.375,2.383413974862991,2.4227827798646335,0.03936880500164275,0.0015499028072573711,True,empirical-manual-held-out-test-group
session_zeroed_total_linear,TEST6,live_implementation_range_1.7_to_3.0_N,1.7,3.0,0.01,2026-08-08_165208_088150_1_R8_TEST6,8,2.625,2.6758265733160123,2.443097196662305,0.2327293766537073,0.05416296275762316,True,empirical-manual-held-out-test-group
session_zeroed_total_linear,TEST6,live_implementation_range_1.7_to_3.0_N,1.7,3.0,0.01,2026-08-08_165208_088150_1_R8_TEST6,8,2.875,2.894092290525251,2.429963455338645,0.4641288351866062,0.21541557565167585,True,empirical-manual-held-out-test-group
session_zeroed_total_linear,TEST6,live_implementation_range_1.7_to_3.0_N,1.7,3.0,0.01,2026-08-08_165709_643597_1_R9_TEST6,9,1.875,1.8815508063164466,2.3482349241824507,0.46668411786600417,0.21779406586837047,True,empirical-manual-held-out-test-group
session_zeroed_total_linear,TEST6,live_implementation_range_1.7_to_3.0_N,1.7,3.0,0.01,2026-08-08_165709_643597_1_R9_TEST6,9,2.125,2.090689270351434,2.333739040672854,0.24304977032142006,0.05907319085329504,True,empirical-manual-held-out-test-group
session_zeroed_total_linear,TEST6,live_implementation_range_1.7_to_3.0_N,1.7,3.0,0.01,2026-08-08_165709_643597_1_R9_TEST6,9,2.375,2.3834829122352916,2.3439130656418867,0.0395698465934049,0.0015657727594255975,True,empirical-manual-held-out-test-group
session_zeroed_total_linear,TEST6,live_implementation_range_1.7_to_3.0_N,1.7,3.0,0.01,2026-08-08_165709_643597_1_R9_TEST6,9,2.625,2.635690515797542,2.3301739277911437,0.30551658800639814,0.09334038554707122,True,empirical-manual-held-out-test-group
session_zeroed_total_linear,TEST6,live_implementation_range_1.7_to_3.0_N,1.7,3.0,0.01,2026-08-08_165709_643597_1_R9_TEST6,9,2.875,2.89684717135822,2.3453088409682166,0.5515383303900032,0.30419452988939233,False,empirical-manual-held-out-test-group
nine_channel_ridge,TEST6,live_implementation_range_1.7_to_3.0_N,1.7,3.0,100.0,2026-08-08_154344_572251_1_R1_TEST6,1,1.875,1.947120781998105,2.3444057117388586,0.3972849297407537,0.1578353153991156,True,empirical-manual-held-out-test-group
nine_channel_ridge,TEST6,live_implementation_range_1.7_to_3.0_N,1.7,3.0,100.0,2026-08-08_154344_572251_1_R1_TEST6,1,2.125,2.0575520750231533,2.3450928425955784,0.2875407675724251,0.08267969301613938,True,empirical-manual-held-out-test-group
nine_channel_ridge,TEST6,live_implementation_range_1.7_to_3.0_N,1.7,3.0,100.0,2026-08-08_154344_572251_1_R1_TEST6,1,2.625,2.6038845740615297,2.3456761813492486,0.25820839271228113,0.06667157406705959,True,empirical-manual-held-out-test-group
nine_channel_ridge,TEST6,live_implementation_range_1.7_to_3.0_N,1.7,3.0,100.0,2026-08-08_154344_572251_1_R1_TEST6,1,2.875,2.80976513760986,2.346664081821278,0.4631010557885822,0.2144625878724995,True,empirical-manual-held-out-test-group
nine_channel_ridge,TEST6,live_implementation_range_1.7_to_3.0_N,1.7,3.0,100.0,2026-08-08_155430_315930_1_R2_TEST6,2,2.625,2.620149120567675,2.348302163124939,0.27184695744273624,0.07390076827087284,True,empirical-manual-held-out-test-group
nine_channel_ridge,TEST6,live_implementation_range_1.7_to_3.0_N,1.7,3.0,100.0,2026-08-08_155430_315930_1_R2_TEST6,2,2.875,2.9425037792055835,2.350972755091501,0.5915310241140825,0.3499089524894553,False,empirical-manual-held-out-test-group
nine_channel_ridge,TEST6,live_implementation_range_1.7_to_3.0_N,1.7,3.0,100.0,2026-08-08_160344_644134_1_R3_TEST6,3,1.875,1.851502027401765,2.3897419521731473,0.5382399247713823,0.28970221661790324,False,empirical-manual-held-out-test-group
nine_channel_ridge,TEST6,live_implementation_range_1.7_to_3.0_N,1.7,3.0,100.0,2026-08-08_160344_644134_1_R3_TEST6,3,2.125,2.1643765285621246,2.4483397919178995,0.28396326335577493,0.08063513493566118,True,empirical-manual-held-out-test-group
nine_channel_ridge,TEST6,live_implementation_range_1.7_to_3.0_N,1.7,3.0,100.0,2026-08-08_160344_644134_1_R3_TEST6,3,2.375,2.3740244885778607,2.4407876199897767,0.06676313141191592,0.004457315715924754,True,empirical-manual-held-out-test-group
nine_channel_ridge,TEST6,live_implementation_range_1.7_to_3.0_N,1.7,3.0,100.0,2026-08-08_160344_644134_1_R3_TEST6,3,2.625,2.611388061118405,2.464385129456448,0.147002931661957,0.021609861917209996,True,empirical-manual-held-out-test-group
nine_channel_ridge,TEST6,live_implementation_range_1.7_to_3.0_N,1.7,3.0,100.0,2026-08-08_160344_644134_1_R3_TEST6,3,2.875,2.8687249148440097,2.4783797105549206,0.39034520428908914,0.15236937851149074,True,empirical-manual-held-out-test-group
nine_channel_ridge,TEST6,live_implementation_range_1.7_to_3.0_N,1.7,3.0,100.0,2026-08-08_161131_254032_1_R4_TEST6,4,1.875,1.9287075407344687,2.3874963496001387,0.45878880886567,0.21048717114038026,True,empirical-manual-held-out-test-group
nine_channel_ridge,TEST6,live_implementation_range_1.7_to_3.0_N,1.7,3.0,100.0,2026-08-08_161131_254032_1_R4_TEST6,4,2.125,2.0913622713231343,2.3684668583298025,0.2771045870066682,0.07678695214013613,True,empirical-manual-held-out-test-group
nine_channel_ridge,TEST6,live_implementation_range_1.7_to_3.0_N,1.7,3.0,100.0,2026-08-08_161131_254032_1_R4_TEST6,4,2.375,2.4176169601326274,2.3711223270982535,0.046494633034373845,0.0021617509010010876,True,empirical-manual-held-out-test-group
nine_channel_ridge,TEST6,live_implementation_range_1.7_to_3.0_N,1.7,3.0,100.0,2026-08-08_161131_254032_1_R4_TEST6,4,2.625,2.6385472036071675,2.3950517219154226,0.24349548169174495,0.0592900496042949,True,empirical-manual-held-out-test-group
nine_channel_ridge,TEST6,live_implementation_range_1.7_to_3.0_N,1.7,3.0,100.0,2026-08-08_161131_254032_1_R4_TEST6,4,2.875,2.8509515060313593,2.389295617112386,0.46165588891897347,0.21312615977356758,True,empirical-manual-held-out-test-group
nine_channel_ridge,TEST6,live_implementation_range_1.7_to_3.0_N,1.7,3.0,100.0,2026-08-08_161904_181801_1_R5_TEST6,5,1.875,1.8123850355299744,2.3443965499941024,0.532011514464128,0.28303625152241507,False,empirical-manual-held-out-test-group
nine_channel_ridge,TEST6,live_implementation_range_1.7_to_3.0_N,1.7,3.0,100.0,2026-08-08_161904_181801_1_R5_TEST6,5,2.125,2.1268479675651535,2.3443965499941024,0.21754858242894892,0.04732738571684519,True,empirical-manual-held-out-test-group
nine_channel_ridge,TEST6,live_implementation_range_1.7_to_3.0_N,1.7,3.0,100.0,2026-08-08_161904_181801_1_R5_TEST6,5,2.375,2.381265902328172,2.3443965499941024,0.03686935233406974,0.0013593491415337736,True,empirical-manual-held-out-test-group
nine_channel_ridge,TEST6,live_implementation_range_1.7_to_3.0_N,1.7,3.0,100.0,2026-08-08_161904_181801_1_R5_TEST6,5,2.625,2.612833593013736,2.3504964254412726,0.2623371675724635,0.0688207894899428,True,empirical-manual-held-out-test-group
nine_channel_ridge,TEST6,live_implementation_range_1.7_to_3.0_N,1.7,3.0,100.0,2026-08-08_161904_181801_1_R5_TEST6,5,2.875,2.902294333853386,2.35579631722324,0.5464980166301463,0.2986600821806837,False,empirical-manual-held-out-test-group
nine_channel_ridge,TEST6,live_implementation_range_1.7_to_3.0_N,1.7,3.0,100.0,2026-08-08_163440_118112_1_R6_TEST6,6,1.875,1.82286886363385,2.3443965499941024,0.5215276863602525,0.2719911276402779,False,empirical-manual-held-out-test-group
nine_channel_ridge,TEST6,live_implementation_range_1.7_to_3.0_N,1.7,3.0,100.0,2026-08-08_163440_118112_1_R6_TEST6,6,2.125,2.1354740929002975,2.347240561748082,0.2117664688477845,0.04484503732825968,True,empirical-manual-held-out-test-group
nine_channel_ridge,TEST6,live_implementation_range_1.7_to_3.0_N,1.7,3.0,100.0,2026-08-08_163440_118112_1_R6_TEST6,6,2.375,2.355934319063255,2.346671759397286,0.009262559665968784,8.579501156563174e-05,True,empirical-manual-held-out-test-group
nine_channel_ridge,TEST6,live_implementation_range_1.7_to_3.0_N,1.7,3.0,100.0,2026-08-08_163440_118112_1_R6_TEST6,6,2.625,2.6619241396485416,2.3544611915901297,0.3074629480584119,0.0945334644287697,True,empirical-manual-held-out-test-group
nine_channel_ridge,TEST6,live_implementation_range_1.7_to_3.0_N,1.7,3.0,100.0,2026-08-08_163440_118112_1_R6_TEST6,6,2.875,2.8485894191246235,2.3557567969447204,0.4928326221799031,0.24288399348471912,True,empirical-manual-held-out-test-group
nine_channel_ridge,TEST6,live_implementation_range_1.7_to_3.0_N,1.7,3.0,100.0,2026-08-08_164148_938417_1_R7_TEST6,7,1.875,1.9239347620748388,2.323758601773077,0.3998238396982381,0.1598591027910424,True,empirical-manual-held-out-test-group
nine_channel_ridge,TEST6,live_implementation_range_1.7_to_3.0_N,1.7,3.0,100.0,2026-08-08_164148_938417_1_R7_TEST6,7,2.125,2.167578668805772,2.3175616843447795,0.1499830155390076,0.0224949049501742,True,empirical-manual-held-out-test-group
nine_channel_ridge,TEST6,live_implementation_range_1.7_to_3.0_N,1.7,3.0,100.0,2026-08-08_164148_938417_1_R7_TEST6,7,2.375,2.339245596096016,2.327147540991677,0.012098055104339256,0.00014636293730762911,True,empirical-manual-held-out-test-group
nine_channel_ridge,TEST6,live_implementation_range_1.7_to_3.0_N,1.7,3.0,100.0,2026-08-08_164148_938417_1_R7_TEST6,7,2.625,2.650102126404516,2.317506354724884,0.33259577167963217,0.11061994733917001,True,empirical-manual-held-out-test-group
nine_channel_ridge,TEST6,live_implementation_range_1.7_to_3.0_N,1.7,3.0,100.0,2026-08-08_164148_938417_1_R7_TEST6,7,2.875,2.8605877164678635,2.3079758276978826,0.5526118887699809,0.30537989960992573,False,empirical-manual-held-out-test-group
nine_channel_ridge,TEST6,live_implementation_range_1.7_to_3.0_N,1.7,3.0,100.0,2026-08-08_165208_088150_1_R8_TEST6,8,1.875,1.8264616388526351,2.369643277334543,0.5431816384819077,0.29504629238388985,False,empirical-manual-held-out-test-group
nine_channel_ridge,TEST6,live_implementation_range_1.7_to_3.0_N,1.7,3.0,100.0,2026-08-08_165208_088150_1_R8_TEST6,8,2.125,2.0785269850886214,2.358694100186683,0.28016711509806136,0.07849361238237036,True,empirical-manual-held-out-test-group
nine_channel_ridge,TEST6,live_implementation_range_1.7_to_3.0_N,1.7,3.0,100.0,2026-08-08_165208_088150_1_R8_TEST6,8,2.375,2.383413974862991,2.354315660655833,0.029098314207157916,0.0008467118896984883,True,empirical-manual-held-out-test-group
nine_channel_ridge,TEST6,live_implementation_range_1.7_to_3.0_N,1.7,3.0,100.0,2026-08-08_165208_088150_1_R8_TEST6,8,2.625,2.6758265733160123,2.360814229981208,0.31501234333480443,0.09923277645328471,True,empirical-manual-held-out-test-group
nine_channel_ridge,TEST6,live_implementation_range_1.7_to_3.0_N,1.7,3.0,100.0,2026-08-08_165208_088150_1_R8_TEST6,8,2.875,2.894092290525251,2.363850243624992,0.5302420469002591,0.2811566283009766,False,empirical-manual-held-out-test-group
nine_channel_ridge,TEST6,live_implementation_range_1.7_to_3.0_N,1.7,3.0,100.0,2026-08-08_165709_643597_1_R9_TEST6,9,1.875,1.8815508063164466,2.3685928737944923,0.4870420674780458,0.23720997549328932,True,empirical-manual-held-out-test-group
nine_channel_ridge,TEST6,live_implementation_range_1.7_to_3.0_N,1.7,3.0,100.0,2026-08-08_165709_643597_1_R9_TEST6,9,2.125,2.090689270351434,2.370043268751449,0.27935399840001507,0.07803865642207562,True,empirical-manual-held-out-test-group
nine_channel_ridge,TEST6,live_implementation_range_1.7_to_3.0_N,1.7,3.0,100.0,2026-08-08_165709_643597_1_R9_TEST6,9,2.375,2.3834829122352916,2.3843009454499233,0.0008180332146316971,6.691783402406682e-07,True,empirical-manual-held-out-test-group
nine_channel_ridge,TEST6,live_implementation_range_1.7_to_3.0_N,1.7,3.0,100.0,2026-08-08_165709_643597_1_R9_TEST6,9,2.625,2.635690515797542,2.3720979229465313,0.26359259285101055,0.06948105500591863,True,empirical-manual-held-out-test-group
nine_channel_ridge,TEST6,live_implementation_range_1.7_to_3.0_N,1.7,3.0,100.0,2026-08-08_165709_643597_1_R9_TEST6,9,2.875,2.89684717135822,2.380176217222809,0.5166709541354106,0.2669488748471956,False,empirical-manual-held-out-test-group
nine_channel_log_ridge,TEST6,live_implementation_range_1.7_to_3.0_N,1.7,3.0,100.0,2026-08-08_154344_572251_1_R1_TEST6,1,1.875,1.947120781998105,2.358585772921167,0.4114649909230619,0.1693034387553154,True,empirical-manual-held-out-test-group
nine_channel_log_ridge,TEST6,live_implementation_range_1.7_to_3.0_N,1.7,3.0,100.0,2026-08-08_154344_572251_1_R1_TEST6,1,2.125,2.0575520750231533,2.378737473395814,0.3211853983726609,0.10316006012780489,True,empirical-manual-held-out-test-group
nine_channel_log_ridge,TEST6,live_implementation_range_1.7_to_3.0_N,1.7,3.0,100.0,2026-08-08_154344_572251_1_R1_TEST6,1,2.625,2.6038845740615297,2.380824044086991,0.22306052997453873,0.04975600003252209,True,empirical-manual-held-out-test-group
nine_channel_log_ridge,TEST6,live_implementation_range_1.7_to_3.0_N,1.7,3.0,100.0,2026-08-08_154344_572251_1_R1_TEST6,1,2.875,2.80976513760986,2.3847655079564127,0.4249996296534473,0.18062468520556735,True,empirical-manual-held-out-test-group
nine_channel_log_ridge,TEST6,live_implementation_range_1.7_to_3.0_N,1.7,3.0,100.0,2026-08-08_155430_315930_1_R2_TEST6,2,2.625,2.620149120567675,2.340438910692354,0.2797102098753208,0.078237801508496,True,empirical-manual-held-out-test-group
nine_channel_log_ridge,TEST6,live_implementation_range_1.7_to_3.0_N,1.7,3.0,100.0,2026-08-08_155430_315930_1_R2_TEST6,2,2.875,2.9425037792055835,2.3812368538264694,0.561266925379114,0.31502056152452396,False,empirical-manual-held-out-test-group
nine_channel_log_ridge,TEST6,live_implementation_range_1.7_to_3.0_N,1.7,3.0,100.0,2026-08-08_160344_644134_1_R3_TEST6,3,1.875,1.851502027401765,2.3420976683507875,0.4905956409490224,0.2406840829181821,True,empirical-manual-held-out-test-group
nine_channel_log_ridge,TEST6,live_implementation_range_1.7_to_3.0_N,1.7,3.0,100.0,2026-08-08_160344_644134_1_R3_TEST6,3,2.125,2.1643765285621246,2.3340800660311145,0.16970353746898992,0.028799290629488866,True,empirical-manual-held-out-test-group
nine_channel_log_ridge,TEST6,live_implementation_range_1.7_to_3.0_N,1.7,3.0,100.0,2026-08-08_160344_644134_1_R3_TEST6,3,2.375,2.3740244885778607,2.3324427496109554,0.04158173896690531,0.0017290410155118517,True,empirical-manual-held-out-test-group
nine_channel_log_ridge,TEST6,live_implementation_range_1.7_to_3.0_N,1.7,3.0,100.0,2026-08-08_160344_644134_1_R3_TEST6,3,2.625,2.611388061118405,2.333766521579704,0.2776215395387007,0.07707371921583837,True,empirical-manual-held-out-test-group
nine_channel_log_ridge,TEST6,live_implementation_range_1.7_to_3.0_N,1.7,3.0,100.0,2026-08-08_160344_644134_1_R3_TEST6,3,2.875,2.8687249148440097,2.3332600424998677,0.535464872344142,0.28672262951452826,False,empirical-manual-held-out-test-group
nine_channel_log_ridge,TEST6,live_implementation_range_1.7_to_3.0_N,1.7,3.0,100.0,2026-08-08_161131_254032_1_R4_TEST6,4,1.875,1.9287075407344687,2.3861457900935035,0.45743824935903477,0.20924975197665846,True,empirical-manual-held-out-test-group
nine_channel_log_ridge,TEST6,live_implementation_range_1.7_to_3.0_N,1.7,3.0,100.0,2026-08-08_161131_254032_1_R4_TEST6,4,2.125,2.0913622713231343,2.3776680780872654,0.2863058067641311,0.08197101498685998,True,empirical-manual-held-out-test-group
nine_channel_log_ridge,TEST6,live_implementation_range_1.7_to_3.0_N,1.7,3.0,100.0,2026-08-08_161131_254032_1_R4_TEST6,4,2.375,2.4176169601326274,2.392728261428844,0.02488869870378352,0.0006194473231677154,True,empirical-manual-held-out-test-group
nine_channel_log_ridge,TEST6,live_implementation_range_1.7_to_3.0_N,1.7,3.0,100.0,2026-08-08_161131_254032_1_R4_TEST6,4,2.625,2.6385472036071675,2.3918788684126384,0.24666833519452913,0.06084526758764058,True,empirical-manual-held-out-test-group
nine_channel_log_ridge,TEST6,live_implementation_range_1.7_to_3.0_N,1.7,3.0,100.0,2026-08-08_161131_254032_1_R4_TEST6,4,2.875,2.8509515060313593,2.3857043307222585,0.46524717530910076,0.21645493413309713,True,empirical-manual-held-out-test-group
nine_channel_log_ridge,TEST6,live_implementation_range_1.7_to_3.0_N,1.7,3.0,100.0,2026-08-08_161904_181801_1_R5_TEST6,5,1.875,1.8123850355299744,2.3529550792315113,0.5405700437015368,0.29221597214748146,False,empirical-manual-held-out-test-group
nine_channel_log_ridge,TEST6,live_implementation_range_1.7_to_3.0_N,1.7,3.0,100.0,2026-08-08_161904_181801_1_R5_TEST6,5,2.125,2.1268479675651535,2.3529550792315113,0.22610711166635777,0.05112442594610278,True,empirical-manual-held-out-test-group
nine_channel_log_ridge,TEST6,live_implementation_range_1.7_to_3.0_N,1.7,3.0,100.0,2026-08-08_161904_181801_1_R5_TEST6,5,2.375,2.381265902328172,2.3529550792315113,0.028310823096660886,0.0008015027044104275,True,empirical-manual-held-out-test-group
nine_channel_log_ridge,TEST6,live_implementation_range_1.7_to_3.0_N,1.7,3.0,100.0,2026-08-08_161904_181801_1_R5_TEST6,5,2.625,2.612833593013736,2.351184634390864,0.2616489586228723,0.06846017754843355,True,empirical-manual-held-out-test-group
nine_channel_log_ridge,TEST6,live_implementation_range_1.7_to_3.0_N,1.7,3.0,100.0,2026-08-08_161904_181801_1_R5_TEST6,5,2.875,2.902294333853386,2.3509840003082894,0.5513103335450968,0.3039430838736059,False,empirical-manual-held-out-test-group
nine_channel_log_ridge,TEST6,live_implementation_range_1.7_to_3.0_N,1.7,3.0,100.0,2026-08-08_163440_118112_1_R6_TEST6,6,1.875,1.82286886363385,2.3529550792315113,0.5300862155976613,0.2809913959666503,False,empirical-manual-held-out-test-group
nine_channel_log_ridge,TEST6,live_implementation_range_1.7_to_3.0_N,1.7,3.0,100.0,2026-08-08_163440_118112_1_R6_TEST6,6,2.125,2.1354740929002975,2.38590086967671,0.25042677677641256,0.06271357052662317,True,empirical-manual-held-out-test-group
nine_channel_log_ridge,TEST6,live_implementation_range_1.7_to_3.0_N,1.7,3.0,100.0,2026-08-08_163440_118112_1_R6_TEST6,6,2.375,2.355934319063255,2.3842911422273745,0.028356823164119582,0.0008041094199611489,True,empirical-manual-held-out-test-group
nine_channel_log_ridge,TEST6,live_implementation_range_1.7_to_3.0_N,1.7,3.0,100.0,2026-08-08_163440_118112_1_R6_TEST6,6,2.625,2.6619241396485416,2.395073521718368,0.2668506179301735,0.07120925228971543,True,empirical-manual-held-out-test-group
nine_channel_log_ridge,TEST6,live_implementation_range_1.7_to_3.0_N,1.7,3.0,100.0,2026-08-08_163440_118112_1_R6_TEST6,6,2.875,2.8485894191246235,2.3959553269612024,0.4526340921634211,0.20487762138860438,True,empirical-manual-held-out-test-group
nine_channel_log_ridge,TEST6,live_implementation_range_1.7_to_3.0_N,1.7,3.0,100.0,2026-08-08_164148_938417_1_R7_TEST6,7,1.875,1.9239347620748388,2.3313313659591457,0.4073966038843069,0.16597199285646685,True,empirical-manual-held-out-test-group
nine_channel_log_ridge,TEST6,live_implementation_range_1.7_to_3.0_N,1.7,3.0,100.0,2026-08-08_164148_938417_1_R7_TEST6,7,2.125,2.167578668805772,2.3304742004641312,0.16289553165835935,0.026534954234259552,True,empirical-manual-held-out-test-group
nine_channel_log_ridge,TEST6,live_implementation_range_1.7_to_3.0_N,1.7,3.0,100.0,2026-08-08_164148_938417_1_R7_TEST6,7,2.375,2.339245596096016,2.3319167753448626,0.007328820751153486,5.3711613602537956e-05,True,empirical-manual-held-out-test-group
nine_channel_log_ridge,TEST6,live_implementation_range_1.7_to_3.0_N,1.7,3.0,100.0,2026-08-08_164148_938417_1_R7_TEST6,7,2.625,2.650102126404516,2.330467475431708,0.3196346509728083,0.10216631010250898,True,empirical-manual-held-out-test-group
nine_channel_log_ridge,TEST6,live_implementation_range_1.7_to_3.0_N,1.7,3.0,100.0,2026-08-08_164148_938417_1_R7_TEST6,7,2.875,2.8605877164678635,2.3294768105936354,0.531110905874228,0.2820787943385431,False,empirical-manual-held-out-test-group
nine_channel_log_ridge,TEST6,live_implementation_range_1.7_to_3.0_N,1.7,3.0,100.0,2026-08-08_165208_088150_1_R8_TEST6,8,1.875,1.8264616388526351,2.443201351944963,0.616739713092328,0.3803678737052071,False,empirical-manual-held-out-test-group
nine_channel_log_ridge,TEST6,live_implementation_range_1.7_to_3.0_N,1.7,3.0,100.0,2026-08-08_165208_088150_1_R8_TEST6,8,2.125,2.0785269850886214,2.3792582995897553,0.3007313145011339,0.09043932352157989,True,empirical-manual-held-out-test-group
nine_channel_log_ridge,TEST6,live_implementation_range_1.7_to_3.0_N,1.7,3.0,100.0,2026-08-08_165208_088150_1_R8_TEST6,8,2.375,2.383413974862991,2.33188813216665,0.05152584269634097,0.0026549124655680743,True,empirical-manual-held-out-test-group
nine_channel_log_ridge,TEST6,live_implementation_range_1.7_to_3.0_N,1.7,3.0,100.0,2026-08-08_165208_088150_1_R8_TEST6,8,2.625,2.6758265733160123,2.35997513041765,0.3158514428983623,0.09976213398097743,True,empirical-manual-held-out-test-group
nine_channel_log_ridge,TEST6,live_implementation_range_1.7_to_3.0_N,1.7,3.0,100.0,2026-08-08_165208_088150_1_R8_TEST6,8,2.875,2.894092290525251,2.4201594545989797,0.47393283592627133,0.22461233296911803,True,empirical-manual-held-out-test-group
nine_channel_log_ridge,TEST6,live_implementation_range_1.7_to_3.0_N,1.7,3.0,100.0,2026-08-08_165709_643597_1_R9_TEST6,9,1.875,1.8815508063164466,2.3606505880249804,0.47909978170853385,0.2295366008331648,True,empirical-manual-held-out-test-group
nine_channel_log_ridge,TEST6,live_implementation_range_1.7_to_3.0_N,1.7,3.0,100.0,2026-08-08_165709_643597_1_R9_TEST6,9,2.125,2.090689270351434,2.3479957331360537,0.25730646278461977,0.06620661579073292,True,empirical-manual-held-out-test-group
nine_channel_log_ridge,TEST6,live_implementation_range_1.7_to_3.0_N,1.7,3.0,100.0,2026-08-08_165709_643597_1_R9_TEST6,9,2.375,2.3834829122352916,2.380050337705498,0.0034325745297936194,1.1782567902587888e-05,True,empirical-manual-held-out-test-group
nine_channel_log_ridge,TEST6,live_implementation_range_1.7_to_3.0_N,1.7,3.0,100.0,2026-08-08_165709_643597_1_R9_TEST6,9,2.625,2.635690515797542,2.3833439408372694,0.25234657496027246,0.06367879389418041,True,empirical-manual-held-out-test-group
nine_channel_log_ridge,TEST6,live_implementation_range_1.7_to_3.0_N,1.7,3.0,100.0,2026-08-08_165709_643597_1_R9_TEST6,9,2.875,2.89684717135822,2.382221913224338,0.5146252581338819,0.2648391563093646,False,empirical-manual-held-out-test-group
session_zeroed_nine_channel_ridge,TEST6,live_implementation_range_1.7_to_3.0_N,1.7,3.0,100.0,2026-08-08_154344_572251_1_R1_TEST6,1,1.875,1.947120781998105,2.353457594311304,0.40633681231319896,0.16510960504085187,True,empirical-manual-held-out-test-group
session_zeroed_nine_channel_ridge,TEST6,live_implementation_range_1.7_to_3.0_N,1.7,3.0,100.0,2026-08-08_154344_572251_1_R1_TEST6,1,2.125,2.0575520750231533,2.3563985941045975,0.2988465190814442,0.089309241967096,True,empirical-manual-held-out-test-group
session_zeroed_nine_channel_ridge,TEST6,live_implementation_range_1.7_to_3.0_N,1.7,3.0,100.0,2026-08-08_154344_572251_1_R1_TEST6,1,2.625,2.6038845740615297,2.3588622125143885,0.2450223615471412,0.060035957658137976,True,empirical-manual-held-out-test-group
session_zeroed_nine_channel_ridge,TEST6,live_implementation_range_1.7_to_3.0_N,1.7,3.0,100.0,2026-08-08_154344_572251_1_R1_TEST6,1,2.875,2.80976513760986,2.3631236802985964,0.4466414573112636,0.1994885913891293,True,empirical-manual-held-out-test-group
session_zeroed_nine_channel_ridge,TEST6,live_implementation_range_1.7_to_3.0_N,1.7,3.0,100.0,2026-08-08_155430_315930_1_R2_TEST6,2,2.625,2.620149120567675,2.3458495137427926,0.2742996068248824,0.07524027430428508,True,empirical-manual-held-out-test-group
session_zeroed_nine_channel_ridge,TEST6,live_implementation_range_1.7_to_3.0_N,1.7,3.0,100.0,2026-08-08_155430_315930_1_R2_TEST6,2,2.875,2.9425037792055835,2.351926747067633,0.5905770321379507,0.34878123088887,False,empirical-manual-held-out-test-group
session_zeroed_nine_channel_ridge,TEST6,live_implementation_range_1.7_to_3.0_N,1.7,3.0,100.0,2026-08-08_160344_644134_1_R3_TEST6,3,1.875,1.851502027401765,2.4169238523396905,0.5654218249379255,0.31970184011613406,False,empirical-manual-held-out-test-group
session_zeroed_nine_channel_ridge,TEST6,live_implementation_range_1.7_to_3.0_N,1.7,3.0,100.0,2026-08-08_160344_644134_1_R3_TEST6,3,2.125,2.1643765285621246,2.4896912423884405,0.32531471382631594,0.10582966303189784,True,empirical-manual-held-out-test-group
session_zeroed_nine_channel_ridge,TEST6,live_implementation_range_1.7_to_3.0_N,1.7,3.0,100.0,2026-08-08_160344_644134_1_R3_TEST6,3,2.375,2.3740244885778607,2.4816557532019483,0.10763126462408756,0.011584489124580363,True,empirical-manual-held-out-test-group
session_zeroed_nine_channel_ridge,TEST6,live_implementation_range_1.7_to_3.0_N,1.7,3.0,100.0,2026-08-08_160344_644134_1_R3_TEST6,3,2.625,2.611388061118405,2.505467456822484,0.10592060429592065,0.011219174414413004,True,empirical-manual-held-out-test-group
session_zeroed_nine_channel_ridge,TEST6,live_implementation_range_1.7_to_3.0_N,1.7,3.0,100.0,2026-08-08_160344_644134_1_R3_TEST6,3,2.875,2.8687249148440097,2.5227005595404424,0.34602435530356734,0.11973285446324941,True,empirical-manual-held-out-test-group
session_zeroed_nine_channel_ridge,TEST6,live_implementation_range_1.7_to_3.0_N,1.7,3.0,100.0,2026-08-08_161131_254032_1_R4_TEST6,4,1.875,1.9287075407344687,2.3728478978406002,0.44414035710613153,0.19726065681036203,True,empirical-manual-held-out-test-group
session_zeroed_nine_channel_ridge,TEST6,live_implementation_range_1.7_to_3.0_N,1.7,3.0,100.0,2026-08-08_161131_254032_1_R4_TEST6,4,2.125,2.0913622713231343,2.3630105404840873,0.27164826916095297,0.07379278213814155,True,empirical-manual-held-out-test-group
session_zeroed_nine_channel_ridge,TEST6,live_implementation_range_1.7_to_3.0_N,1.7,3.0,100.0,2026-08-08_161131_254032_1_R4_TEST6,4,2.375,2.4176169601326274,2.3536493013774553,0.06396765875517207,0.0040918613666181426,True,empirical-manual-held-out-test-group
session_zeroed_nine_channel_ridge,TEST6,live_implementation_range_1.7_to_3.0_N,1.7,3.0,100.0,2026-08-08_161131_254032_1_R4_TEST6,4,2.625,2.6385472036071675,2.3890741189606826,0.249473084646485,0.062236819963032264,True,empirical-manual-held-out-test-group
session_zeroed_nine_channel_ridge,TEST6,live_implementation_range_1.7_to_3.0_N,1.7,3.0,100.0,2026-08-08_161131_254032_1_R4_TEST6,4,2.875,2.8509515060313593,2.375677794389588,0.47527371164177135,0.2258851009777456,True,empirical-manual-held-out-test-group
session_zeroed_nine_channel_ridge,TEST6,live_implementation_range_1.7_to_3.0_N,1.7,3.0,100.0,2026-08-08_161904_181801_1_R5_TEST6,5,1.875,1.8123850355299744,2.3534183809807265,0.5410333454507521,0.2927170808896329,False,empirical-manual-held-out-test-group
session_zeroed_nine_channel_ridge,TEST6,live_implementation_range_1.7_to_3.0_N,1.7,3.0,100.0,2026-08-08_161904_181801_1_R5_TEST6,5,2.125,2.1268479675651535,2.3534183809807265,0.22657041341557305,0.05133415223530368,True,empirical-manual-held-out-test-group
session_zeroed_nine_channel_ridge,TEST6,live_implementation_range_1.7_to_3.0_N,1.7,3.0,100.0,2026-08-08_161904_181801_1_R5_TEST6,5,2.375,2.381265902328172,2.3534183809807265,0.027847521347445614,0.0007754844451964392,True,empirical-manual-held-out-test-group
session_zeroed_nine_channel_ridge,TEST6,live_implementation_range_1.7_to_3.0_N,1.7,3.0,100.0,2026-08-08_161904_181801_1_R5_TEST6,5,2.625,2.612833593013736,2.352963151942125,0.25987044107161106,0.06753264614275367,True,empirical-manual-held-out-test-group
session_zeroed_nine_channel_ridge,TEST6,live_implementation_range_1.7_to_3.0_N,1.7,3.0,100.0,2026-08-08_161904_181801_1_R5_TEST6,5,2.875,2.902294333853386,2.3525676250725205,0.5497267087808657,0.30219945434704276,False,empirical-manual-held-out-test-group
session_zeroed_nine_channel_ridge,TEST6,live_implementation_range_1.7_to_3.0_N,1.7,3.0,100.0,2026-08-08_163440_118112_1_R6_TEST6,6,1.875,1.82286886363385,2.3534183809807265,0.5305495173468766,0.28148279035700374,False,empirical-manual-held-out-test-group
session_zeroed_nine_channel_ridge,TEST6,live_implementation_range_1.7_to_3.0_N,1.7,3.0,100.0,2026-08-08_163440_118112_1_R6_TEST6,6,2.125,2.1354740929002975,2.359730244299187,0.22425615139888944,0.05029082144024162,True,empirical-manual-held-out-test-group
session_zeroed_nine_channel_ridge,TEST6,live_implementation_range_1.7_to_3.0_N,1.7,3.0,100.0,2026-08-08_163440_118112_1_R6_TEST6,6,2.375,2.355934319063255,2.3584678716354945,0.002533552572239639,6.418888636302091e-06,True,empirical-manual-held-out-test-group
session_zeroed_nine_channel_ridge,TEST6,live_implementation_range_1.7_to_3.0_N,1.7,3.0,100.0,2026-08-08_163440_118112_1_R6_TEST6,6,2.625,2.6619241396485416,2.3757553639466114,0.2861687757019302,0.08189256818674165,True,empirical-manual-held-out-test-group
session_zeroed_nine_channel_ridge,TEST6,live_implementation_range_1.7_to_3.0_N,1.7,3.0,100.0,2026-08-08_163440_118112_1_R6_TEST6,6,2.875,2.8485894191246235,2.378630768347243,0.4699586507773805,0.2208611334404959,True,empirical-manual-held-out-test-group
session_zeroed_nine_channel_ridge,TEST6,live_implementation_range_1.7_to_3.0_N,1.7,3.0,100.0,2026-08-08_164148_938417_1_R7_TEST6,7,1.875,1.9239347620748388,2.343837144642704,0.4199023825678654,0.17631801088616997,True,empirical-manual-held-out-test-group
session_zeroed_nine_channel_ridge,TEST6,live_implementation_range_1.7_to_3.0_N,1.7,3.0,100.0,2026-08-08_164148_938417_1_R7_TEST6,7,2.125,2.167578668805772,2.3409602050452283,0.1733815362394564,0.030061157108753934,True,empirical-manual-held-out-test-group
session_zeroed_nine_channel_ridge,TEST6,live_implementation_range_1.7_to_3.0_N,1.7,3.0,100.0,2026-08-08_164148_938417_1_R7_TEST6,7,2.375,2.339245596096016,2.345410470985074,0.006164874889057703,3.8005682397734226e-05,True,empirical-manual-held-out-test-group
session_zeroed_nine_channel_ridge,TEST6,live_implementation_range_1.7_to_3.0_N,1.7,3.0,100.0,2026-08-08_164148_938417_1_R7_TEST6,7,2.625,2.650102126404516,2.3409345180845365,0.3091676083199797,0.09558461003429637,True,empirical-manual-held-out-test-group
session_zeroed_nine_channel_ridge,TEST6,live_implementation_range_1.7_to_3.0_N,1.7,3.0,100.0,2026-08-08_164148_938417_1_R7_TEST6,7,2.875,2.8605877164678635,2.3365099391053827,0.5240777773624807,0.27465751672519795,False,empirical-manual-held-out-test-group
session_zeroed_nine_channel_ridge,TEST6,live_implementation_range_1.7_to_3.0_N,1.7,3.0,100.0,2026-08-08_165208_088150_1_R8_TEST6,8,1.875,1.8264616388526351,2.3788659464773025,0.5524043076246674,0.3051505190822882,False,empirical-manual-held-out-test-group
session_zeroed_nine_channel_ridge,TEST6,live_implementation_range_1.7_to_3.0_N,1.7,3.0,100.0,2026-08-08_165208_088150_1_R8_TEST6,8,2.125,2.0785269850886214,2.3635097372319103,0.28498275214328883,0.08121516901916319,True,empirical-manual-held-out-test-group
session_zeroed_nine_channel_ridge,TEST6,live_implementation_range_1.7_to_3.0_N,1.7,3.0,100.0,2026-08-08_165208_088150_1_R8_TEST6,8,2.375,2.383413974862991,2.353938311561931,0.029475663301059996,0.0008688147270374551,True,empirical-manual-held-out-test-group
session_zeroed_nine_channel_ridge,TEST6,live_implementation_range_1.7_to_3.0_N,1.7,3.0,100.0,2026-08-08_165208_088150_1_R8_TEST6,8,2.625,2.6758265733160123,2.357823544758958,0.3180030285570541,0.10112592617145856,True,empirical-manual-held-out-test-group
session_zeroed_nine_channel_ridge,TEST6,live_implementation_range_1.7_to_3.0_N,1.7,3.0,100.0,2026-08-08_165208_088150_1_R8_TEST6,8,2.875,2.894092290525251,2.365314628786944,0.5287776617383071,0.2796058155534315,False,empirical-manual-held-out-test-group
session_zeroed_nine_channel_ridge,TEST6,live_implementation_range_1.7_to_3.0_N,1.7,3.0,100.0,2026-08-08_165709_643597_1_R9_TEST6,9,1.875,1.8815508063164466,2.3187116422976435,0.4371608359811969,0.19110959651577897,True,empirical-manual-held-out-test-group
session_zeroed_nine_channel_ridge,TEST6,live_implementation_range_1.7_to_3.0_N,1.7,3.0,100.0,2026-08-08_165709_643597_1_R9_TEST6,9,2.125,2.090689270351434,2.316175926047163,0.2254866556957289,0.05084423189684419,True,empirical-manual-held-out-test-group
session_zeroed_nine_channel_ridge,TEST6,live_implementation_range_1.7_to_3.0_N,1.7,3.0,100.0,2026-08-08_165709_643597_1_R9_TEST6,9,2.375,2.3834829122352916,2.3286471767360517,0.054835735499239924,0.0030069578877426014,True,empirical-manual-held-out-test-group
session_zeroed_nine_channel_ridge,TEST6,live_implementation_range_1.7_to_3.0_N,1.7,3.0,100.0,2026-08-08_165709_643597_1_R9_TEST6,9,2.625,2.635690515797542,2.3214172467176333,0.3142732690799086,0.09876768765817263,True,empirical-manual-held-out-test-group
session_zeroed_nine_channel_ridge,TEST6,live_implementation_range_1.7_to_3.0_N,1.7,3.0,100.0,2026-08-08_165709_643597_1_R9_TEST6,9,2.875,2.89684717135822,2.3268041069033596,0.5700430644548602,0.3249490953330879,False,empirical-manual-held-out-test-group
