session_folder,timestamp_local_name,batch,specimen_or_participant_id,trial_id,target_roi,condition_index,suffix_10,complete,partial,status_error_count,accepted_frame_count,feature_row_count,loadcell_sample_count,video_frame_count,output_fps,readiness_at_start,calibration_verified_at_start,baseline_drift_passed,baseline_drift_mean_v,baseline_valid,baseline_id,camera_fingerprint,processing_fingerprint,roi_layout_id,baseline_target_mean_v,baseline_target_std_v,camera_exposure,camera_gain,camera_white_balance,camera_brightness,camera_contrast,calibration_quality_passed,calibration_id,counts_per_gram,calibration_snr,calibration_loaded_cv_percent,motion_cycles,displacement_mm,down_feed_mm_min,roi_only_magnification,lower_cutoff_hz,integrated_target_value,integrated_winner_roi,integrated_target_rank,integrated_target_to_best_other_ratio,integrated_target_share,mean_contact_target_value,mean_contact_winner_roi,mean_contact_target_rank,mean_contact_target_to_best_other_ratio,mean_contact_target_share,peak_target_value,peak_winner_roi,peak_target_rank,peak_target_to_best_other_ratio,peak_target_share,peak_profile_target_value,peak_profile_winner_roi,peak_profile_target_rank,peak_profile_target_to_best_other_ratio,peak_profile_target_share,loadcell_rows_profiled,loadcell_valid_rate,force_N_max,force_N_p95,force_N_contact_mean,force_limit_exceeded_rows,sequence_aborted_rows,loadcell_error_rows,frame_rows_profiled,frame_valid_rate,baseline_valid_rate,frame_loadcell_valid_rate,saturation_warning_rate,frame_error_rate,localized_frame_rate,localization_accuracy,localization_confidence_mean,dominant_prediction_mode
2026-08-06_144254_451441_1_R1_C1,2026-08-06 14:42:54,S1,,R1_C1,1,1,False,True,False,0,1456,1456,1059,1456,14.987829484487586,False,False,True,1.2878669785150194,True,baseline-d3abe1ca5a5e4952873d4dc197bbd2fc,5a40306c002688d3274d10fb1dd05f03f54dfee4b3201d22c8cd7cf21dca0478,18047f9513dd8fd5bb06932cb2f783270914b34b8049a1ecf014cb864a332b60,roi-9fbc67c50ee3bc7145fa,58.285855564955256,15.230815182164191,-2.0,0.0,4600.0,237.0,255.0,True,calibration-fc21820608ed4f8eaf5462b2e1ac4a2f,607.2988235294117,4560.190415520124,0.02192890885864405,20,-1.75,200.0,True,1.1,68158160.0,1,1,1.0222804356520088,0.14115331756414645,6.317848684775629,1,1,1.0129550198088437,0.1199082646658435,11.643326938887366,4,2,0.9750924234902644,0.14527564560641495,11.643326938887366,4,2,0.9750924234902644,0.14527564560641495,1059,1.0,0.4825976169934754,0.45095403298599,0.36192513178915986,0,1,0,1456,1.0,1.0,,0.0,0.0,0.9917582417582418,0.25277008310249305,0.1455113630548212,3
2026-08-06_144909_491053_1_R1_C2,2026-08-06 14:49:09,S1,,R1_C2,1,2,False,True,False,0,1613,1613,1172,1613,14.986941178192595,False,False,True,1.9726099679780944,True,baseline-935e1d54c5e94f778d5f235355560338,5a40306c002688d3274d10fb1dd05f03f54dfee4b3201d22c8cd7cf21dca0478,18047f9513dd8fd5bb06932cb2f783270914b34b8049a1ecf014cb864a332b60,roi-9fbc67c50ee3bc7145fa,58.17248620825241,15.104422751203032,-2.0,0.0,4600.0,237.0,255.0,True,calibration-8afc34da7d114f73938159826a03f370,611.0341176470588,4055.3286233627564,0.018382743541271798,20,-2.625,200.0,True,1.1,73427786.0,1,1,1.020847011306927,0.14025186162264203,6.158437697609225,1,1,1.003517922626338,0.1206687578244274,8.285420663195396,3,6,0.7351055282385911,0.1014591561961052,8.285420663195396,3,6,0.7351055282385911,0.1014591561961052,1172,1.0,1.1493390250279663,1.0939080649689341,0.7269123232517618,0,0,0,1613,1.0,1.0,,0.0,0.0,0.9925604463732176,0.2517176764522174,0.1458693954727154,3
2026-08-06_150913_693123_1_R1_C3,2026-08-06 15:09:13,S1,,R1_C3,1,3,False,True,False,0,1783,1783,1296,1783,14.986347264581067,False,False,True,1.2077707594028009,True,baseline-0fc92c6d61d149048993c8fccd38cb07,5a40306c002688d3274d10fb1dd05f03f54dfee4b3201d22c8cd7cf21dca0478,18047f9513dd8fd5bb06932cb2f783270914b34b8049a1ecf014cb864a332b60,roi-9fbc67c50ee3bc7145fa,58.235156236334056,15.160964642425446,-2.0,0.0,4600.0,237.0,255.0,True,calibration-fc21820608ed4f8eaf5462b2e1ac4a2f,607.2988235294117,4560.190415520124,0.02192890885864405,20,-3.5,200.0,True,1.1,83196024.0,1,1,1.0403767374199593,0.14426356406618165,6.393628076254422,1,1,1.072594487852531,0.12471216149023003,9.948753083036449,3,3,0.942776277942412,0.12090730948116557,9.948753083036449,3,3,0.942776277942412,0.12090730948116557,1296,1.0,7.9929961379415895,6.219112141465633,1.6208810263704838,0,0,0,1783,1.0,1.0,,0.0,0.0,0.9871003925967471,0.2806818181818182,0.1463767871634216,1
2026-08-06_152926_414022_1_R1_C4,2026-08-06 15:29:26,S1,,R1_C4,1,4,False,True,False,0,1310,1310,952,1310,14.983211116865677,False,False,True,0.8500726964403845,True,baseline-ef10a2dbd0604ba08e06b4d9261bf2fd,5a40306c002688d3274d10fb1dd05f03f54dfee4b3201d22c8cd7cf21dca0478,18047f9513dd8fd5bb06932cb2f783270914b34b8049a1ecf014cb864a332b60,roi-9fbc67c50ee3bc7145fa,58.62542149725356,15.08716301299304,-2.0,0.0,4600.0,237.0,255.0,True,calibration-54bd5d41a9834896ae4ae82288bf33df,600.8747058823529,665.1739708080082,0.03835620051441914,20,-1.75,400.0,True,1.1,63251619.0,1,1,1.0476591900995114,0.14642834705416324,6.615977891150502,1,1,1.0800729515468879,0.12675646788863013,6.444368320087695,2,8,0.5377275092916771,0.08257576046740221,6.444368320087695,2,8,0.5377275092916771,0.08257576046740221,952,1.0,0.9904271330986102,0.9387943917487447,0.2775185639807256,0,0,0,1310,1.0,1.0,,0.0,0.0,0.9938931297709923,0.3064516129032258,0.14781337072946893,1
2026-08-06_154111_645036_1_R1_C5,2026-08-06 15:41:11,S1,,R1_C5,1,5,False,True,False,0,1387,1387,1009,1387,14.983718461281338,True,True,True,2.0840080068696403,True,baseline-66f00ffa4309426dae91310935000570,5a40306c002688d3274d10fb1dd05f03f54dfee4b3201d22c8cd7cf21dca0478,18047f9513dd8fd5bb06932cb2f783270914b34b8049a1ecf014cb864a332b60,roi-9fbc67c50ee3bc7145fa,59.212806963194204,15.495809238393086,-2.0,0.0,4600.0,237.0,255.0,True,calibration-fb649c88200a4c3299e9ee5d7910ec73,595.1798529411765,301.7208107557559,0.11744442135867546,20,-2.625,400.0,True,1.1,63722144.0,2,2,0.9924286564442998,0.13865915197066378,6.268702886297998,1,1,1.0131827663764421,0.11912694741266257,11.794053165250753,7,2,0.9660945314389835,0.1468832757082011,11.794053165250753,7,2,0.9660945314389835,0.1468832757082011,1009,1.0,1.7265731401506663,1.5471541415869596,0.514661330913928,0,0,0,1387,1.0,1.0,,0.0,0.0,0.9899062725306417,0.20830298616168974,0.14489571594611275,3
2026-08-06_154622_006482_1_R1_C6,2026-08-06 15:46:22,S1,,R1_C6,1,6,False,True,False,0,1470,1470,1069,1470,14.98382897918503,True,True,True,0.9048361458673947,True,baseline-723d5dc9e177495993faaf57065d3e6e,5a40306c002688d3274d10fb1dd05f03f54dfee4b3201d22c8cd7cf21dca0478,18047f9513dd8fd5bb06932cb2f783270914b34b8049a1ecf014cb864a332b60,roi-9fbc67c50ee3bc7145fa,58.71556233393306,15.295906054439303,-2.0,0.0,4600.0,237.0,255.0,True,calibration-ed2e908385eb45b8ae63c4edf216de10,601.374705882353,745.996461695881,0.1340488931712476,20,-3.5,400.0,True,1.1,70152380.0,1,1,1.074528959870577,0.14079613004609307,6.5467456344598185,1,1,1.0204276892758815,0.12117368358559849,9.409838311866265,3,2,0.9224720824994268,0.12133255403026166,9.409838311866265,3,2,0.9224720824994268,0.12133255403026166,1069,1.0,3.107409922144068,2.8203046622434673,0.7137044315466311,0,0,0,1470,1.0,1.0,,0.0,0.0,0.998639455782313,0.22479564032697547,0.1446872176593647,3
2026-08-06_155251_338554_1_R1_C7,2026-08-06 15:52:51,S1,,R1_C7,1,7,False,True,False,0,1274,1274,927,1274,14.9840123054044,True,True,True,1.2259268054696382,True,baseline-c6807a8d1da340a08ffa4ccdc7ff899c,5a40306c002688d3274d10fb1dd05f03f54dfee4b3201d22c8cd7cf21dca0478,18047f9513dd8fd5bb06932cb2f783270914b34b8049a1ecf014cb864a332b60,roi-9fbc67c50ee3bc7145fa,59.35343113531542,15.403212847158576,-2.0,0.0,4600.0,237.0,255.0,True,calibration-32686ac6d3b14b028db09febf4cb4778,596.9580882352941,3572.4480118025845,0.02799200986819674,20,-1.75,600.0,True,1.1,63449245.0,1,1,1.0489003665541252,0.13972504822278195,6.821478168596679,1,1,1.0151916907000034,0.12013474096611475,9.771307207454097,3,3,0.8801936459129107,0.12246894940751546,9.771307207454097,3,3,0.8801936459129107,0.12246894940751546,927,1.0,0.9651217358199597,0.9136011746011334,0.3229011472793505,0,0,0,1274,1.0,1.0,,0.0,0.0,0.9992150706436421,0.2199528672427337,0.143904026660891,3
2026-08-06_155959_900105_1_R1_C8,2026-08-06 15:59:59,S1,,R1_C8,1,8,False,True,False,0,1330,1330,967,1330,14.984171980704154,True,True,True,1.4457565147880043,True,baseline-64ae5c185856453fb261ef2fe7c13aa0,5a40306c002688d3274d10fb1dd05f03f54dfee4b3201d22c8cd7cf21dca0478,18047f9513dd8fd5bb06932cb2f783270914b34b8049a1ecf014cb864a332b60,roi-9fbc67c50ee3bc7145fa,59.40393437153717,15.442084060851107,-2.0,0.0,4600.0,237.0,255.0,True,calibration-db116f1e3e3346209d7238f19e0035ef,598.2264705882352,435.60331268811615,0.07703503838276986,20,-2.625,600.0,True,1.1,64240307.0,1,1,1.0155839698488094,0.13983412104291898,6.616370870839218,1,1,1.0456299555337925,0.12059247917025864,11.558235132913127,3,2,0.992591141436214,0.1435182683653265,11.558235132913127,3,2,0.992591141436214,0.1435182683653265,967,1.0,2.010202937354042,1.7398107090296318,0.5035526268323269,0,0,0,1330,1.0,1.0,,0.0,0.0,0.9969924812030075,0.22850678733031674,0.14415863634880458,3
2026-08-06_160455_512944_1_R1_C9,2026-08-06 16:04:55,S1,,R1_C9,1,9,False,True,False,0,1385,1385,1007,1385,14.984251291397463,True,True,True,2.159525125500426,True,baseline-dcefa5a74ae94b789771a9609e735389,5a40306c002688d3274d10fb1dd05f03f54dfee4b3201d22c8cd7cf21dca0478,18047f9513dd8fd5bb06932cb2f783270914b34b8049a1ecf014cb864a332b60,roi-9fbc67c50ee3bc7145fa,59.60346193715967,15.372223577402774,-2.0,0.0,4600.0,237.0,255.0,True,calibration-a857cc7425b2496b95b0df59cacf82fc,585.9588235294118,4055.9979647153796,0.024654844718842852,20,-3.5,600.0,True,1.1,68393861.0,1,1,1.0681214360057794,0.1417141511601912,6.71929324782702,1,1,1.0500539625227767,0.12179317071594625,8.048506440120581,3,8,0.8033655743403305,0.10174608604466989,8.048506440120581,3,8,0.8033655743403305,0.10174608604466989,1007,1.0,3.176546641434853,2.7721846934606926,0.9747173059523948,0,0,0,1385,1.0,1.0,,0.0,0.0,0.9963898916967509,0.2326086956521739,0.14456081601083448,3
2026-08-07_145838_520114_1_R1_C1_10,2026-08-07 14:58:38,S2,1,R1_C1_10,1,1,True,True,False,0,587,587,428,587,14.984777869244029,True,True,True,0.20631317813491476,True,baseline-7cb88e4300ac42e1b9d9c3265a3ec40d,4cde17769ad834a7ff4b578d714cb13c8e8f28b980762587caadaaa8e6808b25,18047f9513dd8fd5bb06932cb2f783270914b34b8049a1ecf014cb864a332b60,roi-9fbc67c50ee3bc7145fa,10.411497491867934,4.081388346077725,-6.0,0.0,4600.0,228.0,148.0,True,calibration-d608ae623af84ade9bf19765a8fead47,604.3967647058823,634.5762299304121,0.15758548033065453,10,-1.75,200.0,False,1.1,4824860.0,1,1,1.2262993304338454,0.17732841351848452,1.1262706218548133,3,2,0.9453494153221191,0.15111734559222603,1.6923814743765415,1,1,1.0316534288548465,0.1707569448439848,1.6923814743765415,1,1,1.0316534288548465,0.1707569448439848,428,1.0,0.8516716623721561,0.8130338386631493,0.3528218184926029,0,0,0,587,1.0,1.0,,0.0,0.0,0.0,,0.16530309894096257,
2026-08-07_145956_431473_1_R1_C2_10,2026-08-07 14:59:56,S2,1,R1_C2_10,1,2,True,True,False,0,668,668,488,668,14.984766048715883,True,True,True,0.07833552027716056,True,baseline-878d7541531e4a47a7399f80b6d65971,4cde17769ad834a7ff4b578d714cb13c8e8f28b980762587caadaaa8e6808b25,18047f9513dd8fd5bb06932cb2f783270914b34b8049a1ecf014cb864a332b60,roi-9fbc67c50ee3bc7145fa,10.450024197827442,4.076671561255221,-6.0,0.0,4600.0,228.0,148.0,True,calibration-d608ae623af84ade9bf19765a8fead47,604.3967647058823,634.5762299304121,0.15758548033065453,10,-2.625,200.0,False,1.1,5961227.0,1,1,1.2150620787267465,0.17154928487161847,1.2227997417059562,3,2,0.9366866614026697,0.14626610555800076,1.6445601534667031,2,4,0.8016112072223033,0.11796106370846773,1.6445601534667031,2,4,0.8016112072223033,0.11796106370846773,488,1.0,1.2175246204163703,1.137235894485459,0.45628277724246136,0,0,0,668,1.0,1.0,,0.0,0.0,0.0,,0.16167930191676916,
2026-08-07_150122_586242_1_R1_C3_10,2026-08-07 15:01:22,S2,1,R1_C3_10,1,3,True,True,False,0,886,886,646,886,14.984781847150284,True,True,True,0.20065558077254803,True,baseline-4b875d61429e4a3cade1c2d4f550c328,4cde17769ad834a7ff4b578d714cb13c8e8f28b980762587caadaaa8e6808b25,18047f9513dd8fd5bb06932cb2f783270914b34b8049a1ecf014cb864a332b60,roi-9fbc67c50ee3bc7145fa,11.05837798755707,4.052737077167476,-6.0,0.0,4600.0,228.0,148.0,True,calibration-d608ae623af84ade9bf19765a8fead47,604.3967647058823,634.5762299304121,0.15758548033065453,10,-3.5,200.0,False,1.1,7494166.0,1,1,1.22662218582047,0.15826808456861646,1.1590061162741652,3,2,0.9455983032921312,0.1346348259471125,1.605782406138668,1,1,1.102395584739005,0.14305933630820988,1.605782406138668,1,1,1.102395584739005,0.14305933630820988,646,1.0,1.8021299990900017,1.656591167689563,0.5352035771056785,0,0,0,886,1.0,1.0,,0.0,0.0,0.0,,0.14751455757873522,
2026-08-07_150245_907207_1_R1_C4_10,2026-08-07 15:02:45,S2,1,R1_C4_10,1,4,True,True,False,0,514,514,375,514,14.984800474665219,True,True,True,0.1511543083690129,True,baseline-b387a1762f2d4919b3d41a0458e6af3a,4cde17769ad834a7ff4b578d714cb13c8e8f28b980762587caadaaa8e6808b25,18047f9513dd8fd5bb06932cb2f783270914b34b8049a1ecf014cb864a332b60,roi-9fbc67c50ee3bc7145fa,10.863302682751906,4.059011384449595,-6.0,0.0,4600.0,228.0,148.0,True,calibration-d608ae623af84ade9bf19765a8fead47,604.3967647058823,634.5762299304121,0.15758548033065453,10,-1.75,400.0,False,1.1,4101155.0,1,1,1.2159925590353786,0.1655772263814588,1.0932996407522764,3,2,0.937403965077149,0.14082734666356936,1.396546999177857,3,2,0.9405043592739554,0.1386001032289168,1.396546999177857,3,2,0.9405043592739554,0.1386001032289168,375,1.0,0.7827456660189619,0.7506369903637511,0.3035291309344092,0,0,0,514,1.0,1.0,,0.0,0.0,0.0,,0.15508811230030153,
2026-08-07_150348_209187_1_R1_C5_10,2026-08-07 15:03:48,S2,1,R1_C5_10,1,5,True,True,False,0,555,555,404,555,14.984845406954891,True,True,True,0.16961992079691926,True,baseline-3715d05820024ddb8da659d628f46609,4cde17769ad834a7ff4b578d714cb13c8e8f28b980762587caadaaa8e6808b25,18047f9513dd8fd5bb06932cb2f783270914b34b8049a1ecf014cb864a332b60,roi-9fbc67c50ee3bc7145fa,10.744665006493738,4.063192057425903,-6.0,0.0,4600.0,228.0,148.0,True,calibration-d608ae623af84ade9bf19765a8fead47,604.3967647058823,634.5762299304121,0.15758548033065453,10,-2.625,400.0,False,1.1,4447604.0,1,1,1.211161432402161,0.16730443368387887,1.0980680872706075,3,2,0.9336796682234227,0.14249167839455762,1.2423951767607564,3,2,0.9104748292895682,0.13225080860820002,1.2423951767607564,3,2,0.9104748292895682,0.13225080860820002,404,1.0,1.0676981961401475,1.0231761886793784,0.3921091544378454,0,0,0,555,1.0,1.0,,0.0,0.0,0.0,,0.15707238581097496,
2026-08-07_150452_569537_1_R1_C6_10,2026-08-07 15:04:52,S2,1,R1_C6_10,1,6,True,True,False,0,596,596,434,596,14.984847179466962,True,True,True,0.09365895886211995,True,baseline-b4a14737987f474a8c6c560752aa0c4d,4cde17769ad834a7ff4b578d714cb13c8e8f28b980762587caadaaa8e6808b25,18047f9513dd8fd5bb06932cb2f783270914b34b8049a1ecf014cb864a332b60,roi-9fbc67c50ee3bc7145fa,10.673936873711678,4.050582477898212,-6.0,0.0,4600.0,228.0,148.0,True,calibration-d608ae623af84ade9bf19765a8fead47,604.3967647058823,634.5762299304121,0.15758548033065453,10,-3.5,400.0,False,1.1,4979135.0,1,1,1.2092302640829977,0.16788837354463879,1.1447318930809398,3,2,0.9321909380283565,0.14290133708253328,1.442724033981913,3,3,0.8804388127977266,0.14258892546376004,1.442724033981913,3,3,0.8804388127977266,0.14258892546376004,434,1.0,1.8249593015544425,1.7109012183000647,0.5818817283737157,0,0,0,596,1.0,1.0,,0.0,0.0,0.0,,0.15769987861664025,
2026-08-07_150600_763161_1_R1_C7_10,2026-08-07 15:06:00,S2,1,R1_C7_10,1,7,True,True,False,0,498,498,363,498,14.984845110439059,True,True,True,0.07315743865690354,True,baseline-d443573368f14d50b35c91cb74ad13d5,4cde17769ad834a7ff4b578d714cb13c8e8f28b980762587caadaaa8e6808b25,18047f9513dd8fd5bb06932cb2f783270914b34b8049a1ecf014cb864a332b60,roi-9fbc67c50ee3bc7145fa,10.829105030232707,4.051924630011915,-6.0,0.0,4600.0,228.0,148.0,True,calibration-d608ae623af84ade9bf19765a8fead47,604.3967647058823,634.5762299304121,0.15758548033065453,10,-1.75,600.0,False,1.1,4211329.0,1,1,1.2335035089569202,0.16755040511923378,1.1587399199428576,3,2,0.9509030887080893,0.1426234699781189,1.338859961633324,3,2,0.8899369262936061,0.12870395672923698,1.338859961633324,3,2,0.8899369262936061,0.12870395672923698,363,1.0,0.7673476503553128,0.7512989914586687,0.29698439386871184,0,0,0,498,1.0,1.0,,0.0,0.0,0.0,,0.15510319648610577,
2026-08-07_150706_349207_1_R1_C8_10,2026-08-07 15:07:06,S2,1,R1_C8_10,1,8,True,True,False,0,525,525,382,525,14.984850068580764,True,True,True,0.20811660952768346,True,baseline-8b29b2e48e2c473da7cc1a724c417d08,4cde17769ad834a7ff4b578d714cb13c8e8f28b980762587caadaaa8e6808b25,18047f9513dd8fd5bb06932cb2f783270914b34b8049a1ecf014cb864a332b60,roi-9fbc67c50ee3bc7145fa,10.948202072266957,4.061794443659873,-6.0,0.0,4600.0,228.0,148.0,True,calibration-d608ae623af84ade9bf19765a8fead47,604.3967647058823,634.5762299304121,0.15758548033065453,10,-2.625,600.0,False,1.1,4675938.0,1,1,1.2292600366364308,0.1597195320620205,1.2204095055396789,3,2,0.947631812293308,0.13598029666034933,1.625513839408057,1,1,1.0933365192428728,0.13943872142113317,1.625513839408057,1,1,1.0933365192428728,0.13943872142113317,382,1.0,1.0403419744236961,1.010575452152097,0.3817957253289777,0,0,0,525,1.0,1.0,,0.0,0.0,0.0,,0.14859250471836602,
2026-08-07_150828_746134_1_R1_C9_10,2026-08-07 15:08:28,S2,1,R1_C9_10,1,9,True,True,False,0,555,555,404,555,14.984875145085466,True,True,True,0.08568280271049034,True,baseline-d0bd3f924f824be7a9aa4c429c9746bf,4cde17769ad834a7ff4b578d714cb13c8e8f28b980762587caadaaa8e6808b25,18047f9513dd8fd5bb06932cb2f783270914b34b8049a1ecf014cb864a332b60,roi-9fbc67c50ee3bc7145fa,10.915539695211315,4.0710551573423235,-6.0,0.0,4600.0,228.0,148.0,True,calibration-d608ae623af84ade9bf19765a8fead47,604.3967647058823,634.5762299304121,0.15758548033065453,10,-3.5,600.0,False,1.1,4811259.0,1,1,1.245973399602118,0.16069359651953266,1.1878507995526364,3,2,0.9605160792219118,0.13687382053786454,1.3444779391614141,3,2,0.8931435689836009,0.12429153129161602,1.3444779391614141,3,2,0.8931435689836009,0.12429153129161602,404,1.0,1.809496383822664,1.7220481485012522,0.5682030039781792,0,0,0,555,1.0,1.0,,0.0,0.0,0.0,,0.1484003809430927,
2026-08-06_164216_084997_1_R2_C1,2026-08-06 16:42:16,S1,,R2_C1,2,1,False,True,False,0,1460,1460,1062,1460,14.981604180070168,True,True,True,0.6934456034210399,True,baseline-8a8b6c146ed54b2f86550a253adb55f8,5a40306c002688d3274d10fb1dd05f03f54dfee4b3201d22c8cd7cf21dca0478,18047f9513dd8fd5bb06932cb2f783270914b34b8049a1ecf014cb864a332b60,roi-9fbc67c50ee3bc7145fa,57.26362596213855,14.467947312372548,-2.0,0.0,4600.0,237.0,255.0,True,calibration-eb9d488bc7684e6fa22d3d31fc7a1995,610.38,2235.4985486329188,0.03498924241039268,20,-1.75,200.0,True,1.15,54675480.0,1,2,0.969235623445791,0.13430510141001162,5.045435134951522,1,4,0.9486978290236467,0.11362095551257455,6.428096757044125,3,7,0.7019910389799532,0.09408838892911749,6.428096757044125,3,7,0.7019910389799532,0.09408838892911749,1062,1.0,0.7656569257964662,0.7134682217186786,0.49577006985095273,0,0,0,1460,1.0,1.0,,0.0,0.0,0.9232876712328767,0.15875370919881307,0.14551903730955013,3
2026-08-06_165107_056573_1_R2_C2,2026-08-06 16:51:07,S1,,R2_C2,2,2,False,True,False,0,1623,1623,1181,1623,14.980294028184193,True,True,True,1.1487513404123888,True,baseline-01ce8996c04644769d2ea3b09d86ca1d,5a40306c002688d3274d10fb1dd05f03f54dfee4b3201d22c8cd7cf21dca0478,18047f9513dd8fd5bb06932cb2f783270914b34b8049a1ecf014cb864a332b60,roi-9fbc67c50ee3bc7145fa,59.363919515521346,14.691584949718115,-2.0,0.0,4600.0,237.0,255.0,True,calibration-eb9d488bc7684e6fa22d3d31fc7a1995,610.38,2235.4985486329188,0.03498924241039268,20,-2.625,200.0,True,1.15,61787395.0,1,2,0.9469607004242836,0.13346027649288136,5.01252135599317,1,5,0.9064119807453084,0.11037991223809587,8.76634768740032,2,1,1.0399543547733852,0.13078266091963614,8.76634768740032,2,1,1.0399543547733852,0.13078266091963614,1181,1.0,1.2071313002844901,1.1519429868567892,0.7325861288127622,0,0,0,1623,1.0,1.0,,0.0,0.0,0.9488601355514479,0.15584415584415584,0.14682186936495636,3
2026-08-06_165621_343986_1_R2_C3,2026-08-06 16:56:21,S1,,R2_C3,2,3,False,True,False,0,1787,1787,1301,1787,14.98040358783389,True,True,True,0.7750807258972875,True,baseline-5efb891425d640648566a2170a30270b,5a40306c002688d3274d10fb1dd05f03f54dfee4b3201d22c8cd7cf21dca0478,18047f9513dd8fd5bb06932cb2f783270914b34b8049a1ecf014cb864a332b60,roi-9fbc67c50ee3bc7145fa,60.06687007373506,14.789306313443086,-2.0,0.0,4600.0,237.0,255.0,True,calibration-eb9d488bc7684e6fa22d3d31fc7a1995,610.38,2235.4985486329188,0.03498924241039268,20,-3.5,200.0,True,1.15,68292147.0,1,2,0.9282985645997532,0.13213668164781356,5.024066738979017,1,6,0.8872440305613882,0.10943415525592644,9.185672514619883,4,4,0.9900679240765351,0.12964812794237143,9.185672514619883,4,4,0.9900679240765351,0.12964812794237143,1301,1.0,1.860666969949289,1.685462149591479,0.9762221061393868,0,0,0,1787,1.0,1.0,,0.0,0.0,0.9535534415221041,0.12089201877934272,0.14619283456210147,1
2026-08-06_170218_140499_1_R2_C4,2026-08-06 17:02:18,S1,,R2_C4,2,4,False,True,False,0,1316,1316,958,1316,14.97896868368985,True,True,True,1.2244154282271498,True,baseline-c9a7e6387ec94445903c1d19d781e577,5a40306c002688d3274d10fb1dd05f03f54dfee4b3201d22c8cd7cf21dca0478,18047f9513dd8fd5bb06932cb2f783270914b34b8049a1ecf014cb864a332b60,roi-9fbc67c50ee3bc7145fa,60.152133462774195,14.841596479230828,-2.0,0.0,4600.0,237.0,255.0,True,calibration-9b04f00e32f642f791f50b575ea1d7c1,608.462205882353,3863.941044299471,0.020677041384170477,20,-1.75,400.0,True,1.15,54865768.0,1,2,0.9919365805867358,0.1397988987930019,5.523824442057522,1,2,0.9636587868243086,0.11751472390494745,10.14407230196704,2,1,1.0749466458751729,0.14615747336140672,10.14407230196704,2,1,1.0749466458751729,0.14615747336140672,958,1.0,0.7680303585920435,0.7396900390236426,0.5501815353602366,0,0,0,1316,1.0,1.0,,0.0,0.0,0.9642857142857143,0.20724980299448384,0.1453339962528734,1
2026-08-06_170518_492336_1_R2_C5,2026-08-06 17:05:18,S1,,R2_C5,2,5,False,True,False,0,1392,1392,1013,1392,14.979104106292517,True,True,True,1.8347403416231844,True,baseline-073dd77cd4a044c1af4a11c38d675ae5,5a40306c002688d3274d10fb1dd05f03f54dfee4b3201d22c8cd7cf21dca0478,18047f9513dd8fd5bb06932cb2f783270914b34b8049a1ecf014cb864a332b60,roi-9fbc67c50ee3bc7145fa,61.28120385137929,15.066335743735316,-2.0,0.0,4600.0,237.0,255.0,True,calibration-eb9d488bc7684e6fa22d3d31fc7a1995,610.38,2235.4985486329188,0.03498924241039268,20,-2.625,400.0,True,1.15,53177082.0,1,2,0.9320993889821595,0.13312288549428766,5.075693520296268,1,5,0.9027423146257461,0.11129852605563603,9.651515151515152,2,1,1.0122395213962936,0.13480607951301568,9.651515151515152,2,1,1.0122395213962936,0.13480607951301568,1013,1.0,1.1373064356100249,1.0893287524782056,0.7557061595893493,0,0,0,1392,1.0,1.0,,0.0,0.0,0.9633620689655172,0.14988814317673377,0.14581803705108085,1
2026-08-06_170819_549765_1_R2_C6,2026-08-06 17:08:19,S1,,R2_C6,2,6,False,True,False,0,1481,1481,1078,1481,14.979221874420139,True,True,True,1.6562295868274053,True,baseline-8bdc8cb191ef4b44a4e8ac75cec9838f,5a40306c002688d3274d10fb1dd05f03f54dfee4b3201d22c8cd7cf21dca0478,18047f9513dd8fd5bb06932cb2f783270914b34b8049a1ecf014cb864a332b60,roi-9fbc67c50ee3bc7145fa,61.37635797332594,14.937847971552683,-2.0,0.0,4600.0,237.0,255.0,True,calibration-eb9d488bc7684e6fa22d3d31fc7a1995,610.38,2235.4985486329188,0.03498924241039268,20,-3.5,400.0,True,1.15,59308622.0,1,2,0.9971663408273025,0.13874139666973703,5.295635037837768,1,2,0.9660366175917204,0.11589306294093105,7.856459330143541,3,5,0.8535869644159663,0.10947887299250496,7.856459330143541,3,5,0.8535869644159663,0.10947887299250496,1078,1.0,2.173031217303396,1.9026285645911516,0.9177669080514121,0,0,0,1481,1.0,1.0,,0.0,0.0,0.949358541525996,0.1984352773826458,0.14609256579801,1
2026-08-06_171152_415386_1_R2_C7,2026-08-06 17:11:52,S1,,R2_C7,2,7,False,True,False,0,1279,1279,931,1279,14.979354199778307,True,True,True,1.5277573916352993,True,baseline-913b1a8ea8d749b9ba85dc67b813f116,5a40306c002688d3274d10fb1dd05f03f54dfee4b3201d22c8cd7cf21dca0478,18047f9513dd8fd5bb06932cb2f783270914b34b8049a1ecf014cb864a332b60,roi-9fbc67c50ee3bc7145fa,62.42032009198472,15.183961200258475,-2.0,0.0,4600.0,237.0,255.0,True,calibration-eb9d488bc7684e6fa22d3d31fc7a1995,610.38,2235.4985486329188,0.03498924241039268,20,-1.75,600.0,True,1.15,47490021.0,1,2,0.9244304253608314,0.12902861339058466,4.868306320060702,1,7,0.8925922484658774,0.10730057595303501,5.680090377458798,3,8,0.6111689036200814,0.08437182523739958,5.680090377458798,3,8,0.6111689036200814,0.08437182523739958,931,1.0,0.7600497288863446,0.7222774654602822,0.5528057597582786,0,0,0,1279,1.0,1.0,,0.0,0.0,0.9468334636434714,0.12138728323699421,0.14497356170380118,3
2026-08-06_171440_920025_1_R2_C8,2026-08-06 17:14:40,S1,,R2_C8,2,8,False,True,False,0,1049,1049,764,1049,14.97947218075066,True,True,True,1.5357829540361143,True,baseline-80d42e5b88ef4394b4202cda789aa5ac,5a40306c002688d3274d10fb1dd05f03f54dfee4b3201d22c8cd7cf21dca0478,18047f9513dd8fd5bb06932cb2f783270914b34b8049a1ecf014cb864a332b60,roi-9fbc67c50ee3bc7145fa,61.52060980619593,14.994494319606735,-2.0,0.0,4600.0,237.0,255.0,True,calibration-eb9d488bc7684e6fa22d3d31fc7a1995,610.38,2235.4985486329188,0.03498924241039268,20,-2.625,600.0,True,1.15,43766359.0,1,2,0.9998167649661743,0.13817195451191536,5.482256594226269,1,3,0.952164549615098,0.11434334817898352,9.3717437533227,2,1,1.1251025812098876,0.1358776116169972,9.3717437533227,2,1,1.1251025812098876,0.1358776116169972,764,1.0,0.9852855268318867,0.9231717628938482,0.70982274040376,0,0,0,1049,1.0,1.0,,0.0,0.0,0.9694947569113441,0.18780727630285152,0.14440251141359167,3
2026-08-06_171648_486143_1_R2_C9,2026-08-06 17:16:48,S1,,R2_C9,2,9,False,True,False,0,1104,1104,804,1104,14.979442262387678,True,True,True,1.1767186292113705,True,baseline-056bcbc2c57340acb9925f0ed34c27fc,5a40306c002688d3274d10fb1dd05f03f54dfee4b3201d22c8cd7cf21dca0478,18047f9513dd8fd5bb06932cb2f783270914b34b8049a1ecf014cb864a332b60,roi-9fbc67c50ee3bc7145fa,62.0109649122807,15.143740648662828,-2.0,0.0,4600.0,237.0,255.0,True,calibration-eb9d488bc7684e6fa22d3d31fc7a1995,610.38,2235.4985486329188,0.03498924241039268,20,-3.5,600.0,True,1.15,44430351.0,2,1,1.0341897689948354,0.13606717246668493,5.305556769327497,3,3,0.9295897245333413,0.1120154667084538,9.443912812333865,9,2,0.9701688132525297,0.12745679598334642,9.443912812333865,9,2,0.9701688132525297,0.12745679598334642,804,1.0,1.8227501083221058,1.6400301981227219,1.1487870518083396,0,0,0,1104,1.0,1.0,,0.0,0.0,0.9664855072463768,0.17432052483598875,0.14472075758842134,3
2026-08-07_144631_897061_1_R2_C1_10,2026-08-07 14:46:31,S2,1,R2_C1_10,2,1,True,True,False,0,587,587,427,587,14.984555295894877,True,True,True,0.13070442350191294,True,baseline-c8c74e49a5c74a959bea4d20118fe5da,4cde17769ad834a7ff4b578d714cb13c8e8f28b980762587caadaaa8e6808b25,18047f9513dd8fd5bb06932cb2f783270914b34b8049a1ecf014cb864a332b60,roi-9fbc67c50ee3bc7145fa,9.201327383578224,3.7777749280030015,-6.0,0.0,4600.0,228.0,148.0,True,calibration-d608ae623af84ade9bf19765a8fead47,604.3967647058823,634.5762299304121,0.15758548033065453,10,-1.75,200.0,False,1.1,2369250.0,1,3,0.5604145447354739,0.10882965028165485,0.5364435170316993,3,6,0.5149687981678682,0.09018270323400367,0.671451355661882,3,5,0.42626780940574904,0.08622005470915584,0.671451355661882,3,5,0.42626780940574904,0.08622005470915584,427,1.0,1.01973556779268,0.9773301790287738,0.5534334737110344,0,0,0,587,1.0,1.0,,0.0,0.0,0.0,,0.18137665138189474,
2026-08-07_144756_980761_1_R2_C2_10,2026-08-07 14:47:56,S2,1,R2_C2_10,2,2,True,True,False,0,667,667,485,667,14.984582253960056,True,True,True,0.06698798288877722,True,baseline-4263695d29374a559f023dedd3e63679,4cde17769ad834a7ff4b578d714cb13c8e8f28b980762587caadaaa8e6808b25,18047f9513dd8fd5bb06932cb2f783270914b34b8049a1ecf014cb864a332b60,roi-9fbc67c50ee3bc7145fa,9.248740263042322,3.7820347907762772,-6.0,0.0,4600.0,228.0,148.0,True,calibration-d608ae623af84ade9bf19765a8fead47,604.3967647058823,634.5762299304121,0.15758548033065453,10,-2.625,200.0,False,1.1,3315298.0,1,3,0.592394940204759,0.11229227373277789,0.6606142702173635,3,6,0.5656320999220354,0.09320215776427852,0.9332801701222754,3,8,0.5462014186110393,0.08612203003810294,0.9332801701222754,3,8,0.5462014186110393,0.08612203003810294,485,1.0,1.5415644210683574,1.3606693767786928,0.6199064774468604,0,0,0,667,1.0,1.0,,0.0,0.0,0.0,,0.17361720965179445,
2026-08-07_144902_920168_1_R2_C3_10,2026-08-07 14:49:02,S2,1,R2_C3_10,2,3,True,True,False,0,884,884,644,884,14.984594690204588,True,True,True,0.07847895852129819,True,baseline-c1632f20eeb047cd928f4fd363b02a57,4cde17769ad834a7ff4b578d714cb13c8e8f28b980762587caadaaa8e6808b25,18047f9513dd8fd5bb06932cb2f783270914b34b8049a1ecf014cb864a332b60,roi-9fbc67c50ee3bc7145fa,9.371557116517923,3.768527888602434,-6.0,0.0,4600.0,228.0,148.0,True,calibration-d608ae623af84ade9bf19765a8fead47,604.3967647058823,634.5762299304121,0.15758548033065453,10,-3.5,200.0,False,1.1,3697042.0,1,4,0.556023841526132,0.10636281177155105,0.5558445252717696,3,7,0.5255893795059533,0.08800860486900762,0.6830143540669856,1,8,0.5130340424023118,0.0829597839590218,0.6830143540669856,1,8,0.5130340424023118,0.0829597839590218,644,1.0,2.418943029072741,2.3160813638464997,0.8442309778728349,0,0,0,884,1.0,1.0,,0.0,0.0,0.0,,0.17581127853583636,
2026-08-07_145023_400029_1_R2_C4_10,2026-08-07 14:50:23,S2,1,R2_C4_10,2,4,True,True,False,0,513,513,374,513,14.984619420706075,True,True,True,0.17223311612972303,True,baseline-16c9a86db8474ae987b67849d3f37a2f,4cde17769ad834a7ff4b578d714cb13c8e8f28b980762587caadaaa8e6808b25,18047f9513dd8fd5bb06932cb2f783270914b34b8049a1ecf014cb864a332b60,roi-9fbc67c50ee3bc7145fa,9.370516474939768,3.786428134028031,-6.0,0.0,4600.0,228.0,148.0,True,calibration-d608ae623af84ade9bf19765a8fead47,604.3967647058823,634.5762299304121,0.15758548033065453,10,-1.75,400.0,False,1.1,2269130.0,1,3,0.5650432336649857,0.10835744773186808,0.587886145750104,3,7,0.5308369598846783,0.08971610644080019,0.7574428495481127,1,6,0.5428476790731736,0.0885019802903595,0.7574428495481127,1,6,0.5428476790731736,0.0885019802903595,374,1.0,1.0249764097941116,0.9808754545003305,0.5574021280081314,0,0,0,513,1.0,1.0,,0.0,0.0,0.0,,0.17598042706688277,
2026-08-07_145129_967571_1_R2_C5_10,2026-08-07 14:51:29,S2,1,R2_C5_10,2,5,True,True,False,0,553,553,403,553,14.984651437990586,True,True,True,0.1637420584000401,True,baseline-c2de414239c64653877a6c5e2e6e4c47,4cde17769ad834a7ff4b578d714cb13c8e8f28b980762587caadaaa8e6808b25,18047f9513dd8fd5bb06932cb2f783270914b34b8049a1ecf014cb864a332b60,roi-9fbc67c50ee3bc7145fa,9.442329473221921,3.7806888234724463,-6.0,0.0,4600.0,228.0,148.0,True,calibration-d608ae623af84ade9bf19765a8fead47,604.3967647058823,634.5762299304121,0.15758548033065453,10,-2.625,400.0,False,1.1,2891879.0,1,3,0.5958494424082885,0.10881529986059243,0.6950342388383697,3,7,0.5696004251296874,0.09012364461575427,0.8116693248272195,3,9,0.500378218439397,0.07995700360170634,0.8116693248272195,3,9,0.500378218439397,0.07995700360170634,403,1.0,1.5615542580521462,1.4407277003677463,0.6520183260247351,0,0,0,553,1.0,1.0,,0.0,0.0,0.0,,0.1670055393901083,
2026-08-07_145235_712747_1_R2_C6_10,2026-08-07 14:52:35,S2,1,R2_C6_10,2,6,True,True,False,0,596,596,434,596,14.98467135284826,True,True,True,0.16945731405702957,True,baseline-0da86144c3364f928ed954f13ff6326e,4cde17769ad834a7ff4b578d714cb13c8e8f28b980762587caadaaa8e6808b25,18047f9513dd8fd5bb06932cb2f783270914b34b8049a1ecf014cb864a332b60,roi-9fbc67c50ee3bc7145fa,9.628571180916719,3.7921912148833563,-6.0,0.0,4600.0,228.0,148.0,True,calibration-d608ae623af84ade9bf19765a8fead47,604.3967647058823,634.5762299304121,0.15758548033065453,10,-3.5,400.0,False,1.1,2899586.0,1,4,0.6028467159810247,0.10836563900195198,0.6466078124944241,3,7,0.568935942271322,0.08959766459103664,1.2939925571504518,3,5,0.6900475949316058,0.11063984236661834,1.2939925571504518,3,5,0.6900475949316058,0.11063984236661834,434,1.0,2.3907106294365454,2.2279622033958018,0.8428931342539088,0,0,0,596,1.0,1.0,,0.0,0.0,0.0,,0.1646605822314082,
2026-08-07_145400_245009_1_R2_C7_10,2026-08-07 14:54:00,S2,1,R2_C7_10,2,7,True,True,False,0,498,498,363,498,14.984702554956787,True,True,True,0.09546619806335915,True,baseline-48e9d12730254d16bce33fc61084b154,4cde17769ad834a7ff4b578d714cb13c8e8f28b980762587caadaaa8e6808b25,18047f9513dd8fd5bb06932cb2f783270914b34b8049a1ecf014cb864a332b60,roi-9fbc67c50ee3bc7145fa,9.863166943794043,3.8119498546577857,-6.0,0.0,4600.0,228.0,148.0,True,calibration-d608ae623af84ade9bf19765a8fead47,604.3967647058823,634.5762299304121,0.15758548033065453,10,-1.75,600.0,False,1.1,2729085.0,1,4,0.6214362175592049,0.10682390520063167,0.7283480012554198,3,7,0.599706635447159,0.08822178651080435,0.9780701754385965,1,6,0.5632856802675882,0.09564468077715499,0.9780701754385965,1,6,0.5632856802675882,0.09564468077715499,363,1.0,1.0781149780748815,1.0354840546242265,0.5543678485210829,0,0,0,498,1.0,1.0,,0.0,0.0,0.0,,0.15575213160286677,
2026-08-07_145458_654619_1_R2_C8_10,2026-08-07 14:54:58,S2,1,R2_C8_10,2,8,True,True,False,0,524,524,382,524,14.984702638032283,True,True,True,0.1444136142711145,True,baseline-6e800578975c4d84b937018c7d40e71e,4cde17769ad834a7ff4b578d714cb13c8e8f28b980762587caadaaa8e6808b25,18047f9513dd8fd5bb06932cb2f783270914b34b8049a1ecf014cb864a332b60,roi-9fbc67c50ee3bc7145fa,9.909793010193468,3.798175835755851,-6.0,0.0,4600.0,228.0,148.0,True,calibration-d608ae623af84ade9bf19765a8fead47,604.3967647058823,634.5762299304121,0.15758548033065453,10,-2.625,600.0,False,1.1,2896175.0,1,4,0.6361215709496264,0.10956360607726522,0.7345895171075966,1,7,0.6170142510354033,0.09058198879921309,0.9097554492291334,1,7,0.6412396434686319,0.09271125041663525,0.9097554492291334,1,7,0.6412396434686319,0.09271125041663525,382,1.0,1.6990168383497595,1.6203839264319944,0.7353364042576117,0,0,0,524,1.0,1.0,,0.0,0.0,0.0,,0.15452372638373266,
2026-08-07_145613_571627_1_R2_C9_10,2026-08-07 14:56:13,S2,1,R2_C9_10,2,9,True,True,False,0,552,552,403,552,14.984734745611476,True,True,True,0.08372917396867703,True,baseline-68cc156e418045bb994ab68ac2dd4c0b,4cde17769ad834a7ff4b578d714cb13c8e8f28b980762587caadaaa8e6808b25,18047f9513dd8fd5bb06932cb2f783270914b34b8049a1ecf014cb864a332b60,roi-9fbc67c50ee3bc7145fa,10.047363330957955,3.7992391599075725,-6.0,0.0,4600.0,228.0,148.0,True,calibration-d608ae623af84ade9bf19765a8fead47,604.3967647058823,634.5762299304121,0.15758548033065453,10,-3.5,600.0,False,1.1,3217879.0,1,5,0.6399386447188758,0.10758019572709361,0.7747861432787059,1,7,0.6207166705420457,0.08889459671522433,1.0491759702286019,1,6,0.5166241299998877,0.09259452451825038,1.0491759702286019,1,6,0.5166241299998877,0.09259452451825038,403,1.0,3.2107158092147303,2.70957935781034,1.0362438839109187,0,0,0,552,1.0,1.0,,0.0,0.0,0.0,,0.14891104659258564,
2026-08-06_173509_505304_1_R3_C1,2026-08-06 17:35:09,S1,,R3_C1,3,1,False,True,False,0,1182,1182,862,1182,14.977169586986165,True,True,True,2.1829758686331604,True,baseline-963697fb4a7344b2856830e76e735d4c,5a40306c002688d3274d10fb1dd05f03f54dfee4b3201d22c8cd7cf21dca0478,18047f9513dd8fd5bb06932cb2f783270914b34b8049a1ecf014cb864a332b60,roi-9fbc67c50ee3bc7145fa,65.30879358821058,16.058437901223318,-2.0,0.0,4600.0,237.0,255.0,True,calibration-eb9d488bc7684e6fa22d3d31fc7a1995,610.38,2235.4985486329188,0.03498924241039268,20,-1.75,200.0,True,1.15,36732250.0,2,5,0.7731286701761709,0.10492367174753871,5.50232847493779,3,1,1.018708896240668,0.11794011900116519,9.138108780661216,3,1,1.114270429459131,0.1351351947949012,9.138108780661216,3,1,1.114270429459131,0.1351351947949012,862,1.0,0.7725976394502556,0.5359281404127706,0.4011309303255209,0,0,0,1182,1.0,1.0,,0.0,0.0,0.9619289340101523,0.28144239226033424,0.14400073351085627,3
2026-08-06_173802_716278_1_R3_C2,2026-08-06 17:38:02,S1,,R3_C2,3,2,False,True,False,0,1343,1343,978,1343,14.976323266401392,True,True,True,0.7996890300197769,True,baseline-1fa78abfba5b49ca951f6195042307c5,5a40306c002688d3274d10fb1dd05f03f54dfee4b3201d22c8cd7cf21dca0478,18047f9513dd8fd5bb06932cb2f783270914b34b8049a1ecf014cb864a332b60,roi-9fbc67c50ee3bc7145fa,65.8864945973429,16.048067334694764,-2.0,0.0,4600.0,237.0,255.0,True,calibration-eb9d488bc7684e6fa22d3d31fc7a1995,610.38,2235.4985486329188,0.03498924241039268,20,-2.625,200.0,True,1.15,39547912.0,2,6,0.733644153930343,0.10105884081561729,5.240286303993721,1,4,0.954023777943146,0.11287920239792942,9.490757198720228,3,1,1.10725500651736,0.14020772497922646,9.490757198720228,3,1,1.10725500651736,0.14020772497922646,978,1.0,1.5752301209371982,1.4828182139243535,0.7312042034936181,0,0,0,1343,1.0,1.0,,0.0,0.0,0.9553239017125837,0.2182385035074045,0.14393016346487045,3
2026-08-06_174053_419889_1_R3_C3,2026-08-06 17:40:53,S1,,R3_C3,3,3,False,True,False,0,1505,1505,1096,1505,14.976039969045507,True,True,True,1.371300990847767,True,baseline-1a350d38848f4fde92ccff8d5c5e1251,5a40306c002688d3274d10fb1dd05f03f54dfee4b3201d22c8cd7cf21dca0478,18047f9513dd8fd5bb06932cb2f783270914b34b8049a1ecf014cb864a332b60,roi-9fbc67c50ee3bc7145fa,65.75580440020539,15.998481197346532,-2.0,0.0,4600.0,237.0,255.0,True,calibration-eb9d488bc7684e6fa22d3d31fc7a1995,610.38,2235.4985486329188,0.03498924241039268,20,-3.5,200.0,True,1.15,45366486.0,1,6,0.7527589999333963,0.1028181617736083,5.359109514610555,1,2,0.9731795559690636,0.11499316086864866,9.280483469605404,3,1,1.0348785088155419,0.12980339310093272,9.280483469605404,3,1,1.0348785088155419,0.12980339310093272,1096,1.0,2.322690355463231,2.0582925447141895,1.1424175341491043,0,0,0,1505,1.0,1.0,,0.0,0.0,0.9568106312292359,0.23125,0.14397417251877098,3
2026-08-06_174715_654572_1_R3_C4,2026-08-06 17:47:15,S1,,R3_C4,3,4,False,True,False,0,1039,1039,756,1039,14.97379032358054,True,True,True,1.6482689077947283,True,baseline-4ab7d51d71e14d4889920b27506efb81,5a40306c002688d3274d10fb1dd05f03f54dfee4b3201d22c8cd7cf21dca0478,18047f9513dd8fd5bb06932cb2f783270914b34b8049a1ecf014cb864a332b60,roi-9fbc67c50ee3bc7145fa,65.16397084962674,16.026528139449297,-2.0,0.0,4600.0,237.0,255.0,True,calibration-eb9d488bc7684e6fa22d3d31fc7a1995,610.38,2235.4985486329188,0.03498924241039268,20,-1.75,400.0,True,1.15,32792794.0,2,5,0.7755960973456438,0.10755102014110075,5.65855483369748,3,1,1.051094281808176,0.12098962718957709,10.03572698186989,3,1,1.029305331473835,0.13323198378922796,10.03572698186989,3,1,1.029305331473835,0.13323198378922796,756,1.0,1.0198284304329222,0.9710747369550886,0.4146953894919439,0,0,0,1039,1.0,1.0,,0.0,0.0,0.9643888354186718,0.2994011976047904,0.14427572008422201,3
2026-08-06_174942_221340_1_R3_C5,2026-08-06 17:49:42,S1,,R3_C5,3,5,False,True,False,0,1112,1112,810,1112,14.973596488361565,True,True,True,1.0164245994785317,True,baseline-3e82ab86d01f4cbf92b0ae927efaf226,5a40306c002688d3274d10fb1dd05f03f54dfee4b3201d22c8cd7cf21dca0478,18047f9513dd8fd5bb06932cb2f783270914b34b8049a1ecf014cb864a332b60,roi-9fbc67c50ee3bc7145fa,66.20156021645535,16.175112361868898,-2.0,0.0,4600.0,237.0,255.0,True,calibration-eb9d488bc7684e6fa22d3d31fc7a1995,610.38,2235.4985486329188,0.03498924241039268,20,-2.625,400.0,True,1.15,31693426.0,2,8,0.7167231657403831,0.09842426066130457,5.0883969699725435,1,5,0.9474082644556043,0.11129564352097128,7.97493778883754,3,1,1.0357468879633969,0.12313533847302217,7.97493778883754,3,1,1.0357468879633969,0.12313533847302217,810,1.0,1.569285528224462,1.49424548842958,0.9928520317229794,0,0,0,1112,1.0,1.0,,0.0,0.0,0.9442446043165468,0.18,0.14448026199336614,2
2026-08-06_185641_699282_1_R3_C6,2026-08-06 18:56:41,S1,1,R3_C6,3,6,False,True,False,0,1467,1467,1068,1467,14.986825891199567,True,True,True,0.562855428608064,True,baseline-c1eac7604ec749ed85b407cc8401daf7,5a40306c002688d3274d10fb1dd05f03f54dfee4b3201d22c8cd7cf21dca0478,18047f9513dd8fd5bb06932cb2f783270914b34b8049a1ecf014cb864a332b60,roi-9fbc67c50ee3bc7145fa,50.62282647336126,11.248713621993785,-2.0,0.0,4600.0,237.0,255.0,True,calibration-eb9d488bc7684e6fa22d3d31fc7a1995,610.38,2235.4985486329188,0.03498924241039268,20,-3.5,400.0,False,1.1,24380652.0,1,5,0.7163185127627475,0.10206158426379047,2.915566907904073,1,3,0.9230564511324894,0.11324420662552971,4.15854959118379,3,1,1.1024216858443538,0.13102310646507914,4.15854959118379,3,1,1.1024216858443538,0.13102310646507914,1068,1.0,1.850175567134649,1.7144621221495577,1.1542927543298445,0,0,0,1467,1.0,1.0,,0.0,0.0,0.0,,0.1315956148200153,
2026-08-06_185929_681648_1_R3_C7,2026-08-06 18:59:29,S1,1,R3_C7,3,7,False,True,False,0,985,985,718,985,14.986721325391281,True,True,True,0.7601289035295914,True,baseline-8507ee4053fa4b8f8f63facea610bada,5a40306c002688d3274d10fb1dd05f03f54dfee4b3201d22c8cd7cf21dca0478,18047f9513dd8fd5bb06932cb2f783270914b34b8049a1ecf014cb864a332b60,roi-9fbc67c50ee3bc7145fa,51.24718064306298,11.312787927549047,-2.0,0.0,4600.0,237.0,255.0,True,calibration-eb9d488bc7684e6fa22d3d31fc7a1995,610.38,2235.4985486329188,0.03498924241039268,20,-1.75,600.0,False,1.1,16643466.0,1,5,0.7604496647864687,0.10593398343098351,2.9411162702664018,1,2,0.9730954245297524,0.1172450970908592,3.334518307856381,1,4,0.8207249202635954,0.1091926768843086,3.334518307856381,1,4,0.8207249202635954,0.1091926768843086,718,1.0,0.5607934077421394,0.517709570394913,0.4079228980502398,0,0,0,985,1.0,1.0,,0.0,0.0,0.0,,0.13139108551465,
2026-08-06_190205_982848_1_R3_C8,2026-08-06 19:02:05,S1,1,R3_C8,3,8,False,True,False,0,1326,1326,966,1326,14.986663060453482,True,True,True,0.31863354106860065,True,baseline-ceaed83d2cf746c8b0804ee0d19695f2,5a40306c002688d3274d10fb1dd05f03f54dfee4b3201d22c8cd7cf21dca0478,18047f9513dd8fd5bb06932cb2f783270914b34b8049a1ecf014cb864a332b60,roi-9fbc67c50ee3bc7145fa,51.787979721479466,11.414597818231462,-2.0,0.0,4600.0,237.0,255.0,True,calibration-eb9d488bc7684e6fa22d3d31fc7a1995,610.38,2235.4985486329188,0.03498924241039268,20,-2.625,600.0,False,1.1,23071255.0,1,5,0.7550194361931524,0.1040579532753427,3.0260258952625283,1,2,0.9652042405729366,0.1151642807656026,4.048702452897262,3,1,1.0404104359093558,0.1254514344579512,4.048702452897262,3,1,1.0404104359093558,0.1254514344579512,966,1.0,0.8975465516852568,0.8457884289174727,0.6735883811501858,0,0,0,1326,1.0,1.0,,0.0,0.0,0.0,,0.1303761989822219,
2026-08-06_190724_390600_1_R3_C9,2026-08-06 19:07:24,S1,1,R3_C9,3,9,False,True,False,0,1096,1096,799,1096,14.986498750221847,True,True,True,0.6721297953162456,True,baseline-d10b1154aa4349ceaa36e35b77c53dc4,5a40306c002688d3274d10fb1dd05f03f54dfee4b3201d22c8cd7cf21dca0478,18047f9513dd8fd5bb06932cb2f783270914b34b8049a1ecf014cb864a332b60,roi-9fbc67c50ee3bc7145fa,52.8035209199524,11.499244374446516,-2.0,0.0,4600.0,237.0,255.0,True,calibration-eb9d488bc7684e6fa22d3d31fc7a1995,610.38,2235.4985486329188,0.03498924241039268,20,-3.5,600.0,False,1.1,18525327.0,1,5,0.7304099812497901,0.10316102636866233,2.9831868060746998,1,2,0.940211948027924,0.11490056650358864,4.3595805190188415,3,1,1.1061446465985036,0.13769746334182742,4.3595805190188415,3,1,1.1061446465985036,0.13769746334182742,799,1.0,1.5124102357836873,1.4246632274036617,1.0446810609822297,0,0,0,1096,1.0,1.0,,0.0,0.0,0.0,,0.131353318212338,
2026-08-07_143439_978377_1_R3_C1_10,2026-08-07 14:34:39,S2,1,R3_C1_10,3,1,True,True,False,0,586,586,427,586,14.984330292498816,True,True,True,0.05295814815759196,True,baseline-b016fccaf62a4cbfb9cc161446e4c0f5,4cde17769ad834a7ff4b578d714cb13c8e8f28b980762587caadaaa8e6808b25,18047f9513dd8fd5bb06932cb2f783270914b34b8049a1ecf014cb864a332b60,roi-9fbc67c50ee3bc7145fa,9.851082738955155,4.081699943503785,-6.0,0.0,4600.0,228.0,148.0,True,calibration-d608ae623af84ade9bf19765a8fead47,604.3967647058823,634.5762299304121,0.15758548033065453,10,-1.75,200.0,False,1.1,3047062.0,1,2,0.8062772447100874,0.15537461577179865,0.9242382696621858,3,1,1.0458960774785315,0.17349693682371745,1.2412015641663705,3,1,1.065305070596986,0.17842678103120355,1.2412015641663705,3,1,1.065305070596986,0.17842678103120355,427,1.0,1.1909472235174694,1.1471010088410953,0.6351544112108274,0,0,0,586,1.0,1.0,,0.0,0.0,0.0,,0.1817065036138363,
2026-08-07_143559_165814_1_R3_C2_10,2026-08-07 14:35:59,S2,1,R3_C2_10,3,2,True,True,False,0,668,668,486,668,14.984362857463541,True,True,True,0.11105715522101217,True,baseline-36862ec989a6469184bc17be2df99e86,4cde17769ad834a7ff4b578d714cb13c8e8f28b980762587caadaaa8e6808b25,18047f9513dd8fd5bb06932cb2f783270914b34b8049a1ecf014cb864a332b60,roi-9fbc67c50ee3bc7145fa,9.853915825592358,4.057302549007378,-6.0,0.0,4600.0,228.0,148.0,True,calibration-d608ae623af84ade9bf19765a8fead47,604.3967647058823,634.5762299304121,0.15758548033065453,10,-2.625,200.0,False,1.1,3443891.0,1,2,0.7797287209848077,0.15249216571056426,0.9163749465164944,3,1,1.0114575552341154,0.16999777143244815,0.9473871311766797,1,2,0.7412126161371578,0.13807854911368891,0.9473871311766797,1,2,0.7412126161371578,0.13807854911368891,486,1.0,1.6357535474408367,1.5367170478549588,0.6916008606261266,0,0,0,668,1.0,1.0,,0.0,0.0,0.0,,0.18114186571303764,
2026-08-07_143708_058660_1_R3_C3_10,2026-08-07 14:37:08,S2,1,R3_C3_10,3,3,True,True,False,0,885,885,644,885,14.98437575594417,True,True,True,0.13939390438303947,True,baseline-21e141dbb3854d15b58b196b4ef398ea,4cde17769ad834a7ff4b578d714cb13c8e8f28b980762587caadaaa8e6808b25,18047f9513dd8fd5bb06932cb2f783270914b34b8049a1ecf014cb864a332b60,roi-9fbc67c50ee3bc7145fa,9.879433994343035,4.073211607120135,-6.0,0.0,4600.0,228.0,148.0,True,calibration-d608ae623af84ade9bf19765a8fead47,604.3967647058823,634.5762299304121,0.15758548033065453,10,-3.5,200.0,False,1.1,4532603.0,1,2,0.7997952782359696,0.15727985493314708,0.9103422166253952,3,1,1.0374877249495418,0.17512452019511385,1.1141130465694988,1,2,0.9802045827443281,0.16693194119383534,1.1141130465694988,1,2,0.9802045827443281,0.16693194119383534,644,1.0,2.4974583059920223,2.2920099980532367,0.8263753758615442,0,0,0,885,1.0,1.0,,0.0,0.0,0.0,,0.18465957725423626,
2026-08-07_143834_343810_1_R3_C4_10,2026-08-07 14:38:34,S2,1,R3_C4_10,3,4,True,True,False,0,513,513,374,513,14.984433545817813,True,True,True,0.08528780806320964,True,baseline-f37ae1034a1c4f448359b0475a2efbfe,4cde17769ad834a7ff4b578d714cb13c8e8f28b980762587caadaaa8e6808b25,18047f9513dd8fd5bb06932cb2f783270914b34b8049a1ecf014cb864a332b60,roi-9fbc67c50ee3bc7145fa,9.869277140328718,4.061423505735221,-6.0,0.0,4600.0,228.0,148.0,True,calibration-d608ae623af84ade9bf19765a8fead47,604.3967647058823,634.5762299304121,0.15758548033065453,10,-1.75,400.0,False,1.1,2644238.0,1,2,0.7959039318449704,0.1554437905824473,0.9161855739399857,3,1,1.0324399030580516,0.17330061879172798,1.1398862424457874,3,1,1.0303306660105718,0.17177656829003157,1.1398862424457874,3,1,1.0303306660105718,0.17177656829003157,374,1.0,1.0471566915772605,1.0131463853258644,0.506540034473981,0,0,0,513,1.0,1.0,,0.0,0.0,0.0,,0.18303874443938897,
2026-08-07_143951_031030_1_R3_C5_10,2026-08-07 14:39:51,S2,1,R3_C5_10,3,5,True,True,False,0,553,553,403,553,14.984474531922816,True,True,True,0.11635278722035933,True,baseline-e651887f68604dfbb734d0695afa15f5,4cde17769ad834a7ff4b578d714cb13c8e8f28b980762587caadaaa8e6808b25,18047f9513dd8fd5bb06932cb2f783270914b34b8049a1ecf014cb864a332b60,roi-9fbc67c50ee3bc7145fa,9.894418769996445,4.062138630867352,-6.0,0.0,4600.0,228.0,148.0,True,calibration-d608ae623af84ade9bf19765a8fead47,604.3967647058823,634.5762299304121,0.15758548033065453,10,-2.625,400.0,False,1.1,2859963.0,1,2,0.796852836373069,0.1517864084976438,0.9192540574663366,3,1,1.0336708140509534,0.16934899394787642,1.2632420902950587,3,1,1.2681073968326464,0.18482862272374398,1.2632420902950587,3,1,1.2681073968326464,0.18482862272374398,403,1.0,1.4664727282428909,1.3777613364205146,0.6031406670926696,0,0,0,553,1.0,1.0,,0.0,0.0,0.0,,0.17826484986608487,
2026-08-07_144054_585104_1_R3_C6_10,2026-08-07 14:40:54,S2,1,R3_C6_10,3,6,True,True,False,0,594,594,433,594,14.984425113568363,True,True,True,0.15013946580986037,True,baseline-5447ab93c621485389a864405900b7a3,4cde17769ad834a7ff4b578d714cb13c8e8f28b980762587caadaaa8e6808b25,18047f9513dd8fd5bb06932cb2f783270914b34b8049a1ecf014cb864a332b60,roi-9fbc67c50ee3bc7145fa,9.900999242646717,4.0788229849736926,-6.0,0.0,4600.0,228.0,148.0,True,calibration-d608ae623af84ade9bf19765a8fead47,604.3967647058823,634.5762299304121,0.15758548033065453,10,-3.5,400.0,False,1.1,3096465.0,1,2,0.7770049601907492,0.15357182392123067,0.9265737718457238,3,1,1.0079243155833788,0.1712990791221988,1.2536437966583718,3,1,1.0840156905228433,0.17900758964574573,1.2536437966583718,3,1,1.0840156905228433,0.17900758964574573,433,1.0,2.847767218719297,2.589674409493374,0.9484626047356364,0,0,0,594,1.0,1.0,,0.0,0.0,0.0,,0.1829158368847115,
2026-08-07_144200_325579_1_R3_C7_10,2026-08-07 14:42:00,S2,1,R3_C7_10,3,7,True,True,False,0,496,496,362,496,14.98447678611285,True,True,True,0.09828083235391401,True,baseline-8c350d75271248a18a57225e9af98af7,4cde17769ad834a7ff4b578d714cb13c8e8f28b980762587caadaaa8e6808b25,18047f9513dd8fd5bb06932cb2f783270914b34b8049a1ecf014cb864a332b60,roi-9fbc67c50ee3bc7145fa,9.928689006012458,4.072609576708855,-6.0,0.0,4600.0,228.0,148.0,True,calibration-d608ae623af84ade9bf19765a8fead47,604.3967647058823,634.5762299304121,0.15758548033065453,10,-1.75,600.0,False,1.1,2629446.0,1,2,0.7907109477900536,0.1553199825697807,0.9422862458860357,3,1,1.0257036077091737,0.17311076506962564,1.167792392463562,1,2,0.9774686179836077,0.16565940140410565,1.167792392463562,1,2,0.9774686179836077,0.16565940140410565,362,1.0,1.1405669931321896,1.110205805661357,0.5925169423605272,0,0,0,496,1.0,1.0,,0.0,0.0,0.0,,0.1826549850297198,
2026-08-07_144307_932339_1_R3_C8_10,2026-08-07 14:43:07,S2,1,R3_C8_10,3,8,True,True,False,0,523,523,382,523,14.984501185957521,True,True,True,0.03667451952069989,True,baseline-5587574406e44e1293a2064da1f7082f,4cde17769ad834a7ff4b578d714cb13c8e8f28b980762587caadaaa8e6808b25,18047f9513dd8fd5bb06932cb2f783270914b34b8049a1ecf014cb864a332b60,roi-9fbc67c50ee3bc7145fa,9.931498168441552,4.083190316167957,-6.0,0.0,4600.0,228.0,148.0,True,calibration-d608ae623af84ade9bf19765a8fead47,604.3967647058823,634.5762299304121,0.15758548033065453,10,-2.625,600.0,False,1.1,2829878.0,1,2,0.7964220813742053,0.15633885249848545,0.9617590822179727,3,1,1.0331120422802964,0.17414014495090474,1.258087451119801,3,1,1.2496967766805918,0.16912408796081269,1.258087451119801,3,1,1.2496967766805918,0.16912408796081269,382,1.0,1.5567839560446513,1.472528902475195,0.6827755408385073,0,0,0,523,1.0,1.0,,0.0,0.0,0.0,,0.18313367240861267,
2026-08-07_144428_518012_1_R3_C9_10,2026-08-07 14:44:28,S2,1,R3_C9_10,3,9,True,True,False,0,552,552,403,552,14.984549694089539,True,True,True,0.1236051623824584,True,baseline-8a5a5b9dbf14442b8edb370b048f2dfc,4cde17769ad834a7ff4b578d714cb13c8e8f28b980762587caadaaa8e6808b25,18047f9513dd8fd5bb06932cb2f783270914b34b8049a1ecf014cb864a332b60,roi-9fbc67c50ee3bc7145fa,9.998728728419296,4.09604631444735,-6.0,0.0,4600.0,228.0,148.0,True,calibration-d608ae623af84ade9bf19765a8fead47,604.3967647058823,634.5762299304121,0.15758548033065453,10,-3.5,600.0,False,1.1,3041857.0,1,2,0.7965908394555693,0.15557340034180706,0.9794899586289333,3,1,1.0333309538476265,0.17311194083565284,0.9573409171702808,1,2,0.8078013658814557,0.13498097506224147,0.9573409171702808,1,2,0.8078013658814557,0.13498097506224147,403,1.0,3.516063814245512,2.5726067881271018,0.9807610706445272,0,0,0,552,1.0,1.0,,0.0,0.0,0.0,,0.1819891490264746,
2026-08-06_191115_902071_1_R4_C1,2026-08-06 19:11:15,S1,1,R4_C1,4,1,False,True,False,0,1166,1166,850,1166,14.986446080137771,True,True,True,0.44151974296825913,True,baseline-4c8d7ced3ab847a7bb74d955c16ec96a,5a40306c002688d3274d10fb1dd05f03f54dfee4b3201d22c8cd7cf21dca0478,18047f9513dd8fd5bb06932cb2f783270914b34b8049a1ecf014cb864a332b60,roi-9fbc67c50ee3bc7145fa,50.639813693276494,10.636656579322379,-2.0,0.0,4600.0,237.0,255.0,True,calibration-eb9d488bc7684e6fa22d3d31fc7a1995,610.38,2235.4985486329188,0.03498924241039268,20,-1.75,200.0,False,1.1,20980285.0,1,5,0.7806292932632607,0.10919678822361219,2.687587152738692,3,9,0.8416584822041373,0.10326494554296173,4.22256426042789,1,2,0.8861872080463203,0.12469427306817138,4.22256426042789,1,2,0.8861872080463203,0.12469427306817138,850,1.0,0.6842642050323521,0.623411658737421,0.46167887720631967,0,0,0,1166,1.0,1.0,,0.0,0.0,0.0,,0.13245935081650664,
2026-08-06_191358_881488_1_R4_C2,2026-08-06 19:13:58,S1,1,R4_C2,4,2,False,True,False,0,1330,1330,969,1330,14.986321223178688,True,True,True,0.44013462882708,True,baseline-d5ab00a61c814310a0c244decaf06051,5a40306c002688d3274d10fb1dd05f03f54dfee4b3201d22c8cd7cf21dca0478,18047f9513dd8fd5bb06932cb2f783270914b34b8049a1ecf014cb864a332b60,roi-9fbc67c50ee3bc7145fa,50.66395619582197,10.702104147968843,-2.0,0.0,4600.0,237.0,255.0,True,calibration-eb9d488bc7684e6fa22d3d31fc7a1995,610.38,2235.4985486329188,0.03498924241039268,20,-2.625,200.0,False,1.1,24719290.0,1,4,0.7922711473322755,0.11243574206023256,2.7521610318658745,1,9,0.8601189272374797,0.10574145959359589,3.9529013390795753,1,2,0.9809668788289831,0.12108852378777038,3.9529013390795753,1,2,0.9809668788289831,0.12108852378777038,969,1.0,0.9417775347613733,0.8744140527993169,0.608553089563666,0,0,0,1330,1.0,1.0,,0.0,0.0,0.0007518796992481203,0.0,0.1321622668937446,1
2026-08-06_192118_888808_1_R4_C3,2026-08-06 19:21:18,S1,1,R4_C3,4,3,False,True,False,0,1776,1776,1295,1776,14.986276745825093,True,True,True,0.7188088393954826,True,baseline-fd7f96b7301f47d68a03f37bc2ce6be0,5a40306c002688d3274d10fb1dd05f03f54dfee4b3201d22c8cd7cf21dca0478,18047f9513dd8fd5bb06932cb2f783270914b34b8049a1ecf014cb864a332b60,roi-9fbc67c50ee3bc7145fa,51.4461928418681,10.671356716461663,-2.0,0.0,4600.0,237.0,255.0,True,calibration-eb9d488bc7684e6fa22d3d31fc7a1995,610.38,2235.4985486329188,0.03498924241039268,20,-3.5,200.0,False,1.1,31757176.0,1,4,0.7727711011247034,0.10653439875595402,2.6417048955683127,1,9,0.8331911451301259,0.09967160213158455,4.019855317839003,1,2,0.9977860046795811,0.1214881332211466,4.019855317839003,1,2,0.9977860046795811,0.1214881332211466,1295,1.0,2.3929972141414315,2.1708044050061384,1.1629299102225734,0,0,0,1776,1.0,1.0,,0.0,0.0,0.0,,0.131609896757659,
2026-08-06_192659_980626_1_R4_C4,2026-08-06 19:26:59,S1,1,R4_C4,4,4,False,True,False,0,1022,1022,745,1022,14.9861704421294,True,True,True,0.6292918762095331,True,baseline-4f69e3a5589c49fda5794f2fe7280953,5a40306c002688d3274d10fb1dd05f03f54dfee4b3201d22c8cd7cf21dca0478,18047f9513dd8fd5bb06932cb2f783270914b34b8049a1ecf014cb864a332b60,roi-9fbc67c50ee3bc7145fa,51.67414057324116,10.723886501646852,-2.0,0.0,4600.0,237.0,255.0,True,calibration-eb9d488bc7684e6fa22d3d31fc7a1995,610.38,2235.4985486329188,0.03498924241039268,20,-1.75,400.0,False,1.1,18561118.0,1,4,0.7666578288789796,0.10725230618439412,2.7126858164100813,3,9,0.8439692708242905,0.10157691773010055,3.626750808065261,1,5,0.9075582017988024,0.1124940951555381,3.626750808065261,1,5,0.9075582017988024,0.1124940951555381,745,1.0,0.6680692065068432,0.6087293180603018,0.4743702279573518,0,0,0,1022,1.0,1.0,,0.0,0.0,0.0,,0.1321601637249614,
2026-08-06_192914_525462_1_R4_C5,2026-08-06 19:29:14,S1,1,R4_C5,4,5,False,True,False,0,1387,1387,1011,1387,14.986196536396335,True,True,True,0.9413387941999187,True,baseline-2a43d15201e44d05b54b0aaafea9fc82,5a40306c002688d3274d10fb1dd05f03f54dfee4b3201d22c8cd7cf21dca0478,18047f9513dd8fd5bb06932cb2f783270914b34b8049a1ecf014cb864a332b60,roi-9fbc67c50ee3bc7145fa,51.6920182473744,10.67309339503752,-2.0,0.0,4600.0,237.0,255.0,True,calibration-eb9d488bc7684e6fa22d3d31fc7a1995,610.38,2235.4985486329188,0.03498924241039268,20,-2.625,400.0,False,1.1,25821619.0,1,4,0.78667311239157,0.10988132875440332,2.7340853470832696,3,9,0.840076365243492,0.10186795653856329,3.6564568262274895,3,5,0.9123304108726209,0.11086503152748117,3.6564568262274895,3,5,0.9123304108726209,0.11086503152748117,1011,1.0,1.1870160838619337,1.0751452755949522,0.8091645162053098,0,0,0,1387,1.0,1.0,,0.0,0.0,0.0,,0.13164649853467383,
2026-08-06_193335_273481_1_R4_C6,2026-08-06 19:33:35,S1,1,R4_C6,4,6,False,True,False,0,1468,1468,1070,1468,14.986195700981558,True,True,True,0.3077208593924144,True,baseline-9bc07903c2494e9b8467a2eec9fd02f4,5a40306c002688d3274d10fb1dd05f03f54dfee4b3201d22c8cd7cf21dca0478,18047f9513dd8fd5bb06932cb2f783270914b34b8049a1ecf014cb864a332b60,roi-9fbc67c50ee3bc7145fa,51.84650440671614,10.724367622141646,-2.0,0.0,4600.0,237.0,255.0,True,calibration-eb9d488bc7684e6fa22d3d31fc7a1995,610.38,2235.4985486329188,0.03498924241039268,20,-3.5,400.0,False,1.1,26841638.0,1,4,0.7804119596823778,0.1085705577948507,2.674084344701551,1,9,0.8327730811817409,0.10104721704139488,4.216099738340772,4,1,1.0219360340324917,0.12528083787199895,4.216099738340772,4,1,1.0219360340324917,0.12528083787199895,1070,1.0,2.2618787786586174,2.072048653580797,1.271181444596853,0,0,0,1468,1.0,1.0,,0.0,0.0,0.0,,0.13209868020017254,
2026-08-06_193621_292128_1_R4_C7,2026-08-06 19:36:21,S1,1,R4_C7,4,7,False,True,False,0,987,987,719,987,14.986138953060086,True,True,True,1.029080379421399,True,baseline-0fb2b71b8a794c008d05bcaa87e47e99,5a40306c002688d3274d10fb1dd05f03f54dfee4b3201d22c8cd7cf21dca0478,18047f9513dd8fd5bb06932cb2f783270914b34b8049a1ecf014cb864a332b60,roi-9fbc67c50ee3bc7145fa,51.698292829096246,10.723880115623707,-2.0,0.0,4600.0,237.0,255.0,True,calibration-eb9d488bc7684e6fa22d3d31fc7a1995,610.38,2235.4985486329188,0.03498924241039268,20,-1.75,600.0,False,1.1,18627493.0,1,4,0.7868816233892524,0.11186779806676278,2.8291053708637395,1,9,0.864433169757006,0.10613316910278545,3.5608742496536863,2,5,0.7583791285777381,0.10452236949226126,3.5608742496536863,2,5,0.7583791285777381,0.10452236949226126,719,1.0,0.7063555968702235,0.5785982662401242,0.4363462815351815,0,0,0,987,1.0,1.0,,0.0,0.0,0.0,,0.13220247275030386,
2026-08-06_194249_708059_1_R4_C8,2026-08-06 19:42:49,S1,1,R4_C8,4,8,False,True,False,0,1328,1328,969,1328,14.986121514403383,True,True,True,0.5708396117072875,True,baseline-8aede9ccc2e74301a8219e80b42dee51,5a40306c002688d3274d10fb1dd05f03f54dfee4b3201d22c8cd7cf21dca0478,18047f9513dd8fd5bb06932cb2f783270914b34b8049a1ecf014cb864a332b60,roi-9fbc67c50ee3bc7145fa,51.86936110980988,10.712939746023107,-2.0,0.0,4600.0,237.0,255.0,True,calibration-eb9d488bc7684e6fa22d3d31fc7a1995,610.38,2235.4985486329188,0.03498924241039268,20,-2.625,600.0,False,1.1,25506643.0,1,4,0.7876826596555845,0.10998755623034584,2.849524214795969,1,9,0.8531535155067546,0.10305792907593529,2.8503924888410035,2,9,0.6426836405765571,0.08279104152928053,2.8503924888410035,2,9,0.6426836405765571,0.08279104152928053,969,1.0,1.0046777522488402,0.9177678067886348,0.7279240921576537,0,0,0,1328,1.0,1.0,,0.0,0.0,0.0007530120481927711,0.0,0.1318333599969223,3
2026-08-06_194530_798719_1_R4_C9,2026-08-06 19:45:30,S1,1,R4_C9,4,9,False,True,False,0,1098,1098,801,1098,14.986091749132978,True,True,True,0.5084248832178575,True,baseline-b9965e1859bb439c9e590e24dc0de071,5a40306c002688d3274d10fb1dd05f03f54dfee4b3201d22c8cd7cf21dca0478,18047f9513dd8fd5bb06932cb2f783270914b34b8049a1ecf014cb864a332b60,roi-9fbc67c50ee3bc7145fa,52.16964621969551,10.751940564424954,-2.0,0.0,4600.0,237.0,255.0,True,calibration-eb9d488bc7684e6fa22d3d31fc7a1995,610.38,2235.4985486329188,0.03498924241039268,20,-3.5,600.0,False,1.1,20096886.0,1,5,0.7764615637948102,0.10792044837208059,2.6866703023418066,3,9,0.8196098343498064,0.09999923310073422,3.5228567030937357,7,9,0.8784481203127447,0.10643362028605621,3.5228567030937357,7,9,0.8784481203127447,0.10643362028605621,801,1.0,1.62362231891223,1.510321595100834,1.0851929351755485,0,0,0,1098,1.0,1.0,,0.0,0.0,0.0,,0.13256421347907624,
2026-08-07_142150_188860_1_R4_C1_10,2026-08-07 14:21:50,S2,1,R4_C1_10,4,1,True,True,False,0,585,585,426,585,14.983883970427765,True,True,True,0.13715437066518868,True,baseline-8948f1d0a69e496ba6d198cbe9677aa3,4cde17769ad834a7ff4b578d714cb13c8e8f28b980762587caadaaa8e6808b25,18047f9513dd8fd5bb06932cb2f783270914b34b8049a1ecf014cb864a332b60,roi-9fbc67c50ee3bc7145fa,8.750758942752629,3.485960705177814,-6.0,0.0,4600.0,228.0,148.0,True,calibration-d608ae623af84ade9bf19765a8fead47,604.3967647058823,634.5762299304121,0.15758548033065453,10,-1.75,200.0,False,1.1,1670580.0,1,6,0.46225017757249065,0.09123699812155267,0.4395401427877954,3,6,0.49005967407853973,0.08822236736698895,0.6386024318916423,1,4,0.5736025289778715,0.10359860748308622,0.6386024318916423,1,4,0.5736025289778715,0.10359860748308622,426,1.0,0.9541358024311065,0.9037555720458268,0.46594259831565166,0,0,0,585,1.0,1.0,,0.0,0.0,0.0,,0.18786399807771942,
2026-08-07_142331_778138_1_R4_C2_10,2026-08-07 14:23:31,S2,1,R4_C2_10,4,2,True,True,False,0,666,666,485,666,14.983985575021162,True,True,True,0.07057564870515559,True,baseline-561ea7454f364a719d13352979449691,4cde17769ad834a7ff4b578d714cb13c8e8f28b980762587caadaaa8e6808b25,18047f9513dd8fd5bb06932cb2f783270914b34b8049a1ecf014cb864a332b60,roi-9fbc67c50ee3bc7145fa,8.866071966325595,3.4893462414658667,-6.0,0.0,4600.0,228.0,148.0,True,calibration-d608ae623af84ade9bf19765a8fead47,604.3967647058823,634.5762299304121,0.15758548033065453,10,-2.625,200.0,False,1.1,1793322.0,1,6,0.4341666803857749,0.08629895220700137,0.41444908044877293,3,7,0.45757007337440625,0.08332100288690641,0.6438356164383562,3,4,0.5603680659161806,0.09933454701391524,0.6438356164383562,3,4,0.5603680659161806,0.09933454701391524,485,1.0,1.7380392068124317,1.6114477229264568,0.6710128415376782,0,0,0,666,1.0,1.0,,0.0,0.0,0.0,,0.1894429305525026,
2026-08-07_142448_171570_1_R4_C3_10,2026-08-07 14:24:48,S2,1,R4_C3_10,4,3,True,True,False,0,884,884,643,884,14.983980554676384,True,True,True,0.09978858202858515,True,baseline-99c54542e47d4921a45349589bdcb410,4cde17769ad834a7ff4b578d714cb13c8e8f28b980762587caadaaa8e6808b25,18047f9513dd8fd5bb06932cb2f783270914b34b8049a1ecf014cb864a332b60,roi-9fbc67c50ee3bc7145fa,8.779453037244686,3.4875537558794623,-6.0,0.0,4600.0,228.0,148.0,True,calibration-d608ae623af84ade9bf19765a8fead47,604.3967647058823,634.5762299304121,0.15758548033065453,10,-3.5,200.0,False,1.1,2464474.0,1,6,0.44059344961404534,0.08617667793566687,0.4291005873229339,3,8,0.4743730570418314,0.08350094429991572,0.4374326612282592,3,9,0.3271731124794185,0.06681061694618502,0.4374326612282592,3,9,0.3271731124794185,0.06681061694618502,643,1.0,2.962481624137631,2.5742601683126924,0.871279102022963,0,0,0,884,1.0,1.0,,0.0,0.0,0.0,,0.1848610975628123,
2026-08-07_142628_905280_1_R4_C4_10,2026-08-07 14:26:28,S2,1,R4_C4_10,4,4,True,True,False,0,513,513,373,513,14.98409867659814,True,True,True,0.09370048876268358,True,baseline-4a500af12fb241219f64b0e5fa0ee8d3,4cde17769ad834a7ff4b578d714cb13c8e8f28b980762587caadaaa8e6808b25,18047f9513dd8fd5bb06932cb2f783270914b34b8049a1ecf014cb864a332b60,roi-9fbc67c50ee3bc7145fa,8.792151561590298,3.499314174688951,-6.0,0.0,4600.0,228.0,148.0,True,calibration-d608ae623af84ade9bf19765a8fead47,604.3967647058823,634.5762299304121,0.15758548033065453,10,-1.75,400.0,False,1.1,1469307.0,1,6,0.455247717343111,0.08958258239509749,0.4408413419778988,3,6,0.46705367858474106,0.08652913258266344,0.5930429428967215,1,6,0.5066168087627618,0.09249970140882645,0.5930429428967215,1,6,0.5066168087627618,0.09249970140882645,373,1.0,0.8880330460415319,0.8652751358520332,0.43880811797985464,0,0,0,513,1.0,1.0,,0.0,0.0,0.0,,0.19174231214019682,
2026-08-07_142725_765637_1_R4_C5_10,2026-08-07 14:27:25,S2,1,R4_C5_10,4,5,True,True,False,0,553,553,403,553,14.984134512725019,True,True,True,0.12435437842812529,True,baseline-62d5b218e6ec4cdfbcc2d9156cc7d045,4cde17769ad834a7ff4b578d714cb13c8e8f28b980762587caadaaa8e6808b25,18047f9513dd8fd5bb06932cb2f783270914b34b8049a1ecf014cb864a332b60,roi-9fbc67c50ee3bc7145fa,8.749959883284921,3.4895776152238374,-6.0,0.0,4600.0,228.0,148.0,True,calibration-d608ae623af84ade9bf19765a8fead47,604.3967647058823,634.5762299304121,0.15758548033065453,10,-2.625,400.0,False,1.1,1573226.0,1,6,0.45236917683512434,0.09041719443162968,0.4378779912609547,3,6,0.48604666216480114,0.08751947753387307,0.44836078189933815,3,9,0.279282302808423,0.06693156258034054,0.44836078189933815,3,9,0.279282302808423,0.06693156258034054,403,1.0,1.6686102194312364,1.5967960810462938,0.7379098518247504,0,0,0,553,1.0,1.0,,0.0,0.0,0.0,,0.18857365048444774,
2026-08-07_142829_384154_1_R4_C6_10,2026-08-07 14:28:29,S2,1,R4_C6_10,4,6,True,True,False,0,592,592,432,592,14.984117824095954,True,True,True,0.10447327525139233,True,baseline-1ce2a601a13a4e4b8204ecb97fe93cc3,4cde17769ad834a7ff4b578d714cb13c8e8f28b980762587caadaaa8e6808b25,18047f9513dd8fd5bb06932cb2f783270914b34b8049a1ecf014cb864a332b60,roi-9fbc67c50ee3bc7145fa,8.792305478782849,3.4908037875210685,-6.0,0.0,4600.0,228.0,148.0,True,calibration-d608ae623af84ade9bf19765a8fead47,604.3967647058823,634.5762299304121,0.15758548033065453,10,-3.5,400.0,False,1.1,1710289.0,1,6,0.4438516177085036,0.08920503164887406,0.444667029273386,3,7,0.4814331680650851,0.0862572849873797,0.6913960289364321,1,5,0.5529046919984748,0.10702637411654778,0.6913960289364321,1,5,0.5529046919984748,0.10702637411654778,432,1.0,2.4823361241179223,2.121977126140843,0.7563584682363839,0,0,0,592,1.0,1.0,,0.0,0.0,0.0,,0.18834698209533685,
2026-08-07_142948_893571_1_R4_C7_10,2026-08-07 14:29:48,S2,1,R4_C7_10,4,7,True,True,False,0,496,496,361,496,14.984191945890213,True,True,True,0.11479823685144434,True,baseline-6966b40b59f747cab5f590ffa3030b92,4cde17769ad834a7ff4b578d714cb13c8e8f28b980762587caadaaa8e6808b25,18047f9513dd8fd5bb06932cb2f783270914b34b8049a1ecf014cb864a332b60,roi-9fbc67c50ee3bc7145fa,8.825698817514438,3.495559780851759,-6.0,0.0,4600.0,228.0,148.0,True,calibration-d608ae623af84ade9bf19765a8fead47,604.3967647058823,634.5762299304121,0.15758548033065453,10,-1.75,600.0,False,1.1,1456152.0,1,6,0.45277921761326306,0.08963683512077364,0.45186860436826926,3,6,0.47530193459176046,0.08667385812618437,0.5504078805602586,3,7,0.5228084984014882,0.08686070597424675,0.5504078805602586,3,7,0.5228084984014882,0.08686070597424675,361,1.0,1.0004109770072152,0.966872833301459,0.5173407488868819,0,0,0,496,1.0,1.0,,0.0,0.0,0.0,,0.18938543135922142,
2026-08-07_143104_921482_1_R4_C8_10,2026-08-07 14:31:04,S2,1,R4_C8_10,4,8,True,True,False,0,524,524,381,524,14.984222568762803,True,True,True,0.09626868814030863,True,baseline-efe7c9a271c24bacaad3a89a800abd16,4cde17769ad834a7ff4b578d714cb13c8e8f28b980762587caadaaa8e6808b25,18047f9513dd8fd5bb06932cb2f783270914b34b8049a1ecf014cb864a332b60,roi-9fbc67c50ee3bc7145fa,8.824480864077735,3.4988925140051634,-6.0,0.0,4600.0,228.0,148.0,True,calibration-d608ae623af84ade9bf19765a8fead47,604.3967647058823,634.5762299304121,0.15758548033065453,10,-2.625,600.0,False,1.1,1538517.0,1,6,0.44857574038233333,0.08949852179278014,0.4519164452883121,3,6,0.4763818815423569,0.08641391248159859,0.5420963521625366,3,8,0.4529680792019057,0.08083185205583501,0.5420963521625366,3,8,0.4529680792019057,0.08083185205583501,381,1.0,1.8539056239400586,1.6471276348804762,0.7417173807498455,0,0,0,524,1.0,1.0,,0.0,0.0,0.0,,0.18994326359657823,
2026-08-07_143211_557162_1_R4_C9_10,2026-08-07 14:32:11,S2,1,R4_C9_10,4,9,True,True,False,0,550,550,400,550,14.984231813598205,True,True,True,0.09466752631854389,True,baseline-fc227a808fbe496e8dddb1b8b38550c0,4cde17769ad834a7ff4b578d714cb13c8e8f28b980762587caadaaa8e6808b25,18047f9513dd8fd5bb06932cb2f783270914b34b8049a1ecf014cb864a332b60,roi-9fbc67c50ee3bc7145fa,8.891752715300038,3.5007215162417973,-6.0,0.0,4600.0,228.0,148.0,True,calibration-d608ae623af84ade9bf19765a8fead47,604.3967647058823,634.5762299304121,0.15758548033065453,10,-3.5,600.0,False,1.1,1561722.0,1,6,0.43404954993389433,0.08705700679182252,0.4370470286985601,3,7,0.46336047697920063,0.08411504628819591,0.5019239649068801,3,9,0.39433378390812834,0.07240107783184167,0.5019239649068801,3,9,0.39433378390812834,0.07240107783184167,400,1.0,2.7308461429845705,2.5794531450388782,0.902819684223404,0,0,0,550,1.0,1.0,,0.0,0.0,0.0,,0.18956511098650577,
2026-08-06_194830_490665_1_R5_C1,2026-08-06 19:48:30,S1,1,R5_C1,5,1,False,True,False,0,1169,1169,852,1169,14.986124091064301,True,True,True,0.28686330838566376,True,baseline-e2c0644eba2b40e1a5c3542ba3d78fe0,5a40306c002688d3274d10fb1dd05f03f54dfee4b3201d22c8cd7cf21dca0478,18047f9513dd8fd5bb06932cb2f783270914b34b8049a1ecf014cb864a332b60,roi-9fbc67c50ee3bc7145fa,52.074886179443176,10.686250083822111,-2.0,0.0,4600.0,237.0,255.0,True,calibration-eb9d488bc7684e6fa22d3d31fc7a1995,610.38,2235.4985486329188,0.03498924241039268,20,-1.75,200.0,False,1.1,24881821.0,1,3,0.8848783543121522,0.12386204536217954,3.1198041267942584,3,5,0.9633956637997958,0.11446691415124716,3.395422149122807,3,8,0.7975719181230393,0.1010225530572339,3.395422149122807,3,8,0.7975719181230393,0.1010225530572339,852,1.0,0.07205148795446607,0.012090630566445437,0.0610281065727403,0,0,0,1169,1.0,1.0,,0.0,0.0,0.000855431993156544,0.0,0.1322783216826055,3
2026-08-06_195131_049166_1_R5_C2,2026-08-06 19:51:31,S1,1,R5_C2,5,2,False,True,False,0,1332,1332,971,1332,14.986091355014006,True,True,True,0.47113697413659217,True,baseline-24ebd2dbb2234d75996dd0756c80bf35,5a40306c002688d3274d10fb1dd05f03f54dfee4b3201d22c8cd7cf21dca0478,18047f9513dd8fd5bb06932cb2f783270914b34b8049a1ecf014cb864a332b60,roi-9fbc67c50ee3bc7145fa,52.11362681970885,10.685144016108737,-2.0,0.0,4600.0,237.0,255.0,True,calibration-eb9d488bc7684e6fa22d3d31fc7a1995,610.38,2235.4985486329188,0.03498924241039268,20,-2.625,200.0,False,1.1,27203757.0,1,3,0.8712011269223665,0.12243951048656922,2.744084252971137,1,9,0.8498093582431755,0.10371279414972212,3.4934210526315788,4,7,0.8773388704656887,0.10622663194952849,3.4934210526315788,4,7,0.8773388704656887,0.10622663194952849,971,1.0,0.7218597373237114,0.6071692641348783,0.4634202625542956,0,0,0,1332,1.0,1.0,,0.0,0.0,0.0,,0.13239091137244854,
2026-08-06_195403_454504_1_R5_C3,2026-08-06 19:54:03,S1,1,R5_C3,5,3,False,True,False,0,1495,1495,1090,1495,14.986096544575531,True,True,True,0.8657266679470881,True,baseline-754de768d64d4c36b9a28c8dd5b8efb9,5a40306c002688d3274d10fb1dd05f03f54dfee4b3201d22c8cd7cf21dca0478,18047f9513dd8fd5bb06932cb2f783270914b34b8049a1ecf014cb864a332b60,roi-9fbc67c50ee3bc7145fa,52.10559091342487,10.663919228351808,-2.0,0.0,4600.0,237.0,255.0,True,calibration-eb9d488bc7684e6fa22d3d31fc7a1995,610.38,2235.4985486329188,0.03498924241039268,20,-3.5,200.0,False,1.1,31136179.0,1,3,0.834654804428631,0.11951639819198707,2.7799324338044173,1,9,0.8133681983531948,0.10083334287448655,3.099643640350877,3,8,0.6359576645860485,0.08990842514025406,3.099643640350877,3,8,0.6359576645860485,0.08990842514025406,1090,1.0,1.0363286918274632,0.9220294371049952,0.6462845455400461,0,0,0,1495,1.0,1.0,,0.0,0.0,0.0013377926421404682,0.0,0.1325287370282169,1
2026-08-06_195745_434078_1_R5_C4,2026-08-06 19:57:45,S1,1,R5_C4,5,4,False,True,False,0,1024,1024,747,1024,14.986066696184258,True,True,True,0.9028245554345986,True,baseline-9bdb65fa37194af4a71ae86d24c6c2bf,5a40306c002688d3274d10fb1dd05f03f54dfee4b3201d22c8cd7cf21dca0478,18047f9513dd8fd5bb06932cb2f783270914b34b8049a1ecf014cb864a332b60,roi-9fbc67c50ee3bc7145fa,52.24323733202687,10.695764394555775,-2.0,0.0,4600.0,237.0,255.0,True,calibration-eb9d488bc7684e6fa22d3d31fc7a1995,610.38,2235.4985486329188,0.03498924241039268,20,-1.75,400.0,False,1.1,21491703.0,1,3,0.8858203354961052,0.12419199615209833,2.840808013940453,1,9,0.8739185728155628,0.10663070991326068,3.3789747807017543,1,8,0.7834214807497984,0.10063115309533643,3.3789747807017543,1,8,0.7834214807497984,0.10063115309533643,747,1.0,0.288129399829036,0.212107698913213,0.17023150552860117,0,0,0,1024,1.0,1.0,,0.0,0.0,0.0,,0.13168330663099687,
2026-08-06_200232_791572_1_R5_C5,2026-08-06 20:02:32,S1,1,R5_C5,5,5,False,True,False,0,1389,1389,1012,1389,14.986034534507125,True,True,True,0.695671527454881,True,baseline-a118fff5245040249b60cc05282e0805,5a40306c002688d3274d10fb1dd05f03f54dfee4b3201d22c8cd7cf21dca0478,18047f9513dd8fd5bb06932cb2f783270914b34b8049a1ecf014cb864a332b60,roi-9fbc67c50ee3bc7145fa,52.069284539473685,10.672448950029965,-2.0,0.0,4600.0,237.0,255.0,True,calibration-c24137dc26004157a2184190f44d1fa1,614.4433823529412,3000.47574760316,0.03332804808700175,20,-2.625,400.0,False,1.1,29250156.0,1,3,0.8509478155326037,0.12308484940762608,2.8264692806736393,1,8,0.8362452369307846,0.10467273590617335,3.965186403508772,1,2,0.8947477080207475,0.11618500714086395,3.965186403508772,1,2,0.8947477080207475,0.11618500714086395,1012,1.0,0.5407152685345297,0.4620728930157973,0.3805392515575105,0,0,0,1389,1.0,1.0,,0.0,0.0,0.0,,0.13255391862752589,
2026-08-06_200455_454425_1_R5_C6,2026-08-06 20:04:55,S1,1,R5_C6,5,6,False,True,False,0,1473,1473,1074,1473,14.986047363607678,True,True,True,0.2838892541362199,True,baseline-2ca346699e45407a8b65bb96601a8c6b,5a40306c002688d3274d10fb1dd05f03f54dfee4b3201d22c8cd7cf21dca0478,18047f9513dd8fd5bb06932cb2f783270914b34b8049a1ecf014cb864a332b60,roi-9fbc67c50ee3bc7145fa,52.091250119183826,10.688067253289017,-2.0,0.0,4600.0,237.0,255.0,True,calibration-c24137dc26004157a2184190f44d1fa1,614.4433823529412,3000.47574760316,0.03332804808700175,20,-3.5,400.0,False,1.1,30505673.0,1,3,0.8762163534814033,0.12496524563991723,2.7834350218190673,1,7,0.8632257408764764,0.10656158312851645,3.2537006578947367,1,9,0.8075055227271913,0.10120333480514661,3.2537006578947367,1,9,0.8075055227271913,0.10120333480514661,1074,1.0,0.9712740549875963,0.8658233021991448,0.6419691761121199,0,0,0,1473,1.0,1.0,,0.0,0.0,0.0,,0.13293163237228306,
2026-08-06_201033_905050_1_R5_C7,2026-08-06 20:10:33,S1,1,R5_C7,5,7,False,True,False,0,992,992,723,992,14.986004414525027,True,True,True,1.0334198167618496,True,baseline-bfdee089d4f0432994b63399d0496240,5a40306c002688d3274d10fb1dd05f03f54dfee4b3201d22c8cd7cf21dca0478,18047f9513dd8fd5bb06932cb2f783270914b34b8049a1ecf014cb864a332b60,roi-9fbc67c50ee3bc7145fa,52.33795468630816,10.73736729105453,-2.0,0.0,4600.0,237.0,255.0,True,calibration-c24137dc26004157a2184190f44d1fa1,614.4433823529412,3000.47574760316,0.03332804808700175,20,-1.75,600.0,False,1.1,21588502.0,1,3,0.8758153325377831,0.12429977349731586,2.951149939440651,1,7,0.8675778170869138,0.10657310785559693,3.3046875,3,8,0.6415518245341615,0.09785673005482733,3.3046875,3,8,0.6415518245341615,0.09785673005482733,723,1.0,0.2298581130410953,0.1371898984173862,0.11316746577340907,0,0,0,992,1.0,1.0,,0.0,0.0,0.0010080645161290322,0.0,0.13265908957546257,3
2026-08-06_201304_772051_1_R5_C8,2026-08-06 20:13:04,S1,1,R5_C8,5,8,False,True,False,0,1046,1046,763,1046,14.985974766683922,True,True,True,0.36552423593515393,True,baseline-9c0f76466ca24501a0d95b1878b0f670,5a40306c002688d3274d10fb1dd05f03f54dfee4b3201d22c8cd7cf21dca0478,18047f9513dd8fd5bb06932cb2f783270914b34b8049a1ecf014cb864a332b60,roi-9fbc67c50ee3bc7145fa,52.23903210812357,10.71452323149519,-2.0,0.0,4600.0,237.0,255.0,True,calibration-c24137dc26004157a2184190f44d1fa1,614.4433823529412,3000.47574760316,0.03332804808700175,20,-2.625,600.0,False,1.1,23135869.0,1,3,0.9058567675569571,0.1260663849747765,3.0111596163305463,1,6,0.8948838667669815,0.10803984568242857,3.3234649122807016,1,8,0.6039202960466251,0.096278001688008,3.3234649122807016,1,8,0.6039202960466251,0.096278001688008,763,1.0,0.6838784191622499,0.5679050950015736,0.4631800288575104,0,0,0,1046,1.0,1.0,,0.0,0.0,0.0057361376673040155,0.0,0.1324047806305431,1
2026-08-06_202208_781184_1_R5_C9,2026-08-06 20:22:08,S1,1,R5_C9,5,9,False,True,False,0,1102,1102,804,1102,14.985997638360962,True,True,True,0.4765822250376901,True,baseline-3fd180d40a484094bc5c0edce6361798,5a40306c002688d3274d10fb1dd05f03f54dfee4b3201d22c8cd7cf21dca0478,18047f9513dd8fd5bb06932cb2f783270914b34b8049a1ecf014cb864a332b60,roi-9fbc67c50ee3bc7145fa,52.4008777889016,10.732126761701041,-2.0,0.0,4600.0,237.0,255.0,True,calibration-c24137dc26004157a2184190f44d1fa1,614.4433823529412,3000.47574760316,0.03332804808700175,20,-3.5,600.0,False,1.1,23101372.0,1,3,0.8588848611274956,0.12156320896971642,2.8719375383098935,1,9,0.8607352919118246,0.10467028681909415,3.012609649122807,3,9,0.683700761838036,0.0879167377064312,3.012609649122807,3,9,0.683700761838036,0.0879167377064312,804,1.0,2.3098096128131274,2.044388004388477,0.6355680638326958,0,0,0,1102,1.0,1.0,,0.0,0.0,0.0009074410163339383,0.0,0.13282059799986878,1
2026-08-07_140827_356397_1_R5_C1_10,2026-08-07 14:08:27,S2,1,R5_C1_10,5,1,True,True,False,0,585,585,426,585,14.9831086563618,True,True,True,0.15683642673628087,True,baseline-9cc8f66cccc048069eaa61f9e02f8893,4cde17769ad834a7ff4b578d714cb13c8e8f28b980762587caadaaa8e6808b25,18047f9513dd8fd5bb06932cb2f783270914b34b8049a1ecf014cb864a332b60,roi-9fbc67c50ee3bc7145fa,8.352578542143402,3.4456611344232995,-6.0,0.0,4600.0,228.0,148.0,True,calibration-d608ae623af84ade9bf19765a8fead47,604.3967647058823,634.5762299304121,0.15758548033065453,10,-1.75,200.0,False,1.1,2016213.0,1,4,0.59344803683934,0.10910081744458984,0.4723845872694555,3,6,0.5573398816744123,0.09457007671201266,0.6103344298245614,1,7,0.5527014107035177,0.09148887793181947,0.6103344298245614,1,7,0.5527014107035177,0.09148887793181947,426,1.0,0.8046987905636587,0.7648205260775329,0.37103292186989306,0,0,0,585,1.0,1.0,,0.0,0.0,0.0,,0.17668208741277502,
2026-08-07_140946_637079_1_R5_C2_10,2026-08-07 14:09:46,S2,1,R5_C2_10,5,2,True,True,False,0,666,666,485,666,14.983159720407091,True,True,True,0.1580829083495906,True,baseline-131ca0df904d48afa45bca96bf367b42,4cde17769ad834a7ff4b578d714cb13c8e8f28b980762587caadaaa8e6808b25,18047f9513dd8fd5bb06932cb2f783270914b34b8049a1ecf014cb864a332b60,roi-9fbc67c50ee3bc7145fa,8.421303424785368,3.4305708243512076,-6.0,0.0,4600.0,228.0,148.0,True,calibration-d608ae623af84ade9bf19765a8fead47,604.3967647058823,634.5762299304121,0.15758548033065453,10,-2.625,200.0,False,1.1,2133811.0,1,4,0.5626606025431664,0.10479062265777861,0.43913382955323776,3,7,0.528481165915291,0.09072090711893778,0.6354166666666666,3,5,0.629708325993776,0.10348591140612239,0.6354166666666666,3,5,0.629708325993776,0.10348591140612239,485,1.0,1.283530023703751,1.1789630566374152,0.5287510543939804,0,0,0,666,1.0,1.0,,0.0,0.0,0.0,,0.17877593187041996,
2026-08-07_141105_019594_1_R5_C3_10,2026-08-07 14:11:05,S2,1,R5_C3_10,5,3,True,True,False,0,882,882,643,882,14.983333699685359,True,True,True,0.17545129870487347,True,baseline-b4ad2b485c064e01aa70e73a7a9ad4b8,4cde17769ad834a7ff4b578d714cb13c8e8f28b980762587caadaaa8e6808b25,18047f9513dd8fd5bb06932cb2f783270914b34b8049a1ecf014cb864a332b60,roi-9fbc67c50ee3bc7145fa,8.383977521929825,3.4538077914344925,-6.0,0.0,4600.0,228.0,148.0,True,calibration-d608ae623af84ade9bf19765a8fead47,604.3967647058823,634.5762299304121,0.15758548033065453,10,-3.5,200.0,False,1.1,3139819.0,1,4,0.5866467394574064,0.11010363979783105,0.4879229012511442,3,6,0.5754659717966766,0.09544029267188729,0.5622258771929824,1,8,0.5036362405492065,0.08866087535121753,0.5622258771929824,1,8,0.5036362405492065,0.08866087535121753,643,1.0,2.2433504837492317,1.9357163033685993,0.6745162944260013,0,0,0,882,1.0,1.0,,0.0,0.0,0.0,,0.1761322278795952,
2026-08-07_141238_342189_1_R5_C4_10,2026-08-07 14:12:38,S2,1,R5_C4_10,5,4,True,True,False,0,512,512,373,512,14.983366201152897,True,True,True,0.07143973816977381,True,baseline-2ea34e6ce4cd49099e8e20365772517b,4cde17769ad834a7ff4b578d714cb13c8e8f28b980762587caadaaa8e6808b25,18047f9513dd8fd5bb06932cb2f783270914b34b8049a1ecf014cb864a332b60,roi-9fbc67c50ee3bc7145fa,8.383923889206713,3.460312377286539,-6.0,0.0,4600.0,228.0,148.0,True,calibration-d608ae623af84ade9bf19765a8fead47,604.3967647058823,634.5762299304121,0.15758548033065453,10,-1.75,400.0,False,1.1,1871741.0,1,4,0.6332644495284031,0.11364941674662794,0.5010614227830321,3,4,0.5845594161117048,0.09850807484806474,0.6879111842105263,3,5,0.6583072499350946,0.10372382980157423,0.6879111842105263,3,5,0.6583072499350946,0.10372382980157423,373,1.0,0.7617498469791707,0.7446838481646016,0.36642060549302785,0,0,0,512,1.0,1.0,,0.0,0.0,0.0,,0.1744114542071023,
2026-08-07_141341_745844_1_R5_C5_10,2026-08-07 14:13:41,S2,1,R5_C5_10,5,5,True,True,False,0,553,553,403,553,14.983478303835517,True,True,True,0.14986733775264305,True,baseline-abededa3f704486bbc0b21df0d44da1a,4cde17769ad834a7ff4b578d714cb13c8e8f28b980762587caadaaa8e6808b25,18047f9513dd8fd5bb06932cb2f783270914b34b8049a1ecf014cb864a332b60,roi-9fbc67c50ee3bc7145fa,8.41265613081617,3.4546054373500423,-6.0,0.0,4600.0,228.0,148.0,True,calibration-d608ae623af84ade9bf19765a8fead47,604.3967647058823,634.5762299304121,0.15758548033065453,10,-2.625,400.0,False,1.1,1973918.0,1,4,0.5958368172419518,0.1118854934205026,0.489236838139653,3,6,0.5806769302996923,0.09697974261542593,0.7083333333333334,3,5,0.6549027663653795,0.10829582817593152,0.7083333333333334,3,5,0.6549027663653795,0.10829582817593152,403,1.0,1.354857396577725,1.2368037797541447,0.5592360284764306,0,0,0,553,1.0,1.0,,0.0,0.0,0.0,,0.17691235771909886,
2026-08-07_141459_959333_1_R5_C6_10,2026-08-07 14:14:59,S2,1,R5_C6_10,5,6,True,True,False,0,593,593,432,593,14.983520806760612,True,True,True,0.2086280519869036,True,baseline-321d98210e924fac98e443eff67a3822,4cde17769ad834a7ff4b578d714cb13c8e8f28b980762587caadaaa8e6808b25,18047f9513dd8fd5bb06932cb2f783270914b34b8049a1ecf014cb864a332b60,roi-9fbc67c50ee3bc7145fa,8.431139767637179,3.452713924683582,-6.0,0.0,4600.0,228.0,148.0,True,calibration-d608ae623af84ade9bf19765a8fead47,604.3967647058823,634.5762299304121,0.15758548033065453,10,-3.5,400.0,False,1.1,1983318.0,1,4,0.5691855666434399,0.10604711148159565,0.4584086824354308,3,7,0.5451437910469984,0.09186345350307679,0.6814692982456141,3,5,0.6584142661737635,0.11035652013460252,0.6814692982456141,3,5,0.6584142661737635,0.11035652013460252,432,1.0,2.1602920620609076,1.9987167409015991,0.7439095529705562,0,0,0,593,1.0,1.0,,0.0,0.0,0.0,,0.1765355068368893,
2026-08-07_141603_725937_1_R5_C7_10,2026-08-07 14:16:03,S2,1,R5_C7_10,5,7,True,True,False,0,495,495,360,495,14.983624190798531,True,True,True,0.04272206739672749,True,baseline-5a71a804d65b4d5b838a83a6ab1e6fbf,4cde17769ad834a7ff4b578d714cb13c8e8f28b980762587caadaaa8e6808b25,18047f9513dd8fd5bb06932cb2f783270914b34b8049a1ecf014cb864a332b60,roi-9fbc67c50ee3bc7145fa,8.493902225643897,3.46030928474271,-6.0,0.0,4600.0,228.0,148.0,True,calibration-d608ae623af84ade9bf19765a8fead47,604.3967647058823,634.5762299304121,0.15758548033065453,10,-1.75,600.0,False,1.1,1522265.0,1,5,0.5189497902914647,0.09938253840707992,0.42150258063087004,3,7,0.4965586509420711,0.0857990879843959,0.6776315789473685,3,4,0.6368785939121107,0.10596260915193895,0.6776315789473685,3,4,0.6368785939121107,0.10596260915193895,360,1.0,0.9197377063226386,0.8943058309262176,0.4947299385656015,0,0,0,495,1.0,1.0,,0.0,0.0,0.0,,0.18160373064546656,
2026-08-07_141730_372163_1_R5_C8_10,2026-08-07 14:17:30,S2,1,R5_C8_10,5,8,True,True,False,0,522,522,380,522,14.983729823393817,True,True,True,0.21502419858749158,True,baseline-4c15f5412fe3456ab48bbc55a54f48f4,4cde17769ad834a7ff4b578d714cb13c8e8f28b980762587caadaaa8e6808b25,18047f9513dd8fd5bb06932cb2f783270914b34b8049a1ecf014cb864a332b60,roi-9fbc67c50ee3bc7145fa,8.52228439645309,3.449110279468988,-6.0,0.0,4600.0,228.0,148.0,True,calibration-d608ae623af84ade9bf19765a8fead47,604.3967647058823,634.5762299304121,0.15758548033065453,10,-2.625,600.0,False,1.1,1677384.0,1,4,0.5321141604180565,0.10120351518745967,0.4404302782819116,3,8,0.4996165547043367,0.08733114602864564,0.6118421052631579,3,5,0.590736860169989,0.09867120528240975,0.6118421052631579,3,5,0.590736860169989,0.09867120528240975,380,1.0,1.2240310527463212,1.1719812166584185,0.5147436773490421,0,0,0,522,1.0,1.0,,0.0,0.0,0.0,,0.18229952293811968,
2026-08-07_141909_581407_1_R5_C9_10,2026-08-07 14:19:09,S2,1,R5_C9_10,5,9,True,True,False,0,550,550,400,550,14.983766040264678,True,True,True,0.12470851425276229,True,baseline-8df572f15d0541a5940d9f0fb8f5e153,4cde17769ad834a7ff4b578d714cb13c8e8f28b980762587caadaaa8e6808b25,18047f9513dd8fd5bb06932cb2f783270914b34b8049a1ecf014cb864a332b60,roi-9fbc67c50ee3bc7145fa,8.523628194126621,3.4651803269853385,-6.0,0.0,4600.0,228.0,148.0,True,calibration-d608ae623af84ade9bf19765a8fead47,604.3967647058823,634.5762299304121,0.15758548033065453,10,-3.5,600.0,False,1.1,1815224.0,1,4,0.5485213809308543,0.1023490753098694,0.4523584529505582,3,7,0.5102126757252463,0.08834209204868977,0.5601699561403509,3,7,0.5242914944677448,0.08806335820140067,0.5601699561403509,3,7,0.5242914944677448,0.08806335820140067,400,1.0,2.0431762801217936,1.9158676283829914,0.6125465636845732,0,0,0,550,1.0,1.0,,0.0,0.0,0.0,,0.17972457037004938,
2026-08-06_202937_503280_1_R6_C1,2026-08-06 20:29:37,S1,1,R6_C1,6,1,False,True,False,0,1173,1173,856,1173,14.985990709808455,True,True,True,0.4333418591797845,True,baseline-2fe0998aba5248bcbb3058e16b8ce7ca,5a40306c002688d3274d10fb1dd05f03f54dfee4b3201d22c8cd7cf21dca0478,18047f9513dd8fd5bb06932cb2f783270914b34b8049a1ecf014cb864a332b60,roi-9fbc67c50ee3bc7145fa,53.15563941916856,10.685000304414405,-2.0,0.0,4600.0,237.0,255.0,True,calibration-c24137dc26004157a2184190f44d1fa1,614.4433823529412,3000.47574760316,0.03332804808700175,20,-1.75,200.0,False,1.1,21687982.0,1,6,0.7536633043228784,0.10390280840450432,2.9802269855325276,3,9,0.8811932933183925,0.10528355438201693,3.5170857511283042,5,9,0.8030248048891286,0.10150473091054905,3.5170857511283042,5,9,0.8030248048891286,0.10150473091054905,856,1.0,1.4752658019800322,1.3309136151514462,0.6978439450529231,0,0,0,1173,1.0,1.0,,0.0,0.0,0.0017050298380221654,0.0,0.13170143738188278,3
2026-08-06_203241_232640_1_R6_C2,2026-08-06 20:32:41,S1,1,R6_C2,6,2,False,True,False,0,1336,1336,973,1336,14.985979881674654,True,True,True,0.7454220967953881,True,baseline-bbe2e3764af34b22abadc0e1f36c1565,5a40306c002688d3274d10fb1dd05f03f54dfee4b3201d22c8cd7cf21dca0478,18047f9513dd8fd5bb06932cb2f783270914b34b8049a1ecf014cb864a332b60,roi-9fbc67c50ee3bc7145fa,53.18323381829395,10.72484274492211,-2.0,0.0,4600.0,237.0,255.0,True,calibration-c24137dc26004157a2184190f44d1fa1,614.4433823529412,3000.47574760316,0.03332804808700175,20,-2.625,200.0,False,1.1,24425482.0,1,6,0.7417728686795784,0.104508036894524,2.9468965840080004,1,9,0.8725754989722042,0.10583225138477487,3.7857833655705995,3,3,0.7054690873008576,0.11122259504275714,3.7857833655705995,3,3,0.7054690873008576,0.11122259504275714,973,1.0,1.9900626161937576,1.7331829161543864,0.754915017842057,0,0,0,1336,1.0,1.0,,0.0,0.0,0.0029940119760479044,0.0,0.1324057532088415,3
2026-08-06_203541_327988_1_R6_C3,2026-08-06 20:35:41,S1,1,R6_C3,6,3,False,True,False,0,1499,1499,1093,1499,14.986004895854071,True,True,True,0.6706808385486743,True,baseline-62d6834ee9a9445fbadbbf68072fa9ba,5a40306c002688d3274d10fb1dd05f03f54dfee4b3201d22c8cd7cf21dca0478,18047f9513dd8fd5bb06932cb2f783270914b34b8049a1ecf014cb864a332b60,roi-9fbc67c50ee3bc7145fa,53.095748184901744,10.721112938430256,-2.0,0.0,4600.0,237.0,255.0,True,calibration-c24137dc26004157a2184190f44d1fa1,614.4433823529412,3000.47574760316,0.03332804808700175,20,-3.5,200.0,False,1.1,27646871.0,1,6,0.7388651313226854,0.10368202242323302,2.9728470387952597,3,9,0.8675042655427708,0.10496778355708547,3.379110251450677,2,9,0.7214035562215162,0.09329434597480597,3.379110251450677,2,9,0.7214035562215162,0.09329434597480597,1093,1.0,2.7725601578856045,2.534283687319107,0.9680989938676245,0,0,0,1499,1.0,1.0,,0.0,0.0,0.00333555703802535,0.0,0.1328226069563326,3
2026-08-06_203834_012908_1_R6_C4,2026-08-06 20:38:34,S1,1,R6_C4,6,4,False,True,False,0,1029,1029,750,1029,14.985978716358348,True,True,True,0.4628237001925694,True,baseline-c12538454b4b445086edf8ef4b60b7c3,5a40306c002688d3274d10fb1dd05f03f54dfee4b3201d22c8cd7cf21dca0478,18047f9513dd8fd5bb06932cb2f783270914b34b8049a1ecf014cb864a332b60,roi-9fbc67c50ee3bc7145fa,53.117490819387214,10.731575727283731,-2.0,0.0,4600.0,237.0,255.0,True,calibration-c24137dc26004157a2184190f44d1fa1,614.4433823529412,3000.47574760316,0.03332804808700175,20,-1.75,400.0,False,1.1,19216813.0,1,6,0.7478643899331344,0.10475920287506926,3.0101920200704355,1,9,0.8797411859658281,0.10607899216040849,4.33397807865893,3,2,0.9591660701992504,0.12487176227266547,4.33397807865893,3,2,0.9591660701992504,0.12487176227266547,750,1.0,1.1841354752687452,1.1095868955288324,0.5481796707185628,0,0,0,1029,1.0,1.0,,0.0,0.0,0.0058309037900874635,0.0,0.13176220641823783,3
2026-08-06_204358_285902_1_R6_C5,2026-08-06 20:43:58,S1,1,R6_C5,6,5,False,True,False,0,1108,1108,807,1108,14.985982135281574,True,True,True,0.6394480106019861,True,baseline-76bb8086b8c0448e9daf0e0e9c9de0b9,5a40306c002688d3274d10fb1dd05f03f54dfee4b3201d22c8cd7cf21dca0478,18047f9513dd8fd5bb06932cb2f783270914b34b8049a1ecf014cb864a332b60,roi-9fbc67c50ee3bc7145fa,53.31728828525776,10.695877968071194,-2.0,0.0,4600.0,237.0,255.0,True,calibration-c24137dc26004157a2184190f44d1fa1,614.4433823529412,3000.47574760316,0.03332804808700175,20,-2.625,400.0,False,1.1,20132617.0,1,6,0.7457402026253163,0.10400238902676383,2.92879302860388,1,9,0.8772424240424802,0.10538215731986468,3.755963894261767,3,5,0.8636905448016308,0.10897332195725695,3.755963894261767,3,5,0.8636905448016308,0.10897332195725695,807,1.0,1.4869965618140761,1.4300329496730062,0.5611437931227816,0,0,0,1108,1.0,1.0,,0.0,0.0,0.002707581227436823,0.0,0.13283528040238105,3
2026-08-06_204614_459866_1_R6_C6,2026-08-06 20:46:14,S1,1,R6_C6,6,6,False,True,False,0,1192,1192,869,1192,14.9859626037465,True,True,True,0.37963490957891505,True,baseline-f8a2afac70b64327b4ecb4708cb5d10e,5a40306c002688d3274d10fb1dd05f03f54dfee4b3201d22c8cd7cf21dca0478,18047f9513dd8fd5bb06932cb2f783270914b34b8049a1ecf014cb864a332b60,roi-9fbc67c50ee3bc7145fa,53.26980489445799,10.720744404677333,-2.0,0.0,4600.0,237.0,255.0,True,calibration-c24137dc26004157a2184190f44d1fa1,614.4433823529412,3000.47574760316,0.03332804808700175,20,-3.5,400.0,False,1.1,21610677.0,1,6,0.7234122443913289,0.10271525716430614,2.922269920034269,1,9,0.8509772017356412,0.10406524845600096,2.980012894906512,4,9,0.68295685132483,0.08463781563851022,2.980012894906512,4,9,0.68295685132483,0.08463781563851022,869,1.0,2.7210086554856563,2.021517012766456,0.716455684069937,0,0,0,1192,1.0,1.0,,0.0,0.0,0.0025167785234899327,0.0,0.13376452680608392,1
2026-08-06_204846_576213_1_R6_C7,2026-08-06 20:48:46,S1,1,R6_C7,6,7,False,True,False,0,992,992,723,992,14.985982211419051,True,True,True,0.6187364371179156,True,baseline-fe8b481fc9ef45f6a9912884766afbec,5a40306c002688d3274d10fb1dd05f03f54dfee4b3201d22c8cd7cf21dca0478,18047f9513dd8fd5bb06932cb2f783270914b34b8049a1ecf014cb864a332b60,roi-9fbc67c50ee3bc7145fa,53.36966473243069,10.754848281305698,-2.0,0.0,4600.0,237.0,255.0,True,calibration-c24137dc26004157a2184190f44d1fa1,614.4433823529412,3000.47574760316,0.03332804808700175,20,-1.75,600.0,False,1.1,17735408.0,1,6,0.7282953373950212,0.10389165678625163,2.8817594268006133,1,9,0.8567213688441138,0.10536095623261066,3.236621534493875,2,9,0.679189525185662,0.09146053674092942,3.236621534493875,2,9,0.679189525185662,0.09146053674092942,723,1.0,1.5198267291319378,1.3539154805566491,0.571506104165658,0,0,0,992,1.0,1.0,,0.0,0.0,0.0,,0.13273404710541015,
2026-08-06_205041_958053_1_R6_C8,2026-08-06 20:50:41,S1,1,R6_C8,6,8,False,True,False,0,1047,1047,763,1047,14.985944657231087,True,True,True,0.35751916703072023,True,baseline-85ecd02720d242a98a59a9413de0b59c,5a40306c002688d3274d10fb1dd05f03f54dfee4b3201d22c8cd7cf21dca0478,18047f9513dd8fd5bb06932cb2f783270914b34b8049a1ecf014cb864a332b60,roi-9fbc67c50ee3bc7145fa,53.1944421581135,10.713938489899656,-2.0,0.0,4600.0,237.0,255.0,True,calibration-c24137dc26004157a2184190f44d1fa1,614.4433823529412,3000.47574760316,0.03332804808700175,20,-2.625,600.0,False,1.1,19030397.0,1,6,0.7471346335612707,0.10532951524112028,2.9297420033413406,1,7,0.8788827459268448,0.10659345450909263,3.218246292714378,3,9,0.6817733043194295,0.09542803439912871,3.218246292714378,3,9,0.6817733043194295,0.09542803439912871,763,1.0,2.114137346737782,1.806223255344208,0.8026018749591797,0,0,0,1047,1.0,1.0,,0.0,0.0,0.0009551098376313276,0.0,0.13220985757520676,1
2026-08-06_205305_219434_1_R6_C9,2026-08-06 20:53:05,S1,1,R6_C9,6,9,False,True,False,0,1104,1104,805,1104,14.985978889228221,True,True,True,0.6037826977869227,True,baseline-66cab9003f3a414c863af9f21f8c5ea7,5a40306c002688d3274d10fb1dd05f03f54dfee4b3201d22c8cd7cf21dca0478,18047f9513dd8fd5bb06932cb2f783270914b34b8049a1ecf014cb864a332b60,roi-9fbc67c50ee3bc7145fa,53.30867532867995,10.735172852632308,-2.0,0.0,4600.0,237.0,255.0,True,calibration-c24137dc26004157a2184190f44d1fa1,614.4433823529412,3000.47574760316,0.03332804808700175,20,-3.5,600.0,False,1.1,20302355.0,1,5,0.7438276064762797,0.10548114493078779,2.964186703996484,1,7,0.8749925648072021,0.1069231394785404,3.9448742746615086,3,3,0.8588623764268275,0.11526665454492405,3.9448742746615086,3,3,0.8588623764268275,0.11526665454492405,805,1.0,3.7062328793707366,3.2212912479400897,1.127079819264863,0,0,0,1104,1.0,1.0,,0.0,0.0,0.002717391304347826,0.0,0.13235630563138776,1
2026-08-07_135536_092435_1_R6_C1_10,2026-08-07 13:55:36,S2,1,R6_C1_10,6,1,True,True,False,0,585,585,425,585,14.981333788664786,True,True,True,0.09852677222495486,True,baseline-fc19c278e2c5477ea0a80cc6d28d9635,4cde17769ad834a7ff4b578d714cb13c8e8f28b980762587caadaaa8e6808b25,18047f9513dd8fd5bb06932cb2f783270914b34b8049a1ecf014cb864a332b60,roi-9fbc67c50ee3bc7145fa,8.063034367729095,3.42674206242021,-6.0,0.0,4600.0,228.0,148.0,True,calibration-d608ae623af84ade9bf19765a8fead47,604.3967647058823,634.5762299304121,0.15758548033065453,10,-1.75,200.0,False,1.1,2116263.0,1,6,0.6132264860056273,0.09420143800477306,0.5830985799070908,1,8,0.7213615239956599,0.09632511548690278,0.6929400386847195,1,8,0.6989739325944828,0.09475572055864233,0.6929400386847195,1,8,0.6989739325944828,0.09475572055864233,425,1.0,1.5745833482290803,1.503879035209146,0.7170925664284612,0,0,0,585,1.0,1.0,,0.0,0.0,0.0,,0.14195975554616708,
2026-08-07_135707_048188_1_R6_C2_10,2026-08-07 13:57:07,S2,1,R6_C2_10,6,2,True,True,False,0,665,665,484,665,14.981604860666772,True,True,True,0.08883270611378397,True,baseline-c8d5f4229b4741c1a948bf1729c9a2ba,4cde17769ad834a7ff4b578d714cb13c8e8f28b980762587caadaaa8e6808b25,18047f9513dd8fd5bb06932cb2f783270914b34b8049a1ecf014cb864a332b60,roi-9fbc67c50ee3bc7145fa,8.199037086872424,3.4285879108581105,-6.0,0.0,4600.0,228.0,148.0,True,calibration-d608ae623af84ade9bf19765a8fead47,604.3967647058823,634.5762299304121,0.15758548033065453,10,-2.625,200.0,False,1.1,2072010.0,1,7,0.5250479876847447,0.08884113177052876,0.5022250985296898,1,7,0.6176338191688047,0.09136832878961879,0.6450676982591876,1,8,0.6882608277625075,0.09523523536711044,0.6450676982591876,1,8,0.6882608277625075,0.09523523536711044,484,1.0,2.1744082618790053,1.9957920914565275,0.8322723470464745,0,0,0,665,1.0,1.0,,0.0,0.0,0.0,,0.15637907942996485,
2026-08-07_135821_173621_1_R6_C3_10,2026-08-07 13:58:21,S2,1,R6_C3_10,6,3,True,True,False,0,881,881,642,881,14.981840182128341,True,True,True,0.13859351893608984,True,baseline-312645edd73e4a57b04eb13cd8007808,4cde17769ad834a7ff4b578d714cb13c8e8f28b980762587caadaaa8e6808b25,18047f9513dd8fd5bb06932cb2f783270914b34b8049a1ecf014cb864a332b60,roi-9fbc67c50ee3bc7145fa,8.203448686681805,3.444066198643488,-6.0,0.0,4600.0,228.0,148.0,True,calibration-d608ae623af84ade9bf19765a8fead47,604.3967647058823,634.5762299304121,0.15758548033065453,10,-3.5,200.0,False,1.1,2746062.0,1,6,0.5518984899505895,0.09092708567323464,0.5024150505953106,3,7,0.6312344883633755,0.09335342125586248,0.6486137975499677,3,5,0.5844172365496666,0.09821974676532993,0.6486137975499677,3,5,0.5844172365496666,0.09821974676532993,642,1.0,3.5067503674689737,2.852730604379476,0.9553330787837093,0,0,0,881,1.0,1.0,,0.0,0.0,0.0,,0.15764637385994212,
2026-08-07_135952_640577_1_R6_C4_10,2026-08-07 13:59:52,S2,1,R6_C4_10,6,4,True,True,False,0,511,511,372,511,14.981998829106885,True,True,True,0.06651348405005979,True,baseline-8e4c23c59b8140b3b731c23b496edf21,4cde17769ad834a7ff4b578d714cb13c8e8f28b980762587caadaaa8e6808b25,18047f9513dd8fd5bb06932cb2f783270914b34b8049a1ecf014cb864a332b60,roi-9fbc67c50ee3bc7145fa,8.257880609985143,3.4378674572947747,-6.0,0.0,4600.0,228.0,148.0,True,calibration-d608ae623af84ade9bf19765a8fead47,604.3967647058823,634.5762299304121,0.15758548033065453,10,-1.75,400.0,False,1.1,1553503.0,1,6,0.5416862221930875,0.08921206289475615,0.49002631974068867,3,8,0.5973033458073937,0.09144849160388045,0.5488394584139265,1,7,0.48686402911204996,0.08404929645511615,0.5488394584139265,1,7,0.48686402911204996,0.08404929645511615,372,1.0,1.3988934498033772,1.3143195648242365,0.6022168996912081,0,0,0,511,1.0,1.0,,0.0,0.0,0.0,,0.16059158134759946,
2026-08-07_140114_451664_1_R6_C5_10,2026-08-07 14:01:14,S2,1,R6_C5_10,6,5,True,True,False,0,552,552,403,552,14.982322704124837,True,True,True,0.18655693502628562,True,baseline-f88a66ab4af64af4a5a54a9f57a851b5,4cde17769ad834a7ff4b578d714cb13c8e8f28b980762587caadaaa8e6808b25,18047f9513dd8fd5bb06932cb2f783270914b34b8049a1ecf014cb864a332b60,roi-9fbc67c50ee3bc7145fa,8.32937726011269,3.433370428574977,-6.0,0.0,4600.0,228.0,148.0,True,calibration-d608ae623af84ade9bf19765a8fead47,604.3967647058823,634.5762299304121,0.15758548033065453,10,-2.625,400.0,False,1.1,1568683.0,1,7,0.49790845710821463,0.08602518431425883,0.458062061409656,1,8,0.5857085622140141,0.08819496782170874,0.6858478401031592,1,5,0.7061678240791275,0.10356824608593279,0.6858478401031592,1,5,0.7061678240791275,0.10356824608593279,403,1.0,2.678421497453222,2.5762072303565686,1.003106023307731,0,0,0,552,1.0,1.0,,0.0,0.0,0.0,,0.16079141944989425,
2026-08-07_140221_558208_1_R6_C6_10,2026-08-07 14:02:21,S2,1,R6_C6_10,6,6,True,True,False,0,593,593,431,593,14.982466044530597,True,True,True,0.12412786889822709,True,baseline-b7c864503d4244bda568e1a21b32b8ce,4cde17769ad834a7ff4b578d714cb13c8e8f28b980762587caadaaa8e6808b25,18047f9513dd8fd5bb06932cb2f783270914b34b8049a1ecf014cb864a332b60,roi-9fbc67c50ee3bc7145fa,8.350638572232054,3.4391336710497615,-6.0,0.0,4600.0,228.0,148.0,True,calibration-d608ae623af84ade9bf19765a8fead47,604.3967647058823,634.5762299304121,0.15758548033065453,10,-3.5,400.0,False,1.1,1718424.0,1,6,0.5183338742623558,0.08842282314323927,0.46709352503905976,3,9,0.5716245988987195,0.09041065734744903,0.4959703417150226,1,9,0.4365161063478334,0.0779864350886678,0.4959703417150226,1,9,0.4365161063478334,0.0779864350886678,431,1.0,4.048066066700439,3.7111999948344216,1.0787054588977392,0,0,0,593,1.0,1.0,,0.0,0.0,0.0,,0.16541323084494383,
2026-08-07_140358_124283_1_R6_C7_10,2026-08-07 14:03:58,S2,1,R6_C7_10,6,7,True,True,False,0,494,494,360,494,14.982671487431842,True,True,True,0.28538843678058384,True,baseline-8ee43f8f0fe04cd2aaa627af74c6dd91,4cde17769ad834a7ff4b578d714cb13c8e8f28b980762587caadaaa8e6808b25,18047f9513dd8fd5bb06932cb2f783270914b34b8049a1ecf014cb864a332b60,roi-9fbc67c50ee3bc7145fa,8.408039693886133,3.4450631369864353,-6.0,0.0,4600.0,228.0,148.0,True,calibration-d608ae623af84ade9bf19765a8fead47,604.3967647058823,634.5762299304121,0.15758548033065453,10,-1.75,600.0,False,1.1,1366373.0,1,8,0.4815737311564342,0.08374066088400972,0.44583127771817616,3,9,0.5465640873720679,0.085615746075415,0.5570599613152805,1,8,0.5663727497462966,0.09017317223501282,0.5570599613152805,1,8,0.5663727497462966,0.09017317223501282,360,1.0,0.9900753226576425,0.9273069100182048,0.4544532925654521,0,0,0,494,1.0,1.0,,0.0,0.0,0.0,,0.1655661503475812,
2026-08-07_140514_509041_1_R6_C8_10,2026-08-07 14:05:14,S2,1,R6_C8_10,6,8,True,True,False,0,522,522,380,522,14.982696627129567,True,True,True,0.13807144961740705,True,baseline-cc365fc7d0fd4a97929a24c10406617e,4cde17769ad834a7ff4b578d714cb13c8e8f28b980762587caadaaa8e6808b25,18047f9513dd8fd5bb06932cb2f783270914b34b8049a1ecf014cb864a332b60,roi-9fbc67c50ee3bc7145fa,8.455102598603986,3.4523939441011686,-6.0,0.0,4600.0,228.0,148.0,True,calibration-d608ae623af84ade9bf19765a8fead47,604.3967647058823,634.5762299304121,0.15758548033065453,10,-2.625,600.0,False,1.1,1401170.0,1,8,0.4772691120363157,0.08352083004744672,0.43266178537638517,3,9,0.5321919418963954,0.08525175753330272,0.45938104448742745,1,8,0.4085004097318442,0.07284201200074375,0.45938104448742745,1,8,0.4085004097318442,0.07284201200074375,380,1.0,1.5882939101213704,1.5247531628711954,0.6738265028998157,0,0,0,522,1.0,1.0,,0.0,0.0,0.0,,0.1684648383627298,
2026-08-07_140619_186445_1_R6_C9_10,2026-08-07 14:06:19,S2,1,R6_C9_10,6,9,True,True,False,0,550,550,400,550,14.982842144803584,True,True,True,0.11212603919413194,True,baseline-fd0ebed0a45345feb34bd49ae069cbf1,4cde17769ad834a7ff4b578d714cb13c8e8f28b980762587caadaaa8e6808b25,18047f9513dd8fd5bb06932cb2f783270914b34b8049a1ecf014cb864a332b60,roi-9fbc67c50ee3bc7145fa,8.486842289686878,3.4425173557955193,-6.0,0.0,4600.0,228.0,148.0,True,calibration-d608ae623af84ade9bf19765a8fead47,604.3967647058823,634.5762299304121,0.15758548033065453,10,-3.5,600.0,False,1.1,1394197.0,1,8,0.4346373208426533,0.07726550461876025,0.4085918175956858,3,9,0.49055603778786755,0.07889930492527644,0.749838813668601,3,4,0.5721677967855078,0.11738467282971196,0.749838813668601,3,4,0.5721677967855078,0.11738467282971196,400,1.0,2.132221917595035,2.0623313142542714,0.8717502934979042,0,0,0,550,1.0,1.0,,0.0,0.0,0.0,,0.16898413971458745,
2026-08-07_094240_670545_1_R7_C1,2026-08-07 09:42:40,S2,1,R7_C1,7,1,False,True,False,0,1166,1166,846,1166,14.98911860736292,True,True,True,0.893071589566736,True,baseline-fb36fcb2cb88471b860db2352ade8634,5a40306c002688d3274d10fb1dd05f03f54dfee4b3201d22c8cd7cf21dca0478,18047f9513dd8fd5bb06932cb2f783270914b34b8049a1ecf014cb864a332b60,roi-9fbc67c50ee3bc7145fa,46.85206871746479,10.3035362053887,-2.0,0.0,4600.0,237.0,255.0,True,calibration-45150bb00345487483d39616daf97689,613.6623529411764,4158.94298683009,0.024044571016401835,20,-1.75,200.0,False,1.1,17164679.0,2,8,0.6774962978762807,0.09463896750346391,2.6189279481532584,1,7,0.8929797344541972,0.10627657961740511,3.5584415584415585,3,5,0.7349139975695536,0.10976024622882112,3.5584415584415585,3,5,0.7349139975695536,0.10976024622882112,846,1.0,1.367509463994379,1.2548147623094135,0.553590591403725,0,0,0,1166,1.0,1.0,,0.0,0.0,0.0,,0.1316070123923018,
2026-08-07_094528_762418_1_R7_C2,2026-08-07 09:45:28,S2,1,R7_C2,7,2,False,True,False,0,1329,1329,965,1329,14.988122661593554,True,True,True,0.40510337304614946,True,baseline-0ab2f182347d4abaa4918816afd98de4,5a40306c002688d3274d10fb1dd05f03f54dfee4b3201d22c8cd7cf21dca0478,18047f9513dd8fd5bb06932cb2f783270914b34b8049a1ecf014cb864a332b60,roi-9fbc67c50ee3bc7145fa,46.85967605949738,10.379524768434718,-2.0,0.0,4600.0,237.0,255.0,True,calibration-45150bb00345487483d39616daf97689,613.6623529411764,4158.94298683009,0.024044571016401835,20,-2.625,200.0,False,1.1,21437569.0,1,7,0.6879576146947209,0.09806742806910537,2.8697031140211213,1,5,0.8932066664369465,0.11027711193908837,3.801280910869952,3,5,0.8822245948828162,0.114090569643557,3.801280910869952,3,5,0.8822245948828162,0.114090569643557,965,1.0,2.6728950853554267,2.1905643190286668,0.8337165701847487,0,0,0,1329,1.0,1.0,,0.0,0.0,0.0,,0.13159284006229502,
2026-08-07_094818_406548_1_R7_C3,2026-08-07 09:48:18,S2,1,R7_C3,7,3,False,True,False,0,1491,1491,1084,1491,14.98765951093479,True,True,True,0.2895808691335857,True,baseline-0bc337a1e1b447a38d35c43540ec47c6,5a40306c002688d3274d10fb1dd05f03f54dfee4b3201d22c8cd7cf21dca0478,18047f9513dd8fd5bb06932cb2f783270914b34b8049a1ecf014cb864a332b60,roi-9fbc67c50ee3bc7145fa,47.545708153694164,10.426944252800002,-2.0,0.0,4600.0,237.0,255.0,True,calibration-45150bb00345487483d39616daf97689,613.6623529411764,4158.94298683009,0.024044571016401835,20,-3.5,200.0,False,1.1,22106188.0,2,8,0.6455093476877787,0.0901635539744724,2.6376831826516236,1,9,0.8485506194748198,0.10116053189346541,3.5075609322184667,3,6,0.7402760177312186,0.10622533435846984,3.5075609322184667,3,6,0.7402760177312186,0.10622533435846984,1084,1.0,7.492734973486091,6.279859844654705,2.146659397505865,0,0,0,1491,1.0,1.0,,0.0,0.0,0.0,,0.13131362422009016,
2026-08-07_095053_424037_1_R7_C4,2026-08-07 09:50:53,S2,1,R7_C4,7,4,False,True,False,0,1020,1020,742,1020,14.987375057751626,True,True,True,0.33299784469752086,True,baseline-5e2e28441c4a4da5a801efe0b6c85c34,5a40306c002688d3274d10fb1dd05f03f54dfee4b3201d22c8cd7cf21dca0478,18047f9513dd8fd5bb06932cb2f783270914b34b8049a1ecf014cb864a332b60,roi-9fbc67c50ee3bc7145fa,48.04057378000201,10.46062883091343,-2.0,0.0,4600.0,237.0,255.0,True,calibration-45150bb00345487483d39616daf97689,613.6623529411764,4158.94298683009,0.024044571016401835,20,-1.75,400.0,False,1.1,15302384.0,1,8,0.6614742829255346,0.09525908691582168,2.668980120067955,1,7,0.858822152070906,0.10712809097321772,4.039494751823519,7,1,1.02940962004358,0.1317393213537652,4.039494751823519,7,1,1.02940962004358,0.1317393213537652,742,1.0,2.9154475785735787,2.4180983096030966,1.0009333005214252,0,0,0,1020,1.0,1.0,,0.0,0.0,0.0,,0.1332648985673288,
2026-08-07_095436_287372_1_R7_C5,2026-08-07 09:54:36,S2,1,R7_C5,7,5,False,True,False,0,1100,1100,800,1100,14.986980211669861,True,True,True,0.8340105522370812,True,baseline-b6dcb778ee3b42f5bf4b726d4d3b4501,5a40306c002688d3274d10fb1dd05f03f54dfee4b3201d22c8cd7cf21dca0478,18047f9513dd8fd5bb06932cb2f783270914b34b8049a1ecf014cb864a332b60,roi-9fbc67c50ee3bc7145fa,48.42355143367651,10.507523952400565,-2.0,0.0,4600.0,237.0,255.0,True,calibration-45150bb00345487483d39616daf97689,613.6623529411764,4158.94298683009,0.024044571016401835,20,-2.625,400.0,False,1.1,16487582.0,1,8,0.6627467093759492,0.09338752333487008,2.6665559347252987,1,8,0.8604742012143176,0.10469107729661606,3.236078989503647,3,5,0.7539103231996156,0.10474732398349937,3.236078989503647,3,5,0.7539103231996156,0.10474732398349937,800,1.0,5.196332728430849,4.03770191261697,1.3705000405123808,0,0,0,1100,1.0,1.0,,0.0,0.0,0.0,,0.1319730685430941,
2026-08-07_095653_974863_1_R7_C6,2026-08-07 09:56:53,S2,1,R7_C6,7,6,False,True,False,0,1183,1183,860,1183,14.987035905450597,True,True,True,0.47662815641390766,True,baseline-e3ede9a7158c4f22a9edf44a414b7aa5,5a40306c002688d3274d10fb1dd05f03f54dfee4b3201d22c8cd7cf21dca0478,18047f9513dd8fd5bb06932cb2f783270914b34b8049a1ecf014cb864a332b60,roi-9fbc67c50ee3bc7145fa,48.503697315192255,10.533767492935468,-2.0,0.0,4600.0,237.0,255.0,True,calibration-45150bb00345487483d39616daf97689,613.6623529411764,4158.94298683009,0.024044571016401835,20,-3.5,400.0,False,1.1,18457564.0,1,8,0.6700216943614662,0.09514689818243945,2.7757225463081237,1,6,0.869919645160999,0.10665097167505581,3.444404910158335,3,8,0.7777420944192805,0.10326759902777768,3.444404910158335,3,8,0.7777420944192805,0.10326759902777768,860,1.0,7.363100909381093,6.381332218736401,2.0448098575320914,0,0,0,1183,1.0,1.0,,0.0,0.0,0.0,,0.13348189564744045,
2026-08-07_095957_373755_1_R7_C7,2026-08-07 09:59:57,S2,1,R7_C7,7,7,False,True,False,0,986,986,717,986,14.986813354732698,True,True,True,0.5234314042548251,True,baseline-b90e81ebd18542488e99cf2a810a3eab,5a40306c002688d3274d10fb1dd05f03f54dfee4b3201d22c8cd7cf21dca0478,18047f9513dd8fd5bb06932cb2f783270914b34b8049a1ecf014cb864a332b60,roi-9fbc67c50ee3bc7145fa,48.79308957867624,10.545742356007713,-2.0,0.0,4600.0,237.0,255.0,True,calibration-45150bb00345487483d39616daf97689,613.6623529411764,4158.94298683009,0.024044571016401835,20,-1.75,600.0,False,1.1,15424354.0,1,7,0.6942611433242769,0.09851820434944185,2.7830210024491615,1,4,0.9013908244050124,0.11036556126230196,3.00373599003736,3,9,0.6729727481960172,0.0983421572141706,3.00373599003736,3,9,0.6729727481960172,0.0983421572141706,717,1.0,1.4289705846240415,1.3264778536644983,0.5832397623322078,0,0,0,986,1.0,1.0,,0.0,0.0,0.0,,0.1326480963637008,
2026-08-07_100214_041362_1_R7_C8,2026-08-07 10:02:14,S2,1,R7_C8,7,8,False,True,False,0,1042,1042,758,1042,14.986787533956404,True,True,True,0.7175735337088393,True,baseline-11c1b7e6172043ca8f0d1df2aaaa00d9,5a40306c002688d3274d10fb1dd05f03f54dfee4b3201d22c8cd7cf21dca0478,18047f9513dd8fd5bb06932cb2f783270914b34b8049a1ecf014cb864a332b60,roi-9fbc67c50ee3bc7145fa,49.03249847234362,10.591246412660347,-2.0,0.0,4600.0,237.0,255.0,True,calibration-45150bb00345487483d39616daf97689,613.6623529411764,4158.94298683009,0.024044571016401835,20,-2.625,600.0,False,1.1,15936278.0,1,8,0.6703603426854597,0.09458538168304605,2.7208562215792766,1,8,0.8703593276851951,0.10603667853235012,4.164561465931329,4,3,0.9039239583120918,0.12208778383837635,4.164561465931329,4,3,0.9039239583120918,0.12208778383837635,758,1.0,2.6670621916919255,2.4116917148915964,0.8716738885901975,0,0,0,1042,1.0,1.0,,0.0,0.0,0.0,,0.13248775840761978,
2026-08-07_100416_759979_1_R7_C9,2026-08-07 10:04:16,S2,1,R7_C9,7,9,False,True,False,0,1097,1097,798,1097,14.986660578158538,True,True,True,0.6922414326126867,True,baseline-1180abfd47054b7290b9ba131dfec430,5a40306c002688d3274d10fb1dd05f03f54dfee4b3201d22c8cd7cf21dca0478,18047f9513dd8fd5bb06932cb2f783270914b34b8049a1ecf014cb864a332b60,roi-9fbc67c50ee3bc7145fa,49.04690871963058,10.610758239636189,-2.0,0.0,4600.0,237.0,255.0,True,calibration-45150bb00345487483d39616daf97689,613.6623529411764,4158.94298683009,0.024044571016401835,20,-3.5,600.0,False,1.1,17230741.0,1,7,0.6685633830971941,0.09725813122174447,2.79436891575851,1,6,0.8680262533078327,0.1092288979903123,3.5936666073652375,3,3,0.9598351848194467,0.11446260917620112,3.5936666073652375,3,3,0.9598351848194467,0.11446260917620112,798,1.0,4.775389572293061,4.099998015969694,1.2894424093083934,0,0,0,1097,1.0,1.0,,0.0,0.0,0.0,,0.13369831955369071,
2026-08-07_134120_489574_1_R7_C1_10,2026-08-07 13:41:20,S2,1,R7_C1_10,7,1,True,True,False,0,585,585,425,585,14.967824968215824,True,True,True,0.07060102432986998,True,baseline-d2b985ce3fd24769be2b11fc148cd2a9,4cde17769ad834a7ff4b578d714cb13c8e8f28b980762587caadaaa8e6808b25,18047f9513dd8fd5bb06932cb2f783270914b34b8049a1ecf014cb864a332b60,roi-9fbc67c50ee3bc7145fa,7.376101019353715,3.5005906987066826,-6.0,0.0,4600.0,228.0,148.0,True,calibration-d608ae623af84ade9bf19765a8fead47,604.3967647058823,634.5762299304121,0.15758548033065453,10,-1.75,200.0,False,1.1,3404077.0,2,6,0.6245643835355049,0.09599337942659691,1.020032405361614,2,6,0.8269810009329899,0.10780757132359327,1.1610033801814623,2,7,0.7939819516892677,0.10489033934359034,1.1610033801814623,2,7,0.7939819516892677,0.10489033934359034,425,1.0,0.9051834175446689,0.818091332322116,0.36851810832121856,0,0,0,585,1.0,1.0,,0.0,0.0,0.0,,0.1342905870571973,
2026-08-07_134258_312163_1_R7_C2_10,2026-08-07 13:42:58,S2,1,R7_C2_10,7,2,True,True,False,0,665,665,483,665,14.972652548277145,True,True,True,0.11705830120565815,True,baseline-a35243fcdd9d49c38b4d2936aa83759a,4cde17769ad834a7ff4b578d714cb13c8e8f28b980762587caadaaa8e6808b25,18047f9513dd8fd5bb06932cb2f783270914b34b8049a1ecf014cb864a332b60,roi-9fbc67c50ee3bc7145fa,7.610397345358632,3.4895203940774513,-6.0,0.0,4600.0,228.0,148.0,True,calibration-d608ae623af84ade9bf19765a8fead47,604.3967647058823,634.5762299304121,0.15758548033065453,10,-2.625,200.0,False,1.1,3311966.0,2,8,0.5458468244474645,0.08917179205560026,0.8731390688280293,2,8,0.7186254411522537,0.10001704797418559,0.939868350827255,2,8,0.6156149970944778,0.09025652531587113,0.939868350827255,2,8,0.6156149970944778,0.09025652531587113,483,1.0,1.1620982542340466,1.0447682954701063,0.6382455160583408,0,0,0,665,1.0,1.0,,0.0,0.0,0.0,,0.1399656115597667,
2026-08-07_134426_185463_1_R7_C3_10,2026-08-07 13:44:26,S2,1,R7_C3_10,7,3,True,True,False,0,881,881,642,881,14.974674889157576,True,True,True,0.11863428494444743,True,baseline-3214370f857a4204aef8255bfb3278af,4cde17769ad834a7ff4b578d714cb13c8e8f28b980762587caadaaa8e6808b25,18047f9513dd8fd5bb06932cb2f783270914b34b8049a1ecf014cb864a332b60,roi-9fbc67c50ee3bc7145fa,7.733461525358932,3.4713655541226154,-6.0,0.0,4600.0,228.0,148.0,True,calibration-d608ae623af84ade9bf19765a8fead47,604.3967647058823,634.5762299304121,0.15758548033065453,10,-3.5,200.0,False,1.1,4106486.0,2,8,0.5395012424401909,0.08981086421441165,0.8274813389758009,2,8,0.7196077379182382,0.10212533863094353,0.9188756449030422,2,8,0.657813544457706,0.092071619201833,0.9188756449030422,2,8,0.657813544457706,0.092071619201833,642,1.0,1.7444320605231567,1.6054742988310169,0.5135508221509066,0,0,0,881,1.0,1.0,,0.0,0.0,0.0,,0.1426788067981574,
2026-08-07_134606_024401_1_R7_C4_10,2026-08-07 13:46:06,S2,1,R7_C4_10,7,4,True,True,False,0,511,511,372,511,14.976646940056686,True,True,True,0.11298957012287768,True,baseline-ac7d06e9288e497b89f76c8698c72840,4cde17769ad834a7ff4b578d714cb13c8e8f28b980762587caadaaa8e6808b25,18047f9513dd8fd5bb06932cb2f783270914b34b8049a1ecf014cb864a332b60,roi-9fbc67c50ee3bc7145fa,8.02417564567654,3.539811095893912,-6.0,0.0,4600.0,228.0,148.0,True,calibration-d608ae623af84ade9bf19765a8fead47,604.3967647058823,634.5762299304121,0.15758548033065453,10,-1.75,400.0,False,1.1,2163946.0,2,7,0.560186036108567,0.09156074860311368,0.7466853107753296,2,7,0.7445978433300959,0.10355549116739246,0.8941469489414695,1,7,0.8471354580520375,0.10444576570834616,0.8941469489414695,1,7,0.8471354580520375,0.10444576570834616,372,1.0,0.7966833851497045,0.752442079133594,0.3130308994202237,0,0,0,511,1.0,1.0,,0.0,0.0,0.0,,0.1416040246746513,
2026-08-07_134729_621602_1_R7_C5_10,2026-08-07 13:47:29,S2,1,R7_C5_10,7,5,True,True,False,0,551,551,402,551,14.977789145088222,True,True,True,0.08812197737407897,True,baseline-78cbd42ee64e4f48a5cb3f3b22839367,4cde17769ad834a7ff4b578d714cb13c8e8f28b980762587caadaaa8e6808b25,18047f9513dd8fd5bb06932cb2f783270914b34b8049a1ecf014cb864a332b60,roi-9fbc67c50ee3bc7145fa,8.029751653185054,3.506211622043223,-6.0,0.0,4600.0,228.0,148.0,True,calibration-d608ae623af84ade9bf19765a8fead47,604.3967647058823,634.5762299304121,0.15758548033065453,10,-2.625,400.0,False,1.1,2113643.0,2,8,0.5153116565191962,0.0847744108416629,0.6738479453298883,2,8,0.6807744404988584,0.09561767174919636,0.8162248710193916,2,8,0.6098585828748662,0.09682237190079572,0.8162248710193916,2,8,0.6098585828748662,0.09682237190079572,402,1.0,1.1491178406082097,1.0775048986344673,0.5705739193535263,0,0,0,551,1.0,1.0,,0.0,0.0,0.0,,0.14284278657373797,
2026-08-07_134849_142666_1_R7_C6_10,2026-08-07 13:48:49,S2,1,R7_C6_10,7,6,True,True,False,0,592,592,431,592,14.97873669670769,True,True,True,0.14149039759882984,True,baseline-de237de171874e08bcff4bc025b3d5f7,4cde17769ad834a7ff4b578d714cb13c8e8f28b980762587caadaaa8e6808b25,18047f9513dd8fd5bb06932cb2f783270914b34b8049a1ecf014cb864a332b60,roi-9fbc67c50ee3bc7145fa,8.132383501080675,3.5087972445933637,-6.0,0.0,4600.0,228.0,148.0,True,calibration-d608ae623af84ade9bf19765a8fead47,604.3967647058823,634.5762299304121,0.15758548033065453,10,-3.5,400.0,False,1.1,2077293.0,2,8,0.5088916081474867,0.08313343968537171,0.6148474727113102,2,8,0.6712244253257834,0.09346983735093806,0.8283223625689379,2,7,0.7221665650021656,0.10560961405752035,0.8283223625689379,2,7,0.7221665650021656,0.10560961405752035,431,1.0,1.9619026653070224,1.77759701733717,0.7587726611065457,0,0,0,592,1.0,1.0,,0.0,0.0,0.0,,0.14285000530231814,
2026-08-07_135023_601951_1_R7_C7_10,2026-08-07 13:50:23,S2,1,R7_C7_10,7,7,True,True,False,0,494,494,359,494,14.979401987046574,True,True,True,0.09159036834674349,True,baseline-e26304ba15994bac8b19ff41b05e5159,4cde17769ad834a7ff4b578d714cb13c8e8f28b980762587caadaaa8e6808b25,18047f9513dd8fd5bb06932cb2f783270914b34b8049a1ecf014cb864a332b60,roi-9fbc67c50ee3bc7145fa,8.187178515350046,3.501896451016446,-6.0,0.0,4600.0,228.0,148.0,True,calibration-d608ae623af84ade9bf19765a8fead47,604.3967647058823,634.5762299304121,0.15758548033065453,10,-1.75,600.0,False,1.1,1672223.0,2,8,0.5115281916310832,0.08606987808273207,0.6022178974594261,2,8,0.6847070118897473,0.09816757868721188,0.7696139476961394,1,6,0.7182407404458344,0.10356369182282102,0.7696139476961394,1,6,0.7182407404458344,0.10356369182282102,359,1.0,0.8864267198553345,0.8295806209326848,0.2936527198826807,0,0,0,494,1.0,1.0,,0.0,0.0,0.0,,0.14820689303405712,
2026-08-07_135138_998584_1_R7_C8_10,2026-08-07 13:51:38,S2,1,R7_C8_10,7,8,True,True,False,0,521,521,380,521,14.980081241252655,True,True,True,0.04343562222386045,True,baseline-d4a6b65f0789484f83714c0461cb3f02,4cde17769ad834a7ff4b578d714cb13c8e8f28b980762587caadaaa8e6808b25,18047f9513dd8fd5bb06932cb2f783270914b34b8049a1ecf014cb864a332b60,roi-9fbc67c50ee3bc7145fa,8.324744939396517,3.5013712060095346,-6.0,0.0,4600.0,228.0,148.0,True,calibration-d608ae623af84ade9bf19765a8fead47,604.3967647058823,634.5762299304121,0.15758548033065453,10,-2.625,600.0,False,1.1,1537220.0,2,8,0.4772324108988381,0.07862276717340662,0.5244453859546108,2,8,0.6383743379716998,0.08958506144078109,0.6667852695249955,3,9,0.6815650302230423,0.09250247170773217,0.6667852695249955,3,9,0.6815650302230423,0.09250247170773217,380,1.0,1.2694462749197182,1.1809125525088457,0.37933240062375745,0,0,0,521,1.0,1.0,,0.0,0.0,0.0,,0.14764670487168108,
2026-08-07_135241_805113_1_R7_C9_10,2026-08-07 13:52:41,S2,1,R7_C9_10,7,9,True,True,False,0,549,549,399,549,14.980458401370484,True,True,True,0.08389876397730303,True,baseline-55838411959a41b992f4f7741e24ff7e,4cde17769ad834a7ff4b578d714cb13c8e8f28b980762587caadaaa8e6808b25,18047f9513dd8fd5bb06932cb2f783270914b34b8049a1ecf014cb864a332b60,roi-9fbc67c50ee3bc7145fa,8.249293114347035,3.511139308820912,-6.0,0.0,4600.0,228.0,148.0,True,calibration-d608ae623af84ade9bf19765a8fead47,604.3967647058823,634.5762299304121,0.15758548033065453,10,-3.5,600.0,False,1.1,1842232.0,1,7,0.5435016510987706,0.08601697075735268,0.5946746151552781,1,6,0.7024071980987343,0.09743996458171184,0.8347269169186977,1,5,0.7841211275161096,0.11116380090676288,0.8347269169186977,1,5,0.7841211275161096,0.11116380090676288,399,1.0,1.9012679081573314,1.7217147141262386,0.5460939800634922,0,0,0,549,1.0,1.0,,0.0,0.0,0.0,,0.1480346364338258,
2026-08-07_100731_125330_1_R8_C1,2026-08-07 10:07:31,S2,1,R8_C1,8,1,False,True,False,0,1167,1167,849,1167,14.986602341068904,True,True,True,0.2873095133404391,True,baseline-2f9851effe034e6c800c8c006eba7bdc,5a40306c002688d3274d10fb1dd05f03f54dfee4b3201d22c8cd7cf21dca0478,18047f9513dd8fd5bb06932cb2f783270914b34b8049a1ecf014cb864a332b60,roi-9fbc67c50ee3bc7145fa,49.19673254926373,10.423191891845468,-2.0,0.0,4600.0,237.0,255.0,True,calibration-45150bb00345487483d39616daf97689,613.6623529411764,4158.94298683009,0.024044571016401835,20,-1.75,200.0,False,1.1,17757933.0,1,8,0.6534398986284886,0.09418829556704175,2.650076243330387,1,9,0.8305127795525449,0.10318606670762194,3.1278300243817485,1,8,0.708426029356899,0.09938276531401487,3.1278300243817485,1,8,0.708426029356899,0.09938276531401487,849,1.0,1.413485450487239,1.2497329535834039,0.5407828778311624,0,0,0,1167,1.0,1.0,,0.0,0.0,0.0,,0.13328972491454655,
2026-08-07_101009_300632_1_R8_C2,2026-08-07 10:10:09,S2,1,R8_C2,8,2,False,True,False,0,1330,1330,968,1330,14.986542651417025,True,True,True,0.24103586157716705,True,baseline-656f5d91a683434aa3453d29b5712e48,5a40306c002688d3274d10fb1dd05f03f54dfee4b3201d22c8cd7cf21dca0478,18047f9513dd8fd5bb06932cb2f783270914b34b8049a1ecf014cb864a332b60,roi-9fbc67c50ee3bc7145fa,49.40673223994064,10.47037096035918,-2.0,0.0,4600.0,237.0,255.0,True,calibration-45150bb00345487483d39616daf97689,613.6623529411764,4158.94298683009,0.024044571016401835,20,-2.625,200.0,False,1.1,20321756.0,1,8,0.6752839004430436,0.09507277175428049,2.66100936772443,3,9,0.8564434412673295,0.10422215493836937,3.026471612678509,1,8,0.6263914758324427,0.09500041605508253,3.026471612678509,1,8,0.6263914758324427,0.09500041605508253,968,1.0,2.8671863762070737,2.5287315228426053,0.7855956779442919,0,0,0,1330,1.0,1.0,,0.0,0.0,0.0,,0.13322189883231367,
2026-08-07_101257_411774_1_R8_C3,2026-08-07 10:12:57,S2,1,R8_C3,8,3,False,True,False,0,1493,1493,1087,1493,14.986481795727036,True,True,True,0.820819409555813,True,baseline-601c809e6b514a07842bcd46a9ce8526,5a40306c002688d3274d10fb1dd05f03f54dfee4b3201d22c8cd7cf21dca0478,18047f9513dd8fd5bb06932cb2f783270914b34b8049a1ecf014cb864a332b60,roi-9fbc67c50ee3bc7145fa,49.424522587191255,10.485649832065103,-2.0,0.0,4600.0,237.0,255.0,True,calibration-45150bb00345487483d39616daf97689,613.6623529411764,4158.94298683009,0.024044571016401835,20,-3.5,200.0,False,1.1,23714658.0,1,8,0.6804678771202196,0.09554482153196758,2.7610225316810126,1,8,0.8625295132340522,0.10457293655496772,3.1849529780564265,1,8,0.7525183512644328,0.09668796082799827,3.1849529780564265,1,8,0.7525183512644328,0.09668796082799827,1087,1.0,4.6452281506787605,4.005374098270174,1.105189816872556,0,0,0,1493,1.0,1.0,,0.0,0.0,0.0,,0.13279699529590216,
2026-08-07_101531_828063_1_R8_C4,2026-08-07 10:15:31,S2,1,R8_C4,8,4,False,True,False,0,1022,1022,744,1022,14.986454363963846,True,True,True,0.29737110906923037,True,baseline-ff26029f039a493cad2f3eff31e5f62c,5a40306c002688d3274d10fb1dd05f03f54dfee4b3201d22c8cd7cf21dca0478,18047f9513dd8fd5bb06932cb2f783270914b34b8049a1ecf014cb864a332b60,roi-9fbc67c50ee3bc7145fa,49.726190740864254,10.504682735683128,-2.0,0.0,4600.0,237.0,255.0,True,calibration-45150bb00345487483d39616daf97689,613.6623529411764,4158.94298683009,0.024044571016401835,20,-1.75,400.0,False,1.1,15708851.0,1,8,0.657699155697025,0.0937987605620293,2.6768888357220906,1,9,0.8359262344613191,0.10280027122634368,2.7532218739115293,7,9,0.6507931098930491,0.08969326568076572,2.7532218739115293,7,9,0.6507931098930491,0.08969326568076572,744,1.0,1.4500648849961564,1.2493278471330758,0.5809448059523848,0,0,0,1022,1.0,1.0,,0.0,0.0,0.0,,0.13313847706388873,
2026-08-07_101740_121167_1_R8_C5,2026-08-07 10:17:40,S2,1,R8_C5,8,5,False,True,False,0,1103,1103,802,1103,14.986413518199466,True,True,True,0.428892800490377,True,baseline-1f683f03b0de47179da87f2cc1c94adf,5a40306c002688d3274d10fb1dd05f03f54dfee4b3201d22c8cd7cf21dca0478,18047f9513dd8fd5bb06932cb2f783270914b34b8049a1ecf014cb864a332b60,roi-9fbc67c50ee3bc7145fa,49.738618762830065,10.52492873333136,-2.0,0.0,4600.0,237.0,255.0,True,calibration-45150bb00345487483d39616daf97689,613.6623529411764,4158.94298683009,0.024044571016401835,20,-2.625,400.0,False,1.1,17268864.0,1,8,0.6599337531200832,0.09395305048191728,2.7269942061878187,1,8,0.8386470390545413,0.10314325047820938,2.6988854057819576,3,9,0.6087207060988331,0.08387944239058832,2.6988854057819576,3,9,0.6087207060988331,0.08387944239058832,802,1.0,1.3397033407765913,1.217005625971985,0.4103003076923937,0,0,0,1103,1.0,1.0,,0.0,0.0,0.0,,0.13315514480769214,
2026-08-07_102007_014740_1_R8_C6,2026-08-07 10:20:07,S2,1,R8_C6,8,6,False,True,False,0,1184,1184,862,1184,14.986355127899389,True,True,True,1.0028781283986459,True,baseline-5c40490f27fc42249e92fd2a8cc69e46,5a40306c002688d3274d10fb1dd05f03f54dfee4b3201d22c8cd7cf21dca0478,18047f9513dd8fd5bb06932cb2f783270914b34b8049a1ecf014cb864a332b60,roi-9fbc67c50ee3bc7145fa,49.95078218466524,10.575101590292082,-2.0,0.0,4600.0,237.0,255.0,True,calibration-45150bb00345487483d39616daf97689,613.6623529411764,4158.94298683009,0.024044571016401835,20,-3.5,400.0,False,1.1,18598256.0,2,7,0.6891272059881729,0.0963764842521785,2.735349402853783,1,8,0.8762097233360215,0.10576561362038386,3.0717520027864857,3,9,0.7436497597864267,0.09500761095822637,3.0717520027864857,3,9,0.7436497597864267,0.09500761095822637,862,1.0,2.1413506770392994,2.0033148489792723,0.6313102698185856,0,0,0,1184,1.0,1.0,,0.0,0.0,0.0,,0.13337411680787395,
2026-08-07_102231_135842_1_R8_C7,2026-08-07 10:22:31,S2,1,R8_C7,8,7,False,True,False,0,989,989,720,989,14.986368182697023,True,True,True,0.382119538618406,True,baseline-64f51df493cf4d7db01b021fa0ff88ec,5a40306c002688d3274d10fb1dd05f03f54dfee4b3201d22c8cd7cf21dca0478,18047f9513dd8fd5bb06932cb2f783270914b34b8049a1ecf014cb864a332b60,roi-9fbc67c50ee3bc7145fa,49.90577438553451,10.57346835855179,-2.0,0.0,4600.0,237.0,255.0,True,calibration-45150bb00345487483d39616daf97689,613.6623529411764,4158.94298683009,0.024044571016401835,20,-1.75,600.0,False,1.1,15928988.0,1,8,0.6906202992401177,0.09597849385992051,2.8049731300664043,3,8,0.873944897436691,0.10506316840825962,3.5308254963427377,1,5,0.8688075954114872,0.10811505078876152,3.5308254963427377,1,5,0.8688075954114872,0.10811505078876152,720,1.0,1.1820394260256168,1.1052178193977145,0.4582166300512852,0,0,0,989,1.0,1.0,,0.0,0.0,0.0,,0.13215903086352906,
2026-08-07_102422_750493_1_R8_C8,2026-08-07 10:24:22,S2,1,R8_C8,8,8,False,True,False,0,1042,1042,758,1042,14.98636654541146,True,True,True,0.36535378440256494,True,baseline-1cc5a817f3c94be5ab8c951b901e5b4b,5a40306c002688d3274d10fb1dd05f03f54dfee4b3201d22c8cd7cf21dca0478,18047f9513dd8fd5bb06932cb2f783270914b34b8049a1ecf014cb864a332b60,roi-9fbc67c50ee3bc7145fa,50.17962609604289,10.57242199283624,-2.0,0.0,4600.0,237.0,255.0,True,calibration-45150bb00345487483d39616daf97689,613.6623529411764,4158.94298683009,0.024044571016401835,20,-2.625,600.0,False,1.1,16294185.0,1,7,0.6787844605530685,0.09636835420540507,2.7233391897664823,1,8,0.8627253558196253,0.10557477133310258,3.3763497039359107,3,7,0.8247370369200865,0.10753653389796226,3.3763497039359107,3,7,0.8247370369200865,0.10753653389796226,758,1.0,1.4556900317620536,1.369658845358053,0.5408828929103767,0,0,0,1042,1.0,1.0,,0.0,0.0,0.0,,0.1339502512323033,
2026-08-07_102613_098259_1_R8_C9,2026-08-07 10:26:13,S2,1,R8_C9,8,9,False,True,False,0,1099,1099,800,1099,14.986324469702353,True,True,True,0.19149714520740227,True,baseline-26c83a2551b84228ab70a95e0fea61be,5a40306c002688d3274d10fb1dd05f03f54dfee4b3201d22c8cd7cf21dca0478,18047f9513dd8fd5bb06932cb2f783270914b34b8049a1ecf014cb864a332b60,roi-9fbc67c50ee3bc7145fa,50.20374661154271,10.546720439413503,-2.0,0.0,4600.0,237.0,255.0,True,calibration-45150bb00345487483d39616daf97689,613.6623529411764,4158.94298683009,0.024044571016401835,20,-3.5,600.0,False,1.1,17208564.0,1,7,0.6950608233009969,0.09668991888982935,2.7269912896971973,3,9,0.8818977283540774,0.10601769557889595,3.2554858934169277,3,7,0.8123193168210243,0.10362477999077659,3.2554858934169277,3,7,0.8123193168210243,0.10362477999077659,800,1.0,3.8635245165860517,3.5760123986202412,1.0998975611797146,0,0,0,1099,1.0,1.0,,0.0,0.0,0.0,,0.13308511267441994,
2026-08-07_123435_699757_1_R8_C1_10,2026-08-07 12:34:35,S2,1,R8_C1_10,8,1,True,True,False,0,596,596,434,596,14.985954841890177,True,True,True,0.6056697088596658,True,baseline-3053fd3e1fa64275b08a1d488f264e5f,5a40306c002688d3274d10fb1dd05f03f54dfee4b3201d22c8cd7cf21dca0478,18047f9513dd8fd5bb06932cb2f783270914b34b8049a1ecf014cb864a332b60,roi-9fbc67c50ee3bc7145fa,50.282261351593704,10.556966171754054,-2.0,0.0,4600.0,237.0,255.0,True,calibration-45150bb00345487483d39616daf97689,613.6623529411764,4158.94298683009,0.024044571016401835,10,-1.75,200.0,False,1.1,9187944.0,1,8,0.6707980230757971,0.09572865474497994,2.684781160365515,1,8,0.8525747078382384,0.10495406245920239,2.9432253570184606,7,7,0.6571286039005707,0.09308044743546284,2.9432253570184606,7,7,0.6571286039005707,0.09308044743546284,434,1.0,1.5686723829975482,1.3936336363681028,0.7547123424911394,0,0,0,596,1.0,1.0,,0.0,0.0,0.0,,0.13287414855534313,
2026-08-07_123619_614408_1_R8_C2_10,2026-08-07 12:36:19,S2,1,R8_C2_10,8,2,True,True,False,0,674,674,491,674,14.985946280531405,True,True,True,0.34618601797824056,True,baseline-0ccf143325124b6e9db9f7bd9c68aa1c,5a40306c002688d3274d10fb1dd05f03f54dfee4b3201d22c8cd7cf21dca0478,18047f9513dd8fd5bb06932cb2f783270914b34b8049a1ecf014cb864a332b60,roi-9fbc67c50ee3bc7145fa,50.20251100345144,10.56479521379478,-2.0,0.0,4600.0,237.0,255.0,True,calibration-45150bb00345487483d39616daf97689,613.6623529411764,4158.94298683009,0.024044571016401835,10,-2.625,200.0,False,1.1,10382467.0,1,8,0.6771855732435678,0.09572295037611518,2.682733143364474,1,9,0.8606931928825414,0.10492216952094924,2.783176593521421,1,8,0.5900424930141567,0.08829722702696023,2.783176593521421,1,8,0.5900424930141567,0.08829722702696023,491,1.0,2.576292777969491,2.2896899521939638,0.8880333997650065,0,0,0,674,1.0,1.0,,0.0,0.0,0.0,,0.1330043754163638,
2026-08-07_123814_851482_1_R8_C3_10,2026-08-07 12:38:14,S2,1,R8_C3_10,8,3,True,True,False,0,889,889,647,889,14.985981928592874,True,True,True,0.3890255109695144,True,baseline-2ddc7fe2f6724993b60f0c44533ee35e,5a40306c002688d3274d10fb1dd05f03f54dfee4b3201d22c8cd7cf21dca0478,18047f9513dd8fd5bb06932cb2f783270914b34b8049a1ecf014cb864a332b60,roi-9fbc67c50ee3bc7145fa,50.09805703209002,10.551619128039539,-2.0,0.0,4600.0,237.0,255.0,True,calibration-45150bb00345487483d39616daf97689,613.6623529411764,4158.94298683009,0.024044571016401835,10,-3.5,200.0,False,1.1,13765166.0,1,8,0.682035104788116,0.09636044917274414,2.696599837246051,1,8,0.8668568782207727,0.10560760285487523,3.1572622779519333,3,8,0.68960158303275,0.09981127608038612,3.1572622779519333,3,8,0.68960158303275,0.09981127608038612,647,1.0,6.7418737634223085,6.256429989737602,1.8840907853057642,0,0,0,889,1.0,1.0,,0.0,0.0,0.0,,0.13313437165404415,
2026-08-07_124122_519050_1_R8_C4_10,2026-08-07 12:41:22,S2,1,R8_C4_10,8,4,True,True,False,0,526,526,383,526,14.985974062226596,True,True,True,0.5138024136536146,True,baseline-a61fccf6c5a44a6a89a9b28fae7c5912,5a40306c002688d3274d10fb1dd05f03f54dfee4b3201d22c8cd7cf21dca0478,18047f9513dd8fd5bb06932cb2f783270914b34b8049a1ecf014cb864a332b60,roi-9fbc67c50ee3bc7145fa,49.95653688307362,10.552658308735387,-2.0,0.0,4600.0,237.0,255.0,True,calibration-45150bb00345487483d39616daf97689,613.6623529411764,4158.94298683009,0.024044571016401835,10,-1.75,400.0,False,1.1,8296322.0,1,8,0.669667677398342,0.0939295312891116,2.7468608995421615,3,9,0.8457932725591357,0.10283909249893437,3.324451410658307,9,6,0.7966810344827586,0.10167026268448315,3.324451410658307,9,6,0.7966810344827586,0.10167026268448315,383,1.0,5.285855660767657,4.4258218579598285,1.6037110106306418,0,1,0,526,1.0,1.0,,0.0,0.0,0.0,,0.13293703466835444,
2026-08-07_124257_772512_1_R8_C5_10,2026-08-07 12:42:57,S2,1,R8_C5_10,8,5,True,True,False,0,560,560,408,560,14.98595432341556,True,True,True,0.8134454523607206,True,baseline-0798ba4abc59419ca5b6dcb73bd6284a,5a40306c002688d3274d10fb1dd05f03f54dfee4b3201d22c8cd7cf21dca0478,18047f9513dd8fd5bb06932cb2f783270914b34b8049a1ecf014cb864a332b60,roi-9fbc67c50ee3bc7145fa,49.92761329772824,10.620305553350223,-2.0,0.0,4600.0,237.0,255.0,True,calibration-45150bb00345487483d39616daf97689,613.6623529411764,4158.94298683009,0.024044571016401835,10,-2.625,400.0,False,1.1,8613735.0,1,8,0.679747111143729,0.0948846867189418,2.678800007463799,1,9,0.8639488709729944,0.10405242803557274,3.3517938000696623,3,7,0.8875225640886676,0.10751591843831085,3.3517938000696623,3,7,0.8875225640886676,0.10751591843831085,408,1.0,6.885203142238596,6.400630307470768,1.9446284654763208,0,0,0,560,1.0,1.0,,0.0,0.0,0.0,,0.1322258751304323,
2026-08-07_124601_232759_1_R8_C6_10,2026-08-07 12:46:01,S2,1,R8_C6_10,8,6,True,True,False,0,616,616,448,616,14.985944959789974,True,True,True,0.824854402057455,True,baseline-2ba0ef81c66e49a3a0b28a33a2f2564d,5a40306c002688d3274d10fb1dd05f03f54dfee4b3201d22c8cd7cf21dca0478,18047f9513dd8fd5bb06932cb2f783270914b34b8049a1ecf014cb864a332b60,roi-9fbc67c50ee3bc7145fa,50.23939631423958,10.564487036423532,-2.0,0.0,4600.0,237.0,255.0,True,calibration-45150bb00345487483d39616daf97689,613.6623529411764,4158.94298683009,0.024044571016401835,10,-3.5,400.0,False,1.1,8932239.0,1,8,0.6105605557401512,0.08824412096684675,2.4887139404249905,1,9,0.7621658859947403,0.0955838823752119,3.0020898641588296,1,7,0.6748783830899192,0.09355068291737138,3.0020898641588296,1,7,0.6748783830899192,0.09355068291737138,448,1.0,9.66492055430463,8.393754842111633,2.124159715142957,0,0,0,616,1.0,1.0,,0.0,0.0,0.0,,0.13369259855326482,
2026-08-07_124904_883403_1_R8_C7_10,2026-08-07 12:49:04,S2,1,R8_C7_10,8,7,True,True,False,0,501,501,365,501,14.985958864538613,True,True,True,0.3345597643101349,True,baseline-cab68964c3ce4a6ebf697b3e65d0bd93,5a40306c002688d3274d10fb1dd05f03f54dfee4b3201d22c8cd7cf21dca0478,18047f9513dd8fd5bb06932cb2f783270914b34b8049a1ecf014cb864a332b60,roi-9fbc67c50ee3bc7145fa,50.02742946708464,10.634759632832418,-2.0,0.0,4600.0,237.0,255.0,True,calibration-45150bb00345487483d39616daf97689,613.6623529411764,4158.94298683009,0.024044571016401835,10,-1.75,600.0,False,1.1,8128425.0,1,8,0.6841207941984742,0.09665951687632944,2.7838209683037287,1,7,0.8589538960913542,0.10494322673906287,3.003657262277952,1,7,0.6836329549385465,0.09099263324457948,3.003657262277952,1,7,0.6836329549385465,0.09099263324457948,365,1.0,0.8773226688320653,0.7151138911827353,0.49924292251015767,0,0,0,501,1.0,1.0,,0.0,0.0,0.0,,0.13171152937642105,
2026-08-07_125056_967138_1_R8_C8_10,2026-08-07 12:50:56,S2,1,R8_C8_10,8,8,True,True,False,0,528,528,385,528,14.985962289821638,True,True,True,0.26709606274168607,True,baseline-381a9a95365d49ecac3fe9fb7703f681,5a40306c002688d3274d10fb1dd05f03f54dfee4b3201d22c8cd7cf21dca0478,18047f9513dd8fd5bb06932cb2f783270914b34b8049a1ecf014cb864a332b60,roi-9fbc67c50ee3bc7145fa,50.22054124452925,10.562456811141855,-2.0,0.0,4600.0,237.0,255.0,True,calibration-45150bb00345487483d39616daf97689,613.6623529411764,4158.94298683009,0.024044571016401835,10,-2.625,600.0,False,1.1,8183999.0,1,8,0.6644286039146897,0.09258478899382122,2.573091129490897,1,9,0.8016455016863278,0.09726906732362121,3.2234413096482064,6,9,0.7507688510364332,0.09548564920936899,3.2234413096482064,6,9,0.7507688510364332,0.09548564920936899,385,1.0,1.1324518396205618,1.0570972457003565,0.7836532292167886,0,0,0,528,1.0,1.0,,0.0,0.0,0.0,,0.13299784660046868,
2026-08-07_125220_451550_1_R8_C9_10,2026-08-07 12:52:20,S2,1,R8_C9_10,8,9,True,True,False,0,558,558,406,558,14.985950785495955,True,True,True,0.7871384510098989,True,baseline-39591bf3c3194690858cee373ae77b97,5a40306c002688d3274d10fb1dd05f03f54dfee4b3201d22c8cd7cf21dca0478,18047f9513dd8fd5bb06932cb2f783270914b34b8049a1ecf014cb864a332b60,roi-9fbc67c50ee3bc7145fa,50.19026674118896,10.611600981241974,-2.0,0.0,4600.0,237.0,255.0,True,calibration-45150bb00345487483d39616daf97689,613.6623529411764,4158.94298683009,0.024044571016401835,10,-3.5,600.0,False,1.1,8705063.0,1,8,0.6828434414872121,0.09384178749189981,2.6479263548887118,3,9,0.7993511970216741,0.0996957029118048,3.3732149076976663,3,9,0.6309287898768932,0.09136345080642112,3.3732149076976663,3,9,0.6309287898768932,0.09136345080642112,406,1.0,2.516349807745398,2.3498206936524304,1.2767085097510538,0,0,0,558,1.0,1.0,,0.0,0.0,0.0017921146953405018,0.0,0.13333358828512865,3
2026-08-07_103221_876936_1_R9_C1,2026-08-07 10:32:21,S2,1,R9_C1,9,1,False,True,False,0,1170,1170,852,1170,14.98627721041071,True,True,True,0.18593282176133227,True,baseline-b6fb473925294ae6be5845167e99978b,5a40306c002688d3274d10fb1dd05f03f54dfee4b3201d22c8cd7cf21dca0478,18047f9513dd8fd5bb06932cb2f783270914b34b8049a1ecf014cb864a332b60,roi-9fbc67c50ee3bc7145fa,51.92825207579306,10.818627008817314,-2.0,0.0,4600.0,237.0,255.0,True,calibration-45150bb00345487483d39616daf97689,613.6623529411764,4158.94298683009,0.024044571016401835,20,-1.75,200.0,False,1.1,15505191.0,1,9,0.5538202140637883,0.07918602953182206,2.8214392165211866,1,7,0.8605024318155272,0.10610843949262287,3.4236746859697678,1,7,0.8367148167640267,0.10289321155648952,3.4236746859697678,1,7,0.8367148167640267,0.10289321155648952,852,1.0,1.0713422906637682,1.0329714386762794,0.48281924427757933,0,0,0,1170,1.0,1.0,,0.0,0.0,0.0008547008547008547,0.0,0.13336134520447154,3
2026-08-07_103441_167892_1_R9_C2,2026-08-07 10:34:41,S2,1,R9_C2,9,2,False,True,False,0,1332,1332,970,1332,14.986277690755736,True,True,True,0.5918040362058616,True,baseline-a7cda3b1a70a46ef8962cf0ec27be9dd,5a40306c002688d3274d10fb1dd05f03f54dfee4b3201d22c8cd7cf21dca0478,18047f9513dd8fd5bb06932cb2f783270914b34b8049a1ecf014cb864a332b60,roi-9fbc67c50ee3bc7145fa,51.79368864286897,10.84953476037533,-2.0,0.0,4600.0,237.0,255.0,True,calibration-45150bb00345487483d39616daf97689,613.6623529411764,4158.94298683009,0.024044571016401835,20,-2.625,200.0,False,1.1,18723300.0,1,9,0.594145047131642,0.08284397082563771,2.9926615992189745,3,3,0.8900869399837565,0.1107142754041583,3.516499893549074,1,7,0.8540238343800712,0.10595325909387343,3.516499893549074,1,7,0.8540238343800712,0.10595325909387343,970,1.0,1.5788040393883973,1.4245160117234903,0.6096347779766653,0,0,0,1332,1.0,1.0,,0.0,0.0,0.0007507507507507507,0.0,0.1335487143333817,3
2026-08-07_103650_255736_1_R9_C3,2026-08-07 10:36:50,S2,1,R9_C3,9,3,False,True,False,0,1778,1778,1295,1778,14.98625626946791,True,True,True,0.4409885125007591,True,baseline-20adf11cdaf9495ab8d6181375dcd09c,5a40306c002688d3274d10fb1dd05f03f54dfee4b3201d22c8cd7cf21dca0478,18047f9513dd8fd5bb06932cb2f783270914b34b8049a1ecf014cb864a332b60,roi-9fbc67c50ee3bc7145fa,52.14146865251641,10.794060039570168,-2.0,0.0,4600.0,237.0,255.0,True,calibration-45150bb00345487483d39616daf97689,613.6623529411764,4158.94298683009,0.024044571016401835,20,-3.5,200.0,False,1.1,23599995.0,1,9,0.5653726521667876,0.08034514306187711,2.8259182499994537,1,6,0.8784521216762203,0.10758494925976562,3.918458590589738,3,2,0.9337250330647127,0.12072247304758903,3.918458590589738,3,2,0.9337250330647127,0.12072247304758903,1295,1.0,2.801218745952459,2.1946217757441824,0.7031053060494629,0,0,0,1778,1.0,1.0,,0.0,0.0,0.0,,0.1329657605258801,
2026-08-07_103945_858185_1_R9_C4,2026-08-07 10:39:45,S2,1,R9_C4,9,4,False,True,False,0,1021,1021,744,1021,14.986231952872963,True,True,True,0.43396477544714585,True,baseline-afc2f27e5f1b4e9aae924c98af4a71c5,5a40306c002688d3274d10fb1dd05f03f54dfee4b3201d22c8cd7cf21dca0478,18047f9513dd8fd5bb06932cb2f783270914b34b8049a1ecf014cb864a332b60,roi-9fbc67c50ee3bc7145fa,52.19698857124738,10.824307210127612,-2.0,0.0,4600.0,237.0,255.0,True,calibration-45150bb00345487483d39616daf97689,613.6623529411764,4158.94298683009,0.024044571016401835,20,-1.75,400.0,False,1.1,13667700.0,1,9,0.5701212134838378,0.07989088634062594,2.8500280567524223,1,8,0.8858302354705252,0.10709359169426981,3.2092825207579305,2,8,0.7907857110261232,0.10056296771562082,3.2092825207579305,2,8,0.7907857110261232,0.10056296771562082,744,1.0,1.0655892996531913,1.0071964408958367,0.44885760152735327,0,0,0,1021,1.0,1.0,,0.0,0.0,0.0,,0.13228295201304102,
2026-08-07_104144_165197_1_R9_C5,2026-08-07 10:41:44,S2,1,R9_C5,9,5,False,True,False,0,1104,1104,804,1104,14.986226737655763,True,True,True,0.539982959463909,True,baseline-066ed67b66cc48eeb98dfca2f712e983,5a40306c002688d3274d10fb1dd05f03f54dfee4b3201d22c8cd7cf21dca0478,18047f9513dd8fd5bb06932cb2f783270914b34b8049a1ecf014cb864a332b60,roi-9fbc67c50ee3bc7145fa,52.515393729577625,10.836268399039511,-2.0,0.0,4600.0,237.0,255.0,True,calibration-45150bb00345487483d39616daf97689,613.6623529411764,4158.94298683009,0.024044571016401835,20,-2.625,400.0,False,1.1,14226866.0,1,9,0.5359024094703628,0.07681481266590194,2.7435925027692667,1,8,0.832662504644391,0.10310723995783301,3.4115392803917395,1,6,0.7343286733018408,0.10271112842124215,3.4115392803917395,1,6,0.7343286733018408,0.10271112842124215,804,1.0,1.425119276753072,1.3266720171111055,0.5224192143467782,0,0,0,1104,1.0,1.0,,0.0,0.0,0.0009057971014492754,0.0,0.13370072530559007,1
2026-08-07_104339_334149_1_R9_C6,2026-08-07 10:43:39,S2,1,R9_C6,9,6,False,True,False,0,1471,1471,1071,1471,14.98620458734189,True,True,True,0.2432651060961738,True,baseline-bdaee996c9fe4011bf2872686175ec17,5a40306c002688d3274d10fb1dd05f03f54dfee4b3201d22c8cd7cf21dca0478,18047f9513dd8fd5bb06932cb2f783270914b34b8049a1ecf014cb864a332b60,roi-9fbc67c50ee3bc7145fa,52.72166785459729,10.83761727156598,-2.0,0.0,4600.0,237.0,255.0,True,calibration-45150bb00345487483d39616daf97689,613.6623529411764,4158.94298683009,0.024044571016401835,20,-3.5,400.0,False,1.1,18611222.0,1,9,0.538433871903507,0.07581782260654776,2.6936530498733124,1,8,0.8365957839369381,0.10184647521599027,3.2314243133915266,3,8,0.8009866144045789,0.09986127113751665,3.2314243133915266,3,8,0.8009866144045789,0.09986127113751665,1071,1.0,2.4861625854704545,2.1933513235626796,0.6618960146576316,0,0,0,1471,1.0,1.0,,0.0,0.0,0.0,,0.1328077567567791,
2026-08-07_104553_398347_1_R9_C7,2026-08-07 10:45:53,S2,1,R9_C7,9,7,False,True,False,0,991,991,722,991,14.986167533342678,True,True,True,0.769888055016938,True,baseline-258ec590f2924a9b8af8562be1681674,5a40306c002688d3274d10fb1dd05f03f54dfee4b3201d22c8cd7cf21dca0478,18047f9513dd8fd5bb06932cb2f783270914b34b8049a1ecf014cb864a332b60,roi-9fbc67c50ee3bc7145fa,52.289863606919766,10.90608838925885,-2.0,0.0,4600.0,237.0,255.0,True,calibration-45150bb00345487483d39616daf97689,613.6623529411764,4158.94298683009,0.024044571016401835,20,-1.75,600.0,False,1.1,13550058.0,1,9,0.5705285176722031,0.08091204381962568,2.9110317318287398,1,6,0.8864630874966444,0.10832744058720335,3.2307856078347883,7,7,0.7643844558312713,0.09992607289831333,3.2307856078347883,7,7,0.7643844558312713,0.09992607289831333,722,1.0,0.9558829571876085,0.8847488213948849,0.3693691978533157,0,0,0,991,1.0,1.0,,0.0,0.0,0.0,,0.1327392710902817,
2026-08-07_104753_096796_1_R9_C8,2026-08-07 10:47:53,S2,1,R9_C8,9,8,False,True,False,0,1046,1046,762,1046,14.986195896373015,True,True,True,0.46633305312118345,True,baseline-61065034df0f427990c5c4096b212d9b,5a40306c002688d3274d10fb1dd05f03f54dfee4b3201d22c8cd7cf21dca0478,18047f9513dd8fd5bb06932cb2f783270914b34b8049a1ecf014cb864a332b60,roi-9fbc67c50ee3bc7145fa,52.34181392378114,10.905552716078544,-2.0,0.0,4600.0,237.0,255.0,True,calibration-45150bb00345487483d39616daf97689,613.6623529411764,4158.94298683009,0.024044571016401835,20,-2.625,600.0,False,1.1,14516614.0,1,9,0.5862138715450391,0.0806825728184028,2.954697905298162,3,6,0.8949943915135657,0.10803270561237634,3.170747285501384,2,8,0.7468055275039103,0.09383815463157687,3.170747285501384,2,8,0.7468055275039103,0.09383815463157687,762,1.0,1.4417869701531596,1.3546107787327484,0.5029086730129098,0,0,0,1046,1.0,1.0,,0.0,0.0,0.0009560229445506692,0.0,0.13225312905862968,1
2026-08-07_104950_940412_1_R9_C9,2026-08-07 10:49:50,S2,1,R9_C9,9,9,False,True,False,0,1100,1100,802,1100,14.98616150223875,True,True,True,0.5203543070204475,True,baseline-db3405d3edfd4edca1446ee91fb50edf,5a40306c002688d3274d10fb1dd05f03f54dfee4b3201d22c8cd7cf21dca0478,18047f9513dd8fd5bb06932cb2f783270914b34b8049a1ecf014cb864a332b60,roi-9fbc67c50ee3bc7145fa,52.52488637520712,10.870270277112535,-2.0,0.0,4600.0,237.0,255.0,True,calibration-45150bb00345487483d39616daf97689,613.6623529411764,4158.94298683009,0.024044571016401835,20,-3.5,600.0,False,1.1,14572376.0,1,9,0.5528751364178128,0.07817477280197947,2.820441674569843,1,9,0.859034010129274,0.1048378968290705,3.406642537790079,1,8,0.8059674276523485,0.10360500909005697,3.406642537790079,1,8,0.8059674276523485,0.10360500909005697,802,1.0,2.6525358893902187,2.4641861598100507,0.7950812194268303,0,0,0,1100,1.0,1.0,,0.0,0.0,0.0009090909090909091,0.0,0.13304483052409,1
2026-08-07_105648_296214_1_R9_C1_10,2026-08-07 10:56:48,S2,1,R9_C1_10,9,1,True,True,False,0,588,588,428,588,14.986155958980468,True,True,True,0.29786039785243035,True,baseline-4a51d33bf0124a26a4857d33cbca4e53,5a40306c002688d3274d10fb1dd05f03f54dfee4b3201d22c8cd7cf21dca0478,18047f9513dd8fd5bb06932cb2f783270914b34b8049a1ecf014cb864a332b60,roi-9fbc67c50ee3bc7145fa,52.56351808482956,10.852132139465839,-2.0,0.0,4600.0,237.0,255.0,True,calibration-45150bb00345487483d39616daf97689,613.6623529411764,4158.94298683009,0.024044571016401835,10,-1.75,200.0,False,1.1,7833962.0,1,9,0.5758958130759859,0.08111910194402136,2.8365051364382246,1,6,0.8948025641534064,0.10860193914612747,3.6410474771130508,7,5,0.9051491693800564,0.11119993303317818,3.6410474771130508,7,5,0.9051491693800564,0.11119993303317818,428,1.0,1.0531884079192815,0.9634393510746955,0.42923355714301337,0,0,0,588,1.0,1.0,,0.0,0.0,0.0,,0.13290754756321946,
2026-08-07_105802_547467_1_R9_C2_10,2026-08-07 10:58:02,S2,1,R9_C2_10,9,2,True,True,False,0,668,668,487,668,14.986136853852635,True,True,True,0.6824311074098008,True,baseline-9bb8683487bc448999ce3b008efb4d1d,5a40306c002688d3274d10fb1dd05f03f54dfee4b3201d22c8cd7cf21dca0478,18047f9513dd8fd5bb06932cb2f783270914b34b8049a1ecf014cb864a332b60,roi-9fbc67c50ee3bc7145fa,52.57150725254788,10.898229317189099,-2.0,0.0,4600.0,237.0,255.0,True,calibration-45150bb00345487483d39616daf97689,613.6623529411764,4158.94298683009,0.024044571016401835,10,-2.625,200.0,False,1.1,8960143.0,1,9,0.5429015662460216,0.07807760765941656,2.8557350914521806,1,8,0.8435374985019078,0.10466458452221425,3.6591441345539706,1,5,0.8011650634217832,0.10748682029738049,3.6591441345539706,1,5,0.8011650634217832,0.10748682029738049,487,1.0,1.396002750027319,1.2258788155792706,0.49781637221639163,0,0,0,668,1.0,1.0,,0.0,0.0,0.0,,0.13300275061439015,
2026-08-07_105919_843572_1_R9_C3_10,2026-08-07 10:59:19,S2,1,R9_C3_10,9,3,True,True,False,0,886,886,645,886,14.986118145182257,True,True,True,0.32874740667810126,True,baseline-1db51446ddd14b759701494c3cbbe499,5a40306c002688d3274d10fb1dd05f03f54dfee4b3201d22c8cd7cf21dca0478,18047f9513dd8fd5bb06932cb2f783270914b34b8049a1ecf014cb864a332b60,roi-9fbc67c50ee3bc7145fa,52.52747566350636,10.84723409829089,-2.0,0.0,4600.0,237.0,255.0,True,calibration-45150bb00345487483d39616daf97689,613.6623529411764,4158.94298683009,0.024044571016401835,10,-3.5,200.0,False,1.1,11800639.0,1,9,0.5351209183084655,0.07749533330970511,2.834671091923538,1,8,0.830973972359431,0.10384223690416645,2.7328081754311264,1,8,0.5050529024360293,0.08134729329689029,2.7328081754311264,1,8,0.5050529024360293,0.08134729329689029,645,1.0,2.3504719002737664,1.7732679199703614,0.6134405730084219,0,0,0,886,1.0,1.0,,0.0,0.0,0.001128668171557562,0.0,0.1335014059936753,1
2026-08-07_110055_692031_1_R9_C4_10,2026-08-07 11:00:55,S2,1,R9_C4_10,9,4,True,True,False,0,516,516,376,516,14.986098537588294,True,True,True,0.5783680924069985,True,baseline-ce5d3d620e484be1822f9e6ab2773d75,5a40306c002688d3274d10fb1dd05f03f54dfee4b3201d22c8cd7cf21dca0478,18047f9513dd8fd5bb06932cb2f783270914b34b8049a1ecf014cb864a332b60,roi-9fbc67c50ee3bc7145fa,52.54690783201118,10.880805344856801,-2.0,0.0,4600.0,237.0,255.0,True,calibration-45150bb00345487483d39616daf97689,613.6623529411764,4158.94298683009,0.024044571016401835,10,-1.75,400.0,False,1.1,6862259.0,1,9,0.5643703313934486,0.08057063507271044,2.8313714180088585,1,6,0.8768947580390444,0.10794239150320993,3.3225463061528635,7,7,0.8016496882381957,0.1021483389288055,3.3225463061528635,7,7,0.8016496882381957,0.1021483389288055,376,1.0,0.9698339603882574,0.917509708120532,0.38032893266596923,0,0,0,516,1.0,1.0,,0.0,0.0,0.0,,0.13386923101964687,
2026-08-07_110207_287853_1_R9_C5_10,2026-08-07 11:02:07,S2,1,R9_C5_10,9,5,True,True,False,0,556,556,405,556,14.986126113632858,True,True,True,0.7416280612643047,True,baseline-ab2a0151c7564ee3bfdd232191d30a71,5a40306c002688d3274d10fb1dd05f03f54dfee4b3201d22c8cd7cf21dca0478,18047f9513dd8fd5bb06932cb2f783270914b34b8049a1ecf014cb864a332b60,roi-9fbc67c50ee3bc7145fa,52.44882950264276,10.830252875622664,-2.0,0.0,4600.0,237.0,255.0,True,calibration-45150bb00345487483d39616daf97689,613.6623529411764,4158.94298683009,0.024044571016401835,10,-2.625,400.0,False,1.1,7561094.0,1,9,0.5661946813855985,0.0813841991780804,2.895271434544934,1,6,0.879729355919118,0.10894667295674622,2.8875878220140514,1,9,0.6774121934185782,0.09027596719498862,2.8875878220140514,1,9,0.6774121934185782,0.09027596719498862,405,1.0,1.3327038683803893,1.214499079749738,0.44826976827437454,0,0,0,556,1.0,1.0,,0.0,0.0,0.0,,0.13351835218101665,
2026-08-07_110347_071170_1_R9_C6_10,2026-08-07 11:03:47,S2,1,R9_C6_10,9,6,True,True,False,0,596,596,434,596,14.98613320151023,True,True,True,0.2908716510456123,True,baseline-ef4dd05e826f4db4ad418167d5187b57,5a40306c002688d3274d10fb1dd05f03f54dfee4b3201d22c8cd7cf21dca0478,18047f9513dd8fd5bb06932cb2f783270914b34b8049a1ecf014cb864a332b60,roi-9fbc67c50ee3bc7145fa,52.409424146772686,10.90790318834672,-2.0,0.0,4600.0,237.0,255.0,True,calibration-45150bb00345487483d39616daf97689,613.6623529411764,4158.94298683009,0.024044571016401835,10,-3.5,400.0,False,1.1,8008034.0,1,9,0.5675927196478106,0.07848293906931154,2.8606128715601673,3,8,0.8802345360024467,0.10527728596011812,3.4451777730466255,1,6,0.8040327264140665,0.10600361298586004,3.4451777730466255,1,6,0.8040327264140665,0.10600361298586004,434,1.0,1.8436014311807798,1.6246010439387055,0.5464617636015592,0,0,0,596,1.0,1.0,,0.0,0.0,0.0016778523489932886,0.0,0.13296794505181797,3
2026-08-07_110513_841199_1_R9_C7_10,2026-08-07 11:05:13,S2,1,R9_C7_10,9,7,True,True,False,0,497,497,362,497,14.98611056874107,True,True,True,0.6050597862621205,True,baseline-9f031158de64470bb7f6e385d34a340a,5a40306c002688d3274d10fb1dd05f03f54dfee4b3201d22c8cd7cf21dca0478,18047f9513dd8fd5bb06932cb2f783270914b34b8049a1ecf014cb864a332b60,roi-9fbc67c50ee3bc7145fa,52.50911174629347,10.854410370764073,-2.0,0.0,4600.0,237.0,255.0,True,calibration-45150bb00345487483d39616daf97689,613.6623529411764,4158.94298683009,0.024044571016401835,10,-1.75,600.0,False,1.1,6750876.0,1,9,0.5794815471952226,0.0801040120637363,2.891899405802496,1,7,0.9003739262147613,0.10729632384089337,3.9137747498403237,3,3,0.9763178620406004,0.11869664028441979,3.9137747498403237,3,3,0.9763178620406004,0.11869664028441979,362,1.0,0.9375053470149327,0.8513854686661857,0.31441849991815934,0,0,0,497,1.0,1.0,,0.0,0.0,0.0,,0.13142814537202488,
2026-08-07_110625_821668_1_R9_C8_10,2026-08-07 11:06:25,S2,1,R9_C8_10,9,8,True,True,False,0,525,525,383,525,14.986100953303838,True,True,True,0.1815926707739703,True,baseline-4ed25698b91e414eb37455d71c55c095,5a40306c002688d3274d10fb1dd05f03f54dfee4b3201d22c8cd7cf21dca0478,18047f9513dd8fd5bb06932cb2f783270914b34b8049a1ecf014cb864a332b60,roi-9fbc67c50ee3bc7145fa,52.70763139894636,10.853458248289126,-2.0,0.0,4600.0,237.0,255.0,True,calibration-45150bb00345487483d39616daf97689,613.6623529411764,4158.94298683009,0.024044571016401835,10,-2.625,600.0,False,1.1,6838347.0,1,9,0.5590642501295601,0.07887119161033952,2.773136652574593,1,8,0.8686503933245757,0.1056600151606801,3.1924632744304877,5,8,0.8009426103038011,0.09939940656470046,3.1924632744304877,5,8,0.8009426103038011,0.09939940656470046,383,1.0,1.4208364945563092,1.341972576119652,0.4654068852144714,0,0,0,525,1.0,1.0,,0.0,0.0,0.0019047619047619048,0.0,0.13277902308653478,3
2026-08-07_110748_800932_1_R9_C9_10,2026-08-07 11:07:48,S2,1,R9_C9_10,9,9,True,True,False,0,553,553,402,553,14.986094548510561,True,True,True,0.5011270672960433,True,baseline-917d5d2fe52c4db18ebb77bb94ec1b41,5a40306c002688d3274d10fb1dd05f03f54dfee4b3201d22c8cd7cf21dca0478,18047f9513dd8fd5bb06932cb2f783270914b34b8049a1ecf014cb864a332b60,roi-9fbc67c50ee3bc7145fa,52.512612120595016,10.858682447473022,-2.0,0.0,4600.0,237.0,255.0,True,calibration-45150bb00345487483d39616daf97689,613.6623529411764,4158.94298683009,0.024044571016401835,10,-3.5,600.0,False,1.1,7484831.0,1,9,0.5594614846731374,0.07965491201801916,2.8763350133395704,1,7,0.8690760181556478,0.10668532453804878,3.615073451139025,3,5,0.8711356164007433,0.11009405589360993,3.615073451139025,3,5,0.8711356164007433,0.11009405589360993,402,1.0,2.559992636772857,2.212476822566731,0.6636381116963588,0,0,0,553,1.0,1.0,,0.0,0.0,0.0,,0.13268480436630353,
