roi,speed_mm_min,displacement_mm_abs,motion_phase,force_bin_N,independent_sessions,collection_days,median_force_N,median_light,min_light,max_light,median_light_per_pixel,evidence_role
1,200.0,1.75,pressing_down,0.125,2,2,0.01391016704008962,12256.125,670.55,23841.7,1.6793813373526993,hysteresis supporting component
1,200.0,1.75,pressing_down,0.375,2,2,0.34326812358611375,12787.05,755.1,24819.0,1.7521307207454098,hysteresis supporting component
1,200.0,1.75,retracting,0.125,2,2,0.19280207993374837,12941.2625,758.45,25124.075,1.7732615100027405,hysteresis supporting component
1,200.0,1.75,retracting,0.375,2,2,0.37803632885320276,12891.0,642.25,25139.75,1.7663743491367498,hysteresis supporting component
1,200.0,1.75,retracting,0.625,2,2,0.6633485231224447,11724.11447368421,655.65,22792.57894736842,1.6064832109734462,hysteresis supporting component
1,200.0,2.625,pressing_down,0.125,2,2,0.016918234659069026,12686.074999999999,1233.3,24138.85,1.7382947382844613,hysteresis supporting component
1,200.0,2.625,pressing_down,0.375,2,2,0.36457853800383544,12633.9375,1373.8,23894.075,1.7311506577144422,hysteresis supporting component
1,200.0,2.625,pressing_down,0.625,2,2,0.6221676588853846,11734.900000000001,1146.9,22322.9,1.6079610852288297,hysteresis supporting component
1,200.0,2.625,pressing_down,0.875,2,2,0.7946664607492978,11909.7375,1824.5,21994.975,1.631917991230474,hysteresis supporting component
1,200.0,2.625,retracting,0.125,2,2,0.19530300211499413,12312.130555555555,1225.111111111111,23399.15,1.6870554337565848,hysteresis supporting component
1,200.0,2.625,retracting,0.375,2,2,0.3775111812152713,13629.55,1256.3,26002.8,1.8675733077555496,hysteresis supporting component
1,200.0,2.625,retracting,0.625,2,2,0.6224756449121576,12213.45,1300.45,23126.45,1.6735338448890107,hysteresis supporting component
1,200.0,2.625,retracting,0.875,2,2,0.9107326535829534,11268.6625,1006.75,21530.575,1.5440754316251029,hysteresis supporting component
1,200.0,2.625,retracting,1.125,2,2,1.0474556254934968,11758.95,867.5,22650.4,1.611256508632502,hysteresis supporting component
1,200.0,3.5,pressing_down,0.125,2,2,0.02303920155549925,13069.41710526316,927.65,25211.184210526317,1.790821746404927,hysteresis supporting component
1,200.0,3.5,pressing_down,0.375,2,2,0.37029707461362227,13243.362500000001,1155.95,25330.775,1.8146564127158125,hysteresis supporting component
1,200.0,3.5,pressing_down,0.625,2,2,0.6224497230169479,11750.0,1021.25,22478.75,1.6100301452452728,hysteresis supporting component
1,200.0,3.5,pressing_down,0.875,2,2,0.8569832711968499,12740.252631578947,956.4,24524.105263157893,1.7457183655219164,hysteresis supporting component
1,200.0,3.5,pressing_down,1.125,2,2,1.0932837527907817,12338.575,1149.5,23527.65,1.6906789531378459,hysteresis supporting component
1,200.0,3.5,pressing_down,1.375,1,1,1.3785232699944343,27695.90625,27695.90625,27695.90625,3.794999486160592,hysteresis supporting component
1,200.0,3.5,pressing_down,1.625,1,1,1.6292235657807776,28062.46153846154,28062.46153846154,28062.46153846154,3.8452263001454563,hysteresis supporting component
1,200.0,3.5,pressing_down,1.875,1,1,1.8373195977506156,26365.153846153848,26365.153846153848,26365.153846153848,3.612654678837195,hysteresis supporting component
1,200.0,3.5,pressing_down,2.125,1,1,2.1465533404243047,22139.6875,22139.6875,22139.6875,3.0336650452178677,hysteresis supporting component
1,200.0,3.5,pressing_down,2.375,1,1,2.4199783896293265,20265.666666666668,20265.666666666668,20265.666666666668,2.7768795103681376,hysteresis supporting component
1,200.0,3.5,pressing_down,2.625,1,1,2.6148186629154004,20933.35714285714,20933.35714285714,20933.35714285714,2.868369024781741,hysteresis supporting component
1,200.0,3.5,pressing_down,2.875,1,1,2.914525005385844,23937.0,23937.0,23937.0,3.2799397095094545,hysteresis supporting component
1,200.0,3.5,pressing_down,3.125,1,1,3.1117616632705465,25195.166666666668,25195.166666666668,25195.166666666668,3.452338540239335,hysteresis supporting component
1,200.0,3.5,pressing_down,3.375,1,1,3.3826168205065406,22183.571428571428,22183.571428571428,22183.571428571428,3.0396781897192966,hysteresis supporting component
1,200.0,3.5,pressing_down,3.625,1,1,3.7077836401441875,21610.5,21610.5,21610.5,2.9611537407508908,hysteresis supporting component
1,200.0,3.5,pressing_down,3.875,1,1,3.8137406809746213,24934.333333333332,24934.333333333332,24934.333333333332,3.4165981547455924,hysteresis supporting component
1,200.0,3.5,pressing_down,4.125,1,1,4.039568800770439,20074.0,20074.0,20074.0,2.7506166072896683,hysteresis supporting component
1,200.0,3.5,pressing_down,4.375,1,1,4.350589827892537,24114.5,24114.5,24114.5,3.3042614414908194,hysteresis supporting component
1,200.0,3.5,pressing_down,5.125,1,1,5.000634747967348,20861.0,20861.0,20861.0,2.8584543710605645,hysteresis supporting component
1,200.0,3.5,pressing_down,5.375,1,1,5.301780175415323,24444.0,24444.0,24444.0,3.3494107974787615,hysteresis supporting component
1,200.0,3.5,retracting,0.125,2,2,0.18146956326577549,13557.830555555554,1088.3,26027.36111111111,1.8577460339210132,hysteresis supporting component
1,200.0,3.5,retracting,0.375,2,2,0.3751311124199347,12816.661842105263,1112.35,24520.973684210527,1.7561882491237686,hysteresis supporting component
1,200.0,3.5,retracting,0.625,2,2,0.6177529036312899,12727.550000000001,874.65,24580.45,1.743977802137572,hysteresis supporting component
1,200.0,3.5,retracting,0.875,2,2,0.8554853207550981,12861.1375,889.75,24832.525,1.7622824746505892,hysteresis supporting component
1,200.0,3.5,retracting,1.125,2,2,1.1059845920623295,12335.15,721.1,23949.2,1.690209646478487,hysteresis supporting component
1,200.0,3.5,retracting,1.375,2,2,1.3918048838644692,10471.31153846154,833.7,20108.923076923078,1.434819339334275,hysteresis supporting component
1,200.0,3.5,retracting,1.625,2,2,1.5606072714612536,13469.700757575756,747.5833333333334,26191.81818181818,1.8456701503940471,hysteresis supporting component
1,200.0,3.5,retracting,1.875,1,1,1.8105112695475811,21812.076923076922,21812.076923076922,21812.076923076922,2.98877458523937,hysteresis supporting component
1,200.0,3.5,retracting,2.125,1,1,2.087000785733929,23760.5,23760.5,23760.5,3.2557550013702383,hysteresis supporting component
1,200.0,3.5,retracting,2.375,1,1,2.3864607738397607,23415.64285714286,23415.64285714286,23415.64285714286,3.2085013506635867,hysteresis supporting component
1,200.0,3.5,retracting,2.625,1,1,2.6197738737796636,22656.5,22656.5,22656.5,3.104480679638257,hysteresis supporting component
1,200.0,3.5,retracting,2.875,1,1,2.8773227862673343,27427.5,27427.5,27427.5,3.7582214305289123,hysteresis supporting component
1,200.0,3.5,retracting,3.125,1,1,3.0753920858564734,28497.5,28497.5,28497.5,3.9048369416278432,hysteresis supporting component
1,200.0,3.5,retracting,3.375,1,1,3.351171773387348,23943.5,23943.5,23943.5,3.28083036448342,hysteresis supporting component
1,200.0,3.5,retracting,3.625,1,1,3.667610113481559,23114.125,23114.125,23114.125,3.1671862154014803,hysteresis supporting component
1,200.0,3.5,retracting,3.875,1,1,3.8102930601233136,20523.85714285714,20523.85714285714,20523.85714285714,2.812257761421916,hysteresis supporting component
1,200.0,3.5,retracting,4.125,1,1,4.065019830106061,29569.25,29569.25,29569.25,4.0516922444505346,hysteresis supporting component
1,200.0,3.5,retracting,4.375,1,1,4.447880806211549,23533.14285714286,23533.14285714286,23533.14285714286,3.2246016521160397,hysteresis supporting component
1,200.0,3.5,retracting,4.625,1,1,4.651845330426278,19640.0,19640.0,19640.0,2.6911482597972047,hysteresis supporting component
1,200.0,3.5,retracting,4.875,1,1,4.874562690890891,28029.3,28029.3,28029.3,3.8406823787338995,hysteresis supporting component
1,200.0,3.5,retracting,5.125,1,1,5.129077503318582,21405.85714285714,21405.85714285714,21405.85714285714,2.933112790196923,hysteresis supporting component
1,200.0,3.5,retracting,5.375,1,1,5.362343862753231,23364.0,23364.0,23364.0,3.201425047958345,hysteresis supporting component
1,200.0,3.5,retracting,5.625,1,1,5.638253180083657,27784.833333333332,27784.833333333332,27784.833333333332,3.807184616789988,hysteresis supporting component
1,200.0,3.5,retracting,5.875,1,1,5.9215678584737805,20233.7,20233.7,20233.7,2.7724993148807893,hysteresis supporting component
1,400.0,1.75,pressing_down,0.125,2,2,0.008953510837302787,13472.175000000001,807.2,26137.15,1.8460091805974241,hysteresis supporting component
1,400.0,1.75,pressing_down,0.375,1,1,0.2875043573620572,29527.636363636364,29527.636363636364,29527.636363636364,4.0459901841102175,hysteresis supporting component
1,400.0,1.75,retracting,0.375,1,1,0.4114217161364185,472.5,472.5,472.5,0.06474376541518224,hysteresis supporting component
1,400.0,1.75,retracting,0.625,2,2,0.6127193117650285,13056.7875,421.3,25692.275,1.7890911893669499,hysteresis supporting component
1,400.0,1.75,retracting,0.875,1,1,0.8288256750478042,25747.275,25747.275,25747.275,3.527990545354892,hysteresis supporting component
1,400.0,2.625,pressing_down,0.125,2,2,0.013529424397174025,12351.887499999999,737.1,23966.675,1.6925030830364483,hysteresis supporting component
1,400.0,2.625,pressing_down,0.375,2,2,0.3763181172294855,12181.925000000001,481.4,23882.45,1.6692141682652784,hysteresis supporting component
1,400.0,2.625,pressing_down,0.625,2,2,0.6034906137467011,10813.622807017544,481.6666666666667,21145.57894736842,1.4817241445625575,hysteresis supporting component
1,400.0,2.625,pressing_down,0.875,1,1,0.7600654470548766,18391.0,18391.0,18391.0,2.520005480953686,hysteresis supporting component
1,400.0,2.625,retracting,0.375,2,2,0.4299065089327946,13258.916666666666,809.5,25708.333333333332,1.8167877043938976,hysteresis supporting component
1,400.0,2.625,retracting,0.625,2,2,0.6165558830350464,12650.050000000001,663.65,24636.45,1.7333584543710603,hysteresis supporting component
1,400.0,2.625,retracting,0.875,2,2,0.843250623467173,11581.008823529413,367.9,22794.117647058825,1.5868743249560717,hysteresis supporting component
1,400.0,2.625,retracting,1.125,1,1,1.1308422680008765,22933.425,22933.425,22933.425,3.14242600712524,hysteresis supporting component
1,400.0,2.625,retracting,1.375,1,1,1.4351366011072577,22189.0,22189.0,22189.0,3.0404220334338175,hysteresis supporting component
1,400.0,2.625,retracting,1.625,1,1,1.5033111763828224,27343.75,27343.75,27343.75,3.746745683748972,hysteresis supporting component
1,400.0,3.5,pressing_down,0.125,2,2,0.017415401159447372,13335.8375,898.5,25773.175,1.8273276925184982,hysteresis supporting component
1,400.0,3.5,pressing_down,0.375,2,2,0.385602141242411,12551.074999999999,664.55,24437.6,1.7197965195944094,hysteresis supporting component
1,400.0,3.5,pressing_down,0.625,2,2,0.6223126668563068,14606.444736842104,714.1,28498.78947368421,2.0014311779723357,hysteresis supporting component
1,400.0,3.5,pressing_down,0.875,2,2,0.864785439836675,11674.388888888889,451.77777777777777,22897.0,1.5996696202917087,hysteresis supporting component
1,400.0,3.5,pressing_down,1.125,1,1,1.1039471054774452,26136.53846153846,26136.53846153846,26136.53846153846,3.58132892046293,hysteresis supporting component
1,400.0,3.5,pressing_down,1.375,1,1,1.3599815913172746,23093.5625,23093.5625,23093.5625,3.1643686626473007,hysteresis supporting component
1,400.0,3.5,retracting,0.375,2,2,0.4365066657910789,12804.60357142857,817.85,24791.35714285714,1.7545359785459813,hysteresis supporting component
1,400.0,3.5,retracting,0.625,2,2,0.6166258006469447,14149.1625,737.5,27560.825,1.9387726089339545,hysteresis supporting component
1,400.0,3.5,retracting,0.875,2,2,0.8529711517465708,14169.1875,814.55,27523.825,1.941516511372979,hysteresis supporting component
1,400.0,3.5,retracting,1.125,2,2,1.1096087218983086,12061.064285714287,667.7,23454.428571428572,1.6526533688290335,hysteresis supporting component
1,400.0,3.5,retracting,1.375,2,2,1.3930866764954666,14081.375,780.65,27382.1,1.9294841052343106,hysteresis supporting component
1,400.0,3.5,retracting,1.625,2,2,1.6054765960391715,12868.246212121212,638.5833333333334,25097.909090909092,1.7632565376981653,hysteresis supporting component
1,400.0,3.5,retracting,1.875,1,1,1.953300461937043,25490.0,25490.0,25490.0,3.4927377363661276,hysteresis supporting component
1,400.0,3.5,retracting,2.125,1,1,2.159607071356821,24024.416666666668,24024.416666666668,24024.416666666668,3.291917877043939,hysteresis supporting component
1,400.0,3.5,retracting,2.375,1,1,2.422827859988843,24002.7,24002.7,24002.7,3.2889421759386135,hysteresis supporting component
1,400.0,3.5,retracting,2.625,1,1,2.6170587165642205,22572.157894736843,22572.157894736843,22572.157894736843,3.0929238003202033,hysteresis supporting component
1,400.0,3.5,retracting,2.875,1,1,2.7740557179827183,19501.5,19501.5,19501.5,2.672170457659633,hysteresis supporting component
1,600.0,1.75,pressing_down,0.125,2,2,0.009494968384059022,13900.224999999999,960.1,26840.35,1.904662236229104,hysteresis supporting component
1,600.0,1.75,retracting,0.375,1,1,0.4636472947365733,967.0,967.0,967.0,0.13250205535763224,hysteresis supporting component
1,600.0,1.75,retracting,0.625,2,2,0.630012815677241,13782.574999999999,876.05,26689.1,1.888541381200329,hysteresis supporting component
1,600.0,1.75,retracting,0.875,1,1,0.8293989896191205,24885.3,24885.3,24885.3,3.4098794190189095,hysteresis supporting component
1,600.0,2.625,pressing_down,0.125,2,2,0.013500928285137197,13208.0375,1204.4,25211.675,1.8098160454919154,hysteresis supporting component
1,600.0,2.625,pressing_down,0.375,2,2,0.3296685694984658,14732.483333333334,955.7,28509.266666666666,2.0187014707225726,hysteresis supporting component
1,600.0,2.625,pressing_down,0.625,1,1,0.5646835386446569,25945.941176470587,25945.941176470587,25945.941176470587,3.5552125481598504,hysteresis supporting component
1,600.0,2.625,retracting,0.375,1,1,0.4540066731481536,1185.3333333333333,1185.3333333333333,1185.3333333333333,0.16241892756006213,hysteresis supporting component
1,600.0,2.625,retracting,0.625,2,2,0.6246995413200568,12653.607142857143,957.5,24349.714285714286,1.7338458677524176,hysteresis supporting component
1,600.0,2.625,retracting,0.875,2,2,0.8629903502578283,13255.27205882353,973.25,25537.29411764706,1.8162883062241064,hysteresis supporting component
1,600.0,2.625,retracting,1.125,1,1,1.1612553940986978,25007.4375,25007.4375,25007.4375,3.426615168539326,hysteresis supporting component
1,600.0,2.625,retracting,1.375,1,1,1.4387035211252939,26779.775,26779.775,26779.775,3.6694676623732527,hysteresis supporting component
1,600.0,2.625,retracting,1.625,1,1,1.5260350453251657,25208.464285714286,25208.464285714286,25208.464285714286,3.4541606310926674,hysteresis supporting component
1,600.0,3.5,pressing_down,0.125,2,2,0.016010410491435548,13585.7,1169.45,26001.95,1.8615648122773363,hysteresis supporting component
1,600.0,3.5,pressing_down,0.375,2,2,0.39785016664364076,14256.8875,1140.9,27372.875,1.9535335023294054,hysteresis supporting component
1,600.0,3.5,pressing_down,0.625,2,2,0.6412375478636516,13357.867857142857,1095.95,25619.785714285714,1.830346376698117,hysteresis supporting component
1,600.0,3.5,pressing_down,0.875,2,2,0.8288565753042236,13433.5,712.0,26155.0,1.8407097835023294,hysteresis supporting component
1,600.0,3.5,pressing_down,1.125,1,1,1.088455091265695,29469.428571428572,29469.428571428572,29469.428571428572,4.038014328778922,hysteresis supporting component
1,600.0,3.5,pressing_down,1.375,1,1,1.2608497491309698,17060.0,17060.0,17060.0,2.3376267470539873,hysteresis supporting component
1,600.0,3.5,retracting,0.625,2,2,0.595496196945104,15894.983823529412,1148.85,30641.117647058825,2.177991754388793,hysteresis supporting component
1,600.0,3.5,retracting,0.875,2,2,0.8451926288716907,13461.322222222223,1005.4444444444445,25917.2,1.8445220912883287,hysteresis supporting component
1,600.0,3.5,retracting,1.125,2,2,1.1117136082968262,14302.416666666666,829.0,27775.833333333332,1.959772083675893,hysteresis supporting component
1,600.0,3.5,retracting,1.375,2,2,1.439268741116965,13421.506818181819,914.65,25928.363636363636,1.839066431650016,hysteresis supporting component
1,600.0,3.5,retracting,1.625,2,2,1.5688627919319034,14273.27380952381,977.2142857142857,27569.333333333332,1.955778817418993,hysteresis supporting component
1,600.0,3.5,retracting,1.875,1,1,1.9287614052721924,27238.5,27238.5,27238.5,3.732323924362839,hysteresis supporting component
1,600.0,3.5,retracting,2.125,1,1,2.1360065936981085,25682.25,25682.25,25682.25,3.519080570019183,hysteresis supporting component
1,600.0,3.5,retracting,2.375,1,1,2.4084799182217145,24519.535714285714,24519.535714285714,24519.535714285714,3.359760991269624,hysteresis supporting component
1,600.0,3.5,retracting,2.625,1,1,2.594321064847167,25589.725,25589.725,25589.725,3.50640243902439,hysteresis supporting component
1,600.0,3.5,retracting,2.875,1,1,2.8011742029335602,27983.0,27983.0,27983.0,3.834338174842423,hysteresis supporting component
2,200.0,1.75,pressing_down,0.125,2,2,0.018190916374726713,11893.725,0.0,23787.45,1.5807715311004784,hysteresis supporting component
2,200.0,1.75,pressing_down,0.375,2,2,0.35386364938914794,12859.4375,0.0,25718.875,1.7091224747474747,hysteresis supporting component
2,200.0,1.75,pressing_down,0.625,1,1,0.5100621805560605,27578.333333333332,27578.333333333332,27578.333333333332,3.6653818890660994,hysteresis supporting component
2,200.0,1.75,retracting,0.125,2,2,0.19475312970766603,11578.2625,0.0,23156.525,1.5388440324295587,hysteresis supporting component
2,200.0,1.75,retracting,0.375,2,2,0.36971718301620093,12252.0125,0.0,24504.025,1.6283908160552898,hysteresis supporting component
2,200.0,1.75,retracting,0.625,2,2,0.6307831548526726,12283.025,0.0,24566.05,1.6325126262626264,hysteresis supporting component
2,200.0,2.625,pressing_down,0.125,2,2,0.020927558242127577,12095.725,0.0,24191.45,1.6076189526847422,hysteresis supporting component
2,200.0,2.625,pressing_down,0.375,2,2,0.37283259096659144,12601.7625,25.4,25178.125,1.6748753987240828,hysteresis supporting component
2,200.0,2.625,pressing_down,0.625,2,2,0.6232861755229953,11550.275,0.0,23100.55,1.535124269005848,hysteresis supporting component
2,200.0,2.625,pressing_down,0.875,2,2,0.7938589760356265,12139.9,0.0,24279.8,1.6134901648059543,hysteresis supporting component
2,200.0,2.625,retracting,0.125,2,2,0.20031241036227893,11469.166666666666,1.0,22937.333333333332,1.524344320396952,hysteresis supporting component
2,200.0,2.625,retracting,0.375,2,2,0.3750326656597864,11667.55,0.05,23335.05,1.5507110579479,hysteresis supporting component
2,200.0,2.625,retracting,0.625,2,2,0.6223062518939149,12114.3,0.0,24228.6,1.6100877192982455,hysteresis supporting component
2,200.0,2.625,retracting,0.875,2,2,0.9035699422400469,12202.5125,27.5,24377.525,1.6218118686868688,hysteresis supporting component
2,200.0,2.625,retracting,1.125,2,2,1.0846064936819428,12052.8,0.0,24105.6,1.6019138755980862,hysteresis supporting component
2,200.0,3.5,pressing_down,0.125,2,2,0.023211978047154358,12231.3,0.0,24462.6,1.6256379585326954,hysteresis supporting component
2,200.0,3.5,pressing_down,0.375,2,2,0.3684280868282615,13324.25,0.0,26648.5,1.7708997873471557,hysteresis supporting component
2,200.0,3.5,pressing_down,0.625,2,2,0.6196023546470243,11553.1625,0.0,23106.325,1.5355080409356723,hysteresis supporting component
2,200.0,3.5,pressing_down,0.875,2,2,0.870554264689539,11833.85,0.0,23667.7,1.5728136629452418,hysteresis supporting component
2,200.0,3.5,pressing_down,1.125,2,2,1.1078687951845272,13207.2875,0.0,26414.575,1.7553545321637425,hysteresis supporting component
2,200.0,3.5,pressing_down,1.375,2,2,1.2902609051910845,14048.5,0.0,28097.0,1.8671584263689527,hysteresis supporting component
2,200.0,3.5,retracting,0.125,2,2,0.18527050144092574,13286.475,0.0,26572.95,1.7658791866028707,hysteresis supporting component
2,200.0,3.5,retracting,0.375,2,2,0.3786980612494669,11986.6625,0.0,23973.325,1.5931236709197236,hysteresis supporting component
2,200.0,3.5,retracting,0.625,2,2,0.6301424038621417,12536.8625,0.0,25073.725,1.666249667729931,hysteresis supporting component
2,200.0,3.5,retracting,0.875,2,2,0.8611840882146067,12115.8375,0.0,24231.675,1.6102920653907495,hysteresis supporting component
2,200.0,3.5,retracting,1.125,2,2,1.1073332707961119,11487.675,0.0,22975.35,1.5268042264752792,hysteresis supporting component
2,200.0,3.5,retracting,1.375,2,2,1.356757127649447,12586.3,0.0,25172.6,1.672820308346624,hysteresis supporting component
2,200.0,3.5,retracting,1.625,2,2,1.6375061789313945,11617.75,0.0,23235.5,1.5440922381711855,hysteresis supporting component
2,200.0,3.5,retracting,1.875,2,2,1.8372879339905521,7998.0,0.0,15996.0,1.0629984051036683,hysteresis supporting component
2,400.0,1.75,pressing_down,0.125,2,2,0.010200128235096837,13522.2875,0.0,27044.575,1.7972205608718768,hysteresis supporting component
2,400.0,1.75,pressing_down,0.375,1,1,0.28105088949636764,27805.25,27805.25,27805.25,3.695540935672515,hysteresis supporting component
2,400.0,1.75,retracting,0.125,1,1,0.23782285380815182,0.0,0.0,0.0,0.0,hysteresis supporting component
2,400.0,1.75,retracting,0.375,2,2,0.39144304011625364,12214.013888888889,0.0,24428.027777777777,1.6233404955992676,hysteresis supporting component
2,400.0,1.75,retracting,0.625,2,2,0.6191241353024057,13795.2625,0.0,27590.525,1.833501129718235,hysteresis supporting component
2,400.0,2.625,pressing_down,0.125,2,2,0.012292237117022497,12258.7375,0.0,24517.475,1.6292846225412014,hysteresis supporting component
2,400.0,2.625,pressing_down,0.375,2,2,0.3801078987125703,12265.3625,0.0,24530.725,1.6301651382243487,hysteresis supporting component
2,400.0,2.625,pressing_down,0.625,2,2,0.5474000939796796,12611.735294117647,0.0,25223.470588235294,1.6762008631203678,hysteresis supporting component
2,400.0,2.625,retracting,0.375,2,2,0.40314210772460757,12429.411764705883,0.0,24858.823529411766,1.6519686024329987,hysteresis supporting component
2,400.0,2.625,retracting,0.625,2,2,0.6095555472672034,12612.925,1.55,25224.3,1.6763589845826687,hysteresis supporting component
2,400.0,2.625,retracting,0.875,2,2,0.9162959365229745,12855.8125,0.0,25711.625,1.7086406831472623,hysteresis supporting component
2,400.0,2.625,retracting,1.125,2,2,1.033293103397335,12223.66875,3.6875,24443.65,1.6246237041467306,hysteresis supporting component
2,400.0,3.5,pressing_down,0.125,2,2,0.015021464271536375,12725.25,0.0,25450.5,1.691287878787879,hysteresis supporting component
2,400.0,3.5,pressing_down,0.375,2,2,0.3701164351666043,12562.425,0.0,25124.85,1.6696471291866029,hysteresis supporting component
2,400.0,3.5,pressing_down,0.625,2,2,0.6027393840493274,13165.95,0.0,26331.9,1.7498604465709728,hysteresis supporting component
2,400.0,3.5,pressing_down,0.875,2,2,0.8689113322428393,13434.225,0.0,26868.45,1.7855163476874005,hysteresis supporting component
2,400.0,3.5,pressing_down,1.125,2,2,1.0696869885201576,11698.583333333334,0.0,23397.166666666668,1.5548356370724792,hysteresis supporting component
2,400.0,3.5,retracting,0.125,1,1,0.2025768375710179,0.0,0.0,0.0,0.0,hysteresis supporting component
2,400.0,3.5,retracting,0.375,2,2,0.41641293615671,13030.85294117647,0.0,26061.70588235294,1.7319049629421146,hysteresis supporting component
2,400.0,3.5,retracting,0.625,2,2,0.6177828903799274,12610.8875,0.0,25221.775,1.6760881844763424,hysteresis supporting component
2,400.0,3.5,retracting,0.875,2,2,0.870916313602262,12601.4375,0.0,25202.875,1.6748322036150984,hysteresis supporting component
2,400.0,3.5,retracting,1.125,2,2,1.1036500722805878,12048.264705882353,0.0,24096.529411764706,1.6013110986021202,hysteresis supporting component
2,400.0,3.5,retracting,1.375,2,2,1.3612344157040557,11689.441176470587,0.0,23378.882352941175,1.5536205710354318,hysteresis supporting component
2,400.0,3.5,retracting,1.625,2,2,1.6471804169232904,13176.425,18.6,26334.25,1.7512526581605528,hysteresis supporting component
2,400.0,3.5,retracting,1.875,2,2,1.8168594542374699,12827.5,0.0,25655.0,1.7048777246145668,hysteresis supporting component
2,600.0,1.75,pressing_down,0.125,2,2,0.007392128145241379,12193.525,0.0,24387.05,1.6206173577884104,hysteresis supporting component
2,600.0,1.75,retracting,0.375,2,2,0.4556630886067464,13556.625,0.0,27113.25,1.8017842902711323,hysteresis supporting component
2,600.0,1.75,retracting,0.625,2,2,0.6457946956020829,11791.55,0.0,23583.1,1.5671916533758639,hysteresis supporting component
2,600.0,2.625,pressing_down,0.125,2,2,0.011965825404601364,14175.575,0.0,28351.15,1.8840477139819245,hysteresis supporting component
2,600.0,2.625,pressing_down,0.375,2,2,0.3267569032697515,14999.7,0.0,29999.4,1.993580542264753,hysteresis supporting component
2,600.0,2.625,retracting,0.375,2,2,0.4545518725955735,13550.055555555555,0.0,27100.11111111111,1.8009111583672985,hysteresis supporting component
2,600.0,2.625,retracting,0.625,2,2,0.6171275396429826,15203.275,25.5,30381.05,2.020637293992557,hysteresis supporting component
2,600.0,2.625,retracting,0.875,2,2,0.8927650201489236,13448.45,0.0,26896.9,1.7874069643806485,hysteresis supporting component
2,600.0,2.625,retracting,1.125,1,1,1.1276547639685888,0.0,0.0,0.0,0.0,hysteresis supporting component
2,600.0,2.625,retracting,1.375,1,1,1.2515251592448404,0.0,0.0,0.0,0.0,hysteresis supporting component
2,600.0,3.5,pressing_down,0.125,2,2,0.013359826873823907,13203.4625,0.0,26406.925,1.7548461589580011,hysteresis supporting component
2,600.0,3.5,pressing_down,0.375,2,2,0.3652424766587577,14366.644736842105,27.5,28705.78947368421,1.909442415848233,hysteresis supporting component
2,600.0,3.5,pressing_down,0.625,2,2,0.6309207856773492,12783.475,0.0,25566.95,1.6990264486975015,hysteresis supporting component
2,600.0,3.5,pressing_down,0.875,2,2,0.8794543091574285,12502.0,0.0,25004.0,1.6616161616161615,hysteresis supporting component
2,600.0,3.5,pressing_down,1.125,1,1,1.0348519778270624,0.0,0.0,0.0,0.0,hysteresis supporting component
2,600.0,3.5,retracting,0.375,2,2,0.4749330220388477,10192.5,0.0,20385.0,1.354665071770335,hysteresis supporting component
2,600.0,3.5,retracting,0.625,2,2,0.6294365713075846,13292.375,0.0,26584.75,1.7666633439659756,hysteresis supporting component
2,600.0,3.5,retracting,0.875,2,2,0.8535409945750655,13256.735294117647,0.0,26513.470588235294,1.7619265409513087,hysteresis supporting component
2,600.0,3.5,retracting,1.125,2,2,1.125515975245099,13308.823529411764,0.0,26617.647058823528,1.768849485567752,hysteresis supporting component
2,600.0,3.5,retracting,1.375,2,2,1.351200348197589,12188.25,0.0,24376.5,1.6199162679425836,hysteresis supporting component
2,600.0,3.5,retracting,1.625,2,2,1.604909673563671,12946.7,0.0,25893.4,1.720720361509835,hysteresis supporting component
2,600.0,3.5,retracting,1.875,1,1,1.9259812012861721,2.65,2.65,2.65,0.00035220627325890485,hysteresis supporting component
2,600.0,3.5,retracting,2.125,1,1,2.154550184134524,0.0,0.0,0.0,0.0,hysteresis supporting component
2,600.0,3.5,retracting,2.375,1,1,2.352836342196043,0.0,0.0,0.0,0.0,hysteresis supporting component
2,600.0,3.5,retracting,2.625,1,1,2.5057650848901902,0.0,0.0,0.0,0.0,hysteresis supporting component
3,200.0,1.75,pressing_down,0.125,2,2,0.01880520654574027,10623.3125,49.85,21196.775,1.8882531994312122,hysteresis supporting component
3,200.0,1.75,pressing_down,0.375,2,2,0.3367234954410373,10210.755263157895,6.8,20414.71052631579,1.814922727187681,hysteresis supporting component
3,200.0,1.75,retracting,0.125,2,2,0.19055118729748435,11110.46388888889,115.77777777777777,22105.15,1.9748424971363114,hysteresis supporting component
3,200.0,1.75,retracting,0.375,2,2,0.37091256447689697,10765.15,63.55,21466.75,1.91346427301813,hysteresis supporting component
3,200.0,1.75,retracting,0.625,2,2,0.6319352003787376,10530.462500000001,2.9,21058.025,1.8717494667614647,hysteresis supporting component
3,200.0,1.75,retracting,0.875,1,1,0.7936978430902701,18007.0,18007.0,18007.0,3.200675435478137,hysteresis supporting component
3,200.0,2.625,pressing_down,0.125,2,2,0.019939733077921747,9426.875,35.15,18818.6,1.6755910060433703,hysteresis supporting component
3,200.0,2.625,pressing_down,0.375,2,2,0.3663069586938576,9629.550000000001,67.9,19191.2,1.7116157127621756,hysteresis supporting component
3,200.0,2.625,pressing_down,0.625,2,2,0.6263901236393122,10539.6625,70.5,21008.825,1.8733847316032706,hysteresis supporting component
3,200.0,2.625,pressing_down,0.875,2,2,0.8352237018100475,9775.375,97.4,19453.35,1.7375355492356912,hysteresis supporting component
3,200.0,2.625,pressing_down,1.125,1,1,1.0424256622138892,18462.375,18462.375,18462.375,3.281616601493068,hysteresis supporting component
3,200.0,2.625,retracting,0.125,2,2,0.20659215961704283,10461.888888888889,122.11111111111111,20801.666666666668,1.8595607694434568,hysteresis supporting component
3,200.0,2.625,retracting,0.375,2,2,0.3687412579232018,10084.737500000001,18.9,20150.575,1.7925235513686455,hysteresis supporting component
3,200.0,2.625,retracting,0.625,2,2,0.6164862470308059,9745.0875,83.25,19406.925,1.73215206185567,hysteresis supporting component
3,200.0,2.625,retracting,0.875,2,2,0.8637620580417092,9848.974999999999,47.6,19650.35,1.7506176679701386,hysteresis supporting component
3,200.0,2.625,retracting,1.125,2,2,1.1452431311993474,10229.462500000001,106.4,20352.525,1.8182478670458584,hysteresis supporting component
3,200.0,2.625,retracting,1.375,1,1,1.397416398631191,19334.315789473683,19334.315789473683,19334.315789473683,3.4366007446629374,hysteresis supporting component
3,200.0,3.5,pressing_down,0.125,2,2,0.020280397809230202,9583.525000000001,13.4,19153.65,1.7034349448986847,hysteresis supporting component
3,200.0,3.5,pressing_down,0.375,2,2,0.3670722946040553,11556.050000000001,64.15,23047.95,2.0540437255599002,hysteresis supporting component
3,200.0,3.5,pressing_down,0.625,2,2,0.6248479354249028,10249.15,23.5,20474.8,1.821747244934234,hysteresis supporting component
3,200.0,3.5,pressing_down,0.875,2,2,0.8775130550700825,9955.7625,45.9,19865.625,1.769598738002133,hysteresis supporting component
3,200.0,3.5,pressing_down,1.125,2,2,1.1153751128949656,10020.85,55.05,19986.65,1.7811677923924636,hysteresis supporting component
3,200.0,3.5,pressing_down,1.375,2,2,1.3366912676374594,10239.816666666666,80.33333333333333,20399.3,1.820088280601967,hysteresis supporting component
3,200.0,3.5,pressing_down,1.625,1,1,1.5807686671230294,18061.0,18061.0,18061.0,3.210273729114824,hysteresis supporting component
3,200.0,3.5,pressing_down,1.875,1,1,1.7686935120989467,17460.5,17460.5,17460.5,3.1035371489512977,hysteresis supporting component
3,200.0,3.5,retracting,0.125,2,2,0.1915752402591097,11417.757894736842,157.2,22678.315789473683,2.029462832338578,hysteresis supporting component
3,200.0,3.5,retracting,0.375,2,2,0.37489110286052996,10757.800000000001,50.45,21465.15,1.91215783860647,hysteresis supporting component
3,200.0,3.5,retracting,0.625,2,2,0.6161632558628439,10608.699999999999,6.3,21211.1,1.8856558833985069,hysteresis supporting component
3,200.0,3.5,retracting,0.875,2,2,0.8670122622621766,10425.087500000001,141.15,20709.025,1.853019463206541,hysteresis supporting component
3,200.0,3.5,retracting,1.125,2,2,1.113002412633822,9765.3375,42.25,19488.425,1.7357514219694279,hysteresis supporting component
3,200.0,3.5,retracting,1.375,2,2,1.378021245890092,10291.45,76.9,20506.0,1.8292659082829719,hysteresis supporting component
3,200.0,3.5,retracting,1.625,2,2,1.6415011855796326,10002.625,2.4,20002.85,1.7779283682900815,hysteresis supporting component
3,200.0,3.5,retracting,1.875,2,2,1.9012999126261045,10460.944444444445,0.0,20921.88888888889,1.8593928980526917,hysteresis supporting component
3,200.0,3.5,retracting,2.125,2,2,2.0386445346744546,10912.708333333334,0.0,21825.416666666668,1.9396922028676382,hysteresis supporting component
3,400.0,1.75,pressing_down,0.125,2,2,0.012022677498647737,11590.9,7.3,23174.5,2.060238179879133,hysteresis supporting component
3,400.0,1.75,pressing_down,0.375,2,2,0.29345528836065116,10295.464285714286,7.5,20583.428571428572,1.8299794322279215,hysteresis supporting component
3,400.0,1.75,retracting,0.375,2,2,0.39679082030867086,14245.4375,13.625,28477.25,2.532072076075364,hysteresis supporting component
3,400.0,1.75,retracting,0.625,2,2,0.6538691350369887,10293.237500000001,35.45,20551.025,1.829583629576964,hysteresis supporting component
3,400.0,1.75,retracting,0.875,1,1,0.8874162945814812,20754.325,20754.325,20754.325,3.6890019552079627,hysteresis supporting component
3,400.0,2.625,pressing_down,0.125,2,2,0.014451613884049013,8728.275,28.7,17427.85,1.551417525773196,hysteresis supporting component
3,400.0,2.625,pressing_down,0.375,2,2,0.36991025280257717,8371.6,100.2,16643.0,1.488019907571987,hysteresis supporting component
3,400.0,2.625,pressing_down,0.625,2,2,0.5607716903511718,8684.025,87.8,17280.25,1.5435522573764664,hysteresis supporting component
3,400.0,2.625,pressing_down,0.875,1,1,0.8216336285365642,16309.5,16309.5,16309.5,2.898951297547103,hysteresis supporting component
3,400.0,2.625,retracting,0.375,2,2,0.4439761156311569,9679.6,50.2,19309.0,1.7205119089939567,hysteresis supporting component
3,400.0,2.625,retracting,0.625,2,2,0.6133243322070736,9954.125,34.0,19874.25,1.7693076786349096,hysteresis supporting component
3,400.0,2.625,retracting,0.875,2,2,0.887043520757402,9295.522222222222,93.85,18497.194444444445,1.6522435517636371,hysteresis supporting component
3,400.0,2.625,retracting,1.125,2,2,1.086788404030634,9327.4125,35.2,18619.625,1.6579119267685745,hysteresis supporting component
3,400.0,2.625,retracting,1.375,1,1,1.3989584628873681,19222.775,19222.775,19222.775,3.416774795591895,hysteresis supporting component
3,400.0,3.5,pressing_down,0.125,2,2,0.03293872594968011,7786.049999999999,18.8,15553.3,1.3839406327763952,hysteresis supporting component
3,400.0,3.5,pressing_down,0.375,2,2,0.38074828240244973,7763.9375,71.7,15456.175,1.3800102204052613,hysteresis supporting component
3,400.0,3.5,pressing_down,0.625,2,2,0.660271661397589,8203.815789473683,93.0,16314.631578947368,1.4581969053454826,hysteresis supporting component
3,400.0,3.5,pressing_down,0.875,2,2,0.8958081456827739,7517.95,115.4,14920.5,1.33628688233203,hysteresis supporting component
3,400.0,3.5,pressing_down,1.125,2,2,1.0478213897248527,8118.166666666667,50.333333333333336,16186.0,1.4429731010783269,hysteresis supporting component
3,400.0,3.5,retracting,0.375,2,2,0.36586928963817716,8081.1875,107.35,16055.025,1.4364001955207963,hysteresis supporting component
3,400.0,3.5,retracting,0.625,2,2,0.6076785564206559,7797.7625,70.15,15525.375,1.3860224848915748,hysteresis supporting component
3,400.0,3.5,retracting,0.875,2,2,0.8638380718580153,7324.856617647059,6.625,14643.088235294117,1.3019652715334267,hysteresis supporting component
3,400.0,3.5,retracting,1.125,2,2,1.0500146115040767,7836.857142857143,83.71428571428571,15590.0,1.3929714082575797,hysteresis supporting component
3,400.0,3.5,retracting,1.375,2,2,1.3563035134022634,7517.652777777777,149.88888888888889,14885.416666666666,1.336234052217877,hysteresis supporting component
3,400.0,3.5,retracting,1.625,2,2,1.6813459867440477,7710.475,94.5,15326.45,1.370507465339495,hysteresis supporting component
3,400.0,3.5,retracting,1.875,2,2,1.8473680423354264,7514.805555555556,99.61111111111111,14930.0,1.335727969348659,hysteresis supporting component
3,400.0,3.5,retracting,2.125,1,1,2.135892470191659,94.75,94.75,94.75,0.01684145040881621,hysteresis supporting component
3,400.0,3.5,retracting,2.375,1,1,2.275158637193161,47.25,47.25,47.25,0.00839850693210096,hysteresis supporting component
3,600.0,1.75,pressing_down,0.125,2,2,0.010899304392279313,7817.037499999999,40.4,15593.675,1.3894485424813368,hysteresis supporting component
3,600.0,1.75,retracting,0.375,2,2,0.45281065791048347,7660.4,15.5,15305.3,1.3616068254532527,hysteresis supporting component
3,600.0,1.75,retracting,0.625,2,2,0.6035376981748963,7833.241666666667,29.4,15637.083333333334,1.3923287711814194,hysteresis supporting component
3,600.0,2.625,pressing_down,0.125,2,2,0.024300910620642796,8097.2875,54.85,16139.725,1.4392619089939567,hysteresis supporting component
3,600.0,2.625,pressing_down,0.375,1,1,0.36125347509586264,122.9,122.9,122.9,0.021845005332385353,hysteresis supporting component
3,600.0,2.625,retracting,0.375,2,2,0.4076243879705844,8051.5526315789475,250.0,15853.105263157895,1.4311327109098733,hysteresis supporting component
3,600.0,2.625,retracting,0.625,2,2,0.5761638038124755,8085.366666666667,200.33333333333334,15970.4,1.4371430264249319,hysteresis supporting component
3,600.0,2.625,retracting,0.875,2,2,0.8641175276090807,7954.1,146.5,15761.7,1.4138108780661216,hysteresis supporting component
3,600.0,2.625,retracting,1.125,1,1,1.0521546741680667,94.72222222222223,94.72222222222223,94.72222222222223,0.01683651301497018,hysteresis supporting component
3,600.0,3.5,pressing_down,0.125,2,2,0.0348085140085497,7755.7,44.4,15467.0,1.3785460362602204,hysteresis supporting component
3,600.0,3.5,pressing_down,0.375,2,2,0.37835206942114674,7845.666666666667,191.0,15500.333333333334,1.3945372674487497,hysteresis supporting component
3,600.0,3.5,pressing_down,0.625,2,2,0.5998125560845732,7697.555555555556,102.11111111111111,15293.0,1.3682110834617056,hysteresis supporting component
3,600.0,3.5,pressing_down,0.875,1,1,0.8615485938859438,252.66666666666666,252.66666666666666,252.66666666666666,0.044910534423509896,hysteresis supporting component
3,600.0,3.5,retracting,0.125,1,1,0.2330012738365434,14440.0,14440.0,14440.0,2.566654816921436,hysteresis supporting component
3,600.0,3.5,retracting,0.375,1,1,0.3723635910943593,16038.555555555555,16038.555555555555,16038.555555555555,2.8507919579729037,hysteresis supporting component
3,600.0,3.5,retracting,0.625,2,2,0.621348219106191,8426.591911764706,201.125,16652.058823529413,1.4977945097342173,hysteresis supporting component
3,600.0,3.5,retracting,0.875,2,2,0.8469288481191215,8233.55,50.5,16416.6,1.4634820476359758,hysteresis supporting component
3,600.0,3.5,retracting,1.125,2,2,1.1827352866591858,7758.776315789473,36.0,15481.552631578947,1.3790928396355266,hysteresis supporting component
3,600.0,3.5,retracting,1.375,2,2,1.3688083210326696,7536.387500000001,41.2,15031.575,1.3395640774973339,hysteresis supporting component
3,600.0,3.5,retracting,1.625,1,1,1.6544281606999078,49.285714285714285,49.285714285714285,49.285714285714285,0.008760347366817328,hysteresis supporting component
3,600.0,3.5,retracting,1.875,1,1,1.9395787299657221,115.61111111111111,115.61111111111111,115.61111111111111,0.020549433187186477,hysteresis supporting component
3,600.0,3.5,retracting,2.125,1,1,2.0474720517548297,107.92857142857143,107.92857142857143,107.92857142857143,0.019183891117769542,hysteresis supporting component
3,600.0,3.5,retracting,2.375,1,1,2.4125917048527166,62.5,62.5,62.5,0.011109136153572698,hysteresis supporting component
3,600.0,3.5,retracting,2.625,1,1,2.691290200884544,116.25,116.25,116.25,0.020662993245645217,hysteresis supporting component
4,200.0,1.75,pressing_down,0.125,2,2,0.025393043781225273,7536.7875,0.0,15073.575,1.1600411728490072,hysteresis supporting component
4,200.0,1.75,pressing_down,0.375,2,2,0.3201672393341942,7445.045454545455,0.0,14890.09090909091,1.1459204947738117,hysteresis supporting component
4,200.0,1.75,retracting,0.125,2,2,0.1636657337384252,7699.2625,0.0,15398.525,1.1850488687086347,hysteresis supporting component
4,200.0,1.75,retracting,0.375,2,2,0.37799269692735743,7386.2125,0.0,14772.425,1.1368650915807295,hysteresis supporting component
4,200.0,1.75,retracting,0.625,2,2,0.6061421675395966,7054.7,0.0,14109.4,1.0858396182853625,hysteresis supporting component
4,200.0,2.625,pressing_down,0.125,2,2,0.03418892851150139,7508.4375,0.0,15016.875,1.1556776204402033,hysteresis supporting component
4,200.0,2.625,pressing_down,0.375,2,2,0.3754535252324753,7244.0625,0.0,14488.125,1.114985762659689,hysteresis supporting component
4,200.0,2.625,pressing_down,0.625,2,2,0.5924387652243407,7690.578947368421,0.0,15381.157894736842,1.1837123206662186,hysteresis supporting component
4,200.0,2.625,pressing_down,0.875,1,1,0.7780428392613539,0.0,0.0,0.0,0.0,hysteresis supporting component
4,200.0,2.625,retracting,0.125,2,2,0.13111868235521035,7812.2625,0.0,15624.525,1.2024415114668308,hysteresis supporting component
4,200.0,2.625,retracting,0.375,2,2,0.3763958488470618,7710.125,0.0,15420.25,1.1867207942127136,hysteresis supporting component
4,200.0,2.625,retracting,0.625,2,2,0.617101723983333,7742.2125,0.0,15484.425,1.1916596121286749,hysteresis supporting component
4,200.0,2.625,retracting,0.875,2,2,0.8569869724435378,7302.35,0.0,14604.7,1.123957211020471,hysteresis supporting component
4,200.0,2.625,retracting,1.125,1,1,1.1657411240811564,0.0,0.0,0.0,0.0,hysteresis supporting component
4,200.0,2.625,retracting,1.375,1,1,1.27035057254245,0.0,0.0,0.0,0.0,hysteresis supporting component
4,200.0,3.5,pressing_down,0.125,2,2,0.0201006320999057,7642.85,0.0,15285.7,1.1763660150838848,hysteresis supporting component
4,200.0,3.5,pressing_down,0.375,2,2,0.3698992974590641,7487.4125,0.0,14974.825,1.1524415114668307,hysteresis supporting component
4,200.0,3.5,pressing_down,0.625,2,2,0.6194795466707987,7165.775,0.0,14331.55,1.102935970447899,hysteresis supporting component
4,200.0,3.5,pressing_down,0.875,2,2,0.8804590079893133,6939.0,0.0,13878.0,1.0680313991072803,hysteresis supporting component
4,200.0,3.5,pressing_down,1.125,2,2,1.1236088078524318,7171.7125,0.0,14343.425,1.1038498537786672,hysteresis supporting component
4,200.0,3.5,pressing_down,1.375,2,2,1.3620760363730922,7056.861111111111,0.0,14113.722222222223,1.0861722504403741,hysteresis supporting component
4,200.0,3.5,pressing_down,1.625,2,2,1.5829363152488862,6374.9,0.0,12749.8,0.9812067107895952,hysteresis supporting component
4,200.0,3.5,pressing_down,1.875,1,1,1.7641648861295018,0.0,0.0,0.0,0.0,hysteresis supporting component
4,200.0,3.5,retracting,0.125,2,2,0.15694737381761167,7458.85,0.0,14917.7,1.1480452516546098,hysteresis supporting component
4,200.0,3.5,retracting,0.375,2,2,0.3733088796745566,7565.7625,0.0,15131.525,1.1645009235031554,hysteresis supporting component
4,200.0,3.5,retracting,0.625,2,2,0.6130618406348539,7302.075,0.0,14604.15,1.1239148837925197,hysteresis supporting component
4,200.0,3.5,retracting,0.875,2,2,0.8641706926572006,7152.175,0.0,14304.35,1.1008426966292135,hysteresis supporting component
4,200.0,3.5,retracting,1.125,2,2,1.1137916214996797,6878.4625,0.0,13756.925,1.05871363706326,hysteresis supporting component
4,200.0,3.5,retracting,1.375,2,2,1.387066772770301,6895.097222222223,0.0,13790.194444444445,1.0612740068065603,hysteresis supporting component
4,200.0,3.5,retracting,1.625,2,2,1.6143894439040565,6798.0125,0.0,13596.025,1.0463309989225797,hysteresis supporting component
4,200.0,3.5,retracting,1.875,2,2,1.9129081224780609,7201.367647058823,0.0,14402.735294117647,1.1084142907586307,hysteresis supporting component
4,200.0,3.5,retracting,2.125,2,2,2.105636498332764,7003.367647058823,0.0,14006.735294117647,1.0779386866336498,hysteresis supporting component
4,200.0,3.5,retracting,2.375,2,2,2.3110081705746235,6155.0,0.0,12310.0,0.9473603201477605,hysteresis supporting component
4,400.0,1.75,pressing_down,0.125,2,2,0.01712041035674026,7554.4625,0.0,15108.925,1.1627616592273358,hysteresis supporting component
4,400.0,1.75,pressing_down,0.375,1,1,0.26057759151842197,0.0,0.0,0.0,0.0,hysteresis supporting component
4,400.0,1.75,retracting,0.125,1,1,0.24407942611035413,13135.0,13135.0,13135.0,2.0217023241496075,hysteresis supporting component
4,400.0,1.75,retracting,0.375,2,2,0.3863372171517013,7315.5375,0.0,14631.075,1.1259869939972296,hysteresis supporting component
4,400.0,1.75,retracting,0.625,2,2,0.5710327243031721,7326.7375,0.0,14653.475,1.127710866553794,hysteresis supporting component
4,400.0,2.625,pressing_down,0.125,2,2,0.02067246540116681,7563.325,0.0,15126.65,1.1641257503463138,hysteresis supporting component
4,400.0,2.625,pressing_down,0.375,2,2,0.35759382920114546,7325.0625,0.0,14650.125,1.127453055256272,hysteresis supporting component
4,400.0,2.625,pressing_down,0.625,2,2,0.5538041708061967,7167.5,0.0,14335.0,1.1032014776050485,hysteresis supporting component
4,400.0,2.625,retracting,0.125,1,1,0.24220246285340769,0.0,0.0,0.0,0.0,hysteresis supporting component
4,400.0,2.625,retracting,0.375,2,2,0.35373189238284775,7798.1125,0.0,15596.225,1.2002635831922426,hysteresis supporting component
4,400.0,2.625,retracting,0.625,2,2,0.6162766172936713,7406.575,0.0,14813.15,1.1399992304140372,hysteresis supporting component
4,400.0,2.625,retracting,0.875,2,2,0.8752927700079502,7364.5875,0.0,14729.175,1.1335366322918268,hysteresis supporting component
4,400.0,2.625,retracting,1.125,2,2,1.0826519101541614,7309.6375,0.0,14619.275,1.1250788825611822,hysteresis supporting component
4,400.0,3.5,pressing_down,0.125,2,2,0.025377900687212268,7502.45,0.0,15004.9,1.1547560412498075,hysteresis supporting component
4,400.0,3.5,pressing_down,0.375,2,2,0.3680191338643581,7577.3125,0.0,15154.625,1.1662786670771124,hysteresis supporting component
4,400.0,3.5,pressing_down,0.625,2,2,0.6186763855406483,7468.925,0.0,14937.85,1.1495959673695553,hysteresis supporting component
4,400.0,3.5,pressing_down,0.875,2,2,0.8847124447687726,7502.944444444444,0.0,15005.888888888889,1.1548321447505687,hysteresis supporting component
4,400.0,3.5,pressing_down,1.125,2,2,1.0390429406422814,7243.909090909091,0.0,14487.818181818182,1.1149621503631046,hysteresis supporting component
4,400.0,3.5,retracting,0.125,1,1,0.20753231644643566,15350.5,15350.5,15350.5,2.362705864245036,hysteresis supporting component
4,400.0,3.5,retracting,0.375,2,2,0.3709935804030655,7600.0875,0.0,15200.175,1.169784131137448,hysteresis supporting component
4,400.0,3.5,retracting,0.625,2,2,0.624984816029519,7909.7625,0.0,15819.525,1.2174484377404957,hysteresis supporting component
4,400.0,3.5,retracting,0.875,2,2,0.8993222971630362,6832.625,0.0,13665.25,1.0516584577497305,hysteresis supporting component
4,400.0,3.5,retracting,1.125,2,2,1.0640091509103144,7293.970588235294,0.0,14587.941176470587,1.1226674754864236,hysteresis supporting component
4,400.0,3.5,retracting,1.375,2,2,1.3775802881946633,7022.222222222223,0.0,14044.444444444445,1.0808407299095308,hysteresis supporting component
4,400.0,3.5,retracting,1.625,2,2,1.619377225543687,6935.340909090909,0.0,13870.681818181818,1.0674682021072661,hysteresis supporting component
4,400.0,3.5,retracting,1.875,2,2,1.8400857080478867,7137.0,0.0,14274.0,1.098507003232261,hysteresis supporting component
4,400.0,3.5,retracting,2.125,2,2,2.0367894470541836,6921.354166666667,0.0,13842.708333333334,1.0653154019804012,hysteresis supporting component
4,600.0,1.75,pressing_down,0.125,2,2,0.006194108124587211,8005.684210526316,0.0,16011.368421052632,1.2322124381293391,hysteresis supporting component
4,600.0,1.75,retracting,0.375,2,2,0.4417593009263575,7752.640625,0.0,15505.28125,1.1932646798522395,hysteresis supporting component
4,600.0,1.75,retracting,0.625,2,2,0.5811275172716338,7743.840909090909,0.0,15487.681818181818,1.191910252284271,hysteresis supporting component
4,600.0,2.625,pressing_down,0.125,2,2,0.025804514887632087,8074.5,0.0,16149.0,1.2428043712482684,hysteresis supporting component
4,600.0,2.625,pressing_down,0.375,1,1,0.3447602409130732,0.0,0.0,0.0,0.0,hysteresis supporting component
4,600.0,2.625,retracting,0.375,2,2,0.4163579223329007,8680.28947368421,0.0,17360.57894736842,1.3360457863143314,hysteresis supporting component
4,600.0,2.625,retracting,0.625,2,2,0.669188609535337,7811.684210526316,0.0,15623.368421052632,1.2023525027745599,hysteresis supporting component
4,600.0,2.625,retracting,0.875,2,2,0.892071884908789,7490.525,0.0,14981.05,1.152920578728644,hysteresis supporting component
4,600.0,2.625,retracting,1.125,1,1,1.1450765670605192,0.0,0.0,0.0,0.0,hysteresis supporting component
4,600.0,2.625,retracting,1.375,1,1,1.2836174498169144,0.0,0.0,0.0,0.0,hysteresis supporting component
4,600.0,3.5,pressing_down,0.125,2,2,0.029909232426281643,7369.75,0.0,14739.5,1.1343312297983685,hysteresis supporting component
4,600.0,3.5,pressing_down,0.375,2,2,0.3455902108108,6795.794117647059,0.0,13591.588235294117,1.0459895517388116,hysteresis supporting component
4,600.0,3.5,pressing_down,0.625,2,2,0.584955594518058,7528.722222222223,0.0,15057.444444444445,1.1587997879363126,hysteresis supporting component
4,600.0,3.5,pressing_down,0.875,1,1,0.8787978767858957,0.0,0.0,0.0,0.0,hysteresis supporting component
4,600.0,3.5,retracting,0.125,1,1,0.2335630393520916,14555.5,14555.5,14555.5,2.2403416961674623,hysteresis supporting component
4,600.0,3.5,retracting,0.375,2,2,0.43431478338512397,7880.222222222223,0.0,15760.444444444445,1.2129016811177808,hysteresis supporting component
4,600.0,3.5,retracting,0.625,2,2,0.5870613326537364,7835.833333333333,0.0,15671.666666666666,1.2060694679595712,hysteresis supporting component
4,600.0,3.5,retracting,0.875,2,2,0.8612698109792176,7224.058823529412,0.0,14448.117647058823,1.1119068529366496,hysteresis supporting component
4,600.0,3.5,retracting,1.125,2,2,1.1290396565932848,7372.617647058823,0.0,14745.235294117647,1.1347726099828879,hysteresis supporting component
4,600.0,3.5,retracting,1.375,2,2,1.3838335853557482,7137.3875,0.0,14274.775,1.0985666461443744,hysteresis supporting component
4,600.0,3.5,retracting,1.625,2,2,1.564777018218475,6317.25,0.0,12634.5,0.9723333846390642,hysteresis supporting component
4,600.0,3.5,retracting,1.875,1,1,1.897087391937255,0.0,0.0,0.0,0.0,hysteresis supporting component
4,600.0,3.5,retracting,2.125,1,1,2.149457827995789,0.0,0.0,0.0,0.0,hysteresis supporting component
5,200.0,1.75,pressing_down,0.125,2,2,0.011949392299029539,9030.115384615385,0.0,18060.23076923077,1.2376802884615385,hysteresis supporting component
5,200.0,1.75,pressing_down,0.375,1,1,0.3158164567208728,0.0,0.0,0.0,0.0,hysteresis supporting component
5,200.0,1.75,retracting,0.125,2,2,0.11974113082669299,8656.475,0.0,17312.95,1.1864686129385966,hysteresis supporting component
5,200.0,1.75,retracting,0.375,1,1,0.38157283035037975,0.0,0.0,0.0,0.0,hysteresis supporting component
5,200.0,1.75,retracting,0.625,1,1,0.5403858748053691,0.0,0.0,0.0,0.0,hysteresis supporting component
5,200.0,2.625,pressing_down,0.125,2,2,0.0412516377480558,8261.275,0.0,16522.55,1.1323019462719297,hysteresis supporting component
5,200.0,2.625,pressing_down,0.375,2,2,0.34178959315479596,7931.392857142857,0.0,15862.785714285714,1.0870878367794485,hysteresis supporting component
5,200.0,2.625,pressing_down,0.625,1,1,0.6023322125528952,0.0,0.0,0.0,0.0,hysteresis supporting component
5,200.0,2.625,retracting,0.125,2,2,0.10469368284943582,8439.7625,0.0,16879.525,1.1567656935307018,hysteresis supporting component
5,200.0,2.625,retracting,0.375,2,2,0.3741969096446289,8219.5375,0.0,16439.075,1.1265813459429825,hysteresis supporting component
5,200.0,2.625,retracting,0.625,2,2,0.6123996067168815,8234.5625,0.0,16469.125,1.1286406935307016,hysteresis supporting component
5,200.0,2.625,retracting,0.875,1,1,0.8842525828406151,0.0,0.0,0.0,0.0,hysteresis supporting component
5,200.0,3.5,pressing_down,0.125,2,2,0.04533889771156729,8404.7125,0.0,16809.425,1.1519616913377193,hysteresis supporting component
5,200.0,3.5,pressing_down,0.375,2,2,0.3737212781108449,8517.575,0.0,17035.15,1.1674307839912281,hysteresis supporting component
5,200.0,3.5,pressing_down,0.625,2,2,0.6148837599945417,7993.5875,0.0,15987.175,1.0956123218201754,hysteresis supporting component
5,200.0,3.5,pressing_down,0.875,2,2,0.8150266859121711,8455.25,0.0,16910.5,1.1588884320175439,hysteresis supporting component
5,200.0,3.5,pressing_down,1.125,1,1,1.095308186974458,0.0,0.0,0.0,0.0,hysteresis supporting component
5,200.0,3.5,pressing_down,1.375,1,1,1.3005142345049459,0.0,0.0,0.0,0.0,hysteresis supporting component
5,200.0,3.5,retracting,0.125,2,2,0.08972330926421328,8642.2375,0.0,17284.475,1.1845172012061405,hysteresis supporting component
5,200.0,3.5,retracting,0.375,2,2,0.36402565744724075,8901.9375,0.0,17803.875,1.2201120476973686,hysteresis supporting component
5,200.0,3.5,retracting,0.625,2,2,0.6222413696485762,8496.125,0.0,16992.25,1.164490816885965,hysteresis supporting component
5,200.0,3.5,retracting,0.875,2,2,0.8825847349363867,8298.725,0.0,16597.45,1.1374348958333333,hysteresis supporting component
5,200.0,3.5,retracting,1.125,2,2,1.067039787488889,7877.0,0.0,15754.0,1.0796326754385965,hysteresis supporting component
5,200.0,3.5,retracting,1.375,1,1,1.4153230470487774,0.0,0.0,0.0,0.0,hysteresis supporting component
5,200.0,3.5,retracting,1.625,1,1,1.6408378260098233,0.0,0.0,0.0,0.0,hysteresis supporting component
5,200.0,3.5,retracting,1.875,1,1,1.7890280866876886,0.0,0.0,0.0,0.0,hysteresis supporting component
5,400.0,1.75,pressing_down,0.125,2,2,0.006174833733136771,8722.375,0.0,17444.75,1.1955009594298247,hysteresis supporting component
5,400.0,1.75,retracting,0.125,1,1,0.1905792108016373,17157.825,17157.825,17157.825,2.3516755756578944,hysteresis supporting component
5,400.0,1.75,retracting,0.375,2,2,0.3775965012525438,8182.375,0.0,16364.75,1.1214878015350878,hysteresis supporting component
5,400.0,1.75,retracting,0.625,1,1,0.504410275478548,0.0,0.0,0.0,0.0,hysteresis supporting component
5,400.0,2.625,pressing_down,0.125,2,2,0.010813425068436864,8494.9375,0.0,16989.875,1.1643280564692984,hysteresis supporting component
5,400.0,2.625,pressing_down,0.375,1,1,0.3688172174848568,0.0,0.0,0.0,0.0,hysteresis supporting component
5,400.0,2.625,pressing_down,0.625,1,1,0.5065678284279539,0.0,0.0,0.0,0.0,hysteresis supporting component
5,400.0,2.625,retracting,0.125,2,2,0.14800900787032795,8556.1375,0.0,17112.275,1.172716214364035,hysteresis supporting component
5,400.0,2.625,retracting,0.375,2,2,0.38969902600553596,8541.0375,0.0,17082.075,1.1706465871710527,hysteresis supporting component
5,400.0,2.625,retracting,0.625,2,2,0.5737277522092856,7857.75,0.0,15715.5,1.0769942434210524,hysteresis supporting component
5,400.0,2.625,retracting,0.875,1,1,0.8870582642272116,0.0,0.0,0.0,0.0,hysteresis supporting component
5,400.0,3.5,pressing_down,0.125,2,2,0.020646696796697842,8482.4125,0.0,16964.825,1.162611362390351,hysteresis supporting component
5,400.0,3.5,pressing_down,0.375,2,2,0.3276922724504727,8627.041666666666,0.0,17254.083333333332,1.1824344389619883,hysteresis supporting component
5,400.0,3.5,pressing_down,0.625,1,1,0.6197471088327947,0.0,0.0,0.0,0.0,hysteresis supporting component
5,400.0,3.5,pressing_down,0.875,1,1,0.8423348654580521,0.0,0.0,0.0,0.0,hysteresis supporting component
5,400.0,3.5,retracting,0.125,2,2,0.1422256330227502,8616.3625,0.0,17232.725,1.1809707373903509,hysteresis supporting component
5,400.0,3.5,retracting,0.375,2,2,0.35775686349971286,8438.1375,0.0,16876.275,1.15654296875,hysteresis supporting component
5,400.0,3.5,retracting,0.625,2,2,0.6175063068046983,8377.9125,0.0,16755.825,1.1482884457236842,hysteresis supporting component
5,400.0,3.5,retracting,0.875,2,2,0.8311402797970266,8301.35,0.0,16602.7,1.1377946820175437,hysteresis supporting component
5,400.0,3.5,retracting,1.125,1,1,1.1698058567197016,0.0,0.0,0.0,0.0,hysteresis supporting component
5,400.0,3.5,retracting,1.375,1,1,1.4496848388889654,0.0,0.0,0.0,0.0,hysteresis supporting component
5,400.0,3.5,retracting,1.625,1,1,1.601265676913355,0.0,0.0,0.0,0.0,hysteresis supporting component
5,600.0,1.75,pressing_down,0.125,2,2,0.005050611628246402,8985.355263157895,0.0,17970.71052631579,1.231545403393352,hysteresis supporting component
5,600.0,1.75,retracting,0.125,1,1,0.10270960003492383,17787.5,17787.5,17787.5,2.437979714912281,hysteresis supporting component
5,600.0,1.75,retracting,0.375,1,1,0.45864431132364203,0.0,0.0,0.0,0.0,hysteresis supporting component
5,600.0,1.75,retracting,0.625,1,1,0.5152499352068814,0.0,0.0,0.0,0.0,hysteresis supporting component
5,600.0,2.625,pressing_down,0.125,2,2,0.00846716899153826,8588.1,0.0,17176.2,1.1770970394736842,hysteresis supporting component
5,600.0,2.625,pressing_down,0.375,1,1,0.32549266907813235,0.0,0.0,0.0,0.0,hysteresis supporting component
5,600.0,2.625,retracting,0.125,1,1,0.2027680189035894,19035.23076923077,19035.23076923077,19035.23076923077,2.6089954453441297,hysteresis supporting component
5,600.0,2.625,retracting,0.375,2,2,0.41733040538219435,9337.45,0.0,18674.9,1.2798040021929826,hysteresis supporting component
5,600.0,2.625,retracting,0.625,2,2,0.5883681358438582,8887.361111111111,0.0,17774.722222222223,1.2181141873781676,hysteresis supporting component
5,600.0,2.625,retracting,0.875,1,1,0.8575784217296093,0.0,0.0,0.0,0.0,hysteresis supporting component
5,600.0,3.5,pressing_down,0.125,2,2,0.012714117423263492,8808.275,0.0,17616.55,1.207274533991228,hysteresis supporting component
5,600.0,3.5,pressing_down,0.375,2,2,0.3482723642988085,8419.171052631578,0.0,16838.342105263157,1.153943400854109,hysteresis supporting component
5,600.0,3.5,pressing_down,0.625,2,2,0.6095230175589482,8222.90625,0.0,16445.8125,1.1270430715460527,hysteresis supporting component
5,600.0,3.5,pressing_down,0.875,1,1,0.872297420655423,16928.30769230769,16928.30769230769,16928.30769230769,2.3202176113360324,hysteresis supporting component
5,600.0,3.5,pressing_down,1.125,1,1,1.0541187007744799,17317.5,17317.5,17317.5,2.373560855263158,hysteresis supporting component
5,600.0,3.5,retracting,0.375,2,2,0.4296719628162682,8585.333333333334,0.0,17170.666666666668,1.1767178362573099,hysteresis supporting component
5,600.0,3.5,retracting,0.625,2,2,0.6084137214433827,9015.083333333334,0.0,18030.166666666668,1.2356199744152048,hysteresis supporting component
5,600.0,3.5,retracting,0.875,2,2,0.8693814093290051,8967.714285714286,0.0,17935.428571428572,1.2291275062656641,hysteresis supporting component
5,600.0,3.5,retracting,1.125,2,2,1.1078782330205499,7948.833333333333,0.0,15897.666666666666,1.0894782529239766,hysteresis supporting component
5,600.0,3.5,retracting,1.375,2,2,1.3846764554407027,8362.0,0.0,16724.0,1.1461074561403508,hysteresis supporting component
5,600.0,3.5,retracting,1.625,2,2,1.6143338767619417,8585.902777777777,0.0,17171.805555555555,1.1767958851120859,hysteresis supporting component
5,600.0,3.5,retracting,1.875,2,2,1.7995503076698087,8262.5625,0.0,16525.125,1.1324784128289473,hysteresis supporting component
5,600.0,3.5,retracting,2.125,1,1,2.0132859558088634,14421.0,14421.0,14421.0,1.9765625,hysteresis supporting component
6,200.0,1.75,pressing_down,0.125,2,2,0.018206900891393103,7748.4875,0.0,15496.975,1.2489502740167633,hysteresis supporting component
6,200.0,1.75,pressing_down,0.375,2,2,0.36597882152019395,7723.3625,0.0,15446.725,1.244900467440361,hysteresis supporting component
6,200.0,1.75,pressing_down,0.625,2,2,0.5754052055088493,7972.25,0.0,15944.5,1.2850177304964538,hysteresis supporting component
6,200.0,1.75,pressing_down,0.875,1,1,0.7558427486992654,0.0,0.0,0.0,0.0,hysteresis supporting component
6,200.0,1.75,retracting,0.125,2,2,0.23250701758405548,7575.333333333333,0.0,15150.666666666666,1.2210401891252955,hysteresis supporting component
6,200.0,1.75,retracting,0.375,2,2,0.3578971736822496,7808.0125,0.0,15616.025,1.2585448903932945,hysteresis supporting component
6,200.0,1.75,retracting,0.625,2,2,0.6221047226628811,7868.9125,0.0,15737.825,1.2683611379754995,hysteresis supporting component
6,200.0,1.75,retracting,0.875,2,2,0.8619583110964553,7742.025,0.0,15484.05,1.2479086073500967,hysteresis supporting component
6,200.0,1.75,retracting,1.125,2,2,1.0238485337835561,5447.0,0.0,10894.0,0.8779819471308833,hysteresis supporting component
6,200.0,2.625,pressing_down,0.125,2,2,0.022730673254286474,7679.7875,0.0,15359.575,1.2378767730496454,hysteresis supporting component
6,200.0,2.625,pressing_down,0.375,2,2,0.3600268679792144,7707.025,0.0,15414.05,1.2422670857511284,hysteresis supporting component
6,200.0,2.625,pressing_down,0.625,2,2,0.6256865236231606,7570.95,0.0,15141.9,1.220333655705996,hysteresis supporting component
6,200.0,2.625,pressing_down,0.875,2,2,0.8784966699981411,7392.925,0.0,14785.85,1.1916384590586717,hysteresis supporting component
6,200.0,2.625,pressing_down,1.125,2,2,1.0725926584260952,7368.5,0.0,14737.0,1.187701482914249,hysteresis supporting component
6,200.0,2.625,pressing_down,1.375,1,1,1.2879552948308177,0.0,0.0,0.0,0.0,hysteresis supporting component
6,200.0,2.625,retracting,0.125,2,2,0.2042843623391628,8086.288461538462,0.0,16172.576923076924,1.3033991717502358,hysteresis supporting component
6,200.0,2.625,retracting,0.375,2,2,0.36462407179478873,7687.4375,0.0,15374.875,1.2391098484848484,hysteresis supporting component
6,200.0,2.625,retracting,0.625,2,2,0.6028430053916084,7703.775,0.0,15407.55,1.2417432301740814,hysteresis supporting component
6,200.0,2.625,retracting,0.875,2,2,0.8736846724196197,7626.55,0.0,15253.1,1.229295615731786,hysteresis supporting component
6,200.0,2.625,retracting,1.125,2,2,1.1384087893695063,7376.775,0.0,14753.55,1.1890352998065763,hysteresis supporting component
6,200.0,2.625,retracting,1.375,2,2,1.363161217902573,7542.347222222223,0.0,15084.694444444445,1.2157232788881727,hysteresis supporting component
6,200.0,2.625,retracting,1.625,2,2,1.5387381371326296,7986.5,0.0,15973.0,1.287314635718891,hysteresis supporting component
6,200.0,3.5,pressing_down,0.125,2,2,0.030551148531822295,7732.5375,0.0,15465.075,1.2463793520309479,hysteresis supporting component
6,200.0,3.5,pressing_down,0.375,2,2,0.3743942716170803,7924.0625,0.0,15848.125,1.2772505641521599,hysteresis supporting component
6,200.0,3.5,pressing_down,0.625,2,2,0.6133043077884082,7576.7875,0.0,15153.575,1.2212745809155385,hysteresis supporting component
6,200.0,3.5,pressing_down,0.875,2,2,0.8743684688326394,7399.3125,0.0,14798.625,1.1926680367504836,hysteresis supporting component
6,200.0,3.5,pressing_down,1.125,2,2,1.129355111351256,7812.4,0.0,15624.8,1.259252095422308,hysteresis supporting component
6,200.0,3.5,pressing_down,1.375,2,2,1.3743401842700989,7373.4875,0.0,14746.975,1.1885053997421018,hysteresis supporting component
6,200.0,3.5,pressing_down,1.625,2,2,1.5940026067235444,7785.75,0.0,15571.5,1.2549564796905224,hysteresis supporting component
6,200.0,3.5,pressing_down,1.875,1,1,1.8548409307180198,0.0,0.0,0.0,0.0,hysteresis supporting component
6,200.0,3.5,retracting,0.125,2,2,0.18905172005893534,8003.25,0.0,16006.5,1.2900145067698259,hysteresis supporting component
6,200.0,3.5,retracting,0.375,2,2,0.3734507825859901,7916.9,0.0,15833.8,1.276096067053514,hysteresis supporting component
6,200.0,3.5,retracting,0.625,2,2,0.6153116664521375,7808.3,0.0,15616.6,1.2585912314635719,hysteresis supporting component
6,200.0,3.5,retracting,0.875,2,2,0.8811940847123023,7753.2,0.0,15506.4,1.2497098646034817,hysteresis supporting component
6,200.0,3.5,retracting,1.125,2,2,1.1156507371496194,7599.6,0.0,15199.2,1.2249516441005803,hysteresis supporting component
6,200.0,3.5,retracting,1.375,2,2,1.3643657015988098,7613.4473684210525,0.0,15226.894736842105,1.2271836506159015,hysteresis supporting component
6,200.0,3.5,retracting,1.625,2,2,1.603242173454585,7528.4875,0.0,15056.975,1.213489281108962,hysteresis supporting component
6,200.0,3.5,retracting,1.875,2,2,1.8918820489416253,7141.9,0.0,14283.8,1.1511766602192135,hysteresis supporting component
6,200.0,3.5,retracting,2.125,2,2,2.1335851435348525,7429.461538461538,0.0,14858.923076923076,1.1975276496553093,hysteresis supporting component
6,200.0,3.5,retracting,2.375,2,2,2.3273264160375753,7257.0,0.0,14514.0,1.1697292069632494,hysteresis supporting component
6,200.0,3.5,retracting,2.625,1,1,2.681282605294854,0.0,0.0,0.0,0.0,hysteresis supporting component
6,200.0,3.5,retracting,2.875,1,1,2.8580111341428154,0.0,0.0,0.0,0.0,hysteresis supporting component
6,400.0,1.75,pressing_down,0.125,2,2,0.016364233777392004,7904.5375,0.0,15809.075,1.2741034010315926,hysteresis supporting component
6,400.0,1.75,pressing_down,0.375,2,2,0.28906801124478754,6975.5,0.0,13951.0,1.1243552546744038,hysteresis supporting component
6,400.0,1.75,retracting,0.375,2,2,0.4214203136372387,7777.5,0.0,15555.0,1.2536266924564796,hysteresis supporting component
6,400.0,1.75,retracting,0.625,2,2,0.6907330604682428,7706.1375,0.0,15412.275,1.2421240328820116,hysteresis supporting component
6,400.0,1.75,retracting,0.875,2,2,0.8167859400763031,7691.03125,0.0,15382.0625,1.239689111863314,hysteresis supporting component
6,400.0,2.625,pressing_down,0.125,2,2,0.019780735525375737,7455.35,0.0,14910.7,1.2017005157962604,hysteresis supporting component
6,400.0,2.625,pressing_down,0.375,2,2,0.3996319736421272,7609.7875,0.0,15219.575,1.2265937298517087,hysteresis supporting component
6,400.0,2.625,pressing_down,0.625,2,2,0.6441156243687092,7513.307692307692,0.0,15026.615384615385,1.211042503595695,hysteresis supporting component
6,400.0,2.625,pressing_down,0.875,1,1,0.7707784253406577,0.0,0.0,0.0,0.0,hysteresis supporting component
6,400.0,2.625,retracting,0.375,2,2,0.4465025448935617,7951.75,0.0,15903.5,1.2817134107027726,hysteresis supporting component
6,400.0,2.625,retracting,0.625,2,2,0.5943962279150139,7505.7625,0.0,15011.525,1.2098263217279175,hysteresis supporting component
6,400.0,2.625,retracting,0.875,2,2,0.8522413628476598,7275.0875,0.0,14550.175,1.1726446647324307,hysteresis supporting component
6,400.0,2.625,retracting,1.125,2,2,1.1815386959013416,7495.475,0.0,14990.95,1.2081681173436494,hysteresis supporting component
6,400.0,2.625,retracting,1.375,1,1,1.3407854361139484,0.0,0.0,0.0,0.0,hysteresis supporting component
6,400.0,2.625,retracting,1.625,1,1,1.6786744348766542,0.0,0.0,0.0,0.0,hysteresis supporting component
6,400.0,2.625,retracting,1.875,1,1,1.9407242237436806,0.0,0.0,0.0,0.0,hysteresis supporting component
6,400.0,2.625,retracting,2.125,1,1,2.0260976367880006,0.0,0.0,0.0,0.0,hysteresis supporting component
6,400.0,3.5,pressing_down,0.125,2,2,0.018983666861024408,7736.6,0.0,15473.2,1.2470341715022566,hysteresis supporting component
6,400.0,3.5,pressing_down,0.375,2,2,0.3596978536236567,7575.525,0.0,15151.05,1.221071083172147,hysteresis supporting component
6,400.0,3.5,pressing_down,0.625,2,2,0.6143552045938,7412.763157894737,0.0,14825.526315789473,1.1948360989514406,hysteresis supporting component
6,400.0,3.5,pressing_down,0.875,2,2,0.8638549010456809,7647.875,0.0,15295.75,1.2327329142488717,hysteresis supporting component
6,400.0,3.5,pressing_down,1.125,2,2,1.1352691167507925,7212.454545454545,0.0,14424.90909090909,1.1625490885645624,hysteresis supporting component
6,400.0,3.5,pressing_down,1.375,1,1,1.346885037968803,0.0,0.0,0.0,0.0,hysteresis supporting component
6,400.0,3.5,pressing_down,1.625,1,1,1.59428675642576,0.0,0.0,0.0,0.0,hysteresis supporting component
6,400.0,3.5,retracting,0.125,2,2,0.21507150044361595,7414.5,0.0,14829.0,1.1951160541586074,hysteresis supporting component
6,400.0,3.5,retracting,0.375,2,2,0.39833716164770644,7138.970588235294,0.0,14277.941176470587,1.150704479083703,hysteresis supporting component
6,400.0,3.5,retracting,0.625,2,2,0.6465007333968256,7559.4625,0.0,15118.925,1.2184820277240491,hysteresis supporting component
6,400.0,3.5,retracting,0.875,2,2,0.8793575948142032,7615.225,0.0,15230.45,1.2274701805286912,hysteresis supporting component
6,400.0,3.5,retracting,1.125,2,2,1.1351077597373742,7613.588235294118,0.0,15227.176470588236,1.2272063564303866,hysteresis supporting component
6,400.0,3.5,retracting,1.375,2,2,1.373550495288666,7352.725,0.0,14705.45,1.1851587685364282,hysteresis supporting component
6,400.0,3.5,retracting,1.625,2,2,1.6338367835423702,7711.026315789473,0.0,15422.052631578947,1.2429120431640028,hysteresis supporting component
6,400.0,3.5,retracting,1.875,2,2,1.8201220890289096,6936.5,0.0,13873.0,1.1180689877498389,hysteresis supporting component
6,400.0,3.5,retracting,2.125,2,2,2.1541948486669797,7355.375,0.0,14710.75,1.1855859123146357,hysteresis supporting component
6,400.0,3.5,retracting,2.375,1,1,2.2815724197891534,0.0,0.0,0.0,0.0,hysteresis supporting component
6,400.0,3.5,retracting,2.625,1,1,2.5763471897455106,0.0,0.0,0.0,0.0,hysteresis supporting component
6,400.0,3.5,retracting,2.875,1,1,2.8752038549113887,0.0,0.0,0.0,0.0,hysteresis supporting component
6,400.0,3.5,retracting,3.125,1,1,3.102746049969057,0.0,0.0,0.0,0.0,hysteresis supporting component
6,400.0,3.5,retracting,3.375,1,1,3.340835178108227,0.0,0.0,0.0,0.0,hysteresis supporting component
6,600.0,1.75,pressing_down,0.125,2,2,0.011553133328646718,7563.0875,0.0,15126.175,1.2190663281753706,hysteresis supporting component
6,600.0,1.75,retracting,0.375,2,2,0.46696754368130855,8578.0,0.0,17156.0,1.382656350741457,hysteresis supporting component
6,600.0,1.75,retracting,0.625,2,2,0.6553516262625786,7283.1,0.0,14566.2,1.173936170212766,hysteresis supporting component
6,600.0,1.75,retracting,0.875,1,1,0.7615668318779514,14325.3,14325.3,14325.3,2.3090425531914893,hysteresis supporting component
6,600.0,2.625,pressing_down,0.125,2,2,0.019071700688216932,7531.4,0.0,15062.8,1.2139587362991617,hysteresis supporting component
6,600.0,2.625,pressing_down,0.375,2,2,0.38490497433855453,7039.722222222223,0.0,14079.444444444445,1.134706999068701,hysteresis supporting component
6,600.0,2.625,retracting,0.375,1,1,0.36940695875433766,0.0,0.0,0.0,0.0,hysteresis supporting component
6,600.0,2.625,retracting,0.625,2,2,0.6042307997762897,7702.210526315789,0.0,15404.421052631578,1.241491058400353,hysteresis supporting component
6,600.0,2.625,retracting,0.875,2,2,0.9375463384540406,7481.236842105263,0.0,14962.473684210527,1.2058731209067155,hysteresis supporting component
6,600.0,2.625,retracting,1.125,2,2,1.129234175918663,7671.078947368421,0.0,15342.157894736842,1.2364730733991651,hysteresis supporting component
6,600.0,2.625,retracting,1.375,1,1,1.294149098831602,14806.21875,14806.21875,14806.21875,2.3865600822050292,hysteresis supporting component
6,600.0,2.625,retracting,1.625,1,1,1.5172861081498852,14931.0,14931.0,14931.0,2.4066731141199225,hysteresis supporting component
6,600.0,3.5,pressing_down,0.125,2,2,0.017282169665056357,7767.1375,0.0,15534.275,1.2519563990973566,hysteresis supporting component
6,600.0,3.5,pressing_down,0.375,2,2,0.3525764394660891,7683.3,0.0,15366.6,1.2384429400386847,hysteresis supporting component
6,600.0,3.5,pressing_down,0.625,2,2,0.5989410754246094,7643.033333333334,0.0,15286.066666666668,1.2319525037610144,hysteresis supporting component
6,600.0,3.5,pressing_down,0.875,2,2,0.8544717015535273,6999.95,0.0,13999.9,1.1282962604771114,hysteresis supporting component
6,600.0,3.5,pressing_down,1.125,1,1,1.0517700790078475,13599.6,13599.6,13599.6,2.1920696324951643,hysteresis supporting component
6,600.0,3.5,retracting,0.375,2,2,0.4352725148468387,7760.5,0.0,15521.0,1.250886524822695,hysteresis supporting component
6,600.0,3.5,retracting,0.625,2,2,0.6057286688357092,7885.866666666667,0.0,15771.733333333334,1.2710939179024285,hysteresis supporting component
6,600.0,3.5,retracting,0.875,2,2,0.8941470925080333,7002.333333333333,0.0,14004.666666666666,1.1286804212336128,hysteresis supporting component
6,600.0,3.5,retracting,1.125,2,2,1.089935012735074,7451.785714285715,0.0,14903.57142857143,1.2011260016579166,hysteresis supporting component
6,600.0,3.5,retracting,1.375,2,2,1.3970407183842963,8739.75,0.0,17479.5,1.408728239845261,hysteresis supporting component
6,600.0,3.5,retracting,1.625,2,2,1.5915707407745732,7824.928571428572,0.0,15649.857142857143,1.2612715298885513,hysteresis supporting component
6,600.0,3.5,retracting,1.875,1,1,1.904092201250529,15703.875,15703.875,15703.875,2.53125,hysteresis supporting component
6,600.0,3.5,retracting,2.125,1,1,2.14789988733136,15545.17857142857,15545.17857142857,15545.17857142857,2.5056703048724325,hysteresis supporting component
6,600.0,3.5,retracting,2.375,1,1,2.3617692281585825,14905.235294117647,14905.235294117647,14905.235294117647,2.4025201956991693,hysteresis supporting component
6,600.0,3.5,retracting,2.625,1,1,2.6397913754401383,14609.59090909091,14609.59090909091,14609.59090909091,2.3548663618779675,hysteresis supporting component
6,600.0,3.5,retracting,2.875,1,1,2.8319919575864345,14453.3,14453.3,14453.3,2.329674403610574,hysteresis supporting component
7,200.0,1.75,pressing_down,0.125,2,1,0.017911132117886336,6033.912499999999,15.3,12052.525,1.073458904109589,hysteresis supporting component
7,200.0,1.75,pressing_down,0.375,2,1,0.35587049384728164,5768.8125,18.0,11519.625,1.0262964774951078,hysteresis supporting component
7,200.0,1.75,pressing_down,0.625,2,1,0.5502879528379783,5796.142857142857,0.0,11592.285714285714,1.031158665209546,hysteresis supporting component
7,200.0,1.75,retracting,0.125,2,1,0.20228868663351546,6186.4375,226.375,12146.5,1.1005937555595091,hysteresis supporting component
7,200.0,1.75,retracting,0.375,2,1,0.3683103229007648,5995.775,58.05,11933.5,1.0666740793453122,hysteresis supporting component
7,200.0,1.75,retracting,0.625,2,1,0.625385172585885,5814.773611111112,56.22222222222222,11573.325,1.0344731562197316,hysteresis supporting component
7,200.0,1.75,retracting,0.875,2,1,0.8560099050944359,5828.7375,0.0,11657.475,1.0369573919231452,hysteresis supporting component
7,200.0,1.75,retracting,1.125,1,1,1.00625938835887,11124.0,11124.0,11124.0,1.9790072940757872,hysteresis supporting component
7,200.0,2.625,pressing_down,0.125,2,1,0.019032930067021045,6600.7375,0.0,13201.475,1.1742995018679951,hysteresis supporting component
7,200.0,2.625,pressing_down,0.375,2,1,0.3772709155767901,6559.1875,0.0,13118.375,1.1669075787226473,hysteresis supporting component
7,200.0,2.625,pressing_down,0.625,2,1,0.6364963502620355,6349.9875,7.0,12692.975,1.129690001779043,hysteresis supporting component
7,200.0,2.625,pressing_down,0.875,2,1,0.828258471267,6389.3875,0.0,12778.775,1.13669943070628,hysteresis supporting component
7,200.0,2.625,pressing_down,1.125,1,1,1.131097774806245,12776.833333333334,12776.833333333334,12776.833333333334,2.2730534305876775,hysteresis supporting component
7,200.0,2.625,pressing_down,1.375,1,1,1.3646835009510638,11854.9375,11854.9375,11854.9375,2.1090442092154422,hysteresis supporting component
7,200.0,2.625,pressing_down,1.625,1,1,1.5948622409717026,11323.0,11323.0,11323.0,2.0144102472869596,hysteresis supporting component
7,200.0,2.625,retracting,0.125,2,1,0.18151110788500543,6460.5,5.75,12915.25,1.1493506493506493,hysteresis supporting component
7,200.0,2.625,retracting,0.375,2,1,0.36768299104851754,6510.737499999999,12.3,13009.175,1.1582881159935956,hysteresis supporting component
7,200.0,2.625,retracting,0.625,2,1,0.6119458306933889,6604.987499999999,0.3,13209.675,1.1750555950898416,hysteresis supporting component
7,200.0,2.625,retracting,0.875,2,1,0.9055022247648197,6178.921052631579,0.0,12357.842105263158,1.099256547345949,hysteresis supporting component
7,200.0,2.625,retracting,1.125,2,1,1.082079447026359,6017.625,0.0,12035.25,1.0705612880270414,hysteresis supporting component
7,200.0,2.625,retracting,1.375,1,1,1.376471516536427,11875.176470588236,11875.176470588236,11875.176470588236,2.1126448088575405,hysteresis supporting component
7,200.0,2.625,retracting,1.625,1,1,1.6246401515317772,11985.884615384615,11985.884615384615,11985.884615384615,2.132340262477249,hysteresis supporting component
7,200.0,2.625,retracting,1.875,1,1,1.8921852050577677,11686.125,11686.125,11686.125,2.0790117416829745,hysteresis supporting component
7,200.0,2.625,retracting,2.125,1,1,2.0935398190328907,12369.5,12369.5,12369.5,2.200587084148728,hysteresis supporting component
7,200.0,3.5,pressing_down,0.125,2,1,0.030080639827925255,6226.25,0.0,12452.5,1.1076765700053373,hysteresis supporting component
7,200.0,3.5,pressing_down,0.375,2,1,0.3657350479516552,6158.8625,0.0,12317.725,1.0956880448318804,hysteresis supporting component
7,200.0,3.5,pressing_down,0.625,2,1,0.6296475194951134,6001.9375,0.0,12003.875,1.0677704145169897,hysteresis supporting component
7,200.0,3.5,pressing_down,0.875,2,1,0.8805030060858904,5824.4078947368425,0.0,11648.815789473685,1.036187136583676,hysteresis supporting component
7,200.0,3.5,pressing_down,1.125,2,1,1.1267848929462958,6098.029411764706,0.0,12196.058823529413,1.0848655776133618,hysteresis supporting component
7,200.0,3.5,pressing_down,1.375,2,1,1.3291726624245652,6063.111111111111,0.0,12126.222222222223,1.078653462215106,hysteresis supporting component
7,200.0,3.5,pressing_down,1.625,1,1,1.5727812646676587,11372.57142857143,11372.57142857143,11372.57142857143,2.023229216966986,hysteresis supporting component
7,200.0,3.5,pressing_down,1.875,1,1,1.8248149318408942,10688.444444444445,10688.444444444445,10688.444444444445,1.9015200933009153,hysteresis supporting component
7,200.0,3.5,pressing_down,2.125,1,1,2.1165852095991484,11233.333333333334,11233.333333333334,11233.333333333334,1.9984581628417244,hysteresis supporting component
7,200.0,3.5,pressing_down,2.375,1,1,2.3765003986274182,11511.733333333334,11511.733333333334,11511.733333333334,2.0479867164798673,hysteresis supporting component
7,200.0,3.5,pressing_down,2.625,1,1,2.6258548919482694,12223.0,12223.0,12223.0,2.1745241060309555,hysteresis supporting component
7,200.0,3.5,pressing_down,2.875,1,1,2.841303699449668,10382.666666666666,10382.666666666666,10382.666666666666,1.8471209156140662,hysteresis supporting component
7,200.0,3.5,pressing_down,3.125,1,1,3.100279781803671,10763.6,10763.6,10763.6,1.9148905888631915,hysteresis supporting component
7,200.0,3.5,pressing_down,3.375,1,1,3.365053529208451,11064.7,11064.7,11064.7,1.968457569827433,hysteresis supporting component
7,200.0,3.5,pressing_down,3.625,1,1,3.630062078745421,11634.5,11634.5,11634.5,2.0698274328411315,hysteresis supporting component
7,200.0,3.5,pressing_down,3.875,1,1,3.8340167653800803,11317.666666666666,11317.666666666666,11317.666666666666,2.0134614244203286,hysteresis supporting component
7,200.0,3.5,pressing_down,4.125,1,1,4.114014562590983,10071.166666666666,10071.166666666666,10071.166666666666,1.7917037300598944,hysteresis supporting component
7,200.0,3.5,pressing_down,4.375,1,1,4.3615358521590935,11760.0,11760.0,11760.0,2.092154420921544,hysteresis supporting component
7,200.0,3.5,pressing_down,4.625,1,1,4.6637514005052925,10534.0,10534.0,10534.0,1.8740437644547232,hysteresis supporting component
7,200.0,3.5,pressing_down,4.875,1,1,4.909573987681191,9288.0,9288.0,9288.0,1.652375022238036,hysteresis supporting component
7,200.0,3.5,pressing_down,5.125,1,1,5.195873902804068,8833.0,8833.0,8833.0,1.5714285714285714,hysteresis supporting component
7,200.0,3.5,retracting,0.125,2,1,0.1793423468377493,6381.95,13.9,12750.0,1.1353762675680483,hysteresis supporting component
7,200.0,3.5,retracting,0.375,2,1,0.3838425123023692,6090.7625,0.0,12181.525,1.0835727628535847,hysteresis supporting component
7,200.0,3.5,retracting,0.625,2,1,0.6248154292378939,6268.65,0.0,12537.3,1.1152197117950542,hysteresis supporting component
7,200.0,3.5,retracting,0.875,2,1,0.8580122510507486,5771.8026315789475,0.0,11543.605263157895,1.0268284347231715,hysteresis supporting component
7,200.0,3.5,retracting,1.125,2,1,1.1136191767489039,5786.35294117647,0.0,11572.70588235294,1.029416997184926,hysteresis supporting component
7,200.0,3.5,retracting,1.375,2,1,1.3954249634402,5980.0,0.0,11960.0,1.063867639210105,hysteresis supporting component
7,200.0,3.5,retracting,1.625,2,1,1.5753682549019814,5772.2307692307695,0.0,11544.461538461539,1.026904602247068,hysteresis supporting component
7,200.0,3.5,retracting,1.875,1,1,1.886370544490698,11544.666666666666,11544.666666666666,11544.666666666666,2.053845697681314,hysteresis supporting component
7,200.0,3.5,retracting,2.125,1,1,2.1104147381550393,11439.25,11439.25,11439.25,2.035091620708059,hysteresis supporting component
7,200.0,3.5,retracting,2.375,1,1,2.380060267726228,11180.818181818182,11180.818181818182,11180.818181818182,1.9891154922288172,hysteresis supporting component
7,200.0,3.5,retracting,2.625,1,1,2.5951916751239845,10314.666666666666,10314.666666666666,10314.666666666666,1.83502342406452,hysteresis supporting component
7,200.0,3.5,retracting,2.875,1,1,2.9109322749196735,11065.25,11065.25,11065.25,1.9685554171855542,hysteresis supporting component
7,200.0,3.5,retracting,3.125,1,1,3.0936553637892414,11245.75,11245.75,11245.75,2.0006671410781,hysteresis supporting component
7,200.0,3.5,retracting,3.375,1,1,3.405132372859487,11051.083333333334,11051.083333333334,11051.083333333334,1.9660351064460653,hysteresis supporting component
7,200.0,3.5,retracting,3.625,1,1,3.56158227223075,10514.20588235294,10514.20588235294,10514.20588235294,1.8705223060581644,hysteresis supporting component
7,200.0,3.5,retracting,3.875,1,1,3.8780985395401517,10748.583333333334,10748.583333333334,10748.583333333334,1.9122190594793336,hysteresis supporting component
7,200.0,3.5,retracting,4.125,1,1,4.135285274725355,10740.545454545454,10740.545454545454,10740.545454545454,1.9107890863806183,hysteresis supporting component
7,200.0,3.5,retracting,4.375,1,1,4.306481293822281,12028.42857142857,12028.42857142857,12028.42857142857,2.139909014664396,hysteresis supporting component
7,200.0,3.5,retracting,4.625,1,1,4.633313818156937,10942.964285714286,10942.964285714286,10942.964285714286,1.9468002643149414,hysteresis supporting component
7,200.0,3.5,retracting,4.875,1,1,4.92768536705848,11380.0,11380.0,11380.0,2.0245507916740797,hysteresis supporting component
7,200.0,3.5,retracting,5.125,1,1,5.119174990037676,11416.95,11416.95,11416.95,2.0311243550969578,hysteresis supporting component
7,200.0,3.5,retracting,5.375,1,1,5.380915201407491,10476.25,10476.25,10476.25,1.8637697918519835,hysteresis supporting component
7,200.0,3.5,retracting,5.625,1,1,5.557046641688459,10963.57142857143,10963.57142857143,10963.57142857143,1.9504663633822148,hysteresis supporting component
7,200.0,3.5,retracting,5.875,1,1,5.911530287324506,10512.5,10512.5,10512.5,1.870218822273617,hysteresis supporting component
7,400.0,1.75,pressing_down,0.125,2,1,0.015301647431111957,6281.7875,0.0,12563.575,1.117556929371998,hysteresis supporting component
7,400.0,1.75,pressing_down,0.375,2,1,0.3224274092819137,6118.0192307692305,0.0,12236.038461538461,1.0884218521204823,hysteresis supporting component
7,400.0,1.75,pressing_down,0.625,1,1,0.5829514865077177,12141.333333333334,12141.333333333334,12141.333333333334,2.159995255885667,hysteresis supporting component
7,400.0,1.75,retracting,0.375,1,1,0.394774540202692,0.0,0.0,0.0,0.0,hysteresis supporting component
7,400.0,1.75,retracting,0.625,2,1,0.6335911329255898,5547.041666666667,0.0,11094.083333333334,0.9868424954041393,hysteresis supporting component
7,400.0,1.75,retracting,0.875,1,1,0.8492250140842,11758.235294117647,11758.235294117647,11758.235294117647,2.091840472178909,hysteresis supporting component
7,400.0,1.75,retracting,1.125,1,1,1.202214017532092,11702.916666666666,11702.916666666666,11702.916666666666,2.0819990511771334,hysteresis supporting component
7,400.0,1.75,retracting,1.375,1,1,1.3283438702702361,11128.5,11128.5,11128.5,1.9798078633695073,hysteresis supporting component
7,400.0,1.75,retracting,1.625,1,1,1.643775484955144,11053.538461538461,11053.538461538461,11053.538461538461,1.9664718842801034,hysteresis supporting component
7,400.0,1.75,retracting,1.875,1,1,1.7753544373490544,11676.357142857143,11676.357142857143,11676.357142857143,2.077273998017638,hysteresis supporting component
7,400.0,2.625,pressing_down,0.125,2,1,0.014173615930550876,6305.8375,0.0,12611.675,1.1218355274862124,hysteresis supporting component
7,400.0,2.625,pressing_down,0.375,2,1,0.3669409890476134,5925.4473684210525,0.0,11850.894736842105,1.0541624921581663,hysteresis supporting component
7,400.0,2.625,pressing_down,0.625,2,1,0.5912011180613477,5763.75,0.0,11527.5,1.0253958370396727,hysteresis supporting component
7,400.0,2.625,pressing_down,0.875,1,1,0.8806374986734027,11701.5,11701.5,11701.5,2.0817470201031845,hysteresis supporting component
7,400.0,2.625,pressing_down,1.125,1,1,1.1035763534402068,10805.25,10805.25,10805.25,1.9223003024372887,hysteresis supporting component
7,400.0,2.625,pressing_down,1.375,1,1,1.3560766009569303,11938.0,11938.0,11938.0,2.123821384095357,hysteresis supporting component
7,400.0,2.625,pressing_down,1.625,1,1,1.50234554650663,9742.0,9742.0,9742.0,1.7331435687600072,hysteresis supporting component
7,400.0,2.625,retracting,0.375,2,1,0.43571867414042087,6074.9375,0.0,12149.875,1.0807574275040028,hysteresis supporting component
7,400.0,2.625,retracting,0.625,2,1,0.5647798875897261,6523.0,0.0,13046.0,1.1604696673189825,hysteresis supporting component
7,400.0,2.625,retracting,0.875,2,1,0.9042642118064914,6720.944444444444,0.0,13441.888888888889,1.195684832671134,hysteresis supporting component
7,400.0,2.625,retracting,1.125,2,1,1.0605752772387151,5610.090909090909,0.0,11220.181818181818,0.9980592259546183,hysteresis supporting component
7,400.0,2.625,retracting,1.375,1,1,1.3873227292606574,11720.0,11720.0,11720.0,2.085038249421811,hysteresis supporting component
7,400.0,2.625,retracting,1.625,1,1,1.5999549207770691,11650.0,11650.0,11650.0,2.072584949297278,hysteresis supporting component
7,400.0,2.625,retracting,1.875,1,1,1.902763856128042,11671.09090909091,11671.09090909091,11671.09090909091,2.0763371124516827,hysteresis supporting component
7,400.0,2.625,retracting,2.125,1,1,2.1507293710681847,11861.857142857143,11861.857142857143,11861.857142857143,2.1102752433476506,hysteresis supporting component
7,400.0,2.625,retracting,2.375,1,1,2.398223932493985,11861.1875,11861.1875,11861.1875,2.1101561110122753,hysteresis supporting component
7,400.0,2.625,retracting,2.625,1,1,2.633497046296651,10663.5,10663.5,10663.5,1.8970823696851096,hysteresis supporting component
7,400.0,2.625,retracting,2.875,1,1,2.866862945436497,12027.375,12027.375,12027.375,2.139721579790073,hysteresis supporting component
7,400.0,2.625,retracting,3.125,1,1,3.1817042226395733,11804.833333333334,11804.833333333334,11804.833333333334,2.1001304631441617,hysteresis supporting component
7,400.0,2.625,retracting,3.375,1,1,3.3036929556406127,11187.222222222223,11187.222222222223,11187.222222222223,1.9902547984739765,hysteresis supporting component
7,400.0,2.625,retracting,3.625,1,1,3.5808694372054672,11239.833333333334,11239.833333333334,11239.833333333334,1.999614540710431,hysteresis supporting component
7,400.0,2.625,retracting,3.875,1,1,3.8712476206807707,10609.0,10609.0,10609.0,1.8873865860167232,hysteresis supporting component
7,400.0,2.625,retracting,4.125,1,1,4.064414602211694,11125.0,11125.0,11125.0,1.9791851983632807,hysteresis supporting component
7,400.0,3.5,pressing_down,0.125,2,1,0.02064406108078502,6615.85,0.0,13231.7,1.176988080412738,hysteresis supporting component
7,400.0,3.5,pressing_down,0.375,2,1,0.40011238676509925,6066.75,0.0,12133.5,1.0793008361501513,hysteresis supporting component
7,400.0,3.5,pressing_down,0.625,2,1,0.6136358045566983,6199.8125,0.0,12399.625,1.1029732254047322,hysteresis supporting component
7,400.0,3.5,pressing_down,0.875,2,1,0.8426245289777008,6191.192307692308,0.0,12382.384615384615,1.1014396562341768,hysteresis supporting component
7,400.0,3.5,pressing_down,1.125,2,1,1.0682332678621145,6315.0,0.0,12630.0,1.12346557552037,hysteresis supporting component
7,400.0,3.5,pressing_down,1.375,1,1,1.365403534186152,12408.0,12408.0,12408.0,2.207436399217221,hysteresis supporting component
7,400.0,3.5,pressing_down,1.625,1,1,1.6446621087998405,10698.285714285714,10698.285714285714,10698.285714285714,1.9032708974000558,hysteresis supporting component
7,400.0,3.5,pressing_down,1.875,1,1,1.9079901919818467,11905.6,11905.6,11905.6,2.118057285180573,hysteresis supporting component
7,400.0,3.5,pressing_down,2.125,1,1,2.1494893469445593,11395.857142857143,11395.857142857143,11395.857142857143,2.027371845375759,hysteresis supporting component
7,400.0,3.5,pressing_down,2.375,1,1,2.4202343911242274,12752.25,12752.25,12752.25,2.2686799501867996,hysteresis supporting component
7,400.0,3.5,pressing_down,2.625,1,1,2.596209394966515,12064.75,12064.75,12064.75,2.146370752535136,hysteresis supporting component
7,400.0,3.5,pressing_down,2.875,1,1,2.8173243396835845,13138.333333333334,13138.333333333334,13138.333333333334,2.3373658305165157,hysteresis supporting component
7,400.0,3.5,pressing_down,3.125,1,1,3.1050763359811953,11924.6,11924.6,11924.6,2.121437466642946,hysteresis supporting component
7,400.0,3.5,pressing_down,3.375,1,1,3.2989319807069304,12705.25,12705.25,12705.25,2.260318448674613,hysteresis supporting component
7,400.0,3.5,pressing_down,3.625,1,1,3.5661469418123573,11187.5,11187.5,11187.5,1.9903042163316136,hysteresis supporting component
7,400.0,3.5,retracting,0.375,2,1,0.4255483052148009,6706.5,0.0,13413.0,1.1931151040740082,hysteresis supporting component
7,400.0,3.5,retracting,0.625,2,1,0.633221572408006,6545.590909090909,0.0,13091.181818181818,1.1644886869046271,hysteresis supporting component
7,400.0,3.5,retracting,0.875,2,1,0.874187005583965,6219.625,0.0,12439.25,1.1064979541006938,hysteresis supporting component
7,400.0,3.5,retracting,1.125,2,1,1.1300966721534278,5895.1875,0.0,11790.375,1.048779131827077,hysteresis supporting component
7,400.0,3.5,retracting,1.375,2,1,1.3857564041977681,6329.1,0.0,12658.2,1.125974025974026,hysteresis supporting component
7,400.0,3.5,retracting,1.625,2,1,1.5975101000175693,5910.0,0.0,11820.0,1.051414339085572,hysteresis supporting component
7,400.0,3.5,retracting,1.875,2,1,1.8076600045814222,6447.666666666667,0.0,12895.333333333334,1.1470675443278184,hysteresis supporting component
7,400.0,3.5,retracting,2.125,1,1,2.165379150387141,11992.2,11992.2,11992.2,2.1334637964774954,hysteresis supporting component
7,400.0,3.5,retracting,2.375,1,1,2.406667503326602,10758.166666666666,10758.166666666666,10758.166666666666,1.913923975567811,hysteresis supporting component
7,400.0,3.5,retracting,2.625,1,1,2.674516383216357,13148.857142857143,13148.857142857143,13148.857142857143,2.3392380613515646,hysteresis supporting component
7,400.0,3.5,retracting,2.875,1,1,2.8705491384738204,12400.7,12400.7,12400.7,2.20613769791852,hysteresis supporting component
7,400.0,3.5,retracting,3.125,1,1,3.0882950289830595,11807.2,11807.2,11807.2,2.1005515032912294,hysteresis supporting component
7,400.0,3.5,retracting,3.375,1,1,3.42699542110419,13515.0,13515.0,13515.0,2.404376445472336,hysteresis supporting component
7,400.0,3.5,retracting,3.625,1,1,3.672562857076259,12145.25,12145.25,12145.25,2.1606920476783493,hysteresis supporting component
7,400.0,3.5,retracting,3.875,1,1,3.8482010971589324,11501.42857142857,11501.42857142857,11501.42857142857,2.046153455155412,hysteresis supporting component
7,400.0,3.5,retracting,4.125,1,1,4.128325218611404,12547.4,12547.4,12547.4,2.232236256893791,hysteresis supporting component
7,400.0,3.5,retracting,4.375,1,1,4.382859218025571,10849.5,10849.5,10849.5,1.9301725671588685,hysteresis supporting component
7,400.0,3.5,retracting,4.625,1,1,4.657148036725556,12216.388888888889,12216.388888888889,12216.388888888889,2.173347961019194,hysteresis supporting component
7,400.0,3.5,retracting,4.875,1,1,4.82678181989695,10903.045454545454,10903.045454545454,10903.045454545454,1.9396985330982839,hysteresis supporting component
7,400.0,3.5,retracting,5.125,1,1,5.20008489887225,10868.111111111111,10868.111111111111,10868.111111111111,1.9334835636205498,hysteresis supporting component
7,400.0,3.5,retracting,5.375,1,1,5.394235846468559,12404.958333333334,12404.958333333334,12404.958333333334,2.206895273676096,hysteresis supporting component
7,400.0,3.5,retracting,5.625,1,1,5.578192043280815,11566.307692307691,11566.307692307691,11566.307692307691,2.0576957289286057,hysteresis supporting component
7,400.0,3.5,retracting,5.875,1,1,5.805826555748954,12563.0,12563.0,12563.0,2.235011563778687,hysteresis supporting component
7,600.0,1.75,pressing_down,0.125,2,1,0.011433675237925123,6472.8625,0.0,12945.725,1.1515499911047855,hysteresis supporting component
7,600.0,1.75,retracting,0.375,2,1,0.48646124855742134,6420.75,0.0,12841.5,1.1422789539227896,hysteresis supporting component
7,600.0,1.75,retracting,0.625,2,1,0.6925081662535155,6284.014705882353,0.0,12568.029411764706,1.1179531588475988,hysteresis supporting component
7,600.0,1.75,retracting,0.875,1,1,0.8924868317030217,12147.566666666668,12147.566666666668,12147.566666666668,2.1611041926110417,hysteresis supporting component
7,600.0,2.625,pressing_down,0.125,2,1,0.014889602582530304,6449.8375,0.0,12899.675,1.1474537448852518,hysteresis supporting component
7,600.0,2.625,pressing_down,0.375,2,1,0.3685103278004953,6090.333333333333,0.0,12180.666666666666,1.0834964122635355,hysteresis supporting component
7,600.0,2.625,pressing_down,0.625,1,1,0.5858025624492038,11859.0,11859.0,11859.0,2.1097669453833836,hysteresis supporting component
7,600.0,2.625,retracting,0.375,1,1,0.47616735435610713,0.0,0.0,0.0,0.0,hysteresis supporting component
7,600.0,2.625,retracting,0.625,2,1,0.6694981552310781,6625.222222222223,0.0,13250.444444444445,1.1786554389294117,hysteresis supporting component
7,600.0,2.625,retracting,0.875,2,1,0.9068165459248481,6514.2,0.0,13028.4,1.158904109589041,hysteresis supporting component
7,600.0,2.625,retracting,1.125,2,1,1.0792363661659916,6270.346153846154,0.0,12540.692307692309,1.1155214648365332,hysteresis supporting component
7,600.0,2.625,retracting,1.375,1,1,1.3715454906363787,12441.961538461539,12441.961538461539,12441.961538461539,2.2134783025193983,hysteresis supporting component
7,600.0,2.625,retracting,1.625,1,1,1.6494137638642354,12302.035714285714,12302.035714285714,12302.035714285714,2.188584898467482,hysteresis supporting component
7,600.0,2.625,retracting,1.875,1,1,1.9110448344577873,11697.09375,11697.09375,11697.09375,2.0809631293364172,hysteresis supporting component
7,600.0,2.625,retracting,2.125,1,1,2.052035452549055,11696.333333333334,11696.333333333334,11696.333333333334,2.0808278479511357,hysteresis supporting component
7,600.0,3.5,pressing_down,0.125,2,1,0.01828648000665959,6604.539473684211,0.0,13209.078947368422,1.174975889287353,hysteresis supporting component
7,600.0,3.5,pressing_down,0.375,2,1,0.362667654101934,6362.53125,0.0,12725.0625,1.1319215886852874,hysteresis supporting component
7,600.0,3.5,pressing_down,0.625,2,1,0.6374796397781707,6348.307692307692,0.0,12696.615384615385,1.1293911567884172,hysteresis supporting component
7,600.0,3.5,pressing_down,0.875,2,1,0.8581032904762245,6205.125,0.0,12410.25,1.1039183419320406,hysteresis supporting component
7,600.0,3.5,pressing_down,1.125,1,1,1.156474306353088,11264.3,11264.3,11264.3,2.0039672656111014,hysteresis supporting component
7,600.0,3.5,pressing_down,1.375,1,1,1.4047067381178437,12863.666666666666,12863.666666666666,12863.666666666666,2.2885014528850145,hysteresis supporting component
7,600.0,3.5,pressing_down,1.625,1,1,1.6022973313557434,12516.666666666666,12516.666666666666,12516.666666666666,2.2267686651248297,hysteresis supporting component
7,600.0,3.5,retracting,0.375,1,1,0.4378499850710783,0.0,0.0,0.0,0.0,hysteresis supporting component
7,600.0,3.5,retracting,0.625,2,1,0.6538645465274815,6910.909090909091,0.0,13821.818181818182,1.2294803577493492,hysteresis supporting component
7,600.0,3.5,retracting,0.875,2,1,0.8924774291661699,6949.75,0.0,13899.5,1.2363903220067605,hysteresis supporting component
7,600.0,3.5,retracting,1.125,2,1,1.179632271789516,6531.333333333333,0.0,13062.666666666666,1.1619522030480935,hysteresis supporting component
7,600.0,3.5,retracting,1.375,2,1,1.3650934130834615,6715.4,0.0,13430.8,1.1946984522326989,hysteresis supporting component
7,600.0,3.5,retracting,1.625,2,1,1.5481059228680099,6829.214285714285,0.0,13658.42857142857,1.2149465016392609,hysteresis supporting component
7,600.0,3.5,retracting,1.875,1,1,1.8367458025124432,13942.2,13942.2,13942.2,2.480377157089486,hysteresis supporting component
7,600.0,3.5,retracting,2.125,1,1,2.061331248131032,12070.42857142857,12070.42857142857,12070.42857142857,2.147380994739116,hysteresis supporting component
7,600.0,3.5,retracting,2.375,1,1,2.326406818971039,13193.222222222223,13193.222222222223,13193.222222222223,2.347130799185594,hysteresis supporting component
7,600.0,3.5,retracting,2.625,1,1,2.6221681290616385,12650.1,12650.1,12650.1,2.250507027219356,hysteresis supporting component
7,600.0,3.5,retracting,2.875,1,1,2.907699334824445,12302.0,12302.0,12302.0,2.1885785447429282,hysteresis supporting component
7,600.0,3.5,retracting,3.125,1,1,3.167390398964918,11445.214285714286,11445.214285714286,11445.214285714286,2.0361526927084657,hysteresis supporting component
7,600.0,3.5,retracting,3.375,1,1,3.4028797947268714,12148.318181818182,12148.318181818182,12148.318181818182,2.1612378903786125,hysteresis supporting component
7,600.0,3.5,retracting,3.625,1,1,3.6380677596269893,11524.35,11524.35,11524.35,2.0502312755737413,hysteresis supporting component
7,600.0,3.5,retracting,3.875,1,1,3.7825498431628137,12796.5,12796.5,12796.5,2.2765522149083792,hysteresis supporting component
7,600.0,3.5,retracting,4.125,1,1,4.049636620131058,9088.0,9088.0,9088.0,1.6167941647393702,hysteresis supporting component
8,200.0,1.75,pressing_down,0.125,2,1,0.02365877541369394,12567.3125,12497.2,12637.425,2.188664663880181,hysteresis supporting component
8,200.0,1.75,pressing_down,0.375,2,1,0.3718882142503307,12253.9125,12179.875,12327.95,2.134084378265413,hysteresis supporting component
8,200.0,1.75,pressing_down,0.625,2,1,0.5353944521525302,11689.75,10613.5,12766.0,2.0358324625566,hysteresis supporting component
8,200.0,1.75,retracting,0.125,2,1,0.20937153394129465,13132.883928571428,12497.625,13768.142857142857,2.2871619520326423,hysteresis supporting component
8,200.0,1.75,retracting,0.375,2,1,0.3746958563395866,12835.7,12440.05,13231.35,2.235405781957506,hysteresis supporting component
8,200.0,1.75,retracting,0.625,2,1,0.6282327646829668,12576.4875,12555.95,12597.025,2.190262539184953,hysteresis supporting component
8,200.0,1.75,retracting,0.875,2,1,0.8457961395051595,12403.713157894737,12255.026315789473,12552.4,2.160172963757356,hysteresis supporting component
8,200.0,1.75,retracting,1.125,2,1,1.014402954184833,12691.5,11489.0,13894.0,2.210292580982236,hysteresis supporting component
8,200.0,2.625,pressing_down,0.125,2,1,0.04022154476980554,12790.9125,12779.225,12802.6,2.2276057993730407,hysteresis supporting component
8,200.0,2.625,pressing_down,0.375,2,1,0.3713076775188206,12434.8125,12423.975,12445.65,2.16558908045977,hysteresis supporting component
8,200.0,2.625,pressing_down,0.625,2,1,0.6242027416433873,12097.344444444443,12061.388888888889,12133.3,2.106817214288479,hysteresis supporting component
8,200.0,2.625,pressing_down,0.875,2,1,0.8703139321458614,12133.275,11937.55,12329.0,2.1130747126436784,hysteresis supporting component
8,200.0,2.625,pressing_down,1.125,2,1,1.0832504800927105,12381.755952380952,11463.67857142857,13299.833333333334,2.1563489990214126,hysteresis supporting component
8,200.0,2.625,pressing_down,1.375,2,1,1.3459444472582982,13098.25,13082.5,13114.0,2.2811302681992336,hysteresis supporting component
8,200.0,2.625,pressing_down,1.625,1,1,1.5170274853654713,11965.5,11965.5,11965.5,2.083855799373041,hysteresis supporting component
8,200.0,2.625,retracting,0.125,2,1,0.17677409461594554,12780.536184210527,12667.125,12893.947368421053,2.225798708500614,hysteresis supporting component
8,200.0,2.625,retracting,0.375,2,1,0.3660659947823261,13049.9875,12990.275,13109.7,2.2727250957854404,hysteresis supporting component
8,200.0,2.625,retracting,0.625,2,1,0.6126495162442477,12730.537499999999,12630.675,12830.4,2.217091170323929,hysteresis supporting component
8,200.0,2.625,retracting,0.875,2,1,0.8587473260775109,12466.975,12299.95,12634.0,2.1711903517938,hysteresis supporting component
8,200.0,2.625,retracting,1.125,2,1,1.132855789738762,12066.825,11961.9,12171.75,2.1015020898641588,hysteresis supporting component
8,200.0,2.625,retracting,1.375,2,1,1.4013508930826755,12407.369281045752,12298.944444444445,12515.79411764706,2.1608096971518203,hysteresis supporting component
8,200.0,2.625,retracting,1.625,2,1,1.5879707143876631,12338.258333333333,12258.6,12417.916666666666,2.148773656101242,hysteresis supporting component
8,200.0,2.625,retracting,1.875,2,1,1.8544856140564767,12098.888888888889,11899.777777777777,12298.0,2.1070861875459572,hysteresis supporting component
8,200.0,2.625,retracting,2.125,1,1,2.1585833393565528,11697.1875,11697.1875,11697.1875,2.0371277429467085,hysteresis supporting component
8,200.0,2.625,retracting,2.375,1,1,2.282347491938765,11551.166666666666,11551.166666666666,11551.166666666666,2.0116974341112273,hysteresis supporting component
8,200.0,3.5,pressing_down,0.125,2,1,0.029021508889309197,13020.347368421051,12830.8,13209.894736842105,2.267563108397954,hysteresis supporting component
8,200.0,3.5,pressing_down,0.375,2,1,0.35765228846777597,13268.4625,13021.525,13515.4,2.3107736851271334,hysteresis supporting component
8,200.0,3.5,pressing_down,0.625,2,1,0.6133593399995924,12943.2625,12735.95,13150.575,2.2541383664228496,hysteresis supporting component
8,200.0,3.5,pressing_down,0.875,2,1,0.8584209806074772,12687.2,12182.2,13192.2,2.209543712991989,hysteresis supporting component
8,200.0,3.5,pressing_down,1.125,2,1,1.129682290411848,11819.761111111111,11274.722222222223,12364.8,2.0584745926699948,hysteresis supporting component
8,200.0,3.5,pressing_down,1.375,2,1,1.4069383024760134,12373.247076023392,11777.888888888889,12968.605263157895,2.154867132710448,hysteresis supporting component
8,200.0,3.5,pressing_down,1.625,2,1,1.6198320289556558,12098.616666666667,11466.5,12730.733333333334,2.1070387785905025,hysteresis supporting component
8,200.0,3.5,pressing_down,1.875,2,1,1.8371221465760927,12543.50505050505,12479.454545454546,12607.555555555555,2.184518469262461,hysteresis supporting component
8,200.0,3.5,pressing_down,2.125,2,1,2.139824200986862,12522.32857142857,12483.8,12560.857142857143,2.1808304722097827,hysteresis supporting component
8,200.0,3.5,pressing_down,2.375,2,1,2.3608214846947067,12657.45,11959.5,13355.4,2.2043625914315568,hysteresis supporting component
8,200.0,3.5,pressing_down,2.625,2,1,2.543575249055482,13176.75,12940.5,13413.0,2.2948014629049114,hysteresis supporting component
8,200.0,3.5,pressing_down,2.875,2,1,2.860956928360199,13155.083333333332,12304.166666666666,14006.0,2.29102809706258,hysteresis supporting component
8,200.0,3.5,pressing_down,3.125,2,1,3.089364980750056,11915.333333333332,10619.0,13211.666666666666,2.0751190061534888,hysteresis supporting component
8,200.0,3.5,pressing_down,3.375,2,1,3.408185924178123,12463.7,11539.4,13388.0,2.170619993033786,hysteresis supporting component
8,200.0,3.5,pressing_down,3.625,1,1,3.720610477008206,12869.5,12869.5,12869.5,2.241292232671543,hysteresis supporting component
8,200.0,3.5,pressing_down,3.875,1,1,3.9444371760158488,12276.5,12276.5,12276.5,2.1380181121560433,hysteresis supporting component
8,200.0,3.5,pressing_down,4.125,1,1,4.162422522509137,12331.0,12331.0,12331.0,2.1475095785440614,hysteresis supporting component
8,200.0,3.5,pressing_down,4.375,1,1,4.370654611096758,12228.666666666666,12228.666666666666,12228.666666666666,2.1296876814118195,hysteresis supporting component
8,200.0,3.5,pressing_down,4.625,1,1,4.576814167457242,10341.5,10341.5,10341.5,1.801027516544758,hysteresis supporting component
8,200.0,3.5,retracting,0.125,2,1,0.16826424839233994,13104.832894736843,12862.35,13347.315789473685,2.2822767145135567,hysteresis supporting component
8,200.0,3.5,retracting,0.375,2,1,0.3604966556416197,12903.8875,12509.75,13298.025,2.2472809996516894,hysteresis supporting component
8,200.0,3.5,retracting,0.625,2,1,0.6118355095172936,13246.1,13147.25,13344.95,2.306879136189481,hysteresis supporting component
8,200.0,3.5,retracting,0.875,2,1,0.8501030295146079,13023.075,12785.875,13260.275,2.2680381400208987,hysteresis supporting component
8,200.0,3.5,retracting,1.125,2,1,1.1269697668713905,12397.173976608188,12280.111111111111,12514.236842105263,2.1590341303741183,hysteresis supporting component
8,200.0,3.5,retracting,1.375,2,1,1.3720833835562307,12671.877450980392,12532.088235294117,12811.666666666666,2.2068752091571566,hysteresis supporting component
8,200.0,3.5,retracting,1.625,2,1,1.6275716034338779,12897.3125,12783.75,13010.875,2.2461359282479973,hysteresis supporting component
8,200.0,3.5,retracting,1.875,2,1,1.9161492443060464,13173.408333333333,12514.566666666668,13832.25,2.294219493788459,hysteresis supporting component
8,200.0,3.5,retracting,2.125,2,1,2.151449137190979,12260.958333333332,12230.0,12291.916666666666,2.135311447811448,hysteresis supporting component
8,200.0,3.5,retracting,2.375,2,1,2.3510806712905445,12261.016666666666,11794.833333333334,12727.2,2.135321606873331,hysteresis supporting component
8,200.0,3.5,retracting,2.625,2,1,2.6128752793394012,12647.15625,12018.6875,13275.625,2.2025698798328106,hysteresis supporting component
8,200.0,3.5,retracting,2.875,2,1,2.8528977386133594,12660.660714285714,12580.25,12741.07142857143,2.20492175449072,hysteresis supporting component
8,200.0,3.5,retracting,3.125,2,1,3.0662574377111085,11974.9125,11818.125,12131.7,2.085495036572623,hysteresis supporting component
8,200.0,3.5,retracting,3.375,2,1,3.3141617054768613,11897.75,11784.333333333334,12011.166666666666,2.0720567746429817,hysteresis supporting component
8,200.0,3.5,retracting,3.625,2,1,3.621767181982697,11803.666666666668,11245.0,12362.333333333334,2.055671659119935,hysteresis supporting component
8,200.0,3.5,retracting,3.875,2,1,3.8819867203289053,12786.916666666668,12726.833333333334,12847.0,2.2269099036340414,hysteresis supporting component
8,200.0,3.5,retracting,4.125,2,1,4.1034617746358695,12878.4375,12660.5,13096.375,2.2428487460815045,hysteresis supporting component
8,200.0,3.5,retracting,4.375,1,1,4.37635062459669,12480.666666666666,12480.666666666666,12480.666666666666,2.1735748287472423,hysteresis supporting component
8,200.0,3.5,retracting,4.625,1,1,4.672043296031854,11494.333333333334,11494.333333333334,11494.333333333334,2.001799605247881,hysteresis supporting component
8,200.0,3.5,retracting,4.875,1,1,4.890984110916001,12244.0,12244.0,12244.0,2.1323580633925463,hysteresis supporting component
8,200.0,3.5,retracting,5.125,1,1,5.134007020681787,12528.357142857143,12528.357142857143,12528.357142857143,2.1818803801562425,hysteresis supporting component
8,200.0,3.5,retracting,5.375,1,1,5.372851326081859,12338.07142857143,12338.07142857143,12338.07142857143,2.1487411056376575,hysteresis supporting component
8,200.0,3.5,retracting,5.625,1,1,5.673124372050504,11723.8,11723.8,11723.8,2.0417624521072795,hysteresis supporting component
8,200.0,3.5,retracting,5.875,1,1,5.810836613132345,12338.5,12338.5,12338.5,2.14881574364333,hysteresis supporting component
8,400.0,1.75,pressing_down,0.125,2,1,0.02898363076120619,13000.668421052633,12927.736842105263,13073.6,2.264135914498891,hysteresis supporting component
8,400.0,1.75,pressing_down,0.375,2,1,0.3235528631924367,12679.214285714286,12182.42857142857,13176.0,2.208152958152958,hysteresis supporting component
8,400.0,1.75,pressing_down,0.625,2,1,0.5996065065262659,13719.5,13297.0,14142.0,2.3893242772553114,hysteresis supporting component
8,400.0,1.75,pressing_down,1.125,1,1,1.1673674881369647,12516.0,12516.0,12516.0,2.179728317659352,hysteresis supporting component
8,400.0,1.75,retracting,0.375,1,1,0.39397327117927633,12726.0,12726.0,12726.0,2.216300940438871,hysteresis supporting component
8,400.0,1.75,retracting,0.625,2,1,0.6545115737984315,14196.3625,12379.725,16013.0,2.472372431208638,hysteresis supporting component
8,400.0,1.75,retracting,0.875,2,1,0.7898099399172703,12939.808823529413,12475.617647058823,13404.0,2.2535368902001762,hysteresis supporting component
8,400.0,1.75,retracting,1.125,2,1,1.0750509676411295,13077.0,12752.0,13402.0,2.277429467084639,hysteresis supporting component
8,400.0,1.75,retracting,1.375,1,1,1.3663345870818346,12824.8,12824.8,12824.8,2.2335074886799022,hysteresis supporting component
8,400.0,1.75,retracting,1.625,1,1,1.582893519448192,12580.2,12580.2,12580.2,2.190909090909091,hysteresis supporting component
8,400.0,1.75,retracting,1.875,1,1,1.913376704617249,12321.0,12321.0,12321.0,2.14576802507837,hysteresis supporting component
8,400.0,1.75,retracting,2.125,1,1,2.087416709054125,12925.916666666666,12925.916666666666,12925.916666666666,2.251117496807152,hysteresis supporting component
8,400.0,1.75,retracting,2.375,1,1,2.4551136859351828,14848.0,14848.0,14848.0,2.585858585858586,hysteresis supporting component
8,400.0,1.75,retracting,2.625,1,1,2.5859343268960773,13131.75,13131.75,13131.75,2.2869644723093,hysteresis supporting component
8,400.0,1.75,retracting,2.875,1,1,2.916721525101831,12089.333333333334,12089.333333333334,12089.333333333334,2.105422036456519,hysteresis supporting component
8,400.0,1.75,retracting,3.125,1,1,3.1846119174106864,13111.0,13111.0,13111.0,2.2833507488679903,hysteresis supporting component
8,400.0,1.75,retracting,3.375,1,1,3.2966898271030565,14195.0,14195.0,14195.0,2.4721351445489375,hysteresis supporting component
8,400.0,1.75,retracting,3.625,1,1,3.679021360318183,12790.75,12790.75,12790.75,2.2275774991292234,hysteresis supporting component
8,400.0,1.75,retracting,3.875,1,1,3.7833708373212502,13277.0,13277.0,13277.0,2.3122605363984676,hysteresis supporting component
8,400.0,2.625,pressing_down,0.125,2,1,0.038311311979654455,13136.901388888888,12996.777777777777,13277.025,2.287861614226557,hysteresis supporting component
8,400.0,2.625,pressing_down,0.375,2,1,0.3824408267002032,12565.6625,12561.075,12570.25,2.188377307558342,hysteresis supporting component
8,400.0,2.625,pressing_down,0.625,2,1,0.5656279031719327,12162.20634920635,11820.857142857143,12503.555555555555,2.1181132617914225,hysteresis supporting component
8,400.0,2.625,pressing_down,0.875,1,1,0.8431122605930325,13768.5,13768.5,13768.5,2.3978578892371996,hysteresis supporting component
8,400.0,2.625,pressing_down,1.125,1,1,1.100209328889243,14008.0,14008.0,14008.0,2.4395680947405087,hysteresis supporting component
8,400.0,2.625,pressing_down,1.375,1,1,1.2790198578429468,10845.5,10845.5,10845.5,1.8888018112156044,hysteresis supporting component
8,400.0,2.625,pressing_down,1.625,1,1,1.5785305603936934,12017.0,12017.0,12017.0,2.0928247997213516,hysteresis supporting component
8,400.0,2.625,pressing_down,1.875,1,1,1.8219400040385925,12767.666666666666,12767.666666666666,12767.666666666666,2.2235574132125855,hysteresis supporting component
8,400.0,2.625,pressing_down,2.125,1,1,2.194938368640159,12546.5,12546.5,12546.5,2.1850400557297105,hysteresis supporting component
8,400.0,2.625,pressing_down,2.375,1,1,2.4088102501991555,13355.0,13355.0,13355.0,2.32584465343086,hysteresis supporting component
8,400.0,2.625,pressing_down,2.625,1,1,2.586572428470536,11307.0,11307.0,11307.0,1.9691745036572623,hysteresis supporting component
8,400.0,2.625,retracting,0.375,1,1,0.38927185076037196,13181.025,13181.025,13181.025,2.295545977011494,hysteresis supporting component
8,400.0,2.625,retracting,0.625,1,1,0.6378047817477905,12965.025,12965.025,12965.025,2.25792842215256,hysteresis supporting component
8,400.0,2.625,retracting,0.875,1,1,0.9006429555787532,13007.2,13007.2,13007.2,2.2652734238941137,hysteresis supporting component
8,400.0,2.625,retracting,1.125,2,1,1.1071863085635916,10729.075,9146.0,12312.15,1.8685257749912925,hysteresis supporting component
8,400.0,2.625,retracting,1.375,1,1,1.3166064839501899,10828.5,10828.5,10828.5,1.8858411703239288,hysteresis supporting component
8,400.0,2.625,retracting,1.625,1,1,1.5523498782982879,11903.333333333334,11903.333333333334,11903.333333333334,2.073029141994659,hysteresis supporting component
8,400.0,2.625,retracting,1.875,1,1,1.7918899789430385,12288.0,12288.0,12288.0,2.140020898641588,hysteresis supporting component
8,400.0,2.625,retracting,2.125,1,1,2.1450446271301504,12621.0,12621.0,12621.0,2.198014629049112,hysteresis supporting component
8,400.0,2.625,retracting,2.375,1,1,2.4142560447070993,13451.333333333334,13451.333333333334,13451.333333333334,2.342621618483687,hysteresis supporting component
8,400.0,2.625,retracting,2.625,1,1,2.5924061723682295,10728.75,10728.75,10728.75,1.8684691745036572,hysteresis supporting component
8,400.0,2.625,retracting,2.875,1,1,2.896515707102422,11787.75,11787.75,11787.75,2.052899686520376,hysteresis supporting component
8,400.0,2.625,retracting,3.375,1,1,3.4789655351922377,12997.0,12997.0,12997.0,2.263497039359108,hysteresis supporting component
8,400.0,2.625,retracting,3.625,1,1,3.6457439484579215,11780.0,11780.0,11780.0,2.0515499825844654,hysteresis supporting component
8,400.0,2.625,retracting,3.875,1,1,3.869520452656216,12577.75,12577.75,12577.75,2.1904824103099965,hysteresis supporting component
8,400.0,2.625,retracting,4.125,1,1,4.09064442033096,12545.666666666666,12545.666666666666,12545.666666666666,2.1848949262742363,hysteresis supporting component
8,400.0,2.625,retracting,4.375,1,1,4.407157097218741,15061.0,15061.0,15061.0,2.6229536746778126,hysteresis supporting component
8,400.0,2.625,retracting,4.625,1,1,4.748957454850337,13733.0,13733.0,13733.0,2.391675374433995,hysteresis supporting component
8,400.0,2.625,retracting,4.875,1,1,4.84179865351128,12659.4,12659.4,12659.4,2.204702194357367,hysteresis supporting component
8,400.0,2.625,retracting,5.125,1,1,5.132308196273622,11360.75,11360.75,11360.75,1.9785353535353536,hysteresis supporting component
8,400.0,2.625,retracting,5.375,1,1,5.282251098413639,12419.5,12419.5,12419.5,2.1629223267154303,hysteresis supporting component
8,400.0,2.625,retracting,5.625,1,1,5.682681674271391,13805.8,13805.8,13805.8,2.4043538836642284,hysteresis supporting component
8,400.0,2.625,retracting,5.875,1,1,5.89144915660625,12586.5,12586.5,12586.5,2.1920062695924765,hysteresis supporting component
8,400.0,3.5,pressing_down,0.125,2,1,0.04496102024297917,12462.294642857143,11873.214285714286,13051.375,2.1703752425735185,hysteresis supporting component
8,400.0,3.5,pressing_down,0.375,2,1,0.3646830942960304,12281.394444444444,11477.888888888889,13084.9,2.1388705058245288,hysteresis supporting component
8,400.0,3.5,pressing_down,0.625,2,1,0.592100888184264,12289.395833333332,12117.166666666666,12461.625,2.1402639904795078,hysteresis supporting component
8,400.0,3.5,pressing_down,0.875,2,1,0.9031802962632567,11949.1125,11351.25,12546.975,2.0810018286311394,hysteresis supporting component
8,400.0,3.5,pressing_down,1.125,2,1,1.0903717173795968,11379.0625,10323.0,12435.125,1.9817245733194009,hysteresis supporting component
8,400.0,3.5,pressing_down,1.375,1,1,1.3033762184923137,9067.0,9067.0,9067.0,1.5790665273423894,hysteresis supporting component
8,400.0,3.5,pressing_down,1.625,1,1,1.537970807472941,11989.666666666666,11989.666666666666,11989.666666666666,2.0880645535817948,hysteresis supporting component
8,400.0,3.5,pressing_down,1.875,1,1,1.9110630702632063,11452.333333333334,11452.333333333334,11452.333333333334,1.9944850806919774,hysteresis supporting component
8,400.0,3.5,pressing_down,2.125,1,1,2.183499886925336,9868.0,9868.0,9868.0,1.7185649599442703,hysteresis supporting component
8,400.0,3.5,pressing_down,2.375,1,1,2.329650655667186,10818.5,10818.5,10818.5,1.8840996168582376,hysteresis supporting component
8,400.0,3.5,pressing_down,2.625,1,1,2.5647824553564433,10265.333333333334,10265.333333333334,10265.333333333334,1.7877626843144085,hysteresis supporting component
8,400.0,3.5,pressing_down,2.875,1,1,2.849667138034853,12081.0,12081.0,12081.0,2.1039707419017764,hysteresis supporting component
8,400.0,3.5,pressing_down,3.125,1,1,3.007925518199549,10132.0,10132.0,10132.0,1.764541971438523,hysteresis supporting component
8,400.0,3.5,pressing_down,3.375,1,1,3.3703025139303717,12376.5,12376.5,12376.5,2.1554336468129573,hysteresis supporting component
8,400.0,3.5,pressing_down,3.625,1,1,3.621098420751566,10166.0,10166.0,10166.0,1.7704632532218738,hysteresis supporting component
8,400.0,3.5,pressing_down,4.125,1,1,4.070189014950813,15696.0,15696.0,15696.0,2.7335423197492164,hysteresis supporting component
8,400.0,3.5,pressing_down,4.375,1,1,4.34077849412052,11525.0,11525.0,11525.0,2.007140369209335,hysteresis supporting component
8,400.0,3.5,pressing_down,4.625,1,1,4.742259297427388,12543.0,12543.0,12543.0,2.184430512016719,hysteresis supporting component
8,400.0,3.5,pressing_down,4.875,1,1,4.7805714247298505,13096.0,13096.0,13096.0,2.2807384186694533,hysteresis supporting component
8,400.0,3.5,pressing_down,5.125,1,1,5.1947898910358115,10269.0,10269.0,10269.0,1.7884012539184952,hysteresis supporting component
8,400.0,3.5,retracting,0.125,1,1,0.13491118835832444,12689.75,12689.75,12689.75,2.2099878091257406,hysteresis supporting component
8,400.0,3.5,retracting,0.375,2,1,0.3857359019445287,11933.45,10825.75,13041.15,2.0782741205154998,hysteresis supporting component
8,400.0,3.5,retracting,0.625,2,1,0.6351159665488872,13197.779166666667,13091.833333333334,13303.725,2.298463804713805,hysteresis supporting component
8,400.0,3.5,retracting,0.875,2,1,0.8894592526770695,12104.930555555555,12097.861111111111,12112.0,2.1081383760981467,hysteresis supporting component
8,400.0,3.5,retracting,1.125,2,1,1.133149551489868,11909.55,10991.5,12827.6,2.074111807732497,hysteresis supporting component
8,400.0,3.5,retracting,1.375,2,1,1.4064508321851559,12241.394736842105,11657.0,12825.78947368421,2.131904342884379,hysteresis supporting component
8,400.0,3.5,retracting,1.625,2,1,1.6333308270377955,12021.225,11642.0,12400.45,2.0935606060606062,hysteresis supporting component
8,400.0,3.5,retracting,1.875,2,1,1.84709694507693,10683.555555555555,8738.0,12629.111111111111,1.8605983203684353,hysteresis supporting component
8,400.0,3.5,retracting,2.125,1,1,2.182573176186474,12049.5,12049.5,12049.5,2.0984848484848486,hysteresis supporting component
8,400.0,3.5,retracting,2.375,1,1,2.2818404536217267,13059.0,13059.0,13059.0,2.274294670846395,hysteresis supporting component
8,400.0,3.5,retracting,2.625,1,1,2.727091809069571,9035.0,9035.0,9035.0,1.573493556252177,hysteresis supporting component
8,400.0,3.5,retracting,2.875,1,1,2.9257836710275607,10668.0,10668.0,10668.0,1.857889237199582,hysteresis supporting component
8,400.0,3.5,retracting,3.125,1,1,3.195076803464813,11403.0,11403.0,11403.0,1.9858934169279,hysteresis supporting component
8,400.0,3.5,retracting,3.375,1,1,3.2555796531534615,12568.0,12568.0,12568.0,2.1887843956809476,hysteresis supporting component
8,400.0,3.5,retracting,3.875,1,1,3.90817634745094,9508.0,9508.0,9508.0,1.65586903517938,hysteresis supporting component
8,400.0,3.5,retracting,4.125,1,1,4.144725417339648,11896.0,11896.0,11896.0,2.0717520027864857,hysteresis supporting component
8,400.0,3.5,retracting,4.375,1,1,4.271051147963874,12512.0,12512.0,12512.0,2.1790316962730754,hysteresis supporting component
8,400.0,3.5,retracting,4.625,1,1,4.572092609394713,11032.0,11032.0,11032.0,1.921281783350749,hysteresis supporting component
8,400.0,3.5,retracting,4.875,1,1,4.890578217406426,11384.0,11384.0,11384.0,1.982584465343086,hysteresis supporting component
8,400.0,3.5,retracting,5.125,1,1,5.1691815920972655,10356.75,10356.75,10356.75,1.8036833855799372,hysteresis supporting component
8,400.0,3.5,retracting,5.375,1,1,5.352908190515392,10942.0,10942.0,10942.0,1.9056078021595262,hysteresis supporting component
8,400.0,3.5,retracting,5.625,1,1,5.609662261635337,10468.5,10468.5,10468.5,1.8231452455590387,hysteresis supporting component
8,400.0,3.5,retracting,5.875,1,1,5.8082421256280705,12959.0,12959.0,12959.0,2.256879136189481,hysteresis supporting component
8,600.0,1.75,pressing_down,0.125,2,1,0.010725156652943402,13458.587500000001,13402.725,13514.45,2.3438849703935913,hysteresis supporting component
8,600.0,1.75,pressing_down,0.375,1,1,0.27761393290669506,14908.0,14908.0,14908.0,2.596307906652734,hysteresis supporting component
8,600.0,1.75,retracting,0.375,1,1,0.46328171011491676,12695.555555555555,12695.555555555555,12695.555555555555,2.2109988776655443,hysteresis supporting component
8,600.0,1.75,retracting,0.625,2,1,0.6782133800263865,12849.178947368422,12750.7,12947.657894736842,2.2377532127078408,hysteresis supporting component
8,600.0,1.75,retracting,0.875,2,1,0.8087245459799173,12839.75,12479.0,13200.5,2.2361111111111116,hysteresis supporting component
8,600.0,2.625,pressing_down,0.125,2,1,0.0113953902086679,12931.6125,12800.775,13062.45,2.252109456635319,hysteresis supporting component
8,600.0,2.625,pressing_down,0.375,2,1,0.34521071062269937,12237.310714285715,12165.57142857143,12309.05,2.1311930885206745,hysteresis supporting component
8,600.0,2.625,retracting,0.375,1,1,0.4735539775571569,13393.875,13393.875,13393.875,2.3326149425287355,hysteresis supporting component
8,600.0,2.625,retracting,0.625,2,1,0.6235099043699617,12681.177777777777,12240.8,13121.555555555555,2.2084949107937613,hysteresis supporting component
8,600.0,2.625,retracting,0.875,2,1,0.9093517863908238,12969.0375,12704.625,13233.45,2.258627220480669,hysteresis supporting component
8,600.0,2.625,retracting,1.125,2,1,1.062539120628963,12470.275000000001,12454.85,12485.7,2.171765064437478,hysteresis supporting component
8,600.0,3.5,pressing_down,0.125,2,1,0.01712176996459243,13126.05,12974.4,13277.7,2.285971786833856,hysteresis supporting component
8,600.0,3.5,pressing_down,0.375,2,1,0.36429808130125985,12495.294736842105,12425.28947368421,12565.3,2.1761223853782834,hysteresis supporting component
8,600.0,3.5,pressing_down,0.625,2,1,0.6273121006894042,12415.933333333334,12163.866666666667,12668.0,2.162301172646,hysteresis supporting component
8,600.0,3.5,pressing_down,0.875,2,1,0.8705581887738596,12960.25,12681.0,13239.5,2.257096830372692,hysteresis supporting component
8,600.0,3.5,pressing_down,1.125,1,1,1.0798095497658549,12564.2,12564.2,12564.2,2.188122605363985,hysteresis supporting component
8,600.0,3.5,retracting,0.375,1,1,0.4534573918724446,13842.6,13842.6,13842.6,2.410762800417973,hysteresis supporting component
8,600.0,3.5,retracting,0.625,2,1,0.5646559574195518,13397.678571428572,13073.642857142857,13721.714285714286,2.333277354829079,hysteresis supporting component
8,600.0,3.5,retracting,0.875,2,1,0.8549363550582976,13530.0625,13155.0,13905.125,2.3563327237896203,hysteresis supporting component
8,600.0,3.5,retracting,1.125,2,1,1.0980407410043616,12874.208333333332,12303.0,13445.416666666666,2.2421122140949725,hysteresis supporting component
8,600.0,3.5,retracting,1.375,2,1,1.3776279246830754,13555.55,13171.6,13939.5,2.3607715081853016,hysteresis supporting component
8,600.0,3.5,retracting,1.625,2,1,1.6285827729870523,13031.571428571428,12851.0,13212.142857142857,2.2695178384833556,hysteresis supporting component
8,600.0,3.5,retracting,1.875,2,1,1.9088418449890778,12323.653409090908,11654.681818181818,12992.625,2.1462301304581866,hysteresis supporting component
8,600.0,3.5,retracting,2.125,2,1,2.1087959935495135,11961.925,11591.1,12332.75,2.083233194009056,hysteresis supporting component
8,600.0,3.5,retracting,2.375,2,1,2.3546069555984093,12150.125,12076.125,12224.125,2.1160092302333684,hysteresis supporting component
8,600.0,3.5,retracting,2.625,1,1,2.698286323342202,12993.0,12993.0,12993.0,2.262800417972832,hysteresis supporting component
8,600.0,3.5,retracting,2.875,1,1,2.93152531823471,12015.038461538461,12015.038461538461,12015.038461538461,2.0924831873107737,hysteresis supporting component
8,600.0,3.5,retracting,3.125,1,1,3.068570993354117,11860.466666666667,11860.466666666667,11860.466666666667,2.0655636828050623,hysteresis supporting component
8,600.0,3.5,retracting,3.375,1,1,3.28039963310619,12864.0,12864.0,12864.0,2.2403343782654126,hysteresis supporting component
9,200.0,1.75,pressing_down,0.125,2,1,0.01960465753966324,11552.0625,11516.3,11587.825,2.4594555035128804,hysteresis supporting component
9,200.0,1.75,pressing_down,0.375,2,1,0.3796219249464956,11178.5875,10585.9,11771.275,2.3799419842452627,hysteresis supporting component
9,200.0,1.75,pressing_down,0.625,2,1,0.5324029271826807,11471.517857142857,10684.25,12258.785714285714,2.442307399860093,hysteresis supporting component
9,200.0,1.75,retracting,0.125,2,1,0.2132276089453094,11599.875,11374.5,11825.25,2.469634873323398,hysteresis supporting component
9,200.0,1.75,retracting,0.375,2,1,0.37432376601428197,11270.2875,11148.1,11392.475,2.3994650840962315,hysteresis supporting component
9,200.0,1.75,retracting,0.625,2,1,0.7075793179233172,11758.8875,11726.925,11790.85,2.5034889291036833,hysteresis supporting component
9,200.0,1.75,retracting,0.875,2,1,0.7557536310514309,10998.104166666668,10505.333333333334,11490.875,2.3415167482790435,hysteresis supporting component
9,200.0,2.625,pressing_down,0.125,2,1,0.019448980692686094,11900.7625,11507.3,12294.225,2.5336943793911004,hysteresis supporting component
9,200.0,2.625,pressing_down,0.375,2,1,0.3809061634627076,12073.7625,11781.2,12366.325,2.5705263998296783,hysteresis supporting component
9,200.0,2.625,pressing_down,0.625,2,1,0.6281931617387819,11715.95,11213.55,12218.35,2.4943474558228655,hysteresis supporting component
9,200.0,2.625,pressing_down,0.875,2,1,0.8288597597900647,11795.93125,11754.4375,11837.425,2.5113756120928254,hysteresis supporting component
9,200.0,2.625,retracting,0.125,2,1,0.19816821930332595,12305.8125,11894.25,12717.375,2.6199302746433895,hysteresis supporting component
9,200.0,2.625,retracting,0.375,2,1,0.3737666402817609,12282.9875,12227.725,12338.25,2.6150707898658716,hysteresis supporting component
9,200.0,2.625,retracting,0.625,2,1,0.6190089027070733,12071.4625,12013.65,12129.275,2.5700367255695125,hysteresis supporting component
9,200.0,2.625,retracting,0.875,2,1,0.8902341057073758,12144.775000000001,12001.7,12287.85,2.585645092612306,hysteresis supporting component
9,200.0,2.625,retracting,1.125,2,1,1.0712283381536376,11874.43125,11631.4375,12117.425,2.5280884074941454,hysteresis supporting component
9,200.0,2.625,retracting,1.375,1,1,1.2959483431156429,11504.5,11504.5,11504.5,2.449329359165425,hysteresis supporting component
9,200.0,3.5,pressing_down,0.125,2,1,0.025256810616038187,11823.625,11660.6,11986.65,2.5172716627634664,hysteresis supporting component
9,200.0,3.5,pressing_down,0.375,2,1,0.37464871203449973,11596.2625,11236.35,11956.175,2.4688657653821586,hysteresis supporting component
9,200.0,3.5,pressing_down,0.625,2,1,0.6274780191866917,11552.6375,11312.65,11792.625,2.459577922077922,hysteresis supporting component
9,200.0,3.5,pressing_down,0.875,2,1,0.8776991828740126,11273.0625,11149.975,11396.15,2.4000558867362143,hysteresis supporting component
9,200.0,3.5,pressing_down,1.125,2,1,1.1316135308320985,11107.75,10553.2,11662.3,2.364860549286779,hysteresis supporting component
9,200.0,3.5,pressing_down,1.375,2,1,1.3527597733979753,11015.140625,10731.0,11299.28125,2.3451438418139237,hysteresis supporting component
9,200.0,3.5,pressing_down,1.625,2,1,1.6436700510967799,10186.416666666668,9533.0,10839.833333333334,2.1687069760840254,hysteresis supporting component
9,200.0,3.5,retracting,0.125,2,1,0.1768329370006343,11712.656944444443,11545.388888888889,11879.925,2.493646358195538,hysteresis supporting component
9,200.0,3.5,retracting,0.375,2,1,0.3688934992652253,11782.75,11590.25,11975.25,2.508569299552906,hysteresis supporting component
9,200.0,3.5,retracting,0.625,2,1,0.6145571236907332,11669.475,11609.0,11729.95,2.4844528422397274,hysteresis supporting component
9,200.0,3.5,retracting,0.875,2,1,0.8697336410686966,11689.6,11324.6,12054.6,2.4887374920161807,hysteresis supporting component
9,200.0,3.5,retracting,1.125,2,1,1.1185323782523637,11089.400000000001,10991.6,11187.2,2.360953800298063,hysteresis supporting component
9,200.0,3.5,retracting,1.375,2,1,1.3867075630769456,11484.837500000001,11157.475,11812.2,2.4451431764956357,hysteresis supporting component
9,200.0,3.5,retracting,1.625,2,1,1.6058007030768842,11427.95,11340.65,11515.25,2.4330317223759845,hysteresis supporting component
9,200.0,3.5,retracting,1.875,2,1,1.8616788883202684,11292.5,11213.0,11372.0,2.4041941664892486,hysteresis supporting component
9,200.0,3.5,retracting,2.125,2,1,2.1252400980097716,11329.035714285714,11189.0,11469.07142857143,2.4119726877338117,hysteresis supporting component
9,200.0,3.5,retracting,2.375,1,1,2.3130185931708946,10611.0,10611.0,10611.0,2.2591015541835215,hysteresis supporting component
9,400.0,1.75,pressing_down,0.125,2,1,0.013586252253309592,11729.0125,11638.5,11819.525,2.4971284862678305,hysteresis supporting component
9,400.0,1.75,pressing_down,0.375,2,1,0.2910657994814631,11100.375,10578.25,11622.5,2.3632903981264635,hysteresis supporting component
9,400.0,1.75,retracting,0.375,2,1,0.45828160673561313,12087.863095238095,11997.583333333334,12178.142857142857,2.573528442673642,hysteresis supporting component
9,400.0,1.75,retracting,0.625,2,1,0.6989664790628162,11566.3875,11551.3,11581.475,2.4625053225463063,hysteresis supporting component
9,400.0,1.75,retracting,0.875,1,1,0.7569824467031564,11540.4,11540.4,11540.4,2.4569725356610603,hysteresis supporting component
9,400.0,2.625,pressing_down,0.125,2,1,0.017169303193132687,11629.275,11298.15,11960.4,2.475894187779434,hysteresis supporting component
9,400.0,2.625,pressing_down,0.375,2,1,0.37577186737893503,11719.349999999999,11499.4,11939.3,2.4950713221205025,hysteresis supporting component
9,400.0,2.625,pressing_down,0.625,2,1,0.5774591429310264,11005.71052631579,10758.421052631578,11253.0,2.3431361563371915,hysteresis supporting component
9,400.0,2.625,retracting,0.375,2,1,0.4253560481386235,11632.966666666667,11311.933333333332,11954.0,2.476680150450642,hysteresis supporting component
9,400.0,2.625,retracting,0.625,2,1,0.6288926495078528,11478.625,11347.55,11609.7,2.443820523738556,hysteresis supporting component
9,400.0,2.625,retracting,0.875,2,1,0.9143876284582646,11269.825,10996.6,11543.05,2.3993666169895675,hysteresis supporting component
9,400.0,2.625,retracting,1.125,2,1,1.050389329414597,11034.527777777777,10795.5,11273.555555555555,2.349271402550091,hysteresis supporting component
9,400.0,3.5,pressing_down,0.125,2,1,0.016870765207050373,11398.1625,11083.825,11712.5,2.426689908452204,hysteresis supporting component
9,400.0,3.5,pressing_down,0.375,2,1,0.3865278368247169,10967.587500000001,10275.975,11659.2,2.3350196934213328,hysteresis supporting component
9,400.0,3.5,pressing_down,0.625,2,1,0.6222326882052813,11213.287499999999,10909.525,11517.05,2.3873296785182028,hysteresis supporting component
9,400.0,3.5,pressing_down,0.875,2,1,0.8592759985041827,11237.5,11230.35,11244.65,2.392484564615712,hysteresis supporting component
9,400.0,3.5,pressing_down,1.125,2,1,1.0549614942008734,10600.450980392157,10401.235294117647,10799.666666666666,2.2568556483696307,hysteresis supporting component
9,400.0,3.5,pressing_down,1.375,1,1,1.257926976540972,10844.0,10844.0,10844.0,2.308707685756866,hysteresis supporting component
9,400.0,3.5,retracting,0.375,2,1,0.3976103529227068,11483.7125,11434.55,11532.875,2.4449036619118587,hysteresis supporting component
9,400.0,3.5,retracting,0.625,2,1,0.6335773470523094,11049.825,10552.05,11547.6,2.3525282094954223,hysteresis supporting component
9,400.0,3.5,retracting,0.875,2,1,0.85762973568477,11594.855882352942,11419.411764705883,11770.3,2.468566293879698,hysteresis supporting component
9,400.0,3.5,retracting,1.125,2,1,1.1223575533529222,11241.488888888889,11172.027777777777,11310.95,2.3933338064485605,hysteresis supporting component
9,400.0,3.5,retracting,1.375,2,1,1.3886470075958175,10821.746052631579,10426.342105263158,11217.15,2.3039697791423417,hysteresis supporting component
9,400.0,3.5,retracting,1.625,2,1,1.6090230309173639,10643.2125,10013.425,11273.0,2.2659596550989995,hysteresis supporting component
9,400.0,3.5,retracting,1.875,1,1,1.846873607525865,10305.888888888889,10305.888888888889,10305.888888888889,2.1941428334870956,hysteresis supporting component
9,400.0,3.5,retracting,2.125,1,1,2.044424341122073,9649.666666666666,9649.666666666666,9649.666666666666,2.054431906890923,hysteresis supporting component
9,600.0,1.75,pressing_down,0.125,2,1,0.010791362916982407,11893.3875,11726.05,12060.725,2.532124228230786,hysteresis supporting component
9,600.0,1.75,retracting,0.375,1,1,0.48200148439702084,12485.5,12485.5,12485.5,2.658186076218863,hysteresis supporting component
9,600.0,1.75,retracting,0.625,2,1,0.6782436811142827,11802.625,11674.55,11930.7,2.5128007238662975,hysteresis supporting component
9,600.0,2.625,pressing_down,0.125,2,1,0.015916280219487586,11678.3625,11392.55,11964.175,2.4863450074515647,hysteresis supporting component
9,600.0,2.625,pressing_down,0.375,2,1,0.36374153714693397,11491.694444444445,11258.5,11724.888888888889,2.446603032668606,hysteresis supporting component
9,600.0,2.625,pressing_down,0.625,1,1,0.5149247208530054,11640.75,11640.75,11640.75,2.4783372365339575,hysteresis supporting component
9,600.0,2.625,retracting,0.375,2,1,0.48993923566285813,10805.25,10650.5,10960.0,2.3004577389823293,hysteresis supporting component
9,600.0,2.625,retracting,0.625,2,1,0.6269116836665671,11614.28431372549,10921.333333333334,12307.235294117647,2.4727026429051504,hysteresis supporting component
9,600.0,2.625,retracting,0.875,2,1,0.8907202586910257,11624.8875,11004.9,12244.875,2.474960080902704,hysteresis supporting component
9,600.0,2.625,retracting,1.125,2,1,1.1211650013611023,11693.091666666667,11461.6,11924.583333333334,2.48948087431694,hysteresis supporting component
9,600.0,3.5,pressing_down,0.125,2,1,0.020757210135016715,11934.0375,11877.575,11990.5,2.5407786885245898,hysteresis supporting component
9,600.0,3.5,pressing_down,0.375,2,1,0.38396263877901926,11809.467320261438,11693.823529411764,11925.111111111111,2.514257466523619,hysteresis supporting component
9,600.0,3.5,pressing_down,0.625,2,1,0.5936334040977969,11187.253676470587,10604.625,11769.882352941177,2.381787029267743,hysteresis supporting component
9,600.0,3.5,pressing_down,0.875,2,1,0.8312041531677595,11026.183333333334,10604.2,11448.166666666666,2.347494854871904,hysteresis supporting component
9,600.0,3.5,pressing_down,1.125,2,1,1.0515478891053354,11872.75,11810.5,11935.0,2.5277304662550564,hysteresis supporting component
9,600.0,3.5,retracting,0.375,2,1,0.4672683838154763,12486.2,12150.4,12822.0,2.6583351075154353,hysteresis supporting component
9,600.0,3.5,retracting,0.625,2,1,0.6383962043894638,12310.225,12228.75,12391.7,2.6208697040664255,hysteresis supporting component
9,600.0,3.5,retracting,0.875,2,1,0.8838726330456477,12023.264705882353,11959.0,12087.529411764706,2.5597753259276885,hysteresis supporting component
9,600.0,3.5,retracting,1.125,2,1,1.151784140658928,11298.3,11176.6,11420.0,2.405428997232276,hysteresis supporting component
9,600.0,3.5,retracting,1.375,2,1,1.405951144238485,11398.4375,11302.375,11494.5,2.4267484564615716,hysteresis supporting component
9,600.0,3.5,retracting,1.625,2,1,1.5910146101619551,11557.982142857143,11129.464285714286,11986.5,2.4607158064418018,hysteresis supporting component
9,600.0,3.5,retracting,1.875,2,1,1.9107334553044284,11253.166666666666,11082.916666666666,11423.416666666666,2.395820026967568,hysteresis supporting component
9,600.0,3.5,retracting,2.125,2,1,2.1247589580291386,11042.127450980392,11028.088235294117,11056.166666666666,2.3508893870513927,hysteresis supporting component
9,600.0,3.5,retracting,2.375,1,1,2.2674668336945176,10579.0,10579.0,10579.0,2.252288694911646,hysteresis supporting component
