session_id,test_group,roi,motion_phase,force_bin_N,frames,median_raw_force_N,median_force_N,median_light,median_light_per_pixel,baseline_id,camera_exposure,camera_gain,camera_brightness,camera_contrast,camera_saturation,camera_sharpness,camera_focus
2026-08-08_142130_319119_1_R1_TEST1,TEST1,1,idle,0.125,37,0.1494486822394235,0.1494486822394235,776.0,0.10633050150726227,baseline-94bc554616954e3e994c1b9ae607805d,-2.0,0.0,228.0,130.0,165.0,255.0,0.0
2026-08-08_142130_319119_1_R1_TEST1,TEST1,1,idle,0.375,42,0.34178087180093464,0.34178087180093464,1073.0,0.14702658262537682,baseline-94bc554616954e3e994c1b9ae607805d,-2.0,0.0,228.0,130.0,165.0,255.0,0.0
2026-08-08_142130_319119_1_R1_TEST1,TEST1,1,idle,0.625,50,0.6173308218547069,0.6173308218547069,1017.0,0.13935324746505892,baseline-94bc554616954e3e994c1b9ae607805d,-2.0,0.0,228.0,130.0,165.0,255.0,0.0
2026-08-08_142130_319119_1_R1_TEST1,TEST1,1,idle,0.875,60,0.8514471077714789,0.8514471077714789,1679.0,0.23006303096738834,baseline-94bc554616954e3e994c1b9ae607805d,-2.0,0.0,228.0,130.0,165.0,255.0,0.0
2026-08-08_142130_319119_1_R1_TEST1,TEST1,1,idle,1.125,66,1.122442521204682,1.122442521204682,2851.0,0.39065497396547,baseline-94bc554616954e3e994c1b9ae607805d,-2.0,0.0,228.0,130.0,165.0,255.0,0.0
2026-08-08_142130_319119_1_R1_TEST1,TEST1,1,idle,1.375,53,1.3908807029329904,1.3908807029329904,2924.0,0.40065771444231296,baseline-94bc554616954e3e994c1b9ae607805d,-2.0,0.0,228.0,130.0,165.0,255.0,0.0
2026-08-08_142130_319119_1_R1_TEST1,TEST1,1,idle,1.625,51,1.6013342550326484,1.6013342550326484,3246.0,0.4447793916141409,baseline-94bc554616954e3e994c1b9ae607805d,-2.0,0.0,228.0,130.0,165.0,255.0,0.0
2026-08-08_142130_319119_1_R1_TEST1,TEST1,1,idle,1.875,56,1.8651360172576128,1.8651360172576128,4382.0,0.6004384762948753,baseline-94bc554616954e3e994c1b9ae607805d,-2.0,0.0,228.0,130.0,165.0,255.0,0.0
2026-08-08_142130_319119_1_R1_TEST1,TEST1,1,idle,2.125,48,2.1126423810041532,2.1126423810041532,3289.0,0.4506714168265278,baseline-94bc554616954e3e994c1b9ae607805d,-2.0,0.0,228.0,130.0,165.0,255.0,0.0
2026-08-08_142130_319119_1_R1_TEST1,TEST1,1,idle,2.375,42,2.3600747903514954,2.3600747903514954,3936.0,0.5393258426966292,baseline-94bc554616954e3e994c1b9ae607805d,-2.0,0.0,228.0,130.0,165.0,255.0,0.0
2026-08-08_142130_319119_1_R1_TEST1,TEST1,1,idle,2.625,26,2.6316084183498853,2.6316084183498853,3574.5,0.48979172375993424,baseline-94bc554616954e3e994c1b9ae607805d,-2.0,0.0,228.0,130.0,165.0,255.0,0.0
2026-08-08_142130_319119_1_R1_TEST1,TEST1,1,idle,2.875,29,2.836662469198881,2.836662469198881,4759.0,0.6520964647848726,baseline-94bc554616954e3e994c1b9ae607805d,-2.0,0.0,228.0,130.0,165.0,255.0,0.0
2026-08-08_142130_319119_1_R1_TEST1,TEST1,1,idle,3.125,27,3.123216630970289,3.123216630970289,5438.0,0.745135653603727,baseline-94bc554616954e3e994c1b9ae607805d,-2.0,0.0,228.0,130.0,165.0,255.0,0.0
2026-08-08_142130_319119_1_R1_TEST1,TEST1,1,idle,3.375,34,3.381991926091163,3.381991926091163,3883.5,0.5321320909838312,baseline-94bc554616954e3e994c1b9ae607805d,-2.0,0.0,228.0,130.0,165.0,255.0,0.0
2026-08-08_142130_319119_1_R1_TEST1,TEST1,1,idle,3.625,37,3.5935037539497032,3.5935037539497032,2187.0,0.2996711427788435,baseline-94bc554616954e3e994c1b9ae607805d,-2.0,0.0,228.0,130.0,165.0,255.0,0.0
2026-08-08_142130_319119_1_R1_TEST1,TEST1,1,idle,3.875,37,3.880540533901733,3.880540533901733,2413.0,0.33063853110441216,baseline-94bc554616954e3e994c1b9ae607805d,-2.0,0.0,228.0,130.0,165.0,255.0,0.0
2026-08-08_142130_319119_1_R1_TEST1,TEST1,1,idle,4.125,33,4.137222268912664,4.137222268912664,2812.0,0.38531104412167716,baseline-94bc554616954e3e994c1b9ae607805d,-2.0,0.0,228.0,130.0,165.0,255.0,0.0
2026-08-08_142130_319119_1_R1_TEST1,TEST1,1,idle,4.375,30,4.372125821381381,4.372125821381381,2820.0,0.3864072348588654,baseline-94bc554616954e3e994c1b9ae607805d,-2.0,0.0,228.0,130.0,165.0,255.0,0.0
2026-08-08_142130_319119_1_R1_TEST1,TEST1,1,idle,4.625,28,4.5827735559601015,4.5827735559601015,3707.0,0.5079473828446149,baseline-94bc554616954e3e994c1b9ae607805d,-2.0,0.0,228.0,130.0,165.0,255.0,0.0
2026-08-08_142130_319119_1_R1_TEST1,TEST1,1,idle,4.875,19,4.861941133904217,4.861941133904217,3298.0,0.4519046314058646,baseline-94bc554616954e3e994c1b9ae607805d,-2.0,0.0,228.0,130.0,165.0,255.0,0.0
2026-08-08_142130_319119_1_R1_TEST1,TEST1,1,idle,5.125,29,5.105259432345887,5.105259432345887,2853.0,0.39092902164976706,baseline-94bc554616954e3e994c1b9ae607805d,-2.0,0.0,228.0,130.0,165.0,255.0,0.0
2026-08-08_142130_319119_1_R1_TEST1,TEST1,1,idle,5.375,23,5.4192940244017525,5.4192940244017525,1729.0,0.23691422307481502,baseline-94bc554616954e3e994c1b9ae607805d,-2.0,0.0,228.0,130.0,165.0,255.0,0.0
2026-08-08_142130_319119_1_R1_TEST1,TEST1,1,idle,5.625,14,5.620350954215605,5.620350954215605,5590.0,0.7659632776103042,baseline-94bc554616954e3e994c1b9ae607805d,-2.0,0.0,228.0,130.0,165.0,255.0,0.0
2026-08-08_142130_319119_1_R1_TEST1,TEST1,1,idle,5.875,13,5.919225352815624,5.919225352815624,9655.0,1.3229651959440942,baseline-94bc554616954e3e994c1b9ae607805d,-2.0,0.0,228.0,130.0,165.0,255.0,0.0
2026-08-08_142130_319119_1_R1_TEST1,TEST1,1,idle,6.125,21,6.117618018430789,6.117618018430789,9006.0,1.2340367223896958,baseline-94bc554616954e3e994c1b9ae607805d,-2.0,0.0,228.0,130.0,165.0,255.0,0.0
2026-08-08_142130_319119_1_R1_TEST1,TEST1,1,idle,6.375,15,6.313156842928054,6.313156842928054,10095.0,1.3832556864894492,baseline-94bc554616954e3e994c1b9ae607805d,-2.0,0.0,228.0,130.0,165.0,255.0,0.0
2026-08-08_142130_319119_1_R1_TEST1,TEST1,1,idle,6.625,18,6.635005717968665,6.635005717968665,7556.0,1.0353521512743216,baseline-94bc554616954e3e994c1b9ae607805d,-2.0,0.0,228.0,130.0,165.0,255.0,0.0
2026-08-08_142130_319119_1_R1_TEST1,TEST1,1,idle,6.875,10,6.90296554139641,6.90296554139641,4355.0,0.596738832556865,baseline-94bc554616954e3e994c1b9ae607805d,-2.0,0.0,228.0,130.0,165.0,255.0,0.0
2026-08-08_142130_319119_1_R1_TEST1,TEST1,1,idle,7.125,11,7.064701948555081,7.064701948555081,5920.0,0.8111811455193204,baseline-94bc554616954e3e994c1b9ae607805d,-2.0,0.0,228.0,130.0,165.0,255.0,0.0
2026-08-08_142130_319119_1_R1_TEST1,TEST1,1,idle,7.375,12,7.399136984777028,7.399136984777028,13185.5,1.806727870649493,baseline-94bc554616954e3e994c1b9ae607805d,-2.0,0.0,228.0,130.0,165.0,255.0,0.0
2026-08-08_142130_319119_1_R1_TEST1,TEST1,1,idle,7.625,10,7.6870638526531305,7.6870638526531305,4192.0,0.5744039462866539,baseline-94bc554616954e3e994c1b9ae607805d,-2.0,0.0,228.0,130.0,165.0,255.0,0.0
2026-08-08_142130_319119_1_R1_TEST1,TEST1,1,idle,7.875,14,7.837686065331928,7.837686065331928,5816.0,0.7969306659358728,baseline-94bc554616954e3e994c1b9ae607805d,-2.0,0.0,228.0,130.0,165.0,255.0,0.0
2026-08-08_142130_319119_1_R1_TEST1,TEST1,1,idle,8.125,18,8.160077656806505,8.160077656806505,7553.5,1.0350095916689503,baseline-94bc554616954e3e994c1b9ae607805d,-2.0,0.0,228.0,130.0,165.0,255.0,0.0
2026-08-08_142130_319119_1_R1_TEST1,TEST1,1,idle,8.375,13,8.422634107317048,8.422634107317048,7983.0,1.0938613318717456,baseline-94bc554616954e3e994c1b9ae607805d,-2.0,0.0,228.0,130.0,165.0,255.0,0.0
2026-08-08_142130_319119_1_R1_TEST1,TEST1,1,idle,8.625,8,8.669864182774115,8.669864182774115,17117.0,2.345437106056454,baseline-94bc554616954e3e994c1b9ae607805d,-2.0,0.0,228.0,130.0,165.0,255.0,0.0
2026-08-08_142130_319119_1_R1_TEST1,TEST1,1,idle,8.875,5,8.902832421460475,8.902832421460475,9588.0,1.3137845985201424,baseline-94bc554616954e3e994c1b9ae607805d,-2.0,0.0,228.0,130.0,165.0,255.0,0.0
2026-08-08_142130_319119_1_R1_TEST1,TEST1,1,idle,9.125,5,9.062322436246104,9.062322436246104,6241.0,0.8551657988489997,baseline-94bc554616954e3e994c1b9ae607805d,-2.0,0.0,228.0,130.0,165.0,255.0,0.0
2026-08-08_142130_319119_1_R1_TEST1,TEST1,1,idle,9.375,9,9.361322418433565,9.361322418433565,6056.0,0.8298163880515209,baseline-94bc554616954e3e994c1b9ae607805d,-2.0,0.0,228.0,130.0,165.0,255.0,0.0
2026-08-08_142130_319119_1_R1_TEST1,TEST1,1,idle,9.625,6,9.576688781756367,9.576688781756367,11773.5,1.6132502055357634,baseline-94bc554616954e3e994c1b9ae607805d,-2.0,0.0,228.0,130.0,165.0,255.0,0.0
2026-08-08_142130_319119_1_R1_TEST1,TEST1,1,idle,9.875,9,9.812517437744672,9.812517437744672,2767.0,0.37914497122499313,baseline-94bc554616954e3e994c1b9ae607805d,-2.0,0.0,228.0,130.0,165.0,255.0,0.0
2026-08-08_142130_319119_1_R1_TEST1,TEST1,1,idle,10.125,10,10.159195854511454,10.159195854511454,10886.0,1.4916415456289394,baseline-94bc554616954e3e994c1b9ae607805d,-2.0,0.0,228.0,130.0,165.0,255.0,0.0
2026-08-08_142130_319119_1_R1_TEST1,TEST1,1,idle,10.375,4,10.353621101737783,10.353621101737783,4982.0,0.6826527815839956,baseline-94bc554616954e3e994c1b9ae607805d,-2.0,0.0,228.0,130.0,165.0,255.0,0.0
2026-08-08_142130_319119_1_R1_TEST1,TEST1,1,idle,10.625,9,10.658513930148317,10.658513930148317,3000.0,0.4110715264456015,baseline-94bc554616954e3e994c1b9ae607805d,-2.0,0.0,228.0,130.0,165.0,255.0,0.0
2026-08-08_142130_319119_1_R1_TEST1,TEST1,1,idle,10.875,6,10.898399670331562,10.898399670331562,3834.5,0.525417922718553,baseline-94bc554616954e3e994c1b9ae607805d,-2.0,0.0,228.0,130.0,165.0,255.0,0.0
2026-08-08_142130_319119_1_R1_TEST1,TEST1,1,idle,11.125,8,11.124007007304442,11.124007007304442,4002.5,0.5484379281995067,baseline-94bc554616954e3e994c1b9ae607805d,-2.0,0.0,228.0,130.0,165.0,255.0,0.0
2026-08-08_142130_319119_1_R1_TEST1,TEST1,1,idle,11.375,7,11.308733539920054,11.308733539920054,1794.0,0.2458207728144697,baseline-94bc554616954e3e994c1b9ae607805d,-2.0,0.0,228.0,130.0,165.0,255.0,0.0
2026-08-08_142130_319119_1_R1_TEST1,TEST1,1,idle,11.625,3,11.549413542861949,11.549413542861949,9657.0,1.3232392436283913,baseline-94bc554616954e3e994c1b9ae607805d,-2.0,0.0,228.0,130.0,165.0,255.0,0.0
2026-08-08_142130_319119_1_R1_TEST1,TEST1,1,idle,11.875,7,11.85907807223005,11.85907807223005,3587.0,0.4915045217867909,baseline-94bc554616954e3e994c1b9ae607805d,-2.0,0.0,228.0,130.0,165.0,255.0,0.0
2026-08-08_142130_319119_1_R1_TEST1,TEST1,1,idle,12.125,5,12.125341984890198,12.125341984890198,5173.0,0.7088243354343656,baseline-94bc554616954e3e994c1b9ae607805d,-2.0,0.0,228.0,130.0,165.0,255.0,0.0
2026-08-08_142130_319119_1_R1_TEST1,TEST1,1,idle,12.375,4,12.443446097646689,12.443446097646689,7261.0,0.9949301178405042,baseline-94bc554616954e3e994c1b9ae607805d,-2.0,0.0,228.0,130.0,165.0,255.0,0.0
2026-08-08_142130_319119_1_R1_TEST1,TEST1,1,idle,12.625,5,12.523224571089742,12.523224571089742,7936.0,1.0874212112907646,baseline-94bc554616954e3e994c1b9ae607805d,-2.0,0.0,228.0,130.0,165.0,255.0,0.0
2026-08-08_142130_319119_1_R1_TEST1,TEST1,1,idle,12.875,3,12.96415947466783,12.96415947466783,2331.0,0.3194025760482324,baseline-94bc554616954e3e994c1b9ae607805d,-2.0,0.0,228.0,130.0,165.0,255.0,0.0
2026-08-08_142130_319119_1_R1_TEST1,TEST1,1,idle,13.125,5,13.11524794596074,13.11524794596074,3578.0,0.4902713072074541,baseline-94bc554616954e3e994c1b9ae607805d,-2.0,0.0,228.0,130.0,165.0,255.0,0.0
2026-08-08_142130_319119_1_R1_TEST1,TEST1,1,idle,13.375,4,13.422859712641838,13.422859712641838,2712.5,0.37167717182789806,baseline-94bc554616954e3e994c1b9ae607805d,-2.0,0.0,228.0,130.0,165.0,255.0,0.0
2026-08-08_142130_319119_1_R1_TEST1,TEST1,1,idle,13.625,9,13.667196665783116,13.667196665783116,11375.0,1.5586462044395726,baseline-94bc554616954e3e994c1b9ae607805d,-2.0,0.0,228.0,130.0,165.0,255.0,0.0
2026-08-08_142130_319119_1_R1_TEST1,TEST1,1,idle,13.875,5,13.933299343541435,13.933299343541435,3117.0,0.42710331597698,baseline-94bc554616954e3e994c1b9ae607805d,-2.0,0.0,228.0,130.0,165.0,255.0,0.0
2026-08-08_142130_319119_1_R1_TEST1,TEST1,1,idle,14.125,4,14.16057025916988,14.16057025916988,3218.0,0.44094272403398194,baseline-94bc554616954e3e994c1b9ae607805d,-2.0,0.0,228.0,130.0,165.0,255.0,0.0
2026-08-08_142130_319119_1_R1_TEST1,TEST1,1,idle,14.375,3,14.359099023335569,14.359099023335569,5578.0,0.7643189915045218,baseline-94bc554616954e3e994c1b9ae607805d,-2.0,0.0,228.0,130.0,165.0,255.0,0.0
2026-08-08_142130_319119_1_R1_TEST1,TEST1,1,idle,14.625,4,14.646241085186988,14.646241085186988,7893.5,1.081597697999452,baseline-94bc554616954e3e994c1b9ae607805d,-2.0,0.0,228.0,130.0,165.0,255.0,0.0
2026-08-08_142130_319119_1_R1_TEST1,TEST1,1,idle,14.875,4,14.897141823185475,14.897141823185475,3707.0,0.507947382844615,baseline-94bc554616954e3e994c1b9ae607805d,-2.0,0.0,228.0,130.0,165.0,255.0,0.0
2026-08-08_142601_715359_1_R2_TEST1,TEST1,2,idle,0.125,26,0.00351184630381615,0.00351184630381615,896.5,0.11915204678362573,baseline-94bc554616954e3e994c1b9ae607805d,-2.0,0.0,228.0,130.0,165.0,255.0,0.0
2026-08-08_142601_715359_1_R2_TEST1,TEST1,2,idle,0.375,5,0.3566121242696731,0.3566121242696731,694.0,0.0922381711855396,baseline-94bc554616954e3e994c1b9ae607805d,-2.0,0.0,228.0,130.0,165.0,255.0,0.0
2026-08-08_142601_715359_1_R2_TEST1,TEST1,2,idle,0.625,8,0.5819312134425902,0.5819312134425902,879.5,0.11689261031366294,baseline-94bc554616954e3e994c1b9ae607805d,-2.0,0.0,228.0,130.0,165.0,255.0,0.0
2026-08-08_142601_715359_1_R2_TEST1,TEST1,2,idle,0.875,30,0.9164442830796626,0.9164442830796626,1105.5,0.14692982456140352,baseline-94bc554616954e3e994c1b9ae607805d,-2.0,0.0,228.0,130.0,165.0,255.0,0.0
2026-08-08_142601_715359_1_R2_TEST1,TEST1,2,idle,1.125,38,1.1613662058911691,1.1613662058911691,982.5,0.13058213716108452,baseline-94bc554616954e3e994c1b9ae607805d,-2.0,0.0,228.0,130.0,165.0,255.0,0.0
2026-08-08_142601_715359_1_R2_TEST1,TEST1,2,idle,1.375,50,1.406560311091209,1.406560311091209,1678.0,0.22301967038809145,baseline-94bc554616954e3e994c1b9ae607805d,-2.0,0.0,228.0,130.0,165.0,255.0,0.0
2026-08-08_142601_715359_1_R2_TEST1,TEST1,2,idle,1.625,38,1.6258481270882825,1.6258481270882825,2148.5,0.28555289739500267,baseline-94bc554616954e3e994c1b9ae607805d,-2.0,0.0,228.0,130.0,165.0,255.0,0.0
2026-08-08_142601_715359_1_R2_TEST1,TEST1,2,idle,1.875,54,1.8640134118746188,1.8640134118746188,2088.5,0.2775784157363105,baseline-94bc554616954e3e994c1b9ae607805d,-2.0,0.0,228.0,130.0,165.0,255.0,0.0
2026-08-08_142601_715359_1_R2_TEST1,TEST1,2,idle,2.125,31,2.120409959439824,2.120409959439824,2356.0,0.31313131313131315,baseline-94bc554616954e3e994c1b9ae607805d,-2.0,0.0,228.0,130.0,165.0,255.0,0.0
2026-08-08_142601_715359_1_R2_TEST1,TEST1,2,idle,2.375,31,2.3791218492180684,2.3791218492180684,3009.0,0.39992025518341306,baseline-94bc554616954e3e994c1b9ae607805d,-2.0,0.0,228.0,130.0,165.0,255.0,0.0
2026-08-08_142601_715359_1_R2_TEST1,TEST1,2,idle,2.625,30,2.6305528770101674,2.6305528770101674,3057.5,0.40636629452418926,baseline-94bc554616954e3e994c1b9ae607805d,-2.0,0.0,228.0,130.0,165.0,255.0,0.0
2026-08-08_142601_715359_1_R2_TEST1,TEST1,2,idle,2.875,26,2.9034816385597084,2.9034816385597084,2562.5,0.34057682083997876,baseline-94bc554616954e3e994c1b9ae607805d,-2.0,0.0,228.0,130.0,165.0,255.0,0.0
2026-08-08_142601_715359_1_R2_TEST1,TEST1,2,idle,3.125,22,3.0973255064329708,3.0973255064329708,3359.0,0.4464380648591175,baseline-94bc554616954e3e994c1b9ae607805d,-2.0,0.0,228.0,130.0,165.0,255.0,0.0
2026-08-08_142601_715359_1_R2_TEST1,TEST1,2,idle,3.375,20,3.3752629608361255,3.3752629608361255,3193.0,0.4243753322700691,baseline-94bc554616954e3e994c1b9ae607805d,-2.0,0.0,228.0,130.0,165.0,255.0,0.0
2026-08-08_142601_715359_1_R2_TEST1,TEST1,2,idle,3.625,28,3.6265989608418074,3.6265989608418074,3936.0,0.5231259968102073,baseline-94bc554616954e3e994c1b9ae607805d,-2.0,0.0,228.0,130.0,165.0,255.0,0.0
2026-08-08_142601_715359_1_R2_TEST1,TEST1,2,idle,3.875,25,3.897573117246707,3.897573117246707,2786.0,0.3702817650186071,baseline-94bc554616954e3e994c1b9ae607805d,-2.0,0.0,228.0,130.0,165.0,255.0,0.0
2026-08-08_142601_715359_1_R2_TEST1,TEST1,2,idle,4.125,33,4.110213461348592,4.110213461348592,1852.0,0.24614566719829878,baseline-94bc554616954e3e994c1b9ae607805d,-2.0,0.0,228.0,130.0,165.0,255.0,0.0
2026-08-08_142601_715359_1_R2_TEST1,TEST1,2,idle,4.375,44,4.3629513852234165,4.3629513852234165,2049.0,0.2723285486443381,baseline-94bc554616954e3e994c1b9ae607805d,-2.0,0.0,228.0,130.0,165.0,255.0,0.0
2026-08-08_142601_715359_1_R2_TEST1,TEST1,2,idle,4.625,35,4.637495146469012,4.637495146469012,3186.0,0.423444976076555,baseline-94bc554616954e3e994c1b9ae607805d,-2.0,0.0,228.0,130.0,165.0,255.0,0.0
2026-08-08_142601_715359_1_R2_TEST1,TEST1,2,idle,4.875,36,4.86198833164435,4.86198833164435,1378.5,0.18321371610845294,baseline-94bc554616954e3e994c1b9ae607805d,-2.0,0.0,228.0,130.0,165.0,255.0,0.0
2026-08-08_142601_715359_1_R2_TEST1,TEST1,2,idle,5.125,23,5.150274396812856,5.150274396812856,1853.0,0.24627857522594365,baseline-94bc554616954e3e994c1b9ae607805d,-2.0,0.0,228.0,130.0,165.0,255.0,0.0
2026-08-08_142601_715359_1_R2_TEST1,TEST1,2,idle,5.375,19,5.325912854629282,5.325912854629282,2525.0,0.3355927698032961,baseline-94bc554616954e3e994c1b9ae607805d,-2.0,0.0,228.0,130.0,165.0,255.0,0.0
2026-08-08_142601_715359_1_R2_TEST1,TEST1,2,idle,5.625,18,5.616260232805999,5.616260232805999,1907.5,0.25352206273258904,baseline-94bc554616954e3e994c1b9ae607805d,-2.0,0.0,228.0,130.0,165.0,255.0,0.0
2026-08-08_142601_715359_1_R2_TEST1,TEST1,2,idle,5.875,17,5.855294348979656,5.855294348979656,4512.0,0.5996810207336523,baseline-94bc554616954e3e994c1b9ae607805d,-2.0,0.0,228.0,130.0,165.0,255.0,0.0
2026-08-08_142601_715359_1_R2_TEST1,TEST1,2,idle,6.125,23,6.131129528604693,6.131129528604693,2276.0,0.30249867091972354,baseline-94bc554616954e3e994c1b9ae607805d,-2.0,0.0,228.0,130.0,165.0,255.0,0.0
2026-08-08_142601_715359_1_R2_TEST1,TEST1,2,idle,6.375,20,6.358142206416997,6.358142206416997,1896.5,0.2520600744284955,baseline-94bc554616954e3e994c1b9ae607805d,-2.0,0.0,228.0,130.0,165.0,255.0,0.0
2026-08-08_142601_715359_1_R2_TEST1,TEST1,2,idle,6.625,25,6.61953633016969,6.61953633016969,3298.0,0.43833067517278046,baseline-94bc554616954e3e994c1b9ae607805d,-2.0,0.0,228.0,130.0,165.0,255.0,0.0
2026-08-08_142601_715359_1_R2_TEST1,TEST1,2,idle,6.875,24,6.931988731046562,6.931988731046562,2966.5,0.3942716640085061,baseline-94bc554616954e3e994c1b9ae607805d,-2.0,0.0,228.0,130.0,165.0,255.0,0.0
2026-08-08_142601_715359_1_R2_TEST1,TEST1,2,idle,7.125,18,7.127295519531448,7.127295519531448,2664.0,0.354066985645933,baseline-94bc554616954e3e994c1b9ae607805d,-2.0,0.0,228.0,130.0,165.0,255.0,0.0
2026-08-08_142601_715359_1_R2_TEST1,TEST1,2,idle,7.375,7,7.452959310875742,7.452959310875742,5218.0,0.6935140882509303,baseline-94bc554616954e3e994c1b9ae607805d,-2.0,0.0,228.0,130.0,165.0,255.0,0.0
2026-08-08_142601_715359_1_R2_TEST1,TEST1,2,idle,7.625,11,7.659932506097775,7.659932506097775,2559.0,0.3401116427432217,baseline-94bc554616954e3e994c1b9ae607805d,-2.0,0.0,228.0,130.0,165.0,255.0,0.0
2026-08-08_142601_715359_1_R2_TEST1,TEST1,2,idle,7.875,14,7.880741084121363,7.880741084121363,2249.5,0.29897660818713445,baseline-94bc554616954e3e994c1b9ae607805d,-2.0,0.0,228.0,130.0,165.0,255.0,0.0
2026-08-08_142601_715359_1_R2_TEST1,TEST1,2,idle,8.125,13,8.16320206163362,8.16320206163362,3364.0,0.44710260499734183,baseline-94bc554616954e3e994c1b9ae607805d,-2.0,0.0,228.0,130.0,165.0,255.0,0.0
2026-08-08_142601_715359_1_R2_TEST1,TEST1,2,idle,8.375,11,8.351874639065707,8.351874639065707,2092.0,0.27804359383306754,baseline-94bc554616954e3e994c1b9ae607805d,-2.0,0.0,228.0,130.0,165.0,255.0,0.0
2026-08-08_142601_715359_1_R2_TEST1,TEST1,2,idle,8.625,18,8.643030441192916,8.643030441192916,2245.0,0.29837852206273263,baseline-94bc554616954e3e994c1b9ae607805d,-2.0,0.0,228.0,130.0,165.0,255.0,0.0
2026-08-08_142601_715359_1_R2_TEST1,TEST1,2,idle,8.875,12,8.852671017184917,8.852671017184917,1425.5,0.18946039340776183,baseline-94bc554616954e3e994c1b9ae607805d,-2.0,0.0,228.0,130.0,165.0,255.0,0.0
2026-08-08_142601_715359_1_R2_TEST1,TEST1,2,idle,9.125,12,9.083776255553696,9.083776255553696,3253.0,0.4323498139287613,baseline-94bc554616954e3e994c1b9ae607805d,-2.0,0.0,228.0,130.0,165.0,255.0,0.0
2026-08-08_142601_715359_1_R2_TEST1,TEST1,2,idle,9.375,16,9.37316216070068,9.37316216070068,2460.5,0.32702020202020204,baseline-94bc554616954e3e994c1b9ae607805d,-2.0,0.0,228.0,130.0,165.0,255.0,0.0
2026-08-08_142601_715359_1_R2_TEST1,TEST1,2,idle,9.625,18,9.625641534368174,9.625641534368174,3084.0,0.4098883572567783,baseline-94bc554616954e3e994c1b9ae607805d,-2.0,0.0,228.0,130.0,165.0,255.0,0.0
2026-08-08_142601_715359_1_R2_TEST1,TEST1,2,idle,9.875,16,9.894752087733178,9.894752087733178,2352.5,0.3126661350345561,baseline-94bc554616954e3e994c1b9ae607805d,-2.0,0.0,228.0,130.0,165.0,255.0,0.0
2026-08-08_142601_715359_1_R2_TEST1,TEST1,2,idle,10.125,17,10.125081867778055,10.125081867778055,2153.0,0.28615098351940454,baseline-94bc554616954e3e994c1b9ae607805d,-2.0,0.0,228.0,130.0,165.0,255.0,0.0
2026-08-08_142601_715359_1_R2_TEST1,TEST1,2,idle,10.375,13,10.35474167154637,10.35474167154637,1464.0,0.19457735247208932,baseline-94bc554616954e3e994c1b9ae607805d,-2.0,0.0,228.0,130.0,165.0,255.0,0.0
2026-08-08_142601_715359_1_R2_TEST1,TEST1,2,idle,10.625,11,10.620310868131394,10.620310868131394,1239.0,0.1646730462519936,baseline-94bc554616954e3e994c1b9ae607805d,-2.0,0.0,228.0,130.0,165.0,255.0,0.0
2026-08-08_142601_715359_1_R2_TEST1,TEST1,2,idle,10.875,13,10.83284368849262,10.83284368849262,1252.0,0.16640085061137694,baseline-94bc554616954e3e994c1b9ae607805d,-2.0,0.0,228.0,130.0,165.0,255.0,0.0
2026-08-08_142601_715359_1_R2_TEST1,TEST1,2,idle,11.125,10,11.063199869758344,11.063199869758344,1919.0,0.2550505050505051,baseline-94bc554616954e3e994c1b9ae607805d,-2.0,0.0,228.0,130.0,165.0,255.0,0.0
2026-08-08_142601_715359_1_R2_TEST1,TEST1,2,idle,11.375,8,11.344667004237348,11.344667004237348,3279.5,0.43587187666135035,baseline-94bc554616954e3e994c1b9ae607805d,-2.0,0.0,228.0,130.0,165.0,255.0,0.0
2026-08-08_142601_715359_1_R2_TEST1,TEST1,2,idle,11.625,7,11.590471794694356,11.590471794694356,842.0,0.11190855927698033,baseline-94bc554616954e3e994c1b9ae607805d,-2.0,0.0,228.0,130.0,165.0,255.0,0.0
2026-08-08_142601_715359_1_R2_TEST1,TEST1,2,idle,11.875,7,11.835915606927554,11.835915606927554,1099.0,0.14606592238171184,baseline-94bc554616954e3e994c1b9ae607805d,-2.0,0.0,228.0,130.0,165.0,255.0,0.0
2026-08-08_142601_715359_1_R2_TEST1,TEST1,2,idle,12.125,2,12.08905253249126,12.08905253249126,1038.5,0.13802498670919724,baseline-94bc554616954e3e994c1b9ae607805d,-2.0,0.0,228.0,130.0,165.0,255.0,0.0
2026-08-08_142601_715359_1_R2_TEST1,TEST1,2,idle,12.625,2,12.59959995160374,12.59959995160374,409.0,0.054359383306751725,baseline-94bc554616954e3e994c1b9ae607805d,-2.0,0.0,228.0,130.0,165.0,255.0,0.0
2026-08-08_142601_715359_1_R2_TEST1,TEST1,2,idle,12.875,4,12.82515882229275,12.82515882229275,282.5,0.0375465178096757,baseline-94bc554616954e3e994c1b9ae607805d,-2.0,0.0,228.0,130.0,165.0,255.0,0.0
2026-08-08_142601_715359_1_R2_TEST1,TEST1,2,idle,13.125,8,13.086258412330071,13.086258412330071,3013.5,0.400518341307815,baseline-94bc554616954e3e994c1b9ae607805d,-2.0,0.0,228.0,130.0,165.0,255.0,0.0
2026-08-08_142601_715359_1_R2_TEST1,TEST1,2,idle,13.375,2,13.31399888441225,13.31399888441225,875.0,0.11629452418926103,baseline-94bc554616954e3e994c1b9ae607805d,-2.0,0.0,228.0,130.0,165.0,255.0,0.0
2026-08-08_142601_715359_1_R2_TEST1,TEST1,2,idle,13.625,5,13.626246686718147,13.626246686718147,1659.0,0.2204944178628389,baseline-94bc554616954e3e994c1b9ae607805d,-2.0,0.0,228.0,130.0,165.0,255.0,0.0
2026-08-08_142601_715359_1_R2_TEST1,TEST1,2,idle,13.875,2,13.901588047773362,13.901588047773362,3870.5,0.5144205209994683,baseline-94bc554616954e3e994c1b9ae607805d,-2.0,0.0,228.0,130.0,165.0,255.0,0.0
2026-08-08_142601_715359_1_R2_TEST1,TEST1,2,idle,14.125,4,14.19076651423309,14.19076651423309,3229.0,0.4291600212652844,baseline-94bc554616954e3e994c1b9ae607805d,-2.0,0.0,228.0,130.0,165.0,255.0,0.0
2026-08-08_142601_715359_1_R2_TEST1,TEST1,2,idle,14.375,4,14.374898518614788,14.374898518614788,2868.5,0.38124667729930883,baseline-94bc554616954e3e994c1b9ae607805d,-2.0,0.0,228.0,130.0,165.0,255.0,0.0
2026-08-08_142601_715359_1_R2_TEST1,TEST1,2,idle,14.625,1,14.620414001992634,14.620414001992634,0.0,0.0,baseline-94bc554616954e3e994c1b9ae607805d,-2.0,0.0,228.0,130.0,165.0,255.0,0.0
2026-08-08_142601_715359_1_R2_TEST1,TEST1,2,idle,14.875,3,14.970188255753488,14.970188255753488,0.0,0.0,baseline-94bc554616954e3e994c1b9ae607805d,-2.0,0.0,228.0,130.0,165.0,255.0,0.0
2026-08-08_143408_738677_1_R3_TEST1,TEST1,3,idle,0.125,26,0.0031931185291674,0.0031931185291674,1125.5,0.20005332385353713,baseline-94bc554616954e3e994c1b9ae607805d,-2.0,0.0,228.0,130.0,165.0,255.0,0.0
2026-08-08_143408_738677_1_R3_TEST1,TEST1,3,idle,0.625,2,0.6042397781723788,0.6042397781723788,1253.5,0.22280483469605405,baseline-94bc554616954e3e994c1b9ae607805d,-2.0,0.0,228.0,130.0,165.0,255.0,0.0
2026-08-08_143408_738677_1_R3_TEST1,TEST1,3,idle,0.875,1,0.9497064903383724,0.9497064903383724,1146.0,0.203697120511909,baseline-94bc554616954e3e994c1b9ae607805d,-2.0,0.0,228.0,130.0,165.0,255.0,0.0
2026-08-08_143408_738677_1_R3_TEST1,TEST1,3,idle,1.125,2,1.1515968674538577,1.1515968674538577,1903.5,0.3383398506932101,baseline-94bc554616954e3e994c1b9ae607805d,-2.0,0.0,228.0,130.0,165.0,255.0,0.0
2026-08-08_143408_738677_1_R3_TEST1,TEST1,3,idle,1.375,4,1.4242584987430478,1.4242584987430478,1516.0,0.2694632065410594,baseline-94bc554616954e3e994c1b9ae607805d,-2.0,0.0,228.0,130.0,165.0,255.0,0.0
2026-08-08_143408_738677_1_R3_TEST1,TEST1,3,idle,1.625,7,1.553332942820143,1.553332942820143,1941.0,0.3450053323853537,baseline-94bc554616954e3e994c1b9ae607805d,-2.0,0.0,228.0,130.0,165.0,255.0,0.0
2026-08-08_143408_738677_1_R3_TEST1,TEST1,3,idle,1.875,3,1.9851359645728213,1.9851359645728213,1476.0,0.2623533594027728,baseline-94bc554616954e3e994c1b9ae607805d,-2.0,0.0,228.0,130.0,165.0,255.0,0.0
2026-08-08_143408_738677_1_R3_TEST1,TEST1,3,idle,2.125,17,2.179225789558129,2.179225789558129,2535.0,0.45058656238890865,baseline-94bc554616954e3e994c1b9ae607805d,-2.0,0.0,228.0,130.0,165.0,255.0,0.0
2026-08-08_143408_738677_1_R3_TEST1,TEST1,3,idle,2.375,16,2.4253858356296902,2.4253858356296902,2435.0,0.43281194454319233,baseline-94bc554616954e3e994c1b9ae607805d,-2.0,0.0,228.0,130.0,165.0,255.0,0.0
2026-08-08_143408_738677_1_R3_TEST1,TEST1,3,idle,2.625,25,2.6488779583052278,2.6488779583052278,2849.0,0.5063988624244579,baseline-94bc554616954e3e994c1b9ae607805d,-2.0,0.0,228.0,130.0,165.0,255.0,0.0
2026-08-08_143408_738677_1_R3_TEST1,TEST1,3,idle,2.875,33,2.871579812970323,2.871579812970323,2543.0,0.4520085318165659,baseline-94bc554616954e3e994c1b9ae607805d,-2.0,0.0,228.0,130.0,165.0,255.0,0.0
2026-08-08_143408_738677_1_R3_TEST1,TEST1,3,idle,3.125,39,3.114219288293407,3.114219288293407,4407.0,0.7833274084607181,baseline-94bc554616954e3e994c1b9ae607805d,-2.0,0.0,228.0,130.0,165.0,255.0,0.0
2026-08-08_143408_738677_1_R3_TEST1,TEST1,3,idle,3.375,37,3.359688075791849,3.359688075791849,3823.0,0.6795236402417348,baseline-94bc554616954e3e994c1b9ae607805d,-2.0,0.0,228.0,130.0,165.0,255.0,0.0
2026-08-08_143408_738677_1_R3_TEST1,TEST1,3,idle,3.625,25,3.6353355129442417,3.6353355129442417,4511.0,0.801813011020263,baseline-94bc554616954e3e994c1b9ae607805d,-2.0,0.0,228.0,130.0,165.0,255.0,0.0
2026-08-08_143408_738677_1_R3_TEST1,TEST1,3,idle,3.875,29,3.857216007994891,3.857216007994891,4437.0,0.788659793814433,baseline-94bc554616954e3e994c1b9ae607805d,-2.0,0.0,228.0,130.0,165.0,255.0,0.0
2026-08-08_143408_738677_1_R3_TEST1,TEST1,3,idle,4.125,36,4.101628873097107,4.101628873097107,3370.5,0.5990934944898685,baseline-94bc554616954e3e994c1b9ae607805d,-2.0,0.0,228.0,130.0,165.0,255.0,0.0
2026-08-08_143408_738677_1_R3_TEST1,TEST1,3,idle,4.375,38,4.384127642677804,4.384127642677804,4192.0,0.745111980092428,baseline-94bc554616954e3e994c1b9ae607805d,-2.0,0.0,228.0,130.0,165.0,255.0,0.0
2026-08-08_143408_738677_1_R3_TEST1,TEST1,3,idle,4.625,41,4.623708582816869,4.623708582816869,5400.0,0.9598293636686811,baseline-94bc554616954e3e994c1b9ae607805d,-2.0,0.0,228.0,130.0,165.0,255.0,0.0
2026-08-08_143408_738677_1_R3_TEST1,TEST1,3,idle,4.875,29,4.892864009738299,4.892864009738299,5523.0,0.9816921436189122,baseline-94bc554616954e3e994c1b9ae607805d,-2.0,0.0,228.0,130.0,165.0,255.0,0.0
2026-08-08_143408_738677_1_R3_TEST1,TEST1,3,idle,5.125,37,5.138799715010681,5.138799715010681,5970.0,1.061144685389264,baseline-94bc554616954e3e994c1b9ae607805d,-2.0,0.0,228.0,130.0,165.0,255.0,0.0
2026-08-08_143408_738677_1_R3_TEST1,TEST1,3,idle,5.375,30,5.3459020068471235,5.3459020068471235,4103.0,0.7292925702097405,baseline-94bc554616954e3e994c1b9ae607805d,-2.0,0.0,228.0,130.0,165.0,255.0,0.0
2026-08-08_143408_738677_1_R3_TEST1,TEST1,3,idle,5.625,35,5.598398207058559,5.598398207058559,5514.0,0.9800924280127977,baseline-94bc554616954e3e994c1b9ae607805d,-2.0,0.0,228.0,130.0,165.0,255.0,0.0
2026-08-08_143408_738677_1_R3_TEST1,TEST1,3,idle,5.875,36,5.88712526249915,5.88712526249915,4750.5,0.8443832207607537,baseline-94bc554616954e3e994c1b9ae607805d,-2.0,0.0,228.0,130.0,165.0,255.0,0.0
2026-08-08_143408_738677_1_R3_TEST1,TEST1,3,idle,6.125,34,6.177546378057414,6.177546378057414,6507.5,1.1566832563099894,baseline-94bc554616954e3e994c1b9ae607805d,-2.0,0.0,228.0,130.0,165.0,255.0,0.0
2026-08-08_143408_738677_1_R3_TEST1,TEST1,3,idle,6.375,27,6.373266887646788,6.373266887646788,5028.0,0.8937077852826164,baseline-94bc554616954e3e994c1b9ae607805d,-2.0,0.0,228.0,130.0,165.0,255.0,0.0
2026-08-08_143408_738677_1_R3_TEST1,TEST1,3,idle,6.625,31,6.641352121860409,6.641352121860409,4025.0,0.7154283682900817,baseline-94bc554616954e3e994c1b9ae607805d,-2.0,0.0,228.0,130.0,165.0,255.0,0.0
2026-08-08_143408_738677_1_R3_TEST1,TEST1,3,idle,6.875,31,6.859740386050726,6.859740386050726,5340.0,0.9491645929612513,baseline-94bc554616954e3e994c1b9ae607805d,-2.0,0.0,228.0,130.0,165.0,255.0,0.0
2026-08-08_143408_738677_1_R3_TEST1,TEST1,3,idle,7.125,17,7.144035849688762,7.144035849688762,5406.0,0.9608958407394241,baseline-94bc554616954e3e994c1b9ae607805d,-2.0,0.0,228.0,130.0,165.0,255.0,0.0
2026-08-08_143408_738677_1_R3_TEST1,TEST1,3,idle,7.375,26,7.3963852275033135,7.3963852275033135,6024.0,1.070742979025951,baseline-94bc554616954e3e994c1b9ae607805d,-2.0,0.0,228.0,130.0,165.0,255.0,0.0
2026-08-08_143408_738677_1_R3_TEST1,TEST1,3,idle,7.625,16,7.612688163171471,7.612688163171471,5143.0,0.9141485958051903,baseline-94bc554616954e3e994c1b9ae607805d,-2.0,0.0,228.0,130.0,165.0,255.0,0.0
2026-08-08_143408_738677_1_R3_TEST1,TEST1,3,idle,7.875,18,7.877048229894102,7.877048229894102,4417.5,0.7851937433345183,baseline-94bc554616954e3e994c1b9ae607805d,-2.0,0.0,228.0,130.0,165.0,255.0,0.0
2026-08-08_143408_738677_1_R3_TEST1,TEST1,3,idle,8.125,23,8.125939936555259,8.125939936555259,7293.0,1.296302879488091,baseline-94bc554616954e3e994c1b9ae607805d,-2.0,0.0,228.0,130.0,165.0,255.0,0.0
2026-08-08_143408_738677_1_R3_TEST1,TEST1,3,idle,8.375,8,8.419030625418115,8.419030625418115,8309.5,1.4769818698897974,baseline-94bc554616954e3e994c1b9ae607805d,-2.0,0.0,228.0,130.0,165.0,255.0,0.0
2026-08-08_143408_738677_1_R3_TEST1,TEST1,3,idle,8.625,11,8.603338452216788,8.603338452216788,7483.0,1.330074653394952,baseline-94bc554616954e3e994c1b9ae607805d,-2.0,0.0,228.0,130.0,165.0,255.0,0.0
2026-08-08_143408_738677_1_R3_TEST1,TEST1,3,idle,8.875,12,8.91417299441925,8.91417299441925,5667.0,1.0072875933167438,baseline-94bc554616954e3e994c1b9ae607805d,-2.0,0.0,228.0,130.0,165.0,255.0,0.0
2026-08-08_143408_738677_1_R3_TEST1,TEST1,3,idle,9.125,10,9.136525991647524,9.136525991647524,7079.0,1.2582651972982581,baseline-94bc554616954e3e994c1b9ae607805d,-2.0,0.0,228.0,130.0,165.0,255.0,0.0
2026-08-08_143408_738677_1_R3_TEST1,TEST1,3,idle,9.375,11,9.333469918767014,9.333469918767014,7685.0,1.365979381443299,baseline-94bc554616954e3e994c1b9ae607805d,-2.0,0.0,228.0,130.0,165.0,255.0,0.0
2026-08-08_143408_738677_1_R3_TEST1,TEST1,3,idle,9.625,9,9.611321966202263,9.611321966202263,8267.0,1.469427657305368,baseline-94bc554616954e3e994c1b9ae607805d,-2.0,0.0,228.0,130.0,165.0,255.0,0.0
2026-08-08_143408_738677_1_R3_TEST1,TEST1,3,idle,9.875,14,9.859094986669074,9.859094986669074,5037.0,0.8953075008887308,baseline-94bc554616954e3e994c1b9ae607805d,-2.0,0.0,228.0,130.0,165.0,255.0,0.0
2026-08-08_143408_738677_1_R3_TEST1,TEST1,3,idle,10.125,8,10.100922243998106,10.100922243998106,5256.5,0.9343227870600782,baseline-94bc554616954e3e994c1b9ae607805d,-2.0,0.0,228.0,130.0,165.0,255.0,0.0
2026-08-08_143408_738677_1_R3_TEST1,TEST1,3,idle,10.375,5,10.367503354006654,10.367503354006654,8826.0,1.568787771062922,baseline-94bc554616954e3e994c1b9ae607805d,-2.0,0.0,228.0,130.0,165.0,255.0,0.0
2026-08-08_143408_738677_1_R3_TEST1,TEST1,3,idle,10.625,14,10.623900679206017,10.623900679206017,6203.5,1.1026484180590117,baseline-94bc554616954e3e994c1b9ae607805d,-2.0,0.0,228.0,130.0,165.0,255.0,0.0
2026-08-08_143408_738677_1_R3_TEST1,TEST1,3,idle,10.875,3,10.943479743168666,10.943479743168666,6137.0,1.0908282971916103,baseline-94bc554616954e3e994c1b9ae607805d,-2.0,0.0,228.0,130.0,165.0,255.0,0.0
2026-08-08_143408_738677_1_R3_TEST1,TEST1,3,idle,11.125,5,11.203759866641525,11.203759866641525,8006.0,1.4230359047280483,baseline-94bc554616954e3e994c1b9ae607805d,-2.0,0.0,228.0,130.0,165.0,255.0,0.0
2026-08-08_143408_738677_1_R3_TEST1,TEST1,3,idle,11.375,8,11.398101289632729,11.398101289632729,4261.0,0.7573764664059722,baseline-94bc554616954e3e994c1b9ae607805d,-2.0,0.0,228.0,130.0,165.0,255.0,0.0
2026-08-08_143408_738677_1_R3_TEST1,TEST1,3,idle,11.625,6,11.619227661364045,11.619227661364045,7868.0,1.3985069321009598,baseline-94bc554616954e3e994c1b9ae607805d,-2.0,0.0,228.0,130.0,165.0,255.0,0.0
2026-08-08_143408_738677_1_R3_TEST1,TEST1,3,idle,11.875,7,11.853907114787988,11.853907114787988,8297.0,1.4747600426590828,baseline-94bc554616954e3e994c1b9ae607805d,-2.0,0.0,228.0,130.0,165.0,255.0,0.0
2026-08-08_143408_738677_1_R3_TEST1,TEST1,3,idle,12.125,5,12.164015907882597,12.164015907882597,6983.0,1.2412015641663705,baseline-94bc554616954e3e994c1b9ae607805d,-2.0,0.0,228.0,130.0,165.0,255.0,0.0
2026-08-08_143408_738677_1_R3_TEST1,TEST1,3,idle,12.375,7,12.438101550678187,12.438101550678187,7937.0,1.4107714184145042,baseline-94bc554616954e3e994c1b9ae607805d,-2.0,0.0,228.0,130.0,165.0,255.0,0.0
2026-08-08_143408_738677_1_R3_TEST1,TEST1,3,idle,12.625,2,12.646424218293639,12.646424218293639,7498.0,1.3327408460718095,baseline-94bc554616954e3e994c1b9ae607805d,-2.0,0.0,228.0,130.0,165.0,255.0,0.0
2026-08-08_143408_738677_1_R3_TEST1,TEST1,3,idle,12.875,2,12.890722510294815,12.890722510294815,4991.5,0.88722004976893,baseline-94bc554616954e3e994c1b9ae607805d,-2.0,0.0,228.0,130.0,165.0,255.0,0.0
2026-08-08_143408_738677_1_R3_TEST1,TEST1,3,idle,13.125,5,13.165448801395538,13.165448801395538,7252.0,1.2890152861713473,baseline-94bc554616954e3e994c1b9ae607805d,-2.0,0.0,228.0,130.0,165.0,255.0,0.0
2026-08-08_143408_738677_1_R3_TEST1,TEST1,3,idle,13.375,7,13.400069764198356,13.400069764198356,5631.0,1.0008887308922858,baseline-94bc554616954e3e994c1b9ae607805d,-2.0,0.0,228.0,130.0,165.0,255.0,0.0
2026-08-08_143408_738677_1_R3_TEST1,TEST1,3,idle,13.625,4,13.60782710852233,13.60782710852233,6453.5,1.1470849626733024,baseline-94bc554616954e3e994c1b9ae607805d,-2.0,0.0,228.0,130.0,165.0,255.0,0.0
2026-08-08_143408_738677_1_R3_TEST1,TEST1,3,idle,13.875,2,13.899683293748794,13.899683293748794,5388.0,0.9576964095271951,baseline-94bc554616954e3e994c1b9ae607805d,-2.0,0.0,228.0,130.0,165.0,255.0,0.0
2026-08-08_143408_738677_1_R3_TEST1,TEST1,3,idle,14.125,3,14.09115872529969,14.09115872529969,2077.0,0.36917881265552793,baseline-94bc554616954e3e994c1b9ae607805d,-2.0,0.0,228.0,130.0,165.0,255.0,0.0
2026-08-08_143408_738677_1_R3_TEST1,TEST1,3,idle,14.375,3,14.346890223503124,14.346890223503124,17916.0,3.1845005332385354,baseline-94bc554616954e3e994c1b9ae607805d,-2.0,0.0,228.0,130.0,165.0,255.0,0.0
2026-08-08_143408_738677_1_R3_TEST1,TEST1,3,idle,14.625,1,14.657578226899938,14.657578226899938,7461.0,1.3261642374688944,baseline-94bc554616954e3e994c1b9ae607805d,-2.0,0.0,228.0,130.0,165.0,255.0,0.0
2026-08-08_144407_344158_1_R4_TEST1,TEST1,4,idle,0.125,5,0.103467739594152,0.103467739594152,0.0,0.0,baseline-94bc554616954e3e994c1b9ae607805d,-2.0,0.0,228.0,130.0,165.0,255.0,0.0
2026-08-08_144407_344158_1_R4_TEST1,TEST1,4,idle,0.625,8,0.6594009179423215,0.6594009179423215,16.0,0.002462675080806526,baseline-94bc554616954e3e994c1b9ae607805d,-2.0,0.0,228.0,130.0,165.0,255.0,0.0
2026-08-08_144407_344158_1_R4_TEST1,TEST1,4,idle,0.875,10,0.8162066488703749,0.8162066488703749,322.0,0.04956133600123133,baseline-94bc554616954e3e994c1b9ae607805d,-2.0,0.0,228.0,130.0,165.0,255.0,0.0
2026-08-08_144407_344158_1_R4_TEST1,TEST1,4,idle,1.125,16,1.1526685553598117,1.1526685553598117,427.0,0.06572264121902416,baseline-94bc554616954e3e994c1b9ae607805d,-2.0,0.0,228.0,130.0,165.0,255.0,0.0
2026-08-08_144407_344158_1_R4_TEST1,TEST1,4,idle,1.375,22,1.4041256848394985,1.4041256848394985,1031.0,0.15868862551947052,baseline-94bc554616954e3e994c1b9ae607805d,-2.0,0.0,228.0,130.0,165.0,255.0,0.0
2026-08-08_144407_344158_1_R4_TEST1,TEST1,4,idle,1.625,24,1.6224040926911938,1.6224040926911938,597.5,0.09196552254886871,baseline-94bc554616954e3e994c1b9ae607805d,-2.0,0.0,228.0,130.0,165.0,255.0,0.0
2026-08-08_144407_344158_1_R4_TEST1,TEST1,4,idle,1.875,27,1.8536320385350424,1.8536320385350424,1052.0,0.16192088656302908,baseline-94bc554616954e3e994c1b9ae607805d,-2.0,0.0,228.0,130.0,165.0,255.0,0.0
2026-08-08_144407_344158_1_R4_TEST1,TEST1,4,idle,2.125,35,2.158279416849948,2.158279416849948,1413.0,0.21748499307372635,baseline-94bc554616954e3e994c1b9ae607805d,-2.0,0.0,228.0,130.0,165.0,255.0,0.0
2026-08-08_144407_344158_1_R4_TEST1,TEST1,4,idle,2.375,34,2.3518609548060407,2.3518609548060407,1376.5,0.21186701554563644,baseline-94bc554616954e3e994c1b9ae607805d,-2.0,0.0,228.0,130.0,165.0,255.0,0.0
2026-08-08_144407_344158_1_R4_TEST1,TEST1,4,idle,2.625,33,2.6147597391935684,2.6147597391935684,1566.0,0.24103432353393875,baseline-94bc554616954e3e994c1b9ae607805d,-2.0,0.0,228.0,130.0,165.0,255.0,0.0
2026-08-08_144407_344158_1_R4_TEST1,TEST1,4,idle,2.875,33,2.8511424544038,2.8511424544038,1575.0,0.24241957826689242,baseline-94bc554616954e3e994c1b9ae607805d,-2.0,0.0,228.0,130.0,165.0,255.0,0.0
2026-08-08_144407_344158_1_R4_TEST1,TEST1,4,idle,3.125,34,3.1041177561028555,3.1041177561028555,1205.0,0.1854702170232415,baseline-94bc554616954e3e994c1b9ae607805d,-2.0,0.0,228.0,130.0,165.0,255.0,0.0
2026-08-08_144407_344158_1_R4_TEST1,TEST1,4,idle,3.375,23,3.3831544568770617,3.3831544568770617,1831.0,0.28182237955979683,baseline-94bc554616954e3e994c1b9ae607805d,-2.0,0.0,228.0,130.0,165.0,255.0,0.0
2026-08-08_144407_344158_1_R4_TEST1,TEST1,4,idle,3.625,40,3.6361599085723304,3.6361599085723304,1657.5,0.255117746652301,baseline-94bc554616954e3e994c1b9ae607805d,-2.0,0.0,228.0,130.0,165.0,255.0,0.0
2026-08-08_144407_344158_1_R4_TEST1,TEST1,4,idle,3.875,35,3.910004088921177,3.910004088921177,2141.0,0.3295367092504233,baseline-94bc554616954e3e994c1b9ae607805d,-2.0,0.0,228.0,130.0,165.0,255.0,0.0
2026-08-08_144407_344158_1_R4_TEST1,TEST1,4,idle,4.125,30,4.122934822483779,4.122934822483779,2205.5,0.3394643681699246,baseline-94bc554616954e3e994c1b9ae607805d,-2.0,0.0,228.0,130.0,165.0,255.0,0.0
2026-08-08_144407_344158_1_R4_TEST1,TEST1,4,idle,4.375,27,4.3569995681054685,4.3569995681054685,2307.0,0.35508696321379096,baseline-94bc554616954e3e994c1b9ae607805d,-2.0,0.0,228.0,130.0,165.0,255.0,0.0
2026-08-08_144407_344158_1_R4_TEST1,TEST1,4,idle,4.625,26,4.603000065543332,4.603000065543332,2474.0,0.38079113436970913,baseline-94bc554616954e3e994c1b9ae607805d,-2.0,0.0,228.0,130.0,165.0,255.0,0.0
2026-08-08_144407_344158_1_R4_TEST1,TEST1,4,idle,4.875,19,4.838599495866683,4.838599495866683,3372.0,0.5190087732799754,baseline-94bc554616954e3e994c1b9ae607805d,-2.0,0.0,228.0,130.0,165.0,255.0,0.0
2026-08-08_144407_344158_1_R4_TEST1,TEST1,4,idle,5.125,23,5.1564658236688885,5.1564658236688885,2804.0,0.4315838079113437,baseline-94bc554616954e3e994c1b9ae607805d,-2.0,0.0,228.0,130.0,165.0,255.0,0.0
2026-08-08_144407_344158_1_R4_TEST1,TEST1,4,idle,5.375,29,5.401457378511628,5.401457378511628,2512.0,0.3866399876866246,baseline-94bc554616954e3e994c1b9ae607805d,-2.0,0.0,228.0,130.0,165.0,255.0,0.0
2026-08-08_144407_344158_1_R4_TEST1,TEST1,4,idle,5.625,31,5.651057331197256,5.651057331197256,1576.0,0.24257349545944282,baseline-94bc554616954e3e994c1b9ae607805d,-2.0,0.0,228.0,130.0,165.0,255.0,0.0
2026-08-08_144407_344158_1_R4_TEST1,TEST1,4,idle,5.875,19,5.908105067440981,5.908105067440981,723.0,0.1112821302139449,baseline-94bc554616954e3e994c1b9ae607805d,-2.0,0.0,228.0,130.0,165.0,255.0,0.0
2026-08-08_144407_344158_1_R4_TEST1,TEST1,4,idle,6.125,26,6.127444490431037,6.127444490431037,1258.0,0.19362782822841312,baseline-94bc554616954e3e994c1b9ae607805d,-2.0,0.0,228.0,130.0,165.0,255.0,0.0
2026-08-08_144407_344158_1_R4_TEST1,TEST1,4,idle,6.375,25,6.375814960439324,6.375814960439324,3114.0,0.47929813760197015,baseline-94bc554616954e3e994c1b9ae607805d,-2.0,0.0,228.0,130.0,165.0,255.0,0.0
2026-08-08_144407_344158_1_R4_TEST1,TEST1,4,idle,6.625,25,6.606561452149818,6.606561452149818,1961.0,0.30183161459134983,baseline-94bc554616954e3e994c1b9ae607805d,-2.0,0.0,228.0,130.0,165.0,255.0,0.0
2026-08-08_144407_344158_1_R4_TEST1,TEST1,4,idle,6.875,17,6.88772438678278,6.88772438678278,1124.0,0.17300292442665846,baseline-94bc554616954e3e994c1b9ae607805d,-2.0,0.0,228.0,130.0,165.0,255.0,0.0
2026-08-08_144407_344158_1_R4_TEST1,TEST1,4,idle,7.125,25,7.113563679584228,7.113563679584228,3640.0,0.5602585808834847,baseline-94bc554616954e3e994c1b9ae607805d,-2.0,0.0,228.0,130.0,165.0,255.0,0.0
2026-08-08_144407_344158_1_R4_TEST1,TEST1,4,idle,7.375,16,7.4089940804716665,7.4089940804716665,4551.0,0.7004771432969062,baseline-94bc554616954e3e994c1b9ae607805d,-2.0,0.0,228.0,130.0,165.0,255.0,0.0
2026-08-08_144407_344158_1_R4_TEST1,TEST1,4,idle,7.625,15,7.613779280032723,7.613779280032723,1729.0,0.26612282591965525,baseline-94bc554616954e3e994c1b9ae607805d,-2.0,0.0,228.0,130.0,165.0,255.0,0.0
2026-08-08_144407_344158_1_R4_TEST1,TEST1,4,idle,7.875,19,7.902838195834366,7.902838195834366,1463.0,0.22518085270124674,baseline-94bc554616954e3e994c1b9ae607805d,-2.0,0.0,228.0,130.0,165.0,255.0,0.0
2026-08-08_144407_344158_1_R4_TEST1,TEST1,4,idle,8.125,26,8.167441126182258,8.167441126182258,4068.0,0.6261351392950593,baseline-94bc554616954e3e994c1b9ae607805d,-2.0,0.0,228.0,130.0,165.0,255.0,0.0
2026-08-08_144407_344158_1_R4_TEST1,TEST1,4,idle,8.375,18,8.385313217382958,8.385313217382958,1801.0,0.27720486378328457,baseline-94bc554616954e3e994c1b9ae607805d,-2.0,0.0,228.0,130.0,165.0,255.0,0.0
2026-08-08_144407_344158_1_R4_TEST1,TEST1,4,idle,8.625,16,8.63970801979874,8.63970801979874,1578.0,0.24288132984454364,baseline-94bc554616954e3e994c1b9ae607805d,-2.0,0.0,228.0,130.0,165.0,255.0,0.0
2026-08-08_144407_344158_1_R4_TEST1,TEST1,4,idle,8.875,12,8.871211406613117,8.871211406613117,4213.0,0.6484531322148684,baseline-94bc554616954e3e994c1b9ae607805d,-2.0,0.0,228.0,130.0,165.0,255.0,0.0
2026-08-08_144407_344158_1_R4_TEST1,TEST1,4,idle,9.125,11,9.073763551473164,9.073763551473164,1234.0,0.18993381560720332,baseline-94bc554616954e3e994c1b9ae607805d,-2.0,0.0,228.0,130.0,165.0,255.0,0.0
2026-08-08_144407_344158_1_R4_TEST1,TEST1,4,idle,9.375,12,9.390062817459526,9.390062817459526,1723.5,0.265276281360628,baseline-94bc554616954e3e994c1b9ae607805d,-2.0,0.0,228.0,130.0,165.0,255.0,0.0
2026-08-08_144407_344158_1_R4_TEST1,TEST1,4,idle,9.625,7,9.601311323991508,9.601311323991508,1572.0,0.24195782668924118,baseline-94bc554616954e3e994c1b9ae607805d,-2.0,0.0,228.0,130.0,165.0,255.0,0.0
2026-08-08_144407_344158_1_R4_TEST1,TEST1,4,idle,9.875,6,9.919239531019597,9.919239531019597,2959.5,0.4555179313529321,baseline-94bc554616954e3e994c1b9ae607805d,-2.0,0.0,228.0,130.0,165.0,255.0,0.0
2026-08-08_144407_344158_1_R4_TEST1,TEST1,4,idle,10.125,12,10.115771072307187,10.115771072307187,3013.0,0.46375250115437894,baseline-94bc554616954e3e994c1b9ae607805d,-2.0,0.0,228.0,130.0,165.0,255.0,0.0
2026-08-08_144407_344158_1_R4_TEST1,TEST1,4,idle,10.375,2,10.450471530071171,10.450471530071171,1622.0,0.24965368631676157,baseline-94bc554616954e3e994c1b9ae607805d,-2.0,0.0,228.0,130.0,165.0,255.0,0.0
2026-08-08_144407_344158_1_R4_TEST1,TEST1,4,idle,10.625,7,10.64311462022912,10.64311462022912,959.0,0.14760658765584117,baseline-94bc554616954e3e994c1b9ae607805d,-2.0,0.0,228.0,130.0,165.0,255.0,0.0
2026-08-08_144407_344158_1_R4_TEST1,TEST1,4,idle,10.875,5,10.857727246385435,10.857727246385435,4244.0,0.653224565183931,baseline-94bc554616954e3e994c1b9ae607805d,-2.0,0.0,228.0,130.0,165.0,255.0,0.0
2026-08-08_144407_344158_1_R4_TEST1,TEST1,4,idle,11.125,5,11.07714812835724,11.07714812835724,1778.0,0.2736647683546252,baseline-94bc554616954e3e994c1b9ae607805d,-2.0,0.0,228.0,130.0,165.0,255.0,0.0
2026-08-08_144407_344158_1_R4_TEST1,TEST1,4,idle,11.375,5,11.357499678126072,11.357499678126072,1093.0,0.1682314914575958,baseline-94bc554616954e3e994c1b9ae607805d,-2.0,0.0,228.0,130.0,165.0,255.0,0.0
2026-08-08_144407_344158_1_R4_TEST1,TEST1,4,idle,11.625,5,11.681743365245277,11.681743365245277,1182.0,0.1819301215945821,baseline-94bc554616954e3e994c1b9ae607805d,-2.0,0.0,228.0,130.0,165.0,255.0,0.0
2026-08-08_144407_344158_1_R4_TEST1,TEST1,4,idle,11.875,5,11.771399862191585,11.771399862191585,2089.0,0.3215330152378021,baseline-94bc554616954e3e994c1b9ae607805d,-2.0,0.0,228.0,130.0,165.0,255.0,0.0
2026-08-08_144407_344158_1_R4_TEST1,TEST1,4,idle,12.125,7,12.175757804615628,12.175757804615628,4237.0,0.6521471448360782,baseline-94bc554616954e3e994c1b9ae607805d,-2.0,0.0,228.0,130.0,165.0,255.0,0.0
2026-08-08_144407_344158_1_R4_TEST1,TEST1,4,idle,12.375,7,12.340895441365848,12.340895441365848,934.0,0.14375865784208097,baseline-94bc554616954e3e994c1b9ae607805d,-2.0,0.0,228.0,130.0,165.0,255.0,0.0
2026-08-08_144407_344158_1_R4_TEST1,TEST1,4,idle,12.625,3,12.58095201098252,12.58095201098252,505.0,0.07772818223795598,baseline-94bc554616954e3e994c1b9ae607805d,-2.0,0.0,228.0,130.0,165.0,255.0,0.0
2026-08-08_144407_344158_1_R4_TEST1,TEST1,4,idle,12.875,3,12.878769116753414,12.878769116753414,2207.0,0.33969524395875017,baseline-94bc554616954e3e994c1b9ae607805d,-2.0,0.0,228.0,130.0,165.0,255.0,0.0
2026-08-08_144407_344158_1_R4_TEST1,TEST1,4,idle,13.125,1,13.049955376687064,13.049955376687064,4605.0,0.7087886716946283,baseline-94bc554616954e3e994c1b9ae607805d,-2.0,0.0,228.0,130.0,165.0,255.0,0.0
2026-08-08_144407_344158_1_R4_TEST1,TEST1,4,idle,13.375,3,13.378020877157132,13.378020877157132,1775.0,0.273203016776974,baseline-94bc554616954e3e994c1b9ae607805d,-2.0,0.0,228.0,130.0,165.0,255.0,0.0
2026-08-08_144407_344158_1_R4_TEST1,TEST1,4,idle,13.625,2,13.622038509933931,13.622038509933931,5526.5,0.8506233646298291,baseline-94bc554616954e3e994c1b9ae607805d,-2.0,0.0,228.0,130.0,165.0,255.0,0.0
2026-08-08_144407_344158_1_R4_TEST1,TEST1,4,idle,13.875,3,13.827181575387623,13.827181575387623,5923.0,0.9116515314760659,baseline-94bc554616954e3e994c1b9ae607805d,-2.0,0.0,228.0,130.0,165.0,255.0,0.0
2026-08-08_144407_344158_1_R4_TEST1,TEST1,4,idle,14.125,1,14.148227686451609,14.148227686451609,6236.0,0.9598276127443436,baseline-94bc554616954e3e994c1b9ae607805d,-2.0,0.0,228.0,130.0,165.0,255.0,0.0
2026-08-08_144407_344158_1_R4_TEST1,TEST1,4,idle,14.375,3,14.421595627690436,14.421595627690436,2326.0,0.35801138987224873,baseline-94bc554616954e3e994c1b9ae607805d,-2.0,0.0,228.0,130.0,165.0,255.0,0.0
2026-08-08_144407_344158_1_R4_TEST1,TEST1,4,idle,14.625,1,14.655022214775553,14.655022214775553,8008.0,1.2325688779436663,baseline-94bc554616954e3e994c1b9ae607805d,-2.0,0.0,228.0,130.0,165.0,255.0,0.0
2026-08-08_144407_344158_1_R4_TEST1,TEST1,4,idle,14.875,1,14.806417735927509,14.806417735927509,0.0,0.0,baseline-94bc554616954e3e994c1b9ae607805d,-2.0,0.0,228.0,130.0,165.0,255.0,0.0
2026-08-08_145009_272251_1_R5_TEST1,TEST1,5,idle,0.125,1,0.2312725315950458,0.2312725315950458,207.0,0.02837171052631579,baseline-94bc554616954e3e994c1b9ae607805d,-2.0,0.0,228.0,130.0,165.0,255.0,0.0
2026-08-08_145009_272251_1_R5_TEST1,TEST1,5,idle,0.375,12,0.43979849808409655,0.43979849808409655,0.0,0.0,baseline-94bc554616954e3e994c1b9ae607805d,-2.0,0.0,228.0,130.0,165.0,255.0,0.0
2026-08-08_145009_272251_1_R5_TEST1,TEST1,5,idle,0.625,56,0.6482651114618289,0.6482651114618289,0.0,0.0,baseline-94bc554616954e3e994c1b9ae607805d,-2.0,0.0,228.0,130.0,165.0,255.0,0.0
2026-08-08_145009_272251_1_R5_TEST1,TEST1,5,idle,0.875,74,0.8788297550948082,0.8788297550948082,0.0,0.0,baseline-94bc554616954e3e994c1b9ae607805d,-2.0,0.0,228.0,130.0,165.0,255.0,0.0
2026-08-08_145009_272251_1_R5_TEST1,TEST1,5,idle,1.125,71,1.0965980920027798,1.0965980920027798,56.0,0.007675438596491228,baseline-94bc554616954e3e994c1b9ae607805d,-2.0,0.0,228.0,130.0,165.0,255.0,0.0
2026-08-08_145009_272251_1_R5_TEST1,TEST1,5,idle,1.375,67,1.3607600298511529,1.3607600298511529,382.0,0.05235745614035088,baseline-94bc554616954e3e994c1b9ae607805d,-2.0,0.0,228.0,130.0,165.0,255.0,0.0
2026-08-08_145009_272251_1_R5_TEST1,TEST1,5,idle,1.625,51,1.5962308310590114,1.5962308310590114,567.0,0.07771381578947369,baseline-94bc554616954e3e994c1b9ae607805d,-2.0,0.0,228.0,130.0,165.0,255.0,0.0
2026-08-08_145009_272251_1_R5_TEST1,TEST1,5,idle,1.875,44,1.8544359837186684,1.8544359837186684,546.5,0.07490405701754385,baseline-94bc554616954e3e994c1b9ae607805d,-2.0,0.0,228.0,130.0,165.0,255.0,0.0
2026-08-08_145009_272251_1_R5_TEST1,TEST1,5,idle,2.125,53,2.1587737731389613,2.1587737731389613,474.0,0.0649671052631579,baseline-94bc554616954e3e994c1b9ae607805d,-2.0,0.0,228.0,130.0,165.0,255.0,0.0
2026-08-08_145009_272251_1_R5_TEST1,TEST1,5,idle,2.375,42,2.3971935376022655,2.3971935376022655,439.0,0.06016995614035088,baseline-94bc554616954e3e994c1b9ae607805d,-2.0,0.0,228.0,130.0,165.0,255.0,0.0
2026-08-08_145009_272251_1_R5_TEST1,TEST1,5,idle,2.625,34,2.584367526657595,2.584367526657595,670.5,0.09189967105263158,baseline-94bc554616954e3e994c1b9ae607805d,-2.0,0.0,228.0,130.0,165.0,255.0,0.0
2026-08-08_145009_272251_1_R5_TEST1,TEST1,5,idle,2.875,20,2.867028089204088,2.867028089204088,1146.5,0.15714089912280702,baseline-94bc554616954e3e994c1b9ae607805d,-2.0,0.0,228.0,130.0,165.0,255.0,0.0
2026-08-08_145009_272251_1_R5_TEST1,TEST1,5,idle,3.125,42,3.12193354344003,3.12193354344003,649.0,0.08895285087719298,baseline-94bc554616954e3e994c1b9ae607805d,-2.0,0.0,228.0,130.0,165.0,255.0,0.0
2026-08-08_145009_272251_1_R5_TEST1,TEST1,5,idle,3.375,28,3.3952459848057748,3.3952459848057748,1044.5,0.14316063596491227,baseline-94bc554616954e3e994c1b9ae607805d,-2.0,0.0,228.0,130.0,165.0,255.0,0.0
2026-08-08_145009_272251_1_R5_TEST1,TEST1,5,idle,3.625,21,3.627781534299841,3.627781534299841,964.0,0.13212719298245615,baseline-94bc554616954e3e994c1b9ae607805d,-2.0,0.0,228.0,130.0,165.0,255.0,0.0
2026-08-08_145009_272251_1_R5_TEST1,TEST1,5,idle,3.875,23,3.8267524018399657,3.8267524018399657,1026.0,0.140625,baseline-94bc554616954e3e994c1b9ae607805d,-2.0,0.0,228.0,130.0,165.0,255.0,0.0
2026-08-08_145009_272251_1_R5_TEST1,TEST1,5,idle,4.125,24,4.099899201330471,4.099899201330471,825.5,0.11314418859649122,baseline-94bc554616954e3e994c1b9ae607805d,-2.0,0.0,228.0,130.0,165.0,255.0,0.0
2026-08-08_145009_272251_1_R5_TEST1,TEST1,5,idle,4.375,18,4.436994620290831,4.436994620290831,664.5,0.09107730263157895,baseline-94bc554616954e3e994c1b9ae607805d,-2.0,0.0,228.0,130.0,165.0,255.0,0.0
2026-08-08_145009_272251_1_R5_TEST1,TEST1,5,idle,4.625,29,4.640188480802503,4.640188480802503,482.0,0.06606359649122807,baseline-94bc554616954e3e994c1b9ae607805d,-2.0,0.0,228.0,130.0,165.0,255.0,0.0
2026-08-08_145009_272251_1_R5_TEST1,TEST1,5,idle,4.875,21,4.90475058675325,4.90475058675325,15.0,0.002055921052631579,baseline-94bc554616954e3e994c1b9ae607805d,-2.0,0.0,228.0,130.0,165.0,255.0,0.0
2026-08-08_145009_272251_1_R5_TEST1,TEST1,5,idle,5.125,17,5.15333707238199,5.15333707238199,309.0,0.04235197368421053,baseline-94bc554616954e3e994c1b9ae607805d,-2.0,0.0,228.0,130.0,165.0,255.0,0.0
2026-08-08_145009_272251_1_R5_TEST1,TEST1,5,idle,5.375,20,5.400983915012317,5.400983915012317,690.5,0.09464089912280702,baseline-94bc554616954e3e994c1b9ae607805d,-2.0,0.0,228.0,130.0,165.0,255.0,0.0
2026-08-08_145009_272251_1_R5_TEST1,TEST1,5,idle,5.625,15,5.61973047105255,5.61973047105255,0.0,0.0,baseline-94bc554616954e3e994c1b9ae607805d,-2.0,0.0,228.0,130.0,165.0,255.0,0.0
2026-08-08_145009_272251_1_R5_TEST1,TEST1,5,idle,5.875,13,5.877883263395686,5.877883263395686,712.0,0.09758771929824561,baseline-94bc554616954e3e994c1b9ae607805d,-2.0,0.0,228.0,130.0,165.0,255.0,0.0
2026-08-08_145009_272251_1_R5_TEST1,TEST1,5,idle,6.125,22,6.149123976226976,6.149123976226976,584.5,0.0801123903508772,baseline-94bc554616954e3e994c1b9ae607805d,-2.0,0.0,228.0,130.0,165.0,255.0,0.0
2026-08-08_145009_272251_1_R5_TEST1,TEST1,5,idle,6.375,19,6.380079031909375,6.380079031909375,417.0,0.057154605263157895,baseline-94bc554616954e3e994c1b9ae607805d,-2.0,0.0,228.0,130.0,165.0,255.0,0.0
2026-08-08_145009_272251_1_R5_TEST1,TEST1,5,idle,6.625,14,6.617429468331883,6.617429468331883,415.5,0.05694901315789473,baseline-94bc554616954e3e994c1b9ae607805d,-2.0,0.0,228.0,130.0,165.0,255.0,0.0
2026-08-08_145009_272251_1_R5_TEST1,TEST1,5,idle,6.875,22,6.902092199285602,6.902092199285602,225.0,0.030838815789473686,baseline-94bc554616954e3e994c1b9ae607805d,-2.0,0.0,228.0,130.0,165.0,255.0,0.0
2026-08-08_145009_272251_1_R5_TEST1,TEST1,5,idle,7.125,17,7.161118250764679,7.161118250764679,291.0,0.039884868421052634,baseline-94bc554616954e3e994c1b9ae607805d,-2.0,0.0,228.0,130.0,165.0,255.0,0.0
2026-08-08_145009_272251_1_R5_TEST1,TEST1,5,idle,7.375,15,7.32354411445429,7.32354411445429,782.0,0.10718201754385964,baseline-94bc554616954e3e994c1b9ae607805d,-2.0,0.0,228.0,130.0,165.0,255.0,0.0
2026-08-08_145009_272251_1_R5_TEST1,TEST1,5,idle,7.625,14,7.624004361744255,7.624004361744255,1582.0,0.2168311403508772,baseline-94bc554616954e3e994c1b9ae607805d,-2.0,0.0,228.0,130.0,165.0,255.0,0.0
2026-08-08_145009_272251_1_R5_TEST1,TEST1,5,idle,7.875,11,7.878218553559376,7.878218553559376,389.0,0.05331688596491228,baseline-94bc554616954e3e994c1b9ae607805d,-2.0,0.0,228.0,130.0,165.0,255.0,0.0
2026-08-08_145009_272251_1_R5_TEST1,TEST1,5,idle,8.125,11,8.073684136929083,8.073684136929083,1024.0,0.14035087719298245,baseline-94bc554616954e3e994c1b9ae607805d,-2.0,0.0,228.0,130.0,165.0,255.0,0.0
2026-08-08_145009_272251_1_R5_TEST1,TEST1,5,idle,8.375,17,8.35091534420918,8.35091534420918,692.0,0.09484649122807018,baseline-94bc554616954e3e994c1b9ae607805d,-2.0,0.0,228.0,130.0,165.0,255.0,0.0
2026-08-08_145009_272251_1_R5_TEST1,TEST1,5,idle,8.625,11,8.717754138607507,8.717754138607507,1227.0,0.16817434210526316,baseline-94bc554616954e3e994c1b9ae607805d,-2.0,0.0,228.0,130.0,165.0,255.0,0.0
2026-08-08_145009_272251_1_R5_TEST1,TEST1,5,idle,8.875,11,8.837192445542629,8.837192445542629,0.0,0.0,baseline-94bc554616954e3e994c1b9ae607805d,-2.0,0.0,228.0,130.0,165.0,255.0,0.0
2026-08-08_145009_272251_1_R5_TEST1,TEST1,5,idle,9.125,9,9.053341516334974,9.053341516334974,1403.0,0.19229714912280702,baseline-94bc554616954e3e994c1b9ae607805d,-2.0,0.0,228.0,130.0,165.0,255.0,0.0
2026-08-08_145009_272251_1_R5_TEST1,TEST1,5,idle,9.375,11,9.361257621557776,9.361257621557776,1262.0,0.17297149122807018,baseline-94bc554616954e3e994c1b9ae607805d,-2.0,0.0,228.0,130.0,165.0,255.0,0.0
2026-08-08_145009_272251_1_R5_TEST1,TEST1,5,idle,9.625,5,9.612761936565024,9.612761936565024,930.0,0.12746710526315788,baseline-94bc554616954e3e994c1b9ae607805d,-2.0,0.0,228.0,130.0,165.0,255.0,0.0
2026-08-08_145009_272251_1_R5_TEST1,TEST1,5,idle,9.875,2,9.967993881924219,9.967993881924219,2265.0,0.3104440789473684,baseline-94bc554616954e3e994c1b9ae607805d,-2.0,0.0,228.0,130.0,165.0,255.0,0.0
2026-08-08_145009_272251_1_R5_TEST1,TEST1,5,idle,10.125,8,10.10358583345876,10.10358583345876,40.0,0.005482456140350877,baseline-94bc554616954e3e994c1b9ae607805d,-2.0,0.0,228.0,130.0,165.0,255.0,0.0
2026-08-08_145009_272251_1_R5_TEST1,TEST1,5,idle,10.375,2,10.319506797755045,10.319506797755045,595.0,0.0815515350877193,baseline-94bc554616954e3e994c1b9ae607805d,-2.0,0.0,228.0,130.0,165.0,255.0,0.0
2026-08-08_145009_272251_1_R5_TEST1,TEST1,5,idle,10.625,3,10.67171723972868,10.67171723972868,2508.0,0.34375,baseline-94bc554616954e3e994c1b9ae607805d,-2.0,0.0,228.0,130.0,165.0,255.0,0.0
2026-08-08_145009_272251_1_R5_TEST1,TEST1,5,idle,10.875,5,10.896989615035643,10.896989615035643,157.0,0.021518640350877194,baseline-94bc554616954e3e994c1b9ae607805d,-2.0,0.0,228.0,130.0,165.0,255.0,0.0
2026-08-08_145009_272251_1_R5_TEST1,TEST1,5,idle,11.125,6,11.136813671128072,11.136813671128072,2816.5,0.3860334429824561,baseline-94bc554616954e3e994c1b9ae607805d,-2.0,0.0,228.0,130.0,165.0,255.0,0.0
2026-08-08_145009_272251_1_R5_TEST1,TEST1,5,idle,11.375,3,11.449213843488728,11.449213843488728,0.0,0.0,baseline-94bc554616954e3e994c1b9ae607805d,-2.0,0.0,228.0,130.0,165.0,255.0,0.0
2026-08-08_145009_272251_1_R5_TEST1,TEST1,5,idle,11.625,2,11.618994671990263,11.618994671990263,997.5,0.13671875,baseline-94bc554616954e3e994c1b9ae607805d,-2.0,0.0,228.0,130.0,165.0,255.0,0.0
2026-08-08_145009_272251_1_R5_TEST1,TEST1,5,idle,11.875,2,11.874845425072182,11.874845425072182,3069.0,0.4206414473684211,baseline-94bc554616954e3e994c1b9ae607805d,-2.0,0.0,228.0,130.0,165.0,255.0,0.0
2026-08-08_145009_272251_1_R5_TEST1,TEST1,5,idle,12.375,2,12.34869325299713,12.34869325299713,618.5,0.08477247807017543,baseline-94bc554616954e3e994c1b9ae607805d,-2.0,0.0,228.0,130.0,165.0,255.0,0.0
2026-08-08_145009_272251_1_R5_TEST1,TEST1,5,idle,12.625,1,12.52640185812572,12.52640185812572,523.0,0.07168311403508772,baseline-94bc554616954e3e994c1b9ae607805d,-2.0,0.0,228.0,130.0,165.0,255.0,0.0
2026-08-08_145009_272251_1_R5_TEST1,TEST1,5,idle,13.625,1,13.512191954362788,13.512191954362788,6104.0,0.8366228070175439,baseline-94bc554616954e3e994c1b9ae607805d,-2.0,0.0,228.0,130.0,165.0,255.0,0.0
2026-08-08_145009_272251_1_R5_TEST1,TEST1,5,idle,13.875,1,13.972136149654135,13.972136149654135,170.0,0.023300438596491228,baseline-94bc554616954e3e994c1b9ae607805d,-2.0,0.0,228.0,130.0,165.0,255.0,0.0
2026-08-08_145348_428397_1_R6_TEST1,TEST1,6,idle,1.125,1,1.1857458077673544,1.1857458077673544,1831.0,0.29513217279174725,baseline-94bc554616954e3e994c1b9ae607805d,-2.0,0.0,228.0,130.0,165.0,255.0,0.0
2026-08-08_145348_428397_1_R6_TEST1,TEST1,6,idle,1.375,1,1.473619586314142,1.473619586314142,1829.0,0.2948098001289491,baseline-94bc554616954e3e994c1b9ae607805d,-2.0,0.0,228.0,130.0,165.0,255.0,0.0
2026-08-08_145348_428397_1_R6_TEST1,TEST1,6,idle,1.625,6,1.5988502423264643,1.5988502423264643,150.5,0.024258542875564153,baseline-94bc554616954e3e994c1b9ae607805d,-2.0,0.0,228.0,130.0,165.0,255.0,0.0
2026-08-08_145348_428397_1_R6_TEST1,TEST1,6,idle,1.875,13,1.845116827879964,1.845116827879964,2002.0,0.32269503546099293,baseline-94bc554616954e3e994c1b9ae607805d,-2.0,0.0,228.0,130.0,165.0,255.0,0.0
2026-08-08_145348_428397_1_R6_TEST1,TEST1,6,idle,2.125,9,2.112262098252905,2.112262098252905,1607.0,0.25902643455834945,baseline-94bc554616954e3e994c1b9ae607805d,-2.0,0.0,228.0,130.0,165.0,255.0,0.0
2026-08-08_145348_428397_1_R6_TEST1,TEST1,6,idle,2.375,16,2.3736165592087373,2.3736165592087373,2216.0,0.35718891038039974,baseline-94bc554616954e3e994c1b9ae607805d,-2.0,0.0,228.0,130.0,165.0,255.0,0.0
2026-08-08_145348_428397_1_R6_TEST1,TEST1,6,idle,2.625,27,2.5597248261628005,2.5597248261628005,2665.0,0.42956157317859445,baseline-94bc554616954e3e994c1b9ae607805d,-2.0,0.0,228.0,130.0,165.0,255.0,0.0
2026-08-08_145348_428397_1_R6_TEST1,TEST1,6,idle,2.875,36,2.8984447868747862,2.8984447868747862,2573.0,0.41473243068987753,baseline-94bc554616954e3e994c1b9ae607805d,-2.0,0.0,228.0,130.0,165.0,255.0,0.0
2026-08-08_145348_428397_1_R6_TEST1,TEST1,6,idle,3.125,24,3.1323720885405577,3.1323720885405577,1991.0,0.32092198581560283,baseline-94bc554616954e3e994c1b9ae607805d,-2.0,0.0,228.0,130.0,165.0,255.0,0.0
2026-08-08_145348_428397_1_R6_TEST1,TEST1,6,idle,3.375,29,3.389458059489382,3.389458059489382,2709.0,0.43665377176015474,baseline-94bc554616954e3e994c1b9ae607805d,-2.0,0.0,228.0,130.0,165.0,255.0,0.0
2026-08-08_145348_428397_1_R6_TEST1,TEST1,6,idle,3.625,37,3.612588271069965,3.612588271069965,2649.0,0.4269825918762089,baseline-94bc554616954e3e994c1b9ae607805d,-2.0,0.0,228.0,130.0,165.0,255.0,0.0
2026-08-08_145348_428397_1_R6_TEST1,TEST1,6,idle,3.875,42,3.904510151509099,3.904510151509099,2754.5,0.4439877498388137,baseline-94bc554616954e3e994c1b9ae607805d,-2.0,0.0,228.0,130.0,165.0,255.0,0.0
2026-08-08_145348_428397_1_R6_TEST1,TEST1,6,idle,4.125,26,4.076693468361649,4.076693468361649,3021.0,0.48694390715667313,baseline-94bc554616954e3e994c1b9ae607805d,-2.0,0.0,228.0,130.0,165.0,255.0,0.0
2026-08-08_145348_428397_1_R6_TEST1,TEST1,6,idle,4.375,22,4.433459258691368,4.433459258691368,4883.5,0.787153449387492,baseline-94bc554616954e3e994c1b9ae607805d,-2.0,0.0,228.0,130.0,165.0,255.0,0.0
2026-08-08_145348_428397_1_R6_TEST1,TEST1,6,idle,4.625,30,4.647413073022486,4.647413073022486,3531.0,0.5691489361702127,baseline-94bc554616954e3e994c1b9ae607805d,-2.0,0.0,228.0,130.0,165.0,255.0,0.0
2026-08-08_145348_428397_1_R6_TEST1,TEST1,6,idle,4.875,16,4.8865341116604455,4.8865341116604455,4634.5,0.7470180528691167,baseline-94bc554616954e3e994c1b9ae607805d,-2.0,0.0,228.0,130.0,165.0,255.0,0.0
2026-08-08_145348_428397_1_R6_TEST1,TEST1,6,idle,5.125,17,5.139635567732372,5.139635567732372,4642.0,0.74822695035461,baseline-94bc554616954e3e994c1b9ae607805d,-2.0,0.0,228.0,130.0,165.0,255.0,0.0
2026-08-08_145348_428397_1_R6_TEST1,TEST1,6,idle,5.375,19,5.381951715995056,5.381951715995056,5227.0,0.8425209542230819,baseline-94bc554616954e3e994c1b9ae607805d,-2.0,0.0,228.0,130.0,165.0,255.0,0.0
2026-08-08_145348_428397_1_R6_TEST1,TEST1,6,idle,5.625,23,5.630742372087009,5.630742372087009,5244.0,0.8452611218568665,baseline-94bc554616954e3e994c1b9ae607805d,-2.0,0.0,228.0,130.0,165.0,255.0,0.0
2026-08-08_145348_428397_1_R6_TEST1,TEST1,6,idle,5.875,21,5.844966955903375,5.844966955903375,2621.0,0.42246937459703415,baseline-94bc554616954e3e994c1b9ae607805d,-2.0,0.0,228.0,130.0,165.0,255.0,0.0
2026-08-08_145348_428397_1_R6_TEST1,TEST1,6,idle,6.125,20,6.088589653844961,6.088589653844961,4237.0,0.6829464861379755,baseline-94bc554616954e3e994c1b9ae607805d,-2.0,0.0,228.0,130.0,165.0,255.0,0.0
2026-08-08_145348_428397_1_R6_TEST1,TEST1,6,idle,6.375,25,6.392367324429684,6.392367324429684,3283.0,0.5291747259832367,baseline-94bc554616954e3e994c1b9ae607805d,-2.0,0.0,228.0,130.0,165.0,255.0,0.0
2026-08-08_145348_428397_1_R6_TEST1,TEST1,6,idle,6.625,20,6.573513785126067,6.573513785126067,3846.0,0.6199226305609284,baseline-94bc554616954e3e994c1b9ae607805d,-2.0,0.0,228.0,130.0,165.0,255.0,0.0
2026-08-08_145348_428397_1_R6_TEST1,TEST1,6,idle,6.875,27,6.8612755176407365,6.8612755176407365,5480.0,0.8833010960670535,baseline-94bc554616954e3e994c1b9ae607805d,-2.0,0.0,228.0,130.0,165.0,255.0,0.0
2026-08-08_145348_428397_1_R6_TEST1,TEST1,6,idle,7.125,8,7.16479169827081,7.16479169827081,5170.0,0.8333333333333334,baseline-94bc554616954e3e994c1b9ae607805d,-2.0,0.0,228.0,130.0,165.0,255.0,0.0
2026-08-08_145348_428397_1_R6_TEST1,TEST1,6,idle,7.375,19,7.396134424691419,7.396134424691419,4854.0,0.7823984526112185,baseline-94bc554616954e3e994c1b9ae607805d,-2.0,0.0,228.0,130.0,165.0,255.0,0.0
2026-08-08_145348_428397_1_R6_TEST1,TEST1,6,idle,7.625,14,7.649668764086677,7.649668764086677,4361.5,0.7030141843971631,baseline-94bc554616954e3e994c1b9ae607805d,-2.0,0.0,228.0,130.0,165.0,255.0,0.0
2026-08-08_145348_428397_1_R6_TEST1,TEST1,6,idle,7.875,7,7.822297658502357,7.822297658502357,9625.0,1.551418439716312,baseline-94bc554616954e3e994c1b9ae607805d,-2.0,0.0,228.0,130.0,165.0,255.0,0.0
2026-08-08_145348_428397_1_R6_TEST1,TEST1,6,idle,8.125,18,8.123414598992326,8.123414598992326,6724.5,1.0838974854932302,baseline-94bc554616954e3e994c1b9ae607805d,-2.0,0.0,228.0,130.0,165.0,255.0,0.0
2026-08-08_145348_428397_1_R6_TEST1,TEST1,6,idle,8.375,13,8.402401392060725,8.402401392060725,4078.0,0.657317859445519,baseline-94bc554616954e3e994c1b9ae607805d,-2.0,0.0,228.0,130.0,165.0,255.0,0.0
2026-08-08_145348_428397_1_R6_TEST1,TEST1,6,idle,8.625,14,8.6142085309198,8.6142085309198,7352.0,1.1850419084461636,baseline-94bc554616954e3e994c1b9ae607805d,-2.0,0.0,228.0,130.0,165.0,255.0,0.0
2026-08-08_145348_428397_1_R6_TEST1,TEST1,6,idle,8.875,21,8.940071646805137,8.940071646805137,5306.0,0.8552546744036106,baseline-94bc554616954e3e994c1b9ae607805d,-2.0,0.0,228.0,130.0,165.0,255.0,0.0
2026-08-08_145348_428397_1_R6_TEST1,TEST1,6,idle,9.125,16,9.067583570894666,9.067583570894666,3259.5,0.5253868471953578,baseline-94bc554616954e3e994c1b9ae607805d,-2.0,0.0,228.0,130.0,165.0,255.0,0.0
2026-08-08_145348_428397_1_R6_TEST1,TEST1,6,idle,9.375,12,9.362935422866844,9.362935422866844,5588.0,0.900709219858156,baseline-94bc554616954e3e994c1b9ae607805d,-2.0,0.0,228.0,130.0,165.0,255.0,0.0
2026-08-08_145348_428397_1_R6_TEST1,TEST1,6,idle,9.625,11,9.589947632878603,9.589947632878603,6112.0,0.9851708575112831,baseline-94bc554616954e3e994c1b9ae607805d,-2.0,0.0,228.0,130.0,165.0,255.0,0.0
2026-08-08_145348_428397_1_R6_TEST1,TEST1,6,idle,9.875,13,9.894950029659045,9.894950029659045,4940.0,0.7962604771115409,baseline-94bc554616954e3e994c1b9ae607805d,-2.0,0.0,228.0,130.0,165.0,255.0,0.0
2026-08-08_145348_428397_1_R6_TEST1,TEST1,6,idle,10.125,12,10.135826118793553,10.135826118793553,4512.0,0.7272727272727273,baseline-94bc554616954e3e994c1b9ae607805d,-2.0,0.0,228.0,130.0,165.0,255.0,0.0
2026-08-08_145348_428397_1_R6_TEST1,TEST1,6,idle,10.375,10,10.398449461734657,10.398449461734657,5734.5,0.9243230174081238,baseline-94bc554616954e3e994c1b9ae607805d,-2.0,0.0,228.0,130.0,165.0,255.0,0.0
2026-08-08_145348_428397_1_R6_TEST1,TEST1,6,idle,10.625,11,10.58729532710468,10.58729532710468,3746.0,0.6038039974210186,baseline-94bc554616954e3e994c1b9ae607805d,-2.0,0.0,228.0,130.0,165.0,255.0,0.0
2026-08-08_145348_428397_1_R6_TEST1,TEST1,6,idle,10.875,8,10.876009384983483,10.876009384983483,9729.5,1.5682624113475176,baseline-94bc554616954e3e994c1b9ae607805d,-2.0,0.0,228.0,130.0,165.0,255.0,0.0
2026-08-08_145348_428397_1_R6_TEST1,TEST1,6,idle,11.125,4,11.11028717959734,11.11028717959734,5350.0,0.8623468729851709,baseline-94bc554616954e3e994c1b9ae607805d,-2.0,0.0,228.0,130.0,165.0,255.0,0.0
2026-08-08_145348_428397_1_R6_TEST1,TEST1,6,idle,11.375,11,11.38592511939949,11.38592511939949,3647.0,0.587846550612508,baseline-94bc554616954e3e994c1b9ae607805d,-2.0,0.0,228.0,130.0,165.0,255.0,0.0
2026-08-08_145348_428397_1_R6_TEST1,TEST1,6,idle,11.625,6,11.692698709977922,11.692698709977922,3814.0,0.6147646679561574,baseline-94bc554616954e3e994c1b9ae607805d,-2.0,0.0,228.0,130.0,165.0,255.0,0.0
2026-08-08_145348_428397_1_R6_TEST1,TEST1,6,idle,11.875,8,11.927572916335379,11.927572916335379,4209.5,0.6785138620245004,baseline-94bc554616954e3e994c1b9ae607805d,-2.0,0.0,228.0,130.0,165.0,255.0,0.0
2026-08-08_145348_428397_1_R6_TEST1,TEST1,6,idle,12.125,5,12.044847900020288,12.044847900020288,5690.0,0.9171502256608639,baseline-94bc554616954e3e994c1b9ae607805d,-2.0,0.0,228.0,130.0,165.0,255.0,0.0
2026-08-08_145348_428397_1_R6_TEST1,TEST1,6,idle,12.375,6,12.34697385728493,12.34697385728493,4604.0,0.7421018697614442,baseline-94bc554616954e3e994c1b9ae607805d,-2.0,0.0,228.0,130.0,165.0,255.0,0.0
2026-08-08_145348_428397_1_R6_TEST1,TEST1,6,idle,12.625,4,12.710759105502348,12.710759105502348,2863.5,0.46155705996131524,baseline-94bc554616954e3e994c1b9ae607805d,-2.0,0.0,228.0,130.0,165.0,255.0,0.0
2026-08-08_145348_428397_1_R6_TEST1,TEST1,6,idle,12.875,5,12.790211898571004,12.790211898571004,1910.0,0.30786589297227596,baseline-94bc554616954e3e994c1b9ae607805d,-2.0,0.0,228.0,130.0,165.0,255.0,0.0
2026-08-08_145348_428397_1_R6_TEST1,TEST1,6,idle,13.125,2,13.071559246746833,13.071559246746833,2667.5,0.4299645390070922,baseline-94bc554616954e3e994c1b9ae607805d,-2.0,0.0,228.0,130.0,165.0,255.0,0.0
2026-08-08_145348_428397_1_R6_TEST1,TEST1,6,idle,13.375,5,13.367903446306313,13.367903446306313,1852.0,0.2985170857511283,baseline-94bc554616954e3e994c1b9ae607805d,-2.0,0.0,228.0,130.0,165.0,255.0,0.0
2026-08-08_145348_428397_1_R6_TEST1,TEST1,6,idle,13.625,2,13.624940294366322,13.624940294366322,2382.0,0.38394584139264987,baseline-94bc554616954e3e994c1b9ae607805d,-2.0,0.0,228.0,130.0,165.0,255.0,0.0
2026-08-08_145348_428397_1_R6_TEST1,TEST1,6,idle,13.875,4,13.895021793178898,13.895021793178898,2339.0,0.37701482914248874,baseline-94bc554616954e3e994c1b9ae607805d,-2.0,0.0,228.0,130.0,165.0,255.0,0.0
2026-08-08_145646_442250_1_R7_TEST1,TEST1,7,idle,0.375,1,0.4634246989596662,0.4634246989596662,571.0,0.10158334815869062,baseline-94bc554616954e3e994c1b9ae607805d,-2.0,0.0,228.0,130.0,165.0,255.0,0.0
2026-08-08_145646_442250_1_R7_TEST1,TEST1,7,idle,0.625,18,0.6824436034587812,0.6824436034587812,781.0,0.13894324853228962,baseline-94bc554616954e3e994c1b9ae607805d,-2.0,0.0,228.0,130.0,165.0,255.0,0.0
2026-08-08_145646_442250_1_R7_TEST1,TEST1,7,idle,0.875,19,0.8075330431174883,0.8075330431174883,938.0,0.16687422166874222,baseline-94bc554616954e3e994c1b9ae607805d,-2.0,0.0,228.0,130.0,165.0,255.0,0.0
2026-08-08_145646_442250_1_R7_TEST1,TEST1,7,idle,1.125,20,1.1404950492696364,1.1404950492696364,1186.0,0.21099448496708773,baseline-94bc554616954e3e994c1b9ae607805d,-2.0,0.0,228.0,130.0,165.0,255.0,0.0
2026-08-08_145646_442250_1_R7_TEST1,TEST1,7,idle,1.375,34,1.346611859986497,1.346611859986497,1380.5,0.24559686888454013,baseline-94bc554616954e3e994c1b9ae607805d,-2.0,0.0,228.0,130.0,165.0,255.0,0.0
2026-08-08_145646_442250_1_R7_TEST1,TEST1,7,idle,1.625,42,1.609197660788144,1.609197660788144,1684.5,0.29967977228251197,baseline-94bc554616954e3e994c1b9ae607805d,-2.0,0.0,228.0,130.0,165.0,255.0,0.0
2026-08-08_145646_442250_1_R7_TEST1,TEST1,7,idle,1.875,39,1.8721899971774345,1.8721899971774345,1987.0,0.3534958192492439,baseline-94bc554616954e3e994c1b9ae607805d,-2.0,0.0,228.0,130.0,165.0,255.0,0.0
2026-08-08_145646_442250_1_R7_TEST1,TEST1,7,idle,2.125,53,2.1030149916966088,2.1030149916966088,1838.0,0.32698808041273797,baseline-94bc554616954e3e994c1b9ae607805d,-2.0,0.0,228.0,130.0,165.0,255.0,0.0
2026-08-08_145646_442250_1_R7_TEST1,TEST1,7,idle,2.375,48,2.384211736786775,2.384211736786775,2189.5,0.3895214374666429,baseline-94bc554616954e3e994c1b9ae607805d,-2.0,0.0,228.0,130.0,165.0,255.0,0.0
2026-08-08_145646_442250_1_R7_TEST1,TEST1,7,idle,2.625,47,2.6234922433234096,2.6234922433234096,2022.0,0.3597224693115104,baseline-94bc554616954e3e994c1b9ae607805d,-2.0,0.0,228.0,130.0,165.0,255.0,0.0
2026-08-08_145646_442250_1_R7_TEST1,TEST1,7,idle,2.875,36,2.847124739463268,2.847124739463268,2103.0,0.37413271659847,baseline-94bc554616954e3e994c1b9ae607805d,-2.0,0.0,228.0,130.0,165.0,255.0,0.0
2026-08-08_145646_442250_1_R7_TEST1,TEST1,7,idle,3.125,30,3.1160340616496205,3.1160340616496205,2121.0,0.37733499377334995,baseline-94bc554616954e3e994c1b9ae607805d,-2.0,0.0,228.0,130.0,165.0,255.0,0.0
2026-08-08_145646_442250_1_R7_TEST1,TEST1,7,idle,3.375,25,3.3765678796464016,3.3765678796464016,2570.0,0.45721401885785445,baseline-94bc554616954e3e994c1b9ae607805d,-2.0,0.0,228.0,130.0,165.0,255.0,0.0
2026-08-08_145646_442250_1_R7_TEST1,TEST1,7,idle,3.625,20,3.6098052156728104,3.6098052156728104,2701.0,0.48051948051948057,baseline-94bc554616954e3e994c1b9ae607805d,-2.0,0.0,228.0,130.0,165.0,255.0,0.0
2026-08-08_145646_442250_1_R7_TEST1,TEST1,7,idle,3.875,31,3.862256785989541,3.862256785989541,2484.0,0.4419142501334282,baseline-94bc554616954e3e994c1b9ae607805d,-2.0,0.0,228.0,130.0,165.0,255.0,0.0
2026-08-08_145646_442250_1_R7_TEST1,TEST1,7,idle,4.125,26,4.13399382970989,4.13399382970989,2661.0,0.47340330901974736,baseline-94bc554616954e3e994c1b9ae607805d,-2.0,0.0,228.0,130.0,165.0,255.0,0.0
2026-08-08_145646_442250_1_R7_TEST1,TEST1,7,idle,4.375,32,4.376192375731369,4.376192375731369,1651.5,0.2938089307952322,baseline-94bc554616954e3e994c1b9ae607805d,-2.0,0.0,228.0,130.0,165.0,255.0,0.0
2026-08-08_145646_442250_1_R7_TEST1,TEST1,7,idle,4.625,20,4.627804825113831,4.627804825113831,2611.0,0.4645080946450809,baseline-94bc554616954e3e994c1b9ae607805d,-2.0,0.0,228.0,130.0,165.0,255.0,0.0
2026-08-08_145646_442250_1_R7_TEST1,TEST1,7,idle,4.875,25,4.885568168823111,4.885568168823111,2656.0,0.47251378758228074,baseline-94bc554616954e3e994c1b9ae607805d,-2.0,0.0,228.0,130.0,165.0,255.0,0.0
2026-08-08_145646_442250_1_R7_TEST1,TEST1,7,idle,5.125,28,5.1059646808559815,5.1059646808559815,2685.0,0.4776730119195872,baseline-94bc554616954e3e994c1b9ae607805d,-2.0,0.0,228.0,130.0,165.0,255.0,0.0
2026-08-08_145646_442250_1_R7_TEST1,TEST1,7,idle,5.375,26,5.353219329844048,5.353219329844048,1462.0,0.2600960683152464,baseline-94bc554616954e3e994c1b9ae607805d,-2.0,0.0,228.0,130.0,165.0,255.0,0.0
2026-08-08_145646_442250_1_R7_TEST1,TEST1,7,idle,5.625,22,5.648863025553901,5.648863025553901,4601.5,0.8186265789005516,baseline-94bc554616954e3e994c1b9ae607805d,-2.0,0.0,228.0,130.0,165.0,255.0,0.0
2026-08-08_145646_442250_1_R7_TEST1,TEST1,7,idle,5.875,15,5.890239656996916,5.890239656996916,3330.0,0.5924212773527842,baseline-94bc554616954e3e994c1b9ae607805d,-2.0,0.0,228.0,130.0,165.0,255.0,0.0
2026-08-08_145646_442250_1_R7_TEST1,TEST1,7,idle,6.125,17,6.113232663259445,6.113232663259445,1933.0,0.3438889877246042,baseline-94bc554616954e3e994c1b9ae607805d,-2.0,0.0,228.0,130.0,165.0,255.0,0.0
2026-08-08_145646_442250_1_R7_TEST1,TEST1,7,idle,6.375,10,6.454466495657221,6.454466495657221,604.5,0.10754314178971713,baseline-94bc554616954e3e994c1b9ae607805d,-2.0,0.0,228.0,130.0,165.0,255.0,0.0
2026-08-08_145646_442250_1_R7_TEST1,TEST1,7,idle,6.625,16,6.661993734056056,6.661993734056056,1707.0,0.3036826187511119,baseline-94bc554616954e3e994c1b9ae607805d,-2.0,0.0,228.0,130.0,165.0,255.0,0.0
2026-08-08_145646_442250_1_R7_TEST1,TEST1,7,idle,6.875,15,6.899337947443385,6.899337947443385,2903.0,0.5164561465931329,baseline-94bc554616954e3e994c1b9ae607805d,-2.0,0.0,228.0,130.0,165.0,255.0,0.0
2026-08-08_145646_442250_1_R7_TEST1,TEST1,7,idle,7.125,15,7.154783427054259,7.154783427054259,3015.0,0.5363814267923857,baseline-94bc554616954e3e994c1b9ae607805d,-2.0,0.0,228.0,130.0,165.0,255.0,0.0
2026-08-08_145646_442250_1_R7_TEST1,TEST1,7,idle,7.375,19,7.363983414040267,7.363983414040267,5340.0,0.9500088952143747,baseline-94bc554616954e3e994c1b9ae607805d,-2.0,0.0,228.0,130.0,165.0,255.0,0.0
2026-08-08_145646_442250_1_R7_TEST1,TEST1,7,idle,7.625,20,7.637545979354133,7.637545979354133,5166.5,0.9191425013342822,baseline-94bc554616954e3e994c1b9ae607805d,-2.0,0.0,228.0,130.0,165.0,255.0,0.0
2026-08-08_145646_442250_1_R7_TEST1,TEST1,7,idle,7.875,10,7.832074868115923,7.832074868115923,2163.5,0.3848959259918164,baseline-94bc554616954e3e994c1b9ae607805d,-2.0,0.0,228.0,130.0,165.0,255.0,0.0
2026-08-08_145646_442250_1_R7_TEST1,TEST1,7,idle,8.125,9,8.100340600398296,8.100340600398296,2075.0,0.3691513965486568,baseline-94bc554616954e3e994c1b9ae607805d,-2.0,0.0,228.0,130.0,165.0,255.0,0.0
2026-08-08_145646_442250_1_R7_TEST1,TEST1,7,idle,8.375,6,8.334764111447551,8.334764111447551,422.0,0.07507560932218466,baseline-94bc554616954e3e994c1b9ae607805d,-2.0,0.0,228.0,130.0,165.0,255.0,0.0
2026-08-08_145646_442250_1_R7_TEST1,TEST1,7,idle,8.625,11,8.668681183953122,8.668681183953122,1947.0,0.34637964774951074,baseline-94bc554616954e3e994c1b9ae607805d,-2.0,0.0,228.0,130.0,165.0,255.0,0.0
2026-08-08_145646_442250_1_R7_TEST1,TEST1,7,idle,8.875,12,8.873391371824585,8.873391371824585,1239.0,0.22042341220423411,baseline-94bc554616954e3e994c1b9ae607805d,-2.0,0.0,228.0,130.0,165.0,255.0,0.0
2026-08-08_145646_442250_1_R7_TEST1,TEST1,7,idle,9.125,9,9.17230612497525,9.17230612497525,2345.0,0.41718555417185554,baseline-94bc554616954e3e994c1b9ae607805d,-2.0,0.0,228.0,130.0,165.0,255.0,0.0
2026-08-08_145646_442250_1_R7_TEST1,TEST1,7,idle,9.375,11,9.339730551346502,9.339730551346502,1346.0,0.2394591709660203,baseline-94bc554616954e3e994c1b9ae607805d,-2.0,0.0,228.0,130.0,165.0,255.0,0.0
2026-08-08_145646_442250_1_R7_TEST1,TEST1,7,idle,9.625,7,9.61237907340338,9.61237907340338,3896.0,0.6931151040740082,baseline-94bc554616954e3e994c1b9ae607805d,-2.0,0.0,228.0,130.0,165.0,255.0,0.0
2026-08-08_145646_442250_1_R7_TEST1,TEST1,7,idle,9.875,4,9.933568466632742,9.933568466632742,316.0,0.056217754847891835,baseline-94bc554616954e3e994c1b9ae607805d,-2.0,0.0,228.0,130.0,165.0,255.0,0.0
2026-08-08_145646_442250_1_R7_TEST1,TEST1,7,idle,10.125,4,10.083033658003352,10.083033658003352,2838.0,0.5048923679060665,baseline-94bc554616954e3e994c1b9ae607805d,-2.0,0.0,228.0,130.0,165.0,255.0,0.0
2026-08-08_145646_442250_1_R7_TEST1,TEST1,7,idle,10.375,8,10.322240435151599,10.322240435151599,432.0,0.07685465219711796,baseline-94bc554616954e3e994c1b9ae607805d,-2.0,0.0,228.0,130.0,165.0,255.0,0.0
2026-08-08_145646_442250_1_R7_TEST1,TEST1,7,idle,10.625,4,10.625165790769305,10.625165790769305,5316.5,0.9458281444582815,baseline-94bc554616954e3e994c1b9ae607805d,-2.0,0.0,228.0,130.0,165.0,255.0,0.0
2026-08-08_145646_442250_1_R7_TEST1,TEST1,7,idle,10.875,3,10.957047286464949,10.957047286464949,528.0,0.09393346379647749,baseline-94bc554616954e3e994c1b9ae607805d,-2.0,0.0,228.0,130.0,165.0,255.0,0.0
2026-08-08_145646_442250_1_R7_TEST1,TEST1,7,idle,11.125,6,11.080405732294135,11.080405732294135,2053.0,0.3652375022238036,baseline-94bc554616954e3e994c1b9ae607805d,-2.0,0.0,228.0,130.0,165.0,255.0,0.0
2026-08-08_145646_442250_1_R7_TEST1,TEST1,7,idle,11.375,1,11.272183602081494,11.272183602081494,6995.0,1.2444404910158335,baseline-94bc554616954e3e994c1b9ae607805d,-2.0,0.0,228.0,130.0,165.0,255.0,0.0
2026-08-08_145646_442250_1_R7_TEST1,TEST1,7,idle,11.625,4,11.614949344836056,11.614949344836056,1395.5,0.24826543319694006,baseline-94bc554616954e3e994c1b9ae607805d,-2.0,0.0,228.0,130.0,165.0,255.0,0.0
2026-08-08_145646_442250_1_R7_TEST1,TEST1,7,idle,12.125,3,12.052458893097956,12.052458893097956,2375.0,0.4225226827966554,baseline-94bc554616954e3e994c1b9ae607805d,-2.0,0.0,228.0,130.0,165.0,255.0,0.0
2026-08-08_145646_442250_1_R7_TEST1,TEST1,7,idle,12.375,4,12.433452937048935,12.433452937048935,3931.0,0.6993417541362748,baseline-94bc554616954e3e994c1b9ae607805d,-2.0,0.0,228.0,130.0,165.0,255.0,0.0
2026-08-08_145646_442250_1_R7_TEST1,TEST1,7,idle,12.625,6,12.577916418892563,12.577916418892563,143.5,0.02552926525529265,baseline-94bc554616954e3e994c1b9ae607805d,-2.0,0.0,228.0,130.0,165.0,255.0,0.0
2026-08-08_145646_442250_1_R7_TEST1,TEST1,7,idle,13.125,2,13.114427998717847,13.114427998717847,5892.0,1.048212061910692,baseline-94bc554616954e3e994c1b9ae607805d,-2.0,0.0,228.0,130.0,165.0,255.0,0.0
2026-08-08_145646_442250_1_R7_TEST1,TEST1,7,idle,13.625,1,13.72278449625574,13.72278449625574,1034.0,0.18395303326810175,baseline-94bc554616954e3e994c1b9ae607805d,-2.0,0.0,228.0,130.0,165.0,255.0,0.0
2026-08-08_145646_442250_1_R7_TEST1,TEST1,7,idle,13.875,1,13.82497271111367,13.82497271111367,58.0,0.010318448674613059,baseline-94bc554616954e3e994c1b9ae607805d,-2.0,0.0,228.0,130.0,165.0,255.0,0.0
2026-08-08_145956_684487_1_R8_TEST1,TEST1,8,idle,0.125,3,0.0635965502925856,0.0635965502925856,390.0,0.06792058516196448,baseline-94bc554616954e3e994c1b9ae607805d,-2.0,0.0,228.0,130.0,165.0,255.0,0.0
2026-08-08_145956_684487_1_R8_TEST1,TEST1,8,idle,0.375,2,0.41480030666153733,0.41480030666153733,561.5,0.09778822709857193,baseline-94bc554616954e3e994c1b9ae607805d,-2.0,0.0,228.0,130.0,165.0,255.0,0.0
2026-08-08_145956_684487_1_R8_TEST1,TEST1,8,idle,0.625,6,0.6609807549344682,0.6609807549344682,838.0,0.14594218042493906,baseline-94bc554616954e3e994c1b9ae607805d,-2.0,0.0,228.0,130.0,165.0,255.0,0.0
2026-08-08_145956_684487_1_R8_TEST1,TEST1,8,idle,0.875,18,0.8943975436446059,0.8943975436446059,930.0,0.1619644723092999,baseline-94bc554616954e3e994c1b9ae607805d,-2.0,0.0,228.0,130.0,165.0,255.0,0.0
2026-08-08_145956_684487_1_R8_TEST1,TEST1,8,idle,1.125,26,1.1253424822033908,1.1253424822033908,989.0,0.17223963775687912,baseline-94bc554616954e3e994c1b9ae607805d,-2.0,0.0,228.0,130.0,165.0,255.0,0.0
2026-08-08_145956_684487_1_R8_TEST1,TEST1,8,idle,1.375,39,1.3755340029980991,1.3755340029980991,1557.0,0.2711598746081505,baseline-94bc554616954e3e994c1b9ae607805d,-2.0,0.0,228.0,130.0,165.0,255.0,0.0
2026-08-08_145956_684487_1_R8_TEST1,TEST1,8,idle,1.625,38,1.6117143378388046,1.6117143378388046,1664.5,0.289881574364333,baseline-94bc554616954e3e994c1b9ae607805d,-2.0,0.0,228.0,130.0,165.0,255.0,0.0
2026-08-08_145956_684487_1_R8_TEST1,TEST1,8,idle,1.875,50,1.8665528846632178,1.8665528846632178,1911.0,0.3328108672936259,baseline-94bc554616954e3e994c1b9ae607805d,-2.0,0.0,228.0,130.0,165.0,255.0,0.0
2026-08-08_145956_684487_1_R8_TEST1,TEST1,8,idle,2.125,50,2.112950642418848,2.112950642418848,1851.5,0.3224486241727621,baseline-94bc554616954e3e994c1b9ae607805d,-2.0,0.0,228.0,130.0,165.0,255.0,0.0
2026-08-08_145956_684487_1_R8_TEST1,TEST1,8,idle,2.375,33,2.357454725318833,2.357454725318833,2046.0,0.3563218390804598,baseline-94bc554616954e3e994c1b9ae607805d,-2.0,0.0,228.0,130.0,165.0,255.0,0.0
2026-08-08_145956_684487_1_R8_TEST1,TEST1,8,idle,2.625,24,2.6116157375481706,2.6116157375481706,2189.5,0.3813131313131313,baseline-94bc554616954e3e994c1b9ae607805d,-2.0,0.0,228.0,130.0,165.0,255.0,0.0
2026-08-08_145956_684487_1_R8_TEST1,TEST1,8,idle,2.875,28,2.8924473482043362,2.8924473482043362,2708.5,0.4716997561825148,baseline-94bc554616954e3e994c1b9ae607805d,-2.0,0.0,228.0,130.0,165.0,255.0,0.0
2026-08-08_145956_684487_1_R8_TEST1,TEST1,8,idle,3.125,25,3.1052652685128064,3.1052652685128064,2691.0,0.46865203761755486,baseline-94bc554616954e3e994c1b9ae607805d,-2.0,0.0,228.0,130.0,165.0,255.0,0.0
2026-08-08_145956_684487_1_R8_TEST1,TEST1,8,idle,3.375,22,3.357289089210523,3.357289089210523,2203.5,0.3837513061650992,baseline-94bc554616954e3e994c1b9ae607805d,-2.0,0.0,228.0,130.0,165.0,255.0,0.0
2026-08-08_145956_684487_1_R8_TEST1,TEST1,8,idle,3.625,22,3.610871643779972,3.610871643779972,2841.5,0.4948624172762104,baseline-94bc554616954e3e994c1b9ae607805d,-2.0,0.0,228.0,130.0,165.0,255.0,0.0
2026-08-08_145956_684487_1_R8_TEST1,TEST1,8,idle,3.875,9,3.916539755738174,3.916539755738174,3389.0,0.5902124695228144,baseline-94bc554616954e3e994c1b9ae607805d,-2.0,0.0,228.0,130.0,165.0,255.0,0.0
2026-08-08_145956_684487_1_R8_TEST1,TEST1,8,idle,4.125,13,4.181776692423784,4.181776692423784,2839.0,0.4944270289097875,baseline-94bc554616954e3e994c1b9ae607805d,-2.0,0.0,228.0,130.0,165.0,255.0,0.0
2026-08-08_145956_684487_1_R8_TEST1,TEST1,8,idle,4.375,14,4.3113754043911,4.3113754043911,3097.0,0.5393591083246256,baseline-94bc554616954e3e994c1b9ae607805d,-2.0,0.0,228.0,130.0,165.0,255.0,0.0
2026-08-08_145956_684487_1_R8_TEST1,TEST1,8,idle,4.625,18,4.648812744781889,4.648812744781889,2793.0,0.48641588296760707,baseline-94bc554616954e3e994c1b9ae607805d,-2.0,0.0,228.0,130.0,165.0,255.0,0.0
2026-08-08_145956_684487_1_R8_TEST1,TEST1,8,idle,4.875,23,4.916335167644175,4.916335167644175,3047.0,0.5306513409961686,baseline-94bc554616954e3e994c1b9ae607805d,-2.0,0.0,228.0,130.0,165.0,255.0,0.0
2026-08-08_145956_684487_1_R8_TEST1,TEST1,8,idle,5.125,17,5.138525231442101,5.138525231442101,3242.0,0.5646116335771508,baseline-94bc554616954e3e994c1b9ae607805d,-2.0,0.0,228.0,130.0,165.0,255.0,0.0
2026-08-08_145956_684487_1_R8_TEST1,TEST1,8,idle,5.375,21,5.365880479159506,5.365880479159506,2344.0,0.40822013235806337,baseline-94bc554616954e3e994c1b9ae607805d,-2.0,0.0,228.0,130.0,165.0,255.0,0.0
2026-08-08_145956_684487_1_R8_TEST1,TEST1,8,idle,5.625,21,5.637747470289067,5.637747470289067,3590.0,0.6252176941832114,baseline-94bc554616954e3e994c1b9ae607805d,-2.0,0.0,228.0,130.0,165.0,255.0,0.0
2026-08-08_145956_684487_1_R8_TEST1,TEST1,8,idle,5.875,14,5.898485609461563,5.898485609461563,3537.0,0.6159874608150471,baseline-94bc554616954e3e994c1b9ae607805d,-2.0,0.0,228.0,130.0,165.0,255.0,0.0
2026-08-08_145956_684487_1_R8_TEST1,TEST1,8,idle,6.125,17,6.124268587123028,6.124268587123028,3024.0,0.5266457680250783,baseline-94bc554616954e3e994c1b9ae607805d,-2.0,0.0,228.0,130.0,165.0,255.0,0.0
2026-08-08_145956_684487_1_R8_TEST1,TEST1,8,idle,6.375,17,6.339785242286434,6.339785242286434,2362.0,0.4113549285963079,baseline-94bc554616954e3e994c1b9ae607805d,-2.0,0.0,228.0,130.0,165.0,255.0,0.0
2026-08-08_145956_684487_1_R8_TEST1,TEST1,8,idle,6.625,22,6.606485887400826,6.606485887400826,4776.0,0.831765935214211,baseline-94bc554616954e3e994c1b9ae607805d,-2.0,0.0,228.0,130.0,165.0,255.0,0.0
2026-08-08_145956_684487_1_R8_TEST1,TEST1,8,idle,6.875,11,6.878489227052737,6.878489227052737,3940.0,0.6861720654824103,baseline-94bc554616954e3e994c1b9ae607805d,-2.0,0.0,228.0,130.0,165.0,255.0,0.0
2026-08-08_145956_684487_1_R8_TEST1,TEST1,8,idle,7.125,28,7.166089887615534,7.166089887615534,4440.5,0.7733368164402648,baseline-94bc554616954e3e994c1b9ae607805d,-2.0,0.0,228.0,130.0,165.0,255.0,0.0
2026-08-08_145956_684487_1_R8_TEST1,TEST1,8,idle,7.375,16,7.421405167789121,7.421405167789121,2597.0,0.45228143504005575,baseline-94bc554616954e3e994c1b9ae607805d,-2.0,0.0,228.0,130.0,165.0,255.0,0.0
2026-08-08_145956_684487_1_R8_TEST1,TEST1,8,idle,7.625,11,7.593981632415375,7.593981632415375,3604.0,0.6276558690351793,baseline-94bc554616954e3e994c1b9ae607805d,-2.0,0.0,228.0,130.0,165.0,255.0,0.0
2026-08-08_145956_684487_1_R8_TEST1,TEST1,8,idle,7.875,18,7.854315035718247,7.854315035718247,1543.5,0.26880877742946707,baseline-94bc554616954e3e994c1b9ae607805d,-2.0,0.0,228.0,130.0,165.0,255.0,0.0
2026-08-08_145956_684487_1_R8_TEST1,TEST1,8,idle,8.125,16,8.150750739394232,8.150750739394232,3683.5,0.641501219087426,baseline-94bc554616954e3e994c1b9ae607805d,-2.0,0.0,228.0,130.0,165.0,255.0,0.0
2026-08-08_145956_684487_1_R8_TEST1,TEST1,8,idle,8.375,5,8.408510493680199,8.408510493680199,4283.0,0.7459073493556252,baseline-94bc554616954e3e994c1b9ae607805d,-2.0,0.0,228.0,130.0,165.0,255.0,0.0
2026-08-08_145956_684487_1_R8_TEST1,TEST1,8,idle,8.625,11,8.6317687364036,8.6317687364036,3887.0,0.6769418321142459,baseline-94bc554616954e3e994c1b9ae607805d,-2.0,0.0,228.0,130.0,165.0,255.0,0.0
2026-08-08_145956_684487_1_R8_TEST1,TEST1,8,idle,8.875,6,8.917158243011954,8.917158243011954,1440.0,0.2507836990595611,baseline-94bc554616954e3e994c1b9ae607805d,-2.0,0.0,228.0,130.0,165.0,255.0,0.0
2026-08-08_145956_684487_1_R8_TEST1,TEST1,8,idle,9.125,8,9.112494805614368,9.112494805614368,4200.5,0.7315395332636712,baseline-94bc554616954e3e994c1b9ae607805d,-2.0,0.0,228.0,130.0,165.0,255.0,0.0
2026-08-08_145956_684487_1_R8_TEST1,TEST1,8,idle,9.375,6,9.329754156466288,9.329754156466288,1776.0,0.30929989550679204,baseline-94bc554616954e3e994c1b9ae607805d,-2.0,0.0,228.0,130.0,165.0,255.0,0.0
2026-08-08_145956_684487_1_R8_TEST1,TEST1,8,idle,9.625,7,9.650330173741867,9.650330173741867,644.0,0.11215604319052595,baseline-94bc554616954e3e994c1b9ae607805d,-2.0,0.0,228.0,130.0,165.0,255.0,0.0
2026-08-08_145956_684487_1_R8_TEST1,TEST1,8,idle,9.875,4,9.8533340011959,9.8533340011959,3642.0,0.6342737722048066,baseline-94bc554616954e3e994c1b9ae607805d,-2.0,0.0,228.0,130.0,165.0,255.0,0.0
2026-08-08_145956_684487_1_R8_TEST1,TEST1,8,idle,10.125,6,10.098724528680842,10.098724528680842,2023.5,0.35240334378265414,baseline-94bc554616954e3e994c1b9ae607805d,-2.0,0.0,228.0,130.0,165.0,255.0,0.0
2026-08-08_145956_684487_1_R8_TEST1,TEST1,8,idle,10.375,2,10.365885504103638,10.365885504103638,5463.0,0.9514106583072099,baseline-94bc554616954e3e994c1b9ae607805d,-2.0,0.0,228.0,130.0,165.0,255.0,0.0
2026-08-08_145956_684487_1_R8_TEST1,TEST1,8,idle,10.625,4,10.681664286306376,10.681664286306376,2538.0,0.44200626959247646,baseline-94bc554616954e3e994c1b9ae607805d,-2.0,0.0,228.0,130.0,165.0,255.0,0.0
2026-08-08_145956_684487_1_R8_TEST1,TEST1,8,idle,10.875,7,10.884690130732134,10.884690130732134,1962.0,0.34169278996865204,baseline-94bc554616954e3e994c1b9ae607805d,-2.0,0.0,228.0,130.0,165.0,255.0,0.0
2026-08-08_145956_684487_1_R8_TEST1,TEST1,8,idle,11.125,3,11.18131628678352,11.18131628678352,4052.0,0.7056774642981539,baseline-94bc554616954e3e994c1b9ae607805d,-2.0,0.0,228.0,130.0,165.0,255.0,0.0
2026-08-08_145956_684487_1_R8_TEST1,TEST1,8,idle,11.375,3,11.493089069158108,11.493089069158108,2704.0,0.4709160571229537,baseline-94bc554616954e3e994c1b9ae607805d,-2.0,0.0,228.0,130.0,165.0,255.0,0.0
2026-08-08_145956_684487_1_R8_TEST1,TEST1,8,idle,11.625,8,11.650400675778762,11.650400675778762,4341.0,0.7560083594566354,baseline-94bc554616954e3e994c1b9ae607805d,-2.0,0.0,228.0,130.0,165.0,255.0,0.0
2026-08-08_145956_684487_1_R8_TEST1,TEST1,8,idle,11.875,2,11.9365222632663,11.9365222632663,536.0,0.09334726576105887,baseline-94bc554616954e3e994c1b9ae607805d,-2.0,0.0,228.0,130.0,165.0,255.0,0.0
2026-08-08_145956_684487_1_R8_TEST1,TEST1,8,idle,12.375,3,12.35644057376546,12.35644057376546,834.0,0.1452455590386625,baseline-94bc554616954e3e994c1b9ae607805d,-2.0,0.0,228.0,130.0,165.0,255.0,0.0
2026-08-08_145956_684487_1_R8_TEST1,TEST1,8,idle,12.625,3,12.688994369995116,12.688994369995116,4598.0,0.8007662835249042,baseline-94bc554616954e3e994c1b9ae607805d,-2.0,0.0,228.0,130.0,165.0,255.0,0.0
2026-08-08_145956_684487_1_R8_TEST1,TEST1,8,idle,12.875,2,12.825772022471174,12.825772022471174,621.5,0.1082375478927203,baseline-94bc554616954e3e994c1b9ae607805d,-2.0,0.0,228.0,130.0,165.0,255.0,0.0
2026-08-08_145956_684487_1_R8_TEST1,TEST1,8,idle,13.125,2,13.106750894219317,13.106750894219317,8576.0,1.4935562521769419,baseline-94bc554616954e3e994c1b9ae607805d,-2.0,0.0,228.0,130.0,165.0,255.0,0.0
2026-08-08_145956_684487_1_R8_TEST1,TEST1,8,idle,13.375,2,13.389160408860771,13.389160408860771,7135.0,1.2425983977708115,baseline-94bc554616954e3e994c1b9ae607805d,-2.0,0.0,228.0,130.0,165.0,255.0,0.0
2026-08-08_145956_684487_1_R8_TEST1,TEST1,8,idle,13.625,1,13.628490150388703,13.628490150388703,2016.0,0.3510971786833856,baseline-94bc554616954e3e994c1b9ae607805d,-2.0,0.0,228.0,130.0,165.0,255.0,0.0
2026-08-08_145956_684487_1_R8_TEST1,TEST1,8,idle,13.875,1,13.869589098730131,13.869589098730131,1753.0,0.3052943225357018,baseline-94bc554616954e3e994c1b9ae607805d,-2.0,0.0,228.0,130.0,165.0,255.0,0.0
2026-08-08_145956_684487_1_R8_TEST1,TEST1,8,idle,14.125,1,14.02770683727428,14.02770683727428,3907.0,0.6804249390456287,baseline-94bc554616954e3e994c1b9ae607805d,-2.0,0.0,228.0,130.0,165.0,255.0,0.0
2026-08-08_145956_684487_1_R8_TEST1,TEST1,8,idle,14.625,1,14.732444738555404,14.732444738555404,2669.0,0.4648206199930338,baseline-94bc554616954e3e994c1b9ae607805d,-2.0,0.0,228.0,130.0,165.0,255.0,0.0
2026-08-08_145956_684487_1_R8_TEST1,TEST1,8,idle,14.875,1,14.750553531923524,14.750553531923524,0.0,0.0,baseline-94bc554616954e3e994c1b9ae607805d,-2.0,0.0,228.0,130.0,165.0,255.0,0.0
2026-08-08_150408_799581_1_R9_TEST1,TEST1,9,idle,0.125,2,0.12722272200303358,0.12722272200303358,434.0,0.09239940387481371,baseline-94bc554616954e3e994c1b9ae607805d,-2.0,0.0,228.0,130.0,165.0,255.0,0.0
2026-08-08_150408_799581_1_R9_TEST1,TEST1,9,idle,0.375,1,0.3509930586726136,0.3509930586726136,443.0,0.09431552054502874,baseline-94bc554616954e3e994c1b9ae607805d,-2.0,0.0,228.0,130.0,165.0,255.0,0.0
2026-08-08_150408_799581_1_R9_TEST1,TEST1,9,idle,0.875,6,0.9237641577444686,0.9237641577444686,693.0,0.14754098360655737,baseline-94bc554616954e3e994c1b9ae607805d,-2.0,0.0,228.0,130.0,165.0,255.0,0.0
2026-08-08_150408_799581_1_R9_TEST1,TEST1,9,idle,1.125,6,1.154605122695376,1.154605122695376,729.0,0.1552054502874175,baseline-94bc554616954e3e994c1b9ae607805d,-2.0,0.0,228.0,130.0,165.0,255.0,0.0
2026-08-08_150408_799581_1_R9_TEST1,TEST1,9,idle,1.375,10,1.3840399642902779,1.3840399642902779,1081.0,0.23014690227804982,baseline-94bc554616954e3e994c1b9ae607805d,-2.0,0.0,228.0,130.0,165.0,255.0,0.0
2026-08-08_150408_799581_1_R9_TEST1,TEST1,9,idle,1.625,9,1.582105941246453,1.582105941246453,1304.0,0.2776240153289334,baseline-94bc554616954e3e994c1b9ae607805d,-2.0,0.0,228.0,130.0,165.0,255.0,0.0
2026-08-08_150408_799581_1_R9_TEST1,TEST1,9,idle,1.875,17,1.8886081585713568,1.8886081585713568,1803.0,0.3838620395997445,baseline-94bc554616954e3e994c1b9ae607805d,-2.0,0.0,228.0,130.0,165.0,255.0,0.0
2026-08-08_150408_799581_1_R9_TEST1,TEST1,9,idle,2.125,23,2.1356031241450744,2.1356031241450744,2091.0,0.4451777730466255,baseline-94bc554616954e3e994c1b9ae607805d,-2.0,0.0,228.0,130.0,165.0,255.0,0.0
2026-08-08_150408_799581_1_R9_TEST1,TEST1,9,idle,2.375,31,2.3817296253605544,2.3817296253605544,2342.0,0.4986161379604003,baseline-94bc554616954e3e994c1b9ae607805d,-2.0,0.0,228.0,130.0,165.0,255.0,0.0
2026-08-08_150408_799581_1_R9_TEST1,TEST1,9,idle,2.625,17,2.620755423590372,2.620755423590372,2213.0,0.47115179902065146,baseline-94bc554616954e3e994c1b9ae607805d,-2.0,0.0,228.0,130.0,165.0,255.0,0.0
2026-08-08_150408_799581_1_R9_TEST1,TEST1,9,idle,2.875,31,2.877786020837513,2.877786020837513,2363.0,0.5030870768575687,baseline-94bc554616954e3e994c1b9ae607805d,-2.0,0.0,228.0,130.0,165.0,255.0,0.0
2026-08-08_150408_799581_1_R9_TEST1,TEST1,9,idle,3.125,36,3.1235013693793703,3.1235013693793703,2364.0,0.5032999787098148,baseline-94bc554616954e3e994c1b9ae607805d,-2.0,0.0,228.0,130.0,165.0,255.0,0.0
2026-08-08_150408_799581_1_R9_TEST1,TEST1,9,idle,3.375,19,3.407445932639487,3.407445932639487,2907.0,0.6189056844794549,baseline-94bc554616954e3e994c1b9ae607805d,-2.0,0.0,228.0,130.0,165.0,255.0,0.0
2026-08-08_150408_799581_1_R9_TEST1,TEST1,9,idle,3.625,20,3.619549746655075,3.619549746655075,2252.5,0.47956142218437303,baseline-94bc554616954e3e994c1b9ae607805d,-2.0,0.0,228.0,130.0,165.0,255.0,0.0
2026-08-08_150408_799581_1_R9_TEST1,TEST1,9,idle,3.875,27,3.868334987622296,3.868334987622296,2434.0,0.5182031083670428,baseline-94bc554616954e3e994c1b9ae607805d,-2.0,0.0,228.0,130.0,165.0,255.0,0.0
2026-08-08_150408_799581_1_R9_TEST1,TEST1,9,idle,4.125,19,4.180795423687204,4.180795423687204,2277.0,0.4847775175644028,baseline-94bc554616954e3e994c1b9ae607805d,-2.0,0.0,228.0,130.0,165.0,255.0,0.0
2026-08-08_150408_799581_1_R9_TEST1,TEST1,9,idle,4.375,17,4.343816315192583,4.343816315192583,2566.0,0.5463061528635299,baseline-94bc554616954e3e994c1b9ae607805d,-2.0,0.0,228.0,130.0,165.0,255.0,0.0
2026-08-08_150408_799581_1_R9_TEST1,TEST1,9,idle,4.625,23,4.612275727698826,4.612275727698826,2430.0,0.5173515009580584,baseline-94bc554616954e3e994c1b9ae607805d,-2.0,0.0,228.0,130.0,165.0,255.0,0.0
2026-08-08_150408_799581_1_R9_TEST1,TEST1,9,idle,4.875,30,4.8641613129554635,4.8641613129554635,2423.0,0.5158611879923355,baseline-94bc554616954e3e994c1b9ae607805d,-2.0,0.0,228.0,130.0,165.0,255.0,0.0
2026-08-08_150408_799581_1_R9_TEST1,TEST1,9,idle,5.125,23,5.152263209279788,5.152263209279788,2076.0,0.4419842452629338,baseline-94bc554616954e3e994c1b9ae607805d,-2.0,0.0,228.0,130.0,165.0,255.0,0.0
2026-08-08_150408_799581_1_R9_TEST1,TEST1,9,idle,5.375,14,5.386331563654723,5.386331563654723,2379.0,0.5064935064935066,baseline-94bc554616954e3e994c1b9ae607805d,-2.0,0.0,228.0,130.0,165.0,255.0,0.0
2026-08-08_150408_799581_1_R9_TEST1,TEST1,9,idle,5.625,22,5.586963094914788,5.586963094914788,1754.5,0.37353629976580793,baseline-94bc554616954e3e994c1b9ae607805d,-2.0,0.0,228.0,130.0,165.0,255.0,0.0
2026-08-08_150408_799581_1_R9_TEST1,TEST1,9,idle,5.875,15,5.898785882585176,5.898785882585176,2042.0,0.4347455822865659,baseline-94bc554616954e3e994c1b9ae607805d,-2.0,0.0,228.0,130.0,165.0,255.0,0.0
2026-08-08_150408_799581_1_R9_TEST1,TEST1,9,idle,6.125,15,6.099703751223405,6.099703751223405,2444.0,0.5203321268895039,baseline-94bc554616954e3e994c1b9ae607805d,-2.0,0.0,228.0,130.0,165.0,255.0,0.0
2026-08-08_150408_799581_1_R9_TEST1,TEST1,9,idle,6.375,19,6.388253736737982,6.388253736737982,2749.0,0.5852671918245689,baseline-94bc554616954e3e994c1b9ae607805d,-2.0,0.0,228.0,130.0,165.0,255.0,0.0
2026-08-08_150408_799581_1_R9_TEST1,TEST1,9,idle,6.625,23,6.594708556920043,6.594708556920043,1429.0,0.3042367468596977,baseline-94bc554616954e3e994c1b9ae607805d,-2.0,0.0,228.0,130.0,165.0,255.0,0.0
2026-08-08_150408_799581_1_R9_TEST1,TEST1,9,idle,6.875,10,6.860838393942685,6.860838393942685,5316.0,1.131786246540345,baseline-94bc554616954e3e994c1b9ae607805d,-2.0,0.0,228.0,130.0,165.0,255.0,0.0
2026-08-08_150408_799581_1_R9_TEST1,TEST1,9,idle,7.125,19,7.094883370139905,7.094883370139905,3061.0,0.6516925697253566,baseline-94bc554616954e3e994c1b9ae607805d,-2.0,0.0,228.0,130.0,165.0,255.0,0.0
2026-08-08_150408_799581_1_R9_TEST1,TEST1,9,idle,7.375,17,7.389503955187773,7.389503955187773,1144.0,0.24355971896955503,baseline-94bc554616954e3e994c1b9ae607805d,-2.0,0.0,228.0,130.0,165.0,255.0,0.0
2026-08-08_150408_799581_1_R9_TEST1,TEST1,9,idle,7.625,14,7.596914207923449,7.596914207923449,3428.0,0.7298275494996807,baseline-94bc554616954e3e994c1b9ae607805d,-2.0,0.0,228.0,130.0,165.0,255.0,0.0
2026-08-08_150408_799581_1_R9_TEST1,TEST1,9,idle,7.875,13,7.892513789572839,7.892513789572839,2273.0,0.48392591015541836,baseline-94bc554616954e3e994c1b9ae607805d,-2.0,0.0,228.0,130.0,165.0,255.0,0.0
2026-08-08_150408_799581_1_R9_TEST1,TEST1,9,idle,8.125,14,8.155395977784512,8.155395977784512,3056.0,0.650628060464126,baseline-94bc554616954e3e994c1b9ae607805d,-2.0,0.0,228.0,130.0,165.0,255.0,0.0
2026-08-08_150408_799581_1_R9_TEST1,TEST1,9,idle,8.375,15,8.379449332296021,8.379449332296021,3540.0,0.7536725569512455,baseline-94bc554616954e3e994c1b9ae607805d,-2.0,0.0,228.0,130.0,165.0,255.0,0.0
2026-08-08_150408_799581_1_R9_TEST1,TEST1,9,idle,8.625,18,8.585658404772786,8.585658404772786,2179.0,0.4639131360442836,baseline-94bc554616954e3e994c1b9ae607805d,-2.0,0.0,228.0,130.0,165.0,255.0,0.0
2026-08-08_150408_799581_1_R9_TEST1,TEST1,9,idle,8.875,12,8.900456955780147,8.900456955780147,4974.5,1.0590802639982968,baseline-94bc554616954e3e994c1b9ae607805d,-2.0,0.0,228.0,130.0,165.0,255.0,0.0
2026-08-08_150408_799581_1_R9_TEST1,TEST1,9,idle,9.125,16,9.123653871659346,9.123653871659346,2768.5,0.5894187779433682,baseline-94bc554616954e3e994c1b9ae607805d,-2.0,0.0,228.0,130.0,165.0,255.0,0.0
2026-08-08_150408_799581_1_R9_TEST1,TEST1,9,idle,9.375,10,9.403348364992612,9.403348364992612,1520.5,0.32371726634021714,baseline-94bc554616954e3e994c1b9ae607805d,-2.0,0.0,228.0,130.0,165.0,255.0,0.0
2026-08-08_150408_799581_1_R9_TEST1,TEST1,9,idle,9.625,17,9.641902837719208,9.641902837719208,821.0,0.17479242069406004,baseline-94bc554616954e3e994c1b9ae607805d,-2.0,0.0,228.0,130.0,165.0,255.0,0.0
2026-08-08_150408_799581_1_R9_TEST1,TEST1,9,idle,9.875,16,9.853823643675097,9.853823643675097,1465.0,0.3119012135405578,baseline-94bc554616954e3e994c1b9ae607805d,-2.0,0.0,228.0,130.0,165.0,255.0,0.0
2026-08-08_150408_799581_1_R9_TEST1,TEST1,9,idle,10.125,24,10.150816590556472,10.150816590556472,2993.0,0.6372152437726208,baseline-94bc554616954e3e994c1b9ae607805d,-2.0,0.0,228.0,130.0,165.0,255.0,0.0
2026-08-08_150408_799581_1_R9_TEST1,TEST1,9,idle,10.375,11,10.427673046630616,10.427673046630616,1599.0,0.34043006174153717,baseline-94bc554616954e3e994c1b9ae607805d,-2.0,0.0,228.0,130.0,165.0,255.0,0.0
2026-08-08_150408_799581_1_R9_TEST1,TEST1,9,idle,10.625,12,10.65844866049364,10.65844866049364,903.5,0.1923568235043645,baseline-94bc554616954e3e994c1b9ae607805d,-2.0,0.0,228.0,130.0,165.0,255.0,0.0
2026-08-08_150408_799581_1_R9_TEST1,TEST1,9,idle,10.875,19,10.854905515953943,10.854905515953943,3145.0,0.6695763253140302,baseline-94bc554616954e3e994c1b9ae607805d,-2.0,0.0,228.0,130.0,165.0,255.0,0.0
2026-08-08_150408_799581_1_R9_TEST1,TEST1,9,idle,11.125,8,11.143717752201397,11.143717752201397,4471.5,0.9519906323185011,baseline-94bc554616954e3e994c1b9ae607805d,-2.0,0.0,228.0,130.0,165.0,255.0,0.0
2026-08-08_150408_799581_1_R9_TEST1,TEST1,9,idle,11.375,13,11.416523930500942,11.416523930500942,4488.0,0.955503512880562,baseline-94bc554616954e3e994c1b9ae607805d,-2.0,0.0,228.0,130.0,165.0,255.0,0.0
2026-08-08_150408_799581_1_R9_TEST1,TEST1,9,idle,11.625,9,11.628119795608246,11.628119795608246,1798.0,0.38279753033851394,baseline-94bc554616954e3e994c1b9ae607805d,-2.0,0.0,228.0,130.0,165.0,255.0,0.0
2026-08-08_150408_799581_1_R9_TEST1,TEST1,9,idle,11.875,4,11.885519863544806,11.885519863544806,5866.0,1.2488822652757081,baseline-94bc554616954e3e994c1b9ae607805d,-2.0,0.0,228.0,130.0,165.0,255.0,0.0
2026-08-08_150408_799581_1_R9_TEST1,TEST1,9,idle,12.125,6,12.146589585509075,12.146589585509075,4972.5,1.0586544602938046,baseline-94bc554616954e3e994c1b9ae607805d,-2.0,0.0,228.0,130.0,165.0,255.0,0.0
2026-08-08_150408_799581_1_R9_TEST1,TEST1,9,idle,12.375,5,12.40693734030547,12.40693734030547,1786.0,0.3802427081115606,baseline-94bc554616954e3e994c1b9ae607805d,-2.0,0.0,228.0,130.0,165.0,255.0,0.0
2026-08-08_150408_799581_1_R9_TEST1,TEST1,9,idle,12.625,2,12.565766777714028,12.565766777714028,7567.5,1.6111347668724716,baseline-94bc554616954e3e994c1b9ae607805d,-2.0,0.0,228.0,130.0,165.0,255.0,0.0
2026-08-08_150408_799581_1_R9_TEST1,TEST1,9,idle,12.875,4,12.904537204324855,12.904537204324855,2376.0,0.5058548009367682,baseline-94bc554616954e3e994c1b9ae607805d,-2.0,0.0,228.0,130.0,165.0,255.0,0.0
2026-08-08_150408_799581_1_R9_TEST1,TEST1,9,idle,13.125,1,13.022466794668428,13.022466794668428,7500.0,1.596763891845859,baseline-94bc554616954e3e994c1b9ae607805d,-2.0,0.0,228.0,130.0,165.0,255.0,0.0
2026-08-08_150408_799581_1_R9_TEST1,TEST1,9,idle,13.375,1,13.265199621541717,13.265199621541717,767.0,0.16329572067276985,baseline-94bc554616954e3e994c1b9ae607805d,-2.0,0.0,228.0,130.0,165.0,255.0,0.0
2026-08-08_150408_799581_1_R9_TEST1,TEST1,9,idle,13.625,1,13.586042481715475,13.586042481715475,3872.0,0.8243559718969555,baseline-94bc554616954e3e994c1b9ae607805d,-2.0,0.0,228.0,130.0,165.0,255.0,0.0
2026-08-08_152554_893849_1_R1_TEST2,TEST2,1,idle,0.125,1,0.1739132386991131,0.1739132386991131,0.0,0.0,baseline-51658c86a67b4547bb12c9bc8fb3efd3,-2.0,0.0,228.0,130.0,54.0,38.0,0.0
2026-08-08_152554_893849_1_R1_TEST2,TEST2,1,idle,0.625,1,0.6626561138912332,0.6626561138912332,3.0,0.0004110715264456015,baseline-51658c86a67b4547bb12c9bc8fb3efd3,-2.0,0.0,228.0,130.0,54.0,38.0,0.0
2026-08-08_152554_893849_1_R1_TEST2,TEST2,1,idle,1.125,1,1.1378565080766043,1.1378565080766043,0.0,0.0,baseline-51658c86a67b4547bb12c9bc8fb3efd3,-2.0,0.0,228.0,130.0,54.0,38.0,0.0
2026-08-08_152554_893849_1_R1_TEST2,TEST2,1,idle,1.375,1,1.3514655052835791,1.3514655052835791,43.0,0.005892025212386956,baseline-51658c86a67b4547bb12c9bc8fb3efd3,-2.0,0.0,228.0,130.0,54.0,38.0,0.0
2026-08-08_152554_893849_1_R1_TEST2,TEST2,1,idle,1.625,1,1.6813144531205408,1.6813144531205408,0.0,0.0,baseline-51658c86a67b4547bb12c9bc8fb3efd3,-2.0,0.0,228.0,130.0,54.0,38.0,0.0
2026-08-08_152554_893849_1_R1_TEST2,TEST2,1,idle,2.125,2,2.11243114338387,2.11243114338387,464.5,0.06364757467799398,baseline-51658c86a67b4547bb12c9bc8fb3efd3,-2.0,0.0,228.0,130.0,54.0,38.0,0.0
2026-08-08_152554_893849_1_R1_TEST2,TEST2,1,idle,2.375,8,2.3447223243142834,2.3447223243142834,186.5,0.025554946560701564,baseline-51658c86a67b4547bb12c9bc8fb3efd3,-2.0,0.0,228.0,130.0,54.0,38.0,0.0
2026-08-08_152554_893849_1_R1_TEST2,TEST2,1,idle,2.625,4,2.60525184744764,2.60525184744764,400.5,0.054878048780487805,baseline-51658c86a67b4547bb12c9bc8fb3efd3,-2.0,0.0,228.0,130.0,54.0,38.0,0.0
2026-08-08_152554_893849_1_R1_TEST2,TEST2,1,idle,2.875,5,2.8758222249777754,2.8758222249777754,581.0,0.07961085228829816,baseline-51658c86a67b4547bb12c9bc8fb3efd3,-2.0,0.0,228.0,130.0,54.0,38.0,0.0
2026-08-08_152554_893849_1_R1_TEST2,TEST2,1,idle,3.125,9,3.127874358260032,3.127874358260032,1478.0,0.202521238695533,baseline-51658c86a67b4547bb12c9bc8fb3efd3,-2.0,0.0,228.0,130.0,54.0,38.0,0.0
2026-08-08_152554_893849_1_R1_TEST2,TEST2,1,idle,3.375,7,3.330092391758826,3.330092391758826,925.0,0.1267470539873938,baseline-51658c86a67b4547bb12c9bc8fb3efd3,-2.0,0.0,228.0,130.0,54.0,38.0,0.0
2026-08-08_152554_893849_1_R1_TEST2,TEST2,1,idle,3.625,6,3.6753243490220457,3.6753243490220457,1370.5,0.18779117566456563,baseline-51658c86a67b4547bb12c9bc8fb3efd3,-2.0,0.0,228.0,130.0,54.0,38.0,0.0
2026-08-08_152554_893849_1_R1_TEST2,TEST2,1,idle,3.875,7,3.849048339678767,3.849048339678767,2205.0,0.3021375719375171,baseline-51658c86a67b4547bb12c9bc8fb3efd3,-2.0,0.0,228.0,130.0,54.0,38.0,0.0
2026-08-08_152554_893849_1_R1_TEST2,TEST2,1,idle,4.125,11,4.154383517272025,4.154383517272025,1933.0,0.26486708687311594,baseline-51658c86a67b4547bb12c9bc8fb3efd3,-2.0,0.0,228.0,130.0,54.0,38.0,0.0
2026-08-08_152554_893849_1_R1_TEST2,TEST2,1,idle,4.375,10,4.424202983544378,4.424202983544378,1227.0,0.16812825431625103,baseline-51658c86a67b4547bb12c9bc8fb3efd3,-2.0,0.0,228.0,130.0,54.0,38.0,0.0
2026-08-08_152554_893849_1_R1_TEST2,TEST2,1,idle,4.625,19,4.603587782617961,4.603587782617961,1831.0,0.25089065497396545,baseline-51658c86a67b4547bb12c9bc8fb3efd3,-2.0,0.0,228.0,130.0,54.0,38.0,0.0
2026-08-08_152554_893849_1_R1_TEST2,TEST2,1,idle,4.875,10,4.8208694968845185,4.8208694968845185,1109.0,0.15195944094272404,baseline-51658c86a67b4547bb12c9bc8fb3efd3,-2.0,0.0,228.0,130.0,54.0,38.0,0.0
2026-08-08_152554_893849_1_R1_TEST2,TEST2,1,idle,5.125,3,5.164072572560622,5.164072572560622,1381.0,0.18922992600712524,baseline-51658c86a67b4547bb12c9bc8fb3efd3,-2.0,0.0,228.0,130.0,54.0,38.0,0.0
2026-08-08_152554_893849_1_R1_TEST2,TEST2,1,idle,5.375,15,5.397107934908723,5.397107934908723,1884.0,0.2581529186078378,baseline-51658c86a67b4547bb12c9bc8fb3efd3,-2.0,0.0,228.0,130.0,54.0,38.0,0.0
2026-08-08_152554_893849_1_R1_TEST2,TEST2,1,idle,5.625,13,5.656350263134938,5.656350263134938,1464.0,0.20060290490545354,baseline-51658c86a67b4547bb12c9bc8fb3efd3,-2.0,0.0,228.0,130.0,54.0,38.0,0.0
2026-08-08_152554_893849_1_R1_TEST2,TEST2,1,idle,5.875,10,5.824234585711832,5.824234585711832,1215.5,0.1665524801315429,baseline-51658c86a67b4547bb12c9bc8fb3efd3,-2.0,0.0,228.0,130.0,54.0,38.0,0.0
2026-08-08_152554_893849_1_R1_TEST2,TEST2,1,idle,6.125,19,6.158926998393318,6.158926998393318,1654.0,0.22663743491367497,baseline-51658c86a67b4547bb12c9bc8fb3efd3,-2.0,0.0,228.0,130.0,54.0,38.0,0.0
2026-08-08_152554_893849_1_R1_TEST2,TEST2,1,idle,6.375,18,6.323852628600898,6.323852628600898,2777.0,0.38051520964647845,baseline-51658c86a67b4547bb12c9bc8fb3efd3,-2.0,0.0,228.0,130.0,54.0,38.0,0.0
2026-08-08_152554_893849_1_R1_TEST2,TEST2,1,idle,6.625,6,6.640059053226915,6.640059053226915,1385.0,0.18977802137571936,baseline-51658c86a67b4547bb12c9bc8fb3efd3,-2.0,0.0,228.0,130.0,54.0,38.0,0.0
2026-08-08_152554_893849_1_R1_TEST2,TEST2,1,idle,6.875,10,6.832688043212215,6.832688043212215,2791.5,0.3825020553576322,baseline-51658c86a67b4547bb12c9bc8fb3efd3,-2.0,0.0,228.0,130.0,54.0,38.0,0.0
2026-08-08_152554_893849_1_R1_TEST2,TEST2,1,idle,7.125,16,7.10022609248197,7.10022609248197,2046.0,0.2803507810359003,baseline-51658c86a67b4547bb12c9bc8fb3efd3,-2.0,0.0,228.0,130.0,54.0,38.0,0.0
2026-08-08_152554_893849_1_R1_TEST2,TEST2,1,idle,7.375,16,7.393749715141611,7.393749715141611,4115.5,0.563921622362291,baseline-51658c86a67b4547bb12c9bc8fb3efd3,-2.0,0.0,228.0,130.0,54.0,38.0,0.0
2026-08-08_152554_893849_1_R1_TEST2,TEST2,1,idle,7.625,9,7.59760209498999,7.59760209498999,3889.0,0.5328857221156481,baseline-51658c86a67b4547bb12c9bc8fb3efd3,-2.0,0.0,228.0,130.0,54.0,38.0,0.0
2026-08-08_152554_893849_1_R1_TEST2,TEST2,1,idle,7.875,12,7.852685191259863,7.852685191259863,3452.5,0.4730748150178131,baseline-51658c86a67b4547bb12c9bc8fb3efd3,-2.0,0.0,228.0,130.0,54.0,38.0,0.0
2026-08-08_152554_893849_1_R1_TEST2,TEST2,1,idle,8.125,13,8.098435996466456,8.098435996466456,3717.0,0.5093176212661003,baseline-51658c86a67b4547bb12c9bc8fb3efd3,-2.0,0.0,228.0,130.0,54.0,38.0,0.0
2026-08-08_152554_893849_1_R1_TEST2,TEST2,1,idle,8.375,6,8.41344284204683,8.41344284204683,4513.0,0.6183885996163332,baseline-51658c86a67b4547bb12c9bc8fb3efd3,-2.0,0.0,228.0,130.0,54.0,38.0,0.0
2026-08-08_152554_893849_1_R1_TEST2,TEST2,1,idle,8.625,13,8.600952174198177,8.600952174198177,3516.0,0.481775828994245,baseline-51658c86a67b4547bb12c9bc8fb3efd3,-2.0,0.0,228.0,130.0,54.0,38.0,0.0
2026-08-08_152554_893849_1_R1_TEST2,TEST2,1,idle,8.875,6,8.93296272555106,8.93296272555106,3647.0,0.49972595231570294,baseline-51658c86a67b4547bb12c9bc8fb3efd3,-2.0,0.0,228.0,130.0,54.0,38.0,0.0
2026-08-08_152554_893849_1_R1_TEST2,TEST2,1,idle,9.125,10,9.101193618095762,9.101193618095762,2831.5,0.3879830090435736,baseline-51658c86a67b4547bb12c9bc8fb3efd3,-2.0,0.0,228.0,130.0,54.0,38.0,0.0
2026-08-08_152554_893849_1_R1_TEST2,TEST2,1,idle,9.375,7,9.43236219030044,9.43236219030044,2145.0,0.2939161414086051,baseline-51658c86a67b4547bb12c9bc8fb3efd3,-2.0,0.0,228.0,130.0,54.0,38.0,0.0
2026-08-08_152554_893849_1_R1_TEST2,TEST2,1,idle,9.625,8,9.644283989395156,9.644283989395156,2322.0,0.3181693614688956,baseline-51658c86a67b4547bb12c9bc8fb3efd3,-2.0,0.0,228.0,130.0,54.0,38.0,0.0
2026-08-08_152554_893849_1_R1_TEST2,TEST2,1,idle,9.875,5,9.864464045414636,9.864464045414636,1639.0,0.22458207728144697,baseline-51658c86a67b4547bb12c9bc8fb3efd3,-2.0,0.0,228.0,130.0,54.0,38.0,0.0
2026-08-08_152554_893849_1_R1_TEST2,TEST2,1,idle,10.125,8,10.165583163474016,10.165583163474016,4837.0,0.6627843244724582,baseline-51658c86a67b4547bb12c9bc8fb3efd3,-2.0,0.0,228.0,130.0,54.0,38.0,0.0
2026-08-08_152554_893849_1_R1_TEST2,TEST2,1,idle,10.375,8,10.350761361580922,10.350761361580922,1695.5,0.23232392436283913,baseline-51658c86a67b4547bb12c9bc8fb3efd3,-2.0,0.0,228.0,130.0,54.0,38.0,0.0
2026-08-08_152554_893849_1_R1_TEST2,TEST2,1,idle,10.625,10,10.616264314305745,10.616264314305745,8126.0,1.113455741298986,baseline-51658c86a67b4547bb12c9bc8fb3efd3,-2.0,0.0,228.0,130.0,54.0,38.0,0.0
2026-08-08_152554_893849_1_R1_TEST2,TEST2,1,idle,10.875,5,10.87485995836764,10.87485995836764,9659.0,1.3235132913126884,baseline-51658c86a67b4547bb12c9bc8fb3efd3,-2.0,0.0,228.0,130.0,54.0,38.0,0.0
2026-08-08_152554_893849_1_R1_TEST2,TEST2,1,idle,11.125,5,11.122822003403224,11.122822003403224,8830.0,1.2099205261715538,baseline-51658c86a67b4547bb12c9bc8fb3efd3,-2.0,0.0,228.0,130.0,54.0,38.0,0.0
2026-08-08_152554_893849_1_R1_TEST2,TEST2,1,idle,11.375,6,11.404327870598358,11.404327870598358,1545.5,0.21177034804055905,baseline-51658c86a67b4547bb12c9bc8fb3efd3,-2.0,0.0,228.0,130.0,54.0,38.0,0.0
2026-08-08_152554_893849_1_R1_TEST2,TEST2,1,idle,11.625,8,11.653657114062545,11.653657114062545,955.5,0.1309262811729241,baseline-51658c86a67b4547bb12c9bc8fb3efd3,-2.0,0.0,228.0,130.0,54.0,38.0,0.0
2026-08-08_152554_893849_1_R1_TEST2,TEST2,1,idle,11.875,3,11.87309825811451,11.87309825811451,839.0,0.11496300356261989,baseline-51658c86a67b4547bb12c9bc8fb3efd3,-2.0,0.0,228.0,130.0,54.0,38.0,0.0
2026-08-08_152554_893849_1_R1_TEST2,TEST2,1,idle,12.125,7,12.19065767275596,12.19065767275596,4587.0,0.6285283639353247,baseline-51658c86a67b4547bb12c9bc8fb3efd3,-2.0,0.0,228.0,130.0,54.0,38.0,0.0
2026-08-08_152554_893849_1_R1_TEST2,TEST2,1,idle,12.375,9,12.36523081368556,12.36523081368556,2474.0,0.33899698547547275,baseline-51658c86a67b4547bb12c9bc8fb3efd3,-2.0,0.0,228.0,130.0,54.0,38.0,0.0
2026-08-08_152554_893849_1_R1_TEST2,TEST2,1,idle,12.625,4,12.608235855372593,12.608235855372593,438.5,0.06008495478213209,baseline-51658c86a67b4547bb12c9bc8fb3efd3,-2.0,0.0,228.0,130.0,54.0,38.0,0.0
2026-08-08_152554_893849_1_R1_TEST2,TEST2,1,idle,12.875,3,12.989058294896994,12.989058294896994,7554.0,1.0350781035900247,baseline-51658c86a67b4547bb12c9bc8fb3efd3,-2.0,0.0,228.0,130.0,54.0,38.0,0.0
2026-08-08_152554_893849_1_R1_TEST2,TEST2,1,idle,13.125,2,13.108035714871695,13.108035714871695,4822.5,0.6607974787613045,baseline-51658c86a67b4547bb12c9bc8fb3efd3,-2.0,0.0,228.0,130.0,54.0,38.0,0.0
2026-08-08_152554_893849_1_R1_TEST2,TEST2,1,idle,13.375,3,13.38927408062006,13.38927408062006,4226.0,0.579062756919704,baseline-51658c86a67b4547bb12c9bc8fb3efd3,-2.0,0.0,228.0,130.0,54.0,38.0,0.0
2026-08-08_152554_893849_1_R1_TEST2,TEST2,1,idle,13.625,3,13.72304320341146,13.72304320341146,145.0,0.019868457111537407,baseline-51658c86a67b4547bb12c9bc8fb3efd3,-2.0,0.0,228.0,130.0,54.0,38.0,0.0
2026-08-08_152554_893849_1_R1_TEST2,TEST2,1,idle,13.875,5,13.826306654246366,13.826306654246366,886.0,0.121403124143601,baseline-51658c86a67b4547bb12c9bc8fb3efd3,-2.0,0.0,228.0,130.0,54.0,38.0,0.0
2026-08-08_152554_893849_1_R1_TEST2,TEST2,1,idle,14.125,2,14.101986841663575,14.101986841663575,2286.5,0.31330501507262265,baseline-51658c86a67b4547bb12c9bc8fb3efd3,-2.0,0.0,228.0,130.0,54.0,38.0,0.0
2026-08-08_152554_893849_1_R1_TEST2,TEST2,1,idle,14.625,3,14.60790419371311,14.60790419371311,0.0,0.0,baseline-51658c86a67b4547bb12c9bc8fb3efd3,-2.0,0.0,228.0,130.0,54.0,38.0,0.0
2026-08-08_152554_893849_1_R1_TEST2,TEST2,1,idle,14.875,1,14.875064634746185,14.875064634746185,3504.0,0.4801315428884626,baseline-51658c86a67b4547bb12c9bc8fb3efd3,-2.0,0.0,228.0,130.0,54.0,38.0,0.0
2026-08-08_153239_266323_1_R1_TEST3,TEST3,1,idle,0.125,1,0.0915391044384969,0.0915391044384969,16.0,0.0021923814743765417,baseline-51658c86a67b4547bb12c9bc8fb3efd3,-2.0,0.0,228.0,130.0,54.0,38.0,0.0
2026-08-08_153239_266323_1_R1_TEST3,TEST3,1,idle,0.375,1,0.3509426878910459,0.3509426878910459,0.0,0.0,baseline-51658c86a67b4547bb12c9bc8fb3efd3,-2.0,0.0,228.0,130.0,54.0,38.0,0.0
2026-08-08_153239_266323_1_R1_TEST3,TEST3,1,idle,0.625,1,0.694637114430219,0.694637114430219,188.0,0.025760482323924364,baseline-51658c86a67b4547bb12c9bc8fb3efd3,-2.0,0.0,228.0,130.0,54.0,38.0,0.0
2026-08-08_153239_266323_1_R1_TEST3,TEST3,1,idle,1.125,3,1.0697236361304805,1.0697236361304805,8.0,0.0010961907371882709,baseline-51658c86a67b4547bb12c9bc8fb3efd3,-2.0,0.0,228.0,130.0,54.0,38.0,0.0
2026-08-08_153239_266323_1_R1_TEST3,TEST3,1,idle,1.375,6,1.3750761983661905,1.3750761983661905,653.5,0.08954508084406687,baseline-51658c86a67b4547bb12c9bc8fb3efd3,-2.0,0.0,228.0,130.0,54.0,38.0,0.0
2026-08-08_153239_266323_1_R1_TEST3,TEST3,1,idle,1.625,8,1.6345079271401048,1.6345079271401048,351.5,0.048163880515209645,baseline-51658c86a67b4547bb12c9bc8fb3efd3,-2.0,0.0,228.0,130.0,54.0,38.0,0.0
2026-08-08_153239_266323_1_R1_TEST3,TEST3,1,idle,1.875,2,1.893615435709159,1.893615435709159,500.0,0.06851192107426692,baseline-51658c86a67b4547bb12c9bc8fb3efd3,-2.0,0.0,228.0,130.0,54.0,38.0,0.0
2026-08-08_153239_266323_1_R1_TEST3,TEST3,1,idle,2.125,8,2.11136352613251,2.11136352613251,864.0,0.11838859961633325,baseline-51658c86a67b4547bb12c9bc8fb3efd3,-2.0,0.0,228.0,130.0,54.0,38.0,0.0
2026-08-08_153239_266323_1_R1_TEST3,TEST3,1,idle,2.375,6,2.3851843148763603,2.3851843148763603,696.0,0.09536859413537956,baseline-51658c86a67b4547bb12c9bc8fb3efd3,-2.0,0.0,228.0,130.0,54.0,38.0,0.0
2026-08-08_153239_266323_1_R1_TEST3,TEST3,1,idle,2.625,7,2.630707960143869,2.630707960143869,434.0,0.059468347492463686,baseline-51658c86a67b4547bb12c9bc8fb3efd3,-2.0,0.0,228.0,130.0,54.0,38.0,0.0
2026-08-08_153239_266323_1_R1_TEST3,TEST3,1,idle,2.875,13,2.852558019482838,2.852558019482838,925.0,0.1267470539873938,baseline-51658c86a67b4547bb12c9bc8fb3efd3,-2.0,0.0,228.0,130.0,54.0,38.0,0.0
2026-08-08_153239_266323_1_R1_TEST3,TEST3,1,idle,3.125,17,3.104322777061871,3.104322777061871,328.0,0.0449438202247191,baseline-51658c86a67b4547bb12c9bc8fb3efd3,-2.0,0.0,228.0,130.0,54.0,38.0,0.0
2026-08-08_153239_266323_1_R1_TEST3,TEST3,1,idle,3.375,16,3.432715664903494,3.432715664903494,708.0,0.09701288024116196,baseline-51658c86a67b4547bb12c9bc8fb3efd3,-2.0,0.0,228.0,130.0,54.0,38.0,0.0
2026-08-08_153239_266323_1_R1_TEST3,TEST3,1,idle,3.625,20,3.605906982224866,3.605906982224866,626.0,0.08577692518498219,baseline-51658c86a67b4547bb12c9bc8fb3efd3,-2.0,0.0,228.0,130.0,54.0,38.0,0.0
2026-08-08_153239_266323_1_R1_TEST3,TEST3,1,idle,3.875,23,3.8972101922909146,3.8972101922909146,818.0,0.11208550287750069,baseline-51658c86a67b4547bb12c9bc8fb3efd3,-2.0,0.0,228.0,130.0,54.0,38.0,0.0
2026-08-08_153239_266323_1_R1_TEST3,TEST3,1,idle,4.125,26,4.123987640448822,4.123987640448822,1183.5,0.16216771718278983,baseline-51658c86a67b4547bb12c9bc8fb3efd3,-2.0,0.0,228.0,130.0,54.0,38.0,0.0
2026-08-08_153239_266323_1_R1_TEST3,TEST3,1,idle,4.375,25,4.346531205732609,4.346531205732609,794.0,0.10879693066593588,baseline-51658c86a67b4547bb12c9bc8fb3efd3,-2.0,0.0,228.0,130.0,54.0,38.0,0.0
2026-08-08_153239_266323_1_R1_TEST3,TEST3,1,idle,4.625,18,4.6280814016071865,4.6280814016071865,1150.5,0.15764593039188818,baseline-51658c86a67b4547bb12c9bc8fb3efd3,-2.0,0.0,228.0,130.0,54.0,38.0,0.0
2026-08-08_153239_266323_1_R1_TEST3,TEST3,1,idle,4.875,23,4.873706964976656,4.873706964976656,1092.0,0.14963003562619895,baseline-51658c86a67b4547bb12c9bc8fb3efd3,-2.0,0.0,228.0,130.0,54.0,38.0,0.0
2026-08-08_153239_266323_1_R1_TEST3,TEST3,1,idle,5.125,16,5.171174758328395,5.171174758328395,2166.0,0.2967936420937243,baseline-51658c86a67b4547bb12c9bc8fb3efd3,-2.0,0.0,228.0,130.0,54.0,38.0,0.0
2026-08-08_153239_266323_1_R1_TEST3,TEST3,1,idle,5.375,18,5.378173438068164,5.378173438068164,1566.5,0.21464784872567827,baseline-51658c86a67b4547bb12c9bc8fb3efd3,-2.0,0.0,228.0,130.0,54.0,38.0,0.0
2026-08-08_153239_266323_1_R1_TEST3,TEST3,1,idle,5.625,12,5.621716266621819,5.621716266621819,1678.0,0.2299260071252398,baseline-51658c86a67b4547bb12c9bc8fb3efd3,-2.0,0.0,228.0,130.0,54.0,38.0,0.0
2026-08-08_153239_266323_1_R1_TEST3,TEST3,1,idle,5.875,15,5.893147862015939,5.893147862015939,1218.0,0.16689503973691422,baseline-51658c86a67b4547bb12c9bc8fb3efd3,-2.0,0.0,228.0,130.0,54.0,38.0,0.0
2026-08-08_153239_266323_1_R1_TEST3,TEST3,1,idle,6.125,3,6.115626011172774,6.115626011172774,3784.0,0.5184982186900521,baseline-51658c86a67b4547bb12c9bc8fb3efd3,-2.0,0.0,228.0,130.0,54.0,38.0,0.0
2026-08-08_153239_266323_1_R1_TEST3,TEST3,1,idle,6.375,8,6.40387105962205,6.40387105962205,1690.0,0.23157029323102218,baseline-51658c86a67b4547bb12c9bc8fb3efd3,-2.0,0.0,228.0,130.0,54.0,38.0,0.0
2026-08-08_153239_266323_1_R1_TEST3,TEST3,1,idle,6.625,10,6.623469084006737,6.623469084006737,1140.0,0.1562071800493286,baseline-51658c86a67b4547bb12c9bc8fb3efd3,-2.0,0.0,228.0,130.0,54.0,38.0,0.0
2026-08-08_153239_266323_1_R1_TEST3,TEST3,1,idle,6.875,11,6.829572175400752,6.829572175400752,1313.0,0.17991230474102493,baseline-51658c86a67b4547bb12c9bc8fb3efd3,-2.0,0.0,228.0,130.0,54.0,38.0,0.0
2026-08-08_153239_266323_1_R1_TEST3,TEST3,1,idle,7.125,6,7.087716438947684,7.087716438947684,3761.0,0.5153466703206357,baseline-51658c86a67b4547bb12c9bc8fb3efd3,-2.0,0.0,228.0,130.0,54.0,38.0,0.0
2026-08-08_153239_266323_1_R1_TEST3,TEST3,1,idle,7.375,10,7.35526175583543,7.35526175583543,589.0,0.08070704302548642,baseline-51658c86a67b4547bb12c9bc8fb3efd3,-2.0,0.0,228.0,130.0,54.0,38.0,0.0
2026-08-08_153239_266323_1_R1_TEST3,TEST3,1,idle,7.625,4,7.607056227574012,7.607056227574012,2888.0,0.3957248561249658,baseline-51658c86a67b4547bb12c9bc8fb3efd3,-2.0,0.0,228.0,130.0,54.0,38.0,0.0
2026-08-08_153239_266323_1_R1_TEST3,TEST3,1,idle,7.875,6,7.886240347340511,7.886240347340511,6768.0,0.927377363661277,baseline-51658c86a67b4547bb12c9bc8fb3efd3,-2.0,0.0,228.0,130.0,54.0,38.0,0.0
2026-08-08_153239_266323_1_R1_TEST3,TEST3,1,idle,8.125,5,8.136540901582018,8.136540901582018,5521.0,0.7565086325020554,baseline-51658c86a67b4547bb12c9bc8fb3efd3,-2.0,0.0,228.0,130.0,54.0,38.0,0.0
2026-08-08_153239_266323_1_R1_TEST3,TEST3,1,idle,8.375,5,8.337376779071677,8.337376779071677,0.0,0.0,baseline-51658c86a67b4547bb12c9bc8fb3efd3,-2.0,0.0,228.0,130.0,54.0,38.0,0.0
2026-08-08_153239_266323_1_R1_TEST3,TEST3,1,idle,8.625,7,8.62707080819358,8.62707080819358,5560.0,0.7618525623458482,baseline-51658c86a67b4547bb12c9bc8fb3efd3,-2.0,0.0,228.0,130.0,54.0,38.0,0.0
2026-08-08_153239_266323_1_R1_TEST3,TEST3,1,idle,8.875,2,8.836007764893495,8.836007764893495,3379.5,0.46307207454097016,baseline-51658c86a67b4547bb12c9bc8fb3efd3,-2.0,0.0,228.0,130.0,54.0,38.0,0.0
2026-08-08_153239_266323_1_R1_TEST3,TEST3,1,idle,9.125,7,9.155122363484034,9.155122363484034,1719.0,0.23554398465332968,baseline-51658c86a67b4547bb12c9bc8fb3efd3,-2.0,0.0,228.0,130.0,54.0,38.0,0.0
2026-08-08_153239_266323_1_R1_TEST3,TEST3,1,idle,9.375,4,9.427618171642669,9.427618171642669,2693.5,0.3690737188270759,baseline-51658c86a67b4547bb12c9bc8fb3efd3,-2.0,0.0,228.0,130.0,54.0,38.0,0.0
2026-08-08_153239_266323_1_R1_TEST3,TEST3,1,idle,9.625,5,9.645721756808872,9.645721756808872,892.0,0.1222252671964922,baseline-51658c86a67b4547bb12c9bc8fb3efd3,-2.0,0.0,228.0,130.0,54.0,38.0,0.0
2026-08-08_153239_266323_1_R1_TEST3,TEST3,1,idle,9.875,10,9.87877890219052,9.87877890219052,755.0,0.10345300082214305,baseline-51658c86a67b4547bb12c9bc8fb3efd3,-2.0,0.0,228.0,130.0,54.0,38.0,0.0
2026-08-08_153239_266323_1_R1_TEST3,TEST3,1,idle,10.125,5,10.02176485009577,10.02176485009577,1417.0,0.19416278432447245,baseline-51658c86a67b4547bb12c9bc8fb3efd3,-2.0,0.0,228.0,130.0,54.0,38.0,0.0
2026-08-08_153239_266323_1_R1_TEST3,TEST3,1,idle,10.625,7,10.53927220618068,10.53927220618068,2393.0,0.3278980542614415,baseline-51658c86a67b4547bb12c9bc8fb3efd3,-2.0,0.0,228.0,130.0,54.0,38.0,0.0
2026-08-08_153239_266323_1_R1_TEST3,TEST3,1,idle,10.875,4,10.85065570678188,10.85065570678188,162.5,0.02226637434913675,baseline-51658c86a67b4547bb12c9bc8fb3efd3,-2.0,0.0,228.0,130.0,54.0,38.0,0.0
2026-08-08_153239_266323_1_R1_TEST3,TEST3,1,idle,11.125,1,11.08393590614132,11.08393590614132,0.0,0.0,baseline-51658c86a67b4547bb12c9bc8fb3efd3,-2.0,0.0,228.0,130.0,54.0,38.0,0.0
2026-08-08_153239_266323_1_R1_TEST3,TEST3,1,idle,11.375,5,11.391655774369674,11.391655774369674,167.0,0.02288298163880515,baseline-51658c86a67b4547bb12c9bc8fb3efd3,-2.0,0.0,228.0,130.0,54.0,38.0,0.0
2026-08-08_153239_266323_1_R1_TEST3,TEST3,1,idle,11.625,5,11.642394657420027,11.642394657420027,0.0,0.0,baseline-51658c86a67b4547bb12c9bc8fb3efd3,-2.0,0.0,228.0,130.0,54.0,38.0,0.0
2026-08-08_153239_266323_1_R1_TEST3,TEST3,1,idle,11.875,3,11.837736384662588,11.837736384662588,0.0,0.0,baseline-51658c86a67b4547bb12c9bc8fb3efd3,-2.0,0.0,228.0,130.0,54.0,38.0,0.0
2026-08-08_153239_266323_1_R1_TEST3,TEST3,1,idle,12.125,6,12.125671528743975,12.125671528743975,597.5,0.08187174568374897,baseline-51658c86a67b4547bb12c9bc8fb3efd3,-2.0,0.0,228.0,130.0,54.0,38.0,0.0
2026-08-08_153239_266323_1_R1_TEST3,TEST3,1,idle,12.375,4,12.396674213596086,12.396674213596086,138.0,0.01890929021649767,baseline-51658c86a67b4547bb12c9bc8fb3efd3,-2.0,0.0,228.0,130.0,54.0,38.0,0.0
2026-08-08_153239_266323_1_R1_TEST3,TEST3,1,idle,12.625,3,12.534060683186429,12.534060683186429,2682.0,0.3674979446423678,baseline-51658c86a67b4547bb12c9bc8fb3efd3,-2.0,0.0,228.0,130.0,54.0,38.0,0.0
2026-08-08_153239_266323_1_R1_TEST3,TEST3,1,idle,12.875,3,12.88261180811434,12.88261180811434,3187.0,0.43669498492737735,baseline-51658c86a67b4547bb12c9bc8fb3efd3,-2.0,0.0,228.0,130.0,54.0,38.0,0.0
2026-08-08_153239_266323_1_R1_TEST3,TEST3,1,idle,13.125,5,13.135952229013023,13.135952229013023,5756.0,0.7887092354069608,baseline-51658c86a67b4547bb12c9bc8fb3efd3,-2.0,0.0,228.0,130.0,54.0,38.0,0.0
2026-08-08_153239_266323_1_R1_TEST3,TEST3,1,idle,13.375,4,13.381938164218266,13.381938164218266,0.0,0.0,baseline-51658c86a67b4547bb12c9bc8fb3efd3,-2.0,0.0,228.0,130.0,54.0,38.0,0.0
2026-08-08_153239_266323_1_R1_TEST3,TEST3,1,idle,13.625,2,13.71183239673939,13.71183239673939,2299.0,0.3150178130994793,baseline-51658c86a67b4547bb12c9bc8fb3efd3,-2.0,0.0,228.0,130.0,54.0,38.0,0.0
2026-08-08_153239_266323_1_R1_TEST3,TEST3,1,idle,13.875,4,13.873364630286172,13.873364630286172,459.5,0.0629624554672513,baseline-51658c86a67b4547bb12c9bc8fb3efd3,-2.0,0.0,228.0,130.0,54.0,38.0,0.0
2026-08-08_153239_266323_1_R1_TEST3,TEST3,1,idle,14.125,3,14.147369939362996,14.147369939362996,1721.0,0.23581803233762674,baseline-51658c86a67b4547bb12c9bc8fb3efd3,-2.0,0.0,228.0,130.0,54.0,38.0,0.0
2026-08-08_153239_266323_1_R1_TEST3,TEST3,1,idle,14.375,4,14.390453728615626,14.390453728615626,1325.0,0.18155659084680734,baseline-51658c86a67b4547bb12c9bc8fb3efd3,-2.0,0.0,228.0,130.0,54.0,38.0,0.0
2026-08-08_153239_266323_1_R1_TEST3,TEST3,1,idle,14.625,2,14.71192853306421,14.71192853306421,3071.5,0.42086873115922174,baseline-51658c86a67b4547bb12c9bc8fb3efd3,-2.0,0.0,228.0,130.0,54.0,38.0,0.0
2026-08-08_153239_266323_1_R1_TEST3,TEST3,1,idle,14.875,3,14.95109947726238,14.95109947726238,278.0,0.03809262811729241,baseline-51658c86a67b4547bb12c9bc8fb3efd3,-2.0,0.0,228.0,130.0,54.0,38.0,0.0
2026-08-08_153748_136127_1_R1_TEST4,TEST4,1,idle,0.125,1,0.2188701752490177,0.2188701752490177,136.0,0.018635242532200603,baseline-51658c86a67b4547bb12c9bc8fb3efd3,-2.0,0.0,228.0,130.0,54.0,38.0,0.0
2026-08-08_153748_136127_1_R1_TEST4,TEST4,1,idle,0.875,1,0.9318354603491528,0.9318354603491528,0.0,0.0,baseline-51658c86a67b4547bb12c9bc8fb3efd3,-2.0,0.0,228.0,130.0,54.0,38.0,0.0
2026-08-08_153748_136127_1_R1_TEST4,TEST4,1,idle,1.875,1,1.8678820928816928,1.8678820928816928,0.0,0.0,baseline-51658c86a67b4547bb12c9bc8fb3efd3,-2.0,0.0,228.0,130.0,54.0,38.0,0.0
2026-08-08_153748_136127_1_R1_TEST4,TEST4,1,idle,2.625,3,2.5592327400553225,2.5592327400553225,442.0,0.06056453822965196,baseline-51658c86a67b4547bb12c9bc8fb3efd3,-2.0,0.0,228.0,130.0,54.0,38.0,0.0
2026-08-08_153748_136127_1_R1_TEST4,TEST4,1,idle,2.875,4,2.9054636309672475,2.9054636309672475,1250.5,0.17134831460674158,baseline-51658c86a67b4547bb12c9bc8fb3efd3,-2.0,0.0,228.0,130.0,54.0,38.0,0.0
2026-08-08_153748_136127_1_R1_TEST4,TEST4,1,idle,3.125,4,3.151863012560197,3.151863012560197,577.0,0.07906275691970402,baseline-51658c86a67b4547bb12c9bc8fb3efd3,-2.0,0.0,228.0,130.0,54.0,38.0,0.0
2026-08-08_153748_136127_1_R1_TEST4,TEST4,1,idle,3.375,6,3.38112720262437,3.38112720262437,966.5,0.13243354343655797,baseline-51658c86a67b4547bb12c9bc8fb3efd3,-2.0,0.0,228.0,130.0,54.0,38.0,0.0
2026-08-08_153748_136127_1_R1_TEST4,TEST4,1,idle,3.625,5,3.5591975794580035,3.5591975794580035,679.0,0.09303918881885448,baseline-51658c86a67b4547bb12c9bc8fb3efd3,-2.0,0.0,228.0,130.0,54.0,38.0,0.0
2026-08-08_153748_136127_1_R1_TEST4,TEST4,1,idle,3.875,5,3.797895135073309,3.797895135073309,813.0,0.11140038366675802,baseline-51658c86a67b4547bb12c9bc8fb3efd3,-2.0,0.0,228.0,130.0,54.0,38.0,0.0
2026-08-08_153748_136127_1_R1_TEST4,TEST4,1,idle,4.125,6,4.059991697619704,4.059991697619704,1110.5,0.15216497670594684,baseline-51658c86a67b4547bb12c9bc8fb3efd3,-2.0,0.0,228.0,130.0,54.0,38.0,0.0
2026-08-08_153748_136127_1_R1_TEST4,TEST4,1,idle,4.375,11,4.439084782473563,4.439084782473563,1797.0,0.24623184434091533,baseline-51658c86a67b4547bb12c9bc8fb3efd3,-2.0,0.0,228.0,130.0,54.0,38.0,0.0
2026-08-08_153748_136127_1_R1_TEST4,TEST4,1,idle,4.625,10,4.618574664081812,4.618574664081812,1375.5,0.18847629487530831,baseline-51658c86a67b4547bb12c9bc8fb3efd3,-2.0,0.0,228.0,130.0,54.0,38.0,0.0
2026-08-08_153748_136127_1_R1_TEST4,TEST4,1,idle,4.875,8,4.908565080945669,4.908565080945669,1842.5,0.2524664291586736,baseline-51658c86a67b4547bb12c9bc8fb3efd3,-2.0,0.0,228.0,130.0,54.0,38.0,0.0
2026-08-08_153748_136127_1_R1_TEST4,TEST4,1,idle,5.125,11,5.1587795114922255,5.1587795114922255,2044.0,0.28007673335160316,baseline-51658c86a67b4547bb12c9bc8fb3efd3,-2.0,0.0,228.0,130.0,54.0,38.0,0.0
2026-08-08_153748_136127_1_R1_TEST4,TEST4,1,idle,5.375,9,5.362103233947172,5.362103233947172,3248.0,0.44505343929843794,baseline-51658c86a67b4547bb12c9bc8fb3efd3,-2.0,0.0,228.0,130.0,54.0,38.0,0.0
2026-08-08_153748_136127_1_R1_TEST4,TEST4,1,idle,5.625,8,5.577205116010567,5.577205116010567,3021.0,0.41394902713072074,baseline-51658c86a67b4547bb12c9bc8fb3efd3,-2.0,0.0,228.0,130.0,54.0,38.0,0.0
2026-08-08_153748_136127_1_R1_TEST4,TEST4,1,idle,5.875,12,5.899694854810736,5.899694854810736,2798.5,0.383461222252672,baseline-51658c86a67b4547bb12c9bc8fb3efd3,-2.0,0.0,228.0,130.0,54.0,38.0,0.0
2026-08-08_153748_136127_1_R1_TEST4,TEST4,1,idle,6.125,9,6.152153501557977,6.152153501557977,2483.0,0.34023020005480953,baseline-51658c86a67b4547bb12c9bc8fb3efd3,-2.0,0.0,228.0,130.0,54.0,38.0,0.0
2026-08-08_153748_136127_1_R1_TEST4,TEST4,1,idle,6.375,9,6.366077019174206,6.366077019174206,2933.0,0.40189092902164975,baseline-51658c86a67b4547bb12c9bc8fb3efd3,-2.0,0.0,228.0,130.0,54.0,38.0,0.0
2026-08-08_153748_136127_1_R1_TEST4,TEST4,1,idle,6.625,9,6.614519316110243,6.614519316110243,4817.0,0.6600438476294875,baseline-51658c86a67b4547bb12c9bc8fb3efd3,-2.0,0.0,228.0,130.0,54.0,38.0,0.0
2026-08-08_153748_136127_1_R1_TEST4,TEST4,1,idle,6.875,9,6.917588985198625,6.917588985198625,745.0,0.10208276240065771,baseline-51658c86a67b4547bb12c9bc8fb3efd3,-2.0,0.0,228.0,130.0,54.0,38.0,0.0
2026-08-08_153748_136127_1_R1_TEST4,TEST4,1,idle,7.125,22,7.122364297992037,7.122364297992037,3183.0,0.4361468895587832,baseline-51658c86a67b4547bb12c9bc8fb3efd3,-2.0,0.0,228.0,130.0,54.0,38.0,0.0
2026-08-08_153748_136127_1_R1_TEST4,TEST4,1,idle,7.375,8,7.354560892526514,7.354560892526514,2382.0,0.3263907919978076,baseline-51658c86a67b4547bb12c9bc8fb3efd3,-2.0,0.0,228.0,130.0,54.0,38.0,0.0
2026-08-08_153748_136127_1_R1_TEST4,TEST4,1,idle,7.625,21,7.661437579475699,7.661437579475699,3186.0,0.4365579610852288,baseline-51658c86a67b4547bb12c9bc8fb3efd3,-2.0,0.0,228.0,130.0,54.0,38.0,0.0
2026-08-08_153748_136127_1_R1_TEST4,TEST4,1,idle,7.875,12,7.878527823493174,7.878527823493174,5826.0,0.7983009043573581,baseline-51658c86a67b4547bb12c9bc8fb3efd3,-2.0,0.0,228.0,130.0,54.0,38.0,0.0
2026-08-08_153748_136127_1_R1_TEST4,TEST4,1,idle,8.125,6,8.165361238390918,8.165361238390918,3641.0,0.49890380926281175,baseline-51658c86a67b4547bb12c9bc8fb3efd3,-2.0,0.0,228.0,130.0,54.0,38.0,0.0
2026-08-08_153748_136127_1_R1_TEST4,TEST4,1,idle,8.375,11,8.307610569708109,8.307610569708109,7175.0,0.9831460674157303,baseline-51658c86a67b4547bb12c9bc8fb3efd3,-2.0,0.0,228.0,130.0,54.0,38.0,0.0
2026-08-08_153748_136127_1_R1_TEST4,TEST4,1,idle,8.625,15,8.63865913473073,8.63865913473073,3396.0,0.4653329679364209,baseline-51658c86a67b4547bb12c9bc8fb3efd3,-2.0,0.0,228.0,130.0,54.0,38.0,0.0
2026-08-08_153748_136127_1_R1_TEST4,TEST4,1,idle,8.875,10,8.890231028474332,8.890231028474332,6727.5,0.9218278980542615,baseline-51658c86a67b4547bb12c9bc8fb3efd3,-2.0,0.0,228.0,130.0,54.0,38.0,0.0
2026-08-08_153748_136127_1_R1_TEST4,TEST4,1,idle,9.125,12,9.081180320615054,9.081180320615054,7796.5,1.0683063853110442,baseline-51658c86a67b4547bb12c9bc8fb3efd3,-2.0,0.0,228.0,130.0,54.0,38.0,0.0
2026-08-08_153748_136127_1_R1_TEST4,TEST4,1,idle,9.375,10,9.412714069138621,9.412714069138621,4333.5,0.5937928199506715,baseline-51658c86a67b4547bb12c9bc8fb3efd3,-2.0,0.0,228.0,130.0,54.0,38.0,0.0
2026-08-08_153748_136127_1_R1_TEST4,TEST4,1,idle,9.625,9,9.62670309228834,9.62670309228834,4913.0,0.6731981364757468,baseline-51658c86a67b4547bb12c9bc8fb3efd3,-2.0,0.0,228.0,130.0,54.0,38.0,0.0
2026-08-08_153748_136127_1_R1_TEST4,TEST4,1,idle,9.875,12,9.839098358016821,9.839098358016821,5869.0,0.8041929295697452,baseline-51658c86a67b4547bb12c9bc8fb3efd3,-2.0,0.0,228.0,130.0,54.0,38.0,0.0
2026-08-08_153748_136127_1_R1_TEST4,TEST4,1,idle,10.125,5,10.104572515751851,10.104572515751851,6479.0,0.8877774732803507,baseline-51658c86a67b4547bb12c9bc8fb3efd3,-2.0,0.0,228.0,130.0,54.0,38.0,0.0
2026-08-08_153748_136127_1_R1_TEST4,TEST4,1,idle,10.375,1,10.414213011499127,10.414213011499127,1859.0,0.2547273225541244,baseline-51658c86a67b4547bb12c9bc8fb3efd3,-2.0,0.0,228.0,130.0,54.0,38.0,0.0
2026-08-08_153748_136127_1_R1_TEST4,TEST4,1,idle,10.625,3,10.661674439910144,10.661674439910144,996.0,0.1364757467799397,baseline-51658c86a67b4547bb12c9bc8fb3efd3,-2.0,0.0,228.0,130.0,54.0,38.0,0.0
2026-08-08_153748_136127_1_R1_TEST4,TEST4,1,idle,10.875,3,10.973209922318116,10.973209922318116,699.0,0.09577966566182516,baseline-51658c86a67b4547bb12c9bc8fb3efd3,-2.0,0.0,228.0,130.0,54.0,38.0,0.0
2026-08-08_153748_136127_1_R1_TEST4,TEST4,1,idle,11.125,4,11.059747105548341,11.059747105548341,3869.0,0.5301452452726775,baseline-51658c86a67b4547bb12c9bc8fb3efd3,-2.0,0.0,228.0,130.0,54.0,38.0,0.0
2026-08-08_153748_136127_1_R1_TEST4,TEST4,1,idle,11.375,1,11.449133919974098,11.449133919974098,0.0,0.0,baseline-51658c86a67b4547bb12c9bc8fb3efd3,-2.0,0.0,228.0,130.0,54.0,38.0,0.0
2026-08-08_153748_136127_1_R1_TEST4,TEST4,1,idle,11.625,3,11.608783370059095,11.608783370059095,3801.0,0.5208276240065771,baseline-51658c86a67b4547bb12c9bc8fb3efd3,-2.0,0.0,228.0,130.0,54.0,38.0,0.0
2026-08-08_153748_136127_1_R1_TEST4,TEST4,1,idle,12.125,1,12.080191200553164,12.080191200553164,0.0,0.0,baseline-51658c86a67b4547bb12c9bc8fb3efd3,-2.0,0.0,228.0,130.0,54.0,38.0,0.0
2026-08-08_153748_136127_1_R1_TEST4,TEST4,1,idle,12.375,1,12.307765303458218,12.307765303458218,0.0,0.0,baseline-51658c86a67b4547bb12c9bc8fb3efd3,-2.0,0.0,228.0,130.0,54.0,38.0,0.0
2026-08-08_153748_136127_1_R1_TEST4,TEST4,1,idle,13.625,1,13.701909529684205,13.701909529684205,0.0,0.0,baseline-51658c86a67b4547bb12c9bc8fb3efd3,-2.0,0.0,228.0,130.0,54.0,38.0,0.0
2026-08-08_153748_136127_1_R1_TEST4,TEST4,1,idle,14.375,1,14.447604650986566,14.447604650986566,0.0,0.0,baseline-51658c86a67b4547bb12c9bc8fb3efd3,-2.0,0.0,228.0,130.0,54.0,38.0,0.0
2026-08-08_154243_860887_1_R1_TEST5,TEST5,1,idle,0.125,2,0.0942696720364072,0.0942696720364072,0.0,0.0,baseline-51658c86a67b4547bb12c9bc8fb3efd3,-2.0,0.0,228.0,130.0,54.0,38.0,0.0
2026-08-08_154243_860887_1_R1_TEST5,TEST5,1,idle,0.625,1,0.6240384334569555,0.6240384334569555,0.0,0.0,baseline-51658c86a67b4547bb12c9bc8fb3efd3,-2.0,0.0,228.0,130.0,54.0,38.0,0.0
2026-08-08_154243_860887_1_R1_TEST5,TEST5,1,idle,1.125,1,1.2259924624192753,1.2259924624192753,0.0,0.0,baseline-51658c86a67b4547bb12c9bc8fb3efd3,-2.0,0.0,228.0,130.0,54.0,38.0,0.0
2026-08-08_154243_860887_1_R1_TEST5,TEST5,1,idle,1.625,3,1.630775132596871,1.630775132596871,164.0,0.02247191011235955,baseline-51658c86a67b4547bb12c9bc8fb3efd3,-2.0,0.0,228.0,130.0,54.0,38.0,0.0
2026-08-08_154243_860887_1_R1_TEST5,TEST5,1,idle,1.875,5,1.8544902936508647,1.8544902936508647,0.0,0.0,baseline-51658c86a67b4547bb12c9bc8fb3efd3,-2.0,0.0,228.0,130.0,54.0,38.0,0.0
2026-08-08_154243_860887_1_R1_TEST5,TEST5,1,idle,2.125,17,2.143825902040632,2.143825902040632,0.0,0.0,baseline-51658c86a67b4547bb12c9bc8fb3efd3,-2.0,0.0,228.0,130.0,54.0,38.0,0.0
2026-08-08_154243_860887_1_R1_TEST5,TEST5,1,idle,2.375,20,2.372549610670127,2.372549610670127,5.5,0.0007536311318169361,baseline-51658c86a67b4547bb12c9bc8fb3efd3,-2.0,0.0,228.0,130.0,54.0,38.0,0.0
2026-08-08_154243_860887_1_R1_TEST5,TEST5,1,idle,2.625,16,2.685683000454869,2.685683000454869,615.5,0.08433817484242258,baseline-51658c86a67b4547bb12c9bc8fb3efd3,-2.0,0.0,228.0,130.0,54.0,38.0,0.0
2026-08-08_154243_860887_1_R1_TEST5,TEST5,1,idle,2.875,15,2.873590703363539,2.873590703363539,639.0,0.08755823513291312,baseline-51658c86a67b4547bb12c9bc8fb3efd3,-2.0,0.0,228.0,130.0,54.0,38.0,0.0
2026-08-08_154243_860887_1_R1_TEST5,TEST5,1,idle,3.125,9,3.135170117398,3.135170117398,400.0,0.05480953685941354,baseline-51658c86a67b4547bb12c9bc8fb3efd3,-2.0,0.0,228.0,130.0,54.0,38.0,0.0
2026-08-08_154243_860887_1_R1_TEST5,TEST5,1,idle,3.375,9,3.432593022439736,3.432593022439736,720.0,0.09865716634694437,baseline-51658c86a67b4547bb12c9bc8fb3efd3,-2.0,0.0,228.0,130.0,54.0,38.0,0.0
2026-08-08_154243_860887_1_R1_TEST5,TEST5,1,idle,3.625,13,3.600153829462529,3.600153829462529,1252.0,0.17155385036996437,baseline-51658c86a67b4547bb12c9bc8fb3efd3,-2.0,0.0,228.0,130.0,54.0,38.0,0.0
2026-08-08_154243_860887_1_R1_TEST5,TEST5,1,idle,3.875,12,3.8477755349823566,3.8477755349823566,1462.0,0.20032885722115648,baseline-51658c86a67b4547bb12c9bc8fb3efd3,-2.0,0.0,228.0,130.0,54.0,38.0,0.0
2026-08-08_154243_860887_1_R1_TEST5,TEST5,1,idle,4.125,12,4.13610631989881,4.13610631989881,1539.5,0.21094820498766786,baseline-51658c86a67b4547bb12c9bc8fb3efd3,-2.0,0.0,228.0,130.0,54.0,38.0,0.0
2026-08-08_154243_860887_1_R1_TEST5,TEST5,1,idle,4.375,7,4.442677617819675,4.442677617819675,557.0,0.07632228007673335,baseline-51658c86a67b4547bb12c9bc8fb3efd3,-2.0,0.0,228.0,130.0,54.0,38.0,0.0
2026-08-08_154243_860887_1_R1_TEST5,TEST5,1,idle,4.625,8,4.634002027710552,4.634002027710552,2033.5,0.2786379830090436,baseline-51658c86a67b4547bb12c9bc8fb3efd3,-2.0,0.0,228.0,130.0,54.0,38.0,0.0
2026-08-08_154243_860887_1_R1_TEST5,TEST5,1,idle,4.875,17,4.85183636677408,4.85183636677408,1319.0,0.18073444779391615,baseline-51658c86a67b4547bb12c9bc8fb3efd3,-2.0,0.0,228.0,130.0,54.0,38.0,0.0
2026-08-08_154243_860887_1_R1_TEST5,TEST5,1,idle,5.125,13,5.102597713920998,5.102597713920998,2795.0,0.38298163880515207,baseline-51658c86a67b4547bb12c9bc8fb3efd3,-2.0,0.0,228.0,130.0,54.0,38.0,0.0
2026-08-08_154243_860887_1_R1_TEST5,TEST5,1,idle,5.375,15,5.377505000211693,5.377505000211693,1812.0,0.24828720197314333,baseline-51658c86a67b4547bb12c9bc8fb3efd3,-2.0,0.0,228.0,130.0,54.0,38.0,0.0
2026-08-08_154243_860887_1_R1_TEST5,TEST5,1,idle,5.625,16,5.677790680630476,5.677790680630476,1825.0,0.25006851192107427,baseline-51658c86a67b4547bb12c9bc8fb3efd3,-2.0,0.0,228.0,130.0,54.0,38.0,0.0
2026-08-08_154243_860887_1_R1_TEST5,TEST5,1,idle,5.875,15,5.879522082841931,5.879522082841931,1460.0,0.20005480953685942,baseline-51658c86a67b4547bb12c9bc8fb3efd3,-2.0,0.0,228.0,130.0,54.0,38.0,0.0
2026-08-08_154243_860887_1_R1_TEST5,TEST5,1,idle,6.125,7,6.171245673999189,6.171245673999189,1233.0,0.16895039736914222,baseline-51658c86a67b4547bb12c9bc8fb3efd3,-2.0,0.0,228.0,130.0,54.0,38.0,0.0
2026-08-08_154243_860887_1_R1_TEST5,TEST5,1,idle,6.375,1,6.272372083935834,6.272372083935834,6675.0,0.9146341463414634,baseline-51658c86a67b4547bb12c9bc8fb3efd3,-2.0,0.0,228.0,130.0,54.0,38.0,0.0
2026-08-08_154243_860887_1_R1_TEST5,TEST5,1,idle,6.625,4,6.632879544096189,6.632879544096189,305.0,0.04179227185530282,baseline-51658c86a67b4547bb12c9bc8fb3efd3,-2.0,0.0,228.0,130.0,54.0,38.0,0.0
2026-08-08_154243_860887_1_R1_TEST5,TEST5,1,idle,6.875,2,6.871474812617033,6.871474812617033,95.5,0.013085776925184983,baseline-51658c86a67b4547bb12c9bc8fb3efd3,-2.0,0.0,228.0,130.0,54.0,38.0,0.0
2026-08-08_154243_860887_1_R1_TEST5,TEST5,1,idle,7.125,2,7.08936331278208,7.08936331278208,1231.5,0.16874486160591942,baseline-51658c86a67b4547bb12c9bc8fb3efd3,-2.0,0.0,228.0,130.0,54.0,38.0,0.0
2026-08-08_154243_860887_1_R1_TEST5,TEST5,1,idle,7.375,9,7.358808057729542,7.358808057729542,2622.0,0.35927651411345574,baseline-51658c86a67b4547bb12c9bc8fb3efd3,-2.0,0.0,228.0,130.0,54.0,38.0,0.0
2026-08-08_154243_860887_1_R1_TEST5,TEST5,1,idle,7.625,5,7.538456932428456,7.538456932428456,454.0,0.062208824335434364,baseline-51658c86a67b4547bb12c9bc8fb3efd3,-2.0,0.0,228.0,130.0,54.0,38.0,0.0
2026-08-08_154243_860887_1_R1_TEST5,TEST5,1,idle,7.875,2,7.924680949541727,7.924680949541727,2596.0,0.35571389421759386,baseline-51658c86a67b4547bb12c9bc8fb3efd3,-2.0,0.0,228.0,130.0,54.0,38.0,0.0
2026-08-08_154243_860887_1_R1_TEST5,TEST5,1,idle,8.125,6,8.127023364776498,8.127023364776498,1725.0,0.23636612770622087,baseline-51658c86a67b4547bb12c9bc8fb3efd3,-2.0,0.0,228.0,130.0,54.0,38.0,0.0
2026-08-08_154243_860887_1_R1_TEST5,TEST5,1,idle,8.375,6,8.441118365071869,8.441118365071869,476.5,0.06529186078377638,baseline-51658c86a67b4547bb12c9bc8fb3efd3,-2.0,0.0,228.0,130.0,54.0,38.0,0.0
2026-08-08_154243_860887_1_R1_TEST5,TEST5,1,idle,8.625,4,8.583281777520376,8.583281777520376,2892.5,0.39634146341463417,baseline-51658c86a67b4547bb12c9bc8fb3efd3,-2.0,0.0,228.0,130.0,54.0,38.0,0.0
2026-08-08_154243_860887_1_R1_TEST5,TEST5,1,idle,8.875,5,8.90559594488999,8.90559594488999,3333.0,0.4567004658810633,baseline-51658c86a67b4547bb12c9bc8fb3efd3,-2.0,0.0,228.0,130.0,54.0,38.0,0.0
2026-08-08_154243_860887_1_R1_TEST5,TEST5,1,idle,9.125,4,9.094923771699317,9.094923771699317,3016.5,0.41333241984105235,baseline-51658c86a67b4547bb12c9bc8fb3efd3,-2.0,0.0,228.0,130.0,54.0,38.0,0.0
2026-08-08_154243_860887_1_R1_TEST5,TEST5,1,idle,9.375,6,9.328342471521093,9.328342471521093,532.0,0.07289668402302,baseline-51658c86a67b4547bb12c9bc8fb3efd3,-2.0,0.0,228.0,130.0,54.0,38.0,0.0
2026-08-08_154243_860887_1_R1_TEST5,TEST5,1,idle,9.875,4,9.920169731783176,9.920169731783176,5071.0,0.6948479035352152,baseline-51658c86a67b4547bb12c9bc8fb3efd3,-2.0,0.0,228.0,130.0,54.0,38.0,0.0
2026-08-08_154243_860887_1_R1_TEST5,TEST5,1,idle,10.125,2,10.148127170876599,10.148127170876599,1073.5,0.1470950945464511,baseline-51658c86a67b4547bb12c9bc8fb3efd3,-2.0,0.0,228.0,130.0,54.0,38.0,0.0
2026-08-08_154243_860887_1_R1_TEST5,TEST5,1,idle,10.375,1,10.275735133089256,10.275735133089256,5995.0,0.8214579336804604,baseline-51658c86a67b4547bb12c9bc8fb3efd3,-2.0,0.0,228.0,130.0,54.0,38.0,0.0
2026-08-08_154243_860887_1_R1_TEST5,TEST5,1,idle,10.625,3,10.618573863308896,10.618573863308896,6099.0,0.8357084132639079,baseline-51658c86a67b4547bb12c9bc8fb3efd3,-2.0,0.0,228.0,130.0,54.0,38.0,0.0
2026-08-08_154243_860887_1_R1_TEST5,TEST5,1,idle,10.875,3,10.852205060997424,10.852205060997424,7257.0,0.9943820224719101,baseline-51658c86a67b4547bb12c9bc8fb3efd3,-2.0,0.0,228.0,130.0,54.0,38.0,0.0
2026-08-08_154243_860887_1_R1_TEST5,TEST5,1,idle,11.125,3,11.074330051639832,11.074330051639832,0.0,0.0,baseline-51658c86a67b4547bb12c9bc8fb3efd3,-2.0,0.0,228.0,130.0,54.0,38.0,0.0
2026-08-08_154243_860887_1_R1_TEST5,TEST5,1,idle,11.375,2,11.293096938219584,11.293096938219584,4950.0,0.6782680186352426,baseline-51658c86a67b4547bb12c9bc8fb3efd3,-2.0,0.0,228.0,130.0,54.0,38.0,0.0
2026-08-08_154243_860887_1_R1_TEST5,TEST5,1,idle,11.625,4,11.661077329608407,11.661077329608407,36.0,0.004932858317347218,baseline-51658c86a67b4547bb12c9bc8fb3efd3,-2.0,0.0,228.0,130.0,54.0,38.0,0.0
2026-08-08_154243_860887_1_R1_TEST5,TEST5,1,idle,12.125,1,12.101938991188463,12.101938991188463,1524.0,0.20882433543436557,baseline-51658c86a67b4547bb12c9bc8fb3efd3,-2.0,0.0,228.0,130.0,54.0,38.0,0.0
2026-08-08_154243_860887_1_R1_TEST5,TEST5,1,idle,12.375,1,12.439030006646927,12.439030006646927,0.0,0.0,baseline-51658c86a67b4547bb12c9bc8fb3efd3,-2.0,0.0,228.0,130.0,54.0,38.0,0.0
2026-08-08_154243_860887_1_R1_TEST5,TEST5,1,idle,12.875,1,12.817469065098177,12.817469065098177,0.0,0.0,baseline-51658c86a67b4547bb12c9bc8fb3efd3,-2.0,0.0,228.0,130.0,54.0,38.0,0.0
2026-08-08_154243_860887_1_R1_TEST5,TEST5,1,idle,13.375,1,13.45622906029758,13.45622906029758,1214.0,0.1663469443683201,baseline-51658c86a67b4547bb12c9bc8fb3efd3,-2.0,0.0,228.0,130.0,54.0,38.0,0.0
2026-08-08_154243_860887_1_R1_TEST5,TEST5,1,idle,13.875,1,13.989972557780629,13.989972557780629,2861.0,0.3920252123869553,baseline-51658c86a67b4547bb12c9bc8fb3efd3,-2.0,0.0,228.0,130.0,54.0,38.0,0.0
2026-08-08_154243_860887_1_R1_TEST5,TEST5,1,idle,14.375,1,14.4251293000324,14.4251293000324,867.0,0.11879967114277884,baseline-51658c86a67b4547bb12c9bc8fb3efd3,-2.0,0.0,228.0,130.0,54.0,38.0,0.0
2026-08-08_154243_860887_1_R1_TEST5,TEST5,1,idle,14.625,1,14.710369883530396,14.710369883530396,0.0,0.0,baseline-51658c86a67b4547bb12c9bc8fb3efd3,-2.0,0.0,228.0,130.0,54.0,38.0,0.0
2026-08-08_154344_572251_1_R1_TEST6,TEST6,1,idle,0.125,2,0.042316079272528846,0.042316079272528846,0.0,0.0,baseline-51658c86a67b4547bb12c9bc8fb3efd3,-2.0,0.0,228.0,130.0,54.0,38.0,0.0
2026-08-08_154344_572251_1_R1_TEST6,TEST6,1,idle,0.375,2,0.4047510570101168,0.4047510570101168,0.0,0.0,baseline-51658c86a67b4547bb12c9bc8fb3efd3,-2.0,0.0,228.0,130.0,54.0,38.0,0.0
2026-08-08_154344_572251_1_R1_TEST6,TEST6,1,idle,0.875,2,0.8942183212158683,0.8942183212158683,0.0,0.0,baseline-51658c86a67b4547bb12c9bc8fb3efd3,-2.0,0.0,228.0,130.0,54.0,38.0,0.0
2026-08-08_154344_572251_1_R1_TEST6,TEST6,1,idle,1.125,2,1.084074805393875,1.084074805393875,6.5,0.00089065497396547,baseline-51658c86a67b4547bb12c9bc8fb3efd3,-2.0,0.0,228.0,130.0,54.0,38.0,0.0
2026-08-08_154344_572251_1_R1_TEST6,TEST6,1,idle,1.375,1,1.4868834253122718,1.4868834253122718,0.0,0.0,baseline-51658c86a67b4547bb12c9bc8fb3efd3,-2.0,0.0,228.0,130.0,54.0,38.0,0.0
2026-08-08_154344_572251_1_R1_TEST6,TEST6,1,idle,1.625,1,1.5466622280497144,1.5466622280497144,0.0,0.0,baseline-51658c86a67b4547bb12c9bc8fb3efd3,-2.0,0.0,228.0,130.0,54.0,38.0,0.0
2026-08-08_154344_572251_1_R1_TEST6,TEST6,1,idle,1.875,4,1.947120781998105,1.947120781998105,2.0,0.0002740476842970677,baseline-51658c86a67b4547bb12c9bc8fb3efd3,-2.0,0.0,228.0,130.0,54.0,38.0,0.0
2026-08-08_154344_572251_1_R1_TEST6,TEST6,1,idle,2.125,2,2.0575520750231533,2.0575520750231533,152.0,0.020827624006577145,baseline-51658c86a67b4547bb12c9bc8fb3efd3,-2.0,0.0,228.0,130.0,54.0,38.0,0.0
2026-08-08_154344_572251_1_R1_TEST6,TEST6,1,idle,2.625,2,2.6038845740615297,2.6038845740615297,277.0,0.03795560427514388,baseline-51658c86a67b4547bb12c9bc8fb3efd3,-2.0,0.0,228.0,130.0,54.0,38.0,0.0
2026-08-08_154344_572251_1_R1_TEST6,TEST6,1,idle,2.875,1,2.80976513760986,2.80976513760986,495.0,0.06782680186352426,baseline-51658c86a67b4547bb12c9bc8fb3efd3,-2.0,0.0,228.0,130.0,54.0,38.0,0.0
2026-08-08_154344_572251_1_R1_TEST6,TEST6,1,idle,3.125,5,3.0781798362780077,3.0781798362780077,778.0,0.10660454919155933,baseline-51658c86a67b4547bb12c9bc8fb3efd3,-2.0,0.0,228.0,130.0,54.0,38.0,0.0
2026-08-08_154344_572251_1_R1_TEST6,TEST6,1,idle,3.625,1,3.557261455293156,3.557261455293156,2438.0,0.3340641271581255,baseline-51658c86a67b4547bb12c9bc8fb3efd3,-2.0,0.0,228.0,130.0,54.0,38.0,0.0
2026-08-08_154344_572251_1_R1_TEST6,TEST6,1,idle,3.875,3,3.9330278680086126,3.9330278680086126,809.0,0.11085228829816388,baseline-51658c86a67b4547bb12c9bc8fb3efd3,-2.0,0.0,228.0,130.0,54.0,38.0,0.0
2026-08-08_154344_572251_1_R1_TEST6,TEST6,1,idle,4.125,3,4.154806639304794,4.154806639304794,500.0,0.06851192107426693,baseline-51658c86a67b4547bb12c9bc8fb3efd3,-2.0,0.0,228.0,130.0,54.0,38.0,0.0
2026-08-08_154344_572251_1_R1_TEST6,TEST6,1,idle,4.375,12,4.344831962814619,4.344831962814619,1014.0,0.1389421759386133,baseline-51658c86a67b4547bb12c9bc8fb3efd3,-2.0,0.0,228.0,130.0,54.0,38.0,0.0
2026-08-08_154344_572251_1_R1_TEST6,TEST6,1,idle,4.625,10,4.611988131017898,4.611988131017898,932.5,0.12777473280350782,baseline-51658c86a67b4547bb12c9bc8fb3efd3,-2.0,0.0,228.0,130.0,54.0,38.0,0.0
2026-08-08_154344_572251_1_R1_TEST6,TEST6,1,idle,4.875,7,4.846949388351135,4.846949388351135,944.0,0.12935050698821596,baseline-51658c86a67b4547bb12c9bc8fb3efd3,-2.0,0.0,228.0,130.0,54.0,38.0,0.0
2026-08-08_154344_572251_1_R1_TEST6,TEST6,1,idle,5.125,14,5.155790877657758,5.155790877657758,1333.0,0.18265278158399562,baseline-51658c86a67b4547bb12c9bc8fb3efd3,-2.0,0.0,228.0,130.0,54.0,38.0,0.0
2026-08-08_154344_572251_1_R1_TEST6,TEST6,1,idle,5.375,10,5.384052906733027,5.384052906733027,997.5,0.1366812825431625,baseline-51658c86a67b4547bb12c9bc8fb3efd3,-2.0,0.0,228.0,130.0,54.0,38.0,0.0
2026-08-08_154344_572251_1_R1_TEST6,TEST6,1,idle,5.625,11,5.591786299894438,5.591786299894438,1337.0,0.18320087695258974,baseline-51658c86a67b4547bb12c9bc8fb3efd3,-2.0,0.0,228.0,130.0,54.0,38.0,0.0
2026-08-08_154344_572251_1_R1_TEST6,TEST6,1,idle,5.875,11,5.884479226707834,5.884479226707834,1841.0,0.2522608933954508,baseline-51658c86a67b4547bb12c9bc8fb3efd3,-2.0,0.0,228.0,130.0,54.0,38.0,0.0
2026-08-08_154344_572251_1_R1_TEST6,TEST6,1,idle,6.125,16,6.168879716438061,6.168879716438061,1820.0,0.2493833927103316,baseline-51658c86a67b4547bb12c9bc8fb3efd3,-2.0,0.0,228.0,130.0,54.0,38.0,0.0
2026-08-08_154344_572251_1_R1_TEST6,TEST6,1,idle,6.375,13,6.392211752196175,6.392211752196175,2153.0,0.29501233214579337,baseline-51658c86a67b4547bb12c9bc8fb3efd3,-2.0,0.0,228.0,130.0,54.0,38.0,0.0
2026-08-08_154344_572251_1_R1_TEST6,TEST6,1,idle,6.625,8,6.63785032878407,6.63785032878407,1950.0,0.267196492189641,baseline-51658c86a67b4547bb12c9bc8fb3efd3,-2.0,0.0,228.0,130.0,54.0,38.0,0.0
2026-08-08_154344_572251_1_R1_TEST6,TEST6,1,idle,6.875,13,6.924798444820439,6.924798444820439,944.0,0.12935050698821596,baseline-51658c86a67b4547bb12c9bc8fb3efd3,-2.0,0.0,228.0,130.0,54.0,38.0,0.0
2026-08-08_154344_572251_1_R1_TEST6,TEST6,1,idle,7.125,6,7.122719224322407,7.122719224322407,1070.5,0.1466840230200055,baseline-51658c86a67b4547bb12c9bc8fb3efd3,-2.0,0.0,228.0,130.0,54.0,38.0,0.0
2026-08-08_154344_572251_1_R1_TEST6,TEST6,1,idle,7.375,13,7.362830775583075,7.362830775583075,281.0,0.03850369964373801,baseline-51658c86a67b4547bb12c9bc8fb3efd3,-2.0,0.0,228.0,130.0,54.0,38.0,0.0
2026-08-08_154344_572251_1_R1_TEST6,TEST6,1,idle,7.625,15,7.615494976013831,7.615494976013831,571.0,0.07824061386681283,baseline-51658c86a67b4547bb12c9bc8fb3efd3,-2.0,0.0,228.0,130.0,54.0,38.0,0.0
2026-08-08_154344_572251_1_R1_TEST6,TEST6,1,idle,7.875,15,7.905165671418069,7.905165671418069,2192.0,0.3003562619895862,baseline-51658c86a67b4547bb12c9bc8fb3efd3,-2.0,0.0,228.0,130.0,54.0,38.0,0.0
2026-08-08_154344_572251_1_R1_TEST6,TEST6,1,idle,8.125,9,8.047024978124677,8.047024978124677,0.0,0.0,baseline-51658c86a67b4547bb12c9bc8fb3efd3,-2.0,0.0,228.0,130.0,54.0,38.0,0.0
2026-08-08_154344_572251_1_R1_TEST6,TEST6,1,idle,8.375,16,8.3996952444327,8.3996952444327,1115.5,0.1528500959166895,baseline-51658c86a67b4547bb12c9bc8fb3efd3,-2.0,0.0,228.0,130.0,54.0,38.0,0.0
2026-08-08_154344_572251_1_R1_TEST6,TEST6,1,idle,8.625,11,8.626544719836854,8.626544719836854,967.0,0.13250205535763224,baseline-51658c86a67b4547bb12c9bc8fb3efd3,-2.0,0.0,228.0,130.0,54.0,38.0,0.0
2026-08-08_154344_572251_1_R1_TEST6,TEST6,1,idle,8.875,9,8.846124281590129,8.846124281590129,2612.0,0.3579062756919704,baseline-51658c86a67b4547bb12c9bc8fb3efd3,-2.0,0.0,228.0,130.0,54.0,38.0,0.0
2026-08-08_154344_572251_1_R1_TEST6,TEST6,1,idle,9.125,10,9.148909995110735,9.148909995110735,1493.5,0.2046451082488353,baseline-51658c86a67b4547bb12c9bc8fb3efd3,-2.0,0.0,228.0,130.0,54.0,38.0,0.0
2026-08-08_154344_572251_1_R1_TEST6,TEST6,1,idle,9.375,10,9.331846765740902,9.331846765740902,1255.5,0.17203343381748426,baseline-51658c86a67b4547bb12c9bc8fb3efd3,-2.0,0.0,228.0,130.0,54.0,38.0,0.0
2026-08-08_154344_572251_1_R1_TEST6,TEST6,1,idle,9.625,8,9.659954132631103,9.659954132631103,68.5,0.009386133187174569,baseline-51658c86a67b4547bb12c9bc8fb3efd3,-2.0,0.0,228.0,130.0,54.0,38.0,0.0
2026-08-08_154344_572251_1_R1_TEST6,TEST6,1,idle,9.875,5,9.890299245318856,9.890299245318856,135.0,0.018498218690052068,baseline-51658c86a67b4547bb12c9bc8fb3efd3,-2.0,0.0,228.0,130.0,54.0,38.0,0.0
2026-08-08_154344_572251_1_R1_TEST6,TEST6,1,idle,10.125,3,10.103521645811448,10.103521645811448,1456.0,0.19950671416826526,baseline-51658c86a67b4547bb12c9bc8fb3efd3,-2.0,0.0,228.0,130.0,54.0,38.0,0.0
2026-08-08_154344_572251_1_R1_TEST6,TEST6,1,idle,10.375,4,10.371189650679458,10.371189650679458,357.0,0.04891751164702658,baseline-51658c86a67b4547bb12c9bc8fb3efd3,-2.0,0.0,228.0,130.0,54.0,38.0,0.0
2026-08-08_154344_572251_1_R1_TEST6,TEST6,1,idle,10.625,1,10.690549688909046,10.690549688909046,5710.0,0.7824061386681282,baseline-51658c86a67b4547bb12c9bc8fb3efd3,-2.0,0.0,228.0,130.0,54.0,38.0,0.0
2026-08-08_154344_572251_1_R1_TEST6,TEST6,1,idle,10.875,2,10.92000267709297,10.92000267709297,1344.5,0.18422855576870373,baseline-51658c86a67b4547bb12c9bc8fb3efd3,-2.0,0.0,228.0,130.0,54.0,38.0,0.0
2026-08-08_154344_572251_1_R1_TEST6,TEST6,1,idle,11.375,2,11.445761767872284,11.445761767872284,1249.5,0.17121129076459304,baseline-51658c86a67b4547bb12c9bc8fb3efd3,-2.0,0.0,228.0,130.0,54.0,38.0,0.0
2026-08-08_154344_572251_1_R1_TEST6,TEST6,1,idle,11.625,1,11.585566626543605,11.585566626543605,1491.0,0.20430254864346395,baseline-51658c86a67b4547bb12c9bc8fb3efd3,-2.0,0.0,228.0,130.0,54.0,38.0,0.0
2026-08-08_154344_572251_1_R1_TEST6,TEST6,1,idle,11.875,3,11.817900792966222,11.817900792966222,387.0,0.053028226911482595,baseline-51658c86a67b4547bb12c9bc8fb3efd3,-2.0,0.0,228.0,130.0,54.0,38.0,0.0
2026-08-08_154344_572251_1_R1_TEST6,TEST6,1,idle,12.125,1,12.209152011244736,12.209152011244736,2725.0,0.3733899698547547,baseline-51658c86a67b4547bb12c9bc8fb3efd3,-2.0,0.0,228.0,130.0,54.0,38.0,0.0
2026-08-08_154515_918611_1_R2_TEST2,TEST2,2,idle,1.625,2,1.6609661368200332,1.6609661368200332,0.0,0.0,baseline-51658c86a67b4547bb12c9bc8fb3efd3,-2.0,0.0,228.0,130.0,54.0,38.0,0.0
2026-08-08_154515_918611_1_R2_TEST2,TEST2,2,idle,1.875,1,1.92590905196734,1.92590905196734,0.0,0.0,baseline-51658c86a67b4547bb12c9bc8fb3efd3,-2.0,0.0,228.0,130.0,54.0,38.0,0.0
2026-08-08_154515_918611_1_R2_TEST2,TEST2,2,idle,2.125,1,2.0096842605295357,2.0096842605295357,1139.0,0.15138224348750665,baseline-51658c86a67b4547bb12c9bc8fb3efd3,-2.0,0.0,228.0,130.0,54.0,38.0,0.0
2026-08-08_154515_918611_1_R2_TEST2,TEST2,2,idle,2.375,1,2.4947124100452136,2.4947124100452136,638.0,0.0847953216374269,baseline-51658c86a67b4547bb12c9bc8fb3efd3,-2.0,0.0,228.0,130.0,54.0,38.0,0.0
2026-08-08_154515_918611_1_R2_TEST2,TEST2,2,idle,2.875,4,2.8347043413253212,2.8347043413253212,1259.5,0.16739766081871346,baseline-51658c86a67b4547bb12c9bc8fb3efd3,-2.0,0.0,228.0,130.0,54.0,38.0,0.0
2026-08-08_154515_918611_1_R2_TEST2,TEST2,2,idle,3.125,3,3.172389152020585,3.172389152020585,1214.0,0.16135034556087188,baseline-51658c86a67b4547bb12c9bc8fb3efd3,-2.0,0.0,228.0,130.0,54.0,38.0,0.0
2026-08-08_154515_918611_1_R2_TEST2,TEST2,2,idle,3.625,3,3.5834544356818983,3.5834544356818983,1391.0,0.18487506645401383,baseline-51658c86a67b4547bb12c9bc8fb3efd3,-2.0,0.0,228.0,130.0,54.0,38.0,0.0
2026-08-08_154515_918611_1_R2_TEST2,TEST2,2,idle,3.875,7,3.8469109518980433,3.8469109518980433,1340.0,0.17809675704412548,baseline-51658c86a67b4547bb12c9bc8fb3efd3,-2.0,0.0,228.0,130.0,54.0,38.0,0.0
2026-08-08_154515_918611_1_R2_TEST2,TEST2,2,idle,4.125,14,4.150899092717442,4.150899092717442,1347.0,0.17902711323763953,baseline-51658c86a67b4547bb12c9bc8fb3efd3,-2.0,0.0,228.0,130.0,54.0,38.0,0.0
2026-08-08_154515_918611_1_R2_TEST2,TEST2,2,idle,4.375,13,4.367233749343209,4.367233749343209,1416.0,0.18819776714513556,baseline-51658c86a67b4547bb12c9bc8fb3efd3,-2.0,0.0,228.0,130.0,54.0,38.0,0.0
2026-08-08_154515_918611_1_R2_TEST2,TEST2,2,idle,4.625,13,4.631969215887308,4.631969215887308,1659.0,0.2204944178628389,baseline-51658c86a67b4547bb12c9bc8fb3efd3,-2.0,0.0,228.0,130.0,54.0,38.0,0.0
2026-08-08_154515_918611_1_R2_TEST2,TEST2,2,idle,4.875,18,4.931619706414352,4.931619706414352,1165.0,0.15483785220627327,baseline-51658c86a67b4547bb12c9bc8fb3efd3,-2.0,0.0,228.0,130.0,54.0,38.0,0.0
2026-08-08_154515_918611_1_R2_TEST2,TEST2,2,idle,5.125,11,5.096492301389747,5.096492301389747,1984.0,0.2636895268474216,baseline-51658c86a67b4547bb12c9bc8fb3efd3,-2.0,0.0,228.0,130.0,54.0,38.0,0.0
2026-08-08_154515_918611_1_R2_TEST2,TEST2,2,idle,5.375,12,5.337944140633571,5.337944140633571,2155.0,0.28641679957469435,baseline-51658c86a67b4547bb12c9bc8fb3efd3,-2.0,0.0,228.0,130.0,54.0,38.0,0.0
2026-08-08_154515_918611_1_R2_TEST2,TEST2,2,idle,5.625,17,5.63597883036334,5.63597883036334,1225.0,0.16281233386496544,baseline-51658c86a67b4547bb12c9bc8fb3efd3,-2.0,0.0,228.0,130.0,54.0,38.0,0.0
2026-08-08_154515_918611_1_R2_TEST2,TEST2,2,idle,5.875,12,5.892547444694205,5.892547444694205,2071.0,0.27525252525252525,baseline-51658c86a67b4547bb12c9bc8fb3efd3,-2.0,0.0,228.0,130.0,54.0,38.0,0.0
2026-08-08_154515_918611_1_R2_TEST2,TEST2,2,idle,6.125,10,6.074678778684966,6.074678778684966,1688.5,0.22441520467836257,baseline-51658c86a67b4547bb12c9bc8fb3efd3,-2.0,0.0,228.0,130.0,54.0,38.0,0.0
2026-08-08_154515_918611_1_R2_TEST2,TEST2,2,idle,6.375,13,6.404715088675864,6.404715088675864,2245.0,0.2983785220627326,baseline-51658c86a67b4547bb12c9bc8fb3efd3,-2.0,0.0,228.0,130.0,54.0,38.0,0.0
2026-08-08_154515_918611_1_R2_TEST2,TEST2,2,idle,6.625,17,6.573932851263214,6.573932851263214,2293.0,0.30475810738968634,baseline-51658c86a67b4547bb12c9bc8fb3efd3,-2.0,0.0,228.0,130.0,54.0,38.0,0.0
2026-08-08_154515_918611_1_R2_TEST2,TEST2,2,idle,6.875,8,6.899825807721016,6.899825807721016,1099.0,0.14606592238171184,baseline-51658c86a67b4547bb12c9bc8fb3efd3,-2.0,0.0,228.0,130.0,54.0,38.0,0.0
2026-08-08_154515_918611_1_R2_TEST2,TEST2,2,idle,7.125,16,7.071758085785334,7.071758085785334,555.5,0.07383040935672515,baseline-51658c86a67b4547bb12c9bc8fb3efd3,-2.0,0.0,228.0,130.0,54.0,38.0,0.0
2026-08-08_154515_918611_1_R2_TEST2,TEST2,2,idle,7.375,9,7.331984777189777,7.331984777189777,0.0,0.0,baseline-51658c86a67b4547bb12c9bc8fb3efd3,-2.0,0.0,228.0,130.0,54.0,38.0,0.0
2026-08-08_154515_918611_1_R2_TEST2,TEST2,2,idle,7.625,12,7.650566718841987,7.650566718841987,1863.0,0.24760765550239233,baseline-51658c86a67b4547bb12c9bc8fb3efd3,-2.0,0.0,228.0,130.0,54.0,38.0,0.0
2026-08-08_154515_918611_1_R2_TEST2,TEST2,2,idle,7.875,10,7.840422355904195,7.840422355904195,396.0,0.05263157894736842,baseline-51658c86a67b4547bb12c9bc8fb3efd3,-2.0,0.0,228.0,130.0,54.0,38.0,0.0
2026-08-08_154515_918611_1_R2_TEST2,TEST2,2,idle,8.125,15,8.120975067639872,8.120975067639872,2644.0,0.3514088250930356,baseline-51658c86a67b4547bb12c9bc8fb3efd3,-2.0,0.0,228.0,130.0,54.0,38.0,0.0
2026-08-08_154515_918611_1_R2_TEST2,TEST2,2,idle,8.375,16,8.420937786042284,8.420937786042284,2136.5,0.28395800106326424,baseline-51658c86a67b4547bb12c9bc8fb3efd3,-2.0,0.0,228.0,130.0,54.0,38.0,0.0
2026-08-08_154515_918611_1_R2_TEST2,TEST2,2,idle,8.625,10,8.617800413519392,8.617800413519392,4303.5,0.571969696969697,baseline-51658c86a67b4547bb12c9bc8fb3efd3,-2.0,0.0,228.0,130.0,54.0,38.0,0.0
2026-08-08_154515_918611_1_R2_TEST2,TEST2,2,idle,8.875,10,8.837058578300104,8.837058578300104,1981.0,0.26329080276448696,baseline-51658c86a67b4547bb12c9bc8fb3efd3,-2.0,0.0,228.0,130.0,54.0,38.0,0.0
2026-08-08_154515_918611_1_R2_TEST2,TEST2,2,idle,9.125,9,9.121017251402613,9.121017251402613,1343.0,0.17849548112706007,baseline-51658c86a67b4547bb12c9bc8fb3efd3,-2.0,0.0,228.0,130.0,54.0,38.0,0.0
2026-08-08_154515_918611_1_R2_TEST2,TEST2,2,idle,9.375,8,9.341562590892831,9.341562590892831,2223.5,0.29552099946836785,baseline-51658c86a67b4547bb12c9bc8fb3efd3,-2.0,0.0,228.0,130.0,54.0,38.0,0.0
2026-08-08_154515_918611_1_R2_TEST2,TEST2,2,idle,9.625,9,9.572185782763253,9.572185782763253,486.0,0.0645933014354067,baseline-51658c86a67b4547bb12c9bc8fb3efd3,-2.0,0.0,228.0,130.0,54.0,38.0,0.0
2026-08-08_154515_918611_1_R2_TEST2,TEST2,2,idle,9.875,9,9.865294365483456,9.865294365483456,3134.0,0.4165337586390218,baseline-51658c86a67b4547bb12c9bc8fb3efd3,-2.0,0.0,228.0,130.0,54.0,38.0,0.0
2026-08-08_154515_918611_1_R2_TEST2,TEST2,2,idle,10.125,7,10.092875365390016,10.092875365390016,2230.0,0.29638490164805953,baseline-51658c86a67b4547bb12c9bc8fb3efd3,-2.0,0.0,228.0,130.0,54.0,38.0,0.0
2026-08-08_154515_918611_1_R2_TEST2,TEST2,2,idle,10.375,5,10.4378759575117,10.4378759575117,1206.0,0.16028708133971292,baseline-51658c86a67b4547bb12c9bc8fb3efd3,-2.0,0.0,228.0,130.0,54.0,38.0,0.0
2026-08-08_154515_918611_1_R2_TEST2,TEST2,2,idle,10.625,4,10.716688042469812,10.716688042469812,1567.0,0.2082668793195109,baseline-51658c86a67b4547bb12c9bc8fb3efd3,-2.0,0.0,228.0,130.0,54.0,38.0,0.0
2026-08-08_154515_918611_1_R2_TEST2,TEST2,2,idle,10.875,4,10.88023524847815,10.88023524847815,4420.0,0.5874534821903243,baseline-51658c86a67b4547bb12c9bc8fb3efd3,-2.0,0.0,228.0,130.0,54.0,38.0,0.0
2026-08-08_154515_918611_1_R2_TEST2,TEST2,2,idle,11.125,3,11.186132986629795,11.186132986629795,2133.0,0.2834928229665072,baseline-51658c86a67b4547bb12c9bc8fb3efd3,-2.0,0.0,228.0,130.0,54.0,38.0,0.0
2026-08-08_154515_918611_1_R2_TEST2,TEST2,2,idle,11.625,5,11.690929266896504,11.690929266896504,1729.0,0.2297979797979798,baseline-51658c86a67b4547bb12c9bc8fb3efd3,-2.0,0.0,228.0,130.0,54.0,38.0,0.0
2026-08-08_154515_918611_1_R2_TEST2,TEST2,2,idle,11.875,1,11.781210802978494,11.781210802978494,493.0,0.06552365762892079,baseline-51658c86a67b4547bb12c9bc8fb3efd3,-2.0,0.0,228.0,130.0,54.0,38.0,0.0
2026-08-08_154515_918611_1_R2_TEST2,TEST2,2,idle,12.125,4,12.110914855435801,12.110914855435801,2504.5,0.3328681552365763,baseline-51658c86a67b4547bb12c9bc8fb3efd3,-2.0,0.0,228.0,130.0,54.0,38.0,0.0
2026-08-08_154515_918611_1_R2_TEST2,TEST2,2,idle,12.375,3,12.349088248101458,12.349088248101458,1774.0,0.23577884104199895,baseline-51658c86a67b4547bb12c9bc8fb3efd3,-2.0,0.0,228.0,130.0,54.0,38.0,0.0
2026-08-08_154515_918611_1_R2_TEST2,TEST2,2,idle,12.625,1,12.53284131680351,12.53284131680351,3226.0,0.4287612971823498,baseline-51658c86a67b4547bb12c9bc8fb3efd3,-2.0,0.0,228.0,130.0,54.0,38.0,0.0
2026-08-08_154515_918611_1_R2_TEST2,TEST2,2,idle,13.375,1,13.432666528038826,13.432666528038826,0.0,0.0,baseline-51658c86a67b4547bb12c9bc8fb3efd3,-2.0,0.0,228.0,130.0,54.0,38.0,0.0
2026-08-08_154515_918611_1_R2_TEST2,TEST2,2,idle,13.625,2,13.708100852347595,13.708100852347595,2612.5,0.3472222222222222,baseline-51658c86a67b4547bb12c9bc8fb3efd3,-2.0,0.0,228.0,130.0,54.0,38.0,0.0
2026-08-08_154647_413072_1_R2_TEST3,TEST3,2,idle,0.125,1,0.1286756944819478,0.1286756944819478,0.0,0.0,baseline-51658c86a67b4547bb12c9bc8fb3efd3,-2.0,0.0,228.0,130.0,54.0,38.0,0.0
2026-08-08_154647_413072_1_R2_TEST3,TEST3,2,idle,0.375,1,0.4967874382134301,0.4967874382134301,0.0,0.0,baseline-51658c86a67b4547bb12c9bc8fb3efd3,-2.0,0.0,228.0,130.0,54.0,38.0,0.0
2026-08-08_154647_413072_1_R2_TEST3,TEST3,2,idle,0.875,2,0.8580836292579055,0.8580836292579055,0.0,0.0,baseline-51658c86a67b4547bb12c9bc8fb3efd3,-2.0,0.0,228.0,130.0,54.0,38.0,0.0
2026-08-08_154647_413072_1_R2_TEST3,TEST3,2,idle,1.125,1,1.1073631930403167,1.1073631930403167,0.0,0.0,baseline-51658c86a67b4547bb12c9bc8fb3efd3,-2.0,0.0,228.0,130.0,54.0,38.0,0.0
2026-08-08_154647_413072_1_R2_TEST3,TEST3,2,idle,1.625,6,1.7001608449550605,1.7001608449550605,0.0,0.0,baseline-51658c86a67b4547bb12c9bc8fb3efd3,-2.0,0.0,228.0,130.0,54.0,38.0,0.0
2026-08-08_154647_413072_1_R2_TEST3,TEST3,2,idle,1.875,4,1.7791031140829916,1.7791031140829916,226.5,0.030103668261562997,baseline-51658c86a67b4547bb12c9bc8fb3efd3,-2.0,0.0,228.0,130.0,54.0,38.0,0.0
2026-08-08_154647_413072_1_R2_TEST3,TEST3,2,idle,2.125,6,2.1601086857990106,2.1601086857990106,1516.0,0.20148856990962255,baseline-51658c86a67b4547bb12c9bc8fb3efd3,-2.0,0.0,228.0,130.0,54.0,38.0,0.0
2026-08-08_154647_413072_1_R2_TEST3,TEST3,2,idle,2.375,6,2.374646346909854,2.374646346909854,2431.0,0.32309941520467833,baseline-51658c86a67b4547bb12c9bc8fb3efd3,-2.0,0.0,228.0,130.0,54.0,38.0,0.0
2026-08-08_154647_413072_1_R2_TEST3,TEST3,2,idle,2.625,13,2.6662100693882653,2.6662100693882653,2959.0,0.3932748538011696,baseline-51658c86a67b4547bb12c9bc8fb3efd3,-2.0,0.0,228.0,130.0,54.0,38.0,0.0
2026-08-08_154647_413072_1_R2_TEST3,TEST3,2,idle,2.875,14,2.839697807262988,2.839697807262988,2411.0,0.32044125465178097,baseline-51658c86a67b4547bb12c9bc8fb3efd3,-2.0,0.0,228.0,130.0,54.0,38.0,0.0
2026-08-08_154647_413072_1_R2_TEST3,TEST3,2,idle,3.125,9,3.192400768866729,3.192400768866729,2757.0,0.3664274322169059,baseline-51658c86a67b4547bb12c9bc8fb3efd3,-2.0,0.0,228.0,130.0,54.0,38.0,0.0
2026-08-08_154647_413072_1_R2_TEST3,TEST3,2,idle,3.375,14,3.3747832943591316,3.3747832943591316,2488.5,0.3307416267942584,baseline-51658c86a67b4547bb12c9bc8fb3efd3,-2.0,0.0,228.0,130.0,54.0,38.0,0.0
2026-08-08_154647_413072_1_R2_TEST3,TEST3,2,idle,3.625,10,3.603097341055488,3.603097341055488,2490.5,0.3310074428495481,baseline-51658c86a67b4547bb12c9bc8fb3efd3,-2.0,0.0,228.0,130.0,54.0,38.0,0.0
2026-08-08_154647_413072_1_R2_TEST3,TEST3,2,idle,3.875,9,3.842220462828628,3.842220462828628,3270.0,0.43460925039872406,baseline-51658c86a67b4547bb12c9bc8fb3efd3,-2.0,0.0,228.0,130.0,54.0,38.0,0.0
2026-08-08_154647_413072_1_R2_TEST3,TEST3,2,idle,4.125,10,4.152136501479658,4.152136501479658,2514.5,0.334197235513025,baseline-51658c86a67b4547bb12c9bc8fb3efd3,-2.0,0.0,228.0,130.0,54.0,38.0,0.0
2026-08-08_154647_413072_1_R2_TEST3,TEST3,2,idle,4.375,9,4.369384266384501,4.369384266384501,3188.0,0.42371079213184476,baseline-51658c86a67b4547bb12c9bc8fb3efd3,-2.0,0.0,228.0,130.0,54.0,38.0,0.0
2026-08-08_154647_413072_1_R2_TEST3,TEST3,2,idle,4.625,11,4.5999579706139215,4.5999579706139215,2709.0,0.36004784688995217,baseline-51658c86a67b4547bb12c9bc8fb3efd3,-2.0,0.0,228.0,130.0,54.0,38.0,0.0
2026-08-08_154647_413072_1_R2_TEST3,TEST3,2,idle,4.875,7,4.83972654324538,4.83972654324538,4162.0,0.5531632110579479,baseline-51658c86a67b4547bb12c9bc8fb3efd3,-2.0,0.0,228.0,130.0,54.0,38.0,0.0
2026-08-08_154647_413072_1_R2_TEST3,TEST3,2,idle,5.125,6,5.107353202678058,5.107353202678058,3134.0,0.41653375863902176,baseline-51658c86a67b4547bb12c9bc8fb3efd3,-2.0,0.0,228.0,130.0,54.0,38.0,0.0
2026-08-08_154647_413072_1_R2_TEST3,TEST3,2,idle,5.375,8,5.388722553713647,5.388722553713647,2900.5,0.38549973418394473,baseline-51658c86a67b4547bb12c9bc8fb3efd3,-2.0,0.0,228.0,130.0,54.0,38.0,0.0
2026-08-08_154647_413072_1_R2_TEST3,TEST3,2,idle,5.625,5,5.659150590616425,5.659150590616425,3308.0,0.43965975544922914,baseline-51658c86a67b4547bb12c9bc8fb3efd3,-2.0,0.0,228.0,130.0,54.0,38.0,0.0
2026-08-08_154647_413072_1_R2_TEST3,TEST3,2,idle,5.875,9,5.853601968292617,5.853601968292617,1542.0,0.20494417862838915,baseline-51658c86a67b4547bb12c9bc8fb3efd3,-2.0,0.0,228.0,130.0,54.0,38.0,0.0
2026-08-08_154647_413072_1_R2_TEST3,TEST3,2,idle,6.125,13,6.106838623574175,6.106838623574175,2832.0,0.3763955342902711,baseline-51658c86a67b4547bb12c9bc8fb3efd3,-2.0,0.0,228.0,130.0,54.0,38.0,0.0
2026-08-08_154647_413072_1_R2_TEST3,TEST3,2,idle,6.375,11,6.336520295957428,6.336520295957428,2300.0,0.3056884635832004,baseline-51658c86a67b4547bb12c9bc8fb3efd3,-2.0,0.0,228.0,130.0,54.0,38.0,0.0
2026-08-08_154647_413072_1_R2_TEST3,TEST3,2,idle,6.625,6,6.621954753402624,6.621954753402624,2257.0,0.299973418394471,baseline-51658c86a67b4547bb12c9bc8fb3efd3,-2.0,0.0,228.0,130.0,54.0,38.0,0.0
2026-08-08_154647_413072_1_R2_TEST3,TEST3,2,idle,6.875,4,6.850516978890056,6.850516978890056,5794.5,0.7701355661881978,baseline-51658c86a67b4547bb12c9bc8fb3efd3,-2.0,0.0,228.0,130.0,54.0,38.0,0.0
2026-08-08_154647_413072_1_R2_TEST3,TEST3,2,idle,7.125,12,7.09079132593186,7.09079132593186,3002.0,0.398989898989899,baseline-51658c86a67b4547bb12c9bc8fb3efd3,-2.0,0.0,228.0,130.0,54.0,38.0,0.0
2026-08-08_154647_413072_1_R2_TEST3,TEST3,2,idle,7.375,9,7.3801855943514365,7.3801855943514365,3658.0,0.48617756512493354,baseline-51658c86a67b4547bb12c9bc8fb3efd3,-2.0,0.0,228.0,130.0,54.0,38.0,0.0
2026-08-08_154647_413072_1_R2_TEST3,TEST3,2,idle,7.625,12,7.6620801706687,7.6620801706687,3761.0,0.4998670919723551,baseline-51658c86a67b4547bb12c9bc8fb3efd3,-2.0,0.0,228.0,130.0,54.0,38.0,0.0
2026-08-08_154647_413072_1_R2_TEST3,TEST3,2,idle,7.875,10,7.948029577913683,7.948029577913683,1971.5,0.2620281765018607,baseline-51658c86a67b4547bb12c9bc8fb3efd3,-2.0,0.0,228.0,130.0,54.0,38.0,0.0
2026-08-08_154647_413072_1_R2_TEST3,TEST3,2,idle,8.125,9,8.121041730250427,8.121041730250427,2285.0,0.3036948431685274,baseline-51658c86a67b4547bb12c9bc8fb3efd3,-2.0,0.0,228.0,130.0,54.0,38.0,0.0
2026-08-08_154647_413072_1_R2_TEST3,TEST3,2,idle,8.375,12,8.400501838655039,8.400501838655039,2571.0,0.3417065390749601,baseline-51658c86a67b4547bb12c9bc8fb3efd3,-2.0,0.0,228.0,130.0,54.0,38.0,0.0
2026-08-08_154647_413072_1_R2_TEST3,TEST3,2,idle,8.625,10,8.55752159829898,8.55752159829898,2888.5,0.3839048378522063,baseline-51658c86a67b4547bb12c9bc8fb3efd3,-2.0,0.0,228.0,130.0,54.0,38.0,0.0
2026-08-08_154647_413072_1_R2_TEST3,TEST3,2,idle,8.875,8,8.821916843919254,8.821916843919254,2622.0,0.3484848484848485,baseline-51658c86a67b4547bb12c9bc8fb3efd3,-2.0,0.0,228.0,130.0,54.0,38.0,0.0
2026-08-08_154647_413072_1_R2_TEST3,TEST3,2,idle,9.125,7,9.1316254333155,9.1316254333155,2993.0,0.39779372674109514,baseline-51658c86a67b4547bb12c9bc8fb3efd3,-2.0,0.0,228.0,130.0,54.0,38.0,0.0
2026-08-08_154647_413072_1_R2_TEST3,TEST3,2,idle,9.375,4,9.382484284935162,9.382484284935162,2875.0,0.3821105794790005,baseline-51658c86a67b4547bb12c9bc8fb3efd3,-2.0,0.0,228.0,130.0,54.0,38.0,0.0
2026-08-08_154647_413072_1_R2_TEST3,TEST3,2,idle,9.625,4,9.597424263443088,9.597424263443088,4957.5,0.6588915470494419,baseline-51658c86a67b4547bb12c9bc8fb3efd3,-2.0,0.0,228.0,130.0,54.0,38.0,0.0
2026-08-08_154647_413072_1_R2_TEST3,TEST3,2,idle,9.875,5,9.86824596325422,9.86824596325422,604.0,0.08027644869750133,baseline-51658c86a67b4547bb12c9bc8fb3efd3,-2.0,0.0,228.0,130.0,54.0,38.0,0.0
2026-08-08_154647_413072_1_R2_TEST3,TEST3,2,idle,10.125,6,10.055711539525817,10.055711539525817,4306.0,0.5723019670388092,baseline-51658c86a67b4547bb12c9bc8fb3efd3,-2.0,0.0,228.0,130.0,54.0,38.0,0.0
2026-08-08_154647_413072_1_R2_TEST3,TEST3,2,idle,10.375,6,10.410195217992516,10.410195217992516,1729.0,0.2297979797979798,baseline-51658c86a67b4547bb12c9bc8fb3efd3,-2.0,0.0,228.0,130.0,54.0,38.0,0.0
2026-08-08_154647_413072_1_R2_TEST3,TEST3,2,idle,10.625,1,10.550649519544558,10.550649519544558,5712.0,0.759170653907496,baseline-51658c86a67b4547bb12c9bc8fb3efd3,-2.0,0.0,228.0,130.0,54.0,38.0,0.0
2026-08-08_154647_413072_1_R2_TEST3,TEST3,2,idle,10.875,2,10.826154172722404,10.826154172722404,3353.0,0.4456406166932483,baseline-51658c86a67b4547bb12c9bc8fb3efd3,-2.0,0.0,228.0,130.0,54.0,38.0,0.0
2026-08-08_154647_413072_1_R2_TEST3,TEST3,2,idle,11.125,2,11.082113309015108,11.082113309015108,8689.5,1.1549043062200957,baseline-51658c86a67b4547bb12c9bc8fb3efd3,-2.0,0.0,228.0,130.0,54.0,38.0,0.0
2026-08-08_154647_413072_1_R2_TEST3,TEST3,2,idle,11.375,8,11.413905298511992,11.413905298511992,2458.0,0.3266879319510898,baseline-51658c86a67b4547bb12c9bc8fb3efd3,-2.0,0.0,228.0,130.0,54.0,38.0,0.0
2026-08-08_154647_413072_1_R2_TEST3,TEST3,2,idle,11.625,3,11.684956254809896,11.684956254809896,6599.0,0.8770600744284954,baseline-51658c86a67b4547bb12c9bc8fb3efd3,-2.0,0.0,228.0,130.0,54.0,38.0,0.0
2026-08-08_154647_413072_1_R2_TEST3,TEST3,2,idle,11.875,1,11.835862922369795,11.835862922369795,9550.0,1.2692716640085062,baseline-51658c86a67b4547bb12c9bc8fb3efd3,-2.0,0.0,228.0,130.0,54.0,38.0,0.0
2026-08-08_154647_413072_1_R2_TEST3,TEST3,2,idle,12.125,2,12.130651276227077,12.130651276227077,5692.0,0.7565124933545986,baseline-51658c86a67b4547bb12c9bc8fb3efd3,-2.0,0.0,228.0,130.0,54.0,38.0,0.0
2026-08-08_154647_413072_1_R2_TEST3,TEST3,2,idle,12.375,3,12.321264308428049,12.321264308428049,1408.0,0.1871345029239766,baseline-51658c86a67b4547bb12c9bc8fb3efd3,-2.0,0.0,228.0,130.0,54.0,38.0,0.0
2026-08-08_154647_413072_1_R2_TEST3,TEST3,2,idle,12.625,1,12.56112507070404,12.56112507070404,4776.0,0.6347687400318979,baseline-51658c86a67b4547bb12c9bc8fb3efd3,-2.0,0.0,228.0,130.0,54.0,38.0,0.0
2026-08-08_154647_413072_1_R2_TEST3,TEST3,2,idle,12.875,2,12.840008361346278,12.840008361346278,4504.5,0.5986842105263157,baseline-51658c86a67b4547bb12c9bc8fb3efd3,-2.0,0.0,228.0,130.0,54.0,38.0,0.0
2026-08-08_154647_413072_1_R2_TEST3,TEST3,2,idle,13.375,1,13.344620506920922,13.344620506920922,2809.0,0.37333864965443914,baseline-51658c86a67b4547bb12c9bc8fb3efd3,-2.0,0.0,228.0,130.0,54.0,38.0,0.0
2026-08-08_154647_413072_1_R2_TEST3,TEST3,2,idle,14.625,1,14.564742981925606,14.564742981925606,3127.0,0.4156034024455077,baseline-51658c86a67b4547bb12c9bc8fb3efd3,-2.0,0.0,228.0,130.0,54.0,38.0,0.0
2026-08-08_155028_937924_1_R2_TEST4,TEST4,2,idle,0.125,2,0.0943271953600195,0.0943271953600195,0.0,0.0,baseline-51658c86a67b4547bb12c9bc8fb3efd3,-2.0,0.0,228.0,130.0,54.0,38.0,0.0
2026-08-08_155028_937924_1_R2_TEST4,TEST4,2,idle,0.625,1,0.5835587462064948,0.5835587462064948,0.0,0.0,baseline-51658c86a67b4547bb12c9bc8fb3efd3,-2.0,0.0,228.0,130.0,54.0,38.0,0.0
2026-08-08_155028_937924_1_R2_TEST4,TEST4,2,idle,1.125,1,1.1572536337949593,1.1572536337949593,0.0,0.0,baseline-51658c86a67b4547bb12c9bc8fb3efd3,-2.0,0.0,228.0,130.0,54.0,38.0,0.0
2026-08-08_155028_937924_1_R2_TEST4,TEST4,2,idle,1.375,3,1.3642664674694152,1.3642664674694152,0.0,0.0,baseline-51658c86a67b4547bb12c9bc8fb3efd3,-2.0,0.0,228.0,130.0,54.0,38.0,0.0
2026-08-08_155028_937924_1_R2_TEST4,TEST4,2,idle,1.625,4,1.6594909100791881,1.6594909100791881,102.0,0.013556618819776715,baseline-51658c86a67b4547bb12c9bc8fb3efd3,-2.0,0.0,228.0,130.0,54.0,38.0,0.0
2026-08-08_155028_937924_1_R2_TEST4,TEST4,2,idle,1.875,5,1.837847437798924,1.837847437798924,647.0,0.08599149388623073,baseline-51658c86a67b4547bb12c9bc8fb3efd3,-2.0,0.0,228.0,130.0,54.0,38.0,0.0
2026-08-08_155028_937924_1_R2_TEST4,TEST4,2,idle,2.125,12,2.1424121080620497,2.1424121080620497,654.0,0.08692185007974482,baseline-51658c86a67b4547bb12c9bc8fb3efd3,-2.0,0.0,228.0,130.0,54.0,38.0,0.0
2026-08-08_155028_937924_1_R2_TEST4,TEST4,2,idle,2.375,22,2.386853112347654,2.386853112347654,706.5,0.09389952153110048,baseline-51658c86a67b4547bb12c9bc8fb3efd3,-2.0,0.0,228.0,130.0,54.0,38.0,0.0
2026-08-08_155028_937924_1_R2_TEST4,TEST4,2,idle,2.625,12,2.6154671713206454,2.6154671713206454,1524.5,0.20261828814460392,baseline-51658c86a67b4547bb12c9bc8fb3efd3,-2.0,0.0,228.0,130.0,54.0,38.0,0.0
2026-08-08_155028_937924_1_R2_TEST4,TEST4,2,idle,2.875,15,2.802774405626235,2.802774405626235,1434.0,0.19059011164274323,baseline-51658c86a67b4547bb12c9bc8fb3efd3,-2.0,0.0,228.0,130.0,54.0,38.0,0.0
2026-08-08_155028_937924_1_R2_TEST4,TEST4,2,idle,3.125,29,3.164006278464357,3.164006278464357,2011.0,0.26727804359383306,baseline-51658c86a67b4547bb12c9bc8fb3efd3,-2.0,0.0,228.0,130.0,54.0,38.0,0.0
2026-08-08_155028_937924_1_R2_TEST4,TEST4,2,idle,3.375,11,3.410535106984788,3.410535106984788,1204.0,0.16002126528442318,baseline-51658c86a67b4547bb12c9bc8fb3efd3,-2.0,0.0,228.0,130.0,54.0,38.0,0.0
2026-08-08_155028_937924_1_R2_TEST4,TEST4,2,idle,3.625,22,3.606231041524805,3.606231041524805,1712.5,0.22760499734183942,baseline-51658c86a67b4547bb12c9bc8fb3efd3,-2.0,0.0,228.0,130.0,54.0,38.0,0.0
2026-08-08_155028_937924_1_R2_TEST4,TEST4,2,idle,3.875,17,3.876293067321513,3.876293067321513,1856.0,0.24667729930887825,baseline-51658c86a67b4547bb12c9bc8fb3efd3,-2.0,0.0,228.0,130.0,54.0,38.0,0.0
2026-08-08_155028_937924_1_R2_TEST4,TEST4,2,idle,4.125,10,4.011362446578941,4.011362446578941,2426.0,0.32243487506645396,baseline-51658c86a67b4547bb12c9bc8fb3efd3,-2.0,0.0,228.0,130.0,54.0,38.0,0.0
2026-08-08_155028_937924_1_R2_TEST4,TEST4,2,idle,4.375,14,4.390625129206394,4.390625129206394,2166.5,0.2879452418926103,baseline-51658c86a67b4547bb12c9bc8fb3efd3,-2.0,0.0,228.0,130.0,54.0,38.0,0.0
2026-08-08_155028_937924_1_R2_TEST4,TEST4,2,idle,4.625,16,4.577134247774477,4.577134247774477,1849.0,0.24574694311536416,baseline-51658c86a67b4547bb12c9bc8fb3efd3,-2.0,0.0,228.0,130.0,54.0,38.0,0.0
2026-08-08_155028_937924_1_R2_TEST4,TEST4,2,idle,4.875,13,4.898513572147414,4.898513572147414,2749.0,0.36536416799574695,baseline-51658c86a67b4547bb12c9bc8fb3efd3,-2.0,0.0,228.0,130.0,54.0,38.0,0.0
2026-08-08_155028_937924_1_R2_TEST4,TEST4,2,idle,5.125,23,5.1747757308373465,5.1747757308373465,1871.0,0.2486709197235513,baseline-51658c86a67b4547bb12c9bc8fb3efd3,-2.0,0.0,228.0,130.0,54.0,38.0,0.0
2026-08-08_155028_937924_1_R2_TEST4,TEST4,2,idle,5.375,13,5.439319494507523,5.439319494507523,895.0,0.11895268474215842,baseline-51658c86a67b4547bb12c9bc8fb3efd3,-2.0,0.0,228.0,130.0,54.0,38.0,0.0
2026-08-08_155028_937924_1_R2_TEST4,TEST4,2,idle,5.625,8,5.670283849425221,5.670283849425221,4662.5,0.6196836788942053,baseline-51658c86a67b4547bb12c9bc8fb3efd3,-2.0,0.0,228.0,130.0,54.0,38.0,0.0
2026-08-08_155028_937924_1_R2_TEST4,TEST4,2,idle,5.875,9,5.884952707863385,5.884952707863385,3689.0,0.4902977139819245,baseline-51658c86a67b4547bb12c9bc8fb3efd3,-2.0,0.0,228.0,130.0,54.0,38.0,0.0
2026-08-08_155028_937924_1_R2_TEST4,TEST4,2,idle,6.125,8,6.126598092321748,6.126598092321748,3940.0,0.5236576289207868,baseline-51658c86a67b4547bb12c9bc8fb3efd3,-2.0,0.0,228.0,130.0,54.0,38.0,0.0
2026-08-08_155028_937924_1_R2_TEST4,TEST4,2,idle,6.375,6,6.284380727487656,6.284380727487656,2602.5,0.34589314194577353,baseline-51658c86a67b4547bb12c9bc8fb3efd3,-2.0,0.0,228.0,130.0,54.0,38.0,0.0
2026-08-08_155028_937924_1_R2_TEST4,TEST4,2,idle,6.625,14,6.67083588417994,6.67083588417994,1775.5,0.23597820308346626,baseline-51658c86a67b4547bb12c9bc8fb3efd3,-2.0,0.0,228.0,130.0,54.0,38.0,0.0
2026-08-08_155028_937924_1_R2_TEST4,TEST4,2,idle,6.875,10,6.905418923719482,6.905418923719482,1469.0,0.19524189261031366,baseline-51658c86a67b4547bb12c9bc8fb3efd3,-2.0,0.0,228.0,130.0,54.0,38.0,0.0
2026-08-08_155028_937924_1_R2_TEST4,TEST4,2,idle,7.125,12,7.108086465378188,7.108086465378188,3405.0,0.4525518341307815,baseline-51658c86a67b4547bb12c9bc8fb3efd3,-2.0,0.0,228.0,130.0,54.0,38.0,0.0
2026-08-08_155028_937924_1_R2_TEST4,TEST4,2,idle,7.375,4,7.383335655278744,7.383335655278744,1107.5,0.14719564061669324,baseline-51658c86a67b4547bb12c9bc8fb3efd3,-2.0,0.0,228.0,130.0,54.0,38.0,0.0
2026-08-08_155028_937924_1_R2_TEST4,TEST4,2,idle,7.625,9,7.591557052644978,7.591557052644978,2371.0,0.3151249335459862,baseline-51658c86a67b4547bb12c9bc8fb3efd3,-2.0,0.0,228.0,130.0,54.0,38.0,0.0
2026-08-08_155028_937924_1_R2_TEST4,TEST4,2,idle,7.875,4,7.868592862818047,7.868592862818047,3156.0,0.419457735247209,baseline-51658c86a67b4547bb12c9bc8fb3efd3,-2.0,0.0,228.0,130.0,54.0,38.0,0.0
2026-08-08_155028_937924_1_R2_TEST4,TEST4,2,idle,8.125,2,8.04235080196799,8.04235080196799,3303.0,0.4389952153110048,baseline-51658c86a67b4547bb12c9bc8fb3efd3,-2.0,0.0,228.0,130.0,54.0,38.0,0.0
2026-08-08_155028_937924_1_R2_TEST4,TEST4,2,idle,8.375,2,8.40299756414722,8.40299756414722,5922.0,0.7870813397129186,baseline-51658c86a67b4547bb12c9bc8fb3efd3,-2.0,0.0,228.0,130.0,54.0,38.0,0.0
2026-08-08_155028_937924_1_R2_TEST4,TEST4,2,idle,8.625,3,8.530259798374047,8.530259798374047,953.0,0.12666135034556086,baseline-51658c86a67b4547bb12c9bc8fb3efd3,-2.0,0.0,228.0,130.0,54.0,38.0,0.0
2026-08-08_155028_937924_1_R2_TEST4,TEST4,2,idle,8.875,4,8.82344947335588,8.82344947335588,162.0,0.0215311004784689,baseline-51658c86a67b4547bb12c9bc8fb3efd3,-2.0,0.0,228.0,130.0,54.0,38.0,0.0
2026-08-08_155028_937924_1_R2_TEST4,TEST4,2,idle,9.125,3,9.13709798897301,9.13709798897301,777.0,0.1032695374800638,baseline-51658c86a67b4547bb12c9bc8fb3efd3,-2.0,0.0,228.0,130.0,54.0,38.0,0.0
2026-08-08_155028_937924_1_R2_TEST4,TEST4,2,idle,9.375,3,9.316214862963696,9.316214862963696,3629.0,0.4823232323232323,baseline-51658c86a67b4547bb12c9bc8fb3efd3,-2.0,0.0,228.0,130.0,54.0,38.0,0.0
2026-08-08_155028_937924_1_R2_TEST4,TEST4,2,idle,9.625,3,9.665941223253345,9.665941223253345,4407.0,0.585725677830941,baseline-51658c86a67b4547bb12c9bc8fb3efd3,-2.0,0.0,228.0,130.0,54.0,38.0,0.0
2026-08-08_155028_937924_1_R2_TEST4,TEST4,2,idle,9.875,2,9.87429823276264,9.87429823276264,1980.0,0.2631578947368421,baseline-51658c86a67b4547bb12c9bc8fb3efd3,-2.0,0.0,228.0,130.0,54.0,38.0,0.0
2026-08-08_155028_937924_1_R2_TEST4,TEST4,2,idle,10.125,1,10.126912671574548,10.126912671574548,6216.0,0.8261562998405104,baseline-51658c86a67b4547bb12c9bc8fb3efd3,-2.0,0.0,228.0,130.0,54.0,38.0,0.0
2026-08-08_155028_937924_1_R2_TEST4,TEST4,2,idle,10.375,1,10.34542339105424,10.34542339105424,580.0,0.07708665603402445,baseline-51658c86a67b4547bb12c9bc8fb3efd3,-2.0,0.0,228.0,130.0,54.0,38.0,0.0
2026-08-08_155028_937924_1_R2_TEST4,TEST4,2,idle,10.625,2,10.534112675604643,10.534112675604643,5661.5,0.7524587985114302,baseline-51658c86a67b4547bb12c9bc8fb3efd3,-2.0,0.0,228.0,130.0,54.0,38.0,0.0
2026-08-08_155028_937924_1_R2_TEST4,TEST4,2,idle,10.875,1,10.773388625809911,10.773388625809911,6140.0,0.8160552897395003,baseline-51658c86a67b4547bb12c9bc8fb3efd3,-2.0,0.0,228.0,130.0,54.0,38.0,0.0
2026-08-08_155028_937924_1_R2_TEST4,TEST4,2,idle,11.125,1,11.0370124157781,11.0370124157781,0.0,0.0,baseline-51658c86a67b4547bb12c9bc8fb3efd3,-2.0,0.0,228.0,130.0,54.0,38.0,0.0
2026-08-08_155028_937924_1_R2_TEST4,TEST4,2,idle,11.625,1,11.614252864681957,11.614252864681957,2002.0,0.26608187134502925,baseline-51658c86a67b4547bb12c9bc8fb3efd3,-2.0,0.0,228.0,130.0,54.0,38.0,0.0
2026-08-08_155028_937924_1_R2_TEST4,TEST4,2,idle,11.875,1,11.997824673328386,11.997824673328386,56.0,0.007442849548112706,baseline-51658c86a67b4547bb12c9bc8fb3efd3,-2.0,0.0,228.0,130.0,54.0,38.0,0.0
2026-08-08_155028_937924_1_R2_TEST4,TEST4,2,idle,12.125,3,12.187374679995996,12.187374679995996,207.0,0.02751196172248804,baseline-51658c86a67b4547bb12c9bc8fb3efd3,-2.0,0.0,228.0,130.0,54.0,38.0,0.0
2026-08-08_155028_937924_1_R2_TEST4,TEST4,2,idle,12.375,1,12.255238715471716,12.255238715471716,7697.0,1.0229930887825625,baseline-51658c86a67b4547bb12c9bc8fb3efd3,-2.0,0.0,228.0,130.0,54.0,38.0,0.0
2026-08-08_155028_937924_1_R2_TEST4,TEST4,2,idle,13.625,2,13.574198870234678,13.574198870234678,1364.5,0.18135300372142477,baseline-51658c86a67b4547bb12c9bc8fb3efd3,-2.0,0.0,228.0,130.0,54.0,38.0,0.0
2026-08-08_155028_937924_1_R2_TEST4,TEST4,2,idle,14.375,1,14.410968986889232,14.410968986889232,3382.0,0.4494949494949495,baseline-51658c86a67b4547bb12c9bc8fb3efd3,-2.0,0.0,228.0,130.0,54.0,38.0,0.0
2026-08-08_155132_412966_1_R2_TEST5,TEST5,2,idle,0.125,2,0.07164832750282145,0.07164832750282145,0.0,0.0,baseline-51658c86a67b4547bb12c9bc8fb3efd3,-2.0,0.0,228.0,130.0,54.0,38.0,0.0
2026-08-08_155132_412966_1_R2_TEST5,TEST5,2,idle,0.375,1,0.3102799716751792,0.3102799716751792,0.0,0.0,baseline-51658c86a67b4547bb12c9bc8fb3efd3,-2.0,0.0,228.0,130.0,54.0,38.0,0.0
2026-08-08_155132_412966_1_R2_TEST5,TEST5,2,idle,0.625,1,0.6521034900983306,0.6521034900983306,0.0,0.0,baseline-51658c86a67b4547bb12c9bc8fb3efd3,-2.0,0.0,228.0,130.0,54.0,38.0,0.0
2026-08-08_155132_412966_1_R2_TEST5,TEST5,2,idle,0.875,1,0.9565804032120112,0.9565804032120112,0.0,0.0,baseline-51658c86a67b4547bb12c9bc8fb3efd3,-2.0,0.0,228.0,130.0,54.0,38.0,0.0
2026-08-08_155132_412966_1_R2_TEST5,TEST5,2,idle,1.125,3,1.1858342191299225,1.1858342191299225,0.0,0.0,baseline-51658c86a67b4547bb12c9bc8fb3efd3,-2.0,0.0,228.0,130.0,54.0,38.0,0.0
2026-08-08_155132_412966_1_R2_TEST5,TEST5,2,idle,1.375,16,1.3940858371699807,1.3940858371699807,0.0,0.0,baseline-51658c86a67b4547bb12c9bc8fb3efd3,-2.0,0.0,228.0,130.0,54.0,38.0,0.0
2026-08-08_155132_412966_1_R2_TEST5,TEST5,2,idle,1.625,15,1.5803475252403294,1.5803475252403294,0.0,0.0,baseline-51658c86a67b4547bb12c9bc8fb3efd3,-2.0,0.0,228.0,130.0,54.0,38.0,0.0
2026-08-08_155132_412966_1_R2_TEST5,TEST5,2,idle,1.875,9,1.9163504018375097,1.9163504018375097,258.0,0.0342902711323764,baseline-51658c86a67b4547bb12c9bc8fb3efd3,-2.0,0.0,228.0,130.0,54.0,38.0,0.0
2026-08-08_155132_412966_1_R2_TEST5,TEST5,2,idle,2.125,13,2.1364659836757345,2.1364659836757345,730.0,0.09702286018075491,baseline-51658c86a67b4547bb12c9bc8fb3efd3,-2.0,0.0,228.0,130.0,54.0,38.0,0.0
2026-08-08_155132_412966_1_R2_TEST5,TEST5,2,idle,2.375,13,2.3845562910244604,2.3845562910244604,987.0,0.13118022328548645,baseline-51658c86a67b4547bb12c9bc8fb3efd3,-2.0,0.0,228.0,130.0,54.0,38.0,0.0
2026-08-08_155132_412966_1_R2_TEST5,TEST5,2,idle,2.625,17,2.643102691019448,2.643102691019448,807.0,0.10725677830940988,baseline-51658c86a67b4547bb12c9bc8fb3efd3,-2.0,0.0,228.0,130.0,54.0,38.0,0.0
2026-08-08_155132_412966_1_R2_TEST5,TEST5,2,idle,2.875,18,2.839726098884575,2.839726098884575,582.0,0.0773524720893142,baseline-51658c86a67b4547bb12c9bc8fb3efd3,-2.0,0.0,228.0,130.0,54.0,38.0,0.0
2026-08-08_155132_412966_1_R2_TEST5,TEST5,2,idle,3.125,11,3.117542848082958,3.117542848082958,1243.0,0.1652046783625731,baseline-51658c86a67b4547bb12c9bc8fb3efd3,-2.0,0.0,228.0,130.0,54.0,38.0,0.0
2026-08-08_155132_412966_1_R2_TEST5,TEST5,2,idle,3.375,18,3.381331092985878,3.381331092985878,1044.5,0.13882243487506646,baseline-51658c86a67b4547bb12c9bc8fb3efd3,-2.0,0.0,228.0,130.0,54.0,38.0,0.0
2026-08-08_155132_412966_1_R2_TEST5,TEST5,2,idle,3.625,13,3.651693379744377,3.651693379744377,1497.0,0.19896331738437,baseline-51658c86a67b4547bb12c9bc8fb3efd3,-2.0,0.0,228.0,130.0,54.0,38.0,0.0
2026-08-08_155132_412966_1_R2_TEST5,TEST5,2,idle,3.875,18,3.9090939154505353,3.9090939154505353,766.5,0.10187400318979267,baseline-51658c86a67b4547bb12c9bc8fb3efd3,-2.0,0.0,228.0,130.0,54.0,38.0,0.0
2026-08-08_155132_412966_1_R2_TEST5,TEST5,2,idle,4.125,14,4.124301532259336,4.124301532259336,935.0,0.12426900584795321,baseline-51658c86a67b4547bb12c9bc8fb3efd3,-2.0,0.0,228.0,130.0,54.0,38.0,0.0
2026-08-08_155132_412966_1_R2_TEST5,TEST5,2,idle,4.375,13,4.382787924281328,4.382787924281328,1312.0,0.1743753322700691,baseline-51658c86a67b4547bb12c9bc8fb3efd3,-2.0,0.0,228.0,130.0,54.0,38.0,0.0
2026-08-08_155132_412966_1_R2_TEST5,TEST5,2,idle,4.625,14,4.650976367822651,4.650976367822651,454.5,0.0604066985645933,baseline-51658c86a67b4547bb12c9bc8fb3efd3,-2.0,0.0,228.0,130.0,54.0,38.0,0.0
2026-08-08_155132_412966_1_R2_TEST5,TEST5,2,idle,4.875,13,4.807982822898312,4.807982822898312,1391.0,0.18487506645401383,baseline-51658c86a67b4547bb12c9bc8fb3efd3,-2.0,0.0,228.0,130.0,54.0,38.0,0.0
2026-08-08_155132_412966_1_R2_TEST5,TEST5,2,idle,5.125,12,5.194209232857965,5.194209232857965,1623.0,0.21570972886762363,baseline-51658c86a67b4547bb12c9bc8fb3efd3,-2.0,0.0,228.0,130.0,54.0,38.0,0.0
2026-08-08_155132_412966_1_R2_TEST5,TEST5,2,idle,5.375,13,5.292901345293622,5.292901345293622,1632.0,0.21690590111642744,baseline-51658c86a67b4547bb12c9bc8fb3efd3,-2.0,0.0,228.0,130.0,54.0,38.0,0.0
2026-08-08_155132_412966_1_R2_TEST5,TEST5,2,idle,5.625,10,5.600569534181288,5.600569534181288,2664.5,0.3541334396597554,baseline-51658c86a67b4547bb12c9bc8fb3efd3,-2.0,0.0,228.0,130.0,54.0,38.0,0.0
2026-08-08_155132_412966_1_R2_TEST5,TEST5,2,idle,5.875,8,5.87286671879435,5.87286671879435,2754.0,0.36602870813397126,baseline-51658c86a67b4547bb12c9bc8fb3efd3,-2.0,0.0,228.0,130.0,54.0,38.0,0.0
2026-08-08_155132_412966_1_R2_TEST5,TEST5,2,idle,6.125,3,6.110763629400539,6.110763629400539,904.0,0.12014885699096226,baseline-51658c86a67b4547bb12c9bc8fb3efd3,-2.0,0.0,228.0,130.0,54.0,38.0,0.0
2026-08-08_155132_412966_1_R2_TEST5,TEST5,2,idle,6.375,6,6.383988801576294,6.383988801576294,2203.0,0.29279638490164805,baseline-51658c86a67b4547bb12c9bc8fb3efd3,-2.0,0.0,228.0,130.0,54.0,38.0,0.0
2026-08-08_155132_412966_1_R2_TEST5,TEST5,2,idle,6.625,8,6.626143309188863,6.626143309188863,1192.0,0.15842636895268475,baseline-51658c86a67b4547bb12c9bc8fb3efd3,-2.0,0.0,228.0,130.0,54.0,38.0,0.0
2026-08-08_155132_412966_1_R2_TEST5,TEST5,2,idle,6.875,5,6.791965722417269,6.791965722417269,1345.0,0.17876129718234982,baseline-51658c86a67b4547bb12c9bc8fb3efd3,-2.0,0.0,228.0,130.0,54.0,38.0,0.0
2026-08-08_155132_412966_1_R2_TEST5,TEST5,2,idle,7.125,1,7.0166963947519525,7.0166963947519525,0.0,0.0,baseline-51658c86a67b4547bb12c9bc8fb3efd3,-2.0,0.0,228.0,130.0,54.0,38.0,0.0
2026-08-08_155132_412966_1_R2_TEST5,TEST5,2,idle,7.375,3,7.332432375034678,7.332432375034678,2063.0,0.2741892610313663,baseline-51658c86a67b4547bb12c9bc8fb3efd3,-2.0,0.0,228.0,130.0,54.0,38.0,0.0
2026-08-08_155132_412966_1_R2_TEST5,TEST5,2,idle,7.625,1,7.545521020909391,7.545521020909391,3287.0,0.43686868686868685,baseline-51658c86a67b4547bb12c9bc8fb3efd3,-2.0,0.0,228.0,130.0,54.0,38.0,0.0
2026-08-08_155132_412966_1_R2_TEST5,TEST5,2,idle,7.875,2,7.980030634343899,7.980030634343899,1334.5,0.17736576289207867,baseline-51658c86a67b4547bb12c9bc8fb3efd3,-2.0,0.0,228.0,130.0,54.0,38.0,0.0
2026-08-08_155132_412966_1_R2_TEST5,TEST5,2,idle,8.125,4,8.142977084566448,8.142977084566448,3613.5,0.48026315789473684,baseline-51658c86a67b4547bb12c9bc8fb3efd3,-2.0,0.0,228.0,130.0,54.0,38.0,0.0
2026-08-08_155132_412966_1_R2_TEST5,TEST5,2,idle,8.375,3,8.36327163162663,8.36327163162663,4174.0,0.5547581073896863,baseline-51658c86a67b4547bb12c9bc8fb3efd3,-2.0,0.0,228.0,130.0,54.0,38.0,0.0
2026-08-08_155132_412966_1_R2_TEST5,TEST5,2,idle,8.625,4,8.614441721755988,8.614441721755988,4353.0,0.578548644338118,baseline-51658c86a67b4547bb12c9bc8fb3efd3,-2.0,0.0,228.0,130.0,54.0,38.0,0.0
2026-08-08_155132_412966_1_R2_TEST5,TEST5,2,idle,8.875,2,8.785524008743087,8.785524008743087,1043.0,0.13862307283359915,baseline-51658c86a67b4547bb12c9bc8fb3efd3,-2.0,0.0,228.0,130.0,54.0,38.0,0.0
2026-08-08_155132_412966_1_R2_TEST5,TEST5,2,idle,10.375,1,10.356681579448868,10.356681579448868,209.0,0.027777777777777776,baseline-51658c86a67b4547bb12c9bc8fb3efd3,-2.0,0.0,228.0,130.0,54.0,38.0,0.0
2026-08-08_155430_315930_1_R2_TEST6,TEST6,2,idle,0.125,1,0.1166327668916754,0.1166327668916754,0.0,0.0,baseline-51658c86a67b4547bb12c9bc8fb3efd3,-2.0,0.0,228.0,130.0,54.0,38.0,0.0
2026-08-08_155430_315930_1_R2_TEST6,TEST6,2,idle,0.625,1,0.5931999442323709,0.5931999442323709,0.0,0.0,baseline-51658c86a67b4547bb12c9bc8fb3efd3,-2.0,0.0,228.0,130.0,54.0,38.0,0.0
2026-08-08_155430_315930_1_R2_TEST6,TEST6,2,idle,1.125,1,1.1081614795388437,1.1081614795388437,0.0,0.0,baseline-51658c86a67b4547bb12c9bc8fb3efd3,-2.0,0.0,228.0,130.0,54.0,38.0,0.0
2026-08-08_155430_315930_1_R2_TEST6,TEST6,2,idle,1.625,1,1.621165468124397,1.621165468124397,59.0,0.007841573631047316,baseline-51658c86a67b4547bb12c9bc8fb3efd3,-2.0,0.0,228.0,130.0,54.0,38.0,0.0
2026-08-08_155430_315930_1_R2_TEST6,TEST6,2,idle,2.625,1,2.620149120567675,2.620149120567675,0.0,0.0,baseline-51658c86a67b4547bb12c9bc8fb3efd3,-2.0,0.0,228.0,130.0,54.0,38.0,0.0
2026-08-08_155430_315930_1_R2_TEST6,TEST6,2,idle,2.875,2,2.9425037792055835,2.9425037792055835,99.0,0.013157894736842105,baseline-51658c86a67b4547bb12c9bc8fb3efd3,-2.0,0.0,228.0,130.0,54.0,38.0,0.0
2026-08-08_155430_315930_1_R2_TEST6,TEST6,2,idle,3.125,1,3.1541249596963006,3.1541249596963006,59.0,0.007841573631047316,baseline-51658c86a67b4547bb12c9bc8fb3efd3,-2.0,0.0,228.0,130.0,54.0,38.0,0.0
2026-08-08_155430_315930_1_R2_TEST6,TEST6,2,idle,3.375,1,3.264712887682918,3.264712887682918,249.0,0.033094098883572565,baseline-51658c86a67b4547bb12c9bc8fb3efd3,-2.0,0.0,228.0,130.0,54.0,38.0,0.0
2026-08-08_155430_315930_1_R2_TEST6,TEST6,2,idle,3.625,2,3.5692359570653616,3.5692359570653616,640.0,0.08506113769271664,baseline-51658c86a67b4547bb12c9bc8fb3efd3,-2.0,0.0,228.0,130.0,54.0,38.0,0.0
2026-08-08_155430_315930_1_R2_TEST6,TEST6,2,idle,3.875,7,3.864034298494472,3.864034298494472,1915.0,0.2545188729399256,baseline-51658c86a67b4547bb12c9bc8fb3efd3,-2.0,0.0,228.0,130.0,54.0,38.0,0.0
2026-08-08_155430_315930_1_R2_TEST6,TEST6,2,idle,4.125,5,4.181120960299737,4.181120960299737,1717.0,0.22820308346624135,baseline-51658c86a67b4547bb12c9bc8fb3efd3,-2.0,0.0,228.0,130.0,54.0,38.0,0.0
2026-08-08_155430_315930_1_R2_TEST6,TEST6,2,idle,4.375,7,4.347792508754401,4.347792508754401,2157.0,0.28668261562998404,baseline-51658c86a67b4547bb12c9bc8fb3efd3,-2.0,0.0,228.0,130.0,54.0,38.0,0.0
2026-08-08_155430_315930_1_R2_TEST6,TEST6,2,idle,4.625,12,4.624041407743174,4.624041407743174,2544.0,0.33811802232854865,baseline-51658c86a67b4547bb12c9bc8fb3efd3,-2.0,0.0,228.0,130.0,54.0,38.0,0.0
2026-08-08_155430_315930_1_R2_TEST6,TEST6,2,idle,4.875,18,4.849205213561951,4.849205213561951,3006.5,0.3995879851143009,baseline-51658c86a67b4547bb12c9bc8fb3efd3,-2.0,0.0,228.0,130.0,54.0,38.0,0.0
2026-08-08_155430_315930_1_R2_TEST6,TEST6,2,idle,5.125,19,5.126332318810527,5.126332318810527,2390.0,0.3176501860712387,baseline-51658c86a67b4547bb12c9bc8fb3efd3,-2.0,0.0,228.0,130.0,54.0,38.0,0.0
2026-08-08_155430_315930_1_R2_TEST6,TEST6,2,idle,5.375,21,5.325046757877216,5.325046757877216,2994.0,0.39792663476874,baseline-51658c86a67b4547bb12c9bc8fb3efd3,-2.0,0.0,228.0,130.0,54.0,38.0,0.0
2026-08-08_155430_315930_1_R2_TEST6,TEST6,2,idle,5.625,28,5.612293550043094,5.612293550043094,2864.5,0.38071504518872945,baseline-51658c86a67b4547bb12c9bc8fb3efd3,-2.0,0.0,228.0,130.0,54.0,38.0,0.0
2026-08-08_155430_315930_1_R2_TEST6,TEST6,2,idle,5.875,11,5.8359340197656655,5.8359340197656655,3867.0,0.5139553429027113,baseline-51658c86a67b4547bb12c9bc8fb3efd3,-2.0,0.0,228.0,130.0,54.0,38.0,0.0
2026-08-08_155430_315930_1_R2_TEST6,TEST6,2,idle,6.125,15,6.117170623955616,6.117170623955616,3529.0,0.46903242955874536,baseline-51658c86a67b4547bb12c9bc8fb3efd3,-2.0,0.0,228.0,130.0,54.0,38.0,0.0
2026-08-08_155430_315930_1_R2_TEST6,TEST6,2,idle,6.375,20,6.3977107723855235,6.3977107723855235,3666.0,0.4872408293460925,baseline-51658c86a67b4547bb12c9bc8fb3efd3,-2.0,0.0,228.0,130.0,54.0,38.0,0.0
2026-08-08_155430_315930_1_R2_TEST6,TEST6,2,idle,6.625,15,6.6976897293729065,6.6976897293729065,1378.0,0.1831472620946305,baseline-51658c86a67b4547bb12c9bc8fb3efd3,-2.0,0.0,228.0,130.0,54.0,38.0,0.0
2026-08-08_155430_315930_1_R2_TEST6,TEST6,2,idle,6.875,12,6.8082777532923195,6.8082777532923195,3693.0,0.49082934609250395,baseline-51658c86a67b4547bb12c9bc8fb3efd3,-2.0,0.0,228.0,130.0,54.0,38.0,0.0
2026-08-08_155430_315930_1_R2_TEST6,TEST6,2,idle,7.125,12,7.117246155478826,7.117246155478826,3474.0,0.46172248803827753,baseline-51658c86a67b4547bb12c9bc8fb3efd3,-2.0,0.0,228.0,130.0,54.0,38.0,0.0
2026-08-08_155430_315930_1_R2_TEST6,TEST6,2,idle,7.375,10,7.357598083652242,7.357598083652242,2900.0,0.38543328017012224,baseline-51658c86a67b4547bb12c9bc8fb3efd3,-2.0,0.0,228.0,130.0,54.0,38.0,0.0
2026-08-08_155430_315930_1_R2_TEST6,TEST6,2,idle,7.625,15,7.661904830888364,7.661904830888364,2390.0,0.3176501860712387,baseline-51658c86a67b4547bb12c9bc8fb3efd3,-2.0,0.0,228.0,130.0,54.0,38.0,0.0
2026-08-08_155430_315930_1_R2_TEST6,TEST6,2,idle,7.875,8,7.835980594236997,7.835980594236997,1875.5,0.24926900584795322,baseline-51658c86a67b4547bb12c9bc8fb3efd3,-2.0,0.0,228.0,130.0,54.0,38.0,0.0
2026-08-08_155430_315930_1_R2_TEST6,TEST6,2,idle,8.125,9,8.12273674249731,8.12273674249731,4031.0,0.53575225943647,baseline-51658c86a67b4547bb12c9bc8fb3efd3,-2.0,0.0,228.0,130.0,54.0,38.0,0.0
2026-08-08_155430_315930_1_R2_TEST6,TEST6,2,idle,8.375,4,8.417589555303547,8.417589555303547,823.5,0.10944976076555024,baseline-51658c86a67b4547bb12c9bc8fb3efd3,-2.0,0.0,228.0,130.0,54.0,38.0,0.0
2026-08-08_155430_315930_1_R2_TEST6,TEST6,2,idle,8.625,1,8.641254382326967,8.641254382326967,0.0,0.0,baseline-51658c86a67b4547bb12c9bc8fb3efd3,-2.0,0.0,228.0,130.0,54.0,38.0,0.0
2026-08-08_155430_315930_1_R2_TEST6,TEST6,2,idle,8.875,4,8.887577963821704,8.887577963821704,3818.0,0.5074428495481127,baseline-51658c86a67b4547bb12c9bc8fb3efd3,-2.0,0.0,228.0,130.0,54.0,38.0,0.0
2026-08-08_155430_315930_1_R2_TEST6,TEST6,2,idle,9.125,1,9.190156447135786,9.190156447135786,3737.0,0.4966772993088783,baseline-51658c86a67b4547bb12c9bc8fb3efd3,-2.0,0.0,228.0,130.0,54.0,38.0,0.0
2026-08-08_155430_315930_1_R2_TEST6,TEST6,2,idle,9.375,1,9.266379955134838,9.266379955134838,410.0,0.0544922913343966,baseline-51658c86a67b4547bb12c9bc8fb3efd3,-2.0,0.0,228.0,130.0,54.0,38.0,0.0
2026-08-08_155430_315930_1_R2_TEST6,TEST6,2,idle,9.875,2,9.981318333575537,9.981318333575537,3495.5,0.4645800106326422,baseline-51658c86a67b4547bb12c9bc8fb3efd3,-2.0,0.0,228.0,130.0,54.0,38.0,0.0
2026-08-08_155430_315930_1_R2_TEST6,TEST6,2,idle,10.125,2,10.033759234142153,10.033759234142153,4259.5,0.5661217437533227,baseline-51658c86a67b4547bb12c9bc8fb3efd3,-2.0,0.0,228.0,130.0,54.0,38.0,0.0
2026-08-08_155430_315930_1_R2_TEST6,TEST6,2,idle,10.375,1,10.31196206072596,10.31196206072596,0.0,0.0,baseline-51658c86a67b4547bb12c9bc8fb3efd3,-2.0,0.0,228.0,130.0,54.0,38.0,0.0
2026-08-08_155430_315930_1_R2_TEST6,TEST6,2,idle,10.625,2,10.623059684612253,10.623059684612253,1607.5,0.21364965443912812,baseline-51658c86a67b4547bb12c9bc8fb3efd3,-2.0,0.0,228.0,130.0,54.0,38.0,0.0
2026-08-08_155430_315930_1_R2_TEST6,TEST6,2,idle,11.125,2,11.057562254850804,11.057562254850804,948.5,0.12606326422115896,baseline-51658c86a67b4547bb12c9bc8fb3efd3,-2.0,0.0,228.0,130.0,54.0,38.0,0.0
2026-08-08_155939_090816_1_R3_TEST2,TEST2,3,idle,0.125,7,0.001116385034923,0.001116385034923,80.0,0.014219694276573054,baseline-51658c86a67b4547bb12c9bc8fb3efd3,-2.0,0.0,228.0,130.0,54.0,38.0,0.0
2026-08-08_155939_090816_1_R3_TEST2,TEST2,3,idle,0.375,1,0.3698625801970939,0.3698625801970939,0.0,0.0,baseline-51658c86a67b4547bb12c9bc8fb3efd3,-2.0,0.0,228.0,130.0,54.0,38.0,0.0
2026-08-08_155939_090816_1_R3_TEST2,TEST2,3,idle,0.625,1,0.718030573274977,0.718030573274977,0.0,0.0,baseline-51658c86a67b4547bb12c9bc8fb3efd3,-2.0,0.0,228.0,130.0,54.0,38.0,0.0
2026-08-08_155939_090816_1_R3_TEST2,TEST2,3,idle,1.375,2,1.303576059163555,1.303576059163555,15.0,0.0026661926768574476,baseline-51658c86a67b4547bb12c9bc8fb3efd3,-2.0,0.0,228.0,130.0,54.0,38.0,0.0
2026-08-08_155939_090816_1_R3_TEST2,TEST2,3,idle,1.625,1,1.739519625385341,1.739519625385341,1232.0,0.21898329185922502,baseline-51658c86a67b4547bb12c9bc8fb3efd3,-2.0,0.0,228.0,130.0,54.0,38.0,0.0
2026-08-08_155939_090816_1_R3_TEST2,TEST2,3,idle,1.875,1,1.993091560050425,1.993091560050425,2184.0,0.38819765375044435,baseline-51658c86a67b4547bb12c9bc8fb3efd3,-2.0,0.0,228.0,130.0,54.0,38.0,0.0
2026-08-08_155939_090816_1_R3_TEST2,TEST2,3,idle,2.125,2,2.05754021774262,2.05754021774262,2548.0,0.4528972627088518,baseline-51658c86a67b4547bb12c9bc8fb3efd3,-2.0,0.0,228.0,130.0,54.0,38.0,0.0
2026-08-08_155939_090816_1_R3_TEST2,TEST2,3,idle,2.375,5,2.444786374768308,2.444786374768308,2138.0,0.3800213295414149,baseline-51658c86a67b4547bb12c9bc8fb3efd3,-2.0,0.0,228.0,130.0,54.0,38.0,0.0
2026-08-08_155939_090816_1_R3_TEST2,TEST2,3,idle,2.625,11,2.6971626727712805,2.6971626727712805,3431.0,0.6098471382865268,baseline-51658c86a67b4547bb12c9bc8fb3efd3,-2.0,0.0,228.0,130.0,54.0,38.0,0.0
2026-08-08_155939_090816_1_R3_TEST2,TEST2,3,idle,2.875,10,2.8455322023498346,2.8455322023498346,3140.5,0.5582118734447209,baseline-51658c86a67b4547bb12c9bc8fb3efd3,-2.0,0.0,228.0,130.0,54.0,38.0,0.0
2026-08-08_155939_090816_1_R3_TEST2,TEST2,3,idle,3.125,20,3.136308521038056,3.136308521038056,2997.0,0.532705296836118,baseline-51658c86a67b4547bb12c9bc8fb3efd3,-2.0,0.0,228.0,130.0,54.0,38.0,0.0
2026-08-08_155939_090816_1_R3_TEST2,TEST2,3,idle,3.375,12,3.4033193210883734,3.4033193210883734,3006.5,0.5343938855314612,baseline-51658c86a67b4547bb12c9bc8fb3efd3,-2.0,0.0,228.0,130.0,54.0,38.0,0.0
2026-08-08_155939_090816_1_R3_TEST2,TEST2,3,idle,3.625,23,3.68814877105874,3.68814877105874,3023.0,0.5373266974760043,baseline-51658c86a67b4547bb12c9bc8fb3efd3,-2.0,0.0,228.0,130.0,54.0,38.0,0.0
2026-08-08_155939_090816_1_R3_TEST2,TEST2,3,idle,3.875,26,3.8742732072360155,3.8742732072360155,3192.5,0.5674546747244934,baseline-51658c86a67b4547bb12c9bc8fb3efd3,-2.0,0.0,228.0,130.0,54.0,38.0,0.0
2026-08-08_155939_090816_1_R3_TEST2,TEST2,3,idle,4.125,24,4.137987027650966,4.137987027650966,2767.0,0.4918236757909705,baseline-51658c86a67b4547bb12c9bc8fb3efd3,-2.0,0.0,228.0,130.0,54.0,38.0,0.0
2026-08-08_155939_090816_1_R3_TEST2,TEST2,3,idle,4.375,29,4.390268352311378,4.390268352311378,2651.0,0.47120511908993956,baseline-51658c86a67b4547bb12c9bc8fb3efd3,-2.0,0.0,228.0,130.0,54.0,38.0,0.0
2026-08-08_155939_090816_1_R3_TEST2,TEST2,3,idle,4.625,25,4.598005959112253,4.598005959112253,3754.0,0.6672591539281906,baseline-51658c86a67b4547bb12c9bc8fb3efd3,-2.0,0.0,228.0,130.0,54.0,38.0,0.0
2026-08-08_155939_090816_1_R3_TEST2,TEST2,3,idle,4.875,10,4.829050717852031,4.829050717852031,3173.0,0.5639886242445787,baseline-51658c86a67b4547bb12c9bc8fb3efd3,-2.0,0.0,228.0,130.0,54.0,38.0,0.0
2026-08-08_155939_090816_1_R3_TEST2,TEST2,3,idle,5.125,16,5.082548941472039,5.082548941472039,4488.5,0.7978137220049769,baseline-51658c86a67b4547bb12c9bc8fb3efd3,-2.0,0.0,228.0,130.0,54.0,38.0,0.0
2026-08-08_155939_090816_1_R3_TEST2,TEST2,3,idle,5.375,8,5.387482325131598,5.387482325131598,3685.0,0.6549946676146463,baseline-51658c86a67b4547bb12c9bc8fb3efd3,-2.0,0.0,228.0,130.0,54.0,38.0,0.0
2026-08-08_155939_090816_1_R3_TEST2,TEST2,3,idle,5.625,8,5.519309991793277,5.519309991793277,3500.0,0.6221116246000711,baseline-51658c86a67b4547bb12c9bc8fb3efd3,-2.0,0.0,228.0,130.0,54.0,38.0,0.0
2026-08-08_155939_090816_1_R3_TEST2,TEST2,3,idle,5.875,10,5.826464288541908,5.826464288541908,5367.0,0.9539637397795947,baseline-51658c86a67b4547bb12c9bc8fb3efd3,-2.0,0.0,228.0,130.0,54.0,38.0,0.0
2026-08-08_155939_090816_1_R3_TEST2,TEST2,3,idle,6.125,11,6.132118424346786,6.132118424346786,5426.0,0.9644507643085674,baseline-51658c86a67b4547bb12c9bc8fb3efd3,-2.0,0.0,228.0,130.0,54.0,38.0,0.0
2026-08-08_155939_090816_1_R3_TEST2,TEST2,3,idle,6.375,4,6.438995855658293,6.438995855658293,4438.5,0.7889264130821187,baseline-51658c86a67b4547bb12c9bc8fb3efd3,-2.0,0.0,228.0,130.0,54.0,38.0,0.0
2026-08-08_155939_090816_1_R3_TEST2,TEST2,3,idle,6.625,6,6.640129842714188,6.640129842714188,4046.0,0.7191610380376823,baseline-51658c86a67b4547bb12c9bc8fb3efd3,-2.0,0.0,228.0,130.0,54.0,38.0,0.0
2026-08-08_155939_090816_1_R3_TEST2,TEST2,3,idle,6.875,2,6.8869878123313715,6.8869878123313715,6016.0,1.0693210095982937,baseline-51658c86a67b4547bb12c9bc8fb3efd3,-2.0,0.0,228.0,130.0,54.0,38.0,0.0
2026-08-08_155939_090816_1_R3_TEST2,TEST2,3,idle,7.125,1,7.0904761576630175,7.0904761576630175,3024.0,0.5375044436544615,baseline-51658c86a67b4547bb12c9bc8fb3efd3,-2.0,0.0,228.0,130.0,54.0,38.0,0.0
2026-08-08_155939_090816_1_R3_TEST2,TEST2,3,idle,7.625,4,7.590114087494814,7.590114087494814,787.5,0.13997511553501601,baseline-51658c86a67b4547bb12c9bc8fb3efd3,-2.0,0.0,228.0,130.0,54.0,38.0,0.0
2026-08-08_155939_090816_1_R3_TEST2,TEST2,3,idle,7.875,3,7.887745178077437,7.887745178077437,2953.0,0.5248844649840029,baseline-51658c86a67b4547bb12c9bc8fb3efd3,-2.0,0.0,228.0,130.0,54.0,38.0,0.0
2026-08-08_155939_090816_1_R3_TEST2,TEST2,3,idle,8.375,1,8.43959442747447,8.43959442747447,2028.0,0.3604692499111269,baseline-51658c86a67b4547bb12c9bc8fb3efd3,-2.0,0.0,228.0,130.0,54.0,38.0,0.0
2026-08-08_155939_090816_1_R3_TEST2,TEST2,3,idle,8.875,1,8.941621972252054,8.941621972252054,5353.0,0.9514752932811944,baseline-51658c86a67b4547bb12c9bc8fb3efd3,-2.0,0.0,228.0,130.0,54.0,38.0,0.0
2026-08-08_155939_090816_1_R3_TEST2,TEST2,3,idle,9.125,1,9.104667847391944,9.104667847391944,1921.0,0.34145040881621047,baseline-51658c86a67b4547bb12c9bc8fb3efd3,-2.0,0.0,228.0,130.0,54.0,38.0,0.0
2026-08-08_155939_090816_1_R3_TEST2,TEST2,3,idle,9.375,2,9.28496159234712,9.28496159234712,5550.0,0.9864912904372556,baseline-51658c86a67b4547bb12c9bc8fb3efd3,-2.0,0.0,228.0,130.0,54.0,38.0,0.0
2026-08-08_155939_090816_1_R3_TEST2,TEST2,3,idle,9.875,2,9.851510341004193,9.851510341004193,3010.5,0.5351048702452897,baseline-51658c86a67b4547bb12c9bc8fb3efd3,-2.0,0.0,228.0,130.0,54.0,38.0,0.0
2026-08-08_155939_090816_1_R3_TEST2,TEST2,3,idle,11.875,1,11.837461552536338,11.837461552536338,0.0,0.0,baseline-51658c86a67b4547bb12c9bc8fb3efd3,-2.0,0.0,228.0,130.0,54.0,38.0,0.0
2026-08-08_155939_090816_1_R3_TEST2,TEST2,3,idle,12.375,1,12.276799384553993,12.276799384553993,4175.0,0.7420902950586562,baseline-51658c86a67b4547bb12c9bc8fb3efd3,-2.0,0.0,228.0,130.0,54.0,38.0,0.0
2026-08-08_155939_090816_1_R3_TEST2,TEST2,3,idle,14.625,1,14.65342630363907,14.65342630363907,432.0,0.0767863490934945,baseline-51658c86a67b4547bb12c9bc8fb3efd3,-2.0,0.0,228.0,130.0,54.0,38.0,0.0
2026-08-08_160034_704902_1_R3_TEST3,TEST3,3,idle,0.125,7,0.0010061308927538,0.0010061308927538,67.0,0.011908993956629933,baseline-51658c86a67b4547bb12c9bc8fb3efd3,-2.0,0.0,228.0,130.0,54.0,38.0,0.0
2026-08-08_160034_704902_1_R3_TEST3,TEST3,3,idle,0.375,1,0.459537384681621,0.459537384681621,0.0,0.0,baseline-51658c86a67b4547bb12c9bc8fb3efd3,-2.0,0.0,228.0,130.0,54.0,38.0,0.0
2026-08-08_160034_704902_1_R3_TEST3,TEST3,3,idle,0.625,1,0.5020878777431321,0.5020878777431321,537.0,0.09544969783149662,baseline-51658c86a67b4547bb12c9bc8fb3efd3,-2.0,0.0,228.0,130.0,54.0,38.0,0.0
2026-08-08_160034_704902_1_R3_TEST3,TEST3,3,idle,1.125,1,1.008015825309864,1.008015825309864,0.0,0.0,baseline-51658c86a67b4547bb12c9bc8fb3efd3,-2.0,0.0,228.0,130.0,54.0,38.0,0.0
2026-08-08_160034_704902_1_R3_TEST3,TEST3,3,idle,1.375,1,1.4416238782120565,1.4416238782120565,0.0,0.0,baseline-51658c86a67b4547bb12c9bc8fb3efd3,-2.0,0.0,228.0,130.0,54.0,38.0,0.0
2026-08-08_160034_704902_1_R3_TEST3,TEST3,3,idle,1.625,3,1.616057201509944,1.616057201509944,1205.0,0.21418414504088162,baseline-51658c86a67b4547bb12c9bc8fb3efd3,-2.0,0.0,228.0,130.0,54.0,38.0,0.0
2026-08-08_160034_704902_1_R3_TEST3,TEST3,3,idle,1.875,5,1.8268151106519328,1.8268151106519328,2316.0,0.4116601493067899,baseline-51658c86a67b4547bb12c9bc8fb3efd3,-2.0,0.0,228.0,130.0,54.0,38.0,0.0
2026-08-08_160034_704902_1_R3_TEST3,TEST3,3,idle,2.125,8,2.1266093055319653,2.1266093055319653,2502.5,0.4448098115890508,baseline-51658c86a67b4547bb12c9bc8fb3efd3,-2.0,0.0,228.0,130.0,54.0,38.0,0.0
2026-08-08_160034_704902_1_R3_TEST3,TEST3,3,idle,2.375,19,2.405610200513552,2.405610200513552,2661.0,0.47298258087451117,baseline-51658c86a67b4547bb12c9bc8fb3efd3,-2.0,0.0,228.0,130.0,54.0,38.0,0.0
2026-08-08_160034_704902_1_R3_TEST3,TEST3,3,idle,2.625,13,2.662924756781205,2.662924756781205,2398.0,0.4262353359402773,baseline-51658c86a67b4547bb12c9bc8fb3efd3,-2.0,0.0,228.0,130.0,54.0,38.0,0.0
2026-08-08_160034_704902_1_R3_TEST3,TEST3,3,idle,2.875,19,2.9097690434833288,2.9097690434833288,2579.0,0.45840739424102384,baseline-51658c86a67b4547bb12c9bc8fb3efd3,-2.0,0.0,228.0,130.0,54.0,38.0,0.0
2026-08-08_160034_704902_1_R3_TEST3,TEST3,3,idle,3.125,17,3.112565560903876,3.112565560903876,2277.0,0.4047280483469605,baseline-51658c86a67b4547bb12c9bc8fb3efd3,-2.0,0.0,228.0,130.0,54.0,38.0,0.0
2026-08-08_160034_704902_1_R3_TEST3,TEST3,3,idle,3.375,16,3.3719965542300088,3.3719965542300088,2760.0,0.4905794525417703,baseline-51658c86a67b4547bb12c9bc8fb3efd3,-2.0,0.0,228.0,130.0,54.0,38.0,0.0
2026-08-08_160034_704902_1_R3_TEST3,TEST3,3,idle,3.625,25,3.6296916880333217,3.6296916880333217,3154.0,0.5606114468538926,baseline-51658c86a67b4547bb12c9bc8fb3efd3,-2.0,0.0,228.0,130.0,54.0,38.0,0.0
2026-08-08_160034_704902_1_R3_TEST3,TEST3,3,idle,3.875,18,3.892434913344707,3.892434913344707,2454.5,0.436277995023107,baseline-51658c86a67b4547bb12c9bc8fb3efd3,-2.0,0.0,228.0,130.0,54.0,38.0,0.0
2026-08-08_160034_704902_1_R3_TEST3,TEST3,3,idle,4.125,14,4.092952365007449,4.092952365007449,4164.5,0.740223960184856,baseline-51658c86a67b4547bb12c9bc8fb3efd3,-2.0,0.0,228.0,130.0,54.0,38.0,0.0
2026-08-08_160034_704902_1_R3_TEST3,TEST3,3,idle,4.375,26,4.397973413752277,4.397973413752277,2686.0,0.47742623533594025,baseline-51658c86a67b4547bb12c9bc8fb3efd3,-2.0,0.0,228.0,130.0,54.0,38.0,0.0
2026-08-08_160034_704902_1_R3_TEST3,TEST3,3,idle,4.625,19,4.599515331095369,4.599515331095369,2604.0,0.4628510487024529,baseline-51658c86a67b4547bb12c9bc8fb3efd3,-2.0,0.0,228.0,130.0,54.0,38.0,0.0
2026-08-08_160034_704902_1_R3_TEST3,TEST3,3,idle,4.875,14,4.9222926675013845,4.9222926675013845,4844.5,0.861091361535727,baseline-51658c86a67b4547bb12c9bc8fb3efd3,-2.0,0.0,228.0,130.0,54.0,38.0,0.0
2026-08-08_160034_704902_1_R3_TEST3,TEST3,3,idle,5.125,11,5.09797462751261,5.09797462751261,2505.0,0.44525417703519377,baseline-51658c86a67b4547bb12c9bc8fb3efd3,-2.0,0.0,228.0,130.0,54.0,38.0,0.0
2026-08-08_160034_704902_1_R3_TEST3,TEST3,3,idle,5.375,7,5.4212463235311,5.4212463235311,3879.0,0.6894774262353359,baseline-51658c86a67b4547bb12c9bc8fb3efd3,-2.0,0.0,228.0,130.0,54.0,38.0,0.0
2026-08-08_160034_704902_1_R3_TEST3,TEST3,3,idle,5.625,4,5.707322674802819,5.707322674802819,4571.5,0.8125666548169215,baseline-51658c86a67b4547bb12c9bc8fb3efd3,-2.0,0.0,228.0,130.0,54.0,38.0,0.0
2026-08-08_160034_704902_1_R3_TEST3,TEST3,3,idle,5.875,3,5.928280700644692,5.928280700644692,1538.0,0.27337362246711694,baseline-51658c86a67b4547bb12c9bc8fb3efd3,-2.0,0.0,228.0,130.0,54.0,38.0,0.0
2026-08-08_160034_704902_1_R3_TEST3,TEST3,3,idle,6.125,2,6.1137888656965025,6.1137888656965025,4554.0,0.809456096693921,baseline-51658c86a67b4547bb12c9bc8fb3efd3,-2.0,0.0,228.0,130.0,54.0,38.0,0.0
2026-08-08_160034_704902_1_R3_TEST3,TEST3,3,idle,6.375,3,6.254752171693458,6.254752171693458,679.0,0.1206896551724138,baseline-51658c86a67b4547bb12c9bc8fb3efd3,-2.0,0.0,228.0,130.0,54.0,38.0,0.0
2026-08-08_160034_704902_1_R3_TEST3,TEST3,3,idle,6.625,3,6.62714562735143,6.62714562735143,6705.0,1.191788126555279,baseline-51658c86a67b4547bb12c9bc8fb3efd3,-2.0,0.0,228.0,130.0,54.0,38.0,0.0
2026-08-08_160034_704902_1_R3_TEST3,TEST3,3,idle,6.875,2,6.910091236081297,6.910091236081297,3490.0,0.6203341628154995,baseline-51658c86a67b4547bb12c9bc8fb3efd3,-2.0,0.0,228.0,130.0,54.0,38.0,0.0
2026-08-08_160034_704902_1_R3_TEST3,TEST3,3,idle,7.125,2,7.037951549174804,7.037951549174804,5914.5,1.0512797724848915,baseline-51658c86a67b4547bb12c9bc8fb3efd3,-2.0,0.0,228.0,130.0,54.0,38.0,0.0
2026-08-08_160034_704902_1_R3_TEST3,TEST3,3,idle,7.375,2,7.329214199915732,7.329214199915732,1071.0,0.19036615712762175,baseline-51658c86a67b4547bb12c9bc8fb3efd3,-2.0,0.0,228.0,130.0,54.0,38.0,0.0
2026-08-08_160034_704902_1_R3_TEST3,TEST3,3,idle,7.875,4,7.923284504323525,7.923284504323525,4460.0,0.7927479559189478,baseline-51658c86a67b4547bb12c9bc8fb3efd3,-2.0,0.0,228.0,130.0,54.0,38.0,0.0
2026-08-08_160034_704902_1_R3_TEST3,TEST3,3,idle,8.125,1,8.229908878117667,8.229908878117667,7325.0,1.3019907571987202,baseline-51658c86a67b4547bb12c9bc8fb3efd3,-2.0,0.0,228.0,130.0,54.0,38.0,0.0
2026-08-08_160034_704902_1_R3_TEST3,TEST3,3,idle,8.375,2,8.378357782947855,8.378357782947855,1567.0,0.2785282616423747,baseline-51658c86a67b4547bb12c9bc8fb3efd3,-2.0,0.0,228.0,130.0,54.0,38.0,0.0
2026-08-08_160034_704902_1_R3_TEST3,TEST3,3,idle,8.625,2,8.63982146450362,8.63982146450362,3194.0,0.5677212939921792,baseline-51658c86a67b4547bb12c9bc8fb3efd3,-2.0,0.0,228.0,130.0,54.0,38.0,0.0
2026-08-08_160034_704902_1_R3_TEST3,TEST3,3,idle,8.875,1,8.849802131959434,8.849802131959434,1864.0,0.33131887664415216,baseline-51658c86a67b4547bb12c9bc8fb3efd3,-2.0,0.0,228.0,130.0,54.0,38.0,0.0
2026-08-08_160034_704902_1_R3_TEST3,TEST3,3,idle,9.125,2,9.180379118386744,9.180379118386744,5961.0,1.0595449697831496,baseline-51658c86a67b4547bb12c9bc8fb3efd3,-2.0,0.0,228.0,130.0,54.0,38.0,0.0
2026-08-08_160034_704902_1_R3_TEST3,TEST3,3,idle,9.375,1,9.409812426037272,9.409812426037272,4462.0,0.7931034482758621,baseline-51658c86a67b4547bb12c9bc8fb3efd3,-2.0,0.0,228.0,130.0,54.0,38.0,0.0
2026-08-08_160034_704902_1_R3_TEST3,TEST3,3,idle,9.625,2,9.588949139650385,9.588949139650385,2626.0,0.46676146462851054,baseline-51658c86a67b4547bb12c9bc8fb3efd3,-2.0,0.0,228.0,130.0,54.0,38.0,0.0
2026-08-08_160147_552782_1_R3_TEST4,TEST4,3,idle,0.125,12,0.0013564753865715,0.0013564753865715,188.5,0.03350515463917526,baseline-51658c86a67b4547bb12c9bc8fb3efd3,-2.0,0.0,228.0,130.0,54.0,38.0,0.0
2026-08-08_160147_552782_1_R3_TEST4,TEST4,3,idle,0.375,1,0.336288487401555,0.336288487401555,714.0,0.1269107714184145,baseline-51658c86a67b4547bb12c9bc8fb3efd3,-2.0,0.0,228.0,130.0,54.0,38.0,0.0
2026-08-08_160147_552782_1_R3_TEST4,TEST4,3,idle,0.625,1,0.7489304734973806,0.7489304734973806,44.0,0.007820831852115179,baseline-51658c86a67b4547bb12c9bc8fb3efd3,-2.0,0.0,228.0,130.0,54.0,38.0,0.0
2026-08-08_160147_552782_1_R3_TEST4,TEST4,3,idle,1.125,1,1.1816928811875798,1.1816928811875798,0.0,0.0,baseline-51658c86a67b4547bb12c9bc8fb3efd3,-2.0,0.0,228.0,130.0,54.0,38.0,0.0
2026-08-08_160147_552782_1_R3_TEST4,TEST4,3,idle,1.625,1,1.692131242758916,1.692131242758916,0.0,0.0,baseline-51658c86a67b4547bb12c9bc8fb3efd3,-2.0,0.0,228.0,130.0,54.0,38.0,0.0
2026-08-08_160147_552782_1_R3_TEST4,TEST4,3,idle,1.875,2,1.873055556845399,1.873055556845399,1281.0,0.22769285460362604,baseline-51658c86a67b4547bb12c9bc8fb3efd3,-2.0,0.0,228.0,130.0,54.0,38.0,0.0
2026-08-08_160147_552782_1_R3_TEST4,TEST4,3,idle,2.375,2,2.366783453014053,2.366783453014053,1898.0,0.3373622467116957,baseline-51658c86a67b4547bb12c9bc8fb3efd3,-2.0,0.0,228.0,130.0,54.0,38.0,0.0
2026-08-08_160147_552782_1_R3_TEST4,TEST4,3,idle,2.625,4,2.662025193505897,2.662025193505897,5876.0,1.0444365446142907,baseline-51658c86a67b4547bb12c9bc8fb3efd3,-2.0,0.0,228.0,130.0,54.0,38.0,0.0
2026-08-08_160147_552782_1_R3_TEST4,TEST4,3,idle,2.875,7,2.829143979600903,2.829143979600903,3576.0,0.6356203341628155,baseline-51658c86a67b4547bb12c9bc8fb3efd3,-2.0,0.0,228.0,130.0,54.0,38.0,0.0
2026-08-08_160147_552782_1_R3_TEST4,TEST4,3,idle,3.125,8,3.0860994799241515,3.0860994799241515,4073.5,0.7240490579452541,baseline-51658c86a67b4547bb12c9bc8fb3efd3,-2.0,0.0,228.0,130.0,54.0,38.0,0.0
2026-08-08_160147_552782_1_R3_TEST4,TEST4,3,idle,3.375,8,3.304821808798918,3.304821808798918,3897.0,0.6926768574475649,baseline-51658c86a67b4547bb12c9bc8fb3efd3,-2.0,0.0,228.0,130.0,54.0,38.0,0.0
2026-08-08_160147_552782_1_R3_TEST4,TEST4,3,idle,3.625,12,3.6949554672689437,3.6949554672689437,4098.0,0.7284038393174547,baseline-51658c86a67b4547bb12c9bc8fb3efd3,-2.0,0.0,228.0,130.0,54.0,38.0,0.0
2026-08-08_160147_552782_1_R3_TEST4,TEST4,3,idle,3.875,28,3.8321274838869757,3.8321274838869757,4455.0,0.7918592250266618,baseline-51658c86a67b4547bb12c9bc8fb3efd3,-2.0,0.0,228.0,130.0,54.0,38.0,0.0
2026-08-08_160147_552782_1_R3_TEST4,TEST4,3,idle,4.125,31,4.077924992866189,4.077924992866189,4522.0,0.8037682189832919,baseline-51658c86a67b4547bb12c9bc8fb3efd3,-2.0,0.0,228.0,130.0,54.0,38.0,0.0
2026-08-08_160147_552782_1_R3_TEST4,TEST4,3,idle,4.375,32,4.375861214077304,4.375861214077304,5079.0,0.9027728403839317,baseline-51658c86a67b4547bb12c9bc8fb3efd3,-2.0,0.0,228.0,130.0,54.0,38.0,0.0
2026-08-08_160147_552782_1_R3_TEST4,TEST4,3,idle,4.625,28,4.617168867295232,4.617168867295232,5368.5,0.9542303590472805,baseline-51658c86a67b4547bb12c9bc8fb3efd3,-2.0,0.0,228.0,130.0,54.0,38.0,0.0
2026-08-08_160147_552782_1_R3_TEST4,TEST4,3,idle,4.875,24,4.9043382810082425,4.9043382810082425,5107.5,0.9078386064699608,baseline-51658c86a67b4547bb12c9bc8fb3efd3,-2.0,0.0,228.0,130.0,54.0,38.0,0.0
2026-08-08_160147_552782_1_R3_TEST4,TEST4,3,idle,5.125,25,5.161119138424199,5.161119138424199,5153.0,0.9159260575897619,baseline-51658c86a67b4547bb12c9bc8fb3efd3,-2.0,0.0,228.0,130.0,54.0,38.0,0.0
2026-08-08_160147_552782_1_R3_TEST4,TEST4,3,idle,5.375,18,5.415001224541042,5.415001224541042,4310.0,0.7660860291503733,baseline-51658c86a67b4547bb12c9bc8fb3efd3,-2.0,0.0,228.0,130.0,54.0,38.0,0.0
2026-08-08_160147_552782_1_R3_TEST4,TEST4,3,idle,5.625,10,5.56793800397909,5.56793800397909,5894.5,1.0477248489157482,baseline-51658c86a67b4547bb12c9bc8fb3efd3,-2.0,0.0,228.0,130.0,54.0,38.0,0.0
2026-08-08_160147_552782_1_R3_TEST4,TEST4,3,idle,5.875,8,5.8527496750337775,5.8527496750337775,4972.5,0.8838428723782439,baseline-51658c86a67b4547bb12c9bc8fb3efd3,-2.0,0.0,228.0,130.0,54.0,38.0,0.0
2026-08-08_160147_552782_1_R3_TEST4,TEST4,3,idle,6.125,11,6.159015829951198,6.159015829951198,6541.0,1.1626377532883043,baseline-51658c86a67b4547bb12c9bc8fb3efd3,-2.0,0.0,228.0,130.0,54.0,38.0,0.0
2026-08-08_160147_552782_1_R3_TEST4,TEST4,3,idle,6.375,9,6.393693339336807,6.393693339336807,7071.0,1.2568432278706008,baseline-51658c86a67b4547bb12c9bc8fb3efd3,-2.0,0.0,228.0,130.0,54.0,38.0,0.0
2026-08-08_160147_552782_1_R3_TEST4,TEST4,3,idle,6.625,3,6.546004624851908,6.546004624851908,5977.0,1.0623889086384644,baseline-51658c86a67b4547bb12c9bc8fb3efd3,-2.0,0.0,228.0,130.0,54.0,38.0,0.0
2026-08-08_160147_552782_1_R3_TEST4,TEST4,3,idle,6.875,4,6.895679381404628,6.895679381404628,5619.5,0.9988446498400284,baseline-51658c86a67b4547bb12c9bc8fb3efd3,-2.0,0.0,228.0,130.0,54.0,38.0,0.0
2026-08-08_160147_552782_1_R3_TEST4,TEST4,3,idle,7.125,2,7.104258974667843,7.104258974667843,2990.5,0.5315499466761464,baseline-51658c86a67b4547bb12c9bc8fb3efd3,-2.0,0.0,228.0,130.0,54.0,38.0,0.0
2026-08-08_160147_552782_1_R3_TEST4,TEST4,3,idle,7.375,1,7.449521544146813,7.449521544146813,3336.0,0.5929612513330963,baseline-51658c86a67b4547bb12c9bc8fb3efd3,-2.0,0.0,228.0,130.0,54.0,38.0,0.0
2026-08-08_160147_552782_1_R3_TEST4,TEST4,3,idle,7.875,1,7.857371039247646,7.857371039247646,2783.0,0.4946676146462851,baseline-51658c86a67b4547bb12c9bc8fb3efd3,-2.0,0.0,228.0,130.0,54.0,38.0,0.0
2026-08-08_160147_552782_1_R3_TEST4,TEST4,3,idle,8.125,3,8.04989266924407,8.04989266924407,1771.0,0.314788482047636,baseline-51658c86a67b4547bb12c9bc8fb3efd3,-2.0,0.0,228.0,130.0,54.0,38.0,0.0
2026-08-08_160147_552782_1_R3_TEST4,TEST4,3,idle,9.125,1,9.132320614404266,9.132320614404266,933.0,0.16583718450053325,baseline-51658c86a67b4547bb12c9bc8fb3efd3,-2.0,0.0,228.0,130.0,54.0,38.0,0.0
2026-08-08_160147_552782_1_R3_TEST4,TEST4,3,idle,10.625,1,10.528581568043842,10.528581568043842,5988.0,1.064344116601493,baseline-51658c86a67b4547bb12c9bc8fb3efd3,-2.0,0.0,228.0,130.0,54.0,38.0,0.0
2026-08-08_160147_552782_1_R3_TEST4,TEST4,3,idle,10.875,1,10.887090591527256,10.887090591527256,7355.0,1.3073231425524352,baseline-51658c86a67b4547bb12c9bc8fb3efd3,-2.0,0.0,228.0,130.0,54.0,38.0,0.0
2026-08-08_160247_228233_1_R3_TEST5,TEST5,3,idle,0.125,6,0.047497910667649496,0.047497910667649496,150.0,0.026661926768574477,baseline-51658c86a67b4547bb12c9bc8fb3efd3,-2.0,0.0,228.0,130.0,54.0,38.0,0.0
2026-08-08_160247_228233_1_R3_TEST5,TEST5,3,idle,0.375,1,0.4395805655315838,0.4395805655315838,332.0,0.05901173124777817,baseline-51658c86a67b4547bb12c9bc8fb3efd3,-2.0,0.0,228.0,130.0,54.0,38.0,0.0
2026-08-08_160247_228233_1_R3_TEST5,TEST5,3,idle,0.625,2,0.6443574805860378,0.6443574805860378,0.0,0.0,baseline-51658c86a67b4547bb12c9bc8fb3efd3,-2.0,0.0,228.0,130.0,54.0,38.0,0.0
2026-08-08_160247_228233_1_R3_TEST5,TEST5,3,idle,0.875,2,0.928377894827124,0.928377894827124,2019.0,0.35886953430501245,baseline-51658c86a67b4547bb12c9bc8fb3efd3,-2.0,0.0,228.0,130.0,54.0,38.0,0.0
2026-08-08_160247_228233_1_R3_TEST5,TEST5,3,idle,1.125,3,1.0588245637841476,1.0588245637841476,94.0,0.01670814077497334,baseline-51658c86a67b4547bb12c9bc8fb3efd3,-2.0,0.0,228.0,130.0,54.0,38.0,0.0
2026-08-08_160247_228233_1_R3_TEST5,TEST5,3,idle,1.375,8,1.4296077246203138,1.4296077246203138,1978.5,0.35167081407749734,baseline-51658c86a67b4547bb12c9bc8fb3efd3,-2.0,0.0,228.0,130.0,54.0,38.0,0.0
2026-08-08_160247_228233_1_R3_TEST5,TEST5,3,idle,1.625,4,1.6683684488685069,1.6683684488685069,1373.0,0.24404550302168504,baseline-51658c86a67b4547bb12c9bc8fb3efd3,-2.0,0.0,228.0,130.0,54.0,38.0,0.0
2026-08-08_160247_228233_1_R3_TEST5,TEST5,3,idle,1.875,5,1.7838769868851343,1.7838769868851343,1919.0,0.3410949164592961,baseline-51658c86a67b4547bb12c9bc8fb3efd3,-2.0,0.0,228.0,130.0,54.0,38.0,0.0
2026-08-08_160247_228233_1_R3_TEST5,TEST5,3,idle,2.125,5,2.196892670814681,2.196892670814681,4205.0,0.7474226804123711,baseline-51658c86a67b4547bb12c9bc8fb3efd3,-2.0,0.0,228.0,130.0,54.0,38.0,0.0
2026-08-08_160247_228233_1_R3_TEST5,TEST5,3,idle,2.375,4,2.4202311197930584,2.4202311197930584,3784.5,0.6726804123711341,baseline-51658c86a67b4547bb12c9bc8fb3efd3,-2.0,0.0,228.0,130.0,54.0,38.0,0.0
2026-08-08_160247_228233_1_R3_TEST5,TEST5,3,idle,2.625,16,2.591625896063435,2.591625896063435,5693.0,1.01190899395663,baseline-51658c86a67b4547bb12c9bc8fb3efd3,-2.0,0.0,228.0,130.0,54.0,38.0,0.0
2026-08-08_160247_228233_1_R3_TEST5,TEST5,3,idle,2.875,8,2.8658537085172515,2.8658537085172515,6826.0,1.2132954141485959,baseline-51658c86a67b4547bb12c9bc8fb3efd3,-2.0,0.0,228.0,130.0,54.0,38.0,0.0
2026-08-08_160247_228233_1_R3_TEST5,TEST5,3,idle,3.125,7,3.169347865280139,3.169347865280139,4796.0,0.8524706718805546,baseline-51658c86a67b4547bb12c9bc8fb3efd3,-2.0,0.0,228.0,130.0,54.0,38.0,0.0
2026-08-08_160247_228233_1_R3_TEST5,TEST5,3,idle,3.375,7,3.373037951910909,3.373037951910909,6276.0,1.115535015997156,baseline-51658c86a67b4547bb12c9bc8fb3efd3,-2.0,0.0,228.0,130.0,54.0,38.0,0.0
2026-08-08_160247_228233_1_R3_TEST5,TEST5,3,idle,3.625,14,3.58726367472433,3.58726367472433,6250.0,1.1109136153572698,baseline-51658c86a67b4547bb12c9bc8fb3efd3,-2.0,0.0,228.0,130.0,54.0,38.0,0.0
2026-08-08_160247_228233_1_R3_TEST5,TEST5,3,idle,3.875,9,3.8119781735596048,3.8119781735596048,6999.0,1.244045503021685,baseline-51658c86a67b4547bb12c9bc8fb3efd3,-2.0,0.0,228.0,130.0,54.0,38.0,0.0
2026-08-08_160247_228233_1_R3_TEST5,TEST5,3,idle,4.125,10,4.05810889711281,4.05810889711281,6983.5,1.241290437255599,baseline-51658c86a67b4547bb12c9bc8fb3efd3,-2.0,0.0,228.0,130.0,54.0,38.0,0.0
2026-08-08_160247_228233_1_R3_TEST5,TEST5,3,idle,4.375,9,4.325191046285499,4.325191046285499,7399.0,1.3151439744045503,baseline-51658c86a67b4547bb12c9bc8fb3efd3,-2.0,0.0,228.0,130.0,54.0,38.0,0.0
2026-08-08_160247_228233_1_R3_TEST5,TEST5,3,idle,4.625,4,4.572444569347439,4.572444569347439,11519.5,2.0475471027372913,baseline-51658c86a67b4547bb12c9bc8fb3efd3,-2.0,0.0,228.0,130.0,54.0,38.0,0.0
2026-08-08_160247_228233_1_R3_TEST5,TEST5,3,idle,4.875,14,4.872878752106677,4.872878752106677,7288.5,1.2955030216850338,baseline-51658c86a67b4547bb12c9bc8fb3efd3,-2.0,0.0,228.0,130.0,54.0,38.0,0.0
2026-08-08_160247_228233_1_R3_TEST5,TEST5,3,idle,5.125,6,5.167595700801311,5.167595700801311,8498.5,1.5105758976182013,baseline-51658c86a67b4547bb12c9bc8fb3efd3,-2.0,0.0,228.0,130.0,54.0,38.0,0.0
2026-08-08_160247_228233_1_R3_TEST5,TEST5,3,idle,5.375,6,5.378583619885495,5.378583619885495,9929.5,1.7649306789904018,baseline-51658c86a67b4547bb12c9bc8fb3efd3,-2.0,0.0,228.0,130.0,54.0,38.0,0.0
2026-08-08_160247_228233_1_R3_TEST5,TEST5,3,idle,5.625,10,5.55227351994852,5.55227351994852,8580.0,1.52506221116246,baseline-51658c86a67b4547bb12c9bc8fb3efd3,-2.0,0.0,228.0,130.0,54.0,38.0,0.0
2026-08-08_160247_228233_1_R3_TEST5,TEST5,3,idle,5.875,6,5.85392137231311,5.85392137231311,4474.5,0.7953252755065765,baseline-51658c86a67b4547bb12c9bc8fb3efd3,-2.0,0.0,228.0,130.0,54.0,38.0,0.0
2026-08-08_160247_228233_1_R3_TEST5,TEST5,3,idle,6.125,9,6.056088182654946,6.056088182654946,4261.0,0.7573764664059722,baseline-51658c86a67b4547bb12c9bc8fb3efd3,-2.0,0.0,228.0,130.0,54.0,38.0,0.0
2026-08-08_160247_228233_1_R3_TEST5,TEST5,3,idle,6.375,11,6.349900942012301,6.349900942012301,8120.0,1.443298969072165,baseline-51658c86a67b4547bb12c9bc8fb3efd3,-2.0,0.0,228.0,130.0,54.0,38.0,0.0
2026-08-08_160247_228233_1_R3_TEST5,TEST5,3,idle,6.625,9,6.65549147500279,6.65549147500279,6738.0,1.1976537504443654,baseline-51658c86a67b4547bb12c9bc8fb3efd3,-2.0,0.0,228.0,130.0,54.0,38.0,0.0
2026-08-08_160247_228233_1_R3_TEST5,TEST5,3,idle,6.875,8,6.856100106399302,6.856100106399302,7069.5,1.256576608602915,baseline-51658c86a67b4547bb12c9bc8fb3efd3,-2.0,0.0,228.0,130.0,54.0,38.0,0.0
2026-08-08_160247_228233_1_R3_TEST5,TEST5,3,idle,7.125,4,7.0408782732247195,7.0408782732247195,6902.0,1.2268041237113403,baseline-51658c86a67b4547bb12c9bc8fb3efd3,-2.0,0.0,228.0,130.0,54.0,38.0,0.0
2026-08-08_160247_228233_1_R3_TEST5,TEST5,3,idle,7.375,2,7.363403267502536,7.363403267502536,1232.0,0.21898329185922502,baseline-51658c86a67b4547bb12c9bc8fb3efd3,-2.0,0.0,228.0,130.0,54.0,38.0,0.0
2026-08-08_160247_228233_1_R3_TEST5,TEST5,3,idle,7.625,8,7.605160400299068,7.605160400299068,8863.0,1.5753643796658372,baseline-51658c86a67b4547bb12c9bc8fb3efd3,-2.0,0.0,228.0,130.0,54.0,38.0,0.0
2026-08-08_160247_228233_1_R3_TEST5,TEST5,3,idle,7.875,5,7.907627775672779,7.907627775672779,9233.0,1.6411304656949877,baseline-51658c86a67b4547bb12c9bc8fb3efd3,-2.0,0.0,228.0,130.0,54.0,38.0,0.0
2026-08-08_160247_228233_1_R3_TEST5,TEST5,3,idle,8.125,5,8.074309919826451,8.074309919826451,4533.0,0.8057234269463207,baseline-51658c86a67b4547bb12c9bc8fb3efd3,-2.0,0.0,228.0,130.0,54.0,38.0,0.0
2026-08-08_160247_228233_1_R3_TEST5,TEST5,3,idle,8.375,7,8.392538160228858,8.392538160228858,4873.0,0.8661571276217561,baseline-51658c86a67b4547bb12c9bc8fb3efd3,-2.0,0.0,228.0,130.0,54.0,38.0,0.0
2026-08-08_160247_228233_1_R3_TEST5,TEST5,3,idle,8.625,7,8.713195301608497,8.713195301608497,4910.0,0.8727337362246712,baseline-51658c86a67b4547bb12c9bc8fb3efd3,-2.0,0.0,228.0,130.0,54.0,38.0,0.0
2026-08-08_160247_228233_1_R3_TEST5,TEST5,3,idle,8.875,8,8.90218448768666,8.90218448768666,6382.5,1.134464984002844,baseline-51658c86a67b4547bb12c9bc8fb3efd3,-2.0,0.0,228.0,130.0,54.0,38.0,0.0
2026-08-08_160247_228233_1_R3_TEST5,TEST5,3,idle,9.125,6,9.159120322142556,9.159120322142556,10074.0,1.7906150017774616,baseline-51658c86a67b4547bb12c9bc8fb3efd3,-2.0,0.0,228.0,130.0,54.0,38.0,0.0
2026-08-08_160247_228233_1_R3_TEST5,TEST5,3,idle,9.375,4,9.335257413995816,9.335257413995816,12189.0,2.166548169214362,baseline-51658c86a67b4547bb12c9bc8fb3efd3,-2.0,0.0,228.0,130.0,54.0,38.0,0.0
2026-08-08_160247_228233_1_R3_TEST5,TEST5,3,idle,9.625,5,9.708620731283702,9.708620731283702,5802.0,1.0312833274084607,baseline-51658c86a67b4547bb12c9bc8fb3efd3,-2.0,0.0,228.0,130.0,54.0,38.0,0.0
2026-08-08_160247_228233_1_R3_TEST5,TEST5,3,idle,9.875,6,9.841992966615077,9.841992966615077,4105.5,0.7297369356558834,baseline-51658c86a67b4547bb12c9bc8fb3efd3,-2.0,0.0,228.0,130.0,54.0,38.0,0.0
2026-08-08_160247_228233_1_R3_TEST5,TEST5,3,idle,10.125,3,10.110373594656048,10.110373594656048,3448.0,0.6128688233202986,baseline-51658c86a67b4547bb12c9bc8fb3efd3,-2.0,0.0,228.0,130.0,54.0,38.0,0.0
2026-08-08_160247_228233_1_R3_TEST5,TEST5,3,idle,10.375,5,10.43783645739862,10.43783645739862,5957.0,1.058833985069321,baseline-51658c86a67b4547bb12c9bc8fb3efd3,-2.0,0.0,228.0,130.0,54.0,38.0,0.0
2026-08-08_160247_228233_1_R3_TEST5,TEST5,3,idle,10.625,3,10.635523787546944,10.635523787546944,16009.0,2.8455385709207253,baseline-51658c86a67b4547bb12c9bc8fb3efd3,-2.0,0.0,228.0,130.0,54.0,38.0,0.0
2026-08-08_160247_228233_1_R3_TEST5,TEST5,3,idle,10.875,4,10.962360806793363,10.962360806793363,3270.0,0.5812300035549236,baseline-51658c86a67b4547bb12c9bc8fb3efd3,-2.0,0.0,228.0,130.0,54.0,38.0,0.0
2026-08-08_160247_228233_1_R3_TEST5,TEST5,3,idle,11.125,3,11.105626297505513,11.105626297505513,4337.0,0.7708851759687166,baseline-51658c86a67b4547bb12c9bc8fb3efd3,-2.0,0.0,228.0,130.0,54.0,38.0,0.0
2026-08-08_160247_228233_1_R3_TEST5,TEST5,3,idle,11.625,2,11.6459698265709,11.6459698265709,8050.0,1.4308567365801634,baseline-51658c86a67b4547bb12c9bc8fb3efd3,-2.0,0.0,228.0,130.0,54.0,38.0,0.0
2026-08-08_160247_228233_1_R3_TEST5,TEST5,3,idle,11.875,2,11.904218167459351,11.904218167459351,2336.0,0.4152150728759332,baseline-51658c86a67b4547bb12c9bc8fb3efd3,-2.0,0.0,228.0,130.0,54.0,38.0,0.0
2026-08-08_160247_228233_1_R3_TEST5,TEST5,3,idle,12.125,1,12.074692794269284,12.074692794269284,1691.0,0.30056878777106294,baseline-51658c86a67b4547bb12c9bc8fb3efd3,-2.0,0.0,228.0,130.0,54.0,38.0,0.0
2026-08-08_160247_228233_1_R3_TEST5,TEST5,3,idle,12.375,3,12.346772891165532,12.346772891165532,2670.0,0.47458229648062566,baseline-51658c86a67b4547bb12c9bc8fb3efd3,-2.0,0.0,228.0,130.0,54.0,38.0,0.0
2026-08-08_160247_228233_1_R3_TEST5,TEST5,3,idle,12.625,2,12.636998060478993,12.636998060478993,1487.0,0.26430856736580166,baseline-51658c86a67b4547bb12c9bc8fb3efd3,-2.0,0.0,228.0,130.0,54.0,38.0,0.0
2026-08-08_160247_228233_1_R3_TEST5,TEST5,3,idle,12.875,3,12.95163945669838,12.95163945669838,2843.0,0.5053323853537149,baseline-51658c86a67b4547bb12c9bc8fb3efd3,-2.0,0.0,228.0,130.0,54.0,38.0,0.0
2026-08-08_160247_228233_1_R3_TEST5,TEST5,3,idle,13.625,2,13.68341909848699,13.68341909848699,5181.5,0.920991823675791,baseline-51658c86a67b4547bb12c9bc8fb3efd3,-2.0,0.0,228.0,130.0,54.0,38.0,0.0
2026-08-08_160247_228233_1_R3_TEST5,TEST5,3,idle,14.625,4,14.64689765543902,14.64689765543902,3650.0,0.6487735513686456,baseline-51658c86a67b4547bb12c9bc8fb3efd3,-2.0,0.0,228.0,130.0,54.0,38.0,0.0
2026-08-08_160344_644134_1_R3_TEST6,TEST6,3,idle,0.125,1,0.1812589817176729,0.1812589817176729,47.0,0.00835407038748667,baseline-51658c86a67b4547bb12c9bc8fb3efd3,-2.0,0.0,228.0,130.0,54.0,38.0,0.0
2026-08-08_160344_644134_1_R3_TEST6,TEST6,3,idle,0.625,1,0.5481850981488605,0.5481850981488605,0.0,0.0,baseline-51658c86a67b4547bb12c9bc8fb3efd3,-2.0,0.0,228.0,130.0,54.0,38.0,0.0
2026-08-08_160344_644134_1_R3_TEST6,TEST6,3,idle,1.125,2,1.1428133867446848,1.1428133867446848,1677.5,0.2981692143618912,baseline-51658c86a67b4547bb12c9bc8fb3efd3,-2.0,0.0,228.0,130.0,54.0,38.0,0.0
2026-08-08_160344_644134_1_R3_TEST6,TEST6,3,idle,1.375,1,1.4273786162679385,1.4273786162679385,8806.0,1.565232847493779,baseline-51658c86a67b4547bb12c9bc8fb3efd3,-2.0,0.0,228.0,130.0,54.0,38.0,0.0
2026-08-08_160344_644134_1_R3_TEST6,TEST6,3,idle,1.625,10,1.6901161832809373,1.6901161832809373,341.0,0.06061144685389264,baseline-51658c86a67b4547bb12c9bc8fb3efd3,-2.0,0.0,228.0,130.0,54.0,38.0,0.0
2026-08-08_160344_644134_1_R3_TEST6,TEST6,3,idle,1.875,9,1.851502027401765,1.851502027401765,1856.0,0.32989690721649484,baseline-51658c86a67b4547bb12c9bc8fb3efd3,-2.0,0.0,228.0,130.0,54.0,38.0,0.0
2026-08-08_160344_644134_1_R3_TEST6,TEST6,3,idle,2.125,14,2.1643765285621246,2.1643765285621246,4987.5,0.8865090650551013,baseline-51658c86a67b4547bb12c9bc8fb3efd3,-2.0,0.0,228.0,130.0,54.0,38.0,0.0
2026-08-08_160344_644134_1_R3_TEST6,TEST6,3,idle,2.375,19,2.3740244885778607,2.3740244885778607,4714.0,0.8378954852470671,baseline-51658c86a67b4547bb12c9bc8fb3efd3,-2.0,0.0,228.0,130.0,54.0,38.0,0.0
2026-08-08_160344_644134_1_R3_TEST6,TEST6,3,idle,2.625,15,2.611388061118405,2.611388061118405,5643.0,1.0030216850337719,baseline-51658c86a67b4547bb12c9bc8fb3efd3,-2.0,0.0,228.0,130.0,54.0,38.0,0.0
2026-08-08_160344_644134_1_R3_TEST6,TEST6,3,idle,2.875,15,2.8687249148440097,2.8687249148440097,6201.0,1.102204052612869,baseline-51658c86a67b4547bb12c9bc8fb3efd3,-2.0,0.0,228.0,130.0,54.0,38.0,0.0
2026-08-08_160344_644134_1_R3_TEST6,TEST6,3,idle,3.125,20,3.104519266776717,3.104519266776717,4858.0,0.8634909349448987,baseline-51658c86a67b4547bb12c9bc8fb3efd3,-2.0,0.0,228.0,130.0,54.0,38.0,0.0
2026-08-08_160344_644134_1_R3_TEST6,TEST6,3,idle,3.375,17,3.3574820549280613,3.3574820549280613,5192.0,0.9228581585495912,baseline-51658c86a67b4547bb12c9bc8fb3efd3,-2.0,0.0,228.0,130.0,54.0,38.0,0.0
2026-08-08_160344_644134_1_R3_TEST6,TEST6,3,idle,3.625,8,3.592977842242027,3.592977842242027,6168.5,1.096427301813011,baseline-51658c86a67b4547bb12c9bc8fb3efd3,-2.0,0.0,228.0,130.0,54.0,38.0,0.0
2026-08-08_160344_644134_1_R3_TEST6,TEST6,3,idle,3.875,18,3.871914177538065,3.871914177538065,5382.5,0.9567188055456808,baseline-51658c86a67b4547bb12c9bc8fb3efd3,-2.0,0.0,228.0,130.0,54.0,38.0,0.0
2026-08-08_160344_644134_1_R3_TEST6,TEST6,3,idle,4.125,16,4.16573182994641,4.16573182994641,6905.0,1.2273373622467116,baseline-51658c86a67b4547bb12c9bc8fb3efd3,-2.0,0.0,228.0,130.0,54.0,38.0,0.0
2026-08-08_160344_644134_1_R3_TEST6,TEST6,3,idle,4.375,10,4.310581871519173,4.310581871519173,6701.0,1.1910771418414505,baseline-51658c86a67b4547bb12c9bc8fb3efd3,-2.0,0.0,228.0,130.0,54.0,38.0,0.0
2026-08-08_160344_644134_1_R3_TEST6,TEST6,3,idle,4.625,11,4.643551668328617,4.643551668328617,7140.0,1.2691077141841451,baseline-51658c86a67b4547bb12c9bc8fb3efd3,-2.0,0.0,228.0,130.0,54.0,38.0,0.0
2026-08-08_160344_644134_1_R3_TEST6,TEST6,3,idle,4.875,16,4.857454311746505,4.857454311746505,7915.5,1.4069498755776753,baseline-51658c86a67b4547bb12c9bc8fb3efd3,-2.0,0.0,228.0,130.0,54.0,38.0,0.0
2026-08-08_160344_644134_1_R3_TEST6,TEST6,3,idle,5.125,21,5.103328478480881,5.103328478480881,7093.0,1.2607536437966584,baseline-51658c86a67b4547bb12c9bc8fb3efd3,-2.0,0.0,228.0,130.0,54.0,38.0,0.0
2026-08-08_160344_644134_1_R3_TEST6,TEST6,3,idle,5.375,9,5.394590754347957,5.394590754347957,6706.0,1.1919658727337363,baseline-51658c86a67b4547bb12c9bc8fb3efd3,-2.0,0.0,228.0,130.0,54.0,38.0,0.0
2026-08-08_160344_644134_1_R3_TEST6,TEST6,3,idle,5.625,10,5.642214756839904,5.642214756839904,5417.5,0.9629399217916814,baseline-51658c86a67b4547bb12c9bc8fb3efd3,-2.0,0.0,228.0,130.0,54.0,38.0,0.0
2026-08-08_160344_644134_1_R3_TEST6,TEST6,3,idle,5.875,8,5.840779272913842,5.840779272913842,7941.5,1.4115712762175612,baseline-51658c86a67b4547bb12c9bc8fb3efd3,-2.0,0.0,228.0,130.0,54.0,38.0,0.0
2026-08-08_160344_644134_1_R3_TEST6,TEST6,3,idle,6.125,14,6.128168795867966,6.128168795867966,6873.0,1.2216494845360826,baseline-51658c86a67b4547bb12c9bc8fb3efd3,-2.0,0.0,228.0,130.0,54.0,38.0,0.0
2026-08-08_160344_644134_1_R3_TEST6,TEST6,3,idle,6.375,12,6.317883846398923,6.317883846398923,8270.5,1.470049768929968,baseline-51658c86a67b4547bb12c9bc8fb3efd3,-2.0,0.0,228.0,130.0,54.0,38.0,0.0
2026-08-08_160344_644134_1_R3_TEST6,TEST6,3,idle,6.625,13,6.673792689226092,6.673792689226092,6308.0,1.1212228937077853,baseline-51658c86a67b4547bb12c9bc8fb3efd3,-2.0,0.0,228.0,130.0,54.0,38.0,0.0
2026-08-08_160344_644134_1_R3_TEST6,TEST6,3,idle,6.875,13,6.8399120892706575,6.8399120892706575,6081.0,1.0808745111980091,baseline-51658c86a67b4547bb12c9bc8fb3efd3,-2.0,0.0,228.0,130.0,54.0,38.0,0.0
2026-08-08_160344_644134_1_R3_TEST6,TEST6,3,idle,7.125,7,7.164264415092063,7.164264415092063,9369.0,1.6653039459651617,baseline-51658c86a67b4547bb12c9bc8fb3efd3,-2.0,0.0,228.0,130.0,54.0,38.0,0.0
2026-08-08_160344_644134_1_R3_TEST6,TEST6,3,idle,7.375,12,7.377320431762707,7.377320431762707,8374.5,1.488535371489513,baseline-51658c86a67b4547bb12c9bc8fb3efd3,-2.0,0.0,228.0,130.0,54.0,38.0,0.0
2026-08-08_160344_644134_1_R3_TEST6,TEST6,3,idle,7.625,10,7.613941295409335,7.613941295409335,7024.0,1.2484891574831143,baseline-51658c86a67b4547bb12c9bc8fb3efd3,-2.0,0.0,228.0,130.0,54.0,38.0,0.0
2026-08-08_160344_644134_1_R3_TEST6,TEST6,3,idle,7.875,3,7.888155966731823,7.888155966731823,9461.0,1.6816565943832207,baseline-51658c86a67b4547bb12c9bc8fb3efd3,-2.0,0.0,228.0,130.0,54.0,38.0,0.0
2026-08-08_160344_644134_1_R3_TEST6,TEST6,3,idle,8.125,5,8.176250511646344,8.176250511646344,4124.0,0.7330252399573409,baseline-51658c86a67b4547bb12c9bc8fb3efd3,-2.0,0.0,228.0,130.0,54.0,38.0,0.0
2026-08-08_160344_644134_1_R3_TEST6,TEST6,3,idle,8.375,9,8.404539784210623,8.404539784210623,6452.0,1.1468183434056167,baseline-51658c86a67b4547bb12c9bc8fb3efd3,-2.0,0.0,228.0,130.0,54.0,38.0,0.0
2026-08-08_160344_644134_1_R3_TEST6,TEST6,3,idle,8.625,5,8.633049008115837,8.633049008115837,4392.0,0.7806612157838606,baseline-51658c86a67b4547bb12c9bc8fb3efd3,-2.0,0.0,228.0,130.0,54.0,38.0,0.0
2026-08-08_160344_644134_1_R3_TEST6,TEST6,3,idle,8.875,6,8.830109296162984,8.830109296162984,7144.5,1.2699075719872024,baseline-51658c86a67b4547bb12c9bc8fb3efd3,-2.0,0.0,228.0,130.0,54.0,38.0,0.0
2026-08-08_160344_644134_1_R3_TEST6,TEST6,3,idle,9.125,6,9.061608641737003,9.061608641737003,4141.5,0.7361357980803414,baseline-51658c86a67b4547bb12c9bc8fb3efd3,-2.0,0.0,228.0,130.0,54.0,38.0,0.0
2026-08-08_160344_644134_1_R3_TEST6,TEST6,3,idle,9.375,6,9.400307210637724,9.400307210637724,4409.0,0.7836829008176325,baseline-51658c86a67b4547bb12c9bc8fb3efd3,-2.0,0.0,228.0,130.0,54.0,38.0,0.0
2026-08-08_160344_644134_1_R3_TEST6,TEST6,3,idle,9.625,4,9.585010665114897,9.585010665114897,5205.0,0.9251688588695344,baseline-51658c86a67b4547bb12c9bc8fb3efd3,-2.0,0.0,228.0,130.0,54.0,38.0,0.0
2026-08-08_160344_644134_1_R3_TEST6,TEST6,3,idle,9.875,2,9.909832982107268,9.909832982107268,4690.0,0.8336295769640952,baseline-51658c86a67b4547bb12c9bc8fb3efd3,-2.0,0.0,228.0,130.0,54.0,38.0,0.0
2026-08-08_160344_644134_1_R3_TEST6,TEST6,3,idle,10.125,3,10.129253488466029,10.129253488466029,6189.0,1.1000710984713828,baseline-51658c86a67b4547bb12c9bc8fb3efd3,-2.0,0.0,228.0,130.0,54.0,38.0,0.0
2026-08-08_160344_644134_1_R3_TEST6,TEST6,3,idle,10.375,1,10.463674783779,10.463674783779,2781.0,0.49431212228937077,baseline-51658c86a67b4547bb12c9bc8fb3efd3,-2.0,0.0,228.0,130.0,54.0,38.0,0.0
2026-08-08_160344_644134_1_R3_TEST6,TEST6,3,idle,10.625,7,10.650265529588026,10.650265529588026,3165.0,0.5625666548169215,baseline-51658c86a67b4547bb12c9bc8fb3efd3,-2.0,0.0,228.0,130.0,54.0,38.0,0.0
2026-08-08_160344_644134_1_R3_TEST6,TEST6,3,idle,10.875,3,10.901665797671615,10.901665797671615,7430.0,1.3206541059367223,baseline-51658c86a67b4547bb12c9bc8fb3efd3,-2.0,0.0,228.0,130.0,54.0,38.0,0.0
2026-08-08_160344_644134_1_R3_TEST6,TEST6,3,idle,11.125,2,11.079133637025544,11.079133637025544,3632.5,0.6456629932456452,baseline-51658c86a67b4547bb12c9bc8fb3efd3,-2.0,0.0,228.0,130.0,54.0,38.0,0.0
2026-08-08_160344_644134_1_R3_TEST6,TEST6,3,idle,11.375,2,11.37814548870066,11.37814548870066,7867.0,1.3983291859225027,baseline-51658c86a67b4547bb12c9bc8fb3efd3,-2.0,0.0,228.0,130.0,54.0,38.0,0.0
2026-08-08_160344_644134_1_R3_TEST6,TEST6,3,idle,12.125,1,12.135254979935524,12.135254979935524,2353.0,0.41823675790970494,baseline-51658c86a67b4547bb12c9bc8fb3efd3,-2.0,0.0,228.0,130.0,54.0,38.0,0.0
2026-08-08_160344_644134_1_R3_TEST6,TEST6,3,idle,12.625,2,12.612455676534145,12.612455676534145,3480.5,0.6186455741201564,baseline-51658c86a67b4547bb12c9bc8fb3efd3,-2.0,0.0,228.0,130.0,54.0,38.0,0.0
2026-08-08_160643_341315_1_R4_TEST2,TEST2,4,idle,0.125,11,0.1552421921012065,0.1552421921012065,0.0,0.0,baseline-51658c86a67b4547bb12c9bc8fb3efd3,-2.0,0.0,228.0,130.0,54.0,38.0,0.0
2026-08-08_160643_341315_1_R4_TEST2,TEST2,4,idle,0.375,21,0.3939952792251609,0.3939952792251609,0.0,0.0,baseline-51658c86a67b4547bb12c9bc8fb3efd3,-2.0,0.0,228.0,130.0,54.0,38.0,0.0
2026-08-08_160643_341315_1_R4_TEST2,TEST2,4,idle,0.625,42,0.6136761296831936,0.6136761296831936,0.0,0.0,baseline-51658c86a67b4547bb12c9bc8fb3efd3,-2.0,0.0,228.0,130.0,54.0,38.0,0.0
2026-08-08_160643_341315_1_R4_TEST2,TEST2,4,idle,0.875,41,0.8718634784563092,0.8718634784563092,34.0,0.005233184546713868,baseline-51658c86a67b4547bb12c9bc8fb3efd3,-2.0,0.0,228.0,130.0,54.0,38.0,0.0
2026-08-08_160643_341315_1_R4_TEST2,TEST2,4,idle,1.125,48,1.1442751959578263,1.1442751959578263,132.5,0.020394028012929045,baseline-51658c86a67b4547bb12c9bc8fb3efd3,-2.0,0.0,228.0,130.0,54.0,38.0,0.0
2026-08-08_160643_341315_1_R4_TEST2,TEST2,4,idle,1.375,23,1.3173733570939323,1.3173733570939323,94.0,0.014468216099738342,baseline-51658c86a67b4547bb12c9bc8fb3efd3,-2.0,0.0,228.0,130.0,54.0,38.0,0.0
2026-08-08_160643_341315_1_R4_TEST2,TEST2,4,idle,1.625,23,1.5949756162878117,1.5949756162878117,552.0,0.08496229028782515,baseline-51658c86a67b4547bb12c9bc8fb3efd3,-2.0,0.0,228.0,130.0,54.0,38.0,0.0
2026-08-08_160643_341315_1_R4_TEST2,TEST2,4,idle,1.875,22,1.8473148079065893,1.8473148079065893,91.5,0.014083423118362321,baseline-51658c86a67b4547bb12c9bc8fb3efd3,-2.0,0.0,228.0,130.0,54.0,38.0,0.0
2026-08-08_160643_341315_1_R4_TEST2,TEST2,4,idle,2.125,21,2.0835540555788925,2.0835540555788925,241.0,0.0370940434046483,baseline-51658c86a67b4547bb12c9bc8fb3efd3,-2.0,0.0,228.0,130.0,54.0,38.0,0.0
2026-08-08_160643_341315_1_R4_TEST2,TEST2,4,idle,2.375,8,2.396649460035851,2.396649460035851,216.5,0.03332307218716331,baseline-51658c86a67b4547bb12c9bc8fb3efd3,-2.0,0.0,228.0,130.0,54.0,38.0,0.0
2026-08-08_160643_341315_1_R4_TEST2,TEST2,4,idle,2.625,11,2.608431414488313,2.608431414488313,26.0,0.004001847006310605,baseline-51658c86a67b4547bb12c9bc8fb3efd3,-2.0,0.0,228.0,130.0,54.0,38.0,0.0
2026-08-08_160643_341315_1_R4_TEST2,TEST2,4,idle,2.875,15,2.8368021860351385,2.8368021860351385,0.0,0.0,baseline-51658c86a67b4547bb12c9bc8fb3efd3,-2.0,0.0,228.0,130.0,54.0,38.0,0.0
2026-08-08_160643_341315_1_R4_TEST2,TEST2,4,idle,3.125,13,3.1603489352729293,3.1603489352729293,0.0,0.0,baseline-51658c86a67b4547bb12c9bc8fb3efd3,-2.0,0.0,228.0,130.0,54.0,38.0,0.0
2026-08-08_160643_341315_1_R4_TEST2,TEST2,4,idle,3.375,14,3.407644449453241,3.407644449453241,0.0,0.0,baseline-51658c86a67b4547bb12c9bc8fb3efd3,-2.0,0.0,228.0,130.0,54.0,38.0,0.0
2026-08-08_160643_341315_1_R4_TEST2,TEST2,4,idle,3.625,9,3.619282689950349,3.619282689950349,0.0,0.0,baseline-51658c86a67b4547bb12c9bc8fb3efd3,-2.0,0.0,228.0,130.0,54.0,38.0,0.0
2026-08-08_160643_341315_1_R4_TEST2,TEST2,4,idle,3.875,9,3.8472684602608807,3.8472684602608807,0.0,0.0,baseline-51658c86a67b4547bb12c9bc8fb3efd3,-2.0,0.0,228.0,130.0,54.0,38.0,0.0
2026-08-08_160643_341315_1_R4_TEST2,TEST2,4,idle,4.125,9,4.088480864929884,4.088480864929884,161.0,0.02478066800061567,baseline-51658c86a67b4547bb12c9bc8fb3efd3,-2.0,0.0,228.0,130.0,54.0,38.0,0.0
2026-08-08_160643_341315_1_R4_TEST2,TEST2,4,idle,4.375,10,4.3548340051637275,4.3548340051637275,0.0,0.0,baseline-51658c86a67b4547bb12c9bc8fb3efd3,-2.0,0.0,228.0,130.0,54.0,38.0,0.0
2026-08-08_160643_341315_1_R4_TEST2,TEST2,4,idle,4.625,9,4.557411487819605,4.557411487819605,0.0,0.0,baseline-51658c86a67b4547bb12c9bc8fb3efd3,-2.0,0.0,228.0,130.0,54.0,38.0,0.0
2026-08-08_160643_341315_1_R4_TEST2,TEST2,4,idle,4.875,9,4.885059701658268,4.885059701658268,0.0,0.0,baseline-51658c86a67b4547bb12c9bc8fb3efd3,-2.0,0.0,228.0,130.0,54.0,38.0,0.0
2026-08-08_160643_341315_1_R4_TEST2,TEST2,4,idle,5.125,6,5.046756104656661,5.046756104656661,83.0,0.012775126981683853,baseline-51658c86a67b4547bb12c9bc8fb3efd3,-2.0,0.0,228.0,130.0,54.0,38.0,0.0
2026-08-08_160643_341315_1_R4_TEST2,TEST2,4,idle,5.375,7,5.324853537764351,5.324853537764351,0.0,0.0,baseline-51658c86a67b4547bb12c9bc8fb3efd3,-2.0,0.0,228.0,130.0,54.0,38.0,0.0
2026-08-08_160643_341315_1_R4_TEST2,TEST2,4,idle,5.625,8,5.6294179937888345,5.6294179937888345,0.0,0.0,baseline-51658c86a67b4547bb12c9bc8fb3efd3,-2.0,0.0,228.0,130.0,54.0,38.0,0.0
2026-08-08_160643_341315_1_R4_TEST2,TEST2,4,idle,5.875,4,5.887647451232533,5.887647451232533,0.0,0.0,baseline-51658c86a67b4547bb12c9bc8fb3efd3,-2.0,0.0,228.0,130.0,54.0,38.0,0.0
2026-08-08_160643_341315_1_R4_TEST2,TEST2,4,idle,6.125,4,6.142214366670171,6.142214366670171,0.0,0.0,baseline-51658c86a67b4547bb12c9bc8fb3efd3,-2.0,0.0,228.0,130.0,54.0,38.0,0.0
2026-08-08_160643_341315_1_R4_TEST2,TEST2,4,idle,6.375,5,6.317569030541502,6.317569030541502,0.0,0.0,baseline-51658c86a67b4547bb12c9bc8fb3efd3,-2.0,0.0,228.0,130.0,54.0,38.0,0.0
2026-08-08_160643_341315_1_R4_TEST2,TEST2,4,idle,6.625,4,6.666118011192474,6.666118011192474,209.5,0.03224565183931045,baseline-51658c86a67b4547bb12c9bc8fb3efd3,-2.0,0.0,228.0,130.0,54.0,38.0,0.0
2026-08-08_160643_341315_1_R4_TEST2,TEST2,4,idle,6.875,2,6.777371364165364,6.777371364165364,570.5,0.0878097583500077,baseline-51658c86a67b4547bb12c9bc8fb3efd3,-2.0,0.0,228.0,130.0,54.0,38.0,0.0
2026-08-08_160643_341315_1_R4_TEST2,TEST2,4,idle,7.125,9,7.117242956692878,7.117242956692878,0.0,0.0,baseline-51658c86a67b4547bb12c9bc8fb3efd3,-2.0,0.0,228.0,130.0,54.0,38.0,0.0
2026-08-08_160643_341315_1_R4_TEST2,TEST2,4,idle,7.375,3,7.342981075386227,7.342981075386227,0.0,0.0,baseline-51658c86a67b4547bb12c9bc8fb3efd3,-2.0,0.0,228.0,130.0,54.0,38.0,0.0
2026-08-08_160643_341315_1_R4_TEST2,TEST2,4,idle,7.625,3,7.636094957932758,7.636094957932758,0.0,0.0,baseline-51658c86a67b4547bb12c9bc8fb3efd3,-2.0,0.0,228.0,130.0,54.0,38.0,0.0
2026-08-08_160643_341315_1_R4_TEST2,TEST2,4,idle,8.125,5,8.126207557120292,8.126207557120292,381.0,0.0586424503617054,baseline-51658c86a67b4547bb12c9bc8fb3efd3,-2.0,0.0,228.0,130.0,54.0,38.0,0.0
2026-08-08_160643_341315_1_R4_TEST2,TEST2,4,idle,8.375,3,8.353980144542534,8.353980144542534,0.0,0.0,baseline-51658c86a67b4547bb12c9bc8fb3efd3,-2.0,0.0,228.0,130.0,54.0,38.0,0.0
2026-08-08_160643_341315_1_R4_TEST2,TEST2,4,idle,8.625,1,8.547269921333708,8.547269921333708,0.0,0.0,baseline-51658c86a67b4547bb12c9bc8fb3efd3,-2.0,0.0,228.0,130.0,54.0,38.0,0.0
2026-08-08_160643_341315_1_R4_TEST2,TEST2,4,idle,8.875,3,8.871562331777469,8.871562331777469,0.0,0.0,baseline-51658c86a67b4547bb12c9bc8fb3efd3,-2.0,0.0,228.0,130.0,54.0,38.0,0.0
2026-08-08_160643_341315_1_R4_TEST2,TEST2,4,idle,9.125,1,9.109929389375806,9.109929389375806,290.0,0.04463598583961829,baseline-51658c86a67b4547bb12c9bc8fb3efd3,-2.0,0.0,228.0,130.0,54.0,38.0,0.0
2026-08-08_160643_341315_1_R4_TEST2,TEST2,4,idle,9.875,3,9.941104206801448,9.941104206801448,0.0,0.0,baseline-51658c86a67b4547bb12c9bc8fb3efd3,-2.0,0.0,228.0,130.0,54.0,38.0,0.0
2026-08-08_160814_583552_1_R4_TEST3,TEST3,4,idle,0.125,11,0.0015452329968884,0.0015452329968884,883.0,0.13590888102201015,baseline-51658c86a67b4547bb12c9bc8fb3efd3,-2.0,0.0,228.0,130.0,54.0,38.0,0.0
2026-08-08_160814_583552_1_R4_TEST3,TEST3,4,idle,0.375,4,0.4271100222893811,0.4271100222893811,28.5,0.004386639987686625,baseline-51658c86a67b4547bb12c9bc8fb3efd3,-2.0,0.0,228.0,130.0,54.0,38.0,0.0
2026-08-08_160814_583552_1_R4_TEST3,TEST3,4,idle,0.625,4,0.7102638912028371,0.7102638912028371,90.0,0.013852547329536708,baseline-51658c86a67b4547bb12c9bc8fb3efd3,-2.0,0.0,228.0,130.0,54.0,38.0,0.0
2026-08-08_160814_583552_1_R4_TEST3,TEST3,4,idle,0.875,8,0.816417285201221,0.816417285201221,311.0,0.047868246883176854,baseline-51658c86a67b4547bb12c9bc8fb3efd3,-2.0,0.0,228.0,130.0,54.0,38.0,0.0
2026-08-08_160814_583552_1_R4_TEST3,TEST3,4,idle,1.125,10,1.1056867286040797,1.1056867286040797,428.0,0.06587655841157458,baseline-51658c86a67b4547bb12c9bc8fb3efd3,-2.0,0.0,228.0,130.0,54.0,38.0,0.0
2026-08-08_160814_583552_1_R4_TEST3,TEST3,4,idle,1.375,19,1.357259689123852,1.357259689123852,294.0,0.04525165460981992,baseline-51658c86a67b4547bb12c9bc8fb3efd3,-2.0,0.0,228.0,130.0,54.0,38.0,0.0
2026-08-08_160814_583552_1_R4_TEST3,TEST3,4,idle,1.625,26,1.5952854663658766,1.5952854663658766,385.5,0.05933507772818224,baseline-51658c86a67b4547bb12c9bc8fb3efd3,-2.0,0.0,228.0,130.0,54.0,38.0,0.0
2026-08-08_160814_583552_1_R4_TEST3,TEST3,4,idle,1.875,21,1.882471198448545,1.882471198448545,710.0,0.1092812067107896,baseline-51658c86a67b4547bb12c9bc8fb3efd3,-2.0,0.0,228.0,130.0,54.0,38.0,0.0
2026-08-08_160814_583552_1_R4_TEST3,TEST3,4,idle,2.125,16,2.142662966716671,2.142662966716671,908.5,0.13983376943204556,baseline-51658c86a67b4547bb12c9bc8fb3efd3,-2.0,0.0,228.0,130.0,54.0,38.0,0.0
2026-08-08_160814_583552_1_R4_TEST3,TEST3,4,idle,2.375,14,2.402077881474829,2.402077881474829,855.5,0.13167615822687395,baseline-51658c86a67b4547bb12c9bc8fb3efd3,-2.0,0.0,228.0,130.0,54.0,38.0,0.0
2026-08-08_160814_583552_1_R4_TEST3,TEST3,4,idle,2.625,14,2.6049019602738763,2.6049019602738763,348.5,0.053640141603817144,baseline-51658c86a67b4547bb12c9bc8fb3efd3,-2.0,0.0,228.0,130.0,54.0,38.0,0.0
2026-08-08_160814_583552_1_R4_TEST3,TEST3,4,idle,2.875,9,2.9120827439224803,2.9120827439224803,524.0,0.08065260889641374,baseline-51658c86a67b4547bb12c9bc8fb3efd3,-2.0,0.0,228.0,130.0,54.0,38.0,0.0
2026-08-08_160814_583552_1_R4_TEST3,TEST3,4,idle,3.125,14,3.1448864377323225,3.1448864377323225,630.0,0.09696783130675696,baseline-51658c86a67b4547bb12c9bc8fb3efd3,-2.0,0.0,228.0,130.0,54.0,38.0,0.0
2026-08-08_160814_583552_1_R4_TEST3,TEST3,4,idle,3.375,15,3.346715107095453,3.346715107095453,702.0,0.10804986917038634,baseline-51658c86a67b4547bb12c9bc8fb3efd3,-2.0,0.0,228.0,130.0,54.0,38.0,0.0
2026-08-08_160814_583552_1_R4_TEST3,TEST3,4,idle,3.625,12,3.6532074423162184,3.6532074423162184,849.0,0.13067569647529628,baseline-51658c86a67b4547bb12c9bc8fb3efd3,-2.0,0.0,228.0,130.0,54.0,38.0,0.0
2026-08-08_160814_583552_1_R4_TEST3,TEST3,4,idle,3.875,12,3.8639911668461178,3.8639911668461178,515.0,0.07926735416346006,baseline-51658c86a67b4547bb12c9bc8fb3efd3,-2.0,0.0,228.0,130.0,54.0,38.0,0.0
2026-08-08_160814_583552_1_R4_TEST3,TEST3,4,idle,4.125,8,4.1173608920293585,4.1173608920293585,375.5,0.057795905802678155,baseline-51658c86a67b4547bb12c9bc8fb3efd3,-2.0,0.0,228.0,130.0,54.0,38.0,0.0
2026-08-08_160814_583552_1_R4_TEST3,TEST3,4,idle,4.375,9,4.318937527915258,4.318937527915258,502.0,0.07726643066030475,baseline-51658c86a67b4547bb12c9bc8fb3efd3,-2.0,0.0,228.0,130.0,54.0,38.0,0.0
2026-08-08_160814_583552_1_R4_TEST3,TEST3,4,idle,4.625,12,4.615574849329027,4.615574849329027,835.5,0.1285978143758658,baseline-51658c86a67b4547bb12c9bc8fb3efd3,-2.0,0.0,228.0,130.0,54.0,38.0,0.0
2026-08-08_160814_583552_1_R4_TEST3,TEST3,4,idle,4.875,7,4.935330771933288,4.935330771933288,518.0,0.07972910574111128,baseline-51658c86a67b4547bb12c9bc8fb3efd3,-2.0,0.0,228.0,130.0,54.0,38.0,0.0
2026-08-08_160814_583552_1_R4_TEST3,TEST3,4,idle,5.125,9,5.107814460809612,5.107814460809612,0.0,0.0,baseline-51658c86a67b4547bb12c9bc8fb3efd3,-2.0,0.0,228.0,130.0,54.0,38.0,0.0
2026-08-08_160814_583552_1_R4_TEST3,TEST3,4,idle,5.375,9,5.322601126378169,5.322601126378169,117.0,0.01800831152839772,baseline-51658c86a67b4547bb12c9bc8fb3efd3,-2.0,0.0,228.0,130.0,54.0,38.0,0.0
2026-08-08_160814_583552_1_R4_TEST3,TEST3,4,idle,5.625,11,5.645203769855188,5.645203769855188,399.0,0.061412959827612745,baseline-51658c86a67b4547bb12c9bc8fb3efd3,-2.0,0.0,228.0,130.0,54.0,38.0,0.0
2026-08-08_160814_583552_1_R4_TEST3,TEST3,4,idle,5.875,5,5.902093470408579,5.902093470408579,170.0,0.02616592273356934,baseline-51658c86a67b4547bb12c9bc8fb3efd3,-2.0,0.0,228.0,130.0,54.0,38.0,0.0
2026-08-08_160814_583552_1_R4_TEST3,TEST3,4,idle,6.125,6,6.1386701662608845,6.1386701662608845,0.0,0.0,baseline-51658c86a67b4547bb12c9bc8fb3efd3,-2.0,0.0,228.0,130.0,54.0,38.0,0.0
2026-08-08_160814_583552_1_R4_TEST3,TEST3,4,idle,6.375,11,6.397970036862324,6.397970036862324,1170.0,0.18008311528397722,baseline-51658c86a67b4547bb12c9bc8fb3efd3,-2.0,0.0,228.0,130.0,54.0,38.0,0.0
2026-08-08_160814_583552_1_R4_TEST3,TEST3,4,idle,6.625,4,6.643597871709055,6.643597871709055,2008.5,0.3091426812374942,baseline-51658c86a67b4547bb12c9bc8fb3efd3,-2.0,0.0,228.0,130.0,54.0,38.0,0.0
2026-08-08_160814_583552_1_R4_TEST3,TEST3,4,idle,6.875,9,6.814347771597928,6.814347771597928,0.0,0.0,baseline-51658c86a67b4547bb12c9bc8fb3efd3,-2.0,0.0,228.0,130.0,54.0,38.0,0.0
2026-08-08_160814_583552_1_R4_TEST3,TEST3,4,idle,7.125,7,7.124204281743603,7.124204281743603,0.0,0.0,baseline-51658c86a67b4547bb12c9bc8fb3efd3,-2.0,0.0,228.0,130.0,54.0,38.0,0.0
2026-08-08_160814_583552_1_R4_TEST3,TEST3,4,idle,7.375,3,7.455401375679301,7.455401375679301,0.0,0.0,baseline-51658c86a67b4547bb12c9bc8fb3efd3,-2.0,0.0,228.0,130.0,54.0,38.0,0.0
2026-08-08_160814_583552_1_R4_TEST3,TEST3,4,idle,7.625,3,7.556319143920493,7.556319143920493,771.0,0.11867015545636447,baseline-51658c86a67b4547bb12c9bc8fb3efd3,-2.0,0.0,228.0,130.0,54.0,38.0,0.0
2026-08-08_160814_583552_1_R4_TEST3,TEST3,4,idle,7.875,1,7.954519368480287,7.954519368480287,472.0,0.07264891488379252,baseline-51658c86a67b4547bb12c9bc8fb3efd3,-2.0,0.0,228.0,130.0,54.0,38.0,0.0
2026-08-08_160814_583552_1_R4_TEST3,TEST3,4,idle,8.125,1,8.1791528729769,8.1791528729769,5428.0,0.835462521163614,baseline-51658c86a67b4547bb12c9bc8fb3efd3,-2.0,0.0,228.0,130.0,54.0,38.0,0.0
2026-08-08_160814_583552_1_R4_TEST3,TEST3,4,idle,8.375,3,8.31472080834538,8.31472080834538,1005.0,0.15468677851315993,baseline-51658c86a67b4547bb12c9bc8fb3efd3,-2.0,0.0,228.0,130.0,54.0,38.0,0.0
2026-08-08_160814_583552_1_R4_TEST3,TEST3,4,idle,8.625,1,8.735390832519377,8.735390832519377,97.0,0.014929967677389565,baseline-51658c86a67b4547bb12c9bc8fb3efd3,-2.0,0.0,228.0,130.0,54.0,38.0,0.0
2026-08-08_160814_583552_1_R4_TEST3,TEST3,4,idle,8.875,1,8.844944305057048,8.844944305057048,122.0,0.01877789749114976,baseline-51658c86a67b4547bb12c9bc8fb3efd3,-2.0,0.0,228.0,130.0,54.0,38.0,0.0
2026-08-08_160814_583552_1_R4_TEST3,TEST3,4,idle,9.125,2,9.116122605937282,9.116122605937282,1300.0,0.20009235031553024,baseline-51658c86a67b4547bb12c9bc8fb3efd3,-2.0,0.0,228.0,130.0,54.0,38.0,0.0
2026-08-08_160814_583552_1_R4_TEST3,TEST3,4,idle,9.875,1,9.839156733925536,9.839156733925536,0.0,0.0,baseline-51658c86a67b4547bb12c9bc8fb3efd3,-2.0,0.0,228.0,130.0,54.0,38.0,0.0
2026-08-08_160814_583552_1_R4_TEST3,TEST3,4,idle,10.375,1,10.43660492776732,10.43660492776732,154.0,0.023703247652762813,baseline-51658c86a67b4547bb12c9bc8fb3efd3,-2.0,0.0,228.0,130.0,54.0,38.0,0.0
2026-08-08_160814_583552_1_R4_TEST3,TEST3,4,idle,10.625,1,10.680317577868657,10.680317577868657,0.0,0.0,baseline-51658c86a67b4547bb12c9bc8fb3efd3,-2.0,0.0,228.0,130.0,54.0,38.0,0.0
2026-08-08_160814_583552_1_R4_TEST3,TEST3,4,idle,10.875,1,10.777429006050182,10.777429006050182,0.0,0.0,baseline-51658c86a67b4547bb12c9bc8fb3efd3,-2.0,0.0,228.0,130.0,54.0,38.0,0.0
2026-08-08_160912_929778_1_R4_TEST4,TEST4,4,idle,0.125,2,0.16952602454808863,0.16952602454808863,97.5,0.015006926273664768,baseline-51658c86a67b4547bb12c9bc8fb3efd3,-2.0,0.0,228.0,130.0,54.0,38.0,0.0
2026-08-08_160912_929778_1_R4_TEST4,TEST4,4,idle,0.375,5,0.3679381921021888,0.3679381921021888,0.0,0.0,baseline-51658c86a67b4547bb12c9bc8fb3efd3,-2.0,0.0,228.0,130.0,54.0,38.0,0.0
2026-08-08_160912_929778_1_R4_TEST4,TEST4,4,idle,0.625,7,0.691419303411758,0.691419303411758,353.0,0.05433276897029398,baseline-51658c86a67b4547bb12c9bc8fb3efd3,-2.0,0.0,228.0,130.0,54.0,38.0,0.0
2026-08-08_160912_929778_1_R4_TEST4,TEST4,4,idle,0.875,10,0.863700254931838,0.863700254931838,727.5,0.11197475758042173,baseline-51658c86a67b4547bb12c9bc8fb3efd3,-2.0,0.0,228.0,130.0,54.0,38.0,0.0
2026-08-08_160912_929778_1_R4_TEST4,TEST4,4,idle,1.125,11,1.117088592034002,1.117088592034002,619.0,0.09527474218870248,baseline-51658c86a67b4547bb12c9bc8fb3efd3,-2.0,0.0,228.0,130.0,54.0,38.0,0.0
2026-08-08_160912_929778_1_R4_TEST4,TEST4,4,idle,1.375,14,1.33535654660311,1.33535654660311,559.0,0.086039710635678,baseline-51658c86a67b4547bb12c9bc8fb3efd3,-2.0,0.0,228.0,130.0,54.0,38.0,0.0
2026-08-08_160912_929778_1_R4_TEST4,TEST4,4,idle,1.625,24,1.6086174613921527,1.6086174613921527,307.0,0.047252578112975216,baseline-51658c86a67b4547bb12c9bc8fb3efd3,-2.0,0.0,228.0,130.0,54.0,38.0,0.0
2026-08-08_160912_929778_1_R4_TEST4,TEST4,4,idle,1.875,29,1.8884221975377595,1.8884221975377595,395.0,0.060797291057411114,baseline-51658c86a67b4547bb12c9bc8fb3efd3,-2.0,0.0,228.0,130.0,54.0,38.0,0.0
2026-08-08_160912_929778_1_R4_TEST4,TEST4,4,idle,2.125,18,2.131736883320108,2.131736883320108,794.5,0.12228720948129906,baseline-51658c86a67b4547bb12c9bc8fb3efd3,-2.0,0.0,228.0,130.0,54.0,38.0,0.0
2026-08-08_160912_929778_1_R4_TEST4,TEST4,4,idle,2.375,18,2.398948083574814,2.398948083574814,853.0,0.13129136524549792,baseline-51658c86a67b4547bb12c9bc8fb3efd3,-2.0,0.0,228.0,130.0,54.0,38.0,0.0
2026-08-08_160912_929778_1_R4_TEST4,TEST4,4,idle,2.625,22,2.5965230666549246,2.5965230666549246,760.5,0.1170540249345852,baseline-51658c86a67b4547bb12c9bc8fb3efd3,-2.0,0.0,228.0,130.0,54.0,38.0,0.0
2026-08-08_160912_929778_1_R4_TEST4,TEST4,4,idle,2.875,15,2.824888061552556,2.824888061552556,710.0,0.1092812067107896,baseline-51658c86a67b4547bb12c9bc8fb3efd3,-2.0,0.0,228.0,130.0,54.0,38.0,0.0
2026-08-08_160912_929778_1_R4_TEST4,TEST4,4,idle,3.125,15,3.1294281807083566,3.1294281807083566,958.0,0.14745267046329075,baseline-51658c86a67b4547bb12c9bc8fb3efd3,-2.0,0.0,228.0,130.0,54.0,38.0,0.0
2026-08-08_160912_929778_1_R4_TEST4,TEST4,4,idle,3.375,14,3.331324714040083,3.331324714040083,1047.0,0.16115130060027705,baseline-51658c86a67b4547bb12c9bc8fb3efd3,-2.0,0.0,228.0,130.0,54.0,38.0,0.0
2026-08-08_160912_929778_1_R4_TEST4,TEST4,4,idle,3.625,15,3.6312225653251313,3.6312225653251313,457.0,0.0703401569955364,baseline-51658c86a67b4547bb12c9bc8fb3efd3,-2.0,0.0,228.0,130.0,54.0,38.0,0.0
2026-08-08_160912_929778_1_R4_TEST4,TEST4,4,idle,3.875,12,3.8792105225327953,3.8792105225327953,386.5,0.059488994920732646,baseline-51658c86a67b4547bb12c9bc8fb3efd3,-2.0,0.0,228.0,130.0,54.0,38.0,0.0
2026-08-08_160912_929778_1_R4_TEST4,TEST4,4,idle,4.125,6,4.11607797300214,4.11607797300214,116.5,0.01793135293212252,baseline-51658c86a67b4547bb12c9bc8fb3efd3,-2.0,0.0,228.0,130.0,54.0,38.0,0.0
2026-08-08_160912_929778_1_R4_TEST4,TEST4,4,idle,4.375,12,4.362657674323888,4.362657674323888,346.5,0.05333230721871633,baseline-51658c86a67b4547bb12c9bc8fb3efd3,-2.0,0.0,228.0,130.0,54.0,38.0,0.0
2026-08-08_160912_929778_1_R4_TEST4,TEST4,4,idle,4.625,5,4.60171937412382,4.60171937412382,860.0,0.13236878559335077,baseline-51658c86a67b4547bb12c9bc8fb3efd3,-2.0,0.0,228.0,130.0,54.0,38.0,0.0
2026-08-08_160912_929778_1_R4_TEST4,TEST4,4,idle,4.875,3,4.7971257159953735,4.7971257159953735,0.0,0.0,baseline-51658c86a67b4547bb12c9bc8fb3efd3,-2.0,0.0,228.0,130.0,54.0,38.0,0.0
2026-08-08_160912_929778_1_R4_TEST4,TEST4,4,idle,5.125,8,5.035749865201636,5.035749865201636,841.5,0.12952131753116822,baseline-51658c86a67b4547bb12c9bc8fb3efd3,-2.0,0.0,228.0,130.0,54.0,38.0,0.0
2026-08-08_160912_929778_1_R4_TEST4,TEST4,4,idle,5.375,2,5.439111177936969,5.439111177936969,402.5,0.06195167000153917,baseline-51658c86a67b4547bb12c9bc8fb3efd3,-2.0,0.0,228.0,130.0,54.0,38.0,0.0
2026-08-08_160912_929778_1_R4_TEST4,TEST4,4,idle,5.625,15,5.619059299548807,5.619059299548807,0.0,0.0,baseline-51658c86a67b4547bb12c9bc8fb3efd3,-2.0,0.0,228.0,130.0,54.0,38.0,0.0
2026-08-08_160912_929778_1_R4_TEST4,TEST4,4,idle,5.875,9,5.879556193986303,5.879556193986303,702.0,0.10804986917038634,baseline-51658c86a67b4547bb12c9bc8fb3efd3,-2.0,0.0,228.0,130.0,54.0,38.0,0.0
2026-08-08_160912_929778_1_R4_TEST4,TEST4,4,idle,6.125,3,6.075563982489648,6.075563982489648,0.0,0.0,baseline-51658c86a67b4547bb12c9bc8fb3efd3,-2.0,0.0,228.0,130.0,54.0,38.0,0.0
2026-08-08_160912_929778_1_R4_TEST4,TEST4,4,idle,6.375,9,6.376990722838918,6.376990722838918,451.0,0.06941665384023396,baseline-51658c86a67b4547bb12c9bc8fb3efd3,-2.0,0.0,228.0,130.0,54.0,38.0,0.0
2026-08-08_160912_929778_1_R4_TEST4,TEST4,4,idle,6.625,6,6.656180144254415,6.656180144254415,43.5,0.0066953978759427425,baseline-51658c86a67b4547bb12c9bc8fb3efd3,-2.0,0.0,228.0,130.0,54.0,38.0,0.0
2026-08-08_160912_929778_1_R4_TEST4,TEST4,4,idle,6.875,6,6.869476582793794,6.869476582793794,90.5,0.013929505925811913,baseline-51658c86a67b4547bb12c9bc8fb3efd3,-2.0,0.0,228.0,130.0,54.0,38.0,0.0
2026-08-08_160912_929778_1_R4_TEST4,TEST4,4,idle,7.125,10,7.157833558485388,7.157833558485388,104.0,0.01600738802524242,baseline-51658c86a67b4547bb12c9bc8fb3efd3,-2.0,0.0,228.0,130.0,54.0,38.0,0.0
2026-08-08_160912_929778_1_R4_TEST4,TEST4,4,idle,7.375,14,7.337087612102044,7.337087612102044,243.5,0.037478836386024325,baseline-51658c86a67b4547bb12c9bc8fb3efd3,-2.0,0.0,228.0,130.0,54.0,38.0,0.0
2026-08-08_160912_929778_1_R4_TEST4,TEST4,4,idle,7.625,9,7.647089067109521,7.647089067109521,0.0,0.0,baseline-51658c86a67b4547bb12c9bc8fb3efd3,-2.0,0.0,228.0,130.0,54.0,38.0,0.0
2026-08-08_160912_929778_1_R4_TEST4,TEST4,4,idle,7.875,3,7.909719036296364,7.909719036296364,1395.0,0.214714483607819,baseline-51658c86a67b4547bb12c9bc8fb3efd3,-2.0,0.0,228.0,130.0,54.0,38.0,0.0
2026-08-08_160912_929778_1_R4_TEST4,TEST4,4,idle,8.125,8,8.085940605591627,8.085940605591627,366.0,0.056333692473449284,baseline-51658c86a67b4547bb12c9bc8fb3efd3,-2.0,0.0,228.0,130.0,54.0,38.0,0.0
2026-08-08_160912_929778_1_R4_TEST4,TEST4,4,idle,8.375,6,8.416157004227014,8.416157004227014,126.0,0.019393566261351393,baseline-51658c86a67b4547bb12c9bc8fb3efd3,-2.0,0.0,228.0,130.0,54.0,38.0,0.0
2026-08-08_160912_929778_1_R4_TEST4,TEST4,4,idle,8.625,5,8.651626071074661,8.651626071074661,645.0,0.09927658919501309,baseline-51658c86a67b4547bb12c9bc8fb3efd3,-2.0,0.0,228.0,130.0,54.0,38.0,0.0
2026-08-08_160912_929778_1_R4_TEST4,TEST4,4,idle,8.875,3,8.87740147040116,8.87740147040116,0.0,0.0,baseline-51658c86a67b4547bb12c9bc8fb3efd3,-2.0,0.0,228.0,130.0,54.0,38.0,0.0
2026-08-08_160912_929778_1_R4_TEST4,TEST4,4,idle,9.125,1,9.131082722418164,9.131082722418164,0.0,0.0,baseline-51658c86a67b4547bb12c9bc8fb3efd3,-2.0,0.0,228.0,130.0,54.0,38.0,0.0
2026-08-08_160912_929778_1_R4_TEST4,TEST4,4,idle,9.375,3,9.36669042141703,9.36669042141703,0.0,0.0,baseline-51658c86a67b4547bb12c9bc8fb3efd3,-2.0,0.0,228.0,130.0,54.0,38.0,0.0
2026-08-08_160912_929778_1_R4_TEST4,TEST4,4,idle,9.875,1,9.928111074127443,9.928111074127443,0.0,0.0,baseline-51658c86a67b4547bb12c9bc8fb3efd3,-2.0,0.0,228.0,130.0,54.0,38.0,0.0
2026-08-08_160912_929778_1_R4_TEST4,TEST4,4,idle,10.125,1,10.081874616841253,10.081874616841253,554.0,0.08527012467292597,baseline-51658c86a67b4547bb12c9bc8fb3efd3,-2.0,0.0,228.0,130.0,54.0,38.0,0.0
2026-08-08_160912_929778_1_R4_TEST4,TEST4,4,idle,11.375,1,11.312551582531595,11.312551582531595,0.0,0.0,baseline-51658c86a67b4547bb12c9bc8fb3efd3,-2.0,0.0,228.0,130.0,54.0,38.0,0.0
2026-08-08_160912_929778_1_R4_TEST4,TEST4,4,idle,11.875,1,11.985056150007024,11.985056150007024,0.0,0.0,baseline-51658c86a67b4547bb12c9bc8fb3efd3,-2.0,0.0,228.0,130.0,54.0,38.0,0.0
2026-08-08_161018_609760_1_R4_TEST5,TEST5,4,idle,0.125,4,0.15582083222071946,0.15582083222071946,0.0,0.0,baseline-51658c86a67b4547bb12c9bc8fb3efd3,-2.0,0.0,228.0,130.0,54.0,38.0,0.0
2026-08-08_161018_609760_1_R4_TEST5,TEST5,4,idle,0.375,5,0.4518537933685274,0.4518537933685274,232.0,0.03570878867169463,baseline-51658c86a67b4547bb12c9bc8fb3efd3,-2.0,0.0,228.0,130.0,54.0,38.0,0.0
2026-08-08_161018_609760_1_R4_TEST5,TEST5,4,idle,0.625,6,0.6949123457872981,0.6949123457872981,0.0,0.0,baseline-51658c86a67b4547bb12c9bc8fb3efd3,-2.0,0.0,228.0,130.0,54.0,38.0,0.0
2026-08-08_161018_609760_1_R4_TEST5,TEST5,4,idle,0.875,20,0.8998750243846714,0.8998750243846714,220.5,0.03393874095736494,baseline-51658c86a67b4547bb12c9bc8fb3efd3,-2.0,0.0,228.0,130.0,54.0,38.0,0.0
2026-08-08_161018_609760_1_R4_TEST5,TEST5,4,idle,1.125,36,1.1072996850998544,1.1072996850998544,184.5,0.028397722025550257,baseline-51658c86a67b4547bb12c9bc8fb3efd3,-2.0,0.0,228.0,130.0,54.0,38.0,0.0
2026-08-08_161018_609760_1_R4_TEST5,TEST5,4,idle,1.375,33,1.3618578223352138,1.3618578223352138,287.0,0.04417423426196706,baseline-51658c86a67b4547bb12c9bc8fb3efd3,-2.0,0.0,228.0,130.0,54.0,38.0,0.0
2026-08-08_161018_609760_1_R4_TEST5,TEST5,4,idle,1.625,29,1.6037968954424544,1.6037968954424544,353.0,0.05433276897029398,baseline-51658c86a67b4547bb12c9bc8fb3efd3,-2.0,0.0,228.0,130.0,54.0,38.0,0.0
2026-08-08_161018_609760_1_R4_TEST5,TEST5,4,idle,1.875,20,1.8240982328629514,1.8240982328629514,802.5,0.12351854702170231,baseline-51658c86a67b4547bb12c9bc8fb3efd3,-2.0,0.0,228.0,130.0,54.0,38.0,0.0
2026-08-08_161018_609760_1_R4_TEST5,TEST5,4,idle,2.125,15,2.1552210814113404,2.1552210814113404,250.0,0.038479298137601974,baseline-51658c86a67b4547bb12c9bc8fb3efd3,-2.0,0.0,228.0,130.0,54.0,38.0,0.0
2026-08-08_161018_609760_1_R4_TEST5,TEST5,4,idle,2.375,19,2.3320658890702584,2.3320658890702584,656.0,0.10096967831306757,baseline-51658c86a67b4547bb12c9bc8fb3efd3,-2.0,0.0,228.0,130.0,54.0,38.0,0.0
2026-08-08_161018_609760_1_R4_TEST5,TEST5,4,idle,2.625,12,2.5969037849711736,2.5969037849711736,196.0,0.030167769739879946,baseline-51658c86a67b4547bb12c9bc8fb3efd3,-2.0,0.0,228.0,130.0,54.0,38.0,0.0
2026-08-08_161018_609760_1_R4_TEST5,TEST5,4,idle,2.875,8,2.900043829534729,2.900043829534729,430.5,0.06626135139295058,baseline-51658c86a67b4547bb12c9bc8fb3efd3,-2.0,0.0,228.0,130.0,54.0,38.0,0.0
2026-08-08_161018_609760_1_R4_TEST5,TEST5,4,idle,3.125,15,3.0978050152297727,3.0978050152297727,0.0,0.0,baseline-51658c86a67b4547bb12c9bc8fb3efd3,-2.0,0.0,228.0,130.0,54.0,38.0,0.0
2026-08-08_161018_609760_1_R4_TEST5,TEST5,4,idle,3.375,11,3.4096284008622826,3.4096284008622826,0.0,0.0,baseline-51658c86a67b4547bb12c9bc8fb3efd3,-2.0,0.0,228.0,130.0,54.0,38.0,0.0
2026-08-08_161018_609760_1_R4_TEST5,TEST5,4,idle,3.625,10,3.612274401125001,3.612274401125001,91.5,0.014083423118362321,baseline-51658c86a67b4547bb12c9bc8fb3efd3,-2.0,0.0,228.0,130.0,54.0,38.0,0.0
2026-08-08_161018_609760_1_R4_TEST5,TEST5,4,idle,3.875,8,3.85176990687503,3.85176990687503,984.5,0.15153147606587658,baseline-51658c86a67b4547bb12c9bc8fb3efd3,-2.0,0.0,228.0,130.0,54.0,38.0,0.0
2026-08-08_161018_609760_1_R4_TEST5,TEST5,4,idle,4.125,13,4.115081661972953,4.115081661972953,177.0,0.027243343081422195,baseline-51658c86a67b4547bb12c9bc8fb3efd3,-2.0,0.0,228.0,130.0,54.0,38.0,0.0
2026-08-08_161018_609760_1_R4_TEST5,TEST5,4,idle,4.375,12,4.389504521339363,4.389504521339363,13.0,0.0020009235031553025,baseline-51658c86a67b4547bb12c9bc8fb3efd3,-2.0,0.0,228.0,130.0,54.0,38.0,0.0
2026-08-08_161018_609760_1_R4_TEST5,TEST5,4,idle,4.625,11,4.600196868449509,4.600196868449509,0.0,0.0,baseline-51658c86a67b4547bb12c9bc8fb3efd3,-2.0,0.0,228.0,130.0,54.0,38.0,0.0
2026-08-08_161018_609760_1_R4_TEST5,TEST5,4,idle,4.875,5,4.9053688311417805,4.9053688311417805,81.0,0.012467292596583038,baseline-51658c86a67b4547bb12c9bc8fb3efd3,-2.0,0.0,228.0,130.0,54.0,38.0,0.0
2026-08-08_161018_609760_1_R4_TEST5,TEST5,4,idle,5.125,5,5.075809259004355,5.075809259004355,183.0,0.028166846236724642,baseline-51658c86a67b4547bb12c9bc8fb3efd3,-2.0,0.0,228.0,130.0,54.0,38.0,0.0
2026-08-08_161018_609760_1_R4_TEST5,TEST5,4,idle,5.375,11,5.382379896511909,5.382379896511909,0.0,0.0,baseline-51658c86a67b4547bb12c9bc8fb3efd3,-2.0,0.0,228.0,130.0,54.0,38.0,0.0
2026-08-08_161018_609760_1_R4_TEST5,TEST5,4,idle,5.625,15,5.624408517978558,5.624408517978558,106.0,0.016315222410343236,baseline-51658c86a67b4547bb12c9bc8fb3efd3,-2.0,0.0,228.0,130.0,54.0,38.0,0.0
2026-08-08_161018_609760_1_R4_TEST5,TEST5,4,idle,5.875,8,5.919900194065567,5.919900194065567,0.0,0.0,baseline-51658c86a67b4547bb12c9bc8fb3efd3,-2.0,0.0,228.0,130.0,54.0,38.0,0.0
2026-08-08_161018_609760_1_R4_TEST5,TEST5,4,idle,6.125,7,6.158340935829576,6.158340935829576,0.0,0.0,baseline-51658c86a67b4547bb12c9bc8fb3efd3,-2.0,0.0,228.0,130.0,54.0,38.0,0.0
2026-08-08_161018_609760_1_R4_TEST5,TEST5,4,idle,6.375,3,6.435710333385077,6.435710333385077,448.0,0.06895490226258273,baseline-51658c86a67b4547bb12c9bc8fb3efd3,-2.0,0.0,228.0,130.0,54.0,38.0,0.0
2026-08-08_161018_609760_1_R4_TEST5,TEST5,4,idle,6.625,2,6.661833967263775,6.661833967263775,682.5,0.10504848391565338,baseline-51658c86a67b4547bb12c9bc8fb3efd3,-2.0,0.0,228.0,130.0,54.0,38.0,0.0
2026-08-08_161018_609760_1_R4_TEST5,TEST5,4,idle,6.875,4,6.8441593140329795,6.8441593140329795,372.5,0.05733415422502693,baseline-51658c86a67b4547bb12c9bc8fb3efd3,-2.0,0.0,228.0,130.0,54.0,38.0,0.0
2026-08-08_161018_609760_1_R4_TEST5,TEST5,4,idle,7.125,9,7.0687152255926815,7.0687152255926815,0.0,0.0,baseline-51658c86a67b4547bb12c9bc8fb3efd3,-2.0,0.0,228.0,130.0,54.0,38.0,0.0
2026-08-08_161018_609760_1_R4_TEST5,TEST5,4,idle,7.375,1,7.4801922553460125,7.4801922553460125,0.0,0.0,baseline-51658c86a67b4547bb12c9bc8fb3efd3,-2.0,0.0,228.0,130.0,54.0,38.0,0.0
2026-08-08_161018_609760_1_R4_TEST5,TEST5,4,idle,7.625,2,7.561102810133398,7.561102810133398,313.5,0.04825303986455287,baseline-51658c86a67b4547bb12c9bc8fb3efd3,-2.0,0.0,228.0,130.0,54.0,38.0,0.0
2026-08-08_161018_609760_1_R4_TEST5,TEST5,4,idle,8.125,4,8.15203644050889,8.15203644050889,0.0,0.0,baseline-51658c86a67b4547bb12c9bc8fb3efd3,-2.0,0.0,228.0,130.0,54.0,38.0,0.0
2026-08-08_161018_609760_1_R4_TEST5,TEST5,4,idle,8.375,2,8.386076731445383,8.386076731445383,0.0,0.0,baseline-51658c86a67b4547bb12c9bc8fb3efd3,-2.0,0.0,228.0,130.0,54.0,38.0,0.0
2026-08-08_161018_609760_1_R4_TEST5,TEST5,4,idle,8.875,1,8.924650672923118,8.924650672923118,0.0,0.0,baseline-51658c86a67b4547bb12c9bc8fb3efd3,-2.0,0.0,228.0,130.0,54.0,38.0,0.0
2026-08-08_161018_609760_1_R4_TEST5,TEST5,4,idle,9.125,2,9.068126487292204,9.068126487292204,0.0,0.0,baseline-51658c86a67b4547bb12c9bc8fb3efd3,-2.0,0.0,228.0,130.0,54.0,38.0,0.0
2026-08-08_161018_609760_1_R4_TEST5,TEST5,4,idle,10.125,1,10.092776898066688,10.092776898066688,0.0,0.0,baseline-51658c86a67b4547bb12c9bc8fb3efd3,-2.0,0.0,228.0,130.0,54.0,38.0,0.0
2026-08-08_161018_609760_1_R4_TEST5,TEST5,4,idle,10.625,3,10.607451966176516,10.607451966176516,0.0,0.0,baseline-51658c86a67b4547bb12c9bc8fb3efd3,-2.0,0.0,228.0,130.0,54.0,38.0,0.0
2026-08-08_161018_609760_1_R4_TEST5,TEST5,4,idle,10.875,1,10.959071725880223,10.959071725880223,0.0,0.0,baseline-51658c86a67b4547bb12c9bc8fb3efd3,-2.0,0.0,228.0,130.0,54.0,38.0,0.0
2026-08-08_161131_254032_1_R4_TEST6,TEST6,4,idle,0.125,4,0.0689097709350395,0.0689097709350395,861.0,0.1325227027859012,baseline-51658c86a67b4547bb12c9bc8fb3efd3,-2.0,0.0,228.0,130.0,54.0,38.0,0.0
2026-08-08_161131_254032_1_R4_TEST6,TEST6,4,idle,0.375,7,0.3667477121657784,0.3667477121657784,94.0,0.014468216099738342,baseline-51658c86a67b4547bb12c9bc8fb3efd3,-2.0,0.0,228.0,130.0,54.0,38.0,0.0
2026-08-08_161131_254032_1_R4_TEST6,TEST6,4,idle,0.625,9,0.5972008487518973,0.5972008487518973,538.0,0.08280744959211944,baseline-51658c86a67b4547bb12c9bc8fb3efd3,-2.0,0.0,228.0,130.0,54.0,38.0,0.0
2026-08-08_161131_254032_1_R4_TEST6,TEST6,4,idle,0.875,12,0.853602658980392,0.853602658980392,663.0,0.10204709866092043,baseline-51658c86a67b4547bb12c9bc8fb3efd3,-2.0,0.0,228.0,130.0,54.0,38.0,0.0
2026-08-08_161131_254032_1_R4_TEST6,TEST6,4,idle,1.125,13,1.0853955227397518,1.0853955227397518,558.0,0.08588579344312759,baseline-51658c86a67b4547bb12c9bc8fb3efd3,-2.0,0.0,228.0,130.0,54.0,38.0,0.0
2026-08-08_161131_254032_1_R4_TEST6,TEST6,4,idle,1.375,17,1.4044234301548002,1.4044234301548002,1176.0,0.18100661843927968,baseline-51658c86a67b4547bb12c9bc8fb3efd3,-2.0,0.0,228.0,130.0,54.0,38.0,0.0
2026-08-08_161131_254032_1_R4_TEST6,TEST6,4,idle,1.625,13,1.6519776414221423,1.6519776414221423,1233.0,0.18977989841465293,baseline-51658c86a67b4547bb12c9bc8fb3efd3,-2.0,0.0,228.0,130.0,54.0,38.0,0.0
2026-08-08_161131_254032_1_R4_TEST6,TEST6,4,idle,1.875,15,1.9287075407344687,1.9287075407344687,960.0,0.14776050484839157,baseline-51658c86a67b4547bb12c9bc8fb3efd3,-2.0,0.0,228.0,130.0,54.0,38.0,0.0
2026-08-08_161131_254032_1_R4_TEST6,TEST6,4,idle,2.125,22,2.0913622713231343,2.0913622713231343,1661.0,0.2556564568262275,baseline-51658c86a67b4547bb12c9bc8fb3efd3,-2.0,0.0,228.0,130.0,54.0,38.0,0.0
2026-08-08_161131_254032_1_R4_TEST6,TEST6,4,idle,2.375,7,2.4176169601326274,2.4176169601326274,958.0,0.14745267046329075,baseline-51658c86a67b4547bb12c9bc8fb3efd3,-2.0,0.0,228.0,130.0,54.0,38.0,0.0
2026-08-08_161131_254032_1_R4_TEST6,TEST6,4,idle,2.625,8,2.6385472036071675,2.6385472036071675,1246.0,0.1917808219178082,baseline-51658c86a67b4547bb12c9bc8fb3efd3,-2.0,0.0,228.0,130.0,54.0,38.0,0.0
2026-08-08_161131_254032_1_R4_TEST6,TEST6,4,idle,2.875,14,2.8509515060313593,2.8509515060313593,1269.5,0.19539787594274283,baseline-51658c86a67b4547bb12c9bc8fb3efd3,-2.0,0.0,228.0,130.0,54.0,38.0,0.0
2026-08-08_161131_254032_1_R4_TEST6,TEST6,4,idle,3.125,10,3.094737349440382,3.094737349440382,1763.0,0.2713560104663691,baseline-51658c86a67b4547bb12c9bc8fb3efd3,-2.0,0.0,228.0,130.0,54.0,38.0,0.0
2026-08-08_161131_254032_1_R4_TEST6,TEST6,4,idle,3.375,14,3.3293698578275586,3.3293698578275586,1610.0,0.2478066800061567,baseline-51658c86a67b4547bb12c9bc8fb3efd3,-2.0,0.0,228.0,130.0,54.0,38.0,0.0
2026-08-08_161131_254032_1_R4_TEST6,TEST6,4,idle,3.625,6,3.6089565115253954,3.6089565115253954,1150.0,0.17700477143296905,baseline-51658c86a67b4547bb12c9bc8fb3efd3,-2.0,0.0,228.0,130.0,54.0,38.0,0.0
2026-08-08_161131_254032_1_R4_TEST6,TEST6,4,idle,3.875,13,3.8695922283043256,3.8695922283043256,2294.0,0.3530860397106357,baseline-51658c86a67b4547bb12c9bc8fb3efd3,-2.0,0.0,228.0,130.0,54.0,38.0,0.0
2026-08-08_161131_254032_1_R4_TEST6,TEST6,4,idle,4.125,13,4.157381707919705,4.157381707919705,2347.0,0.3612436509158073,baseline-51658c86a67b4547bb12c9bc8fb3efd3,-2.0,0.0,228.0,130.0,54.0,38.0,0.0
2026-08-08_161131_254032_1_R4_TEST6,TEST6,4,idle,4.375,9,4.376264943235143,4.376264943235143,1174.0,0.18069878405417886,baseline-51658c86a67b4547bb12c9bc8fb3efd3,-2.0,0.0,228.0,130.0,54.0,38.0,0.0
2026-08-08_161131_254032_1_R4_TEST6,TEST6,4,idle,4.625,11,4.591779002337479,4.591779002337479,1820.0,0.28012929044174234,baseline-51658c86a67b4547bb12c9bc8fb3efd3,-2.0,0.0,228.0,130.0,54.0,38.0,0.0
2026-08-08_161131_254032_1_R4_TEST6,TEST6,4,idle,4.875,8,4.967114934631698,4.967114934631698,578.5,0.08904109589041095,baseline-51658c86a67b4547bb12c9bc8fb3efd3,-2.0,0.0,228.0,130.0,54.0,38.0,0.0
2026-08-08_161131_254032_1_R4_TEST6,TEST6,4,idle,5.125,9,5.199526062148069,5.199526062148069,340.0,0.05233184546713868,baseline-51658c86a67b4547bb12c9bc8fb3efd3,-2.0,0.0,228.0,130.0,54.0,38.0,0.0
2026-08-08_161131_254032_1_R4_TEST6,TEST6,4,idle,5.375,4,5.40844706048831,5.40844706048831,2114.0,0.32538094505156223,baseline-51658c86a67b4547bb12c9bc8fb3efd3,-2.0,0.0,228.0,130.0,54.0,38.0,0.0
2026-08-08_161131_254032_1_R4_TEST6,TEST6,4,idle,5.625,3,5.547668780258427,5.547668780258427,2758.0,0.42450361705402495,baseline-51658c86a67b4547bb12c9bc8fb3efd3,-2.0,0.0,228.0,130.0,54.0,38.0,0.0
2026-08-08_161131_254032_1_R4_TEST6,TEST6,4,idle,5.875,10,5.813793448935363,5.813793448935363,1458.5,0.2244882253347699,baseline-51658c86a67b4547bb12c9bc8fb3efd3,-2.0,0.0,228.0,130.0,54.0,38.0,0.0
2026-08-08_161131_254032_1_R4_TEST6,TEST6,4,idle,6.125,6,6.14909703178656,6.14909703178656,2628.5,0.4045713406187471,baseline-51658c86a67b4547bb12c9bc8fb3efd3,-2.0,0.0,228.0,130.0,54.0,38.0,0.0
2026-08-08_161131_254032_1_R4_TEST6,TEST6,4,idle,6.375,3,6.388546337984792,6.388546337984792,589.0,0.09065722641219025,baseline-51658c86a67b4547bb12c9bc8fb3efd3,-2.0,0.0,228.0,130.0,54.0,38.0,0.0
2026-08-08_161131_254032_1_R4_TEST6,TEST6,4,idle,6.625,6,6.619330129630306,6.619330129630306,1457.0,0.22425734954594428,baseline-51658c86a67b4547bb12c9bc8fb3efd3,-2.0,0.0,228.0,130.0,54.0,38.0,0.0
2026-08-08_161131_254032_1_R4_TEST6,TEST6,4,idle,6.875,6,6.827880120412832,6.827880120412832,413.5,0.06364475911959366,baseline-51658c86a67b4547bb12c9bc8fb3efd3,-2.0,0.0,228.0,130.0,54.0,38.0,0.0
2026-08-08_161131_254032_1_R4_TEST6,TEST6,4,idle,7.125,10,7.0926540029837675,7.0926540029837675,622.5,0.0958134523626289,baseline-51658c86a67b4547bb12c9bc8fb3efd3,-2.0,0.0,228.0,130.0,54.0,38.0,0.0
2026-08-08_161131_254032_1_R4_TEST6,TEST6,4,idle,7.375,7,7.450222659399094,7.450222659399094,1303.0,0.20055410189318146,baseline-51658c86a67b4547bb12c9bc8fb3efd3,-2.0,0.0,228.0,130.0,54.0,38.0,0.0
2026-08-08_161131_254032_1_R4_TEST6,TEST6,4,idle,7.625,5,7.602116397752992,7.602116397752992,1492.0,0.22964445128520855,baseline-51658c86a67b4547bb12c9bc8fb3efd3,-2.0,0.0,228.0,130.0,54.0,38.0,0.0
2026-08-08_161131_254032_1_R4_TEST6,TEST6,4,idle,7.875,3,7.883232222219425,7.883232222219425,1041.0,0.1602277974449746,baseline-51658c86a67b4547bb12c9bc8fb3efd3,-2.0,0.0,228.0,130.0,54.0,38.0,0.0
2026-08-08_161131_254032_1_R4_TEST6,TEST6,4,idle,8.125,6,8.098748716208032,8.098748716208032,1075.0,0.16546098199168846,baseline-51658c86a67b4547bb12c9bc8fb3efd3,-2.0,0.0,228.0,130.0,54.0,38.0,0.0
2026-08-08_161131_254032_1_R4_TEST6,TEST6,4,idle,8.375,4,8.394776527515749,8.394776527515749,1166.5,0.1795444051100508,baseline-51658c86a67b4547bb12c9bc8fb3efd3,-2.0,0.0,228.0,130.0,54.0,38.0,0.0
2026-08-08_161131_254032_1_R4_TEST6,TEST6,4,idle,8.625,2,8.556014733999282,8.556014733999282,162.0,0.024934585193166076,baseline-51658c86a67b4547bb12c9bc8fb3efd3,-2.0,0.0,228.0,130.0,54.0,38.0,0.0
2026-08-08_161131_254032_1_R4_TEST6,TEST6,4,idle,8.875,3,8.952866244543596,8.952866244543596,59.0,0.009081114360474065,baseline-51658c86a67b4547bb12c9bc8fb3efd3,-2.0,0.0,228.0,130.0,54.0,38.0,0.0
2026-08-08_161131_254032_1_R4_TEST6,TEST6,4,idle,9.125,3,9.05015514394288,9.05015514394288,250.0,0.038479298137601974,baseline-51658c86a67b4547bb12c9bc8fb3efd3,-2.0,0.0,228.0,130.0,54.0,38.0,0.0
2026-08-08_161131_254032_1_R4_TEST6,TEST6,4,idle,9.375,1,9.379622724234476,9.379622724234476,4237.0,0.6521471448360782,baseline-51658c86a67b4547bb12c9bc8fb3efd3,-2.0,0.0,228.0,130.0,54.0,38.0,0.0
2026-08-08_161131_254032_1_R4_TEST6,TEST6,4,idle,9.875,4,9.864424724654128,9.864424724654128,687.0,0.1057411112821302,baseline-51658c86a67b4547bb12c9bc8fb3efd3,-2.0,0.0,228.0,130.0,54.0,38.0,0.0
2026-08-08_161131_254032_1_R4_TEST6,TEST6,4,idle,10.125,1,10.078864699258563,10.078864699258563,3127.0,0.48129906110512544,baseline-51658c86a67b4547bb12c9bc8fb3efd3,-2.0,0.0,228.0,130.0,54.0,38.0,0.0
2026-08-08_161131_254032_1_R4_TEST6,TEST6,4,idle,10.375,1,10.426864700656877,10.426864700656877,4686.0,0.7212559642912113,baseline-51658c86a67b4547bb12c9bc8fb3efd3,-2.0,0.0,228.0,130.0,54.0,38.0,0.0
2026-08-08_161131_254032_1_R4_TEST6,TEST6,4,idle,10.625,1,10.654477133060874,10.654477133060874,6777.0,1.0430968139141141,baseline-51658c86a67b4547bb12c9bc8fb3efd3,-2.0,0.0,228.0,130.0,54.0,38.0,0.0
2026-08-08_161131_254032_1_R4_TEST6,TEST6,4,idle,10.875,2,10.83763183136812,10.83763183136812,2105.5,0.3240726489148838,baseline-51658c86a67b4547bb12c9bc8fb3efd3,-2.0,0.0,228.0,130.0,54.0,38.0,0.0
2026-08-08_161131_254032_1_R4_TEST6,TEST6,4,idle,11.125,2,11.104624311890126,11.104624311890126,2644.0,0.40695705710327845,baseline-51658c86a67b4547bb12c9bc8fb3efd3,-2.0,0.0,228.0,130.0,54.0,38.0,0.0
2026-08-08_161131_254032_1_R4_TEST6,TEST6,4,idle,11.375,1,11.35457181695715,11.35457181695715,0.0,0.0,baseline-51658c86a67b4547bb12c9bc8fb3efd3,-2.0,0.0,228.0,130.0,54.0,38.0,0.0
2026-08-08_161131_254032_1_R4_TEST6,TEST6,4,idle,11.625,1,11.705008264165237,11.705008264165237,0.0,0.0,baseline-51658c86a67b4547bb12c9bc8fb3efd3,-2.0,0.0,228.0,130.0,54.0,38.0,0.0
2026-08-08_161131_254032_1_R4_TEST6,TEST6,4,idle,12.125,1,12.111086710539496,12.111086710539496,0.0,0.0,baseline-51658c86a67b4547bb12c9bc8fb3efd3,-2.0,0.0,228.0,130.0,54.0,38.0,0.0
2026-08-08_161335_934176_1_R5_TEST2,TEST2,5,idle,0.125,2,0.06418662880746485,0.06418662880746485,0.0,0.0,baseline-51658c86a67b4547bb12c9bc8fb3efd3,-2.0,0.0,228.0,130.0,54.0,38.0,0.0
2026-08-08_161335_934176_1_R5_TEST2,TEST2,5,idle,0.375,9,0.4383418318148633,0.4383418318148633,0.0,0.0,baseline-51658c86a67b4547bb12c9bc8fb3efd3,-2.0,0.0,228.0,130.0,54.0,38.0,0.0
2026-08-08_161335_934176_1_R5_TEST2,TEST2,5,idle,0.625,12,0.6436183166316922,0.6436183166316922,0.0,0.0,baseline-51658c86a67b4547bb12c9bc8fb3efd3,-2.0,0.0,228.0,130.0,54.0,38.0,0.0
2026-08-08_161335_934176_1_R5_TEST2,TEST2,5,idle,0.875,27,0.8647223853553503,0.8647223853553503,0.0,0.0,baseline-51658c86a67b4547bb12c9bc8fb3efd3,-2.0,0.0,228.0,130.0,54.0,38.0,0.0
2026-08-08_161335_934176_1_R5_TEST2,TEST2,5,idle,1.125,29,1.1676510475846098,1.1676510475846098,0.0,0.0,baseline-51658c86a67b4547bb12c9bc8fb3efd3,-2.0,0.0,228.0,130.0,54.0,38.0,0.0
2026-08-08_161335_934176_1_R5_TEST2,TEST2,5,idle,1.375,26,1.3698699064151398,1.3698699064151398,0.0,0.0,baseline-51658c86a67b4547bb12c9bc8fb3efd3,-2.0,0.0,228.0,130.0,54.0,38.0,0.0
2026-08-08_161335_934176_1_R5_TEST2,TEST2,5,idle,1.625,22,1.6014478529457243,1.6014478529457243,0.0,0.0,baseline-51658c86a67b4547bb12c9bc8fb3efd3,-2.0,0.0,228.0,130.0,54.0,38.0,0.0
2026-08-08_161335_934176_1_R5_TEST2,TEST2,5,idle,1.875,22,1.826477365644954,1.826477365644954,132.5,0.01816063596491228,baseline-51658c86a67b4547bb12c9bc8fb3efd3,-2.0,0.0,228.0,130.0,54.0,38.0,0.0
2026-08-08_161335_934176_1_R5_TEST2,TEST2,5,idle,2.125,18,2.134842812456961,2.134842812456961,10.0,0.0013706140350877192,baseline-51658c86a67b4547bb12c9bc8fb3efd3,-2.0,0.0,228.0,130.0,54.0,38.0,0.0
2026-08-08_161335_934176_1_R5_TEST2,TEST2,5,idle,2.375,10,2.3725137597125787,2.3725137597125787,0.0,0.0,baseline-51658c86a67b4547bb12c9bc8fb3efd3,-2.0,0.0,228.0,130.0,54.0,38.0,0.0
2026-08-08_161335_934176_1_R5_TEST2,TEST2,5,idle,2.625,15,2.568274534399268,2.568274534399268,0.0,0.0,baseline-51658c86a67b4547bb12c9bc8fb3efd3,-2.0,0.0,228.0,130.0,54.0,38.0,0.0
2026-08-08_161335_934176_1_R5_TEST2,TEST2,5,idle,2.875,5,2.923041773395682,2.923041773395682,25.0,0.003426535087719298,baseline-51658c86a67b4547bb12c9bc8fb3efd3,-2.0,0.0,228.0,130.0,54.0,38.0,0.0
2026-08-08_161335_934176_1_R5_TEST2,TEST2,5,idle,3.125,5,3.1300381031198574,3.1300381031198574,125.0,0.017132675438596492,baseline-51658c86a67b4547bb12c9bc8fb3efd3,-2.0,0.0,228.0,130.0,54.0,38.0,0.0
2026-08-08_161335_934176_1_R5_TEST2,TEST2,5,idle,3.375,8,3.413919848222442,3.413919848222442,0.0,0.0,baseline-51658c86a67b4547bb12c9bc8fb3efd3,-2.0,0.0,228.0,130.0,54.0,38.0,0.0
2026-08-08_161335_934176_1_R5_TEST2,TEST2,5,idle,3.625,8,3.6583619957208393,3.6583619957208393,371.5,0.050918311403508776,baseline-51658c86a67b4547bb12c9bc8fb3efd3,-2.0,0.0,228.0,130.0,54.0,38.0,0.0
2026-08-08_161335_934176_1_R5_TEST2,TEST2,5,idle,3.875,6,3.89865342421478,3.89865342421478,367.5,0.050370065789473686,baseline-51658c86a67b4547bb12c9bc8fb3efd3,-2.0,0.0,228.0,130.0,54.0,38.0,0.0
2026-08-08_161335_934176_1_R5_TEST2,TEST2,5,idle,4.125,9,4.116933150301577,4.116933150301577,756.0,0.10361842105263158,baseline-51658c86a67b4547bb12c9bc8fb3efd3,-2.0,0.0,228.0,130.0,54.0,38.0,0.0
2026-08-08_161335_934176_1_R5_TEST2,TEST2,5,idle,4.375,6,4.3589276069478835,4.3589276069478835,0.0,0.0,baseline-51658c86a67b4547bb12c9bc8fb3efd3,-2.0,0.0,228.0,130.0,54.0,38.0,0.0
2026-08-08_161335_934176_1_R5_TEST2,TEST2,5,idle,4.625,2,4.614403057558025,4.614403057558025,1227.0,0.16817434210526316,baseline-51658c86a67b4547bb12c9bc8fb3efd3,-2.0,0.0,228.0,130.0,54.0,38.0,0.0
2026-08-08_161335_934176_1_R5_TEST2,TEST2,5,idle,4.875,10,4.889592422999391,4.889592422999391,400.0,0.05482456140350877,baseline-51658c86a67b4547bb12c9bc8fb3efd3,-2.0,0.0,228.0,130.0,54.0,38.0,0.0
2026-08-08_161335_934176_1_R5_TEST2,TEST2,5,idle,5.125,8,5.152144235924794,5.152144235924794,394.0,0.05400219298245614,baseline-51658c86a67b4547bb12c9bc8fb3efd3,-2.0,0.0,228.0,130.0,54.0,38.0,0.0
2026-08-08_161335_934176_1_R5_TEST2,TEST2,5,idle,5.375,7,5.360720562171338,5.360720562171338,0.0,0.0,baseline-51658c86a67b4547bb12c9bc8fb3efd3,-2.0,0.0,228.0,130.0,54.0,38.0,0.0
2026-08-08_161335_934176_1_R5_TEST2,TEST2,5,idle,5.625,5,5.714129722486888,5.714129722486888,0.0,0.0,baseline-51658c86a67b4547bb12c9bc8fb3efd3,-2.0,0.0,228.0,130.0,54.0,38.0,0.0
2026-08-08_161335_934176_1_R5_TEST2,TEST2,5,idle,5.875,12,5.910987363835852,5.910987363835852,546.0,0.07483552631578948,baseline-51658c86a67b4547bb12c9bc8fb3efd3,-2.0,0.0,228.0,130.0,54.0,38.0,0.0
2026-08-08_161335_934176_1_R5_TEST2,TEST2,5,idle,6.125,9,6.141946217759834,6.141946217759834,0.0,0.0,baseline-51658c86a67b4547bb12c9bc8fb3efd3,-2.0,0.0,228.0,130.0,54.0,38.0,0.0
2026-08-08_161335_934176_1_R5_TEST2,TEST2,5,idle,6.375,7,6.426116119201991,6.426116119201991,843.0,0.11554276315789473,baseline-51658c86a67b4547bb12c9bc8fb3efd3,-2.0,0.0,228.0,130.0,54.0,38.0,0.0
2026-08-08_161335_934176_1_R5_TEST2,TEST2,5,idle,6.625,8,6.652220716760212,6.652220716760212,17.0,0.0023300438596491227,baseline-51658c86a67b4547bb12c9bc8fb3efd3,-2.0,0.0,228.0,130.0,54.0,38.0,0.0
2026-08-08_161335_934176_1_R5_TEST2,TEST2,5,idle,6.875,6,6.888335500481639,6.888335500481639,838.0,0.11485745614035088,baseline-51658c86a67b4547bb12c9bc8fb3efd3,-2.0,0.0,228.0,130.0,54.0,38.0,0.0
2026-08-08_161335_934176_1_R5_TEST2,TEST2,5,idle,7.125,6,7.133790575928069,7.133790575928069,306.5,0.0420093201754386,baseline-51658c86a67b4547bb12c9bc8fb3efd3,-2.0,0.0,228.0,130.0,54.0,38.0,0.0
2026-08-08_161335_934176_1_R5_TEST2,TEST2,5,idle,7.375,10,7.361045652087737,7.361045652087737,290.0,0.03974780701754386,baseline-51658c86a67b4547bb12c9bc8fb3efd3,-2.0,0.0,228.0,130.0,54.0,38.0,0.0
2026-08-08_161335_934176_1_R5_TEST2,TEST2,5,idle,7.625,6,7.626273556347305,7.626273556347305,236.0,0.03234649122807018,baseline-51658c86a67b4547bb12c9bc8fb3efd3,-2.0,0.0,228.0,130.0,54.0,38.0,0.0
2026-08-08_161335_934176_1_R5_TEST2,TEST2,5,idle,7.875,1,7.942956916402336,7.942956916402336,1904.0,0.26096491228070173,baseline-51658c86a67b4547bb12c9bc8fb3efd3,-2.0,0.0,228.0,130.0,54.0,38.0,0.0
2026-08-08_161335_934176_1_R5_TEST2,TEST2,5,idle,8.125,4,8.136370074181759,8.136370074181759,224.0,0.03070175438596491,baseline-51658c86a67b4547bb12c9bc8fb3efd3,-2.0,0.0,228.0,130.0,54.0,38.0,0.0
2026-08-08_161335_934176_1_R5_TEST2,TEST2,5,idle,8.375,1,8.258399787771062,8.258399787771062,386.0,0.05290570175438596,baseline-51658c86a67b4547bb12c9bc8fb3efd3,-2.0,0.0,228.0,130.0,54.0,38.0,0.0
2026-08-08_161335_934176_1_R5_TEST2,TEST2,5,idle,8.625,5,8.616716571491658,8.616716571491658,0.0,0.0,baseline-51658c86a67b4547bb12c9bc8fb3efd3,-2.0,0.0,228.0,130.0,54.0,38.0,0.0
2026-08-08_161335_934176_1_R5_TEST2,TEST2,5,idle,8.875,1,8.901381067315569,8.901381067315569,3104.0,0.42543859649122806,baseline-51658c86a67b4547bb12c9bc8fb3efd3,-2.0,0.0,228.0,130.0,54.0,38.0,0.0
2026-08-08_161335_934176_1_R5_TEST2,TEST2,5,idle,9.125,3,9.1256586382296,9.1256586382296,0.0,0.0,baseline-51658c86a67b4547bb12c9bc8fb3efd3,-2.0,0.0,228.0,130.0,54.0,38.0,0.0
2026-08-08_161335_934176_1_R5_TEST2,TEST2,5,idle,9.375,2,9.347695564600365,9.347695564600365,2453.0,0.33621162280701755,baseline-51658c86a67b4547bb12c9bc8fb3efd3,-2.0,0.0,228.0,130.0,54.0,38.0,0.0
2026-08-08_161335_934176_1_R5_TEST2,TEST2,5,idle,9.625,1,9.735792289086366,9.735792289086366,0.0,0.0,baseline-51658c86a67b4547bb12c9bc8fb3efd3,-2.0,0.0,228.0,130.0,54.0,38.0,0.0
2026-08-08_161335_934176_1_R5_TEST2,TEST2,5,idle,9.875,1,9.822981971693668,9.822981971693668,1847.0,0.25315241228070173,baseline-51658c86a67b4547bb12c9bc8fb3efd3,-2.0,0.0,228.0,130.0,54.0,38.0,0.0
2026-08-08_161335_934176_1_R5_TEST2,TEST2,5,idle,10.125,1,10.016824676496984,10.016824676496984,1164.0,0.15953947368421054,baseline-51658c86a67b4547bb12c9bc8fb3efd3,-2.0,0.0,228.0,130.0,54.0,38.0,0.0
2026-08-08_161335_934176_1_R5_TEST2,TEST2,5,idle,10.625,1,10.64161665813263,10.64161665813263,0.0,0.0,baseline-51658c86a67b4547bb12c9bc8fb3efd3,-2.0,0.0,228.0,130.0,54.0,38.0,0.0
2026-08-08_161335_934176_1_R5_TEST2,TEST2,5,idle,10.875,1,10.853270679510173,10.853270679510173,366.0,0.05016447368421053,baseline-51658c86a67b4547bb12c9bc8fb3efd3,-2.0,0.0,228.0,130.0,54.0,38.0,0.0
2026-08-08_161335_934176_1_R5_TEST2,TEST2,5,idle,11.375,2,11.401520917530284,11.401520917530284,0.0,0.0,baseline-51658c86a67b4547bb12c9bc8fb3efd3,-2.0,0.0,228.0,130.0,54.0,38.0,0.0
2026-08-08_161454_348568_1_R5_TEST3,TEST3,5,idle,0.125,4,0.08430840731239296,0.08430840731239296,0.0,0.0,baseline-51658c86a67b4547bb12c9bc8fb3efd3,-2.0,0.0,228.0,130.0,54.0,38.0,0.0
2026-08-08_161454_348568_1_R5_TEST3,TEST3,5,idle,0.375,8,0.43578222196010363,0.43578222196010363,0.0,0.0,baseline-51658c86a67b4547bb12c9bc8fb3efd3,-2.0,0.0,228.0,130.0,54.0,38.0,0.0
2026-08-08_161454_348568_1_R5_TEST3,TEST3,5,idle,0.625,16,0.6275568448370329,0.6275568448370329,0.0,0.0,baseline-51658c86a67b4547bb12c9bc8fb3efd3,-2.0,0.0,228.0,130.0,54.0,38.0,0.0
2026-08-08_161454_348568_1_R5_TEST3,TEST3,5,idle,0.875,33,0.8931960451958252,0.8931960451958252,0.0,0.0,baseline-51658c86a67b4547bb12c9bc8fb3efd3,-2.0,0.0,228.0,130.0,54.0,38.0,0.0
2026-08-08_161454_348568_1_R5_TEST3,TEST3,5,idle,1.125,38,1.1173764984004189,1.1173764984004189,0.0,0.0,baseline-51658c86a67b4547bb12c9bc8fb3efd3,-2.0,0.0,228.0,130.0,54.0,38.0,0.0
2026-08-08_161454_348568_1_R5_TEST3,TEST3,5,idle,1.375,24,1.3861662103404364,1.3861662103404364,508.5,0.06969572368421052,baseline-51658c86a67b4547bb12c9bc8fb3efd3,-2.0,0.0,228.0,130.0,54.0,38.0,0.0
2026-08-08_161454_348568_1_R5_TEST3,TEST3,5,idle,1.625,30,1.6160035051046238,1.6160035051046238,376.5,0.05160361842105263,baseline-51658c86a67b4547bb12c9bc8fb3efd3,-2.0,0.0,228.0,130.0,54.0,38.0,0.0
2026-08-08_161454_348568_1_R5_TEST3,TEST3,5,idle,1.875,14,1.8425550662153878,1.8425550662153878,534.5,0.0732593201754386,baseline-51658c86a67b4547bb12c9bc8fb3efd3,-2.0,0.0,228.0,130.0,54.0,38.0,0.0
2026-08-08_161454_348568_1_R5_TEST3,TEST3,5,idle,2.125,12,2.159575689287877,2.159575689287877,1092.0,0.14967105263157895,baseline-51658c86a67b4547bb12c9bc8fb3efd3,-2.0,0.0,228.0,130.0,54.0,38.0,0.0
2026-08-08_161454_348568_1_R5_TEST3,TEST3,5,idle,2.375,12,2.3744183743665164,2.3744183743665164,923.5,0.12657620614035087,baseline-51658c86a67b4547bb12c9bc8fb3efd3,-2.0,0.0,228.0,130.0,54.0,38.0,0.0
2026-08-08_161454_348568_1_R5_TEST3,TEST3,5,idle,2.625,11,2.610455014718841,2.610455014718841,362.0,0.04961622807017544,baseline-51658c86a67b4547bb12c9bc8fb3efd3,-2.0,0.0,228.0,130.0,54.0,38.0,0.0
2026-08-08_161454_348568_1_R5_TEST3,TEST3,5,idle,2.875,13,2.865705463323681,2.865705463323681,741.0,0.1015625,baseline-51658c86a67b4547bb12c9bc8fb3efd3,-2.0,0.0,228.0,130.0,54.0,38.0,0.0
2026-08-08_161454_348568_1_R5_TEST3,TEST3,5,idle,3.125,13,3.099300536328704,3.099300536328704,1078.0,0.14775219298245615,baseline-51658c86a67b4547bb12c9bc8fb3efd3,-2.0,0.0,228.0,130.0,54.0,38.0,0.0
2026-08-08_161454_348568_1_R5_TEST3,TEST3,5,idle,3.375,12,3.2993386949199808,3.2993386949199808,559.0,0.07661732456140351,baseline-51658c86a67b4547bb12c9bc8fb3efd3,-2.0,0.0,228.0,130.0,54.0,38.0,0.0
2026-08-08_161454_348568_1_R5_TEST3,TEST3,5,idle,3.625,13,3.62919667171706,3.62919667171706,271.0,0.037143640350877194,baseline-51658c86a67b4547bb12c9bc8fb3efd3,-2.0,0.0,228.0,130.0,54.0,38.0,0.0
2026-08-08_161454_348568_1_R5_TEST3,TEST3,5,idle,3.875,18,3.8742065076752725,3.8742065076752725,926.0,0.1269188596491228,baseline-51658c86a67b4547bb12c9bc8fb3efd3,-2.0,0.0,228.0,130.0,54.0,38.0,0.0
2026-08-08_161454_348568_1_R5_TEST3,TEST3,5,idle,4.125,10,4.167458610788889,4.167458610788889,342.0,0.046875,baseline-51658c86a67b4547bb12c9bc8fb3efd3,-2.0,0.0,228.0,130.0,54.0,38.0,0.0
2026-08-08_161454_348568_1_R5_TEST3,TEST3,5,idle,4.375,8,4.380701420638156,4.380701420638156,33.0,0.004523026315789474,baseline-51658c86a67b4547bb12c9bc8fb3efd3,-2.0,0.0,228.0,130.0,54.0,38.0,0.0
2026-08-08_161454_348568_1_R5_TEST3,TEST3,5,idle,4.625,5,4.562647725257306,4.562647725257306,1585.0,0.21724232456140352,baseline-51658c86a67b4547bb12c9bc8fb3efd3,-2.0,0.0,228.0,130.0,54.0,38.0,0.0
2026-08-08_161454_348568_1_R5_TEST3,TEST3,5,idle,4.875,9,4.812717086769865,4.812717086769865,727.0,0.0996436403508772,baseline-51658c86a67b4547bb12c9bc8fb3efd3,-2.0,0.0,228.0,130.0,54.0,38.0,0.0
2026-08-08_161454_348568_1_R5_TEST3,TEST3,5,idle,5.125,9,5.094310101228045,5.094310101228045,1020.0,0.13980263157894737,baseline-51658c86a67b4547bb12c9bc8fb3efd3,-2.0,0.0,228.0,130.0,54.0,38.0,0.0
2026-08-08_161454_348568_1_R5_TEST3,TEST3,5,idle,5.375,7,5.334691320848268,5.334691320848268,0.0,0.0,baseline-51658c86a67b4547bb12c9bc8fb3efd3,-2.0,0.0,228.0,130.0,54.0,38.0,0.0
2026-08-08_161454_348568_1_R5_TEST3,TEST3,5,idle,5.625,17,5.618845959086807,5.618845959086807,2021.0,0.27700109649122806,baseline-51658c86a67b4547bb12c9bc8fb3efd3,-2.0,0.0,228.0,130.0,54.0,38.0,0.0
2026-08-08_161454_348568_1_R5_TEST3,TEST3,5,idle,5.875,4,5.867954367072139,5.867954367072139,3660.0,0.5016447368421053,baseline-51658c86a67b4547bb12c9bc8fb3efd3,-2.0,0.0,228.0,130.0,54.0,38.0,0.0
2026-08-08_161454_348568_1_R5_TEST3,TEST3,5,idle,6.125,10,6.138144293208866,6.138144293208866,283.0,0.038788377192982455,baseline-51658c86a67b4547bb12c9bc8fb3efd3,-2.0,0.0,228.0,130.0,54.0,38.0,0.0
2026-08-08_161454_348568_1_R5_TEST3,TEST3,5,idle,6.375,5,6.426700290823334,6.426700290823334,788.0,0.10800438596491228,baseline-51658c86a67b4547bb12c9bc8fb3efd3,-2.0,0.0,228.0,130.0,54.0,38.0,0.0
2026-08-08_161454_348568_1_R5_TEST3,TEST3,5,idle,6.625,6,6.583324951311153,6.583324951311153,1922.5,0.26350054824561403,baseline-51658c86a67b4547bb12c9bc8fb3efd3,-2.0,0.0,228.0,130.0,54.0,38.0,0.0
2026-08-08_161454_348568_1_R5_TEST3,TEST3,5,idle,6.875,5,6.927396684585758,6.927396684585758,627.0,0.0859375,baseline-51658c86a67b4547bb12c9bc8fb3efd3,-2.0,0.0,228.0,130.0,54.0,38.0,0.0
2026-08-08_161454_348568_1_R5_TEST3,TEST3,5,idle,7.125,4,7.18532276258841,7.18532276258841,1139.5,0.1561814692982456,baseline-51658c86a67b4547bb12c9bc8fb3efd3,-2.0,0.0,228.0,130.0,54.0,38.0,0.0
2026-08-08_161454_348568_1_R5_TEST3,TEST3,5,idle,7.375,1,7.498441481932863,7.498441481932863,0.0,0.0,baseline-51658c86a67b4547bb12c9bc8fb3efd3,-2.0,0.0,228.0,130.0,54.0,38.0,0.0
2026-08-08_161454_348568_1_R5_TEST3,TEST3,5,idle,7.625,1,7.674596552793304,7.674596552793304,3217.0,0.4409265350877193,baseline-51658c86a67b4547bb12c9bc8fb3efd3,-2.0,0.0,228.0,130.0,54.0,38.0,0.0
2026-08-08_161454_348568_1_R5_TEST3,TEST3,5,idle,7.875,1,7.812946231813093,7.812946231813093,4444.0,0.6091008771929824,baseline-51658c86a67b4547bb12c9bc8fb3efd3,-2.0,0.0,228.0,130.0,54.0,38.0,0.0
2026-08-08_161454_348568_1_R5_TEST3,TEST3,5,idle,8.125,3,8.16922708401555,8.16922708401555,674.0,0.09237938596491228,baseline-51658c86a67b4547bb12c9bc8fb3efd3,-2.0,0.0,228.0,130.0,54.0,38.0,0.0
2026-08-08_161454_348568_1_R5_TEST3,TEST3,5,idle,8.875,1,8.767750637744498,8.767750637744498,0.0,0.0,baseline-51658c86a67b4547bb12c9bc8fb3efd3,-2.0,0.0,228.0,130.0,54.0,38.0,0.0
2026-08-08_161454_348568_1_R5_TEST3,TEST3,5,idle,9.125,1,9.16247853669068,9.16247853669068,318.0,0.04358552631578947,baseline-51658c86a67b4547bb12c9bc8fb3efd3,-2.0,0.0,228.0,130.0,54.0,38.0,0.0
2026-08-08_161644_548982_1_R5_TEST4,TEST4,5,idle,0.125,4,0.10051490678873165,0.10051490678873165,0.0,0.0,baseline-51658c86a67b4547bb12c9bc8fb3efd3,-2.0,0.0,228.0,130.0,54.0,38.0,0.0
2026-08-08_161644_548982_1_R5_TEST4,TEST4,5,idle,0.375,3,0.4806489731214567,0.4806489731214567,0.0,0.0,baseline-51658c86a67b4547bb12c9bc8fb3efd3,-2.0,0.0,228.0,130.0,54.0,38.0,0.0
2026-08-08_161644_548982_1_R5_TEST4,TEST4,5,idle,0.625,14,0.6419196536254022,0.6419196536254022,0.0,0.0,baseline-51658c86a67b4547bb12c9bc8fb3efd3,-2.0,0.0,228.0,130.0,54.0,38.0,0.0
2026-08-08_161644_548982_1_R5_TEST4,TEST4,5,idle,0.875,39,0.9144351978367268,0.9144351978367268,0.0,0.0,baseline-51658c86a67b4547bb12c9bc8fb3efd3,-2.0,0.0,228.0,130.0,54.0,38.0,0.0
2026-08-08_161644_548982_1_R5_TEST4,TEST4,5,idle,1.125,41,1.1186747670906514,1.1186747670906514,0.0,0.0,baseline-51658c86a67b4547bb12c9bc8fb3efd3,-2.0,0.0,228.0,130.0,54.0,38.0,0.0
2026-08-08_161644_548982_1_R5_TEST4,TEST4,5,idle,1.375,39,1.3427567990594929,1.3427567990594929,0.0,0.0,baseline-51658c86a67b4547bb12c9bc8fb3efd3,-2.0,0.0,228.0,130.0,54.0,38.0,0.0
2026-08-08_161644_548982_1_R5_TEST4,TEST4,5,idle,1.625,31,1.6135217500771502,1.6135217500771502,222.0,0.03042763157894737,baseline-51658c86a67b4547bb12c9bc8fb3efd3,-2.0,0.0,228.0,130.0,54.0,38.0,0.0
2026-08-08_161644_548982_1_R5_TEST4,TEST4,5,idle,1.875,23,1.8734160309758896,1.8734160309758896,0.0,0.0,baseline-51658c86a67b4547bb12c9bc8fb3efd3,-2.0,0.0,228.0,130.0,54.0,38.0,0.0
2026-08-08_161644_548982_1_R5_TEST4,TEST4,5,idle,2.125,12,2.1056511561353664,2.1056511561353664,147.0,0.020148026315789474,baseline-51658c86a67b4547bb12c9bc8fb3efd3,-2.0,0.0,228.0,130.0,54.0,38.0,0.0
2026-08-08_161644_548982_1_R5_TEST4,TEST4,5,idle,2.375,15,2.380513289810835,2.380513289810835,394.0,0.05400219298245614,baseline-51658c86a67b4547bb12c9bc8fb3efd3,-2.0,0.0,228.0,130.0,54.0,38.0,0.0
2026-08-08_161644_548982_1_R5_TEST4,TEST4,5,idle,2.625,11,2.5747218618045697,2.5747218618045697,97.0,0.013294956140350877,baseline-51658c86a67b4547bb12c9bc8fb3efd3,-2.0,0.0,228.0,130.0,54.0,38.0,0.0
2026-08-08_161644_548982_1_R5_TEST4,TEST4,5,idle,2.875,14,2.853194312796016,2.853194312796016,486.5,0.06668037280701755,baseline-51658c86a67b4547bb12c9bc8fb3efd3,-2.0,0.0,228.0,130.0,54.0,38.0,0.0
2026-08-08_161644_548982_1_R5_TEST4,TEST4,5,idle,3.125,17,3.075869924358525,3.075869924358525,81.0,0.011101973684210526,baseline-51658c86a67b4547bb12c9bc8fb3efd3,-2.0,0.0,228.0,130.0,54.0,38.0,0.0
2026-08-08_161644_548982_1_R5_TEST4,TEST4,5,idle,3.375,11,3.385052555156518,3.385052555156518,0.0,0.0,baseline-51658c86a67b4547bb12c9bc8fb3efd3,-2.0,0.0,228.0,130.0,54.0,38.0,0.0
2026-08-08_161644_548982_1_R5_TEST4,TEST4,5,idle,3.625,14,3.654658764834478,3.654658764834478,0.0,0.0,baseline-51658c86a67b4547bb12c9bc8fb3efd3,-2.0,0.0,228.0,130.0,54.0,38.0,0.0
2026-08-08_161644_548982_1_R5_TEST4,TEST4,5,idle,3.875,15,3.830202516947416,3.830202516947416,0.0,0.0,baseline-51658c86a67b4547bb12c9bc8fb3efd3,-2.0,0.0,228.0,130.0,54.0,38.0,0.0
2026-08-08_161644_548982_1_R5_TEST4,TEST4,5,idle,4.125,5,4.036912742041143,4.036912742041143,0.0,0.0,baseline-51658c86a67b4547bb12c9bc8fb3efd3,-2.0,0.0,228.0,130.0,54.0,38.0,0.0
2026-08-08_161644_548982_1_R5_TEST4,TEST4,5,idle,4.375,11,4.377296416887884,4.377296416887884,0.0,0.0,baseline-51658c86a67b4547bb12c9bc8fb3efd3,-2.0,0.0,228.0,130.0,54.0,38.0,0.0
2026-08-08_161644_548982_1_R5_TEST4,TEST4,5,idle,4.625,7,4.685228878109182,4.685228878109182,0.0,0.0,baseline-51658c86a67b4547bb12c9bc8fb3efd3,-2.0,0.0,228.0,130.0,54.0,38.0,0.0
2026-08-08_161644_548982_1_R5_TEST4,TEST4,5,idle,4.875,6,4.8213542920910974,4.8213542920910974,100.0,0.013706140350877192,baseline-51658c86a67b4547bb12c9bc8fb3efd3,-2.0,0.0,228.0,130.0,54.0,38.0,0.0
2026-08-08_161644_548982_1_R5_TEST4,TEST4,5,idle,5.125,10,5.093286081331243,5.093286081331243,0.0,0.0,baseline-51658c86a67b4547bb12c9bc8fb3efd3,-2.0,0.0,228.0,130.0,54.0,38.0,0.0
2026-08-08_161644_548982_1_R5_TEST4,TEST4,5,idle,5.375,9,5.345606988751145,5.345606988751145,0.0,0.0,baseline-51658c86a67b4547bb12c9bc8fb3efd3,-2.0,0.0,228.0,130.0,54.0,38.0,0.0
2026-08-08_161644_548982_1_R5_TEST4,TEST4,5,idle,5.625,7,5.6704100532029535,5.6704100532029535,1438.0,0.19709429824561403,baseline-51658c86a67b4547bb12c9bc8fb3efd3,-2.0,0.0,228.0,130.0,54.0,38.0,0.0
2026-08-08_161644_548982_1_R5_TEST4,TEST4,5,idle,5.875,7,5.840320093196992,5.840320093196992,750.0,0.10279605263157894,baseline-51658c86a67b4547bb12c9bc8fb3efd3,-2.0,0.0,228.0,130.0,54.0,38.0,0.0
2026-08-08_161644_548982_1_R5_TEST4,TEST4,5,idle,6.125,5,6.018800162565391,6.018800162565391,0.0,0.0,baseline-51658c86a67b4547bb12c9bc8fb3efd3,-2.0,0.0,228.0,130.0,54.0,38.0,0.0
2026-08-08_161644_548982_1_R5_TEST4,TEST4,5,idle,6.375,8,6.3688711920416115,6.3688711920416115,1471.5,0.2016858552631579,baseline-51658c86a67b4547bb12c9bc8fb3efd3,-2.0,0.0,228.0,130.0,54.0,38.0,0.0
2026-08-08_161644_548982_1_R5_TEST4,TEST4,5,idle,6.625,6,6.643656543359003,6.643656543359003,1458.0,0.1998355263157895,baseline-51658c86a67b4547bb12c9bc8fb3efd3,-2.0,0.0,228.0,130.0,54.0,38.0,0.0
2026-08-08_161644_548982_1_R5_TEST4,TEST4,5,idle,6.875,5,6.848161290153159,6.848161290153159,691.0,0.0947094298245614,baseline-51658c86a67b4547bb12c9bc8fb3efd3,-2.0,0.0,228.0,130.0,54.0,38.0,0.0
2026-08-08_161644_548982_1_R5_TEST4,TEST4,5,idle,7.125,8,7.144375106577796,7.144375106577796,1651.0,0.22628837719298245,baseline-51658c86a67b4547bb12c9bc8fb3efd3,-2.0,0.0,228.0,130.0,54.0,38.0,0.0
2026-08-08_161644_548982_1_R5_TEST4,TEST4,5,idle,7.375,4,7.268656953926955,7.268656953926955,804.0,0.11019736842105264,baseline-51658c86a67b4547bb12c9bc8fb3efd3,-2.0,0.0,228.0,130.0,54.0,38.0,0.0
2026-08-08_161644_548982_1_R5_TEST4,TEST4,5,idle,7.875,1,7.86497447950369,7.86497447950369,0.0,0.0,baseline-51658c86a67b4547bb12c9bc8fb3efd3,-2.0,0.0,228.0,130.0,54.0,38.0,0.0
2026-08-08_161644_548982_1_R5_TEST4,TEST4,5,idle,8.375,1,8.483214107876671,8.483214107876671,0.0,0.0,baseline-51658c86a67b4547bb12c9bc8fb3efd3,-2.0,0.0,228.0,130.0,54.0,38.0,0.0
2026-08-08_161644_548982_1_R5_TEST4,TEST4,5,idle,8.625,4,8.56655507736777,8.56655507736777,3959.0,0.5426260964912281,baseline-51658c86a67b4547bb12c9bc8fb3efd3,-2.0,0.0,228.0,130.0,54.0,38.0,0.0
2026-08-08_161644_548982_1_R5_TEST4,TEST4,5,idle,8.875,2,8.88020493811051,8.88020493811051,107.0,0.014665570175438597,baseline-51658c86a67b4547bb12c9bc8fb3efd3,-2.0,0.0,228.0,130.0,54.0,38.0,0.0
2026-08-08_161644_548982_1_R5_TEST4,TEST4,5,idle,9.125,1,9.219704736872515,9.219704736872515,1809.0,0.24794407894736842,baseline-51658c86a67b4547bb12c9bc8fb3efd3,-2.0,0.0,228.0,130.0,54.0,38.0,0.0
2026-08-08_161644_548982_1_R5_TEST4,TEST4,5,idle,9.375,2,9.278553411007001,9.278553411007001,302.5,0.04146107456140351,baseline-51658c86a67b4547bb12c9bc8fb3efd3,-2.0,0.0,228.0,130.0,54.0,38.0,0.0
2026-08-08_161644_548982_1_R5_TEST4,TEST4,5,idle,9.875,1,9.982063866540177,9.982063866540177,3747.0,0.5135690789473685,baseline-51658c86a67b4547bb12c9bc8fb3efd3,-2.0,0.0,228.0,130.0,54.0,38.0,0.0
2026-08-08_161801_886702_1_R5_TEST5,TEST5,5,idle,0.125,2,0.0910310455394979,0.0910310455394979,0.0,0.0,baseline-51658c86a67b4547bb12c9bc8fb3efd3,-2.0,0.0,228.0,130.0,54.0,38.0,0.0
2026-08-08_161801_886702_1_R5_TEST5,TEST5,5,idle,0.375,6,0.45751590587978097,0.45751590587978097,0.0,0.0,baseline-51658c86a67b4547bb12c9bc8fb3efd3,-2.0,0.0,228.0,130.0,54.0,38.0,0.0
2026-08-08_161801_886702_1_R5_TEST5,TEST5,5,idle,0.625,18,0.6617757052847252,0.6617757052847252,0.0,0.0,baseline-51658c86a67b4547bb12c9bc8fb3efd3,-2.0,0.0,228.0,130.0,54.0,38.0,0.0
2026-08-08_161801_886702_1_R5_TEST5,TEST5,5,idle,0.875,21,0.906405176249358,0.906405176249358,0.0,0.0,baseline-51658c86a67b4547bb12c9bc8fb3efd3,-2.0,0.0,228.0,130.0,54.0,38.0,0.0
2026-08-08_161801_886702_1_R5_TEST5,TEST5,5,idle,1.125,32,1.1338117237293035,1.1338117237293035,0.0,0.0,baseline-51658c86a67b4547bb12c9bc8fb3efd3,-2.0,0.0,228.0,130.0,54.0,38.0,0.0
2026-08-08_161801_886702_1_R5_TEST5,TEST5,5,idle,1.375,35,1.350256094681506,1.350256094681506,0.0,0.0,baseline-51658c86a67b4547bb12c9bc8fb3efd3,-2.0,0.0,228.0,130.0,54.0,38.0,0.0
2026-08-08_161801_886702_1_R5_TEST5,TEST5,5,idle,1.625,15,1.6418632523590777,1.6418632523590777,0.0,0.0,baseline-51658c86a67b4547bb12c9bc8fb3efd3,-2.0,0.0,228.0,130.0,54.0,38.0,0.0
2026-08-08_161801_886702_1_R5_TEST5,TEST5,5,idle,1.875,17,1.8713315840531064,1.8713315840531064,0.0,0.0,baseline-51658c86a67b4547bb12c9bc8fb3efd3,-2.0,0.0,228.0,130.0,54.0,38.0,0.0
2026-08-08_161801_886702_1_R5_TEST5,TEST5,5,idle,2.125,13,2.177000879181433,2.177000879181433,0.0,0.0,baseline-51658c86a67b4547bb12c9bc8fb3efd3,-2.0,0.0,228.0,130.0,54.0,38.0,0.0
2026-08-08_161801_886702_1_R5_TEST5,TEST5,5,idle,2.375,16,2.3828096233749263,2.3828096233749263,0.0,0.0,baseline-51658c86a67b4547bb12c9bc8fb3efd3,-2.0,0.0,228.0,130.0,54.0,38.0,0.0
2026-08-08_161801_886702_1_R5_TEST5,TEST5,5,idle,2.625,11,2.598998880963138,2.598998880963138,91.0,0.012472587719298246,baseline-51658c86a67b4547bb12c9bc8fb3efd3,-2.0,0.0,228.0,130.0,54.0,38.0,0.0
2026-08-08_161801_886702_1_R5_TEST5,TEST5,5,idle,2.875,10,2.8329682105007663,2.8329682105007663,63.0,0.00863486842105263,baseline-51658c86a67b4547bb12c9bc8fb3efd3,-2.0,0.0,228.0,130.0,54.0,38.0,0.0
2026-08-08_161801_886702_1_R5_TEST5,TEST5,5,idle,3.125,16,3.052029285965326,3.052029285965326,312.0,0.042763157894736836,baseline-51658c86a67b4547bb12c9bc8fb3efd3,-2.0,0.0,228.0,130.0,54.0,38.0,0.0
2026-08-08_161801_886702_1_R5_TEST5,TEST5,5,idle,3.375,8,3.377673008898472,3.377673008898472,132.5,0.01816063596491228,baseline-51658c86a67b4547bb12c9bc8fb3efd3,-2.0,0.0,228.0,130.0,54.0,38.0,0.0
2026-08-08_161801_886702_1_R5_TEST5,TEST5,5,idle,3.625,9,3.612598267847921,3.612598267847921,0.0,0.0,baseline-51658c86a67b4547bb12c9bc8fb3efd3,-2.0,0.0,228.0,130.0,54.0,38.0,0.0
2026-08-08_161801_886702_1_R5_TEST5,TEST5,5,idle,3.875,9,3.903242994556192,3.903242994556192,0.0,0.0,baseline-51658c86a67b4547bb12c9bc8fb3efd3,-2.0,0.0,228.0,130.0,54.0,38.0,0.0
2026-08-08_161801_886702_1_R5_TEST5,TEST5,5,idle,4.125,7,4.145899614171013,4.145899614171013,0.0,0.0,baseline-51658c86a67b4547bb12c9bc8fb3efd3,-2.0,0.0,228.0,130.0,54.0,38.0,0.0
2026-08-08_161801_886702_1_R5_TEST5,TEST5,5,idle,4.375,14,4.320750797543093,4.320750797543093,0.0,0.0,baseline-51658c86a67b4547bb12c9bc8fb3efd3,-2.0,0.0,228.0,130.0,54.0,38.0,0.0
2026-08-08_161801_886702_1_R5_TEST5,TEST5,5,idle,4.625,7,4.616935030502511,4.616935030502511,413.0,0.056606359649122806,baseline-51658c86a67b4547bb12c9bc8fb3efd3,-2.0,0.0,228.0,130.0,54.0,38.0,0.0
2026-08-08_161801_886702_1_R5_TEST5,TEST5,5,idle,4.875,4,4.845717561564555,4.845717561564555,986.0,0.13514254385964913,baseline-51658c86a67b4547bb12c9bc8fb3efd3,-2.0,0.0,228.0,130.0,54.0,38.0,0.0
2026-08-08_161801_886702_1_R5_TEST5,TEST5,5,idle,5.125,9,5.139938082143017,5.139938082143017,0.0,0.0,baseline-51658c86a67b4547bb12c9bc8fb3efd3,-2.0,0.0,228.0,130.0,54.0,38.0,0.0
2026-08-08_161801_886702_1_R5_TEST5,TEST5,5,idle,5.375,9,5.33805234836353,5.33805234836353,0.0,0.0,baseline-51658c86a67b4547bb12c9bc8fb3efd3,-2.0,0.0,228.0,130.0,54.0,38.0,0.0
2026-08-08_161801_886702_1_R5_TEST5,TEST5,5,idle,5.625,11,5.7279139000540855,5.7279139000540855,389.0,0.05331688596491228,baseline-51658c86a67b4547bb12c9bc8fb3efd3,-2.0,0.0,228.0,130.0,54.0,38.0,0.0
2026-08-08_161801_886702_1_R5_TEST5,TEST5,5,idle,5.875,11,5.87365591573964,5.87365591573964,487.0,0.06674890350877193,baseline-51658c86a67b4547bb12c9bc8fb3efd3,-2.0,0.0,228.0,130.0,54.0,38.0,0.0
2026-08-08_161801_886702_1_R5_TEST5,TEST5,5,idle,6.125,6,6.151030121442833,6.151030121442833,298.0,0.04084429824561404,baseline-51658c86a67b4547bb12c9bc8fb3efd3,-2.0,0.0,228.0,130.0,54.0,38.0,0.0
2026-08-08_161801_886702_1_R5_TEST5,TEST5,5,idle,6.375,9,6.433575422028719,6.433575422028719,554.0,0.07593201754385964,baseline-51658c86a67b4547bb12c9bc8fb3efd3,-2.0,0.0,228.0,130.0,54.0,38.0,0.0
2026-08-08_161801_886702_1_R5_TEST5,TEST5,5,idle,6.625,8,6.600078904174932,6.600078904174932,0.0,0.0,baseline-51658c86a67b4547bb12c9bc8fb3efd3,-2.0,0.0,228.0,130.0,54.0,38.0,0.0
2026-08-08_161801_886702_1_R5_TEST5,TEST5,5,idle,6.875,5,6.81830835993042,6.81830835993042,0.0,0.0,baseline-51658c86a67b4547bb12c9bc8fb3efd3,-2.0,0.0,228.0,130.0,54.0,38.0,0.0
2026-08-08_161801_886702_1_R5_TEST5,TEST5,5,idle,7.125,1,7.032747547109095,7.032747547109095,0.0,0.0,baseline-51658c86a67b4547bb12c9bc8fb3efd3,-2.0,0.0,228.0,130.0,54.0,38.0,0.0
2026-08-08_161801_886702_1_R5_TEST5,TEST5,5,idle,7.375,3,7.401715324915112,7.401715324915112,0.0,0.0,baseline-51658c86a67b4547bb12c9bc8fb3efd3,-2.0,0.0,228.0,130.0,54.0,38.0,0.0
2026-08-08_161801_886702_1_R5_TEST5,TEST5,5,idle,7.625,4,7.602599092959043,7.602599092959043,1710.0,0.234375,baseline-51658c86a67b4547bb12c9bc8fb3efd3,-2.0,0.0,228.0,130.0,54.0,38.0,0.0
2026-08-08_161801_886702_1_R5_TEST5,TEST5,5,idle,7.875,1,7.849962010682448,7.849962010682448,1634.0,0.22395833333333334,baseline-51658c86a67b4547bb12c9bc8fb3efd3,-2.0,0.0,228.0,130.0,54.0,38.0,0.0
2026-08-08_161801_886702_1_R5_TEST5,TEST5,5,idle,8.125,1,8.145815976949045,8.145815976949045,0.0,0.0,baseline-51658c86a67b4547bb12c9bc8fb3efd3,-2.0,0.0,228.0,130.0,54.0,38.0,0.0
2026-08-08_161801_886702_1_R5_TEST5,TEST5,5,idle,8.375,1,8.488136789168301,8.488136789168301,1609.0,0.22053179824561403,baseline-51658c86a67b4547bb12c9bc8fb3efd3,-2.0,0.0,228.0,130.0,54.0,38.0,0.0
2026-08-08_161801_886702_1_R5_TEST5,TEST5,5,idle,8.625,1,8.613843970608563,8.613843970608563,1708.0,0.23410087719298245,baseline-51658c86a67b4547bb12c9bc8fb3efd3,-2.0,0.0,228.0,130.0,54.0,38.0,0.0
2026-08-08_161801_886702_1_R5_TEST5,TEST5,5,idle,8.875,2,8.814823735091796,8.814823735091796,1507.0,0.20655153508771928,baseline-51658c86a67b4547bb12c9bc8fb3efd3,-2.0,0.0,228.0,130.0,54.0,38.0,0.0
2026-08-08_161801_886702_1_R5_TEST5,TEST5,5,idle,9.125,2,9.122951763355996,9.122951763355996,2879.5,0.3946683114035088,baseline-51658c86a67b4547bb12c9bc8fb3efd3,-2.0,0.0,228.0,130.0,54.0,38.0,0.0
2026-08-08_161904_181801_1_R5_TEST6,TEST6,5,idle,0.125,1,0.0533235470845501,0.0533235470845501,0.0,0.0,baseline-51658c86a67b4547bb12c9bc8fb3efd3,-2.0,0.0,228.0,130.0,54.0,38.0,0.0
2026-08-08_161904_181801_1_R5_TEST6,TEST6,5,idle,0.375,1,0.2575945429796777,0.2575945429796777,0.0,0.0,baseline-51658c86a67b4547bb12c9bc8fb3efd3,-2.0,0.0,228.0,130.0,54.0,38.0,0.0
2026-08-08_161904_181801_1_R5_TEST6,TEST6,5,idle,0.625,5,0.7132526972371369,0.7132526972371369,0.0,0.0,baseline-51658c86a67b4547bb12c9bc8fb3efd3,-2.0,0.0,228.0,130.0,54.0,38.0,0.0
2026-08-08_161904_181801_1_R5_TEST6,TEST6,5,idle,0.875,9,0.8863629078646416,0.8863629078646416,0.0,0.0,baseline-51658c86a67b4547bb12c9bc8fb3efd3,-2.0,0.0,228.0,130.0,54.0,38.0,0.0
2026-08-08_161904_181801_1_R5_TEST6,TEST6,5,idle,1.125,23,1.1460114082700583,1.1460114082700583,0.0,0.0,baseline-51658c86a67b4547bb12c9bc8fb3efd3,-2.0,0.0,228.0,130.0,54.0,38.0,0.0
2026-08-08_161904_181801_1_R5_TEST6,TEST6,5,idle,1.375,36,1.354067969153041,1.354067969153041,0.0,0.0,baseline-51658c86a67b4547bb12c9bc8fb3efd3,-2.0,0.0,228.0,130.0,54.0,38.0,0.0
2026-08-08_161904_181801_1_R5_TEST6,TEST6,5,idle,1.625,28,1.6125118899927833,1.6125118899927833,0.0,0.0,baseline-51658c86a67b4547bb12c9bc8fb3efd3,-2.0,0.0,228.0,130.0,54.0,38.0,0.0
2026-08-08_161904_181801_1_R5_TEST6,TEST6,5,idle,1.875,18,1.8123850355299744,1.8123850355299744,0.0,0.0,baseline-51658c86a67b4547bb12c9bc8fb3efd3,-2.0,0.0,228.0,130.0,54.0,38.0,0.0
2026-08-08_161904_181801_1_R5_TEST6,TEST6,5,idle,2.125,22,2.1268479675651535,2.1268479675651535,0.0,0.0,baseline-51658c86a67b4547bb12c9bc8fb3efd3,-2.0,0.0,228.0,130.0,54.0,38.0,0.0
2026-08-08_161904_181801_1_R5_TEST6,TEST6,5,idle,2.375,15,2.381265902328172,2.381265902328172,0.0,0.0,baseline-51658c86a67b4547bb12c9bc8fb3efd3,-2.0,0.0,228.0,130.0,54.0,38.0,0.0
2026-08-08_161904_181801_1_R5_TEST6,TEST6,5,idle,2.625,17,2.612833593013736,2.612833593013736,244.0,0.03344298245614035,baseline-51658c86a67b4547bb12c9bc8fb3efd3,-2.0,0.0,228.0,130.0,54.0,38.0,0.0
2026-08-08_161904_181801_1_R5_TEST6,TEST6,5,idle,2.875,14,2.902294333853386,2.902294333853386,456.0,0.0625,baseline-51658c86a67b4547bb12c9bc8fb3efd3,-2.0,0.0,228.0,130.0,54.0,38.0,0.0
2026-08-08_161904_181801_1_R5_TEST6,TEST6,5,idle,3.125,8,3.219184644765388,3.219184644765388,0.0,0.0,baseline-51658c86a67b4547bb12c9bc8fb3efd3,-2.0,0.0,228.0,130.0,54.0,38.0,0.0
2026-08-08_161904_181801_1_R5_TEST6,TEST6,5,idle,3.375,10,3.416795936599444,3.416795936599444,121.0,0.016584429824561403,baseline-51658c86a67b4547bb12c9bc8fb3efd3,-2.0,0.0,228.0,130.0,54.0,38.0,0.0
2026-08-08_161904_181801_1_R5_TEST6,TEST6,5,idle,3.625,10,3.633005677902918,3.633005677902918,26.0,0.00356359649122807,baseline-51658c86a67b4547bb12c9bc8fb3efd3,-2.0,0.0,228.0,130.0,54.0,38.0,0.0
2026-08-08_161904_181801_1_R5_TEST6,TEST6,5,idle,3.875,8,3.873419490730554,3.873419490730554,1167.0,0.15995065789473684,baseline-51658c86a67b4547bb12c9bc8fb3efd3,-2.0,0.0,228.0,130.0,54.0,38.0,0.0
2026-08-08_161904_181801_1_R5_TEST6,TEST6,5,idle,4.125,3,4.102096455186892,4.102096455186892,1914.0,0.2623355263157895,baseline-51658c86a67b4547bb12c9bc8fb3efd3,-2.0,0.0,228.0,130.0,54.0,38.0,0.0
2026-08-08_161904_181801_1_R5_TEST6,TEST6,5,idle,4.375,9,4.42848267655862,4.42848267655862,0.0,0.0,baseline-51658c86a67b4547bb12c9bc8fb3efd3,-2.0,0.0,228.0,130.0,54.0,38.0,0.0
2026-08-08_161904_181801_1_R5_TEST6,TEST6,5,idle,4.625,5,4.581589393855751,4.581589393855751,0.0,0.0,baseline-51658c86a67b4547bb12c9bc8fb3efd3,-2.0,0.0,228.0,130.0,54.0,38.0,0.0
2026-08-08_161904_181801_1_R5_TEST6,TEST6,5,idle,4.875,13,4.849031678117055,4.849031678117055,0.0,0.0,baseline-51658c86a67b4547bb12c9bc8fb3efd3,-2.0,0.0,228.0,130.0,54.0,38.0,0.0
2026-08-08_161904_181801_1_R5_TEST6,TEST6,5,idle,5.125,6,5.158167398747745,5.158167398747745,0.0,0.0,baseline-51658c86a67b4547bb12c9bc8fb3efd3,-2.0,0.0,228.0,130.0,54.0,38.0,0.0
2026-08-08_161904_181801_1_R5_TEST6,TEST6,5,idle,5.375,12,5.411537967991759,5.411537967991759,0.0,0.0,baseline-51658c86a67b4547bb12c9bc8fb3efd3,-2.0,0.0,228.0,130.0,54.0,38.0,0.0
2026-08-08_161904_181801_1_R5_TEST6,TEST6,5,idle,5.625,14,5.6342970599029165,5.6342970599029165,570.5,0.07819353070175439,baseline-51658c86a67b4547bb12c9bc8fb3efd3,-2.0,0.0,228.0,130.0,54.0,38.0,0.0
2026-08-08_161904_181801_1_R5_TEST6,TEST6,5,idle,5.875,12,5.902096251690367,5.902096251690367,96.5,0.01322642543859649,baseline-51658c86a67b4547bb12c9bc8fb3efd3,-2.0,0.0,228.0,130.0,54.0,38.0,0.0
2026-08-08_161904_181801_1_R5_TEST6,TEST6,5,idle,6.125,10,6.076207849311306,6.076207849311306,764.5,0.10478344298245615,baseline-51658c86a67b4547bb12c9bc8fb3efd3,-2.0,0.0,228.0,130.0,54.0,38.0,0.0
2026-08-08_161904_181801_1_R5_TEST6,TEST6,5,idle,6.375,10,6.338319799096247,6.338319799096247,653.0,0.08950109649122806,baseline-51658c86a67b4547bb12c9bc8fb3efd3,-2.0,0.0,228.0,130.0,54.0,38.0,0.0
2026-08-08_161904_181801_1_R5_TEST6,TEST6,5,idle,6.625,2,6.600532707252098,6.600532707252098,2297.5,0.3148985745614035,baseline-51658c86a67b4547bb12c9bc8fb3efd3,-2.0,0.0,228.0,130.0,54.0,38.0,0.0
2026-08-08_161904_181801_1_R5_TEST6,TEST6,5,idle,6.875,6,6.858662317782474,6.858662317782474,158.0,0.021655701754385966,baseline-51658c86a67b4547bb12c9bc8fb3efd3,-2.0,0.0,228.0,130.0,54.0,38.0,0.0
2026-08-08_161904_181801_1_R5_TEST6,TEST6,5,idle,7.125,2,7.135512564686955,7.135512564686955,948.0,0.1299342105263158,baseline-51658c86a67b4547bb12c9bc8fb3efd3,-2.0,0.0,228.0,130.0,54.0,38.0,0.0
2026-08-08_161904_181801_1_R5_TEST6,TEST6,5,idle,7.375,3,7.454672326196801,7.454672326196801,3239.0,0.4439418859649123,baseline-51658c86a67b4547bb12c9bc8fb3efd3,-2.0,0.0,228.0,130.0,54.0,38.0,0.0
2026-08-08_161904_181801_1_R5_TEST6,TEST6,5,idle,7.625,4,7.6903026622992146,7.6903026622992146,0.0,0.0,baseline-51658c86a67b4547bb12c9bc8fb3efd3,-2.0,0.0,228.0,130.0,54.0,38.0,0.0
2026-08-08_161904_181801_1_R5_TEST6,TEST6,5,idle,8.125,2,8.126145222815751,8.126145222815751,1814.5,0.24869791666666669,baseline-51658c86a67b4547bb12c9bc8fb3efd3,-2.0,0.0,228.0,130.0,54.0,38.0,0.0
2026-08-08_161904_181801_1_R5_TEST6,TEST6,5,idle,8.625,1,8.727678646642463,8.727678646642463,0.0,0.0,baseline-51658c86a67b4547bb12c9bc8fb3efd3,-2.0,0.0,228.0,130.0,54.0,38.0,0.0
2026-08-08_161904_181801_1_R5_TEST6,TEST6,5,idle,8.875,1,8.766096049651427,8.766096049651427,4157.0,0.5697642543859649,baseline-51658c86a67b4547bb12c9bc8fb3efd3,-2.0,0.0,228.0,130.0,54.0,38.0,0.0
2026-08-08_161904_181801_1_R5_TEST6,TEST6,5,idle,9.375,1,9.4888990775447,9.4888990775447,0.0,0.0,baseline-51658c86a67b4547bb12c9bc8fb3efd3,-2.0,0.0,228.0,130.0,54.0,38.0,0.0
2026-08-08_162501_247149_1_R6_TEST2,TEST2,6,idle,0.125,2,0.1072165174800349,0.1072165174800349,0.0,0.0,baseline-51658c86a67b4547bb12c9bc8fb3efd3,-2.0,0.0,228.0,130.0,54.0,38.0,0.0
2026-08-08_162501_247149_1_R6_TEST2,TEST2,6,idle,0.375,3,0.3924013074028101,0.3924013074028101,0.0,0.0,baseline-51658c86a67b4547bb12c9bc8fb3efd3,-2.0,0.0,228.0,130.0,54.0,38.0,0.0
2026-08-08_162501_247149_1_R6_TEST2,TEST2,6,idle,0.625,6,0.660976874080261,0.660976874080261,0.0,0.0,baseline-51658c86a67b4547bb12c9bc8fb3efd3,-2.0,0.0,228.0,130.0,54.0,38.0,0.0
2026-08-08_162501_247149_1_R6_TEST2,TEST2,6,idle,0.875,10,0.9038297622580701,0.9038297622580701,0.0,0.0,baseline-51658c86a67b4547bb12c9bc8fb3efd3,-2.0,0.0,228.0,130.0,54.0,38.0,0.0
2026-08-08_162501_247149_1_R6_TEST2,TEST2,6,idle,1.125,14,1.1148671544530488,1.1148671544530488,0.0,0.0,baseline-51658c86a67b4547bb12c9bc8fb3efd3,-2.0,0.0,228.0,130.0,54.0,38.0,0.0
2026-08-08_162501_247149_1_R6_TEST2,TEST2,6,idle,1.375,27,1.3977411481958333,1.3977411481958333,216.0,0.03481624758220503,baseline-51658c86a67b4547bb12c9bc8fb3efd3,-2.0,0.0,228.0,130.0,54.0,38.0,0.0
2026-08-08_162501_247149_1_R6_TEST2,TEST2,6,idle,1.625,19,1.6120077233187264,1.6120077233187264,520.0,0.08381689232753063,baseline-51658c86a67b4547bb12c9bc8fb3efd3,-2.0,0.0,228.0,130.0,54.0,38.0,0.0
2026-08-08_162501_247149_1_R6_TEST2,TEST2,6,idle,1.875,18,1.8235169205796833,1.8235169205796833,711.0,0.11460348162475822,baseline-51658c86a67b4547bb12c9bc8fb3efd3,-2.0,0.0,228.0,130.0,54.0,38.0,0.0
2026-08-08_162501_247149_1_R6_TEST2,TEST2,6,idle,2.125,16,2.1249282562061547,2.1249282562061547,797.5,0.12854609929078015,baseline-51658c86a67b4547bb12c9bc8fb3efd3,-2.0,0.0,228.0,130.0,54.0,38.0,0.0
2026-08-08_162501_247149_1_R6_TEST2,TEST2,6,idle,2.375,15,2.40673578172996,2.40673578172996,545.0,0.08784655061250805,baseline-51658c86a67b4547bb12c9bc8fb3efd3,-2.0,0.0,228.0,130.0,54.0,38.0,0.0
2026-08-08_162501_247149_1_R6_TEST2,TEST2,6,idle,2.625,14,2.634948892700236,2.634948892700236,630.0,0.10154738878143132,baseline-51658c86a67b4547bb12c9bc8fb3efd3,-2.0,0.0,228.0,130.0,54.0,38.0,0.0
2026-08-08_162501_247149_1_R6_TEST2,TEST2,6,idle,2.875,10,2.8799798703530834,2.8799798703530834,1191.0,0.19197292069632493,baseline-51658c86a67b4547bb12c9bc8fb3efd3,-2.0,0.0,228.0,130.0,54.0,38.0,0.0
2026-08-08_162501_247149_1_R6_TEST2,TEST2,6,idle,3.125,12,3.1174592452103616,3.1174592452103616,1055.0,0.17005157962604772,baseline-51658c86a67b4547bb12c9bc8fb3efd3,-2.0,0.0,228.0,130.0,54.0,38.0,0.0
2026-08-08_162501_247149_1_R6_TEST2,TEST2,6,idle,3.375,8,3.3030752792049407,3.3030752792049407,1152.0,0.18568665377176016,baseline-51658c86a67b4547bb12c9bc8fb3efd3,-2.0,0.0,228.0,130.0,54.0,38.0,0.0
2026-08-08_162501_247149_1_R6_TEST2,TEST2,6,idle,3.625,4,3.5985692073715376,3.5985692073715376,286.5,0.04617988394584139,baseline-51658c86a67b4547bb12c9bc8fb3efd3,-2.0,0.0,228.0,130.0,54.0,38.0,0.0
2026-08-08_162501_247149_1_R6_TEST2,TEST2,6,idle,3.875,12,3.88563862612576,3.88563862612576,1356.0,0.218568665377176,baseline-51658c86a67b4547bb12c9bc8fb3efd3,-2.0,0.0,228.0,130.0,54.0,38.0,0.0
2026-08-08_162501_247149_1_R6_TEST2,TEST2,6,idle,4.125,9,4.038910402915596,4.038910402915596,0.0,0.0,baseline-51658c86a67b4547bb12c9bc8fb3efd3,-2.0,0.0,228.0,130.0,54.0,38.0,0.0
2026-08-08_162501_247149_1_R6_TEST2,TEST2,6,idle,4.375,15,4.331564426325826,4.331564426325826,1277.0,0.20583494519664733,baseline-51658c86a67b4547bb12c9bc8fb3efd3,-2.0,0.0,228.0,130.0,54.0,38.0,0.0
2026-08-08_162501_247149_1_R6_TEST2,TEST2,6,idle,4.625,10,4.64180820287117,4.64180820287117,579.0,0.09332688588007737,baseline-51658c86a67b4547bb12c9bc8fb3efd3,-2.0,0.0,228.0,130.0,54.0,38.0,0.0
2026-08-08_162501_247149_1_R6_TEST2,TEST2,6,idle,4.875,13,4.815543328036252,4.815543328036252,1266.0,0.20406189555125726,baseline-51658c86a67b4547bb12c9bc8fb3efd3,-2.0,0.0,228.0,130.0,54.0,38.0,0.0
2026-08-08_162501_247149_1_R6_TEST2,TEST2,6,idle,5.125,10,5.078281737566078,5.078281737566078,1584.0,0.2553191489361702,baseline-51658c86a67b4547bb12c9bc8fb3efd3,-2.0,0.0,228.0,130.0,54.0,38.0,0.0
2026-08-08_162501_247149_1_R6_TEST2,TEST2,6,idle,5.375,16,5.353330773251406,5.353330773251406,2275.5,0.366779497098646,baseline-51658c86a67b4547bb12c9bc8fb3efd3,-2.0,0.0,228.0,130.0,54.0,38.0,0.0
2026-08-08_162501_247149_1_R6_TEST2,TEST2,6,idle,5.625,6,5.59245524508605,5.59245524508605,155.5,0.02506447453255964,baseline-51658c86a67b4547bb12c9bc8fb3efd3,-2.0,0.0,228.0,130.0,54.0,38.0,0.0
2026-08-08_162501_247149_1_R6_TEST2,TEST2,6,idle,5.875,12,5.851964633509168,5.851964633509168,2584.0,0.4165054803352676,baseline-51658c86a67b4547bb12c9bc8fb3efd3,-2.0,0.0,228.0,130.0,54.0,38.0,0.0
2026-08-08_162501_247149_1_R6_TEST2,TEST2,6,idle,6.125,6,6.085185198007738,6.085185198007738,2311.0,0.372501611863314,baseline-51658c86a67b4547bb12c9bc8fb3efd3,-2.0,0.0,228.0,130.0,54.0,38.0,0.0
2026-08-08_162501_247149_1_R6_TEST2,TEST2,6,idle,6.375,5,6.447776882726873,6.447776882726873,4298.0,0.6927788523533205,baseline-51658c86a67b4547bb12c9bc8fb3efd3,-2.0,0.0,228.0,130.0,54.0,38.0,0.0
2026-08-08_162501_247149_1_R6_TEST2,TEST2,6,idle,6.625,4,6.600435054934929,6.600435054934929,1767.0,0.28481624758220503,baseline-51658c86a67b4547bb12c9bc8fb3efd3,-2.0,0.0,228.0,130.0,54.0,38.0,0.0
2026-08-08_162501_247149_1_R6_TEST2,TEST2,6,idle,6.875,7,6.869690399080316,6.869690399080316,1599.0,0.2577369439071567,baseline-51658c86a67b4547bb12c9bc8fb3efd3,-2.0,0.0,228.0,130.0,54.0,38.0,0.0
2026-08-08_162501_247149_1_R6_TEST2,TEST2,6,idle,7.125,10,7.110208881113149,7.110208881113149,1384.5,0.2231624758220503,baseline-51658c86a67b4547bb12c9bc8fb3efd3,-2.0,0.0,228.0,130.0,54.0,38.0,0.0
2026-08-08_162501_247149_1_R6_TEST2,TEST2,6,idle,7.375,4,7.399267519284228,7.399267519284228,4165.0,0.6713410702772404,baseline-51658c86a67b4547bb12c9bc8fb3efd3,-2.0,0.0,228.0,130.0,54.0,38.0,0.0
2026-08-08_162501_247149_1_R6_TEST2,TEST2,6,idle,7.625,1,7.647500014403862,7.647500014403862,221.0,0.03562217923920052,baseline-51658c86a67b4547bb12c9bc8fb3efd3,-2.0,0.0,228.0,130.0,54.0,38.0,0.0
2026-08-08_162501_247149_1_R6_TEST2,TEST2,6,idle,7.875,7,7.802290421278749,7.802290421278749,4362.0,0.7030947775628626,baseline-51658c86a67b4547bb12c9bc8fb3efd3,-2.0,0.0,228.0,130.0,54.0,38.0,0.0
2026-08-08_162501_247149_1_R6_TEST2,TEST2,6,idle,8.125,2,8.144589384411239,8.144589384411239,1677.0,0.2703094777562863,baseline-51658c86a67b4547bb12c9bc8fb3efd3,-2.0,0.0,228.0,130.0,54.0,38.0,0.0
2026-08-08_162501_247149_1_R6_TEST2,TEST2,6,idle,8.375,7,8.306610057762029,8.306610057762029,1509.0,0.2432301740812379,baseline-51658c86a67b4547bb12c9bc8fb3efd3,-2.0,0.0,228.0,130.0,54.0,38.0,0.0
2026-08-08_162501_247149_1_R6_TEST2,TEST2,6,idle,8.625,8,8.69548123060709,8.69548123060709,1537.5,0.24782398452611218,baseline-51658c86a67b4547bb12c9bc8fb3efd3,-2.0,0.0,228.0,130.0,54.0,38.0,0.0
2026-08-08_162501_247149_1_R6_TEST2,TEST2,6,idle,8.875,3,8.783393228681172,8.783393228681172,2120.0,0.3417150225660864,baseline-51658c86a67b4547bb12c9bc8fb3efd3,-2.0,0.0,228.0,130.0,54.0,38.0,0.0
2026-08-08_162501_247149_1_R6_TEST2,TEST2,6,idle,9.125,1,9.165670978676536,9.165670978676536,668.0,0.10767246937459704,baseline-51658c86a67b4547bb12c9bc8fb3efd3,-2.0,0.0,228.0,130.0,54.0,38.0,0.0
2026-08-08_162501_247149_1_R6_TEST2,TEST2,6,idle,9.375,1,9.271602802137236,9.271602802137236,905.0,0.1458736299161831,baseline-51658c86a67b4547bb12c9bc8fb3efd3,-2.0,0.0,228.0,130.0,54.0,38.0,0.0
2026-08-08_162501_247149_1_R6_TEST2,TEST2,6,idle,9.625,2,9.650002902256931,9.650002902256931,2432.0,0.39200515796260477,baseline-51658c86a67b4547bb12c9bc8fb3efd3,-2.0,0.0,228.0,130.0,54.0,38.0,0.0
2026-08-08_162501_247149_1_R6_TEST2,TEST2,6,idle,10.125,3,10.074455146421297,10.074455146421297,1324.0,0.2134107027724049,baseline-51658c86a67b4547bb12c9bc8fb3efd3,-2.0,0.0,228.0,130.0,54.0,38.0,0.0
2026-08-08_162501_247149_1_R6_TEST2,TEST2,6,idle,10.375,1,10.289485546387583,10.289485546387583,702.0,0.11315280464216634,baseline-51658c86a67b4547bb12c9bc8fb3efd3,-2.0,0.0,228.0,130.0,54.0,38.0,0.0
2026-08-08_162501_247149_1_R6_TEST2,TEST2,6,idle,10.875,1,10.99351458747901,10.99351458747901,5874.0,0.9468085106382979,baseline-51658c86a67b4547bb12c9bc8fb3efd3,-2.0,0.0,228.0,130.0,54.0,38.0,0.0
2026-08-08_162501_247149_1_R6_TEST2,TEST2,6,idle,11.375,1,11.26511190946243,11.26511190946243,0.0,0.0,baseline-51658c86a67b4547bb12c9bc8fb3efd3,-2.0,0.0,228.0,130.0,54.0,38.0,0.0
2026-08-08_162501_247149_1_R6_TEST2,TEST2,6,idle,11.875,1,11.860045325894555,11.860045325894555,791.0,0.12749838813668601,baseline-51658c86a67b4547bb12c9bc8fb3efd3,-2.0,0.0,228.0,130.0,54.0,38.0,0.0
2026-08-08_162501_247149_1_R6_TEST2,TEST2,6,idle,13.125,1,13.120931836394949,13.120931836394949,0.0,0.0,baseline-51658c86a67b4547bb12c9bc8fb3efd3,-2.0,0.0,228.0,130.0,54.0,38.0,0.0
2026-08-08_162908_674758_1_R6_TEST3,TEST3,6,idle,0.125,1,0.0287351078057544,0.0287351078057544,0.0,0.0,baseline-51658c86a67b4547bb12c9bc8fb3efd3,-2.0,0.0,228.0,130.0,54.0,38.0,0.0
2026-08-08_162908_674758_1_R6_TEST3,TEST3,6,idle,0.375,2,0.34782022107561805,0.34782022107561805,0.0,0.0,baseline-51658c86a67b4547bb12c9bc8fb3efd3,-2.0,0.0,228.0,130.0,54.0,38.0,0.0
2026-08-08_162908_674758_1_R6_TEST3,TEST3,6,idle,0.875,3,0.928957428213628,0.928957428213628,0.0,0.0,baseline-51658c86a67b4547bb12c9bc8fb3efd3,-2.0,0.0,228.0,130.0,54.0,38.0,0.0
2026-08-08_162908_674758_1_R6_TEST3,TEST3,6,idle,1.125,7,1.0980583125631702,1.0980583125631702,0.0,0.0,baseline-51658c86a67b4547bb12c9bc8fb3efd3,-2.0,0.0,228.0,130.0,54.0,38.0,0.0
2026-08-08_162908_674758_1_R6_TEST3,TEST3,6,idle,1.375,8,1.4111473463877364,1.4111473463877364,27.5,0.004432624113475178,baseline-51658c86a67b4547bb12c9bc8fb3efd3,-2.0,0.0,228.0,130.0,54.0,38.0,0.0
2026-08-08_162908_674758_1_R6_TEST3,TEST3,6,idle,1.625,11,1.6362358222650255,1.6362358222650255,0.0,0.0,baseline-51658c86a67b4547bb12c9bc8fb3efd3,-2.0,0.0,228.0,130.0,54.0,38.0,0.0
2026-08-08_162908_674758_1_R6_TEST3,TEST3,6,idle,1.875,13,1.917190547941816,1.917190547941816,0.0,0.0,baseline-51658c86a67b4547bb12c9bc8fb3efd3,-2.0,0.0,228.0,130.0,54.0,38.0,0.0
2026-08-08_162908_674758_1_R6_TEST3,TEST3,6,idle,2.125,7,2.1029740162975536,2.1029740162975536,948.0,0.1528046421663443,baseline-51658c86a67b4547bb12c9bc8fb3efd3,-2.0,0.0,228.0,130.0,54.0,38.0,0.0
2026-08-08_162908_674758_1_R6_TEST3,TEST3,6,idle,2.375,15,2.3612873062305093,2.3612873062305093,258.0,0.041586073500967116,baseline-51658c86a67b4547bb12c9bc8fb3efd3,-2.0,0.0,228.0,130.0,54.0,38.0,0.0
2026-08-08_162908_674758_1_R6_TEST3,TEST3,6,idle,2.625,21,2.613327962293215,2.613327962293215,444.0,0.07156673114119923,baseline-51658c86a67b4547bb12c9bc8fb3efd3,-2.0,0.0,228.0,130.0,54.0,38.0,0.0
2026-08-08_162908_674758_1_R6_TEST3,TEST3,6,idle,2.875,14,2.8633107475002246,2.8633107475002246,1017.0,0.16392649903288203,baseline-51658c86a67b4547bb12c9bc8fb3efd3,-2.0,0.0,228.0,130.0,54.0,38.0,0.0
2026-08-08_162908_674758_1_R6_TEST3,TEST3,6,idle,3.125,16,3.1265431755695277,3.1265431755695277,563.0,0.0907479045776918,baseline-51658c86a67b4547bb12c9bc8fb3efd3,-2.0,0.0,228.0,130.0,54.0,38.0,0.0
2026-08-08_162908_674758_1_R6_TEST3,TEST3,6,idle,3.375,17,3.385163296440448,3.385163296440448,1530.0,0.24661508704061896,baseline-51658c86a67b4547bb12c9bc8fb3efd3,-2.0,0.0,228.0,130.0,54.0,38.0,0.0
2026-08-08_162908_674758_1_R6_TEST3,TEST3,6,idle,3.625,35,3.612076834839277,3.612076834839277,1443.0,0.23259187620889749,baseline-51658c86a67b4547bb12c9bc8fb3efd3,-2.0,0.0,228.0,130.0,54.0,38.0,0.0
2026-08-08_162908_674758_1_R6_TEST3,TEST3,6,idle,3.875,21,3.840014270782364,3.840014270782364,1736.0,0.279819471308833,baseline-51658c86a67b4547bb12c9bc8fb3efd3,-2.0,0.0,228.0,130.0,54.0,38.0,0.0
2026-08-08_162908_674758_1_R6_TEST3,TEST3,6,idle,4.125,15,4.151531760125289,4.151531760125289,1905.0,0.30705996131528046,baseline-51658c86a67b4547bb12c9bc8fb3efd3,-2.0,0.0,228.0,130.0,54.0,38.0,0.0
2026-08-08_162908_674758_1_R6_TEST3,TEST3,6,idle,4.375,21,4.3637538181072815,4.3637538181072815,1042.0,0.16795615731785946,baseline-51658c86a67b4547bb12c9bc8fb3efd3,-2.0,0.0,228.0,130.0,54.0,38.0,0.0
2026-08-08_162908_674758_1_R6_TEST3,TEST3,6,idle,4.625,22,4.6280948515835245,4.6280948515835245,1652.5,0.2663604126370084,baseline-51658c86a67b4547bb12c9bc8fb3efd3,-2.0,0.0,228.0,130.0,54.0,38.0,0.0
2026-08-08_162908_674758_1_R6_TEST3,TEST3,6,idle,4.875,17,4.850391573930383,4.850391573930383,1958.0,0.31560283687943264,baseline-51658c86a67b4547bb12c9bc8fb3efd3,-2.0,0.0,228.0,130.0,54.0,38.0,0.0
2026-08-08_162908_674758_1_R6_TEST3,TEST3,6,idle,5.125,18,5.1534969496439,5.1534969496439,518.0,0.08349451966473243,baseline-51658c86a67b4547bb12c9bc8fb3efd3,-2.0,0.0,228.0,130.0,54.0,38.0,0.0
2026-08-08_162908_674758_1_R6_TEST3,TEST3,6,idle,5.375,16,5.37610616281675,5.37610616281675,1950.0,0.31431334622823986,baseline-51658c86a67b4547bb12c9bc8fb3efd3,-2.0,0.0,228.0,130.0,54.0,38.0,0.0
2026-08-08_162908_674758_1_R6_TEST3,TEST3,6,idle,5.625,18,5.635458908789718,5.635458908789718,672.5,0.10839780786589298,baseline-51658c86a67b4547bb12c9bc8fb3efd3,-2.0,0.0,228.0,130.0,54.0,38.0,0.0
2026-08-08_162908_674758_1_R6_TEST3,TEST3,6,idle,5.875,25,5.883901895712971,5.883901895712971,2494.0,0.4019987105093488,baseline-51658c86a67b4547bb12c9bc8fb3efd3,-2.0,0.0,228.0,130.0,54.0,38.0,0.0
2026-08-08_162908_674758_1_R6_TEST3,TEST3,6,idle,6.125,12,6.166093478955835,6.166093478955835,2494.0,0.40199871050934877,baseline-51658c86a67b4547bb12c9bc8fb3efd3,-2.0,0.0,228.0,130.0,54.0,38.0,0.0
2026-08-08_162908_674758_1_R6_TEST3,TEST3,6,idle,6.375,7,6.368670376564653,6.368670376564653,3569.0,0.5752740167633784,baseline-51658c86a67b4547bb12c9bc8fb3efd3,-2.0,0.0,228.0,130.0,54.0,38.0,0.0
2026-08-08_162908_674758_1_R6_TEST3,TEST3,6,idle,6.625,7,6.585274673313222,6.585274673313222,3051.0,0.49177949709864605,baseline-51658c86a67b4547bb12c9bc8fb3efd3,-2.0,0.0,228.0,130.0,54.0,38.0,0.0
2026-08-08_162908_674758_1_R6_TEST3,TEST3,6,idle,6.875,13,6.853981395230369,6.853981395230369,3853.0,0.6210509348807222,baseline-51658c86a67b4547bb12c9bc8fb3efd3,-2.0,0.0,228.0,130.0,54.0,38.0,0.0
2026-08-08_162908_674758_1_R6_TEST3,TEST3,6,idle,7.125,4,7.029675383428293,7.029675383428293,2776.5,0.4475338491295938,baseline-51658c86a67b4547bb12c9bc8fb3efd3,-2.0,0.0,228.0,130.0,54.0,38.0,0.0
2026-08-08_162908_674758_1_R6_TEST3,TEST3,6,idle,7.375,4,7.393954081585429,7.393954081585429,1326.5,0.21381366860090265,baseline-51658c86a67b4547bb12c9bc8fb3efd3,-2.0,0.0,228.0,130.0,54.0,38.0,0.0
2026-08-08_162908_674758_1_R6_TEST3,TEST3,6,idle,7.625,5,7.594573400094895,7.594573400094895,3325.0,0.5359445519019987,baseline-51658c86a67b4547bb12c9bc8fb3efd3,-2.0,0.0,228.0,130.0,54.0,38.0,0.0
2026-08-08_162908_674758_1_R6_TEST3,TEST3,6,idle,7.875,10,7.822727080033628,7.822727080033628,1653.0,0.2664410058027079,baseline-51658c86a67b4547bb12c9bc8fb3efd3,-2.0,0.0,228.0,130.0,54.0,38.0,0.0
2026-08-08_162908_674758_1_R6_TEST3,TEST3,6,idle,8.125,3,8.156693709506976,8.156693709506976,2098.0,0.33816892327530623,baseline-51658c86a67b4547bb12c9bc8fb3efd3,-2.0,0.0,228.0,130.0,54.0,38.0,0.0
2026-08-08_162908_674758_1_R6_TEST3,TEST3,6,idle,8.375,1,8.251255355854074,8.251255355854074,2515.0,0.40538362346872986,baseline-51658c86a67b4547bb12c9bc8fb3efd3,-2.0,0.0,228.0,130.0,54.0,38.0,0.0
2026-08-08_162908_674758_1_R6_TEST3,TEST3,6,idle,8.625,1,8.638228810407782,8.638228810407782,184.0,0.029658284977433915,baseline-51658c86a67b4547bb12c9bc8fb3efd3,-2.0,0.0,228.0,130.0,54.0,38.0,0.0
2026-08-08_162908_674758_1_R6_TEST3,TEST3,6,idle,8.875,2,8.953807863611356,8.953807863611356,1415.5,0.22815925209542232,baseline-51658c86a67b4547bb12c9bc8fb3efd3,-2.0,0.0,228.0,130.0,54.0,38.0,0.0
2026-08-08_162908_674758_1_R6_TEST3,TEST3,6,idle,9.125,1,9.097127525018452,9.097127525018452,0.0,0.0,baseline-51658c86a67b4547bb12c9bc8fb3efd3,-2.0,0.0,228.0,130.0,54.0,38.0,0.0
2026-08-08_162908_674758_1_R6_TEST3,TEST3,6,idle,9.375,1,9.416482651633904,9.416482651633904,0.0,0.0,baseline-51658c86a67b4547bb12c9bc8fb3efd3,-2.0,0.0,228.0,130.0,54.0,38.0,0.0
2026-08-08_162908_674758_1_R6_TEST3,TEST3,6,idle,9.625,2,9.586957794436303,9.586957794436303,2093.5,0.3374435847840103,baseline-51658c86a67b4547bb12c9bc8fb3efd3,-2.0,0.0,228.0,130.0,54.0,38.0,0.0
2026-08-08_162908_674758_1_R6_TEST3,TEST3,6,idle,9.875,2,9.907838990073145,9.907838990073145,101.0,0.016279819471308833,baseline-51658c86a67b4547bb12c9bc8fb3efd3,-2.0,0.0,228.0,130.0,54.0,38.0,0.0
2026-08-08_162908_674758_1_R6_TEST3,TEST3,6,idle,11.375,1,11.38417538253682,11.38417538253682,0.0,0.0,baseline-51658c86a67b4547bb12c9bc8fb3efd3,-2.0,0.0,228.0,130.0,54.0,38.0,0.0
2026-08-08_163226_958318_1_R6_TEST4,TEST4,6,idle,0.125,2,0.08971113164409689,0.08971113164409689,0.0,0.0,baseline-51658c86a67b4547bb12c9bc8fb3efd3,-2.0,0.0,228.0,130.0,54.0,38.0,0.0
2026-08-08_163226_958318_1_R6_TEST4,TEST4,6,idle,0.375,2,0.39745692245667286,0.39745692245667286,0.0,0.0,baseline-51658c86a67b4547bb12c9bc8fb3efd3,-2.0,0.0,228.0,130.0,54.0,38.0,0.0
2026-08-08_163226_958318_1_R6_TEST4,TEST4,6,idle,0.625,4,0.6931457864945079,0.6931457864945079,0.0,0.0,baseline-51658c86a67b4547bb12c9bc8fb3efd3,-2.0,0.0,228.0,130.0,54.0,38.0,0.0
2026-08-08_163226_958318_1_R6_TEST4,TEST4,6,idle,0.875,11,0.8714876886613991,0.8714876886613991,0.0,0.0,baseline-51658c86a67b4547bb12c9bc8fb3efd3,-2.0,0.0,228.0,130.0,54.0,38.0,0.0
2026-08-08_163226_958318_1_R6_TEST4,TEST4,6,idle,1.125,14,1.0973642827137784,1.0973642827137784,0.0,0.0,baseline-51658c86a67b4547bb12c9bc8fb3efd3,-2.0,0.0,228.0,130.0,54.0,38.0,0.0
2026-08-08_163226_958318_1_R6_TEST4,TEST4,6,idle,1.375,29,1.368920350725419,1.368920350725419,78.0,0.012572533849129593,baseline-51658c86a67b4547bb12c9bc8fb3efd3,-2.0,0.0,228.0,130.0,54.0,38.0,0.0
2026-08-08_163226_958318_1_R6_TEST4,TEST4,6,idle,1.625,34,1.6086066587952796,1.6086066587952796,0.0,0.0,baseline-51658c86a67b4547bb12c9bc8fb3efd3,-2.0,0.0,228.0,130.0,54.0,38.0,0.0
2026-08-08_163226_958318_1_R6_TEST4,TEST4,6,idle,1.875,35,1.8878574649829292,1.8878574649829292,0.0,0.0,baseline-51658c86a67b4547bb12c9bc8fb3efd3,-2.0,0.0,228.0,130.0,54.0,38.0,0.0
2026-08-08_163226_958318_1_R6_TEST4,TEST4,6,idle,2.125,50,2.1425371404789146,2.1425371404789146,466.5,0.07519342359767892,baseline-51658c86a67b4547bb12c9bc8fb3efd3,-2.0,0.0,228.0,130.0,54.0,38.0,0.0
2026-08-08_163226_958318_1_R6_TEST4,TEST4,6,idle,2.375,38,2.390499767029694,2.390499767029694,252.5,0.04069954867827208,baseline-51658c86a67b4547bb12c9bc8fb3efd3,-2.0,0.0,228.0,130.0,54.0,38.0,0.0
2026-08-08_163226_958318_1_R6_TEST4,TEST4,6,idle,2.625,33,2.62563050109078,2.62563050109078,262.0,0.04223081882656351,baseline-51658c86a67b4547bb12c9bc8fb3efd3,-2.0,0.0,228.0,130.0,54.0,38.0,0.0
2026-08-08_163226_958318_1_R6_TEST4,TEST4,6,idle,2.875,30,2.8852860495583625,2.8852860495583625,490.0,0.0789813023855577,baseline-51658c86a67b4547bb12c9bc8fb3efd3,-2.0,0.0,228.0,130.0,54.0,38.0,0.0
2026-08-08_163226_958318_1_R6_TEST4,TEST4,6,idle,3.125,23,3.083392557758034,3.083392557758034,790.0,0.1273372018052869,baseline-51658c86a67b4547bb12c9bc8fb3efd3,-2.0,0.0,228.0,130.0,54.0,38.0,0.0
2026-08-08_163226_958318_1_R6_TEST4,TEST4,6,idle,3.375,23,3.361483714243211,3.361483714243211,1115.0,0.17972275950999356,baseline-51658c86a67b4547bb12c9bc8fb3efd3,-2.0,0.0,228.0,130.0,54.0,38.0,0.0
2026-08-08_163226_958318_1_R6_TEST4,TEST4,6,idle,3.625,15,3.5988212703159945,3.5988212703159945,347.0,0.05593165699548678,baseline-51658c86a67b4547bb12c9bc8fb3efd3,-2.0,0.0,228.0,130.0,54.0,38.0,0.0
2026-08-08_163226_958318_1_R6_TEST4,TEST4,6,idle,3.875,14,3.8451957853548655,3.8451957853548655,827.0,0.1333010960670535,baseline-51658c86a67b4547bb12c9bc8fb3efd3,-2.0,0.0,228.0,130.0,54.0,38.0,0.0
2026-08-08_163226_958318_1_R6_TEST4,TEST4,6,idle,4.125,11,4.080903465744969,4.080903465744969,1987.0,0.32027724049000644,baseline-51658c86a67b4547bb12c9bc8fb3efd3,-2.0,0.0,228.0,130.0,54.0,38.0,0.0
2026-08-08_163226_958318_1_R6_TEST4,TEST4,6,idle,4.375,5,4.337396353677939,4.337396353677939,3831.0,0.617504835589942,baseline-51658c86a67b4547bb12c9bc8fb3efd3,-2.0,0.0,228.0,130.0,54.0,38.0,0.0
2026-08-08_163226_958318_1_R6_TEST4,TEST4,6,idle,4.625,9,4.608281311397526,4.608281311397526,3108.0,0.5009671179883946,baseline-51658c86a67b4547bb12c9bc8fb3efd3,-2.0,0.0,228.0,130.0,54.0,38.0,0.0
2026-08-08_163226_958318_1_R6_TEST4,TEST4,6,idle,4.875,14,4.8280514567577,4.8280514567577,1771.5,0.285541586073501,baseline-51658c86a67b4547bb12c9bc8fb3efd3,-2.0,0.0,228.0,130.0,54.0,38.0,0.0
2026-08-08_163226_958318_1_R6_TEST4,TEST4,6,idle,5.125,16,5.16951244536367,5.16951244536367,2526.0,0.40715667311411996,baseline-51658c86a67b4547bb12c9bc8fb3efd3,-2.0,0.0,228.0,130.0,54.0,38.0,0.0
2026-08-08_163226_958318_1_R6_TEST4,TEST4,6,idle,5.375,8,5.3879295299447945,5.3879295299447945,4195.5,0.6762572533849129,baseline-51658c86a67b4547bb12c9bc8fb3efd3,-2.0,0.0,228.0,130.0,54.0,38.0,0.0
2026-08-08_163226_958318_1_R6_TEST4,TEST4,6,idle,5.625,2,5.672548840731135,5.672548840731135,42.5,0.006850419084461637,baseline-51658c86a67b4547bb12c9bc8fb3efd3,-2.0,0.0,228.0,130.0,54.0,38.0,0.0
2026-08-08_163226_958318_1_R6_TEST4,TEST4,6,idle,5.875,5,5.860172942694327,5.860172942694327,4883.0,0.7870728562217923,baseline-51658c86a67b4547bb12c9bc8fb3efd3,-2.0,0.0,228.0,130.0,54.0,38.0,0.0
2026-08-08_163226_958318_1_R6_TEST4,TEST4,6,idle,6.125,1,6.046855017373675,6.046855017373675,2749.0,0.44310122501611865,baseline-51658c86a67b4547bb12c9bc8fb3efd3,-2.0,0.0,228.0,130.0,54.0,38.0,0.0
2026-08-08_163226_958318_1_R6_TEST4,TEST4,6,idle,6.375,1,6.425890963376866,6.425890963376866,2359.0,0.38023855577047067,baseline-51658c86a67b4547bb12c9bc8fb3efd3,-2.0,0.0,228.0,130.0,54.0,38.0,0.0
2026-08-08_163226_958318_1_R6_TEST4,TEST4,6,idle,6.625,4,6.600932772139994,6.600932772139994,6670.0,1.0751128304319795,baseline-51658c86a67b4547bb12c9bc8fb3efd3,-2.0,0.0,228.0,130.0,54.0,38.0,0.0
2026-08-08_163226_958318_1_R6_TEST4,TEST4,6,idle,6.875,2,6.8493212187533095,6.8493212187533095,273.0,0.044003868471953575,baseline-51658c86a67b4547bb12c9bc8fb3efd3,-2.0,0.0,228.0,130.0,54.0,38.0,0.0
2026-08-08_163226_958318_1_R6_TEST4,TEST4,6,idle,7.125,2,7.114237815590566,7.114237815590566,6272.5,1.0110412637008381,baseline-51658c86a67b4547bb12c9bc8fb3efd3,-2.0,0.0,228.0,130.0,54.0,38.0,0.0
2026-08-08_163226_958318_1_R6_TEST4,TEST4,6,idle,7.375,2,7.269429227867235,7.269429227867235,5578.0,0.8990973565441651,baseline-51658c86a67b4547bb12c9bc8fb3efd3,-2.0,0.0,228.0,130.0,54.0,38.0,0.0
2026-08-08_163226_958318_1_R6_TEST4,TEST4,6,idle,7.625,3,7.612815439451526,7.612815439451526,3783.0,0.6097678916827853,baseline-51658c86a67b4547bb12c9bc8fb3efd3,-2.0,0.0,228.0,130.0,54.0,38.0,0.0
2026-08-08_163226_958318_1_R6_TEST4,TEST4,6,idle,7.875,2,7.826187918920726,7.826187918920726,1757.5,0.28328497743391357,baseline-51658c86a67b4547bb12c9bc8fb3efd3,-2.0,0.0,228.0,130.0,54.0,38.0,0.0
2026-08-08_163226_958318_1_R6_TEST4,TEST4,6,idle,8.125,1,8.03325553741398,8.03325553741398,3086.0,0.49742101869761446,baseline-51658c86a67b4547bb12c9bc8fb3efd3,-2.0,0.0,228.0,130.0,54.0,38.0,0.0
2026-08-08_163226_958318_1_R6_TEST4,TEST4,6,idle,8.375,1,8.280904972348353,8.280904972348353,0.0,0.0,baseline-51658c86a67b4547bb12c9bc8fb3efd3,-2.0,0.0,228.0,130.0,54.0,38.0,0.0
2026-08-08_163226_958318_1_R6_TEST4,TEST4,6,idle,8.625,1,8.698156914740704,8.698156914740704,0.0,0.0,baseline-51658c86a67b4547bb12c9bc8fb3efd3,-2.0,0.0,228.0,130.0,54.0,38.0,0.0
2026-08-08_163226_958318_1_R6_TEST4,TEST4,6,idle,9.125,1,9.099032290208184,9.099032290208184,2178.0,0.35106382978723405,baseline-51658c86a67b4547bb12c9bc8fb3efd3,-2.0,0.0,228.0,130.0,54.0,38.0,0.0
2026-08-08_163226_958318_1_R6_TEST4,TEST4,6,idle,9.875,1,9.90177842673751,9.90177842673751,0.0,0.0,baseline-51658c86a67b4547bb12c9bc8fb3efd3,-2.0,0.0,228.0,130.0,54.0,38.0,0.0
2026-08-08_163226_958318_1_R6_TEST4,TEST4,6,idle,10.375,1,10.386035565181109,10.386035565181109,561.0,0.09042553191489362,baseline-51658c86a67b4547bb12c9bc8fb3efd3,-2.0,0.0,228.0,130.0,54.0,38.0,0.0
2026-08-08_163341_567723_1_R6_TEST5,TEST5,6,idle,0.125,4,0.08341461728721755,0.08341461728721755,0.0,0.0,baseline-51658c86a67b4547bb12c9bc8fb3efd3,-2.0,0.0,228.0,130.0,54.0,38.0,0.0
2026-08-08_163341_567723_1_R6_TEST5,TEST5,6,idle,0.375,2,0.3691581642507811,0.3691581642507811,0.0,0.0,baseline-51658c86a67b4547bb12c9bc8fb3efd3,-2.0,0.0,228.0,130.0,54.0,38.0,0.0
2026-08-08_163341_567723_1_R6_TEST5,TEST5,6,idle,0.625,1,0.5811829756590677,0.5811829756590677,0.0,0.0,baseline-51658c86a67b4547bb12c9bc8fb3efd3,-2.0,0.0,228.0,130.0,54.0,38.0,0.0
2026-08-08_163341_567723_1_R6_TEST5,TEST5,6,idle,0.875,1,0.9159048466144504,0.9159048466144504,0.0,0.0,baseline-51658c86a67b4547bb12c9bc8fb3efd3,-2.0,0.0,228.0,130.0,54.0,38.0,0.0
2026-08-08_163341_567723_1_R6_TEST5,TEST5,6,idle,1.125,3,1.2101284031442288,1.2101284031442288,321.0,0.051740812379110254,baseline-51658c86a67b4547bb12c9bc8fb3efd3,-2.0,0.0,228.0,130.0,54.0,38.0,0.0
2026-08-08_163341_567723_1_R6_TEST5,TEST5,6,idle,1.375,5,1.3054309767947534,1.3054309767947534,169.0,0.027240490006447453,baseline-51658c86a67b4547bb12c9bc8fb3efd3,-2.0,0.0,228.0,130.0,54.0,38.0,0.0
2026-08-08_163341_567723_1_R6_TEST5,TEST5,6,idle,1.625,4,1.6231531433948791,1.6231531433948791,214.0,0.034493874919406836,baseline-51658c86a67b4547bb12c9bc8fb3efd3,-2.0,0.0,228.0,130.0,54.0,38.0,0.0
2026-08-08_163341_567723_1_R6_TEST5,TEST5,6,idle,1.875,11,1.8770474171385176,1.8770474171385176,0.0,0.0,baseline-51658c86a67b4547bb12c9bc8fb3efd3,-2.0,0.0,228.0,130.0,54.0,38.0,0.0
2026-08-08_163341_567723_1_R6_TEST5,TEST5,6,idle,2.125,11,2.12106454721219,2.12106454721219,576.0,0.09284332688588008,baseline-51658c86a67b4547bb12c9bc8fb3efd3,-2.0,0.0,228.0,130.0,54.0,38.0,0.0
2026-08-08_163341_567723_1_R6_TEST5,TEST5,6,idle,2.375,24,2.352031488657246,2.352031488657246,728.5,0.11742424242424243,baseline-51658c86a67b4547bb12c9bc8fb3efd3,-2.0,0.0,228.0,130.0,54.0,38.0,0.0
2026-08-08_163341_567723_1_R6_TEST5,TEST5,6,idle,2.625,18,2.6258783450961456,2.6258783450961456,846.5,0.1364442295293359,baseline-51658c86a67b4547bb12c9bc8fb3efd3,-2.0,0.0,228.0,130.0,54.0,38.0,0.0
2026-08-08_163341_567723_1_R6_TEST5,TEST5,6,idle,2.875,13,2.876223175904799,2.876223175904799,1203.0,0.19390715667311412,baseline-51658c86a67b4547bb12c9bc8fb3efd3,-2.0,0.0,228.0,130.0,54.0,38.0,0.0
2026-08-08_163341_567723_1_R6_TEST5,TEST5,6,idle,3.125,23,3.105913967371148,3.105913967371148,591.0,0.09526112185686654,baseline-51658c86a67b4547bb12c9bc8fb3efd3,-2.0,0.0,228.0,130.0,54.0,38.0,0.0
2026-08-08_163341_567723_1_R6_TEST5,TEST5,6,idle,3.375,20,3.3846400347399577,3.3846400347399577,1142.5,0.18415538362346873,baseline-51658c86a67b4547bb12c9bc8fb3efd3,-2.0,0.0,228.0,130.0,54.0,38.0,0.0
2026-08-08_163341_567723_1_R6_TEST5,TEST5,6,idle,3.625,24,3.6177644396183624,3.6177644396183624,741.5,0.1195196647324307,baseline-51658c86a67b4547bb12c9bc8fb3efd3,-2.0,0.0,228.0,130.0,54.0,38.0,0.0
2026-08-08_163341_567723_1_R6_TEST5,TEST5,6,idle,3.875,24,3.8868447718422425,3.8868447718422425,1650.5,0.26603803997421016,baseline-51658c86a67b4547bb12c9bc8fb3efd3,-2.0,0.0,228.0,130.0,54.0,38.0,0.0
2026-08-08_163341_567723_1_R6_TEST5,TEST5,6,idle,4.125,19,4.176327858526883,4.176327858526883,1334.0,0.21502256608639586,baseline-51658c86a67b4547bb12c9bc8fb3efd3,-2.0,0.0,228.0,130.0,54.0,38.0,0.0
2026-08-08_163341_567723_1_R6_TEST5,TEST5,6,idle,4.375,13,4.338766056548694,4.338766056548694,2449.0,0.3947453255963894,baseline-51658c86a67b4547bb12c9bc8fb3efd3,-2.0,0.0,228.0,130.0,54.0,38.0,0.0
2026-08-08_163341_567723_1_R6_TEST5,TEST5,6,idle,4.625,16,4.576857363264452,4.576857363264452,2171.0,0.34993552546744033,baseline-51658c86a67b4547bb12c9bc8fb3efd3,-2.0,0.0,228.0,130.0,54.0,38.0,0.0
2026-08-08_163341_567723_1_R6_TEST5,TEST5,6,idle,4.875,15,4.837443941183405,4.837443941183405,2220.0,0.3578336557059961,baseline-51658c86a67b4547bb12c9bc8fb3efd3,-2.0,0.0,228.0,130.0,54.0,38.0,0.0
2026-08-08_163341_567723_1_R6_TEST5,TEST5,6,idle,5.125,10,5.149717850728834,5.149717850728834,2590.0,0.4174725983236621,baseline-51658c86a67b4547bb12c9bc8fb3efd3,-2.0,0.0,228.0,130.0,54.0,38.0,0.0
2026-08-08_163341_567723_1_R6_TEST5,TEST5,6,idle,5.375,12,5.4220709587459925,5.4220709587459925,1130.0,0.18214055448098002,baseline-51658c86a67b4547bb12c9bc8fb3efd3,-2.0,0.0,228.0,130.0,54.0,38.0,0.0
2026-08-08_163341_567723_1_R6_TEST5,TEST5,6,idle,5.625,7,5.64190312492515,5.64190312492515,2053.0,0.3309155383623469,baseline-51658c86a67b4547bb12c9bc8fb3efd3,-2.0,0.0,228.0,130.0,54.0,38.0,0.0
2026-08-08_163341_567723_1_R6_TEST5,TEST5,6,idle,5.875,7,5.8539009603578425,5.8539009603578425,3489.0,0.5623791102514507,baseline-51658c86a67b4547bb12c9bc8fb3efd3,-2.0,0.0,228.0,130.0,54.0,38.0,0.0
2026-08-08_163341_567723_1_R6_TEST5,TEST5,6,idle,6.125,3,6.100783682814791,6.100783682814791,2192.0,0.3533204384268214,baseline-51658c86a67b4547bb12c9bc8fb3efd3,-2.0,0.0,228.0,130.0,54.0,38.0,0.0
2026-08-08_163341_567723_1_R6_TEST5,TEST5,6,idle,6.375,2,6.440429526187277,6.440429526187277,2260.0,0.36428110896196003,baseline-51658c86a67b4547bb12c9bc8fb3efd3,-2.0,0.0,228.0,130.0,54.0,38.0,0.0
2026-08-08_163341_567723_1_R6_TEST5,TEST5,6,idle,6.875,5,6.854782406728614,6.854782406728614,2624.0,0.4229529335912315,baseline-51658c86a67b4547bb12c9bc8fb3efd3,-2.0,0.0,228.0,130.0,54.0,38.0,0.0
2026-08-08_163341_567723_1_R6_TEST5,TEST5,6,idle,7.125,4,7.13964195944748,7.13964195944748,3031.0,0.4885557704706641,baseline-51658c86a67b4547bb12c9bc8fb3efd3,-2.0,0.0,228.0,130.0,54.0,38.0,0.0
2026-08-08_163341_567723_1_R6_TEST5,TEST5,6,idle,7.625,3,7.547099240783281,7.547099240783281,2003.0,0.322856221792392,baseline-51658c86a67b4547bb12c9bc8fb3efd3,-2.0,0.0,228.0,130.0,54.0,38.0,0.0
2026-08-08_163341_567723_1_R6_TEST5,TEST5,6,idle,7.875,1,7.903810945644084,7.903810945644084,2392.0,0.38555770470664086,baseline-51658c86a67b4547bb12c9bc8fb3efd3,-2.0,0.0,228.0,130.0,54.0,38.0,0.0
2026-08-08_163341_567723_1_R6_TEST5,TEST5,6,idle,8.125,2,8.21311788517867,8.21311788517867,4461.0,0.7190522243713733,baseline-51658c86a67b4547bb12c9bc8fb3efd3,-2.0,0.0,228.0,130.0,54.0,38.0,0.0
2026-08-08_163440_118112_1_R6_TEST6,TEST6,6,idle,0.125,6,0.033361024474221096,0.033361024474221096,0.0,0.0,baseline-51658c86a67b4547bb12c9bc8fb3efd3,-2.0,0.0,228.0,130.0,54.0,38.0,0.0
2026-08-08_163440_118112_1_R6_TEST6,TEST6,6,idle,0.375,2,0.3843341646416708,0.3843341646416708,0.0,0.0,baseline-51658c86a67b4547bb12c9bc8fb3efd3,-2.0,0.0,228.0,130.0,54.0,38.0,0.0
2026-08-08_163440_118112_1_R6_TEST6,TEST6,6,idle,0.875,3,0.8795704526828662,0.8795704526828662,0.0,0.0,baseline-51658c86a67b4547bb12c9bc8fb3efd3,-2.0,0.0,228.0,130.0,54.0,38.0,0.0
2026-08-08_163440_118112_1_R6_TEST6,TEST6,6,idle,1.125,10,1.1913979988900727,1.1913979988900727,0.0,0.0,baseline-51658c86a67b4547bb12c9bc8fb3efd3,-2.0,0.0,228.0,130.0,54.0,38.0,0.0
2026-08-08_163440_118112_1_R6_TEST6,TEST6,6,idle,1.375,42,1.3909537157864085,1.3909537157864085,0.0,0.0,baseline-51658c86a67b4547bb12c9bc8fb3efd3,-2.0,0.0,228.0,130.0,54.0,38.0,0.0
2026-08-08_163440_118112_1_R6_TEST6,TEST6,6,idle,1.625,46,1.6481322535509113,1.6481322535509113,0.0,0.0,baseline-51658c86a67b4547bb12c9bc8fb3efd3,-2.0,0.0,228.0,130.0,54.0,38.0,0.0
2026-08-08_163440_118112_1_R6_TEST6,TEST6,6,idle,1.875,53,1.82286886363385,1.82286886363385,0.0,0.0,baseline-51658c86a67b4547bb12c9bc8fb3efd3,-2.0,0.0,228.0,130.0,54.0,38.0,0.0
2026-08-08_163440_118112_1_R6_TEST6,TEST6,6,idle,2.125,36,2.1354740929002975,2.1354740929002975,90.0,0.014506769825918763,baseline-51658c86a67b4547bb12c9bc8fb3efd3,-2.0,0.0,228.0,130.0,54.0,38.0,0.0
2026-08-08_163440_118112_1_R6_TEST6,TEST6,6,idle,2.375,32,2.355934319063255,2.355934319063255,72.0,0.011605415860735008,baseline-51658c86a67b4547bb12c9bc8fb3efd3,-2.0,0.0,228.0,130.0,54.0,38.0,0.0
2026-08-08_163440_118112_1_R6_TEST6,TEST6,6,idle,2.625,28,2.6619241396485416,2.6619241396485416,318.5,0.051337846550612506,baseline-51658c86a67b4547bb12c9bc8fb3efd3,-2.0,0.0,228.0,130.0,54.0,38.0,0.0
2026-08-08_163440_118112_1_R6_TEST6,TEST6,6,idle,2.875,22,2.8485894191246235,2.8485894191246235,359.5,0.0579464861379755,baseline-51658c86a67b4547bb12c9bc8fb3efd3,-2.0,0.0,228.0,130.0,54.0,38.0,0.0
2026-08-08_163440_118112_1_R6_TEST6,TEST6,6,idle,3.125,11,3.0580264116863267,3.0580264116863267,311.0,0.05012894906511928,baseline-51658c86a67b4547bb12c9bc8fb3efd3,-2.0,0.0,228.0,130.0,54.0,38.0,0.0
2026-08-08_163440_118112_1_R6_TEST6,TEST6,6,idle,3.375,11,3.3350636974950736,3.3350636974950736,187.0,0.030141843971631204,baseline-51658c86a67b4547bb12c9bc8fb3efd3,-2.0,0.0,228.0,130.0,54.0,38.0,0.0
2026-08-08_163440_118112_1_R6_TEST6,TEST6,6,idle,3.625,5,3.6505733970812666,3.6505733970812666,444.0,0.07156673114119923,baseline-51658c86a67b4547bb12c9bc8fb3efd3,-2.0,0.0,228.0,130.0,54.0,38.0,0.0
2026-08-08_163440_118112_1_R6_TEST6,TEST6,6,idle,3.875,9,3.911542914443634,3.911542914443634,1348.0,0.21727917472598324,baseline-51658c86a67b4547bb12c9bc8fb3efd3,-2.0,0.0,228.0,130.0,54.0,38.0,0.0
2026-08-08_163440_118112_1_R6_TEST6,TEST6,6,idle,4.125,12,4.120188565647185,4.120188565647185,701.5,0.11307221147646679,baseline-51658c86a67b4547bb12c9bc8fb3efd3,-2.0,0.0,228.0,130.0,54.0,38.0,0.0
2026-08-08_163440_118112_1_R6_TEST6,TEST6,6,idle,4.375,11,4.349199693206156,4.349199693206156,1023.0,0.16489361702127658,baseline-51658c86a67b4547bb12c9bc8fb3efd3,-2.0,0.0,228.0,130.0,54.0,38.0,0.0
2026-08-08_163440_118112_1_R6_TEST6,TEST6,6,idle,4.625,7,4.593624872134833,4.593624872134833,700.0,0.11283043197936815,baseline-51658c86a67b4547bb12c9bc8fb3efd3,-2.0,0.0,228.0,130.0,54.0,38.0,0.0
2026-08-08_163440_118112_1_R6_TEST6,TEST6,6,idle,4.875,7,4.875690050600121,4.875690050600121,1469.0,0.23678272082527402,baseline-51658c86a67b4547bb12c9bc8fb3efd3,-2.0,0.0,228.0,130.0,54.0,38.0,0.0
2026-08-08_163440_118112_1_R6_TEST6,TEST6,6,idle,5.125,1,5.042689400288019,5.042689400288019,2029.0,0.3270470664087685,baseline-51658c86a67b4547bb12c9bc8fb3efd3,-2.0,0.0,228.0,130.0,54.0,38.0,0.0
2026-08-08_163440_118112_1_R6_TEST6,TEST6,6,idle,5.375,5,5.430606568874426,5.430606568874426,1183.0,0.19068343004513216,baseline-51658c86a67b4547bb12c9bc8fb3efd3,-2.0,0.0,228.0,130.0,54.0,38.0,0.0
2026-08-08_163440_118112_1_R6_TEST6,TEST6,6,idle,5.625,4,5.679020796616369,5.679020796616369,1805.0,0.2909413281753707,baseline-51658c86a67b4547bb12c9bc8fb3efd3,-2.0,0.0,228.0,130.0,54.0,38.0,0.0
2026-08-08_163440_118112_1_R6_TEST6,TEST6,6,idle,5.875,4,5.907387078059434,5.907387078059434,930.5,0.14998388136686008,baseline-51658c86a67b4547bb12c9bc8fb3efd3,-2.0,0.0,228.0,130.0,54.0,38.0,0.0
2026-08-08_163440_118112_1_R6_TEST6,TEST6,6,idle,6.125,3,6.02756515533442,6.02756515533442,2917.0,0.470180528691167,baseline-51658c86a67b4547bb12c9bc8fb3efd3,-2.0,0.0,228.0,130.0,54.0,38.0,0.0
2026-08-08_163440_118112_1_R6_TEST6,TEST6,6,idle,6.375,3,6.316959657536824,6.316959657536824,887.0,0.14297227595099934,baseline-51658c86a67b4547bb12c9bc8fb3efd3,-2.0,0.0,228.0,130.0,54.0,38.0,0.0
2026-08-08_163440_118112_1_R6_TEST6,TEST6,6,idle,6.625,2,6.607028166199093,6.607028166199093,3393.5,0.5469858156028369,baseline-51658c86a67b4547bb12c9bc8fb3efd3,-2.0,0.0,228.0,130.0,54.0,38.0,0.0
2026-08-08_163440_118112_1_R6_TEST6,TEST6,6,idle,7.625,1,7.64546526612589,7.64546526612589,613.0,0.09880722114764667,baseline-51658c86a67b4547bb12c9bc8fb3efd3,-2.0,0.0,228.0,130.0,54.0,38.0,0.0
2026-08-08_163730_874069_1_R7_TEST2,TEST2,7,idle,0.125,1,0.0540754177633501,0.0540754177633501,0.0,0.0,baseline-51658c86a67b4547bb12c9bc8fb3efd3,-2.0,0.0,228.0,130.0,54.0,38.0,0.0
2026-08-08_163730_874069_1_R7_TEST2,TEST2,7,idle,0.375,3,0.4366596850492013,0.4366596850492013,0.0,0.0,baseline-51658c86a67b4547bb12c9bc8fb3efd3,-2.0,0.0,228.0,130.0,54.0,38.0,0.0
2026-08-08_163730_874069_1_R7_TEST2,TEST2,7,idle,0.625,8,0.5415204193032117,0.5415204193032117,0.0,0.0,baseline-51658c86a67b4547bb12c9bc8fb3efd3,-2.0,0.0,228.0,130.0,54.0,38.0,0.0
2026-08-08_163730_874069_1_R7_TEST2,TEST2,7,idle,0.875,12,0.8890999144470286,0.8890999144470286,0.0,0.0,baseline-51658c86a67b4547bb12c9bc8fb3efd3,-2.0,0.0,228.0,130.0,54.0,38.0,0.0
2026-08-08_163730_874069_1_R7_TEST2,TEST2,7,idle,1.125,31,1.1256797130270082,1.1256797130270082,0.0,0.0,baseline-51658c86a67b4547bb12c9bc8fb3efd3,-2.0,0.0,228.0,130.0,54.0,38.0,0.0
2026-08-08_163730_874069_1_R7_TEST2,TEST2,7,idle,1.375,31,1.358090366027705,1.358090366027705,135.0,0.024017078811599358,baseline-51658c86a67b4547bb12c9bc8fb3efd3,-2.0,0.0,228.0,130.0,54.0,38.0,0.0
2026-08-08_163730_874069_1_R7_TEST2,TEST2,7,idle,1.625,27,1.599796358716267,1.599796358716267,88.0,0.015655577299412915,baseline-51658c86a67b4547bb12c9bc8fb3efd3,-2.0,0.0,228.0,130.0,54.0,38.0,0.0
2026-08-08_163730_874069_1_R7_TEST2,TEST2,7,idle,1.875,31,1.859255431464664,1.859255431464664,79.0,0.014054438711972959,baseline-51658c86a67b4547bb12c9bc8fb3efd3,-2.0,0.0,228.0,130.0,54.0,38.0,0.0
2026-08-08_163730_874069_1_R7_TEST2,TEST2,7,idle,2.125,20,2.0725921106789174,2.0725921106789174,74.5,0.01325386941825298,baseline-51658c86a67b4547bb12c9bc8fb3efd3,-2.0,0.0,228.0,130.0,54.0,38.0,0.0
2026-08-08_163730_874069_1_R7_TEST2,TEST2,7,idle,2.375,14,2.2947070973267563,2.2947070973267563,17.5,0.00311332503113325,baseline-51658c86a67b4547bb12c9bc8fb3efd3,-2.0,0.0,228.0,130.0,54.0,38.0,0.0
2026-08-08_163730_874069_1_R7_TEST2,TEST2,7,idle,2.625,18,2.6297170607026112,2.6297170607026112,37.5,0.006671410780999822,baseline-51658c86a67b4547bb12c9bc8fb3efd3,-2.0,0.0,228.0,130.0,54.0,38.0,0.0
2026-08-08_163730_874069_1_R7_TEST2,TEST2,7,idle,2.875,19,2.9159700109256246,2.9159700109256246,123.0,0.021882227361679416,baseline-51658c86a67b4547bb12c9bc8fb3efd3,-2.0,0.0,228.0,130.0,54.0,38.0,0.0
2026-08-08_163730_874069_1_R7_TEST2,TEST2,7,idle,3.125,15,3.1487229329823627,3.1487229329823627,0.0,0.0,baseline-51658c86a67b4547bb12c9bc8fb3efd3,-2.0,0.0,228.0,130.0,54.0,38.0,0.0
2026-08-08_163730_874069_1_R7_TEST2,TEST2,7,idle,3.375,13,3.371699550070884,3.371699550070884,209.0,0.03718199608610567,baseline-51658c86a67b4547bb12c9bc8fb3efd3,-2.0,0.0,228.0,130.0,54.0,38.0,0.0
2026-08-08_163730_874069_1_R7_TEST2,TEST2,7,idle,3.625,12,3.6077345824525224,3.6077345824525224,0.0,0.0,baseline-51658c86a67b4547bb12c9bc8fb3efd3,-2.0,0.0,228.0,130.0,54.0,38.0,0.0
2026-08-08_163730_874069_1_R7_TEST2,TEST2,7,idle,3.875,11,3.9206735149263694,3.9206735149263694,222.0,0.03949475182351895,baseline-51658c86a67b4547bb12c9bc8fb3efd3,-2.0,0.0,228.0,130.0,54.0,38.0,0.0
2026-08-08_163730_874069_1_R7_TEST2,TEST2,7,idle,4.125,11,4.160959061491228,4.160959061491228,0.0,0.0,baseline-51658c86a67b4547bb12c9bc8fb3efd3,-2.0,0.0,228.0,130.0,54.0,38.0,0.0
2026-08-08_163730_874069_1_R7_TEST2,TEST2,7,idle,4.375,12,4.387197951634273,4.387197951634273,326.5,0.058085749866571786,baseline-51658c86a67b4547bb12c9bc8fb3efd3,-2.0,0.0,228.0,130.0,54.0,38.0,0.0
2026-08-08_163730_874069_1_R7_TEST2,TEST2,7,idle,4.625,13,4.654612417261901,4.654612417261901,0.0,0.0,baseline-51658c86a67b4547bb12c9bc8fb3efd3,-2.0,0.0,228.0,130.0,54.0,38.0,0.0
2026-08-08_163730_874069_1_R7_TEST2,TEST2,7,idle,4.875,3,4.855211789479322,4.855211789479322,1495.0,0.26596690980252624,baseline-51658c86a67b4547bb12c9bc8fb3efd3,-2.0,0.0,228.0,130.0,54.0,38.0,0.0
2026-08-08_163730_874069_1_R7_TEST2,TEST2,7,idle,5.125,10,5.1552318587695805,5.1552318587695805,123.0,0.021882227361679416,baseline-51658c86a67b4547bb12c9bc8fb3efd3,-2.0,0.0,228.0,130.0,54.0,38.0,0.0
2026-08-08_163730_874069_1_R7_TEST2,TEST2,7,idle,5.375,8,5.323135450337686,5.323135450337686,511.0,0.09090909090909091,baseline-51658c86a67b4547bb12c9bc8fb3efd3,-2.0,0.0,228.0,130.0,54.0,38.0,0.0
2026-08-08_163730_874069_1_R7_TEST2,TEST2,7,idle,5.625,6,5.724333663071757,5.724333663071757,1482.5,0.2637431062088596,baseline-51658c86a67b4547bb12c9bc8fb3efd3,-2.0,0.0,228.0,130.0,54.0,38.0,0.0
2026-08-08_163730_874069_1_R7_TEST2,TEST2,7,idle,5.875,7,5.903925714437628,5.903925714437628,0.0,0.0,baseline-51658c86a67b4547bb12c9bc8fb3efd3,-2.0,0.0,228.0,130.0,54.0,38.0,0.0
2026-08-08_163730_874069_1_R7_TEST2,TEST2,7,idle,6.125,8,6.116919854202396,6.116919854202396,935.5,0.1664294609500089,baseline-51658c86a67b4547bb12c9bc8fb3efd3,-2.0,0.0,228.0,130.0,54.0,38.0,0.0
2026-08-08_163730_874069_1_R7_TEST2,TEST2,7,idle,6.375,7,6.378875473201628,6.378875473201628,0.0,0.0,baseline-51658c86a67b4547bb12c9bc8fb3efd3,-2.0,0.0,228.0,130.0,54.0,38.0,0.0
2026-08-08_163730_874069_1_R7_TEST2,TEST2,7,idle,6.625,10,6.591063604409047,6.591063604409047,546.5,0.09722469311510408,baseline-51658c86a67b4547bb12c9bc8fb3efd3,-2.0,0.0,228.0,130.0,54.0,38.0,0.0
2026-08-08_163730_874069_1_R7_TEST2,TEST2,7,idle,6.875,5,6.934228268658254,6.934228268658254,990.0,0.1761252446183953,baseline-51658c86a67b4547bb12c9bc8fb3efd3,-2.0,0.0,228.0,130.0,54.0,38.0,0.0
2026-08-08_163730_874069_1_R7_TEST2,TEST2,7,idle,7.125,4,7.168259257102132,7.168259257102132,735.5,0.1308486034513432,baseline-51658c86a67b4547bb12c9bc8fb3efd3,-2.0,0.0,228.0,130.0,54.0,38.0,0.0
2026-08-08_163730_874069_1_R7_TEST2,TEST2,7,idle,7.375,2,7.4646515795394865,7.4646515795394865,0.0,0.0,baseline-51658c86a67b4547bb12c9bc8fb3efd3,-2.0,0.0,228.0,130.0,54.0,38.0,0.0
2026-08-08_163730_874069_1_R7_TEST2,TEST2,7,idle,7.625,4,7.616657969305881,7.616657969305881,464.5,0.08263654154065113,baseline-51658c86a67b4547bb12c9bc8fb3efd3,-2.0,0.0,228.0,130.0,54.0,38.0,0.0
2026-08-08_163730_874069_1_R7_TEST2,TEST2,7,idle,7.875,2,7.824168384361778,7.824168384361778,3356.5,0.5971357409713575,baseline-51658c86a67b4547bb12c9bc8fb3efd3,-2.0,0.0,228.0,130.0,54.0,38.0,0.0
2026-08-08_163730_874069_1_R7_TEST2,TEST2,7,idle,8.125,1,8.055081550887493,8.055081550887493,0.0,0.0,baseline-51658c86a67b4547bb12c9bc8fb3efd3,-2.0,0.0,228.0,130.0,54.0,38.0,0.0
2026-08-08_163730_874069_1_R7_TEST2,TEST2,7,idle,8.375,2,8.416506365515389,8.416506365515389,0.0,0.0,baseline-51658c86a67b4547bb12c9bc8fb3efd3,-2.0,0.0,228.0,130.0,54.0,38.0,0.0
2026-08-08_163730_874069_1_R7_TEST2,TEST2,7,idle,8.625,2,8.559448501969007,8.559448501969007,412.5,0.07338551859099804,baseline-51658c86a67b4547bb12c9bc8fb3efd3,-2.0,0.0,228.0,130.0,54.0,38.0,0.0
2026-08-08_163730_874069_1_R7_TEST2,TEST2,7,idle,8.875,1,8.860834613543776,8.860834613543776,1879.0,0.33428215619996443,baseline-51658c86a67b4547bb12c9bc8fb3efd3,-2.0,0.0,228.0,130.0,54.0,38.0,0.0
2026-08-08_163730_874069_1_R7_TEST2,TEST2,7,idle,9.875,1,9.754157546389004,9.754157546389004,0.0,0.0,baseline-51658c86a67b4547bb12c9bc8fb3efd3,-2.0,0.0,228.0,130.0,54.0,38.0,0.0
2026-08-08_163837_086088_1_R7_TEST3,TEST3,7,idle,0.125,3,0.1152016952535446,0.1152016952535446,0.0,0.0,baseline-51658c86a67b4547bb12c9bc8fb3efd3,-2.0,0.0,228.0,130.0,54.0,38.0,0.0
2026-08-08_163837_086088_1_R7_TEST3,TEST3,7,idle,0.375,2,0.3206816355407248,0.3206816355407248,0.0,0.0,baseline-51658c86a67b4547bb12c9bc8fb3efd3,-2.0,0.0,228.0,130.0,54.0,38.0,0.0
2026-08-08_163837_086088_1_R7_TEST3,TEST3,7,idle,0.625,1,0.6464838264181617,0.6464838264181617,0.0,0.0,baseline-51658c86a67b4547bb12c9bc8fb3efd3,-2.0,0.0,228.0,130.0,54.0,38.0,0.0
2026-08-08_163837_086088_1_R7_TEST3,TEST3,7,idle,0.875,5,0.8981114108584973,0.8981114108584973,0.0,0.0,baseline-51658c86a67b4547bb12c9bc8fb3efd3,-2.0,0.0,228.0,130.0,54.0,38.0,0.0
2026-08-08_163837_086088_1_R7_TEST3,TEST3,7,idle,1.125,2,1.2010818547265327,1.2010818547265327,122.5,0.021793275217932753,baseline-51658c86a67b4547bb12c9bc8fb3efd3,-2.0,0.0,228.0,130.0,54.0,38.0,0.0
2026-08-08_163837_086088_1_R7_TEST3,TEST3,7,idle,1.375,2,1.3000302940196309,1.3000302940196309,111.5,0.019836328055506138,baseline-51658c86a67b4547bb12c9bc8fb3efd3,-2.0,0.0,228.0,130.0,54.0,38.0,0.0
2026-08-08_163837_086088_1_R7_TEST3,TEST3,7,idle,1.625,5,1.6710003524856143,1.6710003524856143,480.0,0.08539405799679772,baseline-51658c86a67b4547bb12c9bc8fb3efd3,-2.0,0.0,228.0,130.0,54.0,38.0,0.0
2026-08-08_163837_086088_1_R7_TEST3,TEST3,7,idle,1.875,12,1.903972525558947,1.903972525558947,398.5,0.07089485856609144,baseline-51658c86a67b4547bb12c9bc8fb3efd3,-2.0,0.0,228.0,130.0,54.0,38.0,0.0
2026-08-08_163837_086088_1_R7_TEST3,TEST3,7,idle,2.125,13,2.141628278252345,2.141628278252345,185.0,0.03291229318626579,baseline-51658c86a67b4547bb12c9bc8fb3efd3,-2.0,0.0,228.0,130.0,54.0,38.0,0.0
2026-08-08_163837_086088_1_R7_TEST3,TEST3,7,idle,2.375,21,2.3769824974549736,2.3769824974549736,448.0,0.07970112079701121,baseline-51658c86a67b4547bb12c9bc8fb3efd3,-2.0,0.0,228.0,130.0,54.0,38.0,0.0
2026-08-08_163837_086088_1_R7_TEST3,TEST3,7,idle,2.625,24,2.6579583298681366,2.6579583298681366,190.5,0.0338907667674791,baseline-51658c86a67b4547bb12c9bc8fb3efd3,-2.0,0.0,228.0,130.0,54.0,38.0,0.0
2026-08-08_163837_086088_1_R7_TEST3,TEST3,7,idle,2.875,18,2.8889538905352334,2.8889538905352334,306.0,0.05443871197295855,baseline-51658c86a67b4547bb12c9bc8fb3efd3,-2.0,0.0,228.0,130.0,54.0,38.0,0.0
2026-08-08_163837_086088_1_R7_TEST3,TEST3,7,idle,3.125,15,3.1774491883511256,3.1774491883511256,325.0,0.057818893435331795,baseline-51658c86a67b4547bb12c9bc8fb3efd3,-2.0,0.0,228.0,130.0,54.0,38.0,0.0
2026-08-08_163837_086088_1_R7_TEST3,TEST3,7,idle,3.375,15,3.388184361831145,3.388184361831145,316.0,0.056217754847891835,baseline-51658c86a67b4547bb12c9bc8fb3efd3,-2.0,0.0,228.0,130.0,54.0,38.0,0.0
2026-08-08_163837_086088_1_R7_TEST3,TEST3,7,idle,3.625,13,3.660158898372732,3.660158898372732,677.0,0.12044120263298345,baseline-51658c86a67b4547bb12c9bc8fb3efd3,-2.0,0.0,228.0,130.0,54.0,38.0,0.0
2026-08-08_163837_086088_1_R7_TEST3,TEST3,7,idle,3.875,21,3.823281227132952,3.823281227132952,18.0,0.0032022771748799147,baseline-51658c86a67b4547bb12c9bc8fb3efd3,-2.0,0.0,228.0,130.0,54.0,38.0,0.0
2026-08-08_163837_086088_1_R7_TEST3,TEST3,7,idle,4.125,23,4.085918465812231,4.085918465812231,765.0,0.13609677993239638,baseline-51658c86a67b4547bb12c9bc8fb3efd3,-2.0,0.0,228.0,130.0,54.0,38.0,0.0
2026-08-08_163837_086088_1_R7_TEST3,TEST3,7,idle,4.375,12,4.295219967579724,4.295219967579724,76.0,0.013520725849492973,baseline-51658c86a67b4547bb12c9bc8fb3efd3,-2.0,0.0,228.0,130.0,54.0,38.0,0.0
2026-08-08_163837_086088_1_R7_TEST3,TEST3,7,idle,4.625,18,4.66873946798556,4.66873946798556,441.5,0.07854474292830457,baseline-51658c86a67b4547bb12c9bc8fb3efd3,-2.0,0.0,228.0,130.0,54.0,38.0,0.0
2026-08-08_163837_086088_1_R7_TEST3,TEST3,7,idle,4.875,12,4.889637441221979,4.889637441221979,283.0,0.05034691336061199,baseline-51658c86a67b4547bb12c9bc8fb3efd3,-2.0,0.0,228.0,130.0,54.0,38.0,0.0
2026-08-08_163837_086088_1_R7_TEST3,TEST3,7,idle,5.125,9,5.147784676613311,5.147784676613311,0.0,0.0,baseline-51658c86a67b4547bb12c9bc8fb3efd3,-2.0,0.0,228.0,130.0,54.0,38.0,0.0
2026-08-08_163837_086088_1_R7_TEST3,TEST3,7,idle,5.375,9,5.419430058879415,5.419430058879415,1417.0,0.2520903753780466,baseline-51658c86a67b4547bb12c9bc8fb3efd3,-2.0,0.0,228.0,130.0,54.0,38.0,0.0
2026-08-08_163837_086088_1_R7_TEST3,TEST3,7,idle,5.625,9,5.7083487450449,5.7083487450449,2622.0,0.4664650418075076,baseline-51658c86a67b4547bb12c9bc8fb3efd3,-2.0,0.0,228.0,130.0,54.0,38.0,0.0
2026-08-08_163837_086088_1_R7_TEST3,TEST3,7,idle,5.875,7,5.839009971505874,5.839009971505874,1864.0,0.3316135918875645,baseline-51658c86a67b4547bb12c9bc8fb3efd3,-2.0,0.0,228.0,130.0,54.0,38.0,0.0
2026-08-08_163837_086088_1_R7_TEST3,TEST3,7,idle,6.125,4,6.114242113197443,6.114242113197443,1641.5,0.2920298879202989,baseline-51658c86a67b4547bb12c9bc8fb3efd3,-2.0,0.0,228.0,130.0,54.0,38.0,0.0
2026-08-08_163837_086088_1_R7_TEST3,TEST3,7,idle,6.375,6,6.329450439742243,6.329450439742243,1401.5,0.24933285892190002,baseline-51658c86a67b4547bb12c9bc8fb3efd3,-2.0,0.0,228.0,130.0,54.0,38.0,0.0
2026-08-08_163837_086088_1_R7_TEST3,TEST3,7,idle,6.625,2,6.556495519694933,6.556495519694933,2442.5,0.4345312222024551,baseline-51658c86a67b4547bb12c9bc8fb3efd3,-2.0,0.0,228.0,130.0,54.0,38.0,0.0
2026-08-08_163837_086088_1_R7_TEST3,TEST3,7,idle,6.875,3,6.827078990435497,6.827078990435497,1116.0,0.1985411848425547,baseline-51658c86a67b4547bb12c9bc8fb3efd3,-2.0,0.0,228.0,130.0,54.0,38.0,0.0
2026-08-08_163837_086088_1_R7_TEST3,TEST3,7,idle,7.125,2,7.119604426746674,7.119604426746674,1771.5,0.31515744529443157,baseline-51658c86a67b4547bb12c9bc8fb3efd3,-2.0,0.0,228.0,130.0,54.0,38.0,0.0
2026-08-08_163837_086088_1_R7_TEST3,TEST3,7,idle,7.375,2,7.283709083647805,7.283709083647805,2877.5,0.511919587262053,baseline-51658c86a67b4547bb12c9bc8fb3efd3,-2.0,0.0,228.0,130.0,54.0,38.0,0.0
2026-08-08_163931_866280_1_R7_TEST4,TEST4,7,idle,0.125,6,0.0960244519575018,0.0960244519575018,0.0,0.0,baseline-51658c86a67b4547bb12c9bc8fb3efd3,-2.0,0.0,228.0,130.0,54.0,38.0,0.0
2026-08-08_163931_866280_1_R7_TEST4,TEST4,7,idle,0.625,1,0.6990792606632613,0.6990792606632613,0.0,0.0,baseline-51658c86a67b4547bb12c9bc8fb3efd3,-2.0,0.0,228.0,130.0,54.0,38.0,0.0
2026-08-08_163931_866280_1_R7_TEST4,TEST4,7,idle,0.875,7,0.8519546544398142,0.8519546544398142,0.0,0.0,baseline-51658c86a67b4547bb12c9bc8fb3efd3,-2.0,0.0,228.0,130.0,54.0,38.0,0.0
2026-08-08_163931_866280_1_R7_TEST4,TEST4,7,idle,1.125,4,1.1966022258865632,1.1966022258865632,356.0,0.06333392634762497,baseline-51658c86a67b4547bb12c9bc8fb3efd3,-2.0,0.0,228.0,130.0,54.0,38.0,0.0
2026-08-08_163931_866280_1_R7_TEST4,TEST4,7,idle,1.375,13,1.3420462737722525,1.3420462737722525,330.0,0.05870841487279843,baseline-51658c86a67b4547bb12c9bc8fb3efd3,-2.0,0.0,228.0,130.0,54.0,38.0,0.0
2026-08-08_163931_866280_1_R7_TEST4,TEST4,7,idle,1.625,25,1.6367498304079535,1.6367498304079535,560.0,0.099626400996264,baseline-51658c86a67b4547bb12c9bc8fb3efd3,-2.0,0.0,228.0,130.0,54.0,38.0,0.0
2026-08-08_163931_866280_1_R7_TEST4,TEST4,7,idle,1.875,28,1.867571138341841,1.867571138341841,720.5,0.12818003913894327,baseline-51658c86a67b4547bb12c9bc8fb3efd3,-2.0,0.0,228.0,130.0,54.0,38.0,0.0
2026-08-08_163931_866280_1_R7_TEST4,TEST4,7,idle,2.125,18,2.1332115250252297,2.1332115250252297,685.0,0.12186443693293009,baseline-51658c86a67b4547bb12c9bc8fb3efd3,-2.0,0.0,228.0,130.0,54.0,38.0,0.0
2026-08-08_163931_866280_1_R7_TEST4,TEST4,7,idle,2.375,28,2.3792173364572147,2.3792173364572147,819.5,0.1457925636007828,baseline-51658c86a67b4547bb12c9bc8fb3efd3,-2.0,0.0,228.0,130.0,54.0,38.0,0.0
2026-08-08_163931_866280_1_R7_TEST4,TEST4,7,idle,2.625,28,2.618763824731262,2.618763824731262,626.5,0.11145703611457036,baseline-51658c86a67b4547bb12c9bc8fb3efd3,-2.0,0.0,228.0,130.0,54.0,38.0,0.0
2026-08-08_163931_866280_1_R7_TEST4,TEST4,7,idle,2.875,21,2.8593613248020064,2.8593613248020064,992.0,0.17648105319338195,baseline-51658c86a67b4547bb12c9bc8fb3efd3,-2.0,0.0,228.0,130.0,54.0,38.0,0.0
2026-08-08_163931_866280_1_R7_TEST4,TEST4,7,idle,3.125,20,3.1263612937758203,3.1263612937758203,1282.5,0.22816224871019392,baseline-51658c86a67b4547bb12c9bc8fb3efd3,-2.0,0.0,228.0,130.0,54.0,38.0,0.0
2026-08-08_163931_866280_1_R7_TEST4,TEST4,7,idle,3.375,29,3.3635925227326573,3.3635925227326573,1808.0,0.32165095178793807,baseline-51658c86a67b4547bb12c9bc8fb3efd3,-2.0,0.0,228.0,130.0,54.0,38.0,0.0
2026-08-08_163931_866280_1_R7_TEST4,TEST4,7,idle,3.625,16,3.6248305704363784,3.6248305704363784,2130.0,0.37893613236078993,baseline-51658c86a67b4547bb12c9bc8fb3efd3,-2.0,0.0,228.0,130.0,54.0,38.0,0.0
2026-08-08_163931_866280_1_R7_TEST4,TEST4,7,idle,3.875,20,3.8576935305572606,3.8576935305572606,573.0,0.10193915673367729,baseline-51658c86a67b4547bb12c9bc8fb3efd3,-2.0,0.0,228.0,130.0,54.0,38.0,0.0
2026-08-08_163931_866280_1_R7_TEST4,TEST4,7,idle,4.125,7,4.077369117567947,4.077369117567947,1334.0,0.23732431951610033,baseline-51658c86a67b4547bb12c9bc8fb3efd3,-2.0,0.0,228.0,130.0,54.0,38.0,0.0
2026-08-08_163931_866280_1_R7_TEST4,TEST4,7,idle,4.375,14,4.387828111326298,4.387828111326298,1248.0,0.2220245507916741,baseline-51658c86a67b4547bb12c9bc8fb3efd3,-2.0,0.0,228.0,130.0,54.0,38.0,0.0
2026-08-08_163931_866280_1_R7_TEST4,TEST4,7,idle,4.625,8,4.586466693446288,4.586466693446288,250.5,0.04456502401707881,baseline-51658c86a67b4547bb12c9bc8fb3efd3,-2.0,0.0,228.0,130.0,54.0,38.0,0.0
2026-08-08_163931_866280_1_R7_TEST4,TEST4,7,idle,4.875,10,4.836823143128459,4.836823143128459,2066.5,0.36763921010496353,baseline-51658c86a67b4547bb12c9bc8fb3efd3,-2.0,0.0,228.0,130.0,54.0,38.0,0.0
2026-08-08_163931_866280_1_R7_TEST4,TEST4,7,idle,5.125,4,5.220505695998013,5.220505695998013,2106.5,0.3747553816046967,baseline-51658c86a67b4547bb12c9bc8fb3efd3,-2.0,0.0,228.0,130.0,54.0,38.0,0.0
2026-08-08_163931_866280_1_R7_TEST4,TEST4,7,idle,5.375,1,5.465840224303674,5.465840224303674,2683.0,0.4773172033446006,baseline-51658c86a67b4547bb12c9bc8fb3efd3,-2.0,0.0,228.0,130.0,54.0,38.0,0.0
2026-08-08_163931_866280_1_R7_TEST4,TEST4,7,idle,5.625,4,5.686060950869216,5.686060950869216,3547.0,0.6310265077388365,baseline-51658c86a67b4547bb12c9bc8fb3efd3,-2.0,0.0,228.0,130.0,54.0,38.0,0.0
2026-08-08_163931_866280_1_R7_TEST4,TEST4,7,idle,5.875,3,5.87661686125209,5.87661686125209,206.0,0.03664828322362569,baseline-51658c86a67b4547bb12c9bc8fb3efd3,-2.0,0.0,228.0,130.0,54.0,38.0,0.0
2026-08-08_163931_866280_1_R7_TEST4,TEST4,7,idle,6.125,1,6.082617107306926,6.082617107306926,4357.0,0.7751289806084327,baseline-51658c86a67b4547bb12c9bc8fb3efd3,-2.0,0.0,228.0,130.0,54.0,38.0,0.0
2026-08-08_163931_866280_1_R7_TEST4,TEST4,7,idle,6.375,4,6.398259696341693,6.398259696341693,2363.0,0.42038783134673546,baseline-51658c86a67b4547bb12c9bc8fb3efd3,-2.0,0.0,228.0,130.0,54.0,38.0,0.0
2026-08-08_163931_866280_1_R7_TEST4,TEST4,7,idle,6.625,3,6.59822519810051,6.59822519810051,0.0,0.0,baseline-51658c86a67b4547bb12c9bc8fb3efd3,-2.0,0.0,228.0,130.0,54.0,38.0,0.0
2026-08-08_163931_866280_1_R7_TEST4,TEST4,7,idle,6.875,2,6.802702423449249,6.802702423449249,2.0,0.0003558085749866572,baseline-51658c86a67b4547bb12c9bc8fb3efd3,-2.0,0.0,228.0,130.0,54.0,38.0,0.0
2026-08-08_163931_866280_1_R7_TEST4,TEST4,7,idle,7.125,1,7.160741320614322,7.160741320614322,0.0,0.0,baseline-51658c86a67b4547bb12c9bc8fb3efd3,-2.0,0.0,228.0,130.0,54.0,38.0,0.0
2026-08-08_163931_866280_1_R7_TEST4,TEST4,7,idle,7.875,1,7.797289265539243,7.797289265539243,3115.0,0.5541718555417185,baseline-51658c86a67b4547bb12c9bc8fb3efd3,-2.0,0.0,228.0,130.0,54.0,38.0,0.0
2026-08-08_164047_397752_1_R7_TEST5,TEST5,7,idle,0.125,4,0.0538016063249366,0.0538016063249366,0.0,0.0,baseline-51658c86a67b4547bb12c9bc8fb3efd3,-2.0,0.0,228.0,130.0,54.0,38.0,0.0
2026-08-08_164047_397752_1_R7_TEST5,TEST5,7,idle,0.375,1,0.2802334527724588,0.2802334527724588,0.0,0.0,baseline-51658c86a67b4547bb12c9bc8fb3efd3,-2.0,0.0,228.0,130.0,54.0,38.0,0.0
2026-08-08_164047_397752_1_R7_TEST5,TEST5,7,idle,0.625,2,0.6896499087150141,0.6896499087150141,0.0,0.0,baseline-51658c86a67b4547bb12c9bc8fb3efd3,-2.0,0.0,228.0,130.0,54.0,38.0,0.0
2026-08-08_164047_397752_1_R7_TEST5,TEST5,7,idle,0.875,3,0.8589179824298139,0.8589179824298139,233.0,0.04145169898594556,baseline-51658c86a67b4547bb12c9bc8fb3efd3,-2.0,0.0,228.0,130.0,54.0,38.0,0.0
2026-08-08_164047_397752_1_R7_TEST5,TEST5,7,idle,1.125,4,1.1109740378625843,1.1109740378625843,562.0,0.09998220957125067,baseline-51658c86a67b4547bb12c9bc8fb3efd3,-2.0,0.0,228.0,130.0,54.0,38.0,0.0
2026-08-08_164047_397752_1_R7_TEST5,TEST5,7,idle,1.375,6,1.3426575360961277,1.3426575360961277,372.5,0.0662693470912649,baseline-51658c86a67b4547bb12c9bc8fb3efd3,-2.0,0.0,228.0,130.0,54.0,38.0,0.0
2026-08-08_164047_397752_1_R7_TEST5,TEST5,7,idle,1.625,19,1.6444396136556945,1.6444396136556945,592.0,0.10531933819605052,baseline-51658c86a67b4547bb12c9bc8fb3efd3,-2.0,0.0,228.0,130.0,54.0,38.0,0.0
2026-08-08_164047_397752_1_R7_TEST5,TEST5,7,idle,1.875,13,1.9141624026821904,1.9141624026821904,1278.0,0.22736167941647395,baseline-51658c86a67b4547bb12c9bc8fb3efd3,-2.0,0.0,228.0,130.0,54.0,38.0,0.0
2026-08-08_164047_397752_1_R7_TEST5,TEST5,7,idle,2.125,26,2.118476617670055,2.118476617670055,743.5,0.1322718377512898,baseline-51658c86a67b4547bb12c9bc8fb3efd3,-2.0,0.0,228.0,130.0,54.0,38.0,0.0
2026-08-08_164047_397752_1_R7_TEST5,TEST5,7,idle,2.375,19,2.3611637164103687,2.3611637164103687,664.0,0.11812844689557019,baseline-51658c86a67b4547bb12c9bc8fb3efd3,-2.0,0.0,228.0,130.0,54.0,38.0,0.0
2026-08-08_164047_397752_1_R7_TEST5,TEST5,7,idle,2.625,32,2.630848825454871,2.630848825454871,455.0,0.0809464508094645,baseline-51658c86a67b4547bb12c9bc8fb3efd3,-2.0,0.0,228.0,130.0,54.0,38.0,0.0
2026-08-08_164047_397752_1_R7_TEST5,TEST5,7,idle,2.875,19,2.8137101156630395,2.8137101156630395,487.0,0.08663938800925103,baseline-51658c86a67b4547bb12c9bc8fb3efd3,-2.0,0.0,228.0,130.0,54.0,38.0,0.0
2026-08-08_164047_397752_1_R7_TEST5,TEST5,7,idle,3.125,21,3.126802677666416,3.126802677666416,222.0,0.03949475182351895,baseline-51658c86a67b4547bb12c9bc8fb3efd3,-2.0,0.0,228.0,130.0,54.0,38.0,0.0
2026-08-08_164047_397752_1_R7_TEST5,TEST5,7,idle,3.375,13,3.3874607237032133,3.3874607237032133,382.0,0.06795943782245152,baseline-51658c86a67b4547bb12c9bc8fb3efd3,-2.0,0.0,228.0,130.0,54.0,38.0,0.0
2026-08-08_164047_397752_1_R7_TEST5,TEST5,7,idle,3.625,17,3.607183954471468,3.607183954471468,2423.0,0.43106208859633516,baseline-51658c86a67b4547bb12c9bc8fb3efd3,-2.0,0.0,228.0,130.0,54.0,38.0,0.0
2026-08-08_164047_397752_1_R7_TEST5,TEST5,7,idle,3.875,16,3.9093013129344767,3.9093013129344767,2071.5,0.36852873154243015,baseline-51658c86a67b4547bb12c9bc8fb3efd3,-2.0,0.0,228.0,130.0,54.0,38.0,0.0
2026-08-08_164047_397752_1_R7_TEST5,TEST5,7,idle,4.125,14,4.121875253954251,4.121875253954251,1496.0,0.26614481409001955,baseline-51658c86a67b4547bb12c9bc8fb3efd3,-2.0,0.0,228.0,130.0,54.0,38.0,0.0
2026-08-08_164047_397752_1_R7_TEST5,TEST5,7,idle,4.375,22,4.352353112740904,4.352353112740904,1994.5,0.35483010140544385,baseline-51658c86a67b4547bb12c9bc8fb3efd3,-2.0,0.0,228.0,130.0,54.0,38.0,0.0
2026-08-08_164047_397752_1_R7_TEST5,TEST5,7,idle,4.625,17,4.625975294740041,4.625975294740041,123.0,0.021882227361679416,baseline-51658c86a67b4547bb12c9bc8fb3efd3,-2.0,0.0,228.0,130.0,54.0,38.0,0.0
2026-08-08_164047_397752_1_R7_TEST5,TEST5,7,idle,4.875,9,4.914119042222082,4.914119042222082,1666.0,0.29638854296388545,baseline-51658c86a67b4547bb12c9bc8fb3efd3,-2.0,0.0,228.0,130.0,54.0,38.0,0.0
2026-08-08_164047_397752_1_R7_TEST5,TEST5,7,idle,5.125,10,5.15475013790072,5.15475013790072,2361.5,0.4201209749154955,baseline-51658c86a67b4547bb12c9bc8fb3efd3,-2.0,0.0,228.0,130.0,54.0,38.0,0.0
2026-08-08_164047_397752_1_R7_TEST5,TEST5,7,idle,5.375,10,5.336780244163066,5.336780244163066,2035.0,0.3620352250489237,baseline-51658c86a67b4547bb12c9bc8fb3efd3,-2.0,0.0,228.0,130.0,54.0,38.0,0.0
2026-08-08_164047_397752_1_R7_TEST5,TEST5,7,idle,5.625,7,5.589697605675712,5.589697605675712,1618.0,0.2878491371642057,baseline-51658c86a67b4547bb12c9bc8fb3efd3,-2.0,0.0,228.0,130.0,54.0,38.0,0.0
2026-08-08_164047_397752_1_R7_TEST5,TEST5,7,idle,5.875,7,5.871940194201622,5.871940194201622,843.0,0.149973314356876,baseline-51658c86a67b4547bb12c9bc8fb3efd3,-2.0,0.0,228.0,130.0,54.0,38.0,0.0
2026-08-08_164047_397752_1_R7_TEST5,TEST5,7,idle,6.125,6,6.115880474288837,6.115880474288837,4426.5,0.7874933285892189,baseline-51658c86a67b4547bb12c9bc8fb3efd3,-2.0,0.0,228.0,130.0,54.0,38.0,0.0
2026-08-08_164047_397752_1_R7_TEST5,TEST5,7,idle,6.375,3,6.431557974983688,6.431557974983688,1031.0,0.18341932040562178,baseline-51658c86a67b4547bb12c9bc8fb3efd3,-2.0,0.0,228.0,130.0,54.0,38.0,0.0
2026-08-08_164047_397752_1_R7_TEST5,TEST5,7,idle,6.625,3,6.703163086419625,6.703163086419625,0.0,0.0,baseline-51658c86a67b4547bb12c9bc8fb3efd3,-2.0,0.0,228.0,130.0,54.0,38.0,0.0
2026-08-08_164047_397752_1_R7_TEST5,TEST5,7,idle,6.875,3,6.842958200652479,6.842958200652479,900.0,0.16011385874399572,baseline-51658c86a67b4547bb12c9bc8fb3efd3,-2.0,0.0,228.0,130.0,54.0,38.0,0.0
2026-08-08_164047_397752_1_R7_TEST5,TEST5,7,idle,7.125,1,7.117526215658185,7.117526215658185,2499.0,0.44458281444582815,baseline-51658c86a67b4547bb12c9bc8fb3efd3,-2.0,0.0,228.0,130.0,54.0,38.0,0.0
2026-08-08_164047_397752_1_R7_TEST5,TEST5,7,idle,7.375,4,7.339473109127795,7.339473109127795,1423.0,0.25315780110300656,baseline-51658c86a67b4547bb12c9bc8fb3efd3,-2.0,0.0,228.0,130.0,54.0,38.0,0.0
2026-08-08_164047_397752_1_R7_TEST5,TEST5,7,idle,7.625,1,7.736297755798013,7.736297755798013,5415.0,0.9633517167763743,baseline-51658c86a67b4547bb12c9bc8fb3efd3,-2.0,0.0,228.0,130.0,54.0,38.0,0.0
2026-08-08_164047_397752_1_R7_TEST5,TEST5,7,idle,8.125,1,8.001323585726812,8.001323585726812,1790.0,0.3184486746130582,baseline-51658c86a67b4547bb12c9bc8fb3efd3,-2.0,0.0,228.0,130.0,54.0,38.0,0.0
2026-08-08_164148_938417_1_R7_TEST6,TEST6,7,idle,0.125,7,0.0185558388747467,0.0185558388747467,0.0,0.0,baseline-51658c86a67b4547bb12c9bc8fb3efd3,-2.0,0.0,228.0,130.0,54.0,38.0,0.0
2026-08-08_164148_938417_1_R7_TEST6,TEST6,7,idle,0.375,1,0.3024377101442977,0.3024377101442977,0.0,0.0,baseline-51658c86a67b4547bb12c9bc8fb3efd3,-2.0,0.0,228.0,130.0,54.0,38.0,0.0
2026-08-08_164148_938417_1_R7_TEST6,TEST6,7,idle,0.625,4,0.5980736073473993,0.5980736073473993,0.0,0.0,baseline-51658c86a67b4547bb12c9bc8fb3efd3,-2.0,0.0,228.0,130.0,54.0,38.0,0.0
2026-08-08_164148_938417_1_R7_TEST6,TEST6,7,idle,0.875,3,0.9282774690358244,0.9282774690358244,0.0,0.0,baseline-51658c86a67b4547bb12c9bc8fb3efd3,-2.0,0.0,228.0,130.0,54.0,38.0,0.0
2026-08-08_164148_938417_1_R7_TEST6,TEST6,7,idle,1.125,15,1.1116550099804865,1.1116550099804865,0.0,0.0,baseline-51658c86a67b4547bb12c9bc8fb3efd3,-2.0,0.0,228.0,130.0,54.0,38.0,0.0
2026-08-08_164148_938417_1_R7_TEST6,TEST6,7,idle,1.375,11,1.3816526881443367,1.3816526881443367,390.0,0.06938267212239815,baseline-51658c86a67b4547bb12c9bc8fb3efd3,-2.0,0.0,228.0,130.0,54.0,38.0,0.0
2026-08-08_164148_938417_1_R7_TEST6,TEST6,7,idle,1.625,9,1.612455906384844,1.612455906384844,1030.0,0.18324141611812844,baseline-51658c86a67b4547bb12c9bc8fb3efd3,-2.0,0.0,228.0,130.0,54.0,38.0,0.0
2026-08-08_164148_938417_1_R7_TEST6,TEST6,7,idle,1.875,25,1.9239347620748388,1.9239347620748388,746.0,0.13271659847002312,baseline-51658c86a67b4547bb12c9bc8fb3efd3,-2.0,0.0,228.0,130.0,54.0,38.0,0.0
2026-08-08_164148_938417_1_R7_TEST6,TEST6,7,idle,2.125,31,2.167578668805772,2.167578668805772,970.0,0.17256715886852872,baseline-51658c86a67b4547bb12c9bc8fb3efd3,-2.0,0.0,228.0,130.0,54.0,38.0,0.0
2026-08-08_164148_938417_1_R7_TEST6,TEST6,7,idle,2.375,20,2.339245596096016,2.339245596096016,623.5,0.11092332325209037,baseline-51658c86a67b4547bb12c9bc8fb3efd3,-2.0,0.0,228.0,130.0,54.0,38.0,0.0
2026-08-08_164148_938417_1_R7_TEST6,TEST6,7,idle,2.625,23,2.650102126404516,2.650102126404516,972.0,0.1729229674435154,baseline-51658c86a67b4547bb12c9bc8fb3efd3,-2.0,0.0,228.0,130.0,54.0,38.0,0.0
2026-08-08_164148_938417_1_R7_TEST6,TEST6,7,idle,2.875,16,2.8605877164678635,2.8605877164678635,1316.5,0.2342109944849671,baseline-51658c86a67b4547bb12c9bc8fb3efd3,-2.0,0.0,228.0,130.0,54.0,38.0,0.0
2026-08-08_164148_938417_1_R7_TEST6,TEST6,7,idle,3.125,22,3.0986527055080764,3.0986527055080764,432.5,0.07694360434086461,baseline-51658c86a67b4547bb12c9bc8fb3efd3,-2.0,0.0,228.0,130.0,54.0,38.0,0.0
2026-08-08_164148_938417_1_R7_TEST6,TEST6,7,idle,3.375,24,3.3359776866764763,3.3359776866764763,1841.0,0.3275217932752179,baseline-51658c86a67b4547bb12c9bc8fb3efd3,-2.0,0.0,228.0,130.0,54.0,38.0,0.0
2026-08-08_164148_938417_1_R7_TEST6,TEST6,7,idle,3.625,20,3.609210835019981,3.609210835019981,1606.0,0.2857142857142857,baseline-51658c86a67b4547bb12c9bc8fb3efd3,-2.0,0.0,228.0,130.0,54.0,38.0,0.0
2026-08-08_164148_938417_1_R7_TEST6,TEST6,7,idle,3.875,18,3.8400837726727177,3.8400837726727177,2098.0,0.37324319516100335,baseline-51658c86a67b4547bb12c9bc8fb3efd3,-2.0,0.0,228.0,130.0,54.0,38.0,0.0
2026-08-08_164148_938417_1_R7_TEST6,TEST6,7,idle,4.125,17,4.095229562421537,4.095229562421537,1255.0,0.22326988080412738,baseline-51658c86a67b4547bb12c9bc8fb3efd3,-2.0,0.0,228.0,130.0,54.0,38.0,0.0
2026-08-08_164148_938417_1_R7_TEST6,TEST6,7,idle,4.375,8,4.331678437392776,4.331678437392776,0.0,0.0,baseline-51658c86a67b4547bb12c9bc8fb3efd3,-2.0,0.0,228.0,130.0,54.0,38.0,0.0
2026-08-08_164148_938417_1_R7_TEST6,TEST6,7,idle,4.625,10,4.558514397932449,4.558514397932449,108.5,0.019302615193026153,baseline-51658c86a67b4547bb12c9bc8fb3efd3,-2.0,0.0,228.0,130.0,54.0,38.0,0.0
2026-08-08_164148_938417_1_R7_TEST6,TEST6,7,idle,4.875,16,4.88200898078728,4.88200898078728,1793.0,0.31898238747553814,baseline-51658c86a67b4547bb12c9bc8fb3efd3,-2.0,0.0,228.0,130.0,54.0,38.0,0.0
2026-08-08_164148_938417_1_R7_TEST6,TEST6,7,idle,5.125,16,5.159025036573649,5.159025036573649,674.5,0.11999644191425013,baseline-51658c86a67b4547bb12c9bc8fb3efd3,-2.0,0.0,228.0,130.0,54.0,38.0,0.0
2026-08-08_164148_938417_1_R7_TEST6,TEST6,7,idle,5.375,10,5.3815388014328605,5.3815388014328605,1637.5,0.29131827077032557,baseline-51658c86a67b4547bb12c9bc8fb3efd3,-2.0,0.0,228.0,130.0,54.0,38.0,0.0
2026-08-08_164148_938417_1_R7_TEST6,TEST6,7,idle,5.625,4,5.63126455311989,5.63126455311989,155.0,0.02757516456146593,baseline-51658c86a67b4547bb12c9bc8fb3efd3,-2.0,0.0,228.0,130.0,54.0,38.0,0.0
2026-08-08_164148_938417_1_R7_TEST6,TEST6,7,idle,5.875,7,5.895456158131213,5.895456158131213,1488.0,0.26472157979007294,baseline-51658c86a67b4547bb12c9bc8fb3efd3,-2.0,0.0,228.0,130.0,54.0,38.0,0.0
2026-08-08_164148_938417_1_R7_TEST6,TEST6,7,idle,6.125,5,6.126592011460144,6.126592011460144,2524.0,0.44903042163316137,baseline-51658c86a67b4547bb12c9bc8fb3efd3,-2.0,0.0,228.0,130.0,54.0,38.0,0.0
2026-08-08_164148_938417_1_R7_TEST6,TEST6,7,idle,6.375,4,6.338932607943111,6.338932607943111,1711.5,0.3044831880448319,baseline-51658c86a67b4547bb12c9bc8fb3efd3,-2.0,0.0,228.0,130.0,54.0,38.0,0.0
2026-08-08_164148_938417_1_R7_TEST6,TEST6,7,idle,6.625,1,6.532541282166338,6.532541282166338,1976.0,0.3515388720868173,baseline-51658c86a67b4547bb12c9bc8fb3efd3,-2.0,0.0,228.0,130.0,54.0,38.0,0.0
2026-08-08_164148_938417_1_R7_TEST6,TEST6,7,idle,7.125,2,7.132742995644556,7.132742995644556,2033.0,0.36167941647393703,baseline-51658c86a67b4547bb12c9bc8fb3efd3,-2.0,0.0,228.0,130.0,54.0,38.0,0.0
2026-08-08_164148_938417_1_R7_TEST6,TEST6,7,idle,7.375,1,7.454738903766357,7.454738903766357,2215.0,0.3940579967977228,baseline-51658c86a67b4547bb12c9bc8fb3efd3,-2.0,0.0,228.0,130.0,54.0,38.0,0.0
2026-08-08_164148_938417_1_R7_TEST6,TEST6,7,idle,8.375,1,8.296024729023486,8.296024729023486,5372.0,0.9557018324141612,baseline-51658c86a67b4547bb12c9bc8fb3efd3,-2.0,0.0,228.0,130.0,54.0,38.0,0.0
2026-08-08_164148_938417_1_R7_TEST6,TEST6,7,idle,9.375,1,9.497391755263786,9.497391755263786,2248.0,0.39992883828500264,baseline-51658c86a67b4547bb12c9bc8fb3efd3,-2.0,0.0,228.0,130.0,54.0,38.0,0.0
2026-08-08_164447_078602_1_R8_TEST2,TEST2,8,idle,0.125,4,0.03370340779287,0.03370340779287,0.0,0.0,baseline-51658c86a67b4547bb12c9bc8fb3efd3,-2.0,0.0,228.0,130.0,54.0,38.0,0.0
2026-08-08_164447_078602_1_R8_TEST2,TEST2,8,idle,0.625,6,0.615650842425773,0.615650842425773,0.0,0.0,baseline-51658c86a67b4547bb12c9bc8fb3efd3,-2.0,0.0,228.0,130.0,54.0,38.0,0.0
2026-08-08_164447_078602_1_R8_TEST2,TEST2,8,idle,0.875,1,0.9171995112135304,0.9171995112135304,0.0,0.0,baseline-51658c86a67b4547bb12c9bc8fb3efd3,-2.0,0.0,228.0,130.0,54.0,38.0,0.0
2026-08-08_164447_078602_1_R8_TEST2,TEST2,8,idle,1.125,4,1.1107747356084772,1.1107747356084772,264.5,0.046064089167537445,baseline-51658c86a67b4547bb12c9bc8fb3efd3,-2.0,0.0,228.0,130.0,54.0,38.0,0.0
2026-08-08_164447_078602_1_R8_TEST2,TEST2,8,idle,1.375,13,1.387103705645128,1.387103705645128,0.0,0.0,baseline-51658c86a67b4547bb12c9bc8fb3efd3,-2.0,0.0,228.0,130.0,54.0,38.0,0.0
2026-08-08_164447_078602_1_R8_TEST2,TEST2,8,idle,1.625,23,1.6036453393143029,1.6036453393143029,151.0,0.02629745733194009,baseline-51658c86a67b4547bb12c9bc8fb3efd3,-2.0,0.0,228.0,130.0,54.0,38.0,0.0
2026-08-08_164447_078602_1_R8_TEST2,TEST2,8,idle,1.875,19,1.8393927743339349,1.8393927743339349,144.0,0.025078369905956112,baseline-51658c86a67b4547bb12c9bc8fb3efd3,-2.0,0.0,228.0,130.0,54.0,38.0,0.0
2026-08-08_164447_078602_1_R8_TEST2,TEST2,8,idle,2.125,17,2.172806354950803,2.172806354950803,598.0,0.10414489724834552,baseline-51658c86a67b4547bb12c9bc8fb3efd3,-2.0,0.0,228.0,130.0,54.0,38.0,0.0
2026-08-08_164447_078602_1_R8_TEST2,TEST2,8,idle,2.375,38,2.364651623466969,2.364651623466969,369.0,0.06426332288401254,baseline-51658c86a67b4547bb12c9bc8fb3efd3,-2.0,0.0,228.0,130.0,54.0,38.0,0.0
2026-08-08_164447_078602_1_R8_TEST2,TEST2,8,idle,2.625,23,2.6290092343164497,2.6290092343164497,327.0,0.056948798328108674,baseline-51658c86a67b4547bb12c9bc8fb3efd3,-2.0,0.0,228.0,130.0,54.0,38.0,0.0
2026-08-08_164447_078602_1_R8_TEST2,TEST2,8,idle,2.875,13,2.8844771857081897,2.8844771857081897,24.0,0.0041797283176593526,baseline-51658c86a67b4547bb12c9bc8fb3efd3,-2.0,0.0,228.0,130.0,54.0,38.0,0.0
2026-08-08_164447_078602_1_R8_TEST2,TEST2,8,idle,3.125,19,3.104256320392806,3.104256320392806,614.0,0.10693138279345175,baseline-51658c86a67b4547bb12c9bc8fb3efd3,-2.0,0.0,228.0,130.0,54.0,38.0,0.0
2026-08-08_164447_078602_1_R8_TEST2,TEST2,8,idle,3.375,17,3.405234796569578,3.405234796569578,331.0,0.057645419714385235,baseline-51658c86a67b4547bb12c9bc8fb3efd3,-2.0,0.0,228.0,130.0,54.0,38.0,0.0
2026-08-08_164447_078602_1_R8_TEST2,TEST2,8,idle,3.625,19,3.6411419342667695,3.6411419342667695,997.0,0.17363288052943227,baseline-51658c86a67b4547bb12c9bc8fb3efd3,-2.0,0.0,228.0,130.0,54.0,38.0,0.0
2026-08-08_164447_078602_1_R8_TEST2,TEST2,8,idle,3.875,12,3.817129028034641,3.817129028034641,742.0,0.12922326715430166,baseline-51658c86a67b4547bb12c9bc8fb3efd3,-2.0,0.0,228.0,130.0,54.0,38.0,0.0
2026-08-08_164447_078602_1_R8_TEST2,TEST2,8,idle,4.125,8,4.113364275778753,4.113364275778753,50.0,0.008707767328456984,baseline-51658c86a67b4547bb12c9bc8fb3efd3,-2.0,0.0,228.0,130.0,54.0,38.0,0.0
2026-08-08_164447_078602_1_R8_TEST2,TEST2,8,idle,4.375,22,4.403192702726432,4.403192702726432,484.0,0.08429118773946359,baseline-51658c86a67b4547bb12c9bc8fb3efd3,-2.0,0.0,228.0,130.0,54.0,38.0,0.0
2026-08-08_164447_078602_1_R8_TEST2,TEST2,8,idle,4.625,15,4.6203255582681,4.6203255582681,65.0,0.011320097526994078,baseline-51658c86a67b4547bb12c9bc8fb3efd3,-2.0,0.0,228.0,130.0,54.0,38.0,0.0
2026-08-08_164447_078602_1_R8_TEST2,TEST2,8,idle,4.875,17,4.868756767301191,4.868756767301191,920.0,0.1602229188436085,baseline-51658c86a67b4547bb12c9bc8fb3efd3,-2.0,0.0,228.0,130.0,54.0,38.0,0.0
2026-08-08_164447_078602_1_R8_TEST2,TEST2,8,idle,5.125,17,5.092970287751153,5.092970287751153,1108.0,0.19296412399860677,baseline-51658c86a67b4547bb12c9bc8fb3efd3,-2.0,0.0,228.0,130.0,54.0,38.0,0.0
2026-08-08_164447_078602_1_R8_TEST2,TEST2,8,idle,5.375,19,5.311578016374362,5.311578016374362,1491.0,0.25966562173458724,baseline-51658c86a67b4547bb12c9bc8fb3efd3,-2.0,0.0,228.0,130.0,54.0,38.0,0.0
2026-08-08_164447_078602_1_R8_TEST2,TEST2,8,idle,5.625,11,5.535217671052827,5.535217671052827,440.0,0.07662835249042145,baseline-51658c86a67b4547bb12c9bc8fb3efd3,-2.0,0.0,228.0,130.0,54.0,38.0,0.0
2026-08-08_164447_078602_1_R8_TEST2,TEST2,8,idle,5.875,17,5.871870203074991,5.871870203074991,1630.0,0.2838732149076977,baseline-51658c86a67b4547bb12c9bc8fb3efd3,-2.0,0.0,228.0,130.0,54.0,38.0,0.0
2026-08-08_164447_078602_1_R8_TEST2,TEST2,8,idle,6.125,19,6.041460127328821,6.041460127328821,1454.0,0.25322187391152906,baseline-51658c86a67b4547bb12c9bc8fb3efd3,-2.0,0.0,228.0,130.0,54.0,38.0,0.0
2026-08-08_164447_078602_1_R8_TEST2,TEST2,8,idle,6.375,13,6.3556318405904895,6.3556318405904895,1128.0,0.19644723092998956,baseline-51658c86a67b4547bb12c9bc8fb3efd3,-2.0,0.0,228.0,130.0,54.0,38.0,0.0
2026-08-08_164447_078602_1_R8_TEST2,TEST2,8,idle,6.625,7,6.657176831318826,6.657176831318826,1079.0,0.1879136189481017,baseline-51658c86a67b4547bb12c9bc8fb3efd3,-2.0,0.0,228.0,130.0,54.0,38.0,0.0
2026-08-08_164447_078602_1_R8_TEST2,TEST2,8,idle,6.875,7,6.831382330572456,6.831382330572456,274.0,0.04771856495994427,baseline-51658c86a67b4547bb12c9bc8fb3efd3,-2.0,0.0,228.0,130.0,54.0,38.0,0.0
2026-08-08_164447_078602_1_R8_TEST2,TEST2,8,idle,7.125,7,7.078954123508504,7.078954123508504,2589.0,0.4508881922675026,baseline-51658c86a67b4547bb12c9bc8fb3efd3,-2.0,0.0,228.0,130.0,54.0,38.0,0.0
2026-08-08_164447_078602_1_R8_TEST2,TEST2,8,idle,7.375,6,7.328249785319606,7.328249785319606,2767.5,0.48197492163009403,baseline-51658c86a67b4547bb12c9bc8fb3efd3,-2.0,0.0,228.0,130.0,54.0,38.0,0.0
2026-08-08_164447_078602_1_R8_TEST2,TEST2,8,idle,7.625,6,7.5366529995408005,7.5366529995408005,2164.0,0.37687216997561823,baseline-51658c86a67b4547bb12c9bc8fb3efd3,-2.0,0.0,228.0,130.0,54.0,38.0,0.0
2026-08-08_164447_078602_1_R8_TEST2,TEST2,8,idle,7.875,1,7.825747318546186,7.825747318546186,547.0,0.0952629745733194,baseline-51658c86a67b4547bb12c9bc8fb3efd3,-2.0,0.0,228.0,130.0,54.0,38.0,0.0
2026-08-08_164447_078602_1_R8_TEST2,TEST2,8,idle,8.125,4,8.081306741001814,8.081306741001814,1475.0,0.256879136189481,baseline-51658c86a67b4547bb12c9bc8fb3efd3,-2.0,0.0,228.0,130.0,54.0,38.0,0.0
2026-08-08_164447_078602_1_R8_TEST2,TEST2,8,idle,8.375,3,8.296564299810015,8.296564299810015,749.0,0.1304423545802856,baseline-51658c86a67b4547bb12c9bc8fb3efd3,-2.0,0.0,228.0,130.0,54.0,38.0,0.0
2026-08-08_164447_078602_1_R8_TEST2,TEST2,8,idle,8.625,3,8.641886431034353,8.641886431034353,0.0,0.0,baseline-51658c86a67b4547bb12c9bc8fb3efd3,-2.0,0.0,228.0,130.0,54.0,38.0,0.0
2026-08-08_164447_078602_1_R8_TEST2,TEST2,8,idle,8.875,2,8.83474531495959,8.83474531495959,472.5,0.0822884012539185,baseline-51658c86a67b4547bb12c9bc8fb3efd3,-2.0,0.0,228.0,130.0,54.0,38.0,0.0
2026-08-08_164447_078602_1_R8_TEST2,TEST2,8,idle,9.125,1,9.009220448378652,9.009220448378652,323.0,0.05625217694183211,baseline-51658c86a67b4547bb12c9bc8fb3efd3,-2.0,0.0,228.0,130.0,54.0,38.0,0.0
2026-08-08_164447_078602_1_R8_TEST2,TEST2,8,idle,9.375,2,9.369805466837533,9.369805466837533,225.5,0.039272030651340994,baseline-51658c86a67b4547bb12c9bc8fb3efd3,-2.0,0.0,228.0,130.0,54.0,38.0,0.0
2026-08-08_164447_078602_1_R8_TEST2,TEST2,8,idle,9.625,1,9.603607466036276,9.603607466036276,1501.0,0.2614071752002787,baseline-51658c86a67b4547bb12c9bc8fb3efd3,-2.0,0.0,228.0,130.0,54.0,38.0,0.0
2026-08-08_164601_437352_1_R8_TEST3,TEST3,8,idle,0.125,2,0.06055302168800495,0.06055302168800495,0.0,0.0,baseline-51658c86a67b4547bb12c9bc8fb3efd3,-2.0,0.0,228.0,130.0,54.0,38.0,0.0
2026-08-08_164601_437352_1_R8_TEST3,TEST3,8,idle,0.375,1,0.2618510027242974,0.2618510027242974,0.0,0.0,baseline-51658c86a67b4547bb12c9bc8fb3efd3,-2.0,0.0,228.0,130.0,54.0,38.0,0.0
2026-08-08_164601_437352_1_R8_TEST3,TEST3,8,idle,0.625,4,0.5556773115181814,0.5556773115181814,0.0,0.0,baseline-51658c86a67b4547bb12c9bc8fb3efd3,-2.0,0.0,228.0,130.0,54.0,38.0,0.0
2026-08-08_164601_437352_1_R8_TEST3,TEST3,8,idle,0.875,5,0.9568841171657816,0.9568841171657816,0.0,0.0,baseline-51658c86a67b4547bb12c9bc8fb3efd3,-2.0,0.0,228.0,130.0,54.0,38.0,0.0
2026-08-08_164601_437352_1_R8_TEST3,TEST3,8,idle,1.125,6,1.0675222579467611,1.0675222579467611,0.0,0.0,baseline-51658c86a67b4547bb12c9bc8fb3efd3,-2.0,0.0,228.0,130.0,54.0,38.0,0.0
2026-08-08_164601_437352_1_R8_TEST3,TEST3,8,idle,1.375,1,1.440098561442413,1.440098561442413,0.0,0.0,baseline-51658c86a67b4547bb12c9bc8fb3efd3,-2.0,0.0,228.0,130.0,54.0,38.0,0.0
2026-08-08_164601_437352_1_R8_TEST3,TEST3,8,idle,1.625,2,1.6331532592761935,1.6331532592761935,0.0,0.0,baseline-51658c86a67b4547bb12c9bc8fb3efd3,-2.0,0.0,228.0,130.0,54.0,38.0,0.0
2026-08-08_164601_437352_1_R8_TEST3,TEST3,8,idle,1.875,6,1.892483684076637,1.892483684076637,729.0,0.12695924764890282,baseline-51658c86a67b4547bb12c9bc8fb3efd3,-2.0,0.0,228.0,130.0,54.0,38.0,0.0
2026-08-08_164601_437352_1_R8_TEST3,TEST3,8,idle,2.125,5,2.05030111321083,2.05030111321083,1580.0,0.27516544757924066,baseline-51658c86a67b4547bb12c9bc8fb3efd3,-2.0,0.0,228.0,130.0,54.0,38.0,0.0
2026-08-08_164601_437352_1_R8_TEST3,TEST3,8,idle,2.375,10,2.304536157753233,2.304536157753233,1187.0,0.20672239637756878,baseline-51658c86a67b4547bb12c9bc8fb3efd3,-2.0,0.0,228.0,130.0,54.0,38.0,0.0
2026-08-08_164601_437352_1_R8_TEST3,TEST3,8,idle,2.625,16,2.6248739656092135,2.6248739656092135,1542.0,0.26854754440961337,baseline-51658c86a67b4547bb12c9bc8fb3efd3,-2.0,0.0,228.0,130.0,54.0,38.0,0.0
2026-08-08_164601_437352_1_R8_TEST3,TEST3,8,idle,2.875,10,2.8596304910377204,2.8596304910377204,1380.0,0.24033437826541276,baseline-51658c86a67b4547bb12c9bc8fb3efd3,-2.0,0.0,228.0,130.0,54.0,38.0,0.0
2026-08-08_164601_437352_1_R8_TEST3,TEST3,8,idle,3.125,16,3.1838131335853435,3.1838131335853435,1846.5,0.3215778474399164,baseline-51658c86a67b4547bb12c9bc8fb3efd3,-2.0,0.0,228.0,130.0,54.0,38.0,0.0
2026-08-08_164601_437352_1_R8_TEST3,TEST3,8,idle,3.375,21,3.391218662775441,3.391218662775441,1351.0,0.2352838732149077,baseline-51658c86a67b4547bb12c9bc8fb3efd3,-2.0,0.0,228.0,130.0,54.0,38.0,0.0
2026-08-08_164601_437352_1_R8_TEST3,TEST3,8,idle,3.625,17,3.6851816224359673,3.6851816224359673,1020.0,0.17763845350052246,baseline-51658c86a67b4547bb12c9bc8fb3efd3,-2.0,0.0,228.0,130.0,54.0,38.0,0.0
2026-08-08_164601_437352_1_R8_TEST3,TEST3,8,idle,3.875,21,3.888678183115164,3.888678183115164,1007.0,0.17537443399512365,baseline-51658c86a67b4547bb12c9bc8fb3efd3,-2.0,0.0,228.0,130.0,54.0,38.0,0.0
2026-08-08_164601_437352_1_R8_TEST3,TEST3,8,idle,4.125,12,4.085989300761311,4.085989300761311,2049.0,0.3568443051201672,baseline-51658c86a67b4547bb12c9bc8fb3efd3,-2.0,0.0,228.0,130.0,54.0,38.0,0.0
2026-08-08_164601_437352_1_R8_TEST3,TEST3,8,idle,4.375,15,4.388292320410432,4.388292320410432,629.0,0.10954371299198885,baseline-51658c86a67b4547bb12c9bc8fb3efd3,-2.0,0.0,228.0,130.0,54.0,38.0,0.0
2026-08-08_164601_437352_1_R8_TEST3,TEST3,8,idle,4.625,10,4.629406832251665,4.629406832251665,1119.5,0.19496691048415188,baseline-51658c86a67b4547bb12c9bc8fb3efd3,-2.0,0.0,228.0,130.0,54.0,38.0,0.0
2026-08-08_164601_437352_1_R8_TEST3,TEST3,8,idle,4.875,6,4.8547810883206814,4.8547810883206814,3049.5,0.5310867293625914,baseline-51658c86a67b4547bb12c9bc8fb3efd3,-2.0,0.0,228.0,130.0,54.0,38.0,0.0
2026-08-08_164601_437352_1_R8_TEST3,TEST3,8,idle,5.125,10,5.117900401611141,5.117900401611141,3343.0,0.5822013235806339,baseline-51658c86a67b4547bb12c9bc8fb3efd3,-2.0,0.0,228.0,130.0,54.0,38.0,0.0
2026-08-08_164601_437352_1_R8_TEST3,TEST3,8,idle,5.375,9,5.356812755162112,5.356812755162112,2712.0,0.4723092998955068,baseline-51658c86a67b4547bb12c9bc8fb3efd3,-2.0,0.0,228.0,130.0,54.0,38.0,0.0
2026-08-08_164601_437352_1_R8_TEST3,TEST3,8,idle,5.625,10,5.621363545310236,5.621363545310236,3290.5,0.573058167885754,baseline-51658c86a67b4547bb12c9bc8fb3efd3,-2.0,0.0,228.0,130.0,54.0,38.0,0.0
2026-08-08_164601_437352_1_R8_TEST3,TEST3,8,idle,5.875,8,5.885057091032369,5.885057091032369,3116.0,0.5426680599094392,baseline-51658c86a67b4547bb12c9bc8fb3efd3,-2.0,0.0,228.0,130.0,54.0,38.0,0.0
2026-08-08_164601_437352_1_R8_TEST3,TEST3,8,idle,6.125,6,6.109006099259508,6.109006099259508,2954.0,0.5144548937652387,baseline-51658c86a67b4547bb12c9bc8fb3efd3,-2.0,0.0,228.0,130.0,54.0,38.0,0.0
2026-08-08_164601_437352_1_R8_TEST3,TEST3,8,idle,6.375,6,6.311101708205864,6.311101708205864,3584.5,0.6242598397770811,baseline-51658c86a67b4547bb12c9bc8fb3efd3,-2.0,0.0,228.0,130.0,54.0,38.0,0.0
2026-08-08_164601_437352_1_R8_TEST3,TEST3,8,idle,6.625,3,6.540452575608414,6.540452575608414,0.0,0.0,baseline-51658c86a67b4547bb12c9bc8fb3efd3,-2.0,0.0,228.0,130.0,54.0,38.0,0.0
2026-08-08_164601_437352_1_R8_TEST3,TEST3,8,idle,6.875,2,6.801755359763797,6.801755359763797,1743.0,0.30355276907001044,baseline-51658c86a67b4547bb12c9bc8fb3efd3,-2.0,0.0,228.0,130.0,54.0,38.0,0.0
2026-08-08_164601_437352_1_R8_TEST3,TEST3,8,idle,7.125,2,7.216200545214258,7.216200545214258,1155.0,0.20114942528735633,baseline-51658c86a67b4547bb12c9bc8fb3efd3,-2.0,0.0,228.0,130.0,54.0,38.0,0.0
2026-08-08_164601_437352_1_R8_TEST3,TEST3,8,idle,7.375,3,7.420797306091768,7.420797306091768,447.0,0.07784743991640543,baseline-51658c86a67b4547bb12c9bc8fb3efd3,-2.0,0.0,228.0,130.0,54.0,38.0,0.0
2026-08-08_164601_437352_1_R8_TEST3,TEST3,8,idle,7.625,2,7.536231478746657,7.536231478746657,1581.0,0.27533960292580983,baseline-51658c86a67b4547bb12c9bc8fb3efd3,-2.0,0.0,228.0,130.0,54.0,38.0,0.0
2026-08-08_164601_437352_1_R8_TEST3,TEST3,8,idle,8.125,2,8.144850868505031,8.144850868505031,554.0,0.09648206199930337,baseline-51658c86a67b4547bb12c9bc8fb3efd3,-2.0,0.0,228.0,130.0,54.0,38.0,0.0
2026-08-08_164601_437352_1_R8_TEST3,TEST3,8,idle,8.875,1,8.99974401573449,8.99974401573449,3008.0,0.5238592824799722,baseline-51658c86a67b4547bb12c9bc8fb3efd3,-2.0,0.0,228.0,130.0,54.0,38.0,0.0
2026-08-08_164601_437352_1_R8_TEST3,TEST3,8,idle,9.625,1,9.646159334817415,9.646159334817415,1769.0,0.30808080808080807,baseline-51658c86a67b4547bb12c9bc8fb3efd3,-2.0,0.0,228.0,130.0,54.0,38.0,0.0
2026-08-08_164959_888615_1_R8_TEST4,TEST4,8,idle,0.125,3,0.044441127171932,0.044441127171932,36.0,0.006269592476489028,baseline-c342b333520d438d9221602432ae6aa6,-2.0,0.0,228.0,130.0,54.0,255.0,0.0
2026-08-08_164959_888615_1_R8_TEST4,TEST4,8,idle,0.375,1,0.4688745661019765,0.4688745661019765,0.0,0.0,baseline-c342b333520d438d9221602432ae6aa6,-2.0,0.0,228.0,130.0,54.0,255.0,0.0
2026-08-08_164959_888615_1_R8_TEST4,TEST4,8,idle,0.625,1,0.6783723527785408,0.6783723527785408,1447.0,0.2520027864855451,baseline-c342b333520d438d9221602432ae6aa6,-2.0,0.0,228.0,130.0,54.0,255.0,0.0
2026-08-08_164959_888615_1_R8_TEST4,TEST4,8,idle,0.875,6,0.8587487755317667,0.8587487755317667,0.0,0.0,baseline-c342b333520d438d9221602432ae6aa6,-2.0,0.0,228.0,130.0,54.0,255.0,0.0
2026-08-08_164959_888615_1_R8_TEST4,TEST4,8,idle,1.125,10,1.1729676086168408,1.1729676086168408,611.5,0.10649599442702892,baseline-c342b333520d438d9221602432ae6aa6,-2.0,0.0,228.0,130.0,54.0,255.0,0.0
2026-08-08_164959_888615_1_R8_TEST4,TEST4,8,idle,1.375,7,1.327989671341776,1.327989671341776,1460.0,0.2542668059909439,baseline-c342b333520d438d9221602432ae6aa6,-2.0,0.0,228.0,130.0,54.0,255.0,0.0
2026-08-08_164959_888615_1_R8_TEST4,TEST4,8,idle,1.625,16,1.6274986830580818,1.6274986830580818,2444.0,0.42563566701497735,baseline-c342b333520d438d9221602432ae6aa6,-2.0,0.0,228.0,130.0,54.0,255.0,0.0
2026-08-08_164959_888615_1_R8_TEST4,TEST4,8,idle,1.875,24,1.9039069555529382,1.9039069555529382,2257.5,0.3931556948798328,baseline-c342b333520d438d9221602432ae6aa6,-2.0,0.0,228.0,130.0,54.0,255.0,0.0
2026-08-08_164959_888615_1_R8_TEST4,TEST4,8,idle,2.125,27,2.1049393526777638,2.1049393526777638,2005.0,0.349181469871125,baseline-c342b333520d438d9221602432ae6aa6,-2.0,0.0,228.0,130.0,54.0,255.0,0.0
2026-08-08_164959_888615_1_R8_TEST4,TEST4,8,idle,2.375,10,2.4184422777964993,2.4184422777964993,2673.5,0.4656043190525949,baseline-c342b333520d438d9221602432ae6aa6,-2.0,0.0,228.0,130.0,54.0,255.0,0.0
2026-08-08_164959_888615_1_R8_TEST4,TEST4,8,idle,2.625,10,2.549836654032828,2.549836654032828,1958.0,0.34099616858237547,baseline-c342b333520d438d9221602432ae6aa6,-2.0,0.0,228.0,130.0,54.0,255.0,0.0
2026-08-08_164959_888615_1_R8_TEST4,TEST4,8,idle,2.875,12,2.924708352155518,2.924708352155518,1064.5,0.18538836642284917,baseline-c342b333520d438d9221602432ae6aa6,-2.0,0.0,228.0,130.0,54.0,255.0,0.0
2026-08-08_164959_888615_1_R8_TEST4,TEST4,8,idle,3.125,10,3.1129150185945225,3.1129150185945225,1835.5,0.31966213862765586,baseline-c342b333520d438d9221602432ae6aa6,-2.0,0.0,228.0,130.0,54.0,255.0,0.0
2026-08-08_164959_888615_1_R8_TEST4,TEST4,8,idle,3.375,13,3.42279390993209,3.42279390993209,3348.0,0.5830721003134797,baseline-c342b333520d438d9221602432ae6aa6,-2.0,0.0,228.0,130.0,54.0,255.0,0.0
2026-08-08_164959_888615_1_R8_TEST4,TEST4,8,idle,3.625,20,3.5881508102618263,3.5881508102618263,3106.0,0.5409265064437478,baseline-c342b333520d438d9221602432ae6aa6,-2.0,0.0,228.0,130.0,54.0,255.0,0.0
2026-08-08_164959_888615_1_R8_TEST4,TEST4,8,idle,3.875,11,3.827386231226272,3.827386231226272,3931.0,0.6846046673632881,baseline-c342b333520d438d9221602432ae6aa6,-2.0,0.0,228.0,130.0,54.0,255.0,0.0
2026-08-08_164959_888615_1_R8_TEST4,TEST4,8,idle,4.125,12,4.127890004465417,4.127890004465417,3693.0,0.6431556948798328,baseline-c342b333520d438d9221602432ae6aa6,-2.0,0.0,228.0,130.0,54.0,255.0,0.0
2026-08-08_164959_888615_1_R8_TEST4,TEST4,8,idle,4.375,15,4.373129700800792,4.373129700800792,3076.0,0.5357018460466736,baseline-c342b333520d438d9221602432ae6aa6,-2.0,0.0,228.0,130.0,54.0,255.0,0.0
2026-08-08_164959_888615_1_R8_TEST4,TEST4,8,idle,4.625,12,4.587619398853577,4.587619398853577,4446.5,0.7743817485196796,baseline-c342b333520d438d9221602432ae6aa6,-2.0,0.0,228.0,130.0,54.0,255.0,0.0
2026-08-08_164959_888615_1_R8_TEST4,TEST4,8,idle,4.875,8,4.942357291312206,4.942357291312206,688.5,0.11990595611285267,baseline-c342b333520d438d9221602432ae6aa6,-2.0,0.0,228.0,130.0,54.0,255.0,0.0
2026-08-08_164959_888615_1_R8_TEST4,TEST4,8,idle,5.125,6,5.129185704013915,5.129185704013915,5167.0,0.8998606757227448,baseline-c342b333520d438d9221602432ae6aa6,-2.0,0.0,228.0,130.0,54.0,255.0,0.0
2026-08-08_164959_888615_1_R8_TEST4,TEST4,8,idle,5.375,8,5.390942823223433,5.390942823223433,6219.5,1.0831591779867642,baseline-c342b333520d438d9221602432ae6aa6,-2.0,0.0,228.0,130.0,54.0,255.0,0.0
2026-08-08_164959_888615_1_R8_TEST4,TEST4,8,idle,5.625,8,5.578526246933718,5.578526246933718,2574.0,0.4482758620689655,baseline-c342b333520d438d9221602432ae6aa6,-2.0,0.0,228.0,130.0,54.0,255.0,0.0
2026-08-08_164959_888615_1_R8_TEST4,TEST4,8,idle,5.875,4,5.768453601744836,5.768453601744836,1876.5,0.3268025078369906,baseline-c342b333520d438d9221602432ae6aa6,-2.0,0.0,228.0,130.0,54.0,255.0,0.0
2026-08-08_164959_888615_1_R8_TEST4,TEST4,8,idle,6.125,5,6.107303168832421,6.107303168832421,2052.0,0.3573667711598746,baseline-c342b333520d438d9221602432ae6aa6,-2.0,0.0,228.0,130.0,54.0,255.0,0.0
2026-08-08_164959_888615_1_R8_TEST4,TEST4,8,idle,6.375,3,6.457568482508124,6.457568482508124,1124.0,0.19575060954371298,baseline-c342b333520d438d9221602432ae6aa6,-2.0,0.0,228.0,130.0,54.0,255.0,0.0
2026-08-08_164959_888615_1_R8_TEST4,TEST4,8,idle,6.625,3,6.63810125902324,6.63810125902324,5384.0,0.937652385928248,baseline-c342b333520d438d9221602432ae6aa6,-2.0,0.0,228.0,130.0,54.0,255.0,0.0
2026-08-08_164959_888615_1_R8_TEST4,TEST4,8,idle,6.875,1,6.834795709540455,6.834795709540455,5037.0,0.8772204806687566,baseline-c342b333520d438d9221602432ae6aa6,-2.0,0.0,228.0,130.0,54.0,255.0,0.0
2026-08-08_164959_888615_1_R8_TEST4,TEST4,8,idle,7.125,1,7.046553010505327,7.046553010505327,913.0,0.15900383141762453,baseline-c342b333520d438d9221602432ae6aa6,-2.0,0.0,228.0,130.0,54.0,255.0,0.0
2026-08-08_164959_888615_1_R8_TEST4,TEST4,8,idle,7.875,2,7.882628927281178,7.882628927281178,320.0,0.055729710902124696,baseline-c342b333520d438d9221602432ae6aa6,-2.0,0.0,228.0,130.0,54.0,255.0,0.0
2026-08-08_164959_888615_1_R8_TEST4,TEST4,8,idle,8.375,1,8.439538771243843,8.439538771243843,2419.0,0.4212817833507489,baseline-c342b333520d438d9221602432ae6aa6,-2.0,0.0,228.0,130.0,54.0,255.0,0.0
2026-08-08_164959_888615_1_R8_TEST4,TEST4,8,idle,8.875,1,8.892724222808006,8.892724222808006,490.0,0.08533611981887844,baseline-c342b333520d438d9221602432ae6aa6,-2.0,0.0,228.0,130.0,54.0,255.0,0.0
2026-08-08_164959_888615_1_R8_TEST4,TEST4,8,idle,9.125,1,9.018481877616397,9.018481877616397,948.0,0.16509926854754442,baseline-c342b333520d438d9221602432ae6aa6,-2.0,0.0,228.0,130.0,54.0,255.0,0.0
2026-08-08_164959_888615_1_R8_TEST4,TEST4,8,idle,9.875,1,9.816371378244678,9.816371378244678,4729.0,0.8235806339254615,baseline-c342b333520d438d9221602432ae6aa6,-2.0,0.0,228.0,130.0,54.0,255.0,0.0
2026-08-08_164959_888615_1_R8_TEST4,TEST4,8,idle,11.375,1,11.46512976671077,11.46512976671077,0.0,0.0,baseline-c342b333520d438d9221602432ae6aa6,-2.0,0.0,228.0,130.0,54.0,255.0,0.0
2026-08-08_165117_429951_1_R8_TEST5,TEST5,8,idle,0.125,3,0.05402612580293,0.05402612580293,97.0,0.016893068617206547,baseline-c342b333520d438d9221602432ae6aa6,-2.0,0.0,228.0,130.0,54.0,255.0,0.0
2026-08-08_165117_429951_1_R8_TEST5,TEST5,8,idle,0.375,3,0.3506650101070311,0.3506650101070311,0.0,0.0,baseline-c342b333520d438d9221602432ae6aa6,-2.0,0.0,228.0,130.0,54.0,255.0,0.0
2026-08-08_165117_429951_1_R8_TEST5,TEST5,8,idle,0.625,10,0.5819641263016644,0.5819641263016644,405.0,0.07053291536050157,baseline-c342b333520d438d9221602432ae6aa6,-2.0,0.0,228.0,130.0,54.0,255.0,0.0
2026-08-08_165117_429951_1_R8_TEST5,TEST5,8,idle,0.875,6,0.8780806607233658,0.8780806607233658,1475.0,0.256879136189481,baseline-c342b333520d438d9221602432ae6aa6,-2.0,0.0,228.0,130.0,54.0,255.0,0.0
2026-08-08_165117_429951_1_R8_TEST5,TEST5,8,idle,1.125,19,1.100156533901943,1.100156533901943,2118.0,0.36886102403343785,baseline-c342b333520d438d9221602432ae6aa6,-2.0,0.0,228.0,130.0,54.0,255.0,0.0
2026-08-08_165117_429951_1_R8_TEST5,TEST5,8,idle,1.375,9,1.3997821426623234,1.3997821426623234,2649.0,0.461337513061651,baseline-c342b333520d438d9221602432ae6aa6,-2.0,0.0,228.0,130.0,54.0,255.0,0.0
2026-08-08_165117_429951_1_R8_TEST5,TEST5,8,idle,1.625,11,1.6323474677499044,1.6323474677499044,2507.0,0.43660745384883315,baseline-c342b333520d438d9221602432ae6aa6,-2.0,0.0,228.0,130.0,54.0,255.0,0.0
2026-08-08_165117_429951_1_R8_TEST5,TEST5,8,idle,1.875,13,1.9186808072558803,1.9186808072558803,3095.0,0.5390107976314873,baseline-c342b333520d438d9221602432ae6aa6,-2.0,0.0,228.0,130.0,54.0,255.0,0.0
2026-08-08_165117_429951_1_R8_TEST5,TEST5,8,idle,2.125,18,2.1088213046392106,2.1088213046392106,3421.0,0.5957854406130267,baseline-c342b333520d438d9221602432ae6aa6,-2.0,0.0,228.0,130.0,54.0,255.0,0.0
2026-08-08_165117_429951_1_R8_TEST5,TEST5,8,idle,2.375,22,2.367937869503527,2.367937869503527,2940.5,0.5121037965865552,baseline-c342b333520d438d9221602432ae6aa6,-2.0,0.0,228.0,130.0,54.0,255.0,0.0
2026-08-08_165117_429951_1_R8_TEST5,TEST5,8,idle,2.625,12,2.602069516741847,2.602069516741847,3516.5,0.6124172762103797,baseline-c342b333520d438d9221602432ae6aa6,-2.0,0.0,228.0,130.0,54.0,255.0,0.0
2026-08-08_165117_429951_1_R8_TEST5,TEST5,8,idle,2.875,11,2.845165973841518,2.845165973841518,4114.0,0.7164750957854407,baseline-c342b333520d438d9221602432ae6aa6,-2.0,0.0,228.0,130.0,54.0,255.0,0.0
2026-08-08_165117_429951_1_R8_TEST5,TEST5,8,idle,3.125,8,3.125932550573261,3.125932550573261,3528.5,0.6145071403692093,baseline-c342b333520d438d9221602432ae6aa6,-2.0,0.0,228.0,130.0,54.0,255.0,0.0
2026-08-08_165117_429951_1_R8_TEST5,TEST5,8,idle,3.375,3,3.260705300835344,3.260705300835344,1289.0,0.22448624172762105,baseline-c342b333520d438d9221602432ae6aa6,-2.0,0.0,228.0,130.0,54.0,255.0,0.0
2026-08-08_165117_429951_1_R8_TEST5,TEST5,8,idle,3.625,8,3.621935448988153,3.621935448988153,2296.5,0.3999477533960293,baseline-c342b333520d438d9221602432ae6aa6,-2.0,0.0,228.0,130.0,54.0,255.0,0.0
2026-08-08_165117_429951_1_R8_TEST5,TEST5,8,idle,3.875,13,3.890621415558834,3.890621415558834,4503.0,0.7842215256008359,baseline-c342b333520d438d9221602432ae6aa6,-2.0,0.0,228.0,130.0,54.0,255.0,0.0
2026-08-08_165117_429951_1_R8_TEST5,TEST5,8,idle,4.125,9,4.103853633430122,4.103853633430122,5395.0,0.9395680947405085,baseline-c342b333520d438d9221602432ae6aa6,-2.0,0.0,228.0,130.0,54.0,255.0,0.0
2026-08-08_165117_429951_1_R8_TEST5,TEST5,8,idle,4.375,10,4.297929927043162,4.297929927043162,5273.0,0.9183211424590735,baseline-c342b333520d438d9221602432ae6aa6,-2.0,0.0,228.0,130.0,54.0,255.0,0.0
2026-08-08_165117_429951_1_R8_TEST5,TEST5,8,idle,4.625,15,4.662630188493113,4.662630188493113,5701.0,0.9928596307906653,baseline-c342b333520d438d9221602432ae6aa6,-2.0,0.0,228.0,130.0,54.0,255.0,0.0
2026-08-08_165117_429951_1_R8_TEST5,TEST5,8,idle,4.875,12,4.846388088673968,4.846388088673968,5248.0,0.913967258794845,baseline-c342b333520d438d9221602432ae6aa6,-2.0,0.0,228.0,130.0,54.0,255.0,0.0
2026-08-08_165117_429951_1_R8_TEST5,TEST5,8,idle,5.125,11,5.121071664837244,5.121071664837244,7032.0,1.2246603970741903,baseline-c342b333520d438d9221602432ae6aa6,-2.0,0.0,228.0,130.0,54.0,255.0,0.0
2026-08-08_165117_429951_1_R8_TEST5,TEST5,8,idle,5.375,6,5.308074304369471,5.308074304369471,4390.5,0.7646290491118077,baseline-c342b333520d438d9221602432ae6aa6,-2.0,0.0,228.0,130.0,54.0,255.0,0.0
2026-08-08_165117_429951_1_R8_TEST5,TEST5,8,idle,5.625,9,5.618403526359871,5.618403526359871,2470.0,0.430163706025775,baseline-c342b333520d438d9221602432ae6aa6,-2.0,0.0,228.0,130.0,54.0,255.0,0.0
2026-08-08_165117_429951_1_R8_TEST5,TEST5,8,idle,5.875,6,5.934277759084283,5.934277759084283,4944.0,0.8610240334378265,baseline-c342b333520d438d9221602432ae6aa6,-2.0,0.0,228.0,130.0,54.0,255.0,0.0
2026-08-08_165117_429951_1_R8_TEST5,TEST5,8,idle,6.125,4,6.02687359928965,6.02687359928965,5883.5,1.0246429815395333,baseline-c342b333520d438d9221602432ae6aa6,-2.0,0.0,228.0,130.0,54.0,255.0,0.0
2026-08-08_165117_429951_1_R8_TEST5,TEST5,8,idle,6.375,9,6.402108421514109,6.402108421514109,2933.0,0.5107976314872866,baseline-c342b333520d438d9221602432ae6aa6,-2.0,0.0,228.0,130.0,54.0,255.0,0.0
2026-08-08_165117_429951_1_R8_TEST5,TEST5,8,idle,6.625,5,6.553972966761758,6.553972966761758,7182.0,1.250783699059561,baseline-c342b333520d438d9221602432ae6aa6,-2.0,0.0,228.0,130.0,54.0,255.0,0.0
2026-08-08_165117_429951_1_R8_TEST5,TEST5,8,idle,6.875,5,6.823647280975124,6.823647280975124,6285.0,1.0945663531870429,baseline-c342b333520d438d9221602432ae6aa6,-2.0,0.0,228.0,130.0,54.0,255.0,0.0
2026-08-08_165117_429951_1_R8_TEST5,TEST5,8,idle,7.125,2,7.097709608821923,7.097709608821923,5854.0,1.0195053988157436,baseline-c342b333520d438d9221602432ae6aa6,-2.0,0.0,228.0,130.0,54.0,255.0,0.0
2026-08-08_165117_429951_1_R8_TEST5,TEST5,8,idle,7.625,4,7.5681370233731045,7.5681370233731045,3271.0,0.5696621386276559,baseline-c342b333520d438d9221602432ae6aa6,-2.0,0.0,228.0,130.0,54.0,255.0,0.0
2026-08-08_165117_429951_1_R8_TEST5,TEST5,8,idle,7.875,1,7.971613482491752,7.971613482491752,3395.0,0.5912574016022292,baseline-c342b333520d438d9221602432ae6aa6,-2.0,0.0,228.0,130.0,54.0,255.0,0.0
2026-08-08_165117_429951_1_R8_TEST5,TEST5,8,idle,8.125,1,8.196396409904963,8.196396409904963,1893.0,0.3296760710553814,baseline-c342b333520d438d9221602432ae6aa6,-2.0,0.0,228.0,130.0,54.0,255.0,0.0
2026-08-08_165117_429951_1_R8_TEST5,TEST5,8,idle,8.375,2,8.371197602047854,8.371197602047854,3726.0,0.6489028213166144,baseline-c342b333520d438d9221602432ae6aa6,-2.0,0.0,228.0,130.0,54.0,255.0,0.0
2026-08-08_165117_429951_1_R8_TEST5,TEST5,8,idle,8.625,1,8.526301354980811,8.526301354980811,8920.0,1.553465691396726,baseline-c342b333520d438d9221602432ae6aa6,-2.0,0.0,228.0,130.0,54.0,255.0,0.0
2026-08-08_165117_429951_1_R8_TEST5,TEST5,8,idle,8.875,1,8.929428901940515,8.929428901940515,2090.0,0.36398467432950193,baseline-c342b333520d438d9221602432ae6aa6,-2.0,0.0,228.0,130.0,54.0,255.0,0.0
2026-08-08_165117_429951_1_R8_TEST5,TEST5,8,idle,9.125,1,9.010169654903873,9.010169654903873,1317.0,0.22936259143155696,baseline-c342b333520d438d9221602432ae6aa6,-2.0,0.0,228.0,130.0,54.0,255.0,0.0
2026-08-08_165117_429951_1_R8_TEST5,TEST5,8,idle,9.375,1,9.420478359635368,9.420478359635368,3219.0,0.5606060606060606,baseline-c342b333520d438d9221602432ae6aa6,-2.0,0.0,228.0,130.0,54.0,255.0,0.0
2026-08-08_165117_429951_1_R8_TEST5,TEST5,8,idle,10.125,1,10.15289308431581,10.15289308431581,6966.0,1.213166144200627,baseline-c342b333520d438d9221602432ae6aa6,-2.0,0.0,228.0,130.0,54.0,255.0,0.0
2026-08-08_165208_088150_1_R8_TEST6,TEST6,8,idle,0.125,17,0.0013967734243661,0.0013967734243661,8.0,0.0013932427725531174,baseline-c342b333520d438d9221602432ae6aa6,-2.0,0.0,228.0,130.0,54.0,255.0,0.0
2026-08-08_165208_088150_1_R8_TEST6,TEST6,8,idle,0.375,1,0.3599301992037136,0.3599301992037136,275.0,0.04789272030651341,baseline-c342b333520d438d9221602432ae6aa6,-2.0,0.0,228.0,130.0,54.0,255.0,0.0
2026-08-08_165208_088150_1_R8_TEST6,TEST6,8,idle,0.625,1,0.5171544451829566,0.5171544451829566,106.0,0.018460466736328805,baseline-c342b333520d438d9221602432ae6aa6,-2.0,0.0,228.0,130.0,54.0,255.0,0.0
2026-08-08_165208_088150_1_R8_TEST6,TEST6,8,idle,1.125,1,1.1495753186883009,1.1495753186883009,3494.0,0.608498780912574,baseline-c342b333520d438d9221602432ae6aa6,-2.0,0.0,228.0,130.0,54.0,255.0,0.0
2026-08-08_165208_088150_1_R8_TEST6,TEST6,8,idle,1.375,1,1.281671745388734,1.281671745388734,314.0,0.054684778822709855,baseline-c342b333520d438d9221602432ae6aa6,-2.0,0.0,228.0,130.0,54.0,255.0,0.0
2026-08-08_165208_088150_1_R8_TEST6,TEST6,8,idle,1.625,5,1.6319832588106975,1.6319832588106975,1602.0,0.27899686520376177,baseline-c342b333520d438d9221602432ae6aa6,-2.0,0.0,228.0,130.0,54.0,255.0,0.0
2026-08-08_165208_088150_1_R8_TEST6,TEST6,8,idle,1.875,3,1.8264616388526351,1.8264616388526351,1483.0,0.25827237896203414,baseline-c342b333520d438d9221602432ae6aa6,-2.0,0.0,228.0,130.0,54.0,255.0,0.0
2026-08-08_165208_088150_1_R8_TEST6,TEST6,8,idle,2.125,8,2.0785269850886214,2.0785269850886214,3106.0,0.5409265064437478,baseline-c342b333520d438d9221602432ae6aa6,-2.0,0.0,228.0,130.0,54.0,255.0,0.0
2026-08-08_165208_088150_1_R8_TEST6,TEST6,8,idle,2.375,6,2.383413974862991,2.383413974862991,3036.0,0.5287356321839081,baseline-c342b333520d438d9221602432ae6aa6,-2.0,0.0,228.0,130.0,54.0,255.0,0.0
2026-08-08_165208_088150_1_R8_TEST6,TEST6,8,idle,2.625,12,2.6758265733160123,2.6758265733160123,3563.0,0.6205154998258446,baseline-c342b333520d438d9221602432ae6aa6,-2.0,0.0,228.0,130.0,54.0,255.0,0.0
2026-08-08_165208_088150_1_R8_TEST6,TEST6,8,idle,2.875,17,2.894092290525251,2.894092290525251,3324.0,0.5788923719958202,baseline-c342b333520d438d9221602432ae6aa6,-2.0,0.0,228.0,130.0,54.0,255.0,0.0
2026-08-08_165208_088150_1_R8_TEST6,TEST6,8,idle,3.125,20,3.154583435994059,3.154583435994059,3774.0,0.657262277951933,baseline-c342b333520d438d9221602432ae6aa6,-2.0,0.0,228.0,130.0,54.0,255.0,0.0
2026-08-08_165208_088150_1_R8_TEST6,TEST6,8,idle,3.375,15,3.360435818131088,3.360435818131088,3831.0,0.667189132706374,baseline-c342b333520d438d9221602432ae6aa6,-2.0,0.0,228.0,130.0,54.0,255.0,0.0
2026-08-08_165208_088150_1_R8_TEST6,TEST6,8,idle,3.625,23,3.604951131456544,3.604951131456544,3573.0,0.622257053291536,baseline-c342b333520d438d9221602432ae6aa6,-2.0,0.0,228.0,130.0,54.0,255.0,0.0
2026-08-08_165208_088150_1_R8_TEST6,TEST6,8,idle,3.875,11,3.8576734722188535,3.8576734722188535,5084.0,0.8854057819575061,baseline-c342b333520d438d9221602432ae6aa6,-2.0,0.0,228.0,130.0,54.0,255.0,0.0
2026-08-08_165208_088150_1_R8_TEST6,TEST6,8,idle,4.125,11,4.089553484360722,4.089553484360722,3853.0,0.6710205503308951,baseline-c342b333520d438d9221602432ae6aa6,-2.0,0.0,228.0,130.0,54.0,255.0,0.0
2026-08-08_165208_088150_1_R8_TEST6,TEST6,8,idle,4.375,15,4.38788233116526,4.38788233116526,4154.0,0.7234413096482062,baseline-c342b333520d438d9221602432ae6aa6,-2.0,0.0,228.0,130.0,54.0,255.0,0.0
2026-08-08_165208_088150_1_R8_TEST6,TEST6,8,idle,4.625,18,4.59351646546512,4.59351646546512,5212.5,0.9077847439916406,baseline-c342b333520d438d9221602432ae6aa6,-2.0,0.0,228.0,130.0,54.0,255.0,0.0
2026-08-08_165208_088150_1_R8_TEST6,TEST6,8,idle,4.875,17,4.901710279775737,4.901710279775737,5417.0,0.9433995123650296,baseline-c342b333520d438d9221602432ae6aa6,-2.0,0.0,228.0,130.0,54.0,255.0,0.0
2026-08-08_165208_088150_1_R8_TEST6,TEST6,8,idle,5.125,9,5.107039778633174,5.107039778633174,6014.0,1.047370254266806,baseline-c342b333520d438d9221602432ae6aa6,-2.0,0.0,228.0,130.0,54.0,255.0,0.0
2026-08-08_165208_088150_1_R8_TEST6,TEST6,8,idle,5.375,12,5.4043451708678365,5.4043451708678365,4450.0,0.7749912922326716,baseline-c342b333520d438d9221602432ae6aa6,-2.0,0.0,228.0,130.0,54.0,255.0,0.0
2026-08-08_165208_088150_1_R8_TEST6,TEST6,8,idle,5.625,9,5.631521572811092,5.631521572811092,3727.0,0.6490769766631835,baseline-c342b333520d438d9221602432ae6aa6,-2.0,0.0,228.0,130.0,54.0,255.0,0.0
2026-08-08_165208_088150_1_R8_TEST6,TEST6,8,idle,5.875,5,5.947946748152796,5.947946748152796,4856.0,0.8456983629397422,baseline-c342b333520d438d9221602432ae6aa6,-2.0,0.0,228.0,130.0,54.0,255.0,0.0
2026-08-08_165208_088150_1_R8_TEST6,TEST6,8,idle,6.125,3,6.15214483767917,6.15214483767917,2760.0,0.48066875653082547,baseline-c342b333520d438d9221602432ae6aa6,-2.0,0.0,228.0,130.0,54.0,255.0,0.0
2026-08-08_165208_088150_1_R8_TEST6,TEST6,8,idle,6.375,7,6.383578013538395,6.383578013538395,4073.0,0.7093347265761059,baseline-c342b333520d438d9221602432ae6aa6,-2.0,0.0,228.0,130.0,54.0,255.0,0.0
2026-08-08_165208_088150_1_R8_TEST6,TEST6,8,idle,6.625,5,6.5829579756729,6.5829579756729,6443.0,1.1220828979449669,baseline-c342b333520d438d9221602432ae6aa6,-2.0,0.0,228.0,130.0,54.0,255.0,0.0
2026-08-08_165208_088150_1_R8_TEST6,TEST6,8,idle,7.125,1,7.163263689488961,7.163263689488961,4572.0,0.7962382445141066,baseline-c342b333520d438d9221602432ae6aa6,-2.0,0.0,228.0,130.0,54.0,255.0,0.0
2026-08-08_165208_088150_1_R8_TEST6,TEST6,8,idle,7.375,1,7.38219710828926,7.38219710828926,2462.0,0.4287704632532219,baseline-c342b333520d438d9221602432ae6aa6,-2.0,0.0,228.0,130.0,54.0,255.0,0.0
2026-08-08_165208_088150_1_R8_TEST6,TEST6,8,idle,7.625,2,7.570518277442499,7.570518277442499,5344.0,0.9306861720654824,baseline-c342b333520d438d9221602432ae6aa6,-2.0,0.0,228.0,130.0,54.0,255.0,0.0
2026-08-08_165304_567552_1_R9_TEST2,TEST2,9,idle,0.125,3,0.0879979895836894,0.0879979895836894,0.0,0.0,baseline-c342b333520d438d9221602432ae6aa6,-2.0,0.0,228.0,130.0,54.0,255.0,0.0
2026-08-08_165304_567552_1_R9_TEST2,TEST2,9,idle,0.375,1,0.3522700068014999,0.3522700068014999,204.0,0.04343197785820737,baseline-c342b333520d438d9221602432ae6aa6,-2.0,0.0,228.0,130.0,54.0,255.0,0.0
2026-08-08_165304_567552_1_R9_TEST2,TEST2,9,idle,0.625,1,0.6015256423136888,0.6015256423136888,0.0,0.0,baseline-c342b333520d438d9221602432ae6aa6,-2.0,0.0,228.0,130.0,54.0,255.0,0.0
2026-08-08_165304_567552_1_R9_TEST2,TEST2,9,idle,1.375,7,1.4359147638446077,1.4359147638446077,1528.0,0.325314030232063,baseline-c342b333520d438d9221602432ae6aa6,-2.0,0.0,228.0,130.0,54.0,255.0,0.0
2026-08-08_165304_567552_1_R9_TEST2,TEST2,9,idle,1.625,2,1.6137553411183434,1.6137553411183434,1125.0,0.23951458377687884,baseline-c342b333520d438d9221602432ae6aa6,-2.0,0.0,228.0,130.0,54.0,255.0,0.0
2026-08-08_165304_567552_1_R9_TEST2,TEST2,9,idle,1.875,9,1.875884360185756,1.875884360185756,2216.0,0.4717905045773898,baseline-c342b333520d438d9221602432ae6aa6,-2.0,0.0,228.0,130.0,54.0,255.0,0.0
2026-08-08_165304_567552_1_R9_TEST2,TEST2,9,idle,2.125,9,2.087804326439815,2.087804326439815,1637.0,0.3485203321268895,baseline-c342b333520d438d9221602432ae6aa6,-2.0,0.0,228.0,130.0,54.0,255.0,0.0
2026-08-08_165304_567552_1_R9_TEST2,TEST2,9,idle,2.375,13,2.3505928241510867,2.3505928241510867,1815.0,0.3864168618266979,baseline-c342b333520d438d9221602432ae6aa6,-2.0,0.0,228.0,130.0,54.0,255.0,0.0
2026-08-08_165304_567552_1_R9_TEST2,TEST2,9,idle,2.625,19,2.6303213425381338,2.6303213425381338,1497.0,0.31871407281243347,baseline-c342b333520d438d9221602432ae6aa6,-2.0,0.0,228.0,130.0,54.0,255.0,0.0
2026-08-08_165304_567552_1_R9_TEST2,TEST2,9,idle,2.875,14,2.890726245893049,2.890726245893049,1622.5,0.34543325526932084,baseline-c342b333520d438d9221602432ae6aa6,-2.0,0.0,228.0,130.0,54.0,255.0,0.0
2026-08-08_165304_567552_1_R9_TEST2,TEST2,9,idle,3.125,19,3.176203586271742,3.176203586271742,2258.0,0.4807323823717266,baseline-c342b333520d438d9221602432ae6aa6,-2.0,0.0,228.0,130.0,54.0,255.0,0.0
2026-08-08_165304_567552_1_R9_TEST2,TEST2,9,idle,3.375,13,3.397066600427918,3.397066600427918,1197.0,0.2548435171385991,baseline-c342b333520d438d9221602432ae6aa6,-2.0,0.0,228.0,130.0,54.0,255.0,0.0
2026-08-08_165304_567552_1_R9_TEST2,TEST2,9,idle,3.625,11,3.623885371502874,3.623885371502874,2469.0,0.5256546731956568,baseline-c342b333520d438d9221602432ae6aa6,-2.0,0.0,228.0,130.0,54.0,255.0,0.0
2026-08-08_165304_567552_1_R9_TEST2,TEST2,9,idle,3.875,13,3.827160941660513,3.827160941660513,1597.0,0.3400042580370449,baseline-c342b333520d438d9221602432ae6aa6,-2.0,0.0,228.0,130.0,54.0,255.0,0.0
2026-08-08_165304_567552_1_R9_TEST2,TEST2,9,idle,4.125,19,4.11004782206527,4.11004782206527,920.0,0.19586970406642537,baseline-c342b333520d438d9221602432ae6aa6,-2.0,0.0,228.0,130.0,54.0,255.0,0.0
2026-08-08_165304_567552_1_R9_TEST2,TEST2,9,idle,4.375,16,4.414395808038051,4.414395808038051,4406.0,0.9380455609963807,baseline-c342b333520d438d9221602432ae6aa6,-2.0,0.0,228.0,130.0,54.0,255.0,0.0
2026-08-08_165304_567552_1_R9_TEST2,TEST2,9,idle,4.625,15,4.623159609574014,4.623159609574014,2491.0,0.5303385139450714,baseline-c342b333520d438d9221602432ae6aa6,-2.0,0.0,228.0,130.0,54.0,255.0,0.0
2026-08-08_165304_567552_1_R9_TEST2,TEST2,9,idle,4.875,15,4.852676022946309,4.852676022946309,1992.0,0.4241004896742602,baseline-c342b333520d438d9221602432ae6aa6,-2.0,0.0,228.0,130.0,54.0,255.0,0.0
2026-08-08_165304_567552_1_R9_TEST2,TEST2,9,idle,5.125,10,5.115782174984366,5.115782174984366,3568.0,0.7596338088141367,baseline-c342b333520d438d9221602432ae6aa6,-2.0,0.0,228.0,130.0,54.0,255.0,0.0
2026-08-08_165304_567552_1_R9_TEST2,TEST2,9,idle,5.375,14,5.3611722577869365,5.3611722577869365,1893.0,0.4030232063018948,baseline-c342b333520d438d9221602432ae6aa6,-2.0,0.0,228.0,130.0,54.0,255.0,0.0
2026-08-08_165304_567552_1_R9_TEST2,TEST2,9,idle,5.625,8,5.578628847764808,5.578628847764808,3043.5,0.6479667873110496,baseline-c342b333520d438d9221602432ae6aa6,-2.0,0.0,228.0,130.0,54.0,255.0,0.0
2026-08-08_165304_567552_1_R9_TEST2,TEST2,9,idle,5.875,12,5.82279812344577,5.82279812344577,3063.5,0.6522248243559718,baseline-c342b333520d438d9221602432ae6aa6,-2.0,0.0,228.0,130.0,54.0,255.0,0.0
2026-08-08_165304_567552_1_R9_TEST2,TEST2,9,idle,6.125,6,6.1545342572293595,6.1545342572293595,4535.0,0.9655098999361295,baseline-c342b333520d438d9221602432ae6aa6,-2.0,0.0,228.0,130.0,54.0,255.0,0.0
2026-08-08_165304_567552_1_R9_TEST2,TEST2,9,idle,6.375,8,6.303597190529056,6.303597190529056,2156.0,0.4590163934426229,baseline-c342b333520d438d9221602432ae6aa6,-2.0,0.0,228.0,130.0,54.0,255.0,0.0
2026-08-08_165304_567552_1_R9_TEST2,TEST2,9,idle,6.625,3,6.550902085925699,6.550902085925699,3817.0,0.8126463700234192,baseline-c342b333520d438d9221602432ae6aa6,-2.0,0.0,228.0,130.0,54.0,255.0,0.0
2026-08-08_165304_567552_1_R9_TEST2,TEST2,9,idle,6.875,3,6.809962082603075,6.809962082603075,2912.0,0.6199701937406855,baseline-c342b333520d438d9221602432ae6aa6,-2.0,0.0,228.0,130.0,54.0,255.0,0.0
2026-08-08_165304_567552_1_R9_TEST2,TEST2,9,idle,7.125,2,7.123615961889698,7.123615961889698,72.5,0.015435384287843305,baseline-c342b333520d438d9221602432ae6aa6,-2.0,0.0,228.0,130.0,54.0,255.0,0.0
2026-08-08_165304_567552_1_R9_TEST2,TEST2,9,idle,7.375,1,7.430825103036382,7.430825103036382,3745.0,0.797317436661699,baseline-c342b333520d438d9221602432ae6aa6,-2.0,0.0,228.0,130.0,54.0,255.0,0.0
2026-08-08_165304_567552_1_R9_TEST2,TEST2,9,idle,7.625,2,7.6722122077376085,7.6722122077376085,1585.5,0.3375558867362146,baseline-c342b333520d438d9221602432ae6aa6,-2.0,0.0,228.0,130.0,54.0,255.0,0.0
2026-08-08_165304_567552_1_R9_TEST2,TEST2,9,idle,7.875,2,7.813873456270808,7.813873456270808,4534.5,0.9654034490100063,baseline-c342b333520d438d9221602432ae6aa6,-2.0,0.0,228.0,130.0,54.0,255.0,0.0
2026-08-08_165304_567552_1_R9_TEST2,TEST2,9,idle,8.625,2,8.644461001748875,8.644461001748875,2793.0,0.5946348733233979,baseline-c342b333520d438d9221602432ae6aa6,-2.0,0.0,228.0,130.0,54.0,255.0,0.0
2026-08-08_165304_567552_1_R9_TEST2,TEST2,9,idle,8.875,2,8.896097542335418,8.896097542335418,1857.5,0.3954651905471578,baseline-c342b333520d438d9221602432ae6aa6,-2.0,0.0,228.0,130.0,54.0,255.0,0.0
2026-08-08_165304_567552_1_R9_TEST2,TEST2,9,idle,9.375,1,9.37639376425627,9.37639376425627,68.0,0.014477325952735789,baseline-c342b333520d438d9221602432ae6aa6,-2.0,0.0,228.0,130.0,54.0,255.0,0.0
2026-08-08_165304_567552_1_R9_TEST2,TEST2,9,idle,10.125,1,10.0524855934329,10.0524855934329,293.0,0.06238024270811156,baseline-c342b333520d438d9221602432ae6aa6,-2.0,0.0,228.0,130.0,54.0,255.0,0.0
2026-08-08_165433_326903_1_R9_TEST3,TEST3,9,idle,0.125,3,0.2054729959640333,0.2054729959640333,218.0,0.04641260378965297,baseline-c342b333520d438d9221602432ae6aa6,-2.0,0.0,228.0,130.0,54.0,255.0,0.0
2026-08-08_165433_326903_1_R9_TEST3,TEST3,9,idle,0.375,5,0.367541807099249,0.367541807099249,90.0,0.01916116670215031,baseline-c342b333520d438d9221602432ae6aa6,-2.0,0.0,228.0,130.0,54.0,255.0,0.0
2026-08-08_165433_326903_1_R9_TEST3,TEST3,9,idle,0.625,5,0.6452527962248477,0.6452527962248477,72.0,0.015328933361720247,baseline-c342b333520d438d9221602432ae6aa6,-2.0,0.0,228.0,130.0,54.0,255.0,0.0
2026-08-08_165433_326903_1_R9_TEST3,TEST3,9,idle,0.875,6,0.9067567556359664,0.9067567556359664,274.5,0.05844155844155844,baseline-c342b333520d438d9221602432ae6aa6,-2.0,0.0,228.0,130.0,54.0,255.0,0.0
2026-08-08_165433_326903_1_R9_TEST3,TEST3,9,idle,1.125,2,1.171364625332782,1.171364625332782,1303.5,0.2775175644028103,baseline-c342b333520d438d9221602432ae6aa6,-2.0,0.0,228.0,130.0,54.0,255.0,0.0
2026-08-08_165433_326903_1_R9_TEST3,TEST3,9,idle,1.375,2,1.3896304673952966,1.3896304673952966,902.0,0.1920374707259953,baseline-c342b333520d438d9221602432ae6aa6,-2.0,0.0,228.0,130.0,54.0,255.0,0.0
2026-08-08_165433_326903_1_R9_TEST3,TEST3,9,idle,1.625,8,1.6780216453922816,1.6780216453922816,1829.0,0.38939748775814353,baseline-c342b333520d438d9221602432ae6aa6,-2.0,0.0,228.0,130.0,54.0,255.0,0.0
2026-08-08_165433_326903_1_R9_TEST3,TEST3,9,idle,1.875,5,1.8994778868607487,1.8994778868607487,1238.0,0.2635724930806898,baseline-c342b333520d438d9221602432ae6aa6,-2.0,0.0,228.0,130.0,54.0,255.0,0.0
2026-08-08_165433_326903_1_R9_TEST3,TEST3,9,idle,2.125,13,2.1744640358763,2.1744640358763,1886.0,0.40153289333617204,baseline-c342b333520d438d9221602432ae6aa6,-2.0,0.0,228.0,130.0,54.0,255.0,0.0
2026-08-08_165433_326903_1_R9_TEST3,TEST3,9,idle,2.375,14,2.3740686606728936,2.3740686606728936,1464.0,0.3116883116883117,baseline-c342b333520d438d9221602432ae6aa6,-2.0,0.0,228.0,130.0,54.0,255.0,0.0
2026-08-08_165433_326903_1_R9_TEST3,TEST3,9,idle,2.625,24,2.633959925424607,2.633959925424607,1344.5,0.286246540344901,baseline-c342b333520d438d9221602432ae6aa6,-2.0,0.0,228.0,130.0,54.0,255.0,0.0
2026-08-08_165433_326903_1_R9_TEST3,TEST3,9,idle,2.875,16,2.8739618309747472,2.8739618309747472,1817.0,0.3868426655311901,baseline-c342b333520d438d9221602432ae6aa6,-2.0,0.0,228.0,130.0,54.0,255.0,0.0
2026-08-08_165433_326903_1_R9_TEST3,TEST3,9,idle,3.125,16,3.1303224185524465,3.1303224185524465,1406.5,0.2994464551841601,baseline-c342b333520d438d9221602432ae6aa6,-2.0,0.0,228.0,130.0,54.0,255.0,0.0
2026-08-08_165433_326903_1_R9_TEST3,TEST3,9,idle,3.375,18,3.386486007949274,3.386486007949274,1891.0,0.4025974025974026,baseline-c342b333520d438d9221602432ae6aa6,-2.0,0.0,228.0,130.0,54.0,255.0,0.0
2026-08-08_165433_326903_1_R9_TEST3,TEST3,9,idle,3.625,13,3.637493627554563,3.637493627554563,3152.0,0.671066638279753,baseline-c342b333520d438d9221602432ae6aa6,-2.0,0.0,228.0,130.0,54.0,255.0,0.0
2026-08-08_165433_326903_1_R9_TEST3,TEST3,9,idle,3.875,17,3.904158078664928,3.904158078664928,1526.0,0.32488822652757077,baseline-c342b333520d438d9221602432ae6aa6,-2.0,0.0,228.0,130.0,54.0,255.0,0.0
2026-08-08_165433_326903_1_R9_TEST3,TEST3,9,idle,4.125,17,4.0823800609685446,4.0823800609685446,3536.0,0.752820949542261,baseline-c342b333520d438d9221602432ae6aa6,-2.0,0.0,228.0,130.0,54.0,255.0,0.0
2026-08-08_165433_326903_1_R9_TEST3,TEST3,9,idle,4.375,8,4.304483826559021,4.304483826559021,5386.0,1.146689376197573,baseline-c342b333520d438d9221602432ae6aa6,-2.0,0.0,228.0,130.0,54.0,255.0,0.0
2026-08-08_165433_326903_1_R9_TEST3,TEST3,9,idle,4.625,19,4.583983398229615,4.583983398229615,3473.0,0.7394081328507558,baseline-c342b333520d438d9221602432ae6aa6,-2.0,0.0,228.0,130.0,54.0,255.0,0.0
2026-08-08_165433_326903_1_R9_TEST3,TEST3,9,idle,4.875,10,4.922799280277678,4.922799280277678,5123.5,1.0908026399829678,baseline-c342b333520d438d9221602432ae6aa6,-2.0,0.0,228.0,130.0,54.0,255.0,0.0
2026-08-08_165433_326903_1_R9_TEST3,TEST3,9,idle,5.125,6,5.059060096244186,5.059060096244186,3717.0,0.7913561847988078,baseline-c342b333520d438d9221602432ae6aa6,-2.0,0.0,228.0,130.0,54.0,255.0,0.0
2026-08-08_165433_326903_1_R9_TEST3,TEST3,9,idle,5.625,3,5.681394482525019,5.681394482525019,5550.0,1.1816052799659358,baseline-c342b333520d438d9221602432ae6aa6,-2.0,0.0,228.0,130.0,54.0,255.0,0.0
2026-08-08_165433_326903_1_R9_TEST3,TEST3,9,idle,5.875,1,5.966165815495639,5.966165815495639,5574.0,1.1867149244198425,baseline-c342b333520d438d9221602432ae6aa6,-2.0,0.0,228.0,130.0,54.0,255.0,0.0
2026-08-08_165433_326903_1_R9_TEST3,TEST3,9,idle,6.125,4,6.1235049799986045,6.1235049799986045,4161.5,0.8859910581222057,baseline-c342b333520d438d9221602432ae6aa6,-2.0,0.0,228.0,130.0,54.0,255.0,0.0
2026-08-08_165433_326903_1_R9_TEST3,TEST3,9,idle,6.375,4,6.463057433461699,6.463057433461699,4583.5,0.975835639770066,baseline-c342b333520d438d9221602432ae6aa6,-2.0,0.0,228.0,130.0,54.0,255.0,0.0
2026-08-08_165433_326903_1_R9_TEST3,TEST3,9,idle,6.625,5,6.613078118669815,6.613078118669815,4939.0,1.0515222482435598,baseline-c342b333520d438d9221602432ae6aa6,-2.0,0.0,228.0,130.0,54.0,255.0,0.0
2026-08-08_165433_326903_1_R9_TEST3,TEST3,9,idle,6.875,1,6.9368528881290406,6.9368528881290406,5293.0,1.1268895039386844,baseline-c342b333520d438d9221602432ae6aa6,-2.0,0.0,228.0,130.0,54.0,255.0,0.0
2026-08-08_165433_326903_1_R9_TEST3,TEST3,9,idle,7.125,1,7.196431639540964,7.196431639540964,6245.0,1.3295720672769853,baseline-c342b333520d438d9221602432ae6aa6,-2.0,0.0,228.0,130.0,54.0,255.0,0.0
2026-08-08_165433_326903_1_R9_TEST3,TEST3,9,idle,7.375,1,7.411819694038146,7.411819694038146,5098.0,1.085373642750692,baseline-c342b333520d438d9221602432ae6aa6,-2.0,0.0,228.0,130.0,54.0,255.0,0.0
2026-08-08_165433_326903_1_R9_TEST3,TEST3,9,idle,7.625,2,7.624077824667236,7.624077824667236,1912.5,0.4071747924206941,baseline-c342b333520d438d9221602432ae6aa6,-2.0,0.0,228.0,130.0,54.0,255.0,0.0
2026-08-08_165433_326903_1_R9_TEST3,TEST3,9,idle,7.875,1,7.910744236210788,7.910744236210788,703.0,0.14967000212901851,baseline-c342b333520d438d9221602432ae6aa6,-2.0,0.0,228.0,130.0,54.0,255.0,0.0
2026-08-08_165519_988311_1_R9_TEST4,TEST4,9,idle,0.125,18,0.004050696272395449,0.004050696272395449,83.0,0.017670853736427506,baseline-c342b333520d438d9221602432ae6aa6,-2.0,0.0,228.0,130.0,54.0,255.0,0.0
2026-08-08_165519_988311_1_R9_TEST4,TEST4,9,idle,0.375,2,0.33541816568082944,0.33541816568082944,187.0,0.03981264637002342,baseline-c342b333520d438d9221602432ae6aa6,-2.0,0.0,228.0,130.0,54.0,255.0,0.0
2026-08-08_165519_988311_1_R9_TEST4,TEST4,9,idle,0.625,3,0.6793231850833542,0.6793231850833542,384.0,0.08175431126250798,baseline-c342b333520d438d9221602432ae6aa6,-2.0,0.0,228.0,130.0,54.0,255.0,0.0
2026-08-08_165519_988311_1_R9_TEST4,TEST4,9,idle,0.875,2,0.8602067849459469,0.8602067849459469,287.0,0.061102831594634865,baseline-c342b333520d438d9221602432ae6aa6,-2.0,0.0,228.0,130.0,54.0,255.0,0.0
2026-08-08_165519_988311_1_R9_TEST4,TEST4,9,idle,1.125,2,1.148625918211848,1.148625918211848,1349.5,0.2873110496061316,baseline-c342b333520d438d9221602432ae6aa6,-2.0,0.0,228.0,130.0,54.0,255.0,0.0
2026-08-08_165519_988311_1_R9_TEST4,TEST4,9,idle,1.375,2,1.3131668464897293,1.3131668464897293,747.0,0.15903768362784756,baseline-c342b333520d438d9221602432ae6aa6,-2.0,0.0,228.0,130.0,54.0,255.0,0.0
2026-08-08_165519_988311_1_R9_TEST4,TEST4,9,idle,1.625,5,1.591271722796093,1.591271722796093,1111.0,0.23653395784543327,baseline-c342b333520d438d9221602432ae6aa6,-2.0,0.0,228.0,130.0,54.0,255.0,0.0
2026-08-08_165519_988311_1_R9_TEST4,TEST4,9,idle,1.875,9,1.9277336980275075,1.9277336980275075,1899.0,0.4043006174153715,baseline-c342b333520d438d9221602432ae6aa6,-2.0,0.0,228.0,130.0,54.0,255.0,0.0
2026-08-08_165519_988311_1_R9_TEST4,TEST4,9,idle,2.125,9,2.1500903302799537,2.1500903302799537,2068.0,0.44028103044496486,baseline-c342b333520d438d9221602432ae6aa6,-2.0,0.0,228.0,130.0,54.0,255.0,0.0
2026-08-08_165519_988311_1_R9_TEST4,TEST4,9,idle,2.375,13,2.352850759003537,2.352850759003537,2258.0,0.4807323823717266,baseline-c342b333520d438d9221602432ae6aa6,-2.0,0.0,228.0,130.0,54.0,255.0,0.0
2026-08-08_165519_988311_1_R9_TEST4,TEST4,9,idle,2.625,23,2.6722840289378658,2.6722840289378658,2031.0,0.43240366191185864,baseline-c342b333520d438d9221602432ae6aa6,-2.0,0.0,228.0,130.0,54.0,255.0,0.0
2026-08-08_165519_988311_1_R9_TEST4,TEST4,9,idle,2.875,21,2.882609023986125,2.882609023986125,1328.0,0.2827336597828401,baseline-c342b333520d438d9221602432ae6aa6,-2.0,0.0,228.0,130.0,54.0,255.0,0.0
2026-08-08_165519_988311_1_R9_TEST4,TEST4,9,idle,3.125,22,3.1441682719191233,3.1441682719191233,1945.0,0.4140941026186928,baseline-c342b333520d438d9221602432ae6aa6,-2.0,0.0,228.0,130.0,54.0,255.0,0.0
2026-08-08_165519_988311_1_R9_TEST4,TEST4,9,idle,3.375,21,3.3630352457117376,3.3630352457117376,2865.0,0.6099638066851182,baseline-c342b333520d438d9221602432ae6aa6,-2.0,0.0,228.0,130.0,54.0,255.0,0.0
2026-08-08_165519_988311_1_R9_TEST4,TEST4,9,idle,3.625,20,3.6383407748070438,3.6383407748070438,2570.0,0.5471577602725144,baseline-c342b333520d438d9221602432ae6aa6,-2.0,0.0,228.0,130.0,54.0,255.0,0.0
2026-08-08_165519_988311_1_R9_TEST4,TEST4,9,idle,3.875,16,3.899390433177195,3.899390433177195,3977.0,0.8467106663827975,baseline-c342b333520d438d9221602432ae6aa6,-2.0,0.0,228.0,130.0,54.0,255.0,0.0
2026-08-08_165519_988311_1_R9_TEST4,TEST4,9,idle,4.125,16,4.068197271144545,4.068197271144545,4018.5,0.8555460932510113,baseline-c342b333520d438d9221602432ae6aa6,-2.0,0.0,228.0,130.0,54.0,255.0,0.0
2026-08-08_165519_988311_1_R9_TEST4,TEST4,9,idle,4.375,23,4.369434455745097,4.369434455745097,4164.0,0.8865233127528209,baseline-c342b333520d438d9221602432ae6aa6,-2.0,0.0,228.0,130.0,54.0,255.0,0.0
2026-08-08_165519_988311_1_R9_TEST4,TEST4,9,idle,4.625,13,4.625874819606719,4.625874819606719,4645.0,0.9889291036832021,baseline-c342b333520d438d9221602432ae6aa6,-2.0,0.0,228.0,130.0,54.0,255.0,0.0
2026-08-08_165519_988311_1_R9_TEST4,TEST4,9,idle,4.875,10,4.818593307811023,4.818593307811023,5204.0,1.1079412390887802,baseline-c342b333520d438d9221602432ae6aa6,-2.0,0.0,228.0,130.0,54.0,255.0,0.0
2026-08-08_165519_988311_1_R9_TEST4,TEST4,9,idle,5.125,7,5.069399820566071,5.069399820566071,2870.0,0.6110283159463488,baseline-c342b333520d438d9221602432ae6aa6,-2.0,0.0,228.0,130.0,54.0,255.0,0.0
2026-08-08_165519_988311_1_R9_TEST4,TEST4,9,idle,5.375,6,5.287048824232807,5.287048824232807,3661.5,0.7795401319991484,baseline-c342b333520d438d9221602432ae6aa6,-2.0,0.0,228.0,130.0,54.0,255.0,0.0
2026-08-08_165519_988311_1_R9_TEST4,TEST4,9,idle,5.625,2,5.570694791549707,5.570694791549707,4911.0,1.0455609963806687,baseline-c342b333520d438d9221602432ae6aa6,-2.0,0.0,228.0,130.0,54.0,255.0,0.0
2026-08-08_165519_988311_1_R9_TEST4,TEST4,9,idle,5.875,4,5.841908324470283,5.841908324470283,4301.0,0.9156908665105387,baseline-c342b333520d438d9221602432ae6aa6,-2.0,0.0,228.0,130.0,54.0,255.0,0.0
2026-08-08_165519_988311_1_R9_TEST4,TEST4,9,idle,6.125,4,6.108952265527446,6.108952265527446,4767.0,1.014903129657228,baseline-c342b333520d438d9221602432ae6aa6,-2.0,0.0,228.0,130.0,54.0,255.0,0.0
2026-08-08_165519_988311_1_R9_TEST4,TEST4,9,idle,6.375,1,6.457459691035314,6.457459691035314,5702.0,1.213966361507345,baseline-c342b333520d438d9221602432ae6aa6,-2.0,0.0,228.0,130.0,54.0,255.0,0.0
2026-08-08_165519_988311_1_R9_TEST4,TEST4,9,idle,6.625,1,6.6625346546274535,6.6625346546274535,3428.0,0.7298275494996807,baseline-c342b333520d438d9221602432ae6aa6,-2.0,0.0,228.0,130.0,54.0,255.0,0.0
2026-08-08_165519_988311_1_R9_TEST4,TEST4,9,idle,7.125,1,7.037995966878624,7.037995966878624,3002.0,0.6391313604428358,baseline-c342b333520d438d9221602432ae6aa6,-2.0,0.0,228.0,130.0,54.0,255.0,0.0
2026-08-08_165519_988311_1_R9_TEST4,TEST4,9,idle,8.625,1,8.671566442499751,8.671566442499751,1250.0,0.26612731530764316,baseline-c342b333520d438d9221602432ae6aa6,-2.0,0.0,228.0,130.0,54.0,255.0,0.0
2026-08-08_165519_988311_1_R9_TEST4,TEST4,9,idle,9.125,1,9.073518295020415,9.073518295020415,4182.0,0.890355546093251,baseline-c342b333520d438d9221602432ae6aa6,-2.0,0.0,228.0,130.0,54.0,255.0,0.0
2026-08-08_165607_836382_1_R9_TEST5,TEST5,9,idle,0.125,24,0.00135162759597605,0.00135162759597605,37.0,0.007877368533106239,baseline-c342b333520d438d9221602432ae6aa6,-2.0,0.0,228.0,130.0,54.0,255.0,0.0
2026-08-08_165607_836382_1_R9_TEST5,TEST5,9,idle,0.375,2,0.3970782609616189,0.3970782609616189,227.0,0.048328720459868,baseline-c342b333520d438d9221602432ae6aa6,-2.0,0.0,228.0,130.0,54.0,255.0,0.0
2026-08-08_165607_836382_1_R9_TEST5,TEST5,9,idle,0.625,1,0.6925541016510235,0.6925541016510235,2.0,0.0004258037044922291,baseline-c342b333520d438d9221602432ae6aa6,-2.0,0.0,228.0,130.0,54.0,255.0,0.0
2026-08-08_165607_836382_1_R9_TEST5,TEST5,9,idle,0.875,1,0.943091519250335,0.943091519250335,209.0,0.04449648711943794,baseline-c342b333520d438d9221602432ae6aa6,-2.0,0.0,228.0,130.0,54.0,255.0,0.0
2026-08-08_165607_836382_1_R9_TEST5,TEST5,9,idle,1.125,2,1.203910071994771,1.203910071994771,1431.0,0.3046625505641899,baseline-c342b333520d438d9221602432ae6aa6,-2.0,0.0,228.0,130.0,54.0,255.0,0.0
2026-08-08_165607_836382_1_R9_TEST5,TEST5,9,idle,1.375,3,1.3965508570625529,1.3965508570625529,2449.0,0.5213966361507345,baseline-c342b333520d438d9221602432ae6aa6,-2.0,0.0,228.0,130.0,54.0,255.0,0.0
2026-08-08_165607_836382_1_R9_TEST5,TEST5,9,idle,1.625,8,1.6190129150796402,1.6190129150796402,1796.5,0.3824781775601448,baseline-c342b333520d438d9221602432ae6aa6,-2.0,0.0,228.0,130.0,54.0,255.0,0.0
2026-08-08_165607_836382_1_R9_TEST5,TEST5,9,idle,1.875,7,1.8437646734367803,1.8437646734367803,1501.0,0.3195656802214179,baseline-c342b333520d438d9221602432ae6aa6,-2.0,0.0,228.0,130.0,54.0,255.0,0.0
2026-08-08_165607_836382_1_R9_TEST5,TEST5,9,idle,2.125,24,2.113887172351952,2.113887172351952,1958.0,0.4168618266978923,baseline-c342b333520d438d9221602432ae6aa6,-2.0,0.0,228.0,130.0,54.0,255.0,0.0
2026-08-08_165607_836382_1_R9_TEST5,TEST5,9,idle,2.375,24,2.385644612672119,2.385644612672119,2136.0,0.4547583563977007,baseline-c342b333520d438d9221602432ae6aa6,-2.0,0.0,228.0,130.0,54.0,255.0,0.0
2026-08-08_165607_836382_1_R9_TEST5,TEST5,9,idle,2.625,20,2.6490550790951146,2.6490550790951146,2686.5,0.5719608260591867,baseline-c342b333520d438d9221602432ae6aa6,-2.0,0.0,228.0,130.0,54.0,255.0,0.0
2026-08-08_165607_836382_1_R9_TEST5,TEST5,9,idle,2.875,35,2.869111352545924,2.869111352545924,2297.0,0.4890355546093251,baseline-c342b333520d438d9221602432ae6aa6,-2.0,0.0,228.0,130.0,54.0,255.0,0.0
2026-08-08_165607_836382_1_R9_TEST5,TEST5,9,idle,3.125,22,3.1100428155663593,3.1100428155663593,1962.5,0.41781988503299977,baseline-c342b333520d438d9221602432ae6aa6,-2.0,0.0,228.0,130.0,54.0,255.0,0.0
2026-08-08_165607_836382_1_R9_TEST5,TEST5,9,idle,3.375,31,3.386627497764077,3.386627497764077,3450.0,0.7345113902490952,baseline-c342b333520d438d9221602432ae6aa6,-2.0,0.0,228.0,130.0,54.0,255.0,0.0
2026-08-08_165607_836382_1_R9_TEST5,TEST5,9,idle,3.625,19,3.617654380406976,3.617654380406976,3248.0,0.6915052160953801,baseline-c342b333520d438d9221602432ae6aa6,-2.0,0.0,228.0,130.0,54.0,255.0,0.0
2026-08-08_165607_836382_1_R9_TEST5,TEST5,9,idle,3.875,19,3.915831048121297,3.915831048121297,3534.0,0.7523951458377688,baseline-c342b333520d438d9221602432ae6aa6,-2.0,0.0,228.0,130.0,54.0,255.0,0.0
2026-08-08_165607_836382_1_R9_TEST5,TEST5,9,idle,4.125,15,4.182326070819866,4.182326070819866,3470.0,0.7387694272940175,baseline-c342b333520d438d9221602432ae6aa6,-2.0,0.0,228.0,130.0,54.0,255.0,0.0
2026-08-08_165607_836382_1_R9_TEST5,TEST5,9,idle,4.375,9,4.380832918563134,4.380832918563134,3609.0,0.7683627847562273,baseline-c342b333520d438d9221602432ae6aa6,-2.0,0.0,228.0,130.0,54.0,255.0,0.0
2026-08-08_165607_836382_1_R9_TEST5,TEST5,9,idle,4.625,13,4.612620009751743,4.612620009751743,4989.0,1.0621673408558654,baseline-c342b333520d438d9221602432ae6aa6,-2.0,0.0,228.0,130.0,54.0,255.0,0.0
2026-08-08_165607_836382_1_R9_TEST5,TEST5,9,idle,4.875,10,4.829846952933168,4.829846952933168,2431.5,0.5176708537364275,baseline-c342b333520d438d9221602432ae6aa6,-2.0,0.0,228.0,130.0,54.0,255.0,0.0
2026-08-08_165607_836382_1_R9_TEST5,TEST5,9,idle,5.125,6,5.139528998582947,5.139528998582947,4920.5,1.0475835639770066,baseline-c342b333520d438d9221602432ae6aa6,-2.0,0.0,228.0,130.0,54.0,255.0,0.0
2026-08-08_165607_836382_1_R9_TEST5,TEST5,9,idle,5.375,6,5.339645745167409,5.339645745167409,1925.5,0.40994251649989355,baseline-c342b333520d438d9221602432ae6aa6,-2.0,0.0,228.0,130.0,54.0,255.0,0.0
2026-08-08_165607_836382_1_R9_TEST5,TEST5,9,idle,5.625,6,5.573042163819723,5.573042163819723,4668.5,0.9939322972109856,baseline-c342b333520d438d9221602432ae6aa6,-2.0,0.0,228.0,130.0,54.0,255.0,0.0
2026-08-08_165607_836382_1_R9_TEST5,TEST5,9,idle,5.875,3,5.801648329769228,5.801648329769228,1295.0,0.2757078986587183,baseline-c342b333520d438d9221602432ae6aa6,-2.0,0.0,228.0,130.0,54.0,255.0,0.0
2026-08-08_165607_836382_1_R9_TEST5,TEST5,9,idle,6.125,7,6.16325450844476,6.16325450844476,3803.0,0.8096657440919736,baseline-c342b333520d438d9221602432ae6aa6,-2.0,0.0,228.0,130.0,54.0,255.0,0.0
2026-08-08_165607_836382_1_R9_TEST5,TEST5,9,idle,6.375,3,6.282331324473326,6.282331324473326,7040.0,1.4988290398126465,baseline-c342b333520d438d9221602432ae6aa6,-2.0,0.0,228.0,130.0,54.0,255.0,0.0
2026-08-08_165607_836382_1_R9_TEST5,TEST5,9,idle,6.625,2,6.644248540463595,6.644248540463595,6437.0,1.3704492229082392,baseline-c342b333520d438d9221602432ae6aa6,-2.0,0.0,228.0,130.0,54.0,255.0,0.0
2026-08-08_165607_836382_1_R9_TEST5,TEST5,9,idle,7.125,1,7.141834866601393,7.141834866601393,1655.0,0.3523525654673196,baseline-c342b333520d438d9221602432ae6aa6,-2.0,0.0,228.0,130.0,54.0,255.0,0.0
2026-08-08_165607_836382_1_R9_TEST5,TEST5,9,idle,7.375,1,7.428717654794056,7.428717654794056,6065.0,1.2912497338726847,baseline-c342b333520d438d9221602432ae6aa6,-2.0,0.0,228.0,130.0,54.0,255.0,0.0
2026-08-08_165607_836382_1_R9_TEST5,TEST5,9,idle,7.875,2,7.843112904652086,7.843112904652086,6472.0,1.3779007877368534,baseline-c342b333520d438d9221602432ae6aa6,-2.0,0.0,228.0,130.0,54.0,255.0,0.0
2026-08-08_165607_836382_1_R9_TEST5,TEST5,9,idle,8.125,1,8.072781833590486,8.072781833590486,7549.0,1.6071960826059186,baseline-c342b333520d438d9221602432ae6aa6,-2.0,0.0,228.0,130.0,54.0,255.0,0.0
2026-08-08_165607_836382_1_R9_TEST5,TEST5,9,idle,8.375,2,8.330186602510247,8.330186602510247,4978.5,1.0599318714072812,baseline-c342b333520d438d9221602432ae6aa6,-2.0,0.0,228.0,130.0,54.0,255.0,0.0
2026-08-08_165709_643597_1_R9_TEST6,TEST6,9,idle,0.125,5,0.0051624692172667,0.0051624692172667,72.0,0.015328933361720247,baseline-c342b333520d438d9221602432ae6aa6,-2.0,0.0,228.0,130.0,54.0,255.0,0.0
2026-08-08_165709_643597_1_R9_TEST6,TEST6,9,idle,0.375,2,0.3891293378004659,0.3891293378004659,214.5,0.04566744730679157,baseline-c342b333520d438d9221602432ae6aa6,-2.0,0.0,228.0,130.0,54.0,255.0,0.0
2026-08-08_165709_643597_1_R9_TEST6,TEST6,9,idle,0.625,1,0.6579574248749439,0.6579574248749439,444.0,0.09452842239727485,baseline-c342b333520d438d9221602432ae6aa6,-2.0,0.0,228.0,130.0,54.0,255.0,0.0
2026-08-08_165709_643597_1_R9_TEST6,TEST6,9,idle,0.875,4,0.8026317590234174,0.8026317590234174,97.5,0.02075793059399617,baseline-c342b333520d438d9221602432ae6aa6,-2.0,0.0,228.0,130.0,54.0,255.0,0.0
2026-08-08_165709_643597_1_R9_TEST6,TEST6,9,idle,1.125,4,1.1207691554554808,1.1207691554554808,294.0,0.06259314456035768,baseline-c342b333520d438d9221602432ae6aa6,-2.0,0.0,228.0,130.0,54.0,255.0,0.0
2026-08-08_165709_643597_1_R9_TEST6,TEST6,9,idle,1.375,4,1.3513879505061022,1.3513879505061022,1676.0,0.35682350436448795,baseline-c342b333520d438d9221602432ae6aa6,-2.0,0.0,228.0,130.0,54.0,255.0,0.0
2026-08-08_165709_643597_1_R9_TEST6,TEST6,9,idle,1.625,9,1.6761292985497005,1.6761292985497005,1693.0,0.3604428358526719,baseline-c342b333520d438d9221602432ae6aa6,-2.0,0.0,228.0,130.0,54.0,255.0,0.0
2026-08-08_165709_643597_1_R9_TEST6,TEST6,9,idle,1.875,12,1.8815508063164466,1.8815508063164466,2258.5,0.4808388332978497,baseline-c342b333520d438d9221602432ae6aa6,-2.0,0.0,228.0,130.0,54.0,255.0,0.0
2026-08-08_165709_643597_1_R9_TEST6,TEST6,9,idle,2.125,11,2.090689270351434,2.090689270351434,2272.0,0.48371300830317226,baseline-c342b333520d438d9221602432ae6aa6,-2.0,0.0,228.0,130.0,54.0,255.0,0.0
2026-08-08_165709_643597_1_R9_TEST6,TEST6,9,idle,2.375,24,2.3834829122352916,2.3834829122352916,2604.5,0.5545028741750053,baseline-c342b333520d438d9221602432ae6aa6,-2.0,0.0,228.0,130.0,54.0,255.0,0.0
2026-08-08_165709_643597_1_R9_TEST6,TEST6,9,idle,2.625,23,2.635690515797542,2.635690515797542,1913.0,0.4072812433468171,baseline-c342b333520d438d9221602432ae6aa6,-2.0,0.0,228.0,130.0,54.0,255.0,0.0
2026-08-08_165709_643597_1_R9_TEST6,TEST6,9,idle,2.875,27,2.89684717135822,2.89684717135822,2326.0,0.4952097083244624,baseline-c342b333520d438d9221602432ae6aa6,-2.0,0.0,228.0,130.0,54.0,255.0,0.0
2026-08-08_165709_643597_1_R9_TEST6,TEST6,9,idle,3.125,27,3.107128272594122,3.107128272594122,3025.0,0.6440281030444965,baseline-c342b333520d438d9221602432ae6aa6,-2.0,0.0,228.0,130.0,54.0,255.0,0.0
2026-08-08_165709_643597_1_R9_TEST6,TEST6,9,idle,3.375,20,3.3402023103215335,3.3402023103215335,3050.0,0.6493506493506493,baseline-c342b333520d438d9221602432ae6aa6,-2.0,0.0,228.0,130.0,54.0,255.0,0.0
2026-08-08_165709_643597_1_R9_TEST6,TEST6,9,idle,3.625,25,3.592908631299994,3.592908631299994,3623.0,0.771343410687673,baseline-c342b333520d438d9221602432ae6aa6,-2.0,0.0,228.0,130.0,54.0,255.0,0.0
2026-08-08_165709_643597_1_R9_TEST6,TEST6,9,idle,3.875,29,3.838691741953585,3.838691741953585,3786.0,0.8060464126037896,baseline-c342b333520d438d9221602432ae6aa6,-2.0,0.0,228.0,130.0,54.0,255.0,0.0
2026-08-08_165709_643597_1_R9_TEST6,TEST6,9,idle,4.125,23,4.133119082492722,4.133119082492722,4527.0,0.9638066851181605,baseline-c342b333520d438d9221602432ae6aa6,-2.0,0.0,228.0,130.0,54.0,255.0,0.0
2026-08-08_165709_643597_1_R9_TEST6,TEST6,9,idle,4.375,16,4.377454081817638,4.377454081817638,5785.0,1.2316372152437727,baseline-c342b333520d438d9221602432ae6aa6,-2.0,0.0,228.0,130.0,54.0,255.0,0.0
2026-08-08_165709_643597_1_R9_TEST6,TEST6,9,idle,4.625,14,4.658901974630604,4.658901974630604,4916.0,1.0466255056418992,baseline-c342b333520d438d9221602432ae6aa6,-2.0,0.0,228.0,130.0,54.0,255.0,0.0
2026-08-08_165709_643597_1_R9_TEST6,TEST6,9,idle,4.875,7,4.886919029689452,4.886919029689452,5148.0,1.0960187353629978,baseline-c342b333520d438d9221602432ae6aa6,-2.0,0.0,228.0,130.0,54.0,255.0,0.0
2026-08-08_165709_643597_1_R9_TEST6,TEST6,9,idle,5.125,9,5.075583875274877,5.075583875274877,5430.0,1.156057057696402,baseline-c342b333520d438d9221602432ae6aa6,-2.0,0.0,228.0,130.0,54.0,255.0,0.0
2026-08-08_165709_643597_1_R9_TEST6,TEST6,9,idle,5.375,9,5.373089855153494,5.373089855153494,4993.0,1.06301894826485,baseline-c342b333520d438d9221602432ae6aa6,-2.0,0.0,228.0,130.0,54.0,255.0,0.0
2026-08-08_165709_643597_1_R9_TEST6,TEST6,9,idle,5.625,6,5.6549420191781845,5.6549420191781845,5333.5,1.1355120289546519,baseline-c342b333520d438d9221602432ae6aa6,-2.0,0.0,228.0,130.0,54.0,255.0,0.0
2026-08-08_165709_643597_1_R9_TEST6,TEST6,9,idle,5.875,5,5.8403580070729415,5.8403580070729415,3853.0,0.8203108367042793,baseline-c342b333520d438d9221602432ae6aa6,-2.0,0.0,228.0,130.0,54.0,255.0,0.0
2026-08-08_165709_643597_1_R9_TEST6,TEST6,9,idle,6.125,3,6.107959568644968,6.107959568644968,5707.0,1.2150308707685757,baseline-c342b333520d438d9221602432ae6aa6,-2.0,0.0,228.0,130.0,54.0,255.0,0.0
2026-08-08_165709_643597_1_R9_TEST6,TEST6,9,idle,6.375,6,6.36395410967531,6.36395410967531,3393.5,0.7224824355971897,baseline-c342b333520d438d9221602432ae6aa6,-2.0,0.0,228.0,130.0,54.0,255.0,0.0
2026-08-08_165709_643597_1_R9_TEST6,TEST6,9,idle,6.625,1,6.579890276490729,6.579890276490729,1620.0,0.34490100063870555,baseline-c342b333520d438d9221602432ae6aa6,-2.0,0.0,228.0,130.0,54.0,255.0,0.0
2026-08-08_165709_643597_1_R9_TEST6,TEST6,9,idle,6.875,1,6.805587046534763,6.805587046534763,6156.0,1.310623802427081,baseline-c342b333520d438d9221602432ae6aa6,-2.0,0.0,228.0,130.0,54.0,255.0,0.0
2026-08-08_165709_643597_1_R9_TEST6,TEST6,9,idle,7.125,2,7.10682725248129,7.10682725248129,998.0,0.2124760485416223,baseline-c342b333520d438d9221602432ae6aa6,-2.0,0.0,228.0,130.0,54.0,255.0,0.0
2026-08-08_165709_643597_1_R9_TEST6,TEST6,9,idle,7.375,1,7.306001621248295,7.306001621248295,1177.0,0.2505854800936768,baseline-c342b333520d438d9221602432ae6aa6,-2.0,0.0,228.0,130.0,54.0,255.0,0.0
2026-08-08_165709_643597_1_R9_TEST6,TEST6,9,idle,7.625,1,7.58033066573717,7.58033066573717,3245.0,0.6908665105386417,baseline-c342b333520d438d9221602432ae6aa6,-2.0,0.0,228.0,130.0,54.0,255.0,0.0
2026-08-08_165709_643597_1_R9_TEST6,TEST6,9,idle,8.125,1,8.219388721904291,8.219388721904291,1285.0,0.2735788801362572,baseline-c342b333520d438d9221602432ae6aa6,-2.0,0.0,228.0,130.0,54.0,255.0,0.0
