roi,speed_mm_min,displacement_mm_abs,matched_light,independent_sessions,collection_days,median_loading_force_N,median_unloading_force_N,median_force_separation_N,median_force_separation_percent_observed_span,evidence_role
1,200.0,2.625,1146.9,1,1,0.6213724884071608,0.4715926048649371,0.14977988354222366,14.986420588527471,hysteresis supporting component
1,200.0,2.625,1154.5775,1,1,0.5682027059993622,0.44599477248464214,0.12220793351472004,12.22767335367903,hysteresis supporting component
1,200.0,2.625,1162.255,1,1,0.5150329235915637,0.42039694010434714,0.09463598348721658,9.468926118830607,hysteresis supporting component
1,200.0,2.625,1169.9325000000001,1,1,0.4618631411837652,0.39479910772405213,0.06706403345971307,6.710178883982179,hysteresis supporting component
1,200.0,2.625,1177.6100000000001,1,1,0.4086933587759667,0.36920127534375724,0.039492083432209446,3.9514316491337396,hysteresis supporting component
1,200.0,2.625,1185.2875000000001,1,1,0.35552357636816817,0.34360344296346224,0.011920133404705935,1.1926844142853108,hysteresis supporting component
1,200.0,2.625,1192.9650000000001,1,1,0.30235379396036965,0.31800561058316723,-0.015651816622797576,-1.5660628205631177,hysteresis supporting component
1,200.0,2.625,1200.6425000000002,1,1,0.24918401155257114,0.29240777820287234,-0.0432237666503012,-4.324810055411557,hysteresis supporting component
1,200.0,2.625,1208.3200000000002,1,1,0.19601422914477262,0.26680994582257733,-0.07079571667780471,-7.083557290259987,hysteresis supporting component
1,200.0,2.625,1215.9975000000002,1,1,0.1428444467369741,0.24121211344228233,-0.09836766670530822,-9.842304525108416,hysteresis supporting component
1,200.0,2.625,1223.6750000000002,1,1,0.08967466432917559,0.21561428106198732,-0.12593961673281173,-12.601051759956844,hysteresis supporting component
1,200.0,2.625,1231.3525,1,1,0.036504881921378685,0.2450103347550197,-0.20850545283364103,-20.862283620920557,hysteresis supporting component
1,200.0,2.625,1239.03,1,1,0.03687880690134179,0.2870601955155267,-0.25018138861418493,-25.032223450334445,hysteresis supporting component
1,200.0,2.625,1246.7075,1,1,0.055451051277058044,0.32911005627603374,-0.27365900499897566,-27.3813068201275,hysteresis supporting component
1,200.0,2.625,1254.385,1,1,0.0740232956527743,0.3711599170365407,-0.2971366213837664,-29.730390189920552,hysteresis supporting component
1,200.0,2.625,1262.0625,1,1,0.09259554002849056,0.4121218660199248,-0.3195263259914342,-31.970621135278517,hysteresis supporting component
1,200.0,2.625,1269.74,1,1,0.11116778440420681,0.45272227902878565,-0.3415544946245788,-34.17467812960947,hysteresis supporting component
1,200.0,2.625,1277.4175,1,1,0.12974002877992308,0.4933226920376465,-0.3635826632577234,-36.378735123940416,hysteresis supporting component
1,200.0,2.625,1285.095,1,1,0.14831227315563933,0.5339231050465074,-0.3856108318908681,-38.58279211827137,hysteresis supporting component
1,200.0,2.625,1292.7725,1,1,0.16688451753135558,0.5745235180553682,-0.4076390005240126,-40.78684911260231,hysteresis supporting component
1,200.0,2.625,1300.45,1,1,0.18545676190707183,0.615123931064229,-0.4296671691571572,-42.99090610693327,hysteresis supporting component
1,200.0,2.625,21994.975,1,1,0.8159003567791336,0.9613310257503798,-0.14543066897124612,-13.698713279375,hysteresis supporting component
1,200.0,2.625,22102.168749999997,1,1,0.7528319811462985,0.9795053851387041,-0.22667340399240565,-21.35130087289796,hysteresis supporting component
1,200.0,2.625,22209.3625,1,1,0.689763605513461,0.997679744527029,-0.30791613901356796,-29.003888466421174,hysteresis supporting component
1,200.0,2.625,22316.556249999998,1,1,0.6266952298806259,1.0158541039153532,-0.3891588740347274,-36.65647605994412,hysteresis supporting component
1,200.0,2.625,22423.75,1,1,0.6064858827645854,1.0340284633036783,-0.4275425805390929,-40.27199535668163,hysteresis supporting component
1,200.0,2.625,22530.94375,1,1,0.5889724896609758,1.0522028226920024,-0.46323033303102656,-43.633571648880064,hysteresis supporting component
1,200.0,2.625,22638.137499999997,1,1,0.5714590965573663,1.0703771820803267,-0.49891808552296046,-46.99514794107852,hysteresis supporting component
1,200.0,2.625,22745.33125,1,1,0.553945703453756,0.9841896520614688,-0.43024394860771276,-40.526448333456415,hysteresis supporting component
1,200.0,2.625,22852.524999999998,1,1,0.5364323103501465,0.8845214434583117,-0.34808913310816525,-32.78794812569923,hysteresis supporting component
1,200.0,2.625,22959.71875,1,1,0.5189189172465363,0.7848532348551513,-0.2659343176086151,-25.049447917941798,hysteresis supporting component
1,200.0,2.625,23066.9125,1,1,0.5014055241429266,0.6851850262519944,-0.1837795021090678,-17.310947710184635,hysteresis supporting component
1,200.0,2.625,23174.106249999997,1,1,0.48389213103931705,0.5511783908035021,-0.06728625976418501,-6.337969746486953,hysteresis supporting component
1,200.0,2.625,23281.3,1,1,0.46637873793570683,0.37427236464960034,0.09210637328610649,8.675878394666002,hysteresis supporting component
1,200.0,2.625,23388.493749999998,1,1,0.4488653448320973,0.19736633849570456,0.2514990063363927,23.689726535818462,hysteresis supporting component
1,200.0,2.625,23495.6875,1,1,0.43135195172848706,0.18695794573126942,0.24439400599721764,23.02047731084608,hysteresis supporting component
1,200.0,2.625,23602.88125,1,1,0.41383855862487745,0.1949283218991881,0.21891023672568935,20.620056196112472,hysteresis supporting component
1,200.0,2.625,23710.074999999997,1,1,0.39632516552126784,0.2028986980671068,0.19342646745416103,18.219635081378858,hysteresis supporting component
1,200.0,2.625,23817.26875,1,1,0.3788117724176576,0.21086907423502577,0.16794269818263186,15.819213966645165,hysteresis supporting component
1,200.0,2.625,23924.462499999998,1,1,0.32213661259835324,0.21883945040294445,0.1032971621954088,9.729984861499705,hysteresis supporting component
1,200.0,2.625,24031.65625,1,1,0.16647771127981922,0.2268098265708634,-0.06033211529104418,-5.682930256434539,hysteresis supporting component
1,200.0,2.625,24138.85,1,1,0.010818809961290475,0.23478020273878208,-0.2239613927774916,-21.09584537436826,hysteresis supporting component
1,200.0,3.5,927.65,1,1,0.01985671714151057,0.7388413234202447,-0.7189846062787341,-48.03183834795986,hysteresis supporting component
1,200.0,3.5,936.885,1,1,0.2885486789204654,0.7083542211722831,-0.4198055422518177,-28.045151129702777,hysteresis supporting component
1,200.0,3.5,946.12,1,1,0.5572406406994203,0.6778671189243215,-0.12062647822490125,-8.058463911445678,hysteresis supporting component
1,200.0,3.5,955.355,1,1,0.825932602478375,0.6473800166763599,0.17855258580201505,11.92822330681141,hysteresis supporting component
1,200.0,3.5,964.5899999999999,1,1,0.8287543183020791,0.6168929144283987,0.21186140387368047,14.153422220958397,hysteresis supporting component
1,200.0,3.5,973.8249999999999,1,1,0.797652419104632,0.586405812180437,0.21124660692419506,14.11235064941622,hysteresis supporting component
1,200.0,3.5,983.06,1,1,0.7665505199071849,0.5559187099324754,0.21063180997470954,14.071279077874033,hysteresis supporting component
1,200.0,3.5,992.295,1,1,0.7354486207097378,0.5254316076845138,0.21001701302522402,14.030207506331847,hysteresis supporting component
1,200.0,3.5,1001.53,1,1,0.7043467215122907,0.4949445054365522,0.2094022160757385,13.989135934789662,hysteresis supporting component
1,200.0,3.5,1010.765,1,1,0.6732448223148436,0.46445740318859063,0.20878741912625298,13.948064363247475,hysteresis supporting component
1,200.0,3.5,1020.0,1,1,0.6421429231173965,0.433970300940629,0.20817262217676752,13.906992791705294,hysteresis supporting component
1,200.0,3.5,1029.235,1,1,0.6643997124676276,0.4034831986926678,0.26091651377495984,17.43055373162416,hysteresis supporting component
1,200.0,3.5,1038.47,1,1,0.6950094586975837,0.3729960964447058,0.32201336225287785,21.512134789179488,hysteresis supporting component
1,200.0,3.5,1047.705,1,1,0.725619204927539,0.34250899419674463,0.3831102107307943,25.59371584673471,hysteresis supporting component
1,200.0,3.5,1056.9399999999998,1,1,0.7562289511574942,0.3120218919487834,0.44420705920871084,29.675296904289937,hysteresis supporting component
1,200.0,3.5,1066.175,1,1,0.7868386973874503,0.28153478970082135,0.5053039076866289,33.75687796184527,hysteresis supporting component
1,200.0,3.5,1075.4099999999999,1,1,0.8174484436174057,0.2510476874528601,0.5664007561645455,37.8384590194005,hysteresis supporting component
1,200.0,3.5,1084.645,1,1,0.8480581898473616,0.22056058520489819,0.6274976046424634,41.92004007695582,hysteresis supporting component
1,200.0,3.5,1093.8799999999999,1,1,0.878667936077317,0.2502590623250544,0.6284088737522626,41.980917500743665,hysteresis supporting component
1,200.0,3.5,1103.1149999999998,1,1,0.9092776823072722,0.3193801725259402,0.589897509781332,39.40816198879315,hysteresis supporting component
1,200.0,3.5,1112.35,1,1,0.9398874285372283,0.3885012827268277,0.5513861458104006,36.83540647684257,hysteresis supporting component
1,200.0,3.5,20074.0,1,1,4.039568800770439,1.6071876508455278,2.4323811499249115,41.25934387482554,hysteresis supporting component
1,200.0,3.5,20473.423076923078,1,1,3.320562769999464,4.1772672153567045,-0.8567044453572406,-14.53187684470308,hysteresis supporting component
1,200.0,3.5,20872.846153846152,1,1,4.6100341344529205,4.3321085686702645,0.27792556578265604,4.714321392675667,hysteresis supporting component
1,200.0,3.5,21272.26923076923,1,1,3.1618510040824415,4.929334124338453,-1.7674831202560117,-29.98098955578719,hysteresis supporting component
1,200.0,3.5,21671.69230769231,1,1,3.527251626672565,2.9573673977849855,0.5698842288875796,9.66667965225692,hysteresis supporting component
1,200.0,3.5,22071.115384615383,1,1,2.3488575601089194,2.0587637696388157,0.29009379047010375,4.920725297236861,hysteresis supporting component
1,200.0,3.5,22470.53846153846,1,1,0.6841818087758433,2.4415554865575215,-1.7573736777816782,-29.80950781105973,hysteresis supporting component
1,200.0,3.5,22869.96153846154,1,1,0.7996363059781506,3.1085424851591132,-2.308906179180963,-39.164895692633415,hysteresis supporting component
1,200.0,3.5,23269.384615384617,1,1,0.9963504503189784,4.720631464522079,-3.7242810142031004,-63.17323707932587,hysteresis supporting component
1,200.0,3.5,23668.80769230769,1,1,1.7411353630197652,3.0391350997997875,-1.2979997367800222,-22.017362488972264,hysteresis supporting component
1,200.0,3.5,24068.23076923077,1,1,3.976248336781911,0.9427306250659705,3.03351771171594,51.45614223409255,hysteresis supporting component
1,200.0,3.5,24467.653846153848,1,1,3.989491227802527,0.43018213300517394,3.5593090947973534,60.374895564197026,hysteresis supporting component
1,200.0,3.5,24867.076923076922,1,1,3.329089758841824,0.8269842499644167,2.502105508877407,42.442045567182255,hysteresis supporting component
1,200.0,3.5,25266.5,1,1,0.1829459592747532,0.5954652429491337,-0.4125192836743805,-6.997371682741166,hysteresis supporting component
1,200.0,3.5,25665.923076923078,1,1,0.8420813665360108,0.3639462359338508,0.47813513060216006,8.110382607083654,hysteresis supporting component
1,200.0,3.5,26065.346153846156,1,1,1.410593414454806,0.4893595612009874,0.9212338532538187,15.62645901186302,hysteresis supporting component
1,200.0,3.5,26464.76923076923,1,1,1.8029757389550458,1.8856287569131922,-0.08265301795814639,-1.4020044886191323,hysteresis supporting component
1,200.0,3.5,26864.19230769231,1,1,1.6652687993442354,2.2970682717085578,-0.6317994723643223,-10.716918970950594,hysteresis supporting component
1,200.0,3.5,27263.615384615387,1,1,1.5275618597334248,2.7085077865039233,-1.1809459267704985,-20.03183345328206,hysteresis supporting component
1,200.0,3.5,27663.03846153846,1,1,1.3898549201226158,4.697207013993853,-3.307352093871237,-56.10106679225424,hysteresis supporting component
1,200.0,3.5,28062.46153846154,1,1,1.6292235657807776,4.747131539208446,-3.117907973427669,-52.887614776032876,hysteresis supporting component
1,400.0,2.625,481.4,1,1,0.37928729338008016,0.7667127927783047,-0.38742549939822457,-46.44741176487576,hysteresis supporting component
1,400.0,2.625,494.185,1,1,0.4969040382314957,0.7576278112822475,-0.26072377305075184,-31.257479083308333,hysteresis supporting component
1,400.0,2.625,506.96999999999997,1,1,0.4714485150593136,0.7485428297861905,-0.27709431472687684,-33.22009974515453,hysteresis supporting component
1,400.0,2.625,519.755,1,1,0.4459929918871315,0.7394578482901333,-0.2934648564030018,-35.18272040700072,hysteresis supporting component
1,400.0,2.625,532.54,1,1,0.4205374687149494,0.7303728667940762,-0.3098353980791268,-37.14534106884692,hysteresis supporting component
1,400.0,2.625,545.325,1,1,0.3950819455427671,0.7212878852980189,-0.3262059397552518,-39.10796173069312,hysteresis supporting component
1,400.0,2.625,558.11,1,1,0.3696264223705851,0.7122029038019618,-0.34257648143137676,-41.07058239253931,hysteresis supporting component
1,400.0,2.625,570.895,1,1,0.344170899198403,0.7031179223059048,-0.35894702310750176,-43.03320305438551,hysteresis supporting component
1,400.0,2.625,583.68,1,1,0.3187153760262209,0.6940329408098476,-0.37531756478362666,-44.99582371623169,hysteresis supporting component
1,400.0,2.625,596.465,1,1,0.29325985285403866,0.6849479593137904,-0.3916881064597517,-46.95844437807789,hysteresis supporting component
1,400.0,2.625,609.25,1,1,0.2678043296818566,0.6758629778177333,-0.4080586481358767,-48.921065039924095,hysteresis supporting component
1,400.0,2.625,622.035,1,1,0.2423488065096745,0.6667779963216762,-0.42442918981200173,-50.8836857017703,hysteresis supporting component
1,400.0,2.625,634.8199999999999,1,1,0.21689328333749247,0.657693014825619,-0.44079973148812657,-52.84630636361647,hysteresis supporting component
1,400.0,2.625,647.605,1,1,0.19143776016531017,0.6486080333295619,-0.4571702731642517,-54.80892702546269,hysteresis supporting component
1,400.0,2.625,660.39,1,1,0.16598223699312808,0.6395230518335047,-0.4735408148403766,-56.771547687308875,hysteresis supporting component
1,400.0,2.625,673.175,1,1,0.14052671382094606,0.6235496735047833,-0.48302295968383724,-57.90833679035578,hysteresis supporting component
1,400.0,2.625,685.96,1,1,0.11507119064876375,0.6052186916406826,-0.4901475009919189,-58.76247908167718,hysteresis supporting component
1,400.0,2.625,698.745,1,1,0.08961566747658167,0.5868877097765821,-0.49727204230000044,-59.61662137299856,hysteresis supporting component
1,400.0,2.625,711.53,1,1,0.06416014430439965,0.5685567279124817,-0.504396583608082,-60.470763664319946,hysteresis supporting component
1,400.0,2.625,724.315,1,1,0.03870462113221734,0.550225746048381,-0.5115211249161637,-61.32490595564135,hysteresis supporting component
1,400.0,2.625,737.1,1,1,0.013249097960035247,0.5318947641842805,-0.5186456662242452,-62.17904824696273,hysteresis supporting component
1,400.0,2.625,22189.0,1,1,0.5662787195901591,1.4351366011072577,-0.8688578815170986,-58.33212822855416,hysteresis supporting component
1,400.0,2.625,22277.88375,1,1,0.5561524553362684,1.3475919807848007,-0.7914395254485322,-53.134526216185684,hysteresis supporting component
1,400.0,2.625,22366.7675,1,1,0.5460261910823778,1.2600473604623437,-0.7140211693799658,-47.93692420381721,hysteresis supporting component
1,400.0,2.625,22455.65125,1,1,0.5358999268284876,1.1725027401398904,-0.6366028133114028,-42.73932219144896,hysteresis supporting component
1,400.0,2.625,22544.535,1,1,0.525773662574597,1.0849581198174334,-0.5591844572428364,-37.54172017908049,hysteresis supporting component
1,400.0,2.625,22633.41875,1,1,0.5156473983207063,0.9974134994949764,-0.4817661011742701,-32.34411816671203,hysteresis supporting component
1,400.0,2.625,22722.302499999998,1,1,0.5055211340668161,0.909868879172523,-0.4043477451057069,-27.146516154343775,hysteresis supporting component
1,400.0,2.625,22811.18625,1,1,0.49539486981292546,0.8748769876850756,-0.37948211787215014,-25.477123510130628,hysteresis supporting component
1,400.0,2.625,22900.07,1,1,0.48526860555903484,1.060997624424814,-0.5757290188657792,-38.65246511286599,hysteresis supporting component
1,400.0,2.625,22988.95375,1,1,0.4751423413051442,1.1134001380415726,-0.6382577967364284,-42.85043208343286,hysteresis supporting component
1,400.0,2.625,23077.8375,1,1,0.46501607705125353,1.0854808724580638,-0.6204647954068103,-41.65587120390462,hysteresis supporting component
1,400.0,2.625,23166.72125,1,1,0.4548898127973633,1.0575616068745564,-0.6026717940771931,-40.46131032437642,hysteresis supporting component
1,400.0,2.625,23255.605,1,1,0.44476354854347266,1.0296423412910476,-0.5848787927475749,-39.26674944484817,hysteresis supporting component
1,400.0,2.625,23344.48875,1,1,0.43463728428958204,1.001723075707539,-0.567085791417957,-38.072188565319934,hysteresis supporting component
1,400.0,2.625,23433.372499999998,1,1,0.4245110200356918,0.9738038101240314,-0.5492927900883395,-36.87762768579172,hysteresis supporting component
1,400.0,2.625,23522.25625,1,1,0.4143847557818012,0.9458845445405227,-0.5314997887587216,-35.68306680626348,hysteresis supporting component
1,400.0,2.625,23611.14,1,1,0.40425849152791055,0.9179652789570141,-0.5137067874291035,-34.48850592673523,hysteresis supporting component
1,400.0,2.625,23700.02375,1,1,0.3941322272740199,0.8900460133735053,-0.4959137860994854,-33.29394504720698,hysteresis supporting component
1,400.0,2.625,23788.9075,1,1,0.38400596302012924,0.8621267477899967,-0.4781207847698674,-32.09938416767874,hysteresis supporting component
1,400.0,2.625,23877.79125,1,1,0.37387969876623905,0.8342074822064891,-0.46032778344025005,-30.90482328815054,hysteresis supporting component
1,400.0,2.625,23966.675,1,1,0.013809750834312802,0.8062882166229803,-0.7924784657886675,-53.20427709539365,hysteresis supporting component
1,400.0,3.5,638.5833333333334,1,1,0.4337200269297662,1.5358450942277875,-1.1021250672980214,-72.51084147021989,hysteresis supporting component
1,400.0,3.5,647.5466666666667,1,1,0.41545038510526106,1.3924638424840943,-0.9770134573788332,-64.27951783725406,hysteresis supporting component
1,400.0,3.5,656.51,1,1,0.39718074328075614,1.2490825907404028,-0.8519018474596467,-56.04819420428836,hysteresis supporting component
1,400.0,3.5,665.4733333333334,1,1,0.38511143377189305,1.1057013389967096,-0.7205899052248166,-47.408939269383815,hysteresis supporting component
1,400.0,3.5,674.4366666666667,1,1,0.4270320215385811,1.0250155777331833,-0.5979835561946022,-39.342441372218815,hysteresis supporting component
1,400.0,3.5,683.4000000000001,1,1,0.4689526093052691,0.9650525218831908,-0.4960999125779217,-32.63932849519374,hysteresis supporting component
1,400.0,3.5,692.3633333333333,1,1,0.5108731970719567,0.905089466033199,-0.3942162689612423,-25.936215618168728,hysteresis supporting component
1,400.0,3.5,701.3266666666667,1,1,0.5527937848386446,0.8451264101832066,-0.29233262534456195,-19.23310274114366,hysteresis supporting component
1,400.0,3.5,710.2900000000001,1,1,0.5947143726053327,0.7851633543332139,-0.19044898172788127,-12.529989864118567,hysteresis supporting component
1,400.0,3.5,719.2533333333333,1,1,0.5958595373092426,0.7252002984832222,-0.12934076117397963,-8.509567296311186,hysteresis supporting component
1,400.0,3.5,728.2166666666667,1,1,0.566858318726765,0.6652372426332297,-0.09837892390646474,-6.472530901489367,hysteresis supporting component
1,400.0,3.5,737.1800000000001,1,1,0.5378571001442874,0.6052741867832372,-0.06741708663894974,-4.4354945066675375,hysteresis supporting component
1,400.0,3.5,746.1433333333334,1,1,0.5088558815618098,0.7668308239065812,-0.25797494234477136,-16.97264739065464,hysteresis supporting component
1,400.0,3.5,755.1066666666667,1,1,0.47985466297933266,0.9365887300331764,-0.4567340670538438,-30.049376892753944,hysteresis supporting component
1,400.0,3.5,764.07,1,1,0.45085344439685504,1.1063466361597738,-0.6554931917629188,-43.126106394853416,hysteresis supporting component
1,400.0,3.5,773.0333333333333,1,1,0.42185222581437787,1.276104542286369,-0.8542523164719912,-56.20283589695272,hysteresis supporting component
1,400.0,3.5,781.9966666666667,1,1,0.39285100723190025,1.3970463734512755,-1.0041953662193752,-66.06786576733661,hysteresis supporting component
1,400.0,3.5,790.96,1,1,0.36384978864942275,1.241887384597712,-0.8780375959482893,-57.76771331477517,hysteresis supporting component
1,400.0,3.5,799.9233333333334,1,1,0.33484857006694513,1.0867283957441485,-0.7518798256772034,-49.46756086221371,hysteresis supporting component
1,400.0,3.5,808.8866666666667,1,1,0.30584735148446796,0.9315694068905871,-0.6257220554061191,-41.16740840965237,hysteresis supporting component
1,400.0,3.5,817.85,1,1,0.2768461329019904,0.427340155834759,-0.1504940229327686,-9.901279412731864,hysteresis supporting component
1,400.0,3.5,22897.0,1,1,0.9150917686051289,2.0765856991060803,-1.1614939305009515,-42.15757971566818,hysteresis supporting component
1,400.0,3.5,23130.19125,1,1,1.3335581082912527,1.6886015785431534,-0.35504347025190075,-12.886656577892214,hysteresis supporting component
1,400.0,3.5,23363.3825,1,1,1.1653371060405107,1.3006174579802268,-0.1352803519397161,-4.910135189774507,hysteresis supporting component
1,400.0,3.5,23596.57375,1,1,0.9971161037897689,1.4793532260261921,-0.48223712223642323,-17.503276933843416,hysteresis supporting component
1,400.0,3.5,23829.765,1,1,0.828895101539027,2.021081393651511,-1.192186292112484,-43.271589567396134,hysteresis supporting component
1,400.0,3.5,24062.95625,1,1,0.6606740992882851,2.0734800507492195,-1.4128059514609344,-51.27919996602684,hysteresis supporting component
1,400.0,3.5,24296.1475,1,1,0.49245309703754325,1.552351749476372,-1.0598986524388287,-38.470077851760756,hysteresis supporting component
1,400.0,3.5,24529.33875,1,1,0.3648947323673715,1.0312234482035239,-0.6663287158361524,-24.185064783408603,hysteresis supporting component
1,400.0,3.5,24762.53,1,1,0.3000343196789471,0.510095146930676,-0.21006082725172892,-7.624367065081886,hysteresis supporting component
1,400.0,3.5,24995.72125,1,1,0.23517390699052276,1.2652809836328045,-1.0301070766422817,-37.38876291888236,hysteresis supporting component
1,400.0,3.5,25228.9125,1,1,0.17031349430209838,1.7680563076493674,-1.597742813347269,-57.99166767042202,hysteresis supporting component
1,400.0,3.5,25462.103750000002,1,1,0.105453081613673,1.9335077976423252,-1.8280547160286522,-66.35106769980484,hysteresis supporting component
1,400.0,3.5,25695.295,1,1,0.04059266892524965,1.8895576896029653,-1.8489650206777157,-67.11002804559124,hysteresis supporting component
1,400.0,3.5,25928.48625,1,1,0.4826958251023737,1.8171533117123717,-1.334457486609998,-48.435464354658635,hysteresis supporting component
1,400.0,3.5,26161.6775,1,1,1.0989256306179496,1.7447489338217794,-0.6458233032038299,-23.440800396872405,hysteresis supporting component
1,400.0,3.5,26394.86875,1,1,1.0523461243603511,1.6723445559311871,-0.619998431570836,-22.50346094470215,hysteresis supporting component
1,400.0,3.5,26628.06,1,1,1.0057666181027525,1.5999401780405949,-0.5941735599378424,-21.56612149253191,hysteresis supporting component
1,400.0,3.5,26861.25125,1,1,0.9591871118451538,1.5275358001500023,-0.5683486883048485,-20.628782040361653,hysteresis supporting component
1,400.0,3.5,27094.4425,1,1,0.9126076055875552,1.45513142225941,-0.5425238166718549,-19.69144258819141,hysteresis supporting component
1,400.0,3.5,27327.63375,1,1,0.8660280993299566,1.3827270443688178,-0.5166989450388612,-18.75410313602116,hysteresis supporting component
1,400.0,3.5,27560.825,1,1,0.8194485930723581,0.6301181558128458,0.18933043725951226,6.871936901063007,hysteresis supporting component
1,600.0,2.625,25211.675,1,1,0.01655468185958016,1.5197823722988009,-1.5032276904392208,-99.58577314566654,hysteresis supporting component
1,600.0,2.625,25290.079999999998,1,1,0.07508392424250879,1.367093348920549,-1.2920094246780403,-85.5929931881818,hysteresis supporting component
1,600.0,2.625,25368.485,1,1,0.13361316662544015,1.21440432554229,-1.08079115891685,-71.60021323069637,hysteresis supporting component
1,600.0,2.625,25446.89,1,1,0.19214240900836876,1.0617153021640384,-0.8695728931556697,-57.60743327321164,hysteresis supporting component
1,600.0,2.625,25525.295,1,1,0.2506716513912974,0.9090262787857866,-0.6583546273944891,-43.614653315726876,hysteresis supporting component
1,600.0,2.625,25603.7,1,1,0.3092008937742287,0.9152168620173798,-0.6060159682431512,-40.14732373542186,hysteresis supporting component
1,600.0,2.625,25682.105,1,1,0.3677301361571574,0.9501159726245736,-0.5823858364674162,-38.58187562840024,hysteresis supporting component
1,600.0,2.625,25760.51,1,1,0.426259378540086,0.9850150832317673,-0.5587557046916813,-37.016427521378645,hysteresis supporting component
1,600.0,2.625,25838.915,1,1,0.48478862092301733,1.0199141938389626,-0.5351255729159453,-35.45097941435696,hysteresis supporting component
1,600.0,2.625,25917.32,1,1,0.543317863305946,1.0548133044461563,-0.5114954411402103,-33.88553130733534,hysteresis supporting component
1,600.0,2.625,25995.725,1,1,0.5595270413118891,1.0897124150533501,-0.530185373741461,-35.123701279837725,hysteresis supporting component
1,600.0,2.625,26074.13,1,1,0.55140602639754,1.1246115256605456,-0.5732054992630056,-37.97369698450363,hysteresis supporting component
1,600.0,2.625,26152.535,1,1,0.5432850114831913,1.1595106362677392,-0.6162256247845479,-40.8236926891694,hysteresis supporting component
1,600.0,2.625,26230.940000000002,1,1,0.5351639965688422,1.1944097468749346,-0.6592457503060924,-43.673688393835306,hysteresis supporting component
1,600.0,2.625,26309.345,1,1,0.5270429816544935,1.2293088574821283,-0.7022658758276348,-46.523684098501064,hysteresis supporting component
1,600.0,2.625,26387.75,1,1,0.5189219667401448,1.264207968089322,-0.7452860013491771,-49.37367980316683,hysteresis supporting component
1,600.0,2.625,26466.155000000002,1,1,0.5108009518257957,1.2991070786965173,-0.7883061268707217,-52.223675507832745,hysteresis supporting component
1,600.0,2.625,26544.56,1,1,0.502679936911447,1.334006189303711,-0.831326252392264,-55.07367121249851,hysteresis supporting component
1,600.0,2.625,26622.965,1,1,0.4945589219970982,1.3689052999109048,-0.8743463779138065,-57.92366691716428,hysteresis supporting component
1,600.0,2.625,26701.370000000003,1,1,0.48643790708274914,1.4038044105181,-0.9173665034353509,-60.77366262183017,hysteresis supporting component
1,600.0,2.625,26779.775,1,1,0.4783168921684004,1.4387035211252939,-0.9603866289568934,-63.623658326495956,hysteresis supporting component
1,600.0,3.5,829.0,1,1,0.741233721163149,1.0934570295867707,-0.3522233084236217,-23.13442084348366,hysteresis supporting component
1,600.0,3.5,844.9925,1,1,0.7371320806634472,1.1575881750558206,-0.4204560943923734,-27.61602654126997,hysteresis supporting component
1,600.0,3.5,860.985,1,1,0.7330304401637453,1.2217193205248709,-0.48868888036112557,-32.09763223905632,hysteresis supporting component
1,600.0,3.5,876.9775,1,1,0.7289287996640434,1.2858504659939207,-0.5569216663298773,-36.57923793684263,hysteresis supporting component
1,600.0,3.5,892.97,1,1,0.7248271591643416,1.3499816114629712,-0.6251544522986296,-41.06084363462899,hysteresis supporting component
1,600.0,3.5,908.9625,1,1,0.7207255186646397,1.414112756932021,-0.6933872382673814,-45.5424493324153,hysteresis supporting component
1,600.0,3.5,924.9549999999999,1,1,0.7166238781649379,1.4536494251607868,-0.7370255469958489,-48.40866225722278,hysteresis supporting component
1,600.0,3.5,940.9475,1,1,0.7125222376652359,1.4796119944760044,-0.7670897568107685,-50.38331318335807,hysteresis supporting component
1,600.0,3.5,956.9399999999999,1,1,0.7084205971655341,1.5055745637912217,-0.7971539666256876,-52.35796410949334,hysteresis supporting component
1,600.0,3.5,972.9325,1,1,0.7043189566658322,1.5315371331064391,-0.8272181764406069,-54.332615035628606,hysteresis supporting component
1,600.0,3.5,988.925,1,1,0.7002173161661304,1.2276350717762259,-0.5274177556100955,-34.64138808194579,hysteresis supporting component
1,600.0,3.5,1004.9175,1,1,0.6961156756664285,0.8031246830044719,-0.10700900733804342,-7.028471286813065,hysteresis supporting component
1,600.0,3.5,1020.91,1,1,0.6920140351667267,0.7665122724268194,-0.07449823726009275,-4.893127546232249,hysteresis supporting component
1,600.0,3.5,1036.9025,1,1,0.6879123946670248,0.7431163728168046,-0.05520397814977984,-3.625859028089904,hysteresis supporting component
1,600.0,3.5,1052.895,1,1,0.683810754167323,0.7197204732067897,-0.035909719039466714,-2.3585905099475437,hysteresis supporting component
1,600.0,3.5,1068.8874999999998,1,1,0.6797091136676211,0.696324573596775,-0.01661545992915392,-1.0913219918052053,hysteresis supporting component
1,600.0,3.5,1084.8799999999999,1,1,0.6756074731679192,0.67292867398676,0.0026787991811592082,0.1759465263371548,hysteresis supporting component
1,600.0,3.5,1100.8725,1,1,0.6437276683688458,0.6495327743767451,-0.005805106007899297,-0.3812858553536064,hysteresis supporting component
1,600.0,3.5,1116.865,1,1,0.5493787363388827,0.6261368747667301,-0.0767581384278474,-5.041560382530059,hysteresis supporting component
1,600.0,3.5,1132.8574999999998,1,1,0.45502980430892087,0.6027409751567154,-0.14771117084779456,-9.701834909706449,hysteresis supporting component
1,600.0,3.5,1148.85,1,1,0.29853750515672983,0.5793450755467004,-0.2808075703899706,-18.443755294083395,hysteresis supporting component
1,600.0,3.5,24519.535714285714,1,1,0.6934028029336927,2.4084799182217145,-1.7150771152880218,-61.57969635906755,hysteresis supporting component
1,600.0,3.5,24767.030357142856,1,1,0.6745758833144844,2.451458005207074,-1.7768821218925896,-63.79879980710131,hysteresis supporting component
1,600.0,3.5,25014.525,1,1,0.6557489636952758,2.494436092192434,-1.8386871284971582,-66.0179032551351,hysteresis supporting component
1,600.0,3.5,25262.019642857143,1,1,0.6369220440760675,2.537414179177793,-1.9004921351017257,-68.23700670316886,hysteresis supporting component
1,600.0,3.5,25509.514285714286,1,1,0.6180951244568591,2.5803922661631526,-1.9622971417062935,-70.45611015120262,hysteresis supporting component
1,600.0,3.5,25757.008928571428,1,1,0.39653968879578433,1.7431177582791748,-1.3465780694833904,-48.348769803648764,hysteresis supporting component
1,600.0,3.5,26004.50357142857,1,1,0.030562886052050244,1.4699282949745784,-1.4393654089225283,-51.68029124819227,hysteresis supporting component
1,600.0,3.5,26251.998214285715,1,1,0.846780462646103,1.561953469549521,-0.715173006903418,-25.6782253210334,hysteresis supporting component
1,600.0,3.5,26499.492857142857,1,1,0.7455056919600934,1.653978644124462,-0.9084729521643685,-32.61864323535833,hysteresis supporting component
1,600.0,3.5,26746.9875,1,1,0.644230921274084,1.746003818699403,-1.101772897425319,-39.55906114968325,hysteresis supporting component
1,600.0,3.5,26994.482142857145,1,1,0.5429561505880729,1.8380289932743452,-1.2950728426862723,-46.499479064008284,hysteresis supporting component
1,600.0,3.5,27241.976785714287,1,1,0.44168137990206346,1.9252983785448883,-1.483616998642825,-53.26914077226995,hysteresis supporting component
1,600.0,3.5,27489.47142857143,1,1,0.4270659707569572,1.6787831677980918,-1.2517171970411347,-44.94279833491434,hysteresis supporting component
1,600.0,3.5,27736.96607142857,1,1,0.5097396108205491,1.2182952624347152,-0.7085556516141661,-25.440629748344662,hysteresis supporting component
1,600.0,3.5,27984.460714285713,1,1,0.592413250884141,2.799970993134772,-2.2075577422506307,-79.26217092580896,hysteresis supporting component
1,600.0,3.5,28231.95535714286,1,1,0.6750868909477341,2.596106361737687,-1.921019470789953,-68.97403892607821,hysteresis supporting component
1,600.0,3.5,28479.45,1,1,0.757760531011326,2.392241730340605,-1.6344811993292792,-58.6859069263476,hysteresis supporting component
1,600.0,3.5,28726.944642857143,1,1,0.8404341710749179,2.1883770989435236,-1.3479429278686057,-48.397774926617,hysteresis supporting component
1,600.0,3.5,28974.43928571429,1,1,0.9231078111385111,1.9845124675464385,-1.0614046564079274,-38.109642926886224,hysteresis supporting component
1,600.0,3.5,29221.93392857143,1,1,1.005781451202103,1.7806478361493567,-0.7748663849472537,-27.821510927155614,hysteresis supporting component
1,600.0,3.5,29469.428571428572,1,1,1.088455091265695,1.5767832047522747,-0.4883281134865798,-17.533378927425,hysteresis supporting component
2,200.0,1.75,23787.45,1,1,0.015968299938122675,0.27462416653292593,-0.2586558665948033,-39.00797568581778,hysteresis supporting component
2,200.0,1.75,23826.38,1,1,0.02317050699652537,0.2797589346051359,-0.25658842760861056,-38.69618453734307,hysteresis supporting component
2,200.0,1.75,23865.31,1,1,0.030372714054928064,0.2848937026773458,-0.25452098862241773,-38.38439338886834,hysteresis supporting component
2,200.0,1.75,23904.24,1,1,0.03757492111333076,0.29002847074955573,-0.25245354963622496,-38.07260224039361,hysteresis supporting component
2,200.0,1.75,23943.170000000002,1,1,0.04477712817173346,0.29516323882176565,-0.2503861106500322,-37.76081109191888,hysteresis supporting component
2,200.0,1.75,23982.1,1,1,0.05197933523013548,0.3002980068939751,-0.24831867166383964,-37.44901994344419,hysteresis supporting component
2,200.0,1.75,24021.03,1,1,0.059181542288538176,0.30543277496618504,-0.24625123267764687,-37.13722879496946,hysteresis supporting component
2,200.0,1.75,24059.96,1,1,0.06638374934694087,0.31056754303839496,-0.2441837936914541,-36.825437646494734,hysteresis supporting component
2,200.0,1.75,24098.89,1,1,0.07358595640534357,0.31570231111060487,-0.2421163547052613,-36.51364649802,hysteresis supporting component
2,200.0,1.75,24137.82,1,1,0.08078816346374626,0.32083707918281484,-0.24004891571906858,-36.20185534954528,hysteresis supporting component
2,200.0,1.75,24176.75,1,1,0.08799037052214895,0.32597184725502476,-0.2379814767328758,-35.89006420107056,hysteresis supporting component
2,200.0,1.75,24215.68,1,1,0.09519257758055166,0.33110661532723473,-0.23591403774668307,-35.57827305259584,hysteresis supporting component
2,200.0,1.75,24254.61,1,1,0.10239478463895435,0.33624138339944465,-0.2338465987604903,-35.26648190412111,hysteresis supporting component
2,200.0,1.75,24293.54,1,1,0.10959699169735704,0.34137615147165457,-0.23177915977429753,-34.95469075564638,hysteresis supporting component
2,200.0,1.75,24332.47,1,1,0.11679919875575975,0.3465109195438645,-0.22971172078810473,-34.64289960717165,hysteresis supporting component
2,200.0,1.75,24371.4,1,1,0.12400140581416244,0.3516456876160744,-0.22764428180191196,-34.33110845869693,hysteresis supporting component
2,200.0,1.75,24410.329999999998,1,1,0.13120361287256446,0.35678045568828387,-0.2255768428157194,-34.019317310222235,hysteresis supporting component
2,200.0,1.75,24449.26,1,1,0.13840581993096715,0.3619152237604938,-0.22350940382952664,-33.70752616174751,hysteresis supporting component
2,200.0,1.75,24488.19,1,1,0.14560802698936987,0.3670499918327037,-0.22144196484333384,-33.39573501327278,hysteresis supporting component
2,200.0,1.75,24527.12,1,1,0.15281023404777255,0.4845351260273946,-0.33172489197962207,-50.02753925930714,hysteresis supporting component
2,200.0,1.75,24566.05,1,1,0.16001244110617524,0.679052866740812,-0.5190404256346368,-78.27665604364533,hysteresis supporting component
2,200.0,2.625,23100.55,1,1,0.6298116457084559,0.2758383979146491,0.35397324779380684,32.42141708487279,hysteresis supporting component
2,200.0,2.625,23164.39875,1,1,0.5939299190075976,0.30414823798250207,0.28978168102509555,26.541928811363043,hysteresis supporting component
2,200.0,2.625,23228.247499999998,1,1,0.5580481923067413,0.33245807805035343,0.22559011425638786,20.66244053785362,hysteresis supporting component
2,200.0,2.625,23292.09625,1,1,0.522166465605883,0.3607679181182064,0.16139854748767657,14.782952264343868,hysteresis supporting component
2,200.0,2.625,23355.945,1,1,0.48628473890502466,0.399573913394798,0.08671082551022669,7.942091265830044,hysteresis supporting component
2,200.0,2.625,23419.79375,1,1,0.45040301220416634,0.4599568039476446,-0.009553791743478257,-0.875058973489866,hysteresis supporting component
2,200.0,2.625,23483.6425,1,1,0.414521285503308,0.5203396945004912,-0.1058184089971832,-9.692209212809775,hysteresis supporting component
2,200.0,2.625,23547.49125,1,1,0.3786395588024517,0.5807225850533344,-0.2020830262508827,-18.509359452129186,hysteresis supporting component
2,200.0,2.625,23611.34,1,1,0.3427578321015934,0.6411054756061809,-0.29834764350458753,-27.326509691449086,hysteresis supporting component
2,200.0,2.625,23675.18875,1,1,0.306876105400735,0.7014883661590277,-0.39461226075829264,-36.14365993076901,hysteresis supporting component
2,200.0,2.625,23739.0375,1,1,0.27099437869987875,0.7618712567118708,-0.4908768780119921,-44.960810170088415,hysteresis supporting component
2,200.0,2.625,23802.88625,1,1,0.23511265199902043,0.8222541472647173,-0.5871414952656969,-53.77796040940832,hysteresis supporting component
2,200.0,2.625,23866.735,1,1,0.1992309252981621,0.8826370378175641,-0.683406112519402,-62.59511064872824,hysteresis supporting component
2,200.0,2.625,23930.58375,1,1,0.16334919859730374,0.9430199283704106,-0.7796707297731069,-71.41226088804815,hysteresis supporting component
2,200.0,2.625,23994.432500000003,1,1,0.12746747189644547,1.0034028189232573,-0.8759353470268119,-80.22941112736805,hysteresis supporting component
2,200.0,2.625,24058.28125,1,1,0.09158574519558915,1.0637857094761005,-0.9721999642805114,-89.04656136668747,hysteresis supporting component
2,200.0,2.625,24122.13,1,1,0.055704018494730834,1.0430602221660554,-0.9873562036713246,-90.43476446336321,hysteresis supporting component
2,200.0,2.625,24185.978750000002,1,1,0.019822291793872515,0.7901540297744003,-0.7703317379805278,-70.55687605332814,hysteresis supporting component
2,200.0,2.625,24249.8275,1,1,0.5510068252223311,0.6562761335374417,-0.10526930831511061,-9.641915518735376,hysteresis supporting component
2,200.0,2.625,24313.67625,1,1,0.8081865888657518,0.7613870380298314,0.046799550835920356,4.286504040892742,hysteresis supporting component
2,200.0,2.625,24377.525,1,1,0.7759145333324409,0.8664979425222212,-0.09058340918978036,-8.296792225446117,hysteresis supporting component
2,200.0,3.5,23106.325,1,1,0.6313275774726776,1.3722889636613862,-0.7409613861887085,-42.14092785270424,hysteresis supporting component
2,200.0,3.5,23279.65625,1,1,0.7053339665873449,1.5610240798143322,-0.8556901132269873,-48.665930503141105,hysteresis supporting component
2,200.0,3.5,23452.9875,1,1,0.7793403557020121,1.2682902745175795,-0.4889499188155674,-27.80820112418756,hysteresis supporting component
2,200.0,3.5,23626.318750000002,1,1,0.8533467448166809,0.9755564692208208,-0.12220972440413991,-6.950471745233583,hysteresis supporting component
2,200.0,3.5,23799.65,1,1,0.7290258218481043,0.6828226639240682,0.046203157924036065,2.627726600786764,hysteresis supporting component
2,200.0,3.5,23972.98125,1,1,0.5425068535355002,0.3900888586273157,0.15241799490818453,8.668516128644553,hysteresis supporting component
2,200.0,3.5,24146.3125,1,1,0.35598788522289626,0.6996599290039762,-0.34367204378107996,-19.545767258486325,hysteresis supporting component
2,200.0,3.5,24319.64375,1,1,0.1694689169102923,0.8299555830435674,-0.6604866661332751,-37.5640640173749,hysteresis supporting component
2,200.0,3.5,24492.975000000002,1,1,0.03264205067587443,0.7851258098541267,-0.7524837591782523,-42.79624336292523,hysteresis supporting component
2,200.0,3.5,24666.30625,1,1,0.1296850302921328,0.7402960366646868,-0.610611006372554,-34.72747007501894,hysteresis supporting component
2,200.0,3.5,24839.6375,1,1,0.22672800990839115,0.695466263475247,-0.46873825356685583,-26.658696787112646,hysteresis supporting component
2,200.0,3.5,25012.96875,1,1,0.32377098952464944,0.6506364902858072,-0.3268655007611577,-18.589923499206357,hysteresis supporting component
2,200.0,3.5,25186.300000000003,1,1,0.42081396914090985,1.3571253055269388,-0.9363113363860289,-53.25112645514268,hysteresis supporting component
2,200.0,3.5,25359.631250000002,1,1,0.5178569487571683,1.2106206915362256,-0.6927637427790574,-39.39976825727129,hysteresis supporting component
2,200.0,3.5,25532.9625,1,1,0.6148999283734266,1.0641160775455125,-0.44921614917208597,-25.548410059399902,hysteresis supporting component
2,200.0,3.5,25706.29375,1,1,0.711942907989685,0.9176114635547994,-0.20566855556511443,-11.69705186152851,hysteresis supporting component
2,200.0,3.5,25879.625,1,1,0.8089858876059433,0.7711068495640861,0.037879038041857105,2.154306336342881,hysteresis supporting component
2,200.0,3.5,26052.956250000003,1,1,0.9060288672222037,0.6246022355733699,0.28142663164883375,16.005664534214564,hysteresis supporting component
2,200.0,3.5,26226.287500000002,1,1,1.003071846838462,0.4780976215826568,0.5249742252558053,29.85702273208596,hysteresis supporting component
2,200.0,3.5,26399.61875,1,1,1.1001148264547205,0.33159300759194354,0.7685218188627769,43.70838092995735,hysteresis supporting component
2,200.0,3.5,26572.95,1,1,0.6054825748269203,0.18508839360123036,0.4203941812256899,23.90920929342004,hysteresis supporting component
2,400.0,2.625,24517.475,1,1,0.009943196469120475,0.9240853712867696,-0.9141421748176491,-89.52284105585106,hysteresis supporting component
2,400.0,2.625,24552.774779411764,1,1,0.3870848113770808,0.8729299155627239,-0.48584510418564314,-47.57928825289224,hysteresis supporting component
2,400.0,2.625,24588.07455882353,1,1,0.39738653244814626,0.8217744598386783,-0.424387927390532,-41.56072656573721,hysteresis supporting component
2,400.0,2.625,24623.37433823529,1,1,0.40768825351921073,0.7706190041146377,-0.36293075059542695,-35.54216487858278,hysteresis supporting component
2,400.0,2.625,24658.674117647057,1,1,0.41798997459027626,0.719463548390592,-0.30147357380031575,-29.523603191427757,hysteresis supporting component
2,400.0,2.625,24693.973897058822,1,1,0.42829169566134173,0.6683080926665463,-0.2400163970052046,-23.505041504272732,hysteresis supporting component
2,400.0,2.625,24729.273676470588,1,1,0.43859341673240726,0.6171526369425007,-0.1785592202100934,-17.4864798171177,hysteresis supporting component
2,400.0,2.625,24764.573455882353,1,1,0.4488951378034728,0.565997181218455,-0.1171020434149822,-11.467918129962671,hysteresis supporting component
2,400.0,2.625,24799.873235294115,1,1,0.4591968588745372,0.5148417254944145,-0.05564486661987733,-5.44935644280826,hysteresis supporting component
2,400.0,2.625,24835.17301470588,1,1,0.46949857994560273,0.46368626977036886,0.00581231017523387,0.56920524434677,hysteresis supporting component
2,400.0,2.625,24870.472794117646,1,1,0.47980030101666826,0.43525789676974097,0.04454240424692729,4.362081397719744,hysteresis supporting component
2,400.0,2.625,24905.77257352941,1,1,0.49010202208773374,0.45297039340706863,0.03713162868066511,3.636336867607221,hysteresis supporting component
2,400.0,2.625,24941.072352941177,1,1,0.5004037431587993,0.4706828900443963,0.029720853114403034,2.91059233749471,hysteresis supporting component
2,400.0,2.625,24976.37213235294,1,1,0.5107054642298637,0.4883953866817221,0.022310077548141627,2.1848478073822633,hysteresis supporting component
2,400.0,2.625,25011.671911764704,1,1,0.5210071853009293,0.5061078833190498,0.014899301981879498,1.459103277269746,hysteresis supporting component
2,400.0,2.625,25046.97169117647,1,1,0.5313089063719947,0.5238203799563774,0.007488526415617258,0.7333587471572183,hysteresis supporting component
2,400.0,2.625,25082.271470588235,1,1,0.5416106274430602,0.5415328765937051,7.775084935512933e-05,0.007614217044701085,hysteresis supporting component
2,400.0,2.625,25117.57125,1,1,0.5519123485141257,0.5592453732310327,-0.0073330247169069995,-0.718130313067816,hysteresis supporting component
2,400.0,2.625,25152.871029411763,1,1,0.5622140695851902,0.5769578698683585,-0.014743800283168351,-1.443874843180257,hysteresis supporting component
2,400.0,2.625,25188.17080882353,1,1,0.5725157906562557,0.5946703665056862,-0.02215457584943048,-2.169619373292774,hysteresis supporting component
2,400.0,2.625,25223.470588235294,1,1,0.5828175117273212,0.6123828631430138,-0.02956535141569261,-2.895363903405291,hysteresis supporting component
2,400.0,3.5,23397.166666666668,1,1,1.0626233621019616,1.363764304518837,-0.3011409424168754,-16.63875072641969,hysteresis supporting component
2,400.0,3.5,23544.020833333336,1,1,1.004400057515676,1.308154552462161,-0.303754494946485,-16.78315569739962,hysteresis supporting component
2,400.0,3.5,23690.875,1,1,0.9461767529293917,1.2525448004054862,-0.3063680474760945,-16.92756066837954,hysteresis supporting component
2,400.0,3.5,23837.729166666668,1,1,0.8879534483431061,1.1969350483488101,-0.30898160000570407,-17.071965639359473,hysteresis supporting component
2,400.0,3.5,23984.583333333336,1,1,0.8297301437568204,1.141325296292134,-0.31159515253531367,-17.216370610339403,hysteresis supporting component
2,400.0,3.5,24131.4375,1,1,0.7715068391705362,1.0910272082322672,-0.319520369061731,-17.654257604972685,hysteresis supporting component
2,400.0,3.5,24278.291666666668,1,1,0.7132835345842505,1.05776299353664,-0.3444794589523894,-19.033306470649926,hysteresis supporting component
2,400.0,3.5,24425.145833333336,1,1,0.6550602299979649,1.0244987788410125,-0.3694385488430476,-20.412355336327153,hysteresis supporting component
2,400.0,3.5,24572.0,1,1,0.5968369254116805,0.9912345641453861,-0.3943976387337056,-21.79140420200437,hysteresis supporting component
2,400.0,3.5,24718.854166666668,1,1,0.538613620825395,0.9579703494497588,-0.4193567286243638,-23.1704530676816,hysteresis supporting component
2,400.0,3.5,24865.708333333336,1,1,0.4803903162391093,0.9247061347541314,-0.4443158185150221,-24.549501933358833,hysteresis supporting component
2,400.0,3.5,25012.5625,1,1,0.422167011652825,0.891441920058505,-0.46927490840568,-25.928550799036042,hysteresis supporting component
2,400.0,3.5,25159.416666666668,1,1,0.33880326356570406,0.8581777053628776,-0.5193744417971735,-28.696668747133053,hysteresis supporting component
2,400.0,3.5,25306.270833333332,1,1,0.17377246968495758,0.8463621600600386,-0.672589690375081,-37.162174327723186,hysteresis supporting component
2,400.0,3.5,25453.125,1,1,0.013476033980505148,1.2570336998133749,-1.2435576658328698,-68.70950807837393,hysteresis supporting component
2,400.0,3.5,25599.979166666668,1,1,0.11330627807376642,1.6677052395667111,-1.5543989614929448,-85.8842263098311,hysteresis supporting component
2,400.0,3.5,25746.833333333332,1,1,0.21313652216702522,1.5100866835857987,-1.2969501614187735,-71.65956999152789,hysteresis supporting component
2,400.0,3.5,25893.6875,1,1,0.31296676626028647,1.0119839754192772,-0.6990172091589908,-38.62235736970403,hysteresis supporting component
2,400.0,3.5,26040.541666666668,1,1,0.41279701035354777,0.5138812672527555,-0.10108425689920775,-5.585144747880141,hysteresis supporting component
2,400.0,3.5,26187.395833333332,1,1,0.5126272544468066,0.9965079016942984,-0.4838806472474918,-26.735552483409048,hysteresis supporting component
2,400.0,3.5,26334.25,1,1,0.6119168714941275,1.644273969916457,-1.0323570984223296,-57.04017621596075,hysteresis supporting component
2,600.0,3.5,25004.0,1,1,0.8157177251898257,1.4729162059634677,-0.6571984807736421,-41.61438678280641,hysteresis supporting component
2,600.0,3.5,25084.682352941178,1,1,0.7880985486065217,1.4834011734268893,-0.6953026248203675,-44.02717475292096,hysteresis supporting component
2,600.0,3.5,25165.36470588235,1,1,0.7604793720232191,1.4938861408903106,-0.7334067688670914,-46.43996272303542,hysteresis supporting component
2,600.0,3.5,25246.04705882353,1,1,0.7328601954399152,1.5043711083537323,-0.7715109129138171,-48.852750693149986,hysteresis supporting component
2,600.0,3.5,25326.729411764707,1,1,0.7052410188566113,1.5148560758171539,-0.8096150569605426,-51.26553866326454,hysteresis supporting component
2,600.0,3.5,25407.41176470588,1,1,0.6776218422733087,1.5253410432805752,-0.8477192010072665,-53.678326633378994,hysteresis supporting component
2,600.0,3.5,25488.09411764706,1,1,0.6500026656900048,1.535826010743997,-0.8858233450539922,-56.091114603493565,hysteresis supporting component
2,600.0,3.5,25568.776470588236,1,1,0.6216741245866432,1.5463109782074187,-0.9246368536207755,-58.54882015995575,hysteresis supporting component
2,600.0,3.5,25649.45882352941,1,1,0.562719541378193,1.5567959456708398,-0.9940764042926468,-62.945793683512676,hysteresis supporting component
2,600.0,3.5,25730.141176470588,1,1,0.5037649581697402,1.5672809131342615,-1.0635159549645214,-67.34276720706981,hysteresis supporting component
2,600.0,3.5,25810.823529411762,1,1,0.44481037496129006,1.5777658805976826,-1.1329555056363927,-71.73974073062672,hysteresis supporting component
2,600.0,3.5,25891.50588235294,1,1,0.38585579175283724,1.5882508480611044,-1.202395056308267,-76.13671425418384,hysteresis supporting component
2,600.0,3.5,25972.188235294117,1,1,0.32690120854438437,1.4964630111018102,-1.169561802557426,-74.05768370116567,hysteresis supporting component
2,600.0,3.5,26052.87058823529,1,1,0.2679466253359342,1.40221647300588,-1.1342698476699458,-71.82296602610336,hysteresis supporting component
2,600.0,3.5,26133.55294117647,1,1,0.2089920421274814,1.3079699349099452,-1.0989778927824638,-69.58824835104093,hysteresis supporting component
2,600.0,3.5,26214.235294117647,1,1,0.15003745891902853,1.2137233968140104,-1.063685937894982,-67.35353067597852,hysteresis supporting component
2,600.0,3.5,26294.91764705882,1,1,0.09108287571057838,1.11947685871808,-1.0283939830075015,-65.11881300091619,hysteresis supporting component
2,600.0,3.5,26375.6,1,1,0.032128292502125566,1.0252303206221451,-0.9931020281200196,-62.88409532585377,hysteresis supporting component
2,600.0,3.5,26456.282352941176,1,1,0.016744277464443034,0.9309837825262104,-0.9142395050617673,-57.89045088931945,hysteresis supporting component
2,600.0,3.5,26536.96470588235,1,1,0.029012637739026112,0.7784651437573029,-0.7494525060182768,-47.45599293545866,hysteresis supporting component
2,600.0,3.5,26617.647058823528,1,1,0.04128099801360974,1.1245479650123555,-1.0832669669987458,-68.59341868936862,hysteresis supporting component
3,200.0,2.625,35.15,1,1,0.020361723672226342,0.6492400708118266,-0.6288783471396002,-55.507784792604106,hysteresis supporting component
3,200.0,2.625,38.262499999999996,1,1,0.053410169131210404,0.700882417603903,-0.6474722484726926,-57.148970688646884,hysteresis supporting component
3,200.0,2.625,41.375,1,1,0.08645861459019454,0.7525247643959796,-0.666066149805785,-58.79015658468967,hysteresis supporting component
3,200.0,2.625,44.4875,1,1,0.11950706004917859,0.804167111188056,-0.6846600511388774,-60.431342480732454,hysteresis supporting component
3,200.0,2.625,47.6,1,1,0.15255550550816271,0.8558094579801325,-0.7032539524719699,-62.07252837677524,hysteresis supporting component
3,200.0,2.625,50.7125,1,1,0.18560395096714677,0.8341154843823173,-0.6485115334151705,-57.24070290551785,hysteresis supporting component
3,200.0,2.625,53.825,1,1,0.21865239642613093,0.812421510784502,-0.593769114358371,-52.40887743426044,hysteresis supporting component
3,200.0,2.625,56.9375,1,1,0.251700841885115,0.7907275371866868,-0.5390266953015718,-47.57705196300305,hysteresis supporting component
3,200.0,2.625,60.05,1,1,0.28474928734409904,0.7690335635888715,-0.4842842762447725,-42.74522649174567,hysteresis supporting component
3,200.0,2.625,63.1625,1,1,0.31779773280308315,0.7473395899910562,-0.42954185718797305,-37.913401020488266,hysteresis supporting component
3,200.0,2.625,66.275,1,1,0.3508461782620673,0.725645616393241,-0.37479943813117367,-33.08157554923088,hysteresis supporting component
3,200.0,2.625,69.3875,1,1,0.5179329706617795,0.7039516427954257,-0.1860186721336462,-16.418890024064282,hysteresis supporting component
3,200.0,2.625,72.5,1,1,0.6433695494201407,0.6822576691976104,-0.038888119777469754,-3.4324498425092576,hysteresis supporting component
3,200.0,2.625,75.61250000000001,1,1,0.664187373620741,0.6605636955997951,0.003623678020945875,0.3198430040710291,hysteresis supporting component
3,200.0,2.625,78.725,1,1,0.6850051978213411,0.63886972200198,0.04613547581936106,4.072135850651276,hysteresis supporting component
3,200.0,2.625,81.8375,1,1,0.7058230220219414,0.6171757484041647,0.08864727361777669,7.824428697231562,hysteresis supporting component
3,200.0,2.625,84.95,1,1,0.7266408462225415,0.6474247151469836,0.07921613107555792,6.991991337982421,hysteresis supporting component
3,200.0,2.625,88.0625,1,1,0.7474586704231418,0.7208321543787116,0.026626516044430226,2.3501825577132927,hysteresis supporting component
3,200.0,2.625,91.17500000000001,1,1,0.7682764946237421,0.79423959361044,-0.025963098986697908,-2.291626222555877,hysteresis supporting component
3,200.0,2.625,94.2875,1,1,0.7890943188243422,0.8676470328421677,-0.07855271401782549,-6.9334350028249965,hysteresis supporting component
3,200.0,2.625,97.4,1,1,0.8099121430249425,0.941054472073896,-0.1311423290489535,-11.575243783094155,hysteresis supporting component
3,200.0,2.625,19334.315789473683,1,1,0.6353071277416276,1.397416398631191,-0.7621092708895634,-55.309530021628895,hysteresis supporting component
3,200.0,2.625,19407.683333333334,1,1,0.7741280166482263,0.6264083840552271,0.14771963259299914,10.720645668238339,hysteresis supporting component
3,200.0,2.625,19481.05087719298,1,1,0.8563013009437616,0.7005739835892979,0.15572731735446366,11.301797607514699,hysteresis supporting component
3,200.0,2.625,19554.41842105263,1,1,0.8450873881763319,0.7747395831233685,0.07034780505296334,5.10544115411555,hysteresis supporting component
3,200.0,2.625,19627.78596491228,1,1,0.8338734754089016,0.848905182657443,-0.015031707248541415,-1.09091529928392,hysteresis supporting component
3,200.0,2.625,19701.15350877193,1,1,0.8226595626414713,0.8195270173920446,0.0031325452494267436,0.22734220949056838,hysteresis supporting component
3,200.0,2.625,19774.52105263158,1,1,0.8114456498740417,0.744160588746296,0.06728506112774568,4.883164725326463,hysteresis supporting component
3,200.0,2.625,19847.888596491226,1,1,0.800231737106612,0.6687941601005474,0.13143757700606462,9.538987241162356,hysteresis supporting component
3,200.0,2.625,19921.256140350877,1,1,0.7890178243391817,0.5934277314547951,0.19559009288438656,14.194809756998467,hysteresis supporting component
3,200.0,2.625,19994.623684210528,1,1,0.7778039115717514,0.5180613028090428,0.2597426087627086,18.850632272834588,hysteresis supporting component
3,200.0,2.625,20067.991228070176,1,1,0.7665899988043218,0.4426948741632942,0.32389512464102754,23.50645478867048,hysteresis supporting component
3,200.0,2.625,20141.358771929823,1,1,0.7553760860368921,0.3673284455175456,0.3880476405193465,28.16227730450638,hysteresis supporting component
3,200.0,2.625,20214.726315789474,1,1,0.7441621732694618,0.605415695713202,0.1387464775562598,10.06942542089249,hysteresis supporting component
3,200.0,2.625,20288.093859649125,1,1,0.7329482605020315,0.8885349231658657,-0.15558666266383414,-11.29158969490792,hysteresis supporting component
3,200.0,2.625,20361.461403508772,1,1,0.7217343477346019,1.1183973733429244,-0.39666302560832256,-28.787532656236202,hysteresis supporting component
3,200.0,2.625,20434.82894736842,1,1,0.7105204349671721,0.9642804197351086,-0.2537599847679365,-18.41644765642029,hysteresis supporting component
3,200.0,2.625,20508.19649122807,1,1,0.6993065221997419,0.8101634661272852,-0.1108569439275433,-8.045362656603858,hysteresis supporting component
3,200.0,2.625,20581.564035087722,1,1,0.6880926094323117,0.6560465125194617,0.032046096912849986,2.325722343212579,hysteresis supporting component
3,200.0,2.625,20654.93157894737,1,1,0.6768786966648819,0.5019295589116459,0.17494913775323595,12.696807343028485,hysteresis supporting component
3,200.0,2.625,20728.299122807017,1,1,0.6656647838974522,0.3478126053038302,0.317852178593622,23.0678923428444,hysteresis supporting component
3,200.0,2.625,20801.666666666668,1,1,0.654450871130022,0.19369565169600672,0.46075521943401526,33.43897734266083,hysteresis supporting component
3,200.0,3.5,13.4,1,1,0.021209000438856457,0.7082523444438897,-0.6870433440050333,-34.33868897046105,hysteresis supporting component
3,200.0,3.5,16.746666666666666,1,1,0.22176784078535888,0.756550694935863,-0.5347828541505042,-26.728651482685876,hysteresis supporting component
3,200.0,3.5,20.093333333333334,1,1,0.42232668113186145,0.8048490454278363,-0.38252236429597486,-19.1186139949107,hysteresis supporting component
3,200.0,3.5,23.439999999999998,1,1,0.6228855214783637,0.8531473959198096,-0.23026187444144586,-11.508576507135535,hysteresis supporting component
3,200.0,3.5,26.786666666666665,1,1,0.6622734548934567,0.9014457464117829,-0.2391722915183262,-11.953922558836513,hysteresis supporting component
3,200.0,3.5,30.133333333333333,1,1,0.6987191202306942,0.9497440969037562,-0.251024976673062,-12.54632429381394,hysteresis supporting component
3,200.0,3.5,33.48,1,1,0.7351647855679315,0.9980424473957294,-0.2628776618277979,-13.13872602879137,hysteresis supporting component
3,200.0,3.5,36.82666666666666,1,1,0.771610450905169,1.0463407978877026,-0.2747303469825336,-13.731127763768791,hysteresis supporting component
3,200.0,3.5,40.17333333333333,1,1,0.8080561162424066,1.094639148379676,-0.28658303213726943,-14.323529498746215,hysteresis supporting component
3,200.0,3.5,43.519999999999996,1,1,0.8445017815796441,1.0099277567013578,-0.16542597512171375,-8.268053474218856,hysteresis supporting component
3,200.0,3.5,46.86666666666666,1,1,0.8955451217856362,0.7077227446238484,0.18782237716178773,9.38743420968795,hysteresis supporting component
3,200.0,3.5,50.213333333333324,1,1,0.9825289442547004,0.40551773254633894,0.5770112117083614,28.83924093612516,hysteresis supporting component
3,200.0,3.5,53.559999999999995,1,1,1.069512766723765,0.5022400983460578,0.5672726683777072,28.352504817691493,hysteresis supporting component
3,200.0,3.5,56.90666666666666,1,1,0.9579484701132016,0.6293202817548702,0.3286281883583314,16.424962479339815,hysteresis supporting component
3,200.0,3.5,60.25333333333332,1,1,0.6870466344925955,0.7564004651636826,-0.06935383067108714,-3.4663309689337973,hysteresis supporting component
3,200.0,3.5,63.599999999999994,1,1,0.41614479887198885,0.8834806485724953,-0.46733584970050646,-23.35762441720745,hysteresis supporting component
3,200.0,3.5,66.94666666666666,1,1,0.5347704578621901,1.0105608319813078,-0.4757903741191176,-23.780184779573364,hysteresis supporting component
3,200.0,3.5,70.29333333333332,1,1,0.7300016432061279,1.1376410153901202,-0.40763937218399227,-20.373971650670082,hysteresis supporting component
3,200.0,3.5,73.64,1,1,0.9252328285500666,1.264721198798933,-0.33948837024886647,-16.96775852176678,hysteresis supporting component
3,200.0,3.5,76.98666666666666,1,1,1.1204640138940043,1.3877973821581766,-0.2673333682641723,-13.361423939770944,hysteresis supporting component
3,200.0,3.5,80.33333333333333,1,1,1.3156951992379422,1.360261563652853,-0.0445663644149108,-2.227443929908204,hysteresis supporting component
3,200.0,3.5,19488.425,1,1,0.42619951970853026,1.1013956845010167,-0.6751961647924865,-33.163800739953146,hysteresis supporting component
3,200.0,3.5,19647.91953947368,1,1,0.6200311692034361,1.264915253499644,-0.6448840842962078,-31.674953720360016,hysteresis supporting component
3,200.0,3.5,19807.414078947368,1,1,0.8138628186983464,1.428434822498275,-0.6145720037999286,-30.186106700766864,hysteresis supporting component
3,200.0,3.5,19966.908618421054,1,1,1.0837039922826612,1.591954391496906,-0.5082503992142449,-24.963878417057064,hysteresis supporting component
3,200.0,3.5,20126.403157894736,1,1,1.2021584636678404,1.5646453313913533,-0.3624868677235129,-17.804369868906146,hysteresis supporting component
3,200.0,3.5,20285.89769736842,1,1,1.2930573017856088,1.481824581486147,-0.1887672797005382,-9.271735795678968,hysteresis supporting component
3,200.0,3.5,20445.392236842104,1,1,0.9092967672818008,1.3990038315809388,-0.489707064299138,-24.05308019833818,hysteresis supporting component
3,200.0,3.5,20604.88677631579,1,1,0.6100351602061047,1.1272231030923465,-0.5171879428862418,-25.40286627406575,hysteresis supporting component
3,200.0,3.5,20764.381315789473,1,1,0.5938762517048001,1.142166245889126,-0.5482899941843259,-26.93051451266389,hysteresis supporting component
3,200.0,3.5,20923.875855263155,1,1,0.5777173432034954,1.8959751594626197,-1.3182578162591243,-64.74924151226439,hysteresis supporting component
3,200.0,3.5,21083.37039473684,1,1,0.5615584347021904,1.1910622433953912,-0.6295038086932009,-30.91951637930159,hysteresis supporting component
3,200.0,3.5,21242.864934210527,1,1,0.5453995262008854,0.5939178420002879,-0.04851831579940247,-2.383087821454121,hysteresis supporting component
3,200.0,3.5,21402.35947368421,1,1,0.5292406176995808,0.43012015392231284,0.09912046377726791,4.868527816610662,hysteresis supporting component
3,200.0,3.5,21561.854013157892,1,1,0.513081709198276,0.8191797394141231,-0.30609803021584714,-15.034703409623804,hysteresis supporting component
3,200.0,3.5,21721.348552631578,1,1,0.49692280069697103,1.5672130432797884,-1.0702902425828174,-52.569748155843875,hysteresis supporting component
3,200.0,3.5,21880.843092105264,1,1,0.480763892195666,1.9328400344504686,-1.4520761422548025,-71.32203402810859,hysteresis supporting component
3,200.0,3.5,22040.337631578946,1,1,0.4646049836943613,1.5804646748946438,-1.1158596912002825,-54.80799563499479,hysteresis supporting component
3,200.0,3.5,22199.83217105263,1,1,0.4484460751930567,1.2280893153388193,-0.7796432401457626,-38.293957241880996,hysteresis supporting component
3,200.0,3.5,22359.326710526315,1,1,0.4322871666917517,0.8757139557829867,-0.443426789091235,-21.779918848766826,hysteresis supporting component
3,200.0,3.5,22518.82125,1,1,0.41612825819044663,0.523338596227154,-0.10721033803670732,-5.265880455652652,hysteresis supporting component
3,200.0,3.5,22678.315789473683,1,1,0.399969349689142,0.17096323667132923,0.22900611301781276,11.248157937461151,hysteresis supporting component
3,400.0,2.625,34.0,1,1,0.06355516342772621,0.6007285724668718,-0.5371734090391456,-52.9582731201358,hysteresis supporting component
3,400.0,2.625,36.9925,1,1,0.09063761992818169,0.9569608515538692,-0.8663232316256876,-85.40814109323956,hysteresis supporting component
3,400.0,2.625,39.985,1,1,0.11772007642863715,0.8351539261648809,-0.7174338497362438,-70.72959517471892,hysteresis supporting component
3,400.0,2.625,42.9775,1,1,0.14480253292909262,0.7133470007758926,-0.5685444678468,-56.05104925619829,hysteresis supporting component
3,400.0,2.625,45.97,1,1,0.17188498942954808,0.5915400753869042,-0.4196550859573561,-41.37250333767765,hysteresis supporting component
3,400.0,2.625,48.9625,1,1,0.19896744593000354,0.46973314999791593,-0.2707657040679124,-26.693957419157023,hysteresis supporting component
3,400.0,2.625,51.955,1,1,0.226049902430459,0.43772385079119913,-0.21167394836074013,-20.868283092711124,hysteresis supporting component
3,400.0,2.625,54.9475,1,1,0.25313235893091446,0.4690333905591613,-0.21590103162824686,-21.285018222215392,hysteresis supporting component
3,400.0,2.625,57.94,1,1,0.28021481543136995,0.5003429303271235,-0.22012811489575357,-21.701753351719656,hysteresis supporting component
3,400.0,2.625,60.9325,1,1,0.30729727193182543,0.5316524700950858,-0.22435519816326033,-22.118488481223928,hysteresis supporting component
3,400.0,2.625,63.925,1,1,0.33437972843228086,0.5629620098630479,-0.22858228143076703,-22.535223610728192,hysteresis supporting component
3,400.0,2.625,66.91749999999999,1,1,0.36146218493273624,0.59427154963101,-0.2328093646982738,-22.951958740232463,hysteresis supporting component
3,400.0,2.625,69.91,1,1,0.3885446414331918,0.6255810893989724,-0.2370364479657806,-23.368693869736738,hysteresis supporting component
3,400.0,2.625,72.9025,1,1,0.4156270979336473,0.6568906291669346,-0.2412635312332873,-23.785428999241002,hysteresis supporting component
3,400.0,2.625,75.895,1,1,0.4427095544341027,0.6882001689348967,-0.24549061450079396,-24.202164128745267,hysteresis supporting component
3,400.0,2.625,78.88749999999999,1,1,0.4697920109345581,0.7195097087028588,-0.24971769776830072,-24.618899258249535,hysteresis supporting component
3,400.0,2.625,81.88,1,1,0.4968744674350136,0.7508192484708212,-0.25394478103580753,-25.035634387753813,hysteresis supporting component
3,400.0,2.625,84.8725,1,1,0.5239569239354691,0.7821287882387834,-0.2581718643033143,-25.452369517258084,hysteresis supporting component
3,400.0,2.625,87.865,1,1,0.5495648898326453,0.8134383280067455,-0.26387343817410025,-26.014470137249322,hysteresis supporting component
3,400.0,2.625,90.85749999999999,1,1,0.5087640674052044,0.8447478677747077,-0.33598380036950326,-33.123608809557986,hysteresis supporting component
3,400.0,2.625,93.85,1,1,0.46796324497776326,0.8760574075426699,-0.40809416256490666,-40.23274748186668,hysteresis supporting component
3,400.0,3.5,18.8,1,1,0.019729670253460688,1.278087431177953,-1.2583577609244925,-55.79239157471258,hysteresis supporting component
3,400.0,3.5,23.630000000000003,1,1,0.1827338036699923,1.4473617343432768,-1.2646279306732844,-56.07039499848254,hysteresis supporting component
3,400.0,3.5,28.46,1,1,0.34573793708652384,1.6166360375086004,-1.2708981004220765,-56.34839842225252,hysteresis supporting component
3,400.0,3.5,33.29,1,1,0.5087420705030554,1.7859103406739236,-1.2771682701708682,-56.626401846022475,hysteresis supporting component
3,400.0,3.5,38.120000000000005,1,1,0.6717462039195872,1.9551846438392475,-1.2834384399196603,-56.90440526979245,hysteresis supporting component
3,400.0,3.5,42.95,1,1,0.8347503373361187,2.124458947004571,-1.2897086096684522,-57.182408693562415,hysteresis supporting component
3,400.0,3.5,47.78,1,1,0.9977544707526502,2.236729143833245,-1.2389746730805946,-54.93299462060687,hysteresis supporting component
3,400.0,3.5,52.61,1,1,1.007481761083406,1.886513194911745,-0.8790314338283391,-38.97402430815904,hysteresis supporting component
3,400.0,3.5,57.44,1,1,0.8453055934292356,1.5362972459902453,-0.6909916525610097,-30.63681732786238,hysteresis supporting component
3,400.0,3.5,62.269999999999996,1,1,0.6831294257750653,1.1860812970687453,-0.50295187129368,-22.299610347565718,hysteresis supporting component
3,400.0,3.5,67.1,1,1,0.5209532581208951,0.8358653481472456,-0.31491209002635046,-13.962403367269058,hysteresis supporting component
3,400.0,3.5,71.93,1,1,0.3693816171563814,0.6707730391812644,-0.301391422024883,-13.362931240252212,hysteresis supporting component
3,400.0,3.5,76.76,1,1,0.4299005099850049,0.8228869672177193,-0.39298645723271436,-17.42402279092574,hysteresis supporting component
3,400.0,3.5,81.59,1,1,0.4904194028136284,0.9750008952541742,-0.4845814924405458,-21.485114341599267,hysteresis supporting component
3,400.0,3.5,86.42,1,1,0.5509382956422519,1.2062763223387873,-0.6553380266965354,-29.05602598452643,hysteresis supporting component
3,400.0,3.5,91.25,1,1,0.6114571884708754,1.49970230332235,-0.8882451148514746,-39.382535556271506,hysteresis supporting component
3,400.0,3.5,96.08,1,1,0.6648116106777281,2.0798841897212106,-1.4150725790434824,-62.740729137816146,hysteresis supporting component
3,400.0,3.5,100.91,1,1,0.7140953109403929,1.6707680632842277,-0.9566727523438348,-42.41644345119434,hysteresis supporting component
3,400.0,3.5,105.74,1,1,0.7633790112030577,0.702395613926299,0.06098339727675872,2.7038491644232363,hysteresis supporting component
3,400.0,3.5,110.57,1,1,0.8126627114657226,0.45317231764265636,0.3594903938230662,15.938892294659318,hysteresis supporting component
3,400.0,3.5,115.4,1,1,0.8619464117283875,0.5635235978961568,0.2984228138322307,13.231310682204656,hysteresis supporting component
3,400.0,3.5,14920.5,1,1,0.9296698796371603,1.6777990154926838,-0.7481291358555235,-43.56161598252234,hysteresis supporting component
3,400.0,3.5,14977.22625,1,1,0.8730497297300949,1.7518779160220157,-0.8788281862919208,-51.1718821404897,hysteresis supporting component
3,400.0,3.5,15033.9525,1,1,0.8164295798230294,1.7378551907364237,-0.9214256109133943,-53.65221951043196,hysteresis supporting component
3,400.0,3.5,15090.67875,1,1,0.759809429915964,1.7238324654508317,-0.9640230355348677,-56.13255688037423,hysteresis supporting component
3,400.0,3.5,15147.405,1,1,0.7031892800088967,1.7098097401652395,-1.0066204601563427,-58.612894250316586,hysteresis supporting component
3,400.0,3.5,15204.13125,1,1,0.6465691301018313,1.6957870148796474,-1.0492178847778162,-61.09323162025885,hysteresis supporting component
3,400.0,3.5,15260.8575,1,1,0.5899489801947658,1.6817642895940554,-1.0918153093992897,-63.573568990201125,hysteresis supporting component
3,400.0,3.5,15317.58375,1,1,0.5333288302877004,1.6677415643084634,-1.134412734020763,-66.05390636014337,hysteresis supporting component
3,400.0,3.5,15374.31,1,1,0.47670868038063496,1.409340408057778,-0.9326317276771431,-54.304722576710084,hysteresis supporting component
3,400.0,3.5,15431.03625,1,1,0.42008853047356953,1.1056672028404284,-0.6855786723668589,-39.91946499624101,hysteresis supporting component
3,400.0,3.5,15487.7625,1,1,0.28154229922563806,0.8019939976230688,-0.5204516983974308,-30.30455029279693,hysteresis supporting component
3,400.0,3.5,15544.48875,1,1,0.07779561598538826,0.7359500407807148,-0.6581544247953266,-38.32262230683743,hysteresis supporting component
3,400.0,3.5,15601.215,1,1,0.11927135388013288,1.0411005672804559,-0.921829213400323,-53.67572023470877,hysteresis supporting component
3,400.0,3.5,15657.94125,1,1,0.20584186498212773,0.9549797190957365,-0.7491378541136088,-43.620351026096095,hysteresis supporting component
3,400.0,3.5,15714.6675,1,1,0.29241237608412257,0.8688588709110172,-0.5764464948268946,-33.56498181748343,hysteresis supporting component
3,400.0,3.5,15771.39375,1,1,0.3789828871861174,0.7827380227262978,-0.4037551355401804,-23.50961260887075,hysteresis supporting component
3,400.0,3.5,15828.119999999999,1,1,0.46555339828811226,0.6966171745415783,-0.23106377625346608,-13.454243400258076,hysteresis supporting component
3,400.0,3.5,15884.846249999999,1,1,0.552123909390107,0.610496326356859,-0.058372416966751994,-3.3988741916454104,hysteresis supporting component
3,400.0,3.5,15941.5725,1,1,0.6386944204921047,0.5243754781721368,0.11431894231996786,6.65649501696759,hysteresis supporting component
3,400.0,3.5,15998.29875,1,1,0.7252649315940995,0.4382546299874175,0.28701030160668206,16.71186422558026,hysteresis supporting component
3,400.0,3.5,16055.025,1,1,0.8118354426960944,0.35213378180269805,0.45970166089339637,26.76723343419294,hysteresis supporting component
3,600.0,3.5,44.4,1,1,0.02124109951189207,1.473465969365789,-1.4522248698538969,-54.38944434045497,hysteresis supporting component
3,600.0,3.5,52.23625,1,1,0.10492613331416598,1.0455295483393097,-0.9406034150251437,-35.22794448018153,hysteresis supporting component
3,600.0,3.5,60.0725,1,1,0.18861116711643988,2.0892651054191473,-1.9006539383027075,-71.18423168044346,hysteresis supporting component
3,600.0,3.5,67.90875,1,1,0.27229620091871376,2.3691203637651306,-2.096824162846417,-78.53129598884362,hysteresis supporting component
3,600.0,3.5,75.745,1,1,0.35598123472098775,2.306138658824507,-1.9501574241035193,-73.0382607234061,hysteresis supporting component
3,600.0,3.5,83.58125,1,1,0.43966626852326157,2.243156953883884,-1.8034906853606223,-67.5452254579686,hysteresis supporting component
3,600.0,3.5,91.41749999999999,1,1,0.5233513023255354,2.180175248943261,-1.6568239466177255,-62.0521901925311,hysteresis supporting component
3,600.0,3.5,99.25375,1,1,0.6070363361278093,2.1171935440026375,-1.5101572078748282,-56.55915492709358,hysteresis supporting component
3,600.0,3.5,107.09,1,1,0.6238282029736345,2.054211839062014,-1.4303836360883797,-53.57143564712088,hysteresis supporting component
3,600.0,3.5,114.92625000000001,1,1,0.6022303933020801,1.949196895741018,-1.346966502438938,-50.44725588553681,hysteresis supporting component
3,600.0,3.5,122.76249999999999,1,1,0.5806325836305256,2.530479242668308,-1.949846659037782,-73.02662179640743,hysteresis supporting component
3,600.0,3.5,130.59875,1,1,0.559034773958971,2.3369813737513043,-1.7779465997923332,-66.58853572686375,hysteresis supporting component
3,600.0,3.5,138.435,1,1,0.5374369642874166,2.1434835048343004,-1.6060465405468838,-60.15044965732006,hysteresis supporting component
3,600.0,3.5,146.27125,1,1,0.5158391546158622,1.9499856359172971,-1.4341464813014349,-53.71236358777638,hysteresis supporting component
3,600.0,3.5,154.1075,1,1,0.4942413449443077,1.7564877670002943,-1.2622464220559866,-47.27427751823273,hysteresis supporting component
3,600.0,3.5,161.94375,1,1,0.4726435352727532,1.5629898980832908,-1.0903463628105377,-40.83619144868905,hysteresis supporting component
3,600.0,3.5,169.78,1,1,0.4510457256011987,1.3694920291662873,-0.9184463035650886,-34.39810537914536,hysteresis supporting component
3,600.0,3.5,177.61625,1,1,0.42944791592964426,1.1759941602492838,-0.7465462443196396,-27.960019309601673,hysteresis supporting component
3,600.0,3.5,185.45250000000001,1,1,0.4078501062580897,0.9824962913322801,-0.5746461850741904,-21.521933240057987,hysteresis supporting component
3,600.0,3.5,193.28875,1,1,0.4099668471414159,0.7889984224152773,-0.3790315752738614,-14.195678089927414,hysteresis supporting component
3,600.0,3.5,201.125,1,1,0.4695632031872547,0.5955005534982738,-0.1259373503110191,-4.716667953644585,hysteresis supporting component
3,600.0,3.5,15293.0,1,1,0.5620743895466952,1.2547352977474056,-0.6926609082007104,-51.91194409417904,hysteresis supporting component
3,600.0,3.5,15303.366666666667,1,1,0.5314689831513112,1.249661893749576,-0.7181929105982648,-53.82545742426902,hysteresis supporting component
3,600.0,3.5,15313.733333333334,1,1,0.5008635767559272,1.2445884897517465,-0.7437249129958193,-55.73897075435901,hysteresis supporting component
3,600.0,3.5,15324.1,1,1,0.4702581703605431,1.2395150857539172,-0.7692569153933742,-57.65248408444902,hysteresis supporting component
3,600.0,3.5,15334.466666666667,1,1,0.4396527639651591,1.2344416817560877,-0.7947889177909286,-59.565997414539,hysteresis supporting component
3,600.0,3.5,15344.833333333334,1,1,0.40904735756977506,1.2293682777582582,-0.8203209201884831,-61.47951074462898,hysteresis supporting component
3,600.0,3.5,15355.2,1,1,0.37844195117439106,1.2242948737604287,-0.8458529225860376,-63.393024074718966,hysteresis supporting component
3,600.0,3.5,15365.566666666668,1,1,0.34783654477900705,1.2192214697625992,-0.8713849249835921,-65.30653740480895,hysteresis supporting component
3,600.0,3.5,15375.933333333334,1,1,0.31723113838362305,1.2141480657647696,-0.8969169273811466,-67.22005073489893,hysteresis supporting component
3,600.0,3.5,15386.300000000001,1,1,0.286625731988239,1.2090746617669401,-0.9224489297787011,-69.13356406498892,hysteresis supporting component
3,600.0,3.5,15396.666666666668,1,1,0.256020325592855,1.2040012577691106,-0.9479809321762556,-71.0470773950789,hysteresis supporting component
3,600.0,3.5,15407.033333333333,1,1,0.2254149191974763,1.198927853771282,-0.9735129345738056,-72.96059072516854,hysteresis supporting component
3,600.0,3.5,15417.4,1,1,0.1948095128020923,1.1938544497734527,-0.9990449369713603,-74.87410405525856,hysteresis supporting component
3,600.0,3.5,15427.766666666666,1,1,0.1642041064067083,1.1887810457756232,-1.0245769393689148,-76.78761738534854,hysteresis supporting component
3,600.0,3.5,15438.133333333333,1,1,0.13359870001132423,1.1837076417777936,-1.0501089417664695,-78.70113071543854,hysteresis supporting component
3,600.0,3.5,15448.5,1,1,0.10299329361594023,1.1786342377799641,-1.0756409441640238,-80.61464404552851,hysteresis supporting component
3,600.0,3.5,15458.866666666667,1,1,0.07238788722055622,1.1735608337821346,-1.1011729465615785,-82.5281573756185,hysteresis supporting component
3,600.0,3.5,15469.233333333334,1,1,0.06953237084436545,1.168487429784305,-1.0989550589399397,-82.36193627542568,hysteresis supporting component
3,600.0,3.5,15479.6,1,1,0.16773615543358247,1.1634140257864756,-0.9956778703528931,-74.62175695151728,hysteresis supporting component
3,600.0,3.5,15489.966666666667,1,1,0.26593994002279947,1.15052331596312,-0.8845833759403205,-66.29570431185333,hysteresis supporting component
3,600.0,3.5,15500.333333333334,1,1,0.3641437246120165,1.1358184565601557,-0.7716747319481392,-57.83368899486757,hysteresis supporting component
4,200.0,2.625,14604.7,1,1,0.30670353816190454,0.8521873529195017,-0.5454838147575971,-67.28403134805858,hysteresis supporting component
4,200.0,2.625,14643.522894736843,1,1,0.281721037033891,0.8296480190504294,-0.5479269820165384,-67.58538977152016,hysteresis supporting component
4,200.0,2.625,14682.345789473686,1,1,0.25673853590587753,0.8071086851813573,-0.5503701492754798,-67.88674819498173,hysteresis supporting component
4,200.0,2.625,14721.168684210526,1,1,0.23175603477786522,0.7845693513122861,-0.5528133165344209,-68.18810661844329,hysteresis supporting component
4,200.0,2.625,14759.991578947369,1,1,0.20677353364985174,0.7620300174432139,-0.5552564837933621,-68.48946504190486,hysteresis supporting component
4,200.0,2.625,14798.814473684211,1,1,0.18179103252183826,0.7394906835741417,-0.5576996510523035,-68.79082346536644,hysteresis supporting component
4,200.0,2.625,14837.637368421052,1,1,0.15680853139382595,0.7169513497050706,-0.5601428183112447,-69.09218188882801,hysteresis supporting component
4,200.0,2.625,14876.460263157895,1,1,0.13182603026581247,0.6944120158359983,-0.5625859855701858,-69.39354031228957,hysteresis supporting component
4,200.0,2.625,14915.283157894737,1,1,0.10684352913779899,0.6718726819669261,-0.5650291528291271,-69.69489873575114,hysteresis supporting component
4,200.0,2.625,14954.10605263158,1,1,0.08186102800978551,0.6493333480978539,-0.5674723200880685,-69.99625715921273,hysteresis supporting component
4,200.0,2.625,14992.928947368422,1,1,0.05687852688177203,0.6267940142287817,-0.5699154873470096,-70.29761558267428,hysteresis supporting component
4,200.0,2.625,15031.751842105263,1,1,0.06330530777727987,0.6042546803597105,-0.5409493725824307,-66.72471952027237,hysteresis supporting component
4,200.0,2.625,15070.574736842105,1,1,0.12028907617951522,0.5817153464906384,-0.46142627031112315,-56.91574854558774,hysteresis supporting component
4,200.0,2.625,15109.397631578948,1,1,0.17727284458175058,0.5591760126215661,-0.38190316803981555,-47.106777570903084,hysteresis supporting component
4,200.0,2.625,15148.220526315788,1,1,0.23425661298398326,0.536636678752495,-0.30238006576851173,-37.297806596218905,hysteresis supporting component
4,200.0,2.625,15187.043421052631,1,1,0.2912403813862186,0.5140973448834227,-0.22285696349720413,-27.488835621534253,hysteresis supporting component
4,200.0,2.625,15225.866315789473,1,1,0.34822414978845395,0.49155801101435054,-0.14333386122589659,-17.679864646849612,hysteresis supporting component
4,200.0,2.625,15264.689210526316,1,1,0.40520791819068924,0.46901867714527834,-0.0638107589545891,-7.870893672164975,hysteresis supporting component
4,200.0,2.625,15303.512105263158,1,1,0.46219168659292464,0.44647934327620614,0.015712343316718502,1.9380773025196758,hysteresis supporting component
4,200.0,2.625,15342.335,1,1,0.5191754549951573,0.423940009407135,0.09523544558802227,11.747048277203852,hysteresis supporting component
4,200.0,2.625,15381.157894736842,1,1,0.5761592233973927,0.40140067553806275,0.17475854785932993,21.55601925188851,hysteresis supporting component
4,200.0,3.5,12749.8,1,1,1.5834673983844265,2.035724601522177,-0.45225720313775053,-20.11803153064566,hysteresis supporting component
4,200.0,3.5,12868.88625,1,1,1.5082847216401911,1.9764920896958045,-0.46820736805561336,-20.827552392912228,hysteresis supporting component
4,200.0,3.5,12987.9725,1,1,1.4331020448959557,1.9172595778694317,-0.48415753297347597,-21.537073255178786,hysteresis supporting component
4,200.0,3.5,13107.05875,1,1,1.3579193681517203,1.858027066043059,-0.5001076978913386,-22.246594117445344,hysteresis supporting component
4,200.0,3.5,13226.144999999999,1,1,1.2827366914074863,1.7987945542166872,-0.516057862809201,-22.956114979711888,hysteresis supporting component
4,200.0,3.5,13345.231249999999,1,1,1.2075540146632509,1.7395620423903144,-0.5320080277270636,-23.665635841978442,hysteresis supporting component
4,200.0,3.5,13464.3175,1,1,1.1323713379190155,1.6803295305639416,-0.5479581926449262,-24.375156704245,hysteresis supporting component
4,200.0,3.5,13583.40375,1,1,1.05718866117478,1.621097018737569,-0.563908357562789,-25.08467756651157,hysteresis supporting component
4,200.0,3.5,13702.49,1,1,0.9820059844305447,1.2906163352561735,-0.3086103508256288,-13.728101455362705,hysteresis supporting component
4,200.0,3.5,13821.57625,1,1,0.9068233076863093,1.5045929688255246,-0.5977696611392154,-26.59095047558411,hysteresis supporting component
4,200.0,3.5,13940.662499999999,1,1,1.0009972644144303,1.8938651261829658,-0.8928678617685355,-39.71798275656959,hysteresis supporting component
4,200.0,3.5,14059.748749999999,1,1,1.2476665149448456,1.8899282433836886,-0.642261728438843,-28.570118096547098,hysteresis supporting component
4,200.0,3.5,14178.835,1,1,1.1386279661490664,1.39591917941725,-0.2572912132681837,-11.44524112645434,hysteresis supporting component
4,200.0,3.5,14297.92125,1,1,0.7347350787519722,0.9019101154508113,-0.16717503669883915,-7.436548574815519,hysteresis supporting component
4,200.0,3.5,14417.0075,1,1,1.0342840799735742,1.8369889763126384,-0.8027048963390642,-35.707208867681125,hysteresis supporting component
4,200.0,3.5,14536.09375,1,1,0.8929737058372242,1.0613125790960245,-0.16833887325880026,-7.48832022255793,hysteresis supporting component
4,200.0,3.5,14655.18,1,1,0.7516633317008743,0.5392384367627288,0.21242489493814554,9.449425469864856,hysteresis supporting component
4,200.0,3.5,14774.26625,1,1,0.6103529575645242,0.3553813914096903,0.25497156615483396,11.342054856688886,hysteresis supporting component
4,200.0,3.5,14893.352499999999,1,1,0.4690425834281764,0.1715243460566545,0.2975182373715219,13.234684243512895,hysteresis supporting component
4,200.0,3.5,15012.43875,1,1,0.3280932450729828,0.2443595154325054,0.08373372964047743,3.724778292967495,hysteresis supporting component
4,200.0,3.5,15131.525,1,1,0.18792592094610375,0.383163611969757,-0.19523769102365326,-8.684876651457037,hysteresis supporting component
4,400.0,2.625,14619.275,1,1,0.3775446215314512,1.054203594618572,-0.6766589730871208,-65.74941758329554,hysteresis supporting component
4,400.0,2.625,14644.64375,1,1,0.3649795311395351,1.0162726815910053,-0.6512931504514702,-63.28467813381147,hysteresis supporting component
4,400.0,2.625,14670.012499999999,1,1,0.34819143971157,0.9783417685634388,-0.6301503288518688,-61.23027811617906,hysteresis supporting component
4,400.0,2.625,14695.38125,1,1,0.3302394350502236,0.9404108555358694,-0.6101714204856459,-59.28897290738807,hysteresis supporting component
4,400.0,2.625,14720.75,1,1,0.3122874303888784,0.9024799425083029,-0.5901925121194245,-57.34766769859723,hysteresis supporting component
4,400.0,2.625,14746.11875,1,1,0.2943354257275332,0.8325656178637242,-0.5382301921361909,-52.29860692934831,hysteresis supporting component
4,400.0,2.625,14771.4875,1,1,0.276383421066188,0.746748069737136,-0.470364648670948,-45.70426600683601,hysteresis supporting component
4,400.0,2.625,14796.856249999999,1,1,0.25843141640484285,0.6609305216105478,-0.4024991052057049,-39.109925084323685,hysteresis supporting component
4,400.0,2.625,14822.225,1,1,0.24047941174349635,0.6027426723890219,-0.36226326064552555,-35.200299333357414,hysteresis supporting component
4,400.0,2.625,14847.59375,1,1,0.22252740708215119,0.5941626916561407,-0.3716352845739895,-36.11095764039486,hysteresis supporting component
4,400.0,2.625,14872.9625,1,1,0.204575402420806,0.5855827109232593,-0.38100730850245335,-37.021615947432295,hysteresis supporting component
4,400.0,2.625,14898.33125,1,1,0.18662339775946082,0.577002730190378,-0.39037933243091716,-37.932274254469725,hysteresis supporting component
4,400.0,2.625,14923.699999999999,1,1,0.16867139309811563,0.5684227494574966,-0.39975135635938097,-38.84293256150716,hysteresis supporting component
4,400.0,2.625,14949.06875,1,1,0.15071938843676916,0.5598427687246146,-0.40912338028784545,-39.753590868544656,hysteresis supporting component
4,400.0,2.625,14974.4375,1,1,0.13276738377542396,0.5512627879917332,-0.41849540421630926,-40.66424917558209,hysteresis supporting component
4,400.0,2.625,14999.80625,1,1,0.1148153791140788,0.5426828072588519,-0.4278674281447731,-41.57490748261952,hysteresis supporting component
4,400.0,2.625,15025.175,1,1,0.09686337445273363,0.5341028265259706,-0.437239452073237,-42.48556578965697,hysteresis supporting component
4,400.0,2.625,15050.543749999999,1,1,0.07891136979138841,0.5255228457930893,-0.44661147600170087,-43.396224096694404,hysteresis supporting component
4,400.0,2.625,15075.9125,1,1,0.060959365130041965,0.5169428650602073,-0.4559834999301653,-44.3068824037319,hysteresis supporting component
4,400.0,2.625,15101.28125,1,1,0.0430073604686968,0.5083628843273259,-0.4653555238586291,-45.21754071076933,hysteresis supporting component
4,400.0,2.625,15126.65,1,1,0.025055355807351576,0.4997829035944446,-0.47472754778709303,-46.12819901780678,hysteresis supporting component
4,400.0,3.5,14487.818181818182,1,1,1.0611793249391237,1.3515386347631841,-0.29035930982406044,-14.266053239900007,hysteresis supporting component
4,400.0,3.5,14521.158522727274,1,1,1.0282768076117852,1.267548721698203,-0.2392719140864179,-11.756006264231598,hysteresis supporting component
4,400.0,3.5,14554.498863636363,1,1,0.9953742902844483,1.1835588086332263,-0.18818451834877792,-9.245959288563316,hysteresis supporting component
4,400.0,3.5,14587.839204545455,1,1,0.9624717729571097,1.099568895568245,-0.13709712261113527,-6.735912312894904,hysteresis supporting component
4,400.0,3.5,14621.179545454546,1,1,0.9295692556297711,1.0597853897034606,-0.13021613407368948,-6.3978327490681925,hysteresis supporting component
4,400.0,3.5,14654.519886363636,1,1,0.8966667383024344,1.0201375045861214,-0.12347076628368703,-6.066416559681357,hysteresis supporting component
4,400.0,3.5,14687.860227272728,1,1,0.8637642209750958,0.9804896194687802,-0.11672539849368446,-5.735000370294515,hysteresis supporting component
4,400.0,3.5,14721.20056818182,1,1,0.8308617036477572,0.940841734351439,-0.10998003070368179,-5.40358418090767,hysteresis supporting component
4,400.0,3.5,14754.540909090909,1,1,0.7979591863204204,0.9011938492341,-0.10323466291367955,-5.072167991520845,hysteresis supporting component
4,400.0,3.5,14787.88125,1,1,0.7650566689930818,0.8615459641167587,-0.09648929512367688,-4.740751802133998,hysteresis supporting component
4,400.0,3.5,14821.221590909092,1,1,0.7321541516657433,0.8218980789994175,-0.0897439273336742,-4.409335612747152,hysteresis supporting component
4,400.0,3.5,14854.561931818182,1,1,0.6992516343384064,0.7822501938820784,-0.08299855954367197,-4.077919423360328,hysteresis supporting component
4,400.0,3.5,14887.902272727273,1,1,0.6663491170110678,0.7426023087647372,-0.0762531917536694,-3.746503233973486,hysteresis supporting component
4,400.0,3.5,14921.242613636363,1,1,0.6334465996837311,0.7029544236473981,-0.06950782396366706,-3.415087044586656,hysteresis supporting component
4,400.0,3.5,14954.582954545454,1,1,0.4712677380150141,0.6633065385300569,-0.19203880051504285,-9.435329467941585,hysteresis supporting component
4,400.0,3.5,14987.923295454546,1,1,0.18078265329860577,0.6236586534127156,-0.4428760001141099,-21.75956610494157,hysteresis supporting component
4,400.0,3.5,15021.263636363636,1,1,0.8041713408643327,0.5840107682953766,0.22016057256895616,10.8170199588184,hysteresis supporting component
4,400.0,3.5,15054.603977272727,1,1,0.6904542223535999,0.5443628831780354,0.1460913391755645,7.1778198668048745,hysteresis supporting component
4,400.0,3.5,15087.944318181819,1,1,0.5767371038428668,0.5047149980606941,0.07202210578217272,3.5386197747913415,hysteresis supporting component
4,400.0,3.5,15121.284659090908,1,1,0.46301998533214017,0.465067112943355,-0.0020471276112148384,-0.10058031722198356,hysteresis supporting component
4,400.0,3.5,15154.625,1,1,0.3493028668214072,0.4254192278260138,-0.07611636100460661,-3.739780409235516,hysteresis supporting component
4,600.0,3.5,13591.588235294117,1,1,0.36776796838802167,1.4666857902246737,-1.098917821836652,-74.63020930259073,hysteresis supporting component
4,600.0,3.5,13664.881045751634,1,1,0.3469333120675093,1.4630671466649847,-1.1161338345974754,-75.7993910286173,hysteresis supporting component
4,600.0,3.5,13738.17385620915,1,1,0.32609865574699703,1.4594485031052955,-1.1333498473582986,-76.96857275464384,hysteresis supporting component
4,600.0,3.5,13811.466666666667,1,1,0.3052639994264847,1.4558298595456065,-1.1505658601191218,-78.13775448067038,hysteresis supporting component
4,600.0,3.5,13884.759477124182,1,1,0.2844293431059729,1.4522112159859173,-1.1677818728799445,-79.3069362066969,hysteresis supporting component
4,600.0,3.5,13958.052287581699,1,1,0.26359468678546055,1.4485925724262283,-1.1849978856407677,-80.47611793272344,hysteresis supporting component
4,600.0,3.5,14031.345098039215,1,1,0.24276003046494823,1.444973928866539,-1.2022138984015909,-81.64529965874998,hysteresis supporting component
4,600.0,3.5,14104.637908496732,1,1,0.2219253741444359,1.44135528530685,-1.2194299111624143,-82.81448138477654,hysteresis supporting component
4,600.0,3.5,14177.930718954249,1,1,0.20109071782392357,1.4377366417471609,-1.2366459239232372,-83.98366311080308,hysteresis supporting component
4,600.0,3.5,14251.223529411765,1,1,0.18025606150341125,1.4341179981874719,-1.2538619366840607,-85.15284483682963,hysteresis supporting component
4,600.0,3.5,14324.516339869282,1,1,0.1594214051828989,1.2731330417444295,-1.1137116365615307,-75.63489360869853,hysteresis supporting component
4,600.0,3.5,14397.809150326797,1,1,0.13858674886238712,1.037638470176612,-0.8990517213142248,-61.05681134863657,hysteresis supporting component
4,600.0,3.5,14471.101960784314,1,1,0.1177520925418748,0.7384869071854552,-0.6207348146435804,-42.155626396912965,hysteresis supporting component
4,600.0,3.5,14544.39477124183,1,1,0.09691743622136245,0.3000017280924713,-0.20308429187110882,-13.791953235482394,hysteresis supporting component
4,600.0,3.5,14617.687581699347,1,1,0.0760827799008501,0.5375613719140051,-0.461478592013155,-31.3401450283568,hysteresis supporting component
4,600.0,3.5,14690.980392156864,1,1,0.055248123580337816,0.8958466044155835,-0.8405984808352457,-57.08710816913046,hysteresis supporting component
4,600.0,3.5,14764.27320261438,1,1,0.08377705537015197,1.149790860310407,-1.066013804940255,-72.3956166705685,hysteresis supporting component
4,600.0,3.5,14837.566013071897,1,1,0.2089871459962014,1.1063805272143674,-0.897393381218166,-60.94418939820091,hysteresis supporting component
4,600.0,3.5,14910.858823529412,1,1,0.33419723662224776,1.0629701941183292,-0.7287729574960814,-49.49276212583361,hysteresis supporting component
4,600.0,3.5,14984.151633986929,1,1,0.45940732724829725,1.0195598610222896,-0.5601525337739923,-38.041334853466005,hysteresis supporting component
4,600.0,3.5,15057.444444444445,1,1,0.5846174178743467,0.9761495279262502,-0.39153211005190347,-26.58990758109841,hysteresis supporting component
5,200.0,3.5,15987.175,1,1,0.6186281002776362,0.9764237002983741,-0.35779560002073796,-36.23491377708991,hysteresis supporting component
5,200.0,3.5,16039.57375,1,1,0.5831686619593536,0.9708400093157615,-0.38767134735640796,-39.260510315089206,hysteresis supporting component
5,200.0,3.5,16091.9725,1,1,0.547709223641071,0.965256318333149,-0.41754709469207796,-42.286106853088505,hysteresis supporting component
5,200.0,3.5,16144.37125,1,1,0.5122497853227884,0.9596726273505364,-0.44742284202774796,-45.3117033910878,hysteresis supporting component
5,200.0,3.5,16196.77,1,1,0.47679034700450584,0.9540889363679238,-0.47729858936341796,-48.3372999290871,hysteresis supporting component
5,200.0,3.5,16249.16875,1,1,0.44133090868622327,0.9485052453853113,-0.5071743366990881,-51.362896467086415,hysteresis supporting component
5,200.0,3.5,16301.5675,1,1,0.4058714703679419,0.9429215544026989,-0.537050084034757,-54.3884930050856,hysteresis supporting component
5,200.0,3.5,16353.96625,1,1,0.37041203204965933,0.9373378634200864,-0.5669258313704271,-57.41408954308491,hysteresis supporting component
5,200.0,3.5,16406.365,1,1,0.3349525937313755,0.9317541724374736,-0.5968015787060981,-60.43968608108431,hysteresis supporting component
5,200.0,3.5,16458.763750000002,1,1,0.2994931554130929,0.926170481454861,-0.6266773260417682,-63.46528261908362,hysteresis supporting component
5,200.0,3.5,16511.1625,1,1,0.2640337170948128,0.9205867904722489,-0.6565530733774361,-66.49087915708269,hysteresis supporting component
5,200.0,3.5,16563.56125,1,1,0.2285742787765302,0.9150030994896363,-0.6864288207131062,-69.51647569508201,hysteresis supporting component
5,200.0,3.5,16615.96,1,1,0.19311484045824762,0.8981909030229049,-0.7050760625646573,-71.40493156383035,hysteresis supporting component
5,200.0,3.5,16668.35875,1,1,0.15765540213996504,0.8608211692668715,-0.7031657671269065,-71.21147085477843,hysteresis supporting component
5,200.0,3.5,16720.7575,1,1,0.12219596382168246,0.8234514355108379,-0.7012554716891555,-71.01801014572649,hysteresis supporting component
5,200.0,3.5,16773.15625,1,1,0.08673652550339994,0.7860817017548043,-0.6993451762514044,-70.82454943667454,hysteresis supporting component
5,200.0,3.5,16825.555,1,1,0.1744685300423826,0.7487119679987707,-0.5742434379563881,-58.15516306014771,hysteresis supporting component
5,200.0,3.5,16877.95375,1,1,0.5391998924938929,0.7113422342427371,-0.17214234174884424,-17.433313630168133,hysteresis supporting component
5,200.0,3.5,16930.3525,1,1,0.7038589986459779,0.6739725004867037,0.029886498159274244,3.026685302551768,hysteresis supporting component
5,200.0,3.5,16982.75125,1,1,0.5405190280276428,0.6366027667306701,-0.09608373870302722,-9.730656238038799,hysteresis supporting component
5,200.0,3.5,17035.15,1,1,0.3771790574093077,0.5393981486840816,-0.16221909127477396,-16.42835961369738,hysteresis supporting component
5,600.0,3.5,16445.8125,1,1,0.6125969295317026,1.7461746434949768,-1.1335777139632741,-56.619883400707785,hysteresis supporting component
5,600.0,3.5,16504.349375,1,1,0.5731889087015728,1.812976625870033,-1.2397877171684604,-61.92485536989143,hysteresis supporting component
5,600.0,3.5,16562.88625,1,1,0.5337808878714454,1.7460196843287328,-1.2122387964572874,-60.54884324538657,hysteresis supporting component
5,600.0,3.5,16621.423125,1,1,0.49437286704131556,1.6054707604327751,-1.1110978933914595,-55.49706243839817,hysteresis supporting component
5,600.0,3.5,16679.96,1,1,0.45496484621118816,1.4649218365368262,-1.009956990325638,-50.445281631410076,hysteresis supporting component
5,600.0,3.5,16738.496875,1,1,0.4155568253810583,1.3306285441733443,-0.915071718792286,-45.70595679775607,hysteresis supporting component
5,600.0,3.5,16797.03375,1,1,0.3761488045509309,1.2153392104347613,-0.8391904058838304,-41.915840746384426,hysteresis supporting component
5,600.0,3.5,16855.570625,1,1,0.44867793303925135,1.1000498766961715,-0.6513719436569201,-32.53469351598604,hysteresis supporting component
5,600.0,3.5,16914.1075,1,1,0.7895957334401615,0.9847605429575885,-0.19516480951742698,-9.748082220286193,hysteresis supporting component
5,600.0,3.5,16972.644375,1,1,0.8930104518331131,0.8694712092189986,0.023539242614114553,1.1757369219022225,hysteresis supporting component
5,600.0,3.5,17031.18125,1,1,0.9203574711248818,0.7541818754804086,0.16617559564447315,8.300130404414482,hysteresis supporting component
5,600.0,3.5,17089.718125,1,1,0.9477044904166486,0.6388925417418257,0.30881194867482287,15.424523886926297,hysteresis supporting component
5,600.0,3.5,17148.255,1,1,0.9750515097084173,0.5236032080032357,0.4514483017051816,22.548917369438563,hysteresis supporting component
5,600.0,3.5,17206.791875,1,1,1.0023985290001842,1.5884542181156975,-0.5860556891155133,-29.272280475617094,hysteresis supporting component
5,600.0,3.5,17265.32875,1,1,1.0297455482919529,1.5294282640755565,-0.4996827157836037,-24.95812749008689,hysteresis supporting component
5,600.0,3.5,17323.865625,1,1,1.03191900878552,1.4704023100354193,-0.4384833012498994,-21.901342170115278,hysteresis supporting component
5,600.0,3.5,17382.4025,1,1,0.8277755672543912,1.4113763559952783,-0.5836007887408872,-29.149663233535193,hysteresis supporting component
5,600.0,3.5,17440.939374999998,1,1,0.6236321257232751,1.3523504019551411,-0.728718276231866,-36.39798429695467,hysteresis supporting component
5,600.0,3.5,17499.47625,1,1,0.41948868419214635,1.2933244479150003,-0.873835763722854,-43.64630536037459,hysteresis supporting component
5,600.0,3.5,17558.013124999998,1,1,0.2153452426610304,1.2342984938748631,-1.0189532512138326,-50.89462642379405,hysteresis supporting component
5,600.0,3.5,17616.55,1,1,0.011201801129901708,1.1752725398347221,-1.1640707387048204,-58.142947487213966,hysteresis supporting component
6,200.0,1.75,15446.725,1,1,0.36472405145434994,0.7555253503487117,-0.39080129889436177,-39.78727318106488,hysteresis supporting component
6,200.0,1.75,15461.28,1,1,0.26482566915218564,0.7812133864992363,-0.5163877173470507,-52.573159903921805,hysteresis supporting component
6,200.0,1.75,15475.835000000001,1,1,0.16492728685002134,0.8069014226497611,-0.6419741357997397,-65.35904662677875,hysteresis supporting component
6,200.0,1.75,15490.390000000001,1,1,0.06502890454785704,0.7991989365469501,-0.734170031999093,-74.74546197041948,hysteresis supporting component
6,200.0,1.75,15504.945,1,1,0.029091760215975558,0.7482309708998218,-0.7191392106838462,-73.21518201613728,hysteresis supporting component
6,200.0,1.75,15519.5,1,1,0.04600088339152521,0.6972630052526871,-0.651262121861162,-66.30465156661191,hysteresis supporting component
6,200.0,1.75,15534.055,1,1,0.06291000656707485,0.6462950396055525,-0.5833850330384776,-59.39412111708655,hysteresis supporting component
6,200.0,1.75,15548.61,1,1,0.0798191297426245,0.5953270739584178,-0.5155079442157933,-52.48359066756121,hysteresis supporting component
6,200.0,1.75,15563.165,1,1,0.09672825291817416,0.5443591083112831,-0.44763085539310893,-45.57306021803584,hysteresis supporting component
6,200.0,1.75,15577.720000000001,1,1,0.11363737609372382,0.49339114266414835,-0.37975376657042453,-38.66252976851048,hysteresis supporting component
6,200.0,1.75,15592.275000000001,1,1,0.13054649926927347,0.4424231770170137,-0.31187667774774025,-31.75199931898513,hysteresis supporting component
6,200.0,1.75,15606.83,1,1,0.14745562244482102,0.39145521136988537,-0.24399958892506435,-24.841468869460634,hysteresis supporting component
6,200.0,1.75,15621.385,1,1,0.16436474562037068,0.37110031724620224,-0.20673557162583156,-21.047639011926623,hysteresis supporting component
6,200.0,1.75,15635.94,1,1,0.18127386879592028,0.40326169040947746,-0.22198782161355718,-22.60046250203373,hysteresis supporting component
6,200.0,1.75,15650.495,1,1,0.19818299197146994,0.43542306357275273,-0.2372400716012828,-24.153285992140834,hysteresis supporting component
6,200.0,1.75,15665.050000000001,1,1,0.2150921151470196,0.467584436736028,-0.2524923215890084,-25.706109482247935,hysteresis supporting component
6,200.0,1.75,15679.605000000001,1,1,0.23200123832256925,0.4997458098993033,-0.26774457157673404,-27.258932972355044,hysteresis supporting component
6,200.0,1.75,15694.16,1,1,0.2489103614981168,0.5319071830625746,-0.28299682156445777,-28.811756462461958,hysteresis supporting component
6,200.0,1.75,15708.715,1,1,0.26581948467366645,0.5640685562258497,-0.2982490715521833,-30.36457995256905,hysteresis supporting component
6,200.0,1.75,15723.27,1,1,0.2827286078492161,0.596229929389125,-0.3135013215399089,-31.91740344267615,hysteresis supporting component
6,200.0,1.75,15737.825,1,1,0.29963773102476576,0.6283913025524003,-0.3287535715276345,-33.47022693278326,hysteresis supporting component
6,200.0,2.625,14753.55,1,1,0.9747359054925875,1.1512622459421307,-0.17652634044954318,-11.86173580669671,hysteresis supporting component
6,200.0,2.625,14786.574999999999,1,1,0.8810487669618742,1.1680559620517705,-0.28700719508989636,-19.285527100985238,hysteresis supporting component
6,200.0,2.625,14819.599999999999,1,1,0.8574075180168431,1.1848496781614102,-0.32744216014456706,-22.00256565517546,hysteresis supporting component
6,200.0,2.625,14852.625,1,1,0.8337662690718108,1.201643394271051,-0.3678771251992401,-24.71960420936584,hysteresis supporting component
6,200.0,2.625,14885.65,1,1,0.8101250201267798,1.2184371103806908,-0.408312090253911,-27.436642763556073,hysteresis supporting component
6,200.0,2.625,14918.675,1,1,0.7864837711817487,1.2352308264903307,-0.44874705530858194,-30.15368131774631,hysteresis supporting component
6,200.0,2.625,14951.699999999999,1,1,0.7628425222367178,1.2520245425999703,-0.48918202036325253,-32.87071987193653,hysteresis supporting component
6,200.0,2.625,14984.724999999999,1,1,0.7392012732916867,1.2688182587096102,-0.5296169854179235,-35.58775842612676,hysteresis supporting component
6,200.0,2.625,15017.75,1,1,0.7155600243466544,1.285611974819251,-0.5700519504725965,-38.30479698031714,hysteresis supporting component
6,200.0,2.625,15050.775,1,1,0.6919187754016234,1.3024056909288908,-0.6104869155272674,-41.021835534507375,hysteresis supporting component
6,200.0,2.625,15083.8,1,1,0.6682775264565923,1.3191994070385307,-0.6509218805819383,-43.738874088697614,hysteresis supporting component
6,200.0,2.625,15116.824999999999,1,1,0.6446362775115613,1.2317165135110288,-0.5870802359994676,-39.44901729127111,hysteresis supporting component
6,200.0,2.625,15149.849999999999,1,1,0.6047249316352669,1.1413307870706526,-0.5366058554353857,-36.0573774615827,hysteresis supporting component
6,200.0,2.625,15182.875,1,1,0.513496267450603,1.0509450606302713,-0.5374487931796683,-36.11401889423638,hysteresis supporting component
6,200.0,2.625,15215.9,1,1,0.42226760326594404,0.9605593341898949,-0.5382917309239509,-36.17066032689006,hysteresis supporting component
6,200.0,2.625,15248.925,1,1,0.3310389390812851,0.8701736077495186,-0.5391346686682335,-36.227301759543735,hysteresis supporting component
6,200.0,2.625,15281.949999999999,1,1,0.2398102748966262,0.7427630479446895,-0.5029527730480633,-33.79604937115239,hysteresis supporting component
6,200.0,2.625,15314.974999999999,1,1,0.1485816107119673,0.6099944749926631,-0.46141286428069583,-31.004763821483177,hysteresis supporting component
6,200.0,2.625,15348.0,1,1,0.05735294652730327,0.47722590204062953,-0.41987295551332626,-28.21347827181383,hysteresis supporting component
6,200.0,2.625,15381.025,1,1,0.15610423914798305,0.41339574663635276,-0.2572915074883697,-17.28877333185359,hysteresis supporting component
6,200.0,2.625,15414.05,1,1,0.3573738534480122,0.6145455182962821,-0.2571716648482699,-17.28072047282065,hysteresis supporting component
6,200.0,3.5,14746.975,1,1,1.3699977864494404,2.1640120064262205,-0.7940142199767801,-35.745411833874044,hysteresis supporting component
6,200.0,3.5,14802.032500000001,1,1,0.8603103443895336,2.1435349940132635,-1.28322464962373,-57.76898249696377,hysteresis supporting component
6,200.0,3.5,14857.09,1,1,0.8236108291375198,2.1230579816003075,-1.2994471524627875,-58.49929693009226,hysteresis supporting component
6,200.0,3.5,14912.147500000001,1,1,0.7869113138855048,1.9884564320549862,-1.2015451181694814,-54.09188400581159,hysteresis supporting component
6,200.0,3.5,14967.205,1,1,0.750211798633491,1.8499243738581859,-1.0997125752246948,-49.50752506856421,hysteresis supporting component
6,200.0,3.5,15022.2625,1,1,0.713512283381476,1.711392315661381,-0.9978800322799051,-44.92316613131669,hysteresis supporting component
6,200.0,3.5,15077.32,1,1,0.6768127681294622,1.553372227377221,-0.8765594592477588,-39.46148328251018,hysteresis supporting component
6,200.0,3.5,15132.3775,1,1,0.6401132528774471,1.362101795303058,-0.721988542425611,-32.50291636980584,hysteresis supporting component
6,200.0,3.5,15187.435,1,1,0.5611303957929419,1.1708313632289014,-0.6097009674359595,-27.447886483880772,hysteresis supporting component
6,200.0,3.5,15242.4925,1,1,0.4556767431238414,1.3430595586526073,-0.887382815528766,-39.94873567416214,hysteresis supporting component
6,200.0,3.5,15297.55,1,1,0.3502230904547443,1.2472847803226772,-0.8970616898679329,-40.3844650863532,hysteresis supporting component
6,200.0,3.5,15352.6075,1,1,0.24476943778564375,1.151510001992744,-0.9067405642071003,-40.8201944985443,hysteresis supporting component
6,200.0,3.5,15407.665,1,1,0.13931578511654324,1.0557352236628106,-0.9164194385462674,-41.25592391073539,hysteresis supporting component
6,200.0,3.5,15462.7225,1,1,0.03386213244744618,0.9599604453328805,-0.9260983128854343,-41.69165332292646,hysteresis supporting component
6,200.0,3.5,15517.78,1,1,0.7834316477017171,0.8556616299345496,-0.0722299822328325,-3.251692975651628,hysteresis supporting component
6,200.0,3.5,15572.8375,1,1,1.5412979578258685,0.7186467662888679,0.8226511915370006,37.03460831970644,hysteresis supporting component
6,200.0,3.5,15627.895,1,1,1.1140283421811839,0.5976724249690437,0.5163559172121401,23.245622621400255,hysteresis supporting component
6,200.0,3.5,15682.9525,1,1,0.9297216765164404,0.5388471193540059,0.3908745571624346,17.59662694902738,hysteresis supporting component
6,200.0,3.5,15738.01,1,1,0.7454150108516908,0.480021813738966,0.2653931971127248,11.947631276654317,hysteresis supporting component
6,200.0,3.5,15793.067500000001,1,1,0.5611083451869414,0.4211965081239263,0.13991183706301513,6.298635604281258,hysteresis supporting component
6,200.0,3.5,15848.125,1,1,0.376801679522198,0.36380874239826716,0.012992937123930848,0.5849238927233834,hysteresis supporting component
6,400.0,2.625,14910.7,1,1,0.012221922012703668,1.1038563097499978,-1.0916343877372943,-95.8569584395791,hysteresis supporting component
6,400.0,2.625,14926.143750000001,1,1,0.08739529972678785,1.1129361994931362,-1.0255408997663482,-90.0532563936131,hysteresis supporting component
6,400.0,2.625,14941.587500000001,1,1,0.16256867744087203,1.1220160892362745,-0.9594474117954025,-84.2495543476471,hysteresis supporting component
6,400.0,2.625,14957.03125,1,1,0.23774205515494737,1.131095978979412,-0.8933539238244645,-78.4458523016818,hysteresis supporting component
6,400.0,2.625,14972.475,1,1,0.31291543286903156,1.1401758687225503,-0.8272604358535187,-72.64215025571579,hysteresis supporting component
6,400.0,2.625,14987.91875,1,1,0.38808881058311573,1.1492557584656886,-0.7611669478825729,-66.83844820974979,hysteresis supporting component
6,400.0,2.625,15003.362500000001,1,1,0.4632621882971999,0.8321002237079416,-0.36883803541074167,-32.38785130668854,hysteresis supporting component
6,400.0,2.625,15018.806250000001,1,1,0.5384355660112841,0.6209279045805238,-0.08249233856923976,-7.243693271888999,hysteresis supporting component
6,400.0,2.625,15034.25,1,1,0.5683792641729324,0.6178781698722504,-0.04949890569931803,-4.346523524473316,hysteresis supporting component
6,400.0,2.625,15049.69375,1,1,0.5520593801576289,0.6148284351639766,-0.06276905500634766,-5.511781934157153,hysteresis supporting component
6,400.0,2.625,15065.1375,1,1,0.5357394961423255,0.6117787004557028,-0.0760392043133773,-6.677040343840989,hysteresis supporting component
6,400.0,2.625,15080.581250000001,1,1,0.519419612127022,0.6087289657474291,-0.08930935362040704,-7.842298753524838,hysteresis supporting component
6,400.0,2.625,15096.025000000001,1,1,0.5030997281117187,0.6056792310391552,-0.10257950292743656,-9.007557163208665,hysteresis supporting component
6,400.0,2.625,15111.46875,1,1,0.4867798440964171,0.6026294963308818,-0.1158496522344647,-10.17281557289237,hysteresis supporting component
6,400.0,2.625,15126.9125,1,1,0.4704599600811137,0.5995797616226081,-0.12911980154149438,-11.338073982576214,hysteresis supporting component
6,400.0,2.625,15142.35625,1,1,0.4541400760658103,0.5965300269143343,-0.14238995084852402,-12.50333239226005,hysteresis supporting component
6,400.0,2.625,15157.800000000001,1,1,0.4378201920505068,0.5934802922060605,-0.15566010015555365,-13.668590801943886,hysteresis supporting component
6,400.0,2.625,15173.243750000001,1,1,0.42150030803520344,0.5904305574977867,-0.16893024946258328,-14.833849211627726,hysteresis supporting component
6,400.0,2.625,15188.6875,1,1,0.4051804240199019,0.5873808227895133,-0.18220039876961142,-15.999107621311431,hysteresis supporting component
6,400.0,2.625,15204.13125,1,1,0.38886054000459847,0.5843310880812396,-0.1954705480766411,-17.164366030995275,hysteresis supporting component
6,400.0,2.625,15219.575,1,1,0.37254065598929503,0.5812813533729657,-0.20874069738367068,-18.329624440679105,hysteresis supporting component
6,400.0,3.5,14424.90909090909,1,1,1.1003845150984688,0.7489643712417831,0.35142014385668574,17.017676957128685,hysteresis supporting component
6,400.0,3.5,14474.766267942583,1,1,1.0422492382963582,0.8583980181921639,0.1838512201041943,8.903077204313819,hysteresis supporting component
6,400.0,3.5,14524.623444976076,1,1,0.9841139614942473,0.9678316651425448,0.01628229635170253,0.7884774514989347,hysteresis supporting component
6,400.0,3.5,14574.480622009569,1,1,0.9259786846921366,1.0772653120929259,-0.15128662740078924,-7.326122301315949,hysteresis supporting component
6,400.0,3.5,14624.337799043062,1,1,0.8678434078900259,1.1866989590433068,-0.3188555511532809,-15.440722054130825,hysteresis supporting component
6,400.0,3.5,14674.194976076555,1,1,0.8097081310879152,1.2961326059936877,-0.48642447490577256,-23.555321806945706,hysteresis supporting component
6,400.0,3.5,14724.052153110048,1,1,0.7515728542858044,1.8721023164359099,-1.1205294621501054,-54.26213818748019,hysteresis supporting component
6,400.0,3.5,14773.90933014354,1,1,0.6934375774836937,1.0959889405962833,-0.40255136311258954,-19.493729018833896,hysteresis supporting component
6,400.0,3.5,14823.766507177033,1,1,0.635302300681583,0.31987556475665624,0.31542673592492676,15.274680149812417,hysteresis supporting component
6,400.0,3.5,14873.623684210526,1,1,0.5950244641289374,0.29561204437607913,0.29941241975285826,14.499179757846486,hysteresis supporting component
6,400.0,3.5,14923.480861244017,1,1,0.5554000038041157,0.35952593229575847,0.19587407150835723,9.48528913745515,hysteresis supporting component
6,400.0,3.5,14973.33803827751,1,1,0.5157755434792926,0.42343982021544024,0.09233572326385231,4.4713985170636255,hysteresis supporting component
6,400.0,3.5,15023.195215311003,1,1,0.4761510831544694,0.4873537081351219,-0.011202624980652498,-0.5424921033278931,hysteresis supporting component
6,400.0,3.5,15073.052392344496,1,1,0.43652662282964627,0.5512675960548037,-0.11474097322515742,-5.556382723719417,hysteresis supporting component
6,400.0,3.5,15122.90956937799,1,1,0.39690216250482313,0.6283122923293413,-0.23141012982451814,-11.206138585973772,hysteresis supporting component
6,400.0,3.5,15172.766746411482,1,1,0.44883073322897965,0.8565262525120851,-0.4076955192831055,-19.742837072134794,hysteresis supporting component
6,400.0,3.5,15222.623923444975,1,1,0.6193931761572298,1.0847402126948291,-0.46534703653759935,-22.53463746797497,hysteresis supporting component
6,400.0,3.5,15272.481100478468,1,1,0.78995561908548,1.0591913637654493,-0.26923574467996936,-13.03786082946972,hysteresis supporting component
6,400.0,3.5,15322.33827751196,1,1,0.7413875279183487,1.273398725187159,-0.5320111972688103,-25.76287913759453,hysteresis supporting component
6,400.0,3.5,15372.195454545454,1,1,0.5010459614792169,1.487606086608869,-0.9865601251296521,-47.774613384392836,hysteresis supporting component
6,400.0,3.5,15422.052631578947,1,1,0.260704395040085,1.7018134480305787,-1.4411090529904937,-69.78634763119113,hysteresis supporting component
6,600.0,3.5,14004.666666666666,1,1,0.8889224212864736,0.8894559124146426,-0.000533491128169028,-0.018965428397839223,hysteresis supporting component
6,600.0,3.5,14081.147083333333,1,1,0.8706888264908648,1.2206082256431705,-0.34991939915230574,-12.439515784291265,hysteresis supporting component
6,600.0,3.5,14157.627499999999,1,1,0.8524552316952563,1.5517605388716906,-0.6993053071764344,-24.860066140184404,hysteresis supporting component
6,600.0,3.5,14234.107916666666,1,1,0.8342216368996473,1.8829128521002185,-1.0486912152005712,-37.28061649607783,hysteresis supporting component
6,600.0,3.5,14310.588333333333,1,1,0.8159880421040385,2.2140651653287464,-1.398077123224708,-49.701166851971266,hysteresis supporting component
6,600.0,3.5,14387.068749999999,1,1,0.79775444730843,2.5452174785572668,-1.7474630312488366,-62.1217172078644,hysteresis supporting component
6,600.0,3.5,14463.549166666666,1,1,0.7795208525128212,2.819387924432453,-2.039867071919632,-72.51658153412517,hysteresis supporting component
6,600.0,3.5,14540.029583333333,1,1,0.7612872577172123,2.725335233257854,-1.964047975540642,-69.82123841098888,hysteresis supporting component
6,600.0,3.5,14616.51,1,1,0.7430536629216034,2.6030878595977796,-1.8600341966761762,-66.12358390225693,hysteresis supporting component
6,600.0,3.5,14692.990416666666,1,1,0.724820068125995,2.1973842459818367,-1.4725641778558418,-52.34915634341998,hysteresis supporting component
6,600.0,3.5,14769.470833333333,1,1,0.706586473330386,1.7916806323658845,-1.0850941590354983,-38.57472878458272,hysteresis supporting component
6,600.0,3.5,14845.95125,1,1,0.6883528785347772,1.3859770187499323,-0.6976241402151551,-24.800301225745464,hysteresis supporting component
6,600.0,3.5,14922.431666666665,1,1,0.6701192837391687,2.308511970868933,-1.6383926871297643,-58.24430352187231,hysteresis supporting component
6,600.0,3.5,14998.912083333333,1,1,0.6518856889435598,2.0716517134846666,-1.4197660245411068,-50.472199926796144,hysteresis supporting component
6,600.0,3.5,15075.3925,1,1,0.6336520941479509,1.8347914561004002,-1.2011393619524493,-42.70009633171998,hysteresis supporting component
6,600.0,3.5,15151.872916666667,1,1,0.615418499352342,1.5979311987161335,-0.9825126993637915,-34.927992736643816,hysteresis supporting component
6,600.0,3.5,15228.353333333333,1,1,0.5971849045567337,1.3610709413318727,-0.763886036775139,-27.15588914156783,hysteresis supporting component
6,600.0,3.5,15304.83375,1,1,0.5256551112508274,1.124210683947606,-0.5985555726967786,-21.278447300648928,hysteresis supporting component
6,600.0,3.5,15381.314166666667,1,1,0.30774721392049526,0.8873504265633396,-0.5796032126428443,-20.604697338195802,hysteresis supporting component
6,600.0,3.5,15457.794583333332,1,1,0.16338638648703224,0.6504901691790788,-0.4871037826920465,-17.316374022316815,hysteresis supporting component
6,600.0,3.5,15534.275,1,1,0.019025559053565802,1.384353502859071,-1.3653279438055053,-48.5369446473874,hysteresis supporting component
7,200.0,1.75,0.0,1,1,0.5571906526161088,0.7942399634139122,-0.23704931079780345,-30.44071096231412,hysteresis supporting component
7,200.0,1.75,0.9,1,1,0.5253273991275929,0.7915968694610988,-0.2662694703335059,-34.19302067249813,hysteresis supporting component
7,200.0,1.75,1.8,1,1,0.49346414563907687,0.7889537755082853,-0.2954896298692084,-37.945330382682144,hysteresis supporting component
7,200.0,1.75,2.7,1,1,0.4616008921505609,0.7863106815554718,-0.3247097894049109,-41.69764009286616,hysteresis supporting component
7,200.0,1.75,3.6,1,1,0.42973763866204495,0.7836675876026582,-0.35392994894061325,-45.44994980305016,hysteresis supporting component
7,200.0,1.75,4.5,1,1,0.397874385173529,0.7810244936498447,-0.3831501084763157,-49.20225951323417,hysteresis supporting component
7,200.0,1.75,5.4,1,1,0.36601113168501304,0.7783813996970312,-0.4123702680120182,-52.95456922341818,hysteresis supporting component
7,200.0,1.75,6.3,1,1,0.3341478781964971,0.7757383057442178,-0.44159042754772065,-56.70687893360219,hysteresis supporting component
7,200.0,1.75,7.2,1,1,0.3022846247079811,0.7730952117914043,-0.47081058708342316,-60.45918864378621,hysteresis supporting component
7,200.0,1.75,8.1,1,1,0.2704213712194652,0.7704521178385908,-0.5000307466191256,-64.21149835397021,hysteresis supporting component
7,200.0,1.75,9.0,1,1,0.23855811773094926,0.7678090238857773,-0.5292509061548281,-67.96380806415424,hysteresis supporting component
7,200.0,1.75,9.9,1,1,0.20669486424243327,0.7651659299329638,-0.5584710656905305,-71.71611777433824,hysteresis supporting component
7,200.0,1.75,10.8,1,1,0.1748316107539173,0.7625228359801502,-0.587691225226233,-75.46842748452225,hysteresis supporting component
7,200.0,1.75,11.700000000000001,1,1,0.14296835726540136,0.7598797420273368,-0.6169113847619354,-79.22073719470626,hysteresis supporting component
7,200.0,1.75,12.6,1,1,0.11110510377688543,0.7572366480745233,-0.6461315442976379,-82.97304690489027,hysteresis supporting component
7,200.0,1.75,13.5,1,1,0.07924185028836944,0.7545935541217098,-0.6753517038333403,-86.72535661507428,hysteresis supporting component
7,200.0,1.75,14.4,1,1,0.047378596799853456,0.7519504601688963,-0.7045718633690429,-90.4776663252583,hysteresis supporting component
7,200.0,1.75,15.3,1,1,0.01551534331133755,0.7493073662160828,-0.7337920229047453,-94.2299760354423,hysteresis supporting component
7,200.0,1.75,16.2,1,1,0.12487555002099848,0.7466642722632694,-0.6217887222422709,-79.84706097520944,hysteresis supporting component
7,200.0,1.75,17.1,1,1,0.23423575673065986,0.7440211783104558,-0.5097854215797959,-65.46414591497648,hysteresis supporting component
7,200.0,1.75,18.0,1,1,0.34359596344032073,0.7413780843576423,-0.39778212091732157,-51.081230854743644,hysteresis supporting component
7,200.0,1.75,11519.625,1,1,0.36814502425424256,0.667608780649104,-0.29946375639486145,-30.373041935185945,hysteresis supporting component
7,200.0,1.75,11546.27,1,1,0.4324063784457947,0.6448009564660346,-0.21239457802023992,-21.542070742306247,hysteresis supporting component
7,200.0,1.75,11572.915,1,1,0.49666773263734687,0.621993132282965,-0.12532539964561817,-12.711099549426526,hysteresis supporting component
7,200.0,1.75,11599.56,1,1,0.5351177683904335,0.7139674504044089,-0.17884968201397544,-18.13978745642409,hysteresis supporting component
7,200.0,1.75,11626.205,1,1,0.5048347773630213,0.8077355813082047,-0.3029008039451834,-30.721643684646093,hysteresis supporting component
7,200.0,1.75,11652.85,1,1,0.4745517863356092,0.9015037122120004,-0.42695192587639125,-43.30349991286809,hysteresis supporting component
7,200.0,1.75,11679.494999999999,1,1,0.44426879530819907,0.873846781708993,-0.4295779864007939,-43.56984749159427,hysteresis supporting component
7,200.0,1.75,11706.14,1,1,0.4139858042807869,0.8206861768641804,-0.40670037258339353,-41.24949082400251,hysteresis supporting component
7,200.0,1.75,11732.785,1,1,0.38370281325337474,0.7675255720193679,-0.38382275876599314,-38.92913415641075,hysteresis supporting component
7,200.0,1.75,11759.43,1,1,0.3534198222259626,0.7143649671745552,-0.36094514494859264,-36.60877748881898,hysteresis supporting component
7,200.0,1.75,11786.075,1,1,0.32313683119855047,0.6612043623297427,-0.3380675311311922,-34.28842082122721,hysteresis supporting component
7,200.0,1.75,11812.72,1,1,0.29285384017114036,0.6080437574849338,-0.3151899173137934,-31.968064153635613,hysteresis supporting component
7,200.0,1.75,11839.365,1,1,0.2625708491437282,0.5548831526401211,-0.2923123034963929,-29.64770748604384,hysteresis supporting component
7,200.0,1.75,11866.01,1,1,0.23228785811631608,0.5017225477953086,-0.2694346896789925,-27.32735081845208,hysteresis supporting component
7,200.0,1.75,11892.654999999999,1,1,0.20200486708890597,0.4485619429504996,-0.24655707586159364,-25.00699415086047,hysteresis supporting component
7,200.0,1.75,11919.3,1,1,0.1717218760614938,0.395401338105687,-0.2236794620441932,-22.686637483268708,hysteresis supporting component
7,200.0,1.75,11945.945,1,1,0.14143888503408164,0.35903356678586584,-0.2175946817517842,-22.069490055437598,hysteresis supporting component
7,200.0,1.75,11972.59,1,1,0.11115589400666953,0.3418267626058514,-0.23067086859918184,-23.39573926919771,hysteresis supporting component
7,200.0,1.75,11999.235,1,1,0.08087290297925737,0.32461995842583696,-0.2437470554465796,-24.721988482957833,hysteresis supporting component
7,200.0,1.75,12025.88,1,1,0.050589911951847255,0.3074131542458237,-0.25682324229397646,-26.048237696717873,hysteresis supporting component
7,200.0,1.75,12052.525,1,1,0.020306920924435118,0.2902063500658093,-0.2698994291413742,-27.374486910477998,hysteresis supporting component
7,200.0,2.625,11686.125,1,1,1.437731647678328,1.8921852050577677,-0.4544535573794397,-21.93971460506624,hysteresis supporting component
7,200.0,2.625,11761.8925,1,1,1.4049457138336305,1.685498968904934,-0.28055325507130346,-13.544306668607508,hysteresis supporting component
7,200.0,2.625,11837.66,1,1,1.3721597799889331,1.4788127327521003,-0.10665295276316722,-5.148898732148779,hysteresis supporting component
7,200.0,2.625,11913.4275,1,1,1.313703097493451,1.462216840638316,-0.1485137431448651,-7.169817655994139,hysteresis supporting component
7,200.0,2.625,11989.195,1,1,1.2476634715920203,1.59231530444236,-0.3446518328503396,-16.638802201158747,hysteresis supporting component
7,200.0,2.625,12064.9625,1,1,1.1816238456905894,1.1170776719725743,0.06454617371801508,3.116104181004142,hysteresis supporting component
7,200.0,2.625,12140.73,1,1,1.1155842197891586,1.0519876554429963,0.06359656434616223,3.070259763535203,hysteresis supporting component
7,200.0,2.625,12216.4975,1,1,1.0495445938877277,0.9868976389134182,0.0626469549743095,3.024415346066269,hysteresis supporting component
7,200.0,2.625,12292.265,1,1,0.9835049679862968,0.9218076223838402,0.061697345602456655,2.978570928597329,hysteresis supporting component
7,200.0,2.625,12368.0325,1,1,0.9174653420848661,1.9389501891288514,-1.0214848470439852,-49.3143593082999,hysteresis supporting component
7,200.0,2.625,12443.8,1,1,0.8514257161834352,1.833898780148456,-0.9824730639650209,-47.43098228750435,hysteresis supporting component
7,200.0,2.625,12519.567500000001,1,1,0.7853860902820028,1.5691295686588596,-0.7837434783768568,-37.83688775223586,hysteresis supporting component
7,200.0,2.625,12595.335000000001,1,1,0.7193464643805719,1.3043603571692692,-0.5850138927886973,-28.2427932169676,hysteresis supporting component
7,200.0,2.625,12671.1025,1,1,0.6533068384791412,1.039591145679679,-0.38628430720053775,-18.648698681699337,hysteresis supporting component
7,200.0,2.625,12746.87,1,1,0.9535669626428651,0.7748219341900886,0.1787450284527765,8.62929742247361,hysteresis supporting component
7,200.0,2.625,12822.6375,1,1,0.8073657521662587,0.5100527227004983,0.29731302946576044,14.353420517732191,hysteresis supporting component
7,200.0,2.625,12898.405,1,1,0.6944094511777272,0.24528351121090797,0.44912593996681927,21.6825125133236,hysteresis supporting component
7,200.0,2.625,12974.1725,1,1,0.5814531501891955,0.3017848095733227,0.2796683406158728,13.501585536190811,hysteresis supporting component
7,200.0,2.625,13049.94,1,1,0.468496849200664,0.4206949072554488,0.0478019419452152,2.30774068508461,hysteresis supporting component
7,200.0,2.625,13125.7075,1,1,0.33609146792638067,0.5143289332016561,-0.1782374652752754,-8.60479372770086,hysteresis supporting component
7,200.0,2.625,13201.475,1,1,0.022165758066304386,0.6079629591478635,-0.5857972010815591,-28.280609095211062,hysteresis supporting component
7,200.0,3.5,10314.666666666666,1,1,3.119134642286295,2.5951916751239845,0.5239429671623106,8.921821879604048,hysteresis supporting component
7,200.0,3.5,10421.558333333332,1,1,3.3096607160150047,4.43802177680724,-1.1283610607922352,-19.21399280305782,hysteresis supporting component
7,200.0,3.5,10528.449999999999,1,1,4.596914937459958,3.5976868428228213,0.9992280946371364,17.015086824682843,hysteresis supporting component
7,200.0,3.5,10635.341666666665,1,1,2.8009291129822467,3.8686251922872255,-1.0676960793049788,-18.18097548422604,hysteresis supporting component
7,200.0,3.5,10742.233333333334,1,1,2.737666105505852,4.081278484339605,-1.343612378833753,-22.879341971341436,hysteresis supporting component
7,200.0,3.5,10849.125,1,1,3.1754866059378246,4.268726334466537,-1.0932397285287125,-18.615938643982776,hysteresis supporting component
7,200.0,3.5,10956.016666666666,1,1,3.269482312180521,5.218397970508115,-1.9489156583275942,-33.18658604417057,hysteresis supporting component
7,200.0,3.5,11062.908333333333,1,1,3.3634780184232174,2.9926206440497456,0.37085737437347177,6.315045041672924,hysteresis supporting component
7,200.0,3.5,11169.8,1,1,2.5869510165126455,2.430673197733584,0.15627781877906166,2.661134799520838,hysteresis supporting component
7,200.0,3.5,11276.691666666666,1,1,2.9995690420821517,3.516358864853082,-0.5167898227709302,-8.800016484477492,hysteresis supporting component
7,200.0,3.5,11383.583333333332,1,1,1.6363796939477577,4.946255628195383,-3.309875934247625,-56.36133201459178,hysteresis supporting component
7,200.0,3.5,11490.475,1,1,2.253724490340399,1.4939503509391274,0.7597741394012716,12.937609559262754,hysteresis supporting component
7,200.0,3.5,11597.366666666667,1,1,3.250896259670902,1.11017103568391,2.1407252239869923,36.45276363767042,hysteresis supporting component
7,200.0,3.5,11704.258333333333,1,1,2.6208555227484727,1.1837017037053252,1.4371538190431474,24.4721872240029,hysteresis supporting component
7,200.0,3.5,11811.15,1,1,3.5791049491091673,1.2572323717267404,2.321872577382427,39.537382617688316,hysteresis supporting component
7,200.0,3.5,11918.041666666666,1,1,1.9440053737716867,1.3307630397481556,0.6132423340235311,10.442432127341975,hysteresis supporting component
7,200.0,3.5,12024.933333333332,1,1,0.7558345952504307,4.15595995164356,-3.400125356393129,-57.8981200231804,hysteresis supporting component
7,200.0,3.5,12131.825,1,1,1.3386420993661283,1.6578827863818142,-0.31924068701568586,-5.436104165501732,hysteresis supporting component
7,200.0,3.5,12238.716666666667,1,1,2.250863106238798,0.4244576751956487,1.8264054310431495,31.100453593187556,hysteresis supporting component
7,200.0,3.5,12345.608333333334,1,1,0.2981458040406191,0.49863479865942356,-0.20048899461880448,-3.4139729148339613,hysteresis supporting component
7,200.0,3.5,12452.5,1,1,0.03892966569493256,0.5728119221231984,-0.5338822564282659,-9.091070393275274,hysteresis supporting component
7,400.0,2.625,10609.0,1,1,1.1771794139991398,3.8712476206807707,-2.6940682066816306,-66.60483557961051,hysteresis supporting component
7,400.0,2.625,10709.13375,1,1,1.1396245071698754,2.7749881275907775,-1.635363620420902,-40.43072286769414,hysteresis supporting component
7,400.0,2.625,10809.2675,1,1,1.1009797872399916,3.0854608054122434,-1.9844810181722519,-49.06187289483153,hysteresis supporting component
7,400.0,2.625,10909.401249999999,1,1,1.0362619500898242,3.3959334832337094,-2.359671533143885,-58.33762266936875,hysteresis supporting component
7,400.0,2.625,11009.535,1,1,0.9715441129396558,3.706406161055181,-2.7348620481155255,-67.61337244390614,hysteresis supporting component
7,400.0,2.625,11109.66875,1,1,0.9068262757894874,4.016878838876653,-3.1100525630871654,-76.88912221844355,hysteresis supporting component
7,400.0,2.625,11209.8025,1,1,0.8421084386393201,1.7946577428809698,-0.9525493042416497,-23.54965981675495,hysteresis supporting component
7,400.0,2.625,11309.936249999999,1,1,0.7773906014891527,3.242304905871131,-2.464914304381978,-60.93951576801817,hysteresis supporting component
7,400.0,2.625,11410.07,1,1,0.7126727643389843,2.758705396014778,-2.0460326316757937,-50.58359943720174,hysteresis supporting component
7,400.0,2.625,11510.20375,1,1,0.6479549271888158,2.275105886158425,-1.627150958969609,-40.2276831063853,hysteresis supporting component
7,400.0,2.625,11610.3375,1,1,0.7528730564940902,1.7915063763020804,-1.0386333198079902,-25.677895356081187,hysteresis supporting component
7,400.0,2.625,11710.471249999999,1,1,0.8506746156733026,1.4877439300302147,-0.637069314356912,-15.750119774369796,hysteresis supporting component
7,400.0,2.625,11810.605,1,1,0.516240079169278,3.1014619381360995,-2.5852218589668214,-63.913852079264885,hysteresis supporting component
7,400.0,2.625,11910.73875,1,1,1.0511197819456675,2.362221717865962,-1.3111019359202947,-32.41407498648378,hysteresis supporting component
7,400.0,2.625,12010.8725,1,1,1.21150355643724,2.7954628287662246,-1.5839592723289846,-39.15986486036982,hysteresis supporting component
7,400.0,2.625,12111.006249999999,1,1,1.0128464347977535,1.2220421216156225,-0.20919568681786904,-5.1718973892016376,hysteresis supporting component
7,400.0,2.625,12211.14,1,1,0.8141893131582633,0.4619978217982616,0.35219149136000166,8.707150144303238,hysteresis supporting component
7,400.0,2.625,12311.27375,1,1,0.6155321915187731,0.469202964885587,0.14632922663318615,3.617664191360497,hysteresis supporting component
7,400.0,2.625,12411.4075,1,1,0.41687506987928646,0.4764081079729122,-0.059533038093625756,-1.4718217615821543,hysteresis supporting component
7,400.0,2.625,12511.541249999998,1,1,0.2182179482397999,0.48361325106023745,-0.26539530282043755,-6.561307714524803,hysteresis supporting component
7,400.0,2.625,12611.675,1,1,0.0195608266003095,0.4908183941475628,-0.4712575675472533,-11.650793667467548,hysteresis supporting component
7,400.0,3.5,10758.166666666666,1,1,1.8798562663423755,2.406667503326602,-0.5268112369842264,-9.118721036993598,hysteresis supporting component
7,400.0,3.5,10881.843333333332,1,1,2.365620574820345,5.053344461446748,-2.6877238866264035,-46.52255423956383,hysteresis supporting component
7,400.0,3.5,11005.52,1,1,2.851384883298321,4.659197521604076,-1.8078126383057551,-31.291927693552935,hysteresis supporting component
7,400.0,3.5,11129.196666666667,1,1,3.3371491917762905,4.456939806709129,-1.1197906149328385,-19.382764680324787,hysteresis supporting component
7,400.0,3.5,11252.873333333333,1,1,3.1216619200918005,4.254682091814182,-1.1330201717223813,-19.611758728548775,hysteresis supporting component
7,400.0,3.5,11376.55,1,1,2.280762075053159,4.052424376919235,-1.7716623018660758,-30.66619154700834,hysteresis supporting component
7,400.0,3.5,11500.226666666666,1,1,2.100042549504107,3.850166662024288,-1.7501241125201812,-30.293381085691166,hysteresis supporting component
7,400.0,3.5,11623.903333333334,1,1,2.0414486720812497,4.4313332722271905,-2.389884600145941,-41.36717186233888,hysteresis supporting component
7,400.0,3.5,11747.58,1,1,1.9828547946583939,1.968652635020753,0.014202159637640932,0.24582909924219287,hysteresis supporting component
7,400.0,3.5,11871.256666666666,1,1,1.9242609172355378,1.8039352242129791,0.12032569302255869,2.082750615831098,hysteresis supporting component
7,400.0,3.5,11994.933333333334,1,1,2.8497048897828394,2.1922960759993635,0.6574088137834759,11.379270522910053,hysteresis supporting component
7,400.0,3.5,12118.61,1,1,0.8800171844699098,3.4102213089142372,-2.530204124444327,-43.79600121959676,hysteresis supporting component
7,400.0,3.5,12242.286666666667,1,1,0.5785260707368295,4.406110858521723,-3.8275847877848936,-66.2527210411342,hysteresis supporting component
7,400.0,3.5,12365.963333333333,1,1,0.7751631759178235,3.2072650858818577,-2.432101909964034,-42.097922924839565,hysteresis supporting component
7,400.0,3.5,12489.64,1,1,1.2708311453979335,2.387861923026645,-1.1170307776287114,-19.33499389504714,hysteresis supporting component
7,400.0,3.5,12613.316666666668,1,1,1.1275631664166608,3.446547713144059,-2.3189845467273984,-40.139943277898126,hysteresis supporting component
7,400.0,3.5,12736.993333333334,1,1,2.705468353359682,1.5141439887373553,1.1913243646223268,20.620962088342683,hysteresis supporting component
7,400.0,3.5,12860.67,1,1,2.531745271045157,1.7842993481082678,0.747445922936889,12.93774768457299,hysteresis supporting component
7,400.0,3.5,12984.346666666668,1,1,2.6589477606751846,1.3002067349539226,1.358741025721262,23.518823262005913,hysteresis supporting component
7,400.0,3.5,13108.023333333334,1,1,2.7861502503052105,1.225816589062822,1.5603336612423884,27.00824580536848,hysteresis supporting component
7,400.0,3.5,13231.7,1,1,0.028577368642407563,1.9736637270034252,-1.9450863583610176,-33.668036384893874,hysteresis supporting component
7,600.0,2.625,11859.0,1,1,0.5858025624492038,1.841022075211281,-1.255219512762077,-61.681225817089015,hysteresis supporting component
7,600.0,2.625,11911.03375,1,1,0.5419382072918784,1.8185180227182922,-1.2765798154264139,-62.73086664784787,hysteresis supporting component
7,600.0,2.625,11963.0675,1,1,0.49807385213455446,1.7960139702253044,-1.29794011809075,-63.78050747860671,hysteresis supporting component
7,600.0,2.625,12015.10125,1,1,0.454209496977229,1.7735099177323157,-1.3193004207550867,-64.83014830936557,hysteresis supporting component
7,600.0,2.625,12067.135,1,1,0.41034514181990356,1.751005865239327,-1.3406607234194234,-65.87978914012443,hysteresis supporting component
7,600.0,2.625,12119.16875,1,1,0.3664807866625781,1.7285018127463383,-1.3620210260837602,-66.92942997088329,hysteresis supporting component
7,600.0,2.625,12171.2025,1,1,0.32261643150525415,1.7059977602533505,-1.3833813287480963,-67.97907080164212,hysteresis supporting component
7,600.0,2.625,12223.23625,1,1,0.2970176703648273,1.6834937077603618,-1.3864760373955345,-68.13114414099032,hysteresis supporting component
7,600.0,2.625,12275.27,1,1,0.2754797576637186,1.6609896552673733,-1.3855098976036546,-68.08366823253931,hysteresis supporting component
7,600.0,2.625,12327.30375,1,1,0.25394184496261074,1.5992358535811004,-1.3452940086184897,-66.10746781125162,hysteresis supporting component
7,600.0,2.625,12379.3375,1,1,0.23240393226150208,1.4959059046797303,-1.2635019724182281,-62.08822416214168,hysteresis supporting component
7,600.0,2.625,12431.37125,1,1,0.21086601956039341,1.39257595577836,-1.1817099362179664,-58.06898051303173,hysteresis supporting component
7,600.0,2.625,12483.404999999999,1,1,0.18932810685928553,1.267634936309683,-1.0783068294503975,-52.987773350561554,hysteresis supporting component
7,600.0,2.625,12535.43875,1,1,0.16779019415817686,1.1371715144456782,-0.9693813202875013,-47.635196482844,hysteresis supporting component
7,600.0,2.625,12587.4725,1,1,0.14625228145706823,1.1029820726030213,-0.956729791145953,-47.01350297188658,hysteresis supporting component
7,600.0,2.625,12639.506249999999,1,1,0.12471436875596034,1.0796044911516964,-0.9548901223957361,-46.923102032085154,hysteresis supporting component
7,600.0,2.625,12691.539999999999,1,1,0.10317645605485168,1.0562269097003707,-0.953050453645519,-46.83270109228373,hysteresis supporting component
7,600.0,2.625,12743.57375,1,1,0.08163854335374301,1.0328493282490447,-0.9512107848953018,-46.742300152482294,hysteresis supporting component
7,600.0,2.625,12795.6075,1,1,0.06010063065263438,1.009471746797719,-0.9493711161450846,-46.65189921268087,hysteresis supporting component
7,600.0,2.625,12847.641249999999,1,1,0.03856271795152649,0.9860941653463942,-0.9475314473948677,-46.56149827287944,hysteresis supporting component
7,600.0,2.625,12899.675,1,1,0.017024805250417857,0.9627165838950683,-0.9456917786446505,-46.471097333078006,hysteresis supporting component
7,600.0,3.5,11264.3,1,1,1.156474306353088,3.2351020813069566,-2.0786277749538686,-51.59433825167537,hysteresis supporting component
7,600.0,3.5,11361.53894736842,1,1,1.1311062127974811,3.198707980700203,-2.0676017679027217,-51.320657920729694,hysteresis supporting component
7,600.0,3.5,11458.777894736842,1,1,1.1057381192418743,3.248062997341167,-2.1423248780992927,-53.175386058760395,hysteresis supporting component
7,600.0,3.5,11556.016842105262,1,1,1.0803700256862678,3.546633543447212,-2.466263517760944,-61.21597896763834,hysteresis supporting component
7,600.0,3.5,11653.255789473684,1,1,1.055001932130661,3.2658677220487817,-2.2108657899181208,-54.876663714658825,hysteresis supporting component
7,600.0,3.5,11750.494736842105,1,1,1.029633838575054,2.985101900650351,-1.9554680620752969,-48.53734846167928,hysteresis supporting component
7,600.0,3.5,11847.733684210525,1,1,1.0042657450194477,2.704336079251926,-1.7000703342324783,-42.198033208699876,hysteresis supporting component
7,600.0,3.5,11944.972631578947,1,1,0.9788976514638408,2.4235702578534957,-1.444672606389655,-35.858717955720344,hysteresis supporting component
7,600.0,3.5,12042.211578947368,1,1,0.9535295579082339,2.142804436455065,-1.189274878546831,-29.519402702740805,hysteresis supporting component
7,600.0,3.5,12139.45052631579,1,1,0.928161464352627,3.250145812730558,-2.3219843483779306,-57.6347758501234,hysteresis supporting component
7,600.0,3.5,12236.689473684211,1,1,0.9027933707970202,3.118137347857713,-2.2153439770606926,-54.98781834511847,hysteresis supporting component
7,600.0,3.5,12333.928421052631,1,1,0.8774252772414137,2.881509847432143,-2.004084570190729,-49.74407560857242,hysteresis supporting component
7,600.0,3.5,12431.167368421053,1,1,1.0039095248052912,2.801748991674569,-1.7978394668692779,-44.62479463304767,hysteresis supporting component
7,600.0,3.5,12528.406315789474,1,1,1.5391543424557887,2.721988135916995,-1.1828337934612063,-29.35952630417641,hysteresis supporting component
7,600.0,3.5,12625.645263157894,1,1,1.0161440113890414,2.642227280159423,-1.6260832687703815,-40.36157469135663,hysteresis supporting component
7,600.0,3.5,12722.884210526316,1,1,0.37254829053454197,3.199063395250346,-2.826515104715804,-70.15790808886564,hysteresis supporting component
7,600.0,3.5,12820.123157894737,1,1,1.0736245690906574,3.553833523606341,-2.4802089545156836,-61.562123472037335,hysteresis supporting component
7,600.0,3.5,12917.362105263159,1,1,1.18958120671647,2.6123787757376995,-1.4227975690212296,-35.31575009449294,hysteresis supporting component
7,600.0,3.5,13014.60105263158,1,1,0.8000028594244476,1.6709240278690585,-0.8709211684446109,-21.617435260275414,hysteresis supporting component
7,600.0,3.5,13111.84,1,1,0.4104245121324325,1.6277227853141185,-1.2172982731816862,-30.21498106418312,hysteresis supporting component
7,600.0,3.5,13209.078947368422,1,1,0.02084616484041013,2.2618694151268453,-2.2410232502864353,-55.62521245907692,hysteresis supporting component
8,200.0,1.75,12255.026315789473,1,1,0.31252381095565734,0.8618364241762992,-0.5493126132206418,-55.31693898375091,hysteresis supporting component
8,200.0,1.75,12274.14625,1,1,0.29812752416603727,0.8110275608494183,-0.512900036683381,-51.650115710308675,hysteresis supporting component
8,200.0,1.75,12293.266184210526,1,1,0.28373123737641714,0.7602186975225372,-0.4764874601461201,-47.98329243686644,hysteresis supporting component
8,200.0,1.75,12312.386118421053,1,1,0.2693349505867971,0.7094098341956563,-0.4400748836088592,-44.31646916342421,hysteresis supporting component
8,200.0,1.75,12327.95,1,1,0.37466770031621344,0.8680487307566707,-0.4933810304404572,-49.91408657135287,hysteresis supporting component
8,200.0,1.75,12331.50605263158,1,1,0.254938663797177,0.6586009708687752,-0.4036623070715982,-40.649645889981976,hysteresis supporting component
8,200.0,1.75,12349.8525,1,1,0.32912237688671675,0.8643119977876537,-0.5351896209009369,-54.143753856711676,hysteresis supporting component
8,200.0,1.75,12350.625986842104,1,1,0.24054237700755826,0.607792107541899,-0.3672497305343408,-36.98282261654009,hysteresis supporting component
8,200.0,1.75,12369.74592105263,1,1,0.22614609021793816,0.5569832442150182,-0.33083715399708,-33.31599934309787,hysteresis supporting component
8,200.0,1.75,12371.755000000001,1,1,0.28357705345722006,0.8605752648186367,-0.5769982113614166,-58.37342114207049,hysteresis supporting component
8,200.0,1.75,12388.865855263157,1,1,0.21174980342831806,0.5061743808881372,-0.2944245774598191,-29.64917606965563,hysteresis supporting component
8,200.0,1.75,12393.657500000001,1,1,0.23803173002772335,0.8568385318496197,-0.6188068018218963,-62.6030884274293,hysteresis supporting component
8,200.0,1.75,12407.985789473683,1,1,0.19735351663869796,0.45536551756125615,-0.25801200092255816,-25.982352796213398,hysteresis supporting component
8,200.0,1.75,12415.560000000001,1,1,0.19248640659822666,0.8531017988806026,-0.6606153922823759,-66.8327557127881,hysteresis supporting component
8,200.0,1.75,12427.10572368421,1,1,0.18295722984907786,0.40455665423437515,-0.22159942438529728,-22.315529522771165,hysteresis supporting component
8,200.0,1.75,12437.462500000001,1,1,0.14694108316872997,0.8493650659115856,-0.7024239827428556,-71.0624229981469,hysteresis supporting component
8,200.0,1.75,12446.225657894736,1,1,0.1685609430594578,0.3514682457024666,-0.1829073026430088,-18.419151238243536,hysteresis supporting component
8,200.0,1.75,12459.365,1,1,0.10139575973923703,0.8456283329425689,-0.7442325732033319,-75.29209028350537,hysteresis supporting component
8,200.0,1.75,12465.345592105263,1,1,0.1541646562698377,0.29360187448040365,-0.13943721821056596,-14.041622031205147,hysteresis supporting component
8,200.0,1.75,12481.2675,1,1,0.05585043630974035,0.8418915999735519,-0.7860411636638116,-79.52175756886419,hysteresis supporting component
8,200.0,1.75,12484.46552631579,1,1,0.1397683694802176,0.23573550325834072,-0.09596713377812313,-9.664092824166763,hysteresis supporting component
8,200.0,1.75,12503.17,1,1,0.0343669051751767,0.8381548670045348,-0.8037879618293581,-81.31715537572477,hysteresis supporting component
8,200.0,1.75,12503.585460526316,1,1,0.1253720826905975,0.22217954503412884,-0.09680746234353135,-9.748715683464404,hysteresis supporting component
8,200.0,1.75,12522.705394736842,1,1,0.11097579590097739,0.30645188568167486,-0.19547608978069747,-19.684854618180328,hysteresis supporting component
8,200.0,1.75,12525.0725,1,1,0.07709853413091153,0.8344181340355178,-0.7573195999046063,-76.61607102744654,hysteresis supporting component
8,200.0,1.75,12541.825328947369,1,1,0.09657950911135732,0.3907242263292209,-0.29414471721786356,-29.620993552896245,hysteresis supporting component
8,200.0,1.75,12546.975,1,1,0.11983016308664637,0.8306814010665008,-0.7108512379798544,-71.91498667916831,hysteresis supporting component
8,200.0,1.75,12560.945263157893,1,1,0.08218322232173858,0.47499656697675896,-0.3928133446550204,-39.557132487611234,hysteresis supporting component
8,200.0,1.75,12568.8775,1,1,0.16256179204238122,0.6177899922608371,-0.4552282002184559,-46.05426312223685,hysteresis supporting component
8,200.0,1.75,12580.06519736842,1,1,0.06778693553211851,0.5592689076243049,-0.4914819720921864,-49.49327142232715,hysteresis supporting component
8,200.0,1.75,12590.78,1,1,0.20529342099811604,0.6099028765125951,-0.4046094555144791,-40.93329525074827,hysteresis supporting component
8,200.0,1.75,12599.185131578946,1,1,0.05339064874249838,0.634659230266778,-0.5812685815242795,-58.53497240638591,hysteresis supporting component
8,200.0,1.75,12612.6825,1,1,0.24802504995385088,0.6020157607643531,-0.35399071081050226,-35.81232737925969,hysteresis supporting component
8,200.0,1.75,12618.305065789473,1,1,0.03899436195287831,0.6403143229795861,-0.6013199610267078,-60.55418862276348,hysteresis supporting component
8,200.0,1.75,12634.585000000001,1,1,0.29075667890958573,0.5941286450161112,-0.30337196610652545,-30.69135950777112,hysteresis supporting component
8,200.0,1.75,12637.425,1,1,0.024598075163258196,0.6459694156923942,-0.621371340529136,-62.57340483914105,hysteresis supporting component
8,200.0,1.75,12656.4875,1,1,0.333488307865317,0.5862415292678699,-0.25275322140255285,-25.570391636282974,hysteresis supporting component
8,200.0,1.75,12678.39,1,1,0.3762199368210518,0.5783544135196279,-0.2021344766985761,-20.449423764794403,hysteresis supporting component
8,200.0,1.75,12700.2925,1,1,0.41895156577678666,0.5704672977713859,-0.15151573199459928,-15.328455893305826,hysteresis supporting component
8,200.0,1.75,12722.195,1,1,0.4616831947325215,0.562580182023144,-0.10089698729062246,-10.207488021817252,hysteresis supporting component
8,200.0,1.75,12744.0975,1,1,0.5044148236882564,0.554693066274902,-0.050278242586645594,-5.0865201503286706,hysteresis supporting component
8,200.0,1.75,12766.0,1,1,0.5471464526439912,0.54680595052666,0.0003405021173311651,0.034447721159899435,hysteresis supporting component
8,200.0,2.625,11551.166666666666,1,1,1.0415865014830088,2.282347491938765,-1.2407609904557562,-55.05822764539189,hysteresis supporting component
8,200.0,2.625,11623.122083333332,1,1,1.0097589331865384,2.221359611208619,-1.2116006780220805,-53.76425150290023,hysteresis supporting component
8,200.0,2.625,11695.0775,1,1,0.9779313648900675,2.1603717304784715,-1.1824403655884042,-52.47027536040855,hysteresis supporting component
8,200.0,2.625,11767.032916666667,1,1,0.9461037965935963,2.051950404850081,-1.1058466082564848,-49.071460794319,hysteresis supporting component
8,200.0,2.625,11838.988333333333,1,1,0.9142762282971262,1.9420961352503956,-1.0278199069532694,-45.60905996465283,hysteresis supporting component
8,200.0,2.625,11910.943749999999,1,1,0.8824486600006559,1.7202233419002335,-0.8377746818995776,-37.175886013816076,hysteresis supporting component
8,200.0,2.625,11982.899166666666,1,1,1.4243049356084712,1.1625361975629736,0.2617687380454976,11.61587354907246,hysteresis supporting component
8,200.0,2.625,12054.854583333334,1,1,1.0408446337456831,1.2698143928160868,-0.22896975907040362,-10.16043316624432,hysteresis supporting component
8,200.0,2.625,12126.81,1,1,0.6573843318829048,1.3770925880691975,-0.7197082561862927,-31.936739881560563,hysteresis supporting component
8,200.0,2.625,12171.75,1,1,0.7263717210445574,1.1344829999672008,-0.40811127892264343,-22.571984625858402,hysteresis supporting component
8,200.0,2.625,12198.765416666665,1,1,0.5673056371163323,1.484370783322308,-0.9170651462059758,-40.69436577540732,hysteresis supporting component
8,200.0,2.625,12218.6475,1,1,0.7691911670198366,1.40386940285693,-0.6346782358370935,-35.103042041622324,hysteresis supporting component
8,200.0,2.625,12265.545,1,1,0.8120106129951175,1.6732558057466698,-0.8612451927515523,-47.63409945738673,hysteresis supporting component
8,200.0,2.625,12270.720833333333,1,1,0.5063117130119426,1.5653882889937738,-1.0590765759818312,-46.99606101646627,hysteresis supporting component
8,200.0,2.625,12312.442500000001,1,1,0.8548300589703983,0.9272684106460685,-0.07243835167567014,-4.006449820897197,hysteresis supporting component
8,200.0,2.625,12342.67625,1,1,0.4453177889075528,1.5167697064564492,-1.0714519175488963,-47.545211399521655,hysteresis supporting component
8,200.0,2.625,12359.34,1,1,0.7389288360782961,1.2274392223494017,-0.48851038627110566,-27.0187311597767,hysteresis supporting component
8,200.0,2.625,12406.2375,1,1,0.5364087115786955,1.527610034052735,-0.9912013224740395,-54.82176594353659,hysteresis supporting component
8,200.0,2.625,12414.631666666666,1,1,0.3843238648031645,1.4681511239191256,-1.083827259115961,-48.09436178257702,hysteresis supporting component
8,200.0,2.625,12453.135,1,1,0.35961511085598086,1.4001599041798107,-1.0405447933238299,-57.55087470119745,hysteresis supporting component
8,200.0,2.625,12486.587083333332,1,1,0.3151401428886541,1.419532541381802,-1.104392398493148,-49.00693087049819,hysteresis supporting component
8,200.0,2.625,12500.032500000001,1,1,0.31828532020096817,1.1309013531202097,-0.8126160329192416,-44.94449810404754,hysteresis supporting component
8,200.0,2.625,12546.93,1,1,0.2769555295459571,0.8616428020606193,-0.5846872725146621,-32.338121506898126,hysteresis supporting component
8,200.0,2.625,12558.5425,1,1,0.24473429248393969,1.1038714781795549,-0.8591371856956151,-38.12383779995802,hysteresis supporting component
8,200.0,2.625,12593.8275,1,1,0.23562573889094598,0.5923842510010286,-0.3567585121100827,-19.73174490974871,hysteresis supporting component
8,200.0,2.625,12630.497916666667,1,1,0.17432844207922524,0.605758624600569,-0.4314301825213437,-19.14452612958752,hysteresis supporting component
8,200.0,2.625,12640.725,1,1,0.1942959482359333,0.3231256999414278,-0.12882975170549452,-7.125368312598808,hysteresis supporting component
8,200.0,2.625,12687.622500000001,1,1,0.1529661575809206,0.22794627429235043,-0.07498011671142982,-4.147030795432298,hysteresis supporting component
8,200.0,2.625,12702.453333333333,1,1,0.10392259167451257,0.6889608253295183,-0.5850382336550057,-25.960816384147822,hysteresis supporting component
8,200.0,2.625,12734.52,1,1,0.1116363669259095,0.3569741378657326,-0.24533777093982312,-13.569241233457133,hysteresis supporting component
8,200.0,2.625,12774.408749999999,1,1,0.03351674126979992,0.49846479008846645,-0.4649480488186665,-20.631866823711007,hysteresis supporting component
8,200.0,2.625,12781.4175,1,1,0.07030657627089842,0.48600200143911476,-0.41569542516821634,-22.99145167148196,hysteresis supporting component
8,200.0,2.625,12828.315,1,1,0.1693738129808653,0.6150298650125019,-0.4456560520316366,-24.64852620940569,hysteresis supporting component
8,200.0,2.625,12846.364166666666,1,1,0.2955231665344703,0.3079687548474098,-0.012445588312939515,-0.5522675517570497,hysteresis supporting component
8,200.0,2.625,12875.212500000001,1,1,0.38409183841954203,0.5820455528010514,-0.19795371438150938,-10.94850455847836,hysteresis supporting component
8,200.0,2.625,12918.319583333334,1,1,0.5813752947200871,0.2251860289269849,0.35618926579310217,15.805743275083184,hysteresis supporting component
8,200.0,2.625,12922.11,1,1,0.5988098638582104,0.5415232682267297,0.05728659563148075,3.168430334185029,hysteresis supporting component
8,200.0,2.625,12969.0075,1,1,0.8135278892968789,0.5010009836524081,0.31252690564447083,17.285365226848416,hysteresis supporting component
8,200.0,2.625,12990.275,1,1,0.8672274229056968,0.3526978596352123,0.5145295632704845,22.832024896611692,hysteresis supporting component
8,200.0,2.625,13015.905,1,1,1.0282459147355556,0.4604786990780848,0.5677672156574708,31.402300119512343,hysteresis supporting component
8,200.0,2.625,13062.802500000002,1,1,1.2429639401742323,0.4199564145037616,0.8230075256704708,45.51923501217628,hysteresis supporting component
8,200.0,2.625,13109.7,1,1,1.3022437052361369,0.3794341299294399,0.9228095753066969,51.03912737086077,hysteresis supporting component
8,200.0,3.5,11245.0,1,1,1.2342670444480444,3.567794781611883,-2.3335277371638385,-40.375159005061924,hysteresis supporting component
8,200.0,3.5,11358.52,1,1,1.3391519439466881,4.070552634647799,-2.7314006907011112,-47.259235635925265,hysteresis supporting component
8,200.0,3.5,11472.04,1,1,1.7566629297197998,4.573310487683717,-2.816647557963917,-48.73419381431076,hysteresis supporting component
8,200.0,3.5,11585.56,1,1,3.069430431496333,5.0700326465327,-2.0006022150363667,-34.614815693661136,hysteresis supporting component
8,200.0,3.5,11699.08,1,1,2.0916463333478648,5.565279844744372,-3.473633511396507,-60.10149488019504,hysteresis supporting component
8,200.0,3.5,11784.333333333334,1,1,1.7708534747977145,3.332719681070798,-1.5618662062730835,-38.18574363734372,hysteresis supporting component
8,200.0,3.5,11812.6,1,1,1.601276910618236,2.8807713866614133,-1.2794944760431772,-22.13806679629564,hysteresis supporting component
8,200.0,3.5,11862.482456140351,1,1,1.6852551479569835,3.085351501242012,-1.4000963532850286,-34.230665981112914,hysteresis supporting component
8,200.0,3.5,11926.119999999999,1,1,2.217544750952195,3.18444988342646,-0.966905132474265,-16.72958407338527,hysteresis supporting component
8,200.0,3.5,11940.631578947368,1,1,1.5996568211162525,2.837983321413226,-1.2383265002969737,-30.275588324882108,hysteresis supporting component
8,200.0,3.5,12018.780701754387,1,1,1.5140584942755195,2.591321107223329,-1.0772626129478096,-26.337770676451704,hysteresis supporting component
8,200.0,3.5,12039.64,1,1,1.8411535748429937,3.144947417076115,-1.3037938422331214,-22.558499241994205,hysteresis supporting component
8,200.0,3.5,12096.929824561405,1,1,1.4284601674347885,2.935900962860253,-1.5074407954254645,-36.855108031273815,hysteresis supporting component
8,200.0,3.5,12153.16,1,1,1.0512989850967291,2.5442975237316148,-1.4929985386348856,-25.832156366383185,hysteresis supporting component
8,200.0,3.5,12175.078947368422,1,1,1.3428618405940576,2.8390262581838788,-1.4961644175898212,-36.57941420330043,hysteresis supporting component
8,200.0,3.5,12253.228070175439,1,1,1.2572635137533266,2.388305887777132,-1.1310423740238056,-27.65262092487722,hysteresis supporting component
8,200.0,3.5,12266.68,1,1,4.031937981851968,2.5530759620650647,1.4788620197869031,25.58756351789232,hysteresis supporting component
8,200.0,3.5,12331.377192982456,1,1,1.1716651869125956,3.0116730680162607,-1.840007881103665,-44.98597188178848,hysteresis supporting component
8,200.0,3.5,12380.2,1,1,3.509426505611091,5.39007647909761,-1.880649973486519,-32.53937825683213,hysteresis supporting component
8,200.0,3.5,12409.526315789475,1,1,1.4131781034631448,2.870971722439198,-1.4577936189760534,-35.64129448911456,hysteresis supporting component
8,200.0,3.5,12487.675438596492,1,1,1.878028845943689,1.5383180302502648,0.3397108156934241,8.305519427208807,hysteresis supporting component
8,200.0,3.5,12493.72,1,1,2.1097149677839693,2.5770791730283893,-0.46736420524442,-8.086428028900256,hysteresis supporting component
8,200.0,3.5,12565.82456140351,1,1,2.129978598363946,2.070452525346803,0.059526073017142966,1.4553406398326256,hysteresis supporting component
8,200.0,3.5,12607.24,1,1,1.8270173837718668,2.6309466813970963,-0.8039292976252295,-13.909743905549918,hysteresis supporting component
8,200.0,3.5,12643.973684210527,1,1,1.8900419748097987,3.759759919155509,-1.8697179443457101,-45.7123470692747,hysteresis supporting component
8,200.0,3.5,12720.76,1,1,0.7501774809084742,1.9986033546671809,-1.2484258737587066,-21.60051168721212,hysteresis supporting component
8,200.0,3.5,12722.122807017544,1,1,1.6501053512556516,3.8758472817026717,-2.22574193044702,-54.41670382365397,hysteresis supporting component
8,200.0,3.5,12800.271929824563,1,1,1.9299300784537898,2.6355086086058357,-0.7055785301520459,-17.250543458963207,hysteresis supporting component
8,200.0,3.5,12834.279999999999,1,1,0.3629828860086078,3.0052692419923437,-2.6422863559837357,-45.71736176978586,hysteresis supporting component
8,200.0,3.5,12878.42105263158,1,1,2.2741135792597174,2.254010648591433,0.02010293066828428,0.49149239145787627,hysteresis supporting component
8,200.0,3.5,12947.8,1,1,3.585792444911303,1.6005115784509871,1.9852808664603159,34.34972268658941,hysteresis supporting component
8,200.0,3.5,12956.570175438597,1,1,1.8919780251040035,1.87251268857703,0.019465336526973465,0.4759039842518174,hysteresis supporting component
8,200.0,3.5,13034.719298245614,1,1,0.3868101395692078,1.5341752750524171,-1.1473651354832093,-28.051692741681304,hysteresis supporting component
8,200.0,3.5,13061.32,1,1,3.3903321255800054,3.5025678161722804,-0.112235690592275,-1.9419241440916601,hysteresis supporting component
8,200.0,3.5,13112.868421052633,1,1,0.544731834660173,1.294134984007945,-0.749403149347772,-18.32200250384865,hysteresis supporting component
8,200.0,3.5,13174.84,1,1,3.194871806248708,1.0481389835607997,2.146732822687908,37.1431964047506,hysteresis supporting component
8,200.0,3.5,13191.01754385965,1,1,0.8605915449458859,1.0540946929634785,-0.1935031480175926,-4.730918418966567,hysteresis supporting component
8,200.0,3.5,13269.166666666668,1,1,0.9621282148526169,0.7264509298691443,0.23567728498347262,5.762025165394076,hysteresis supporting component
8,200.0,3.5,13288.36,1,1,2.9060176381299883,2.6192846209787235,0.28673301715126476,4.9611114430351595,hysteresis supporting component
8,200.0,3.5,13347.315789473685,1,1,2.195319074039851,0.16775322482842314,2.027565849211428,49.57153782753881,hysteresis supporting component
8,200.0,3.5,13401.88,1,1,2.572317536361961,2.480620129873976,0.09169740648798497,1.5865666854270817,hysteresis supporting component
8,200.0,3.5,13515.4,1,1,0.3551571287650517,2.3419556387692264,-1.9867985100041747,-34.37598125571651,hysteresis supporting component
8,400.0,1.75,12182.42857142857,1,1,0.3619516112755147,2.51352746054945,-2.1515758492739354,-57.51875047508872,hysteresis supporting component
8,400.0,1.75,12238.157142857142,1,1,0.4965095271485993,2.272167862725582,-1.7756583355769828,-47.46922994489344,hysteresis supporting component
8,400.0,1.75,12293.885714285714,1,1,0.631067443021684,2.0308082649017147,-1.3997408218800307,-37.41970941469817,hysteresis supporting component
8,400.0,1.75,12349.614285714286,1,1,0.7656253588947686,1.8768931387060044,-1.1112677798112358,-29.707869308692114,hysteresis supporting component
8,400.0,1.75,12405.342857142856,1,1,0.9001832747678489,1.8058385253162086,-0.9056552505483597,-24.211165221213992,hysteresis supporting component
8,400.0,1.75,12461.071428571428,1,1,1.0347411906409336,1.7347839119264106,-0.700042721285477,-18.714461133735693,hysteresis supporting component
8,400.0,1.75,12516.8,1,1,1.1657539330658784,1.6637292985366126,-0.4979753654707342,-13.31253127744394,hysteresis supporting component
8,400.0,1.75,12572.528571428571,1,1,1.0533525342745613,1.5926746851468145,-0.5393221508722532,-14.417867830305674,hysteresis supporting component
8,400.0,1.75,12628.257142857143,1,1,0.9409511354832446,2.0613257925212016,-1.120374657037957,-29.951326307425298,hysteresis supporting component
8,400.0,1.75,12683.985714285714,1,1,0.8285497366919277,2.6161308749403016,-1.787581138248374,-47.78796595973154,hysteresis supporting component
8,400.0,1.75,12739.714285714286,1,1,0.7161483379006108,3.170935957359402,-2.4547876194587914,-65.62460561203778,hysteresis supporting component
8,400.0,1.75,12795.442857142856,1,1,0.6037469391092977,3.3602810183806975,-2.7565340792714,-73.6912881482634,hysteresis supporting component
8,400.0,1.75,12851.171428571428,1,1,0.49134554031798083,1.554394244313347,-1.0630487039953662,-28.418813665625507,hysteresis supporting component
8,400.0,1.75,12906.9,1,1,0.378944141526664,1.9518052534466794,-1.5728611119200155,-42.04778830317667,hysteresis supporting component
8,400.0,1.75,12962.628571428571,1,1,0.26654274273534717,2.3050490872319087,-2.0385063444965614,-54.49602802083441,hysteresis supporting component
8,400.0,1.75,13018.357142857143,1,1,0.15414134394403023,2.6354144444943226,-2.4812731005502924,-66.33265026620549,hysteresis supporting component
8,400.0,1.75,13074.085714285715,1,1,0.04396606387672277,2.965779801756736,-2.9218137378800133,-78.10976098310431,hysteresis supporting component
8,400.0,1.75,13129.814285714285,1,1,0.18697905162531864,2.6417834239802556,-2.454804372354937,-65.62505347245296,hysteresis supporting component
8,400.0,1.75,13185.542857142857,1,1,0.3299920393739192,3.0294009784825966,-2.6994089391086775,-72.16414390002186,hysteresis supporting component
8,400.0,1.75,13241.271428571428,1,1,0.4730050271225197,3.488825598808992,-3.015820571686472,-80.62287508897771,hysteresis supporting component
8,400.0,1.75,13297.0,1,1,0.6160180148711203,3.352932488337074,-2.7369144734659536,-73.16679108666834,hysteresis supporting component
8,400.0,2.625,10845.5,1,1,1.2790198578429468,1.4384795306566218,-0.159459672813675,-2.7344398683076436,hysteresis supporting component
8,400.0,2.625,11003.625,1,1,1.7270301508667552,2.5720780900951237,-0.8450479392283685,-14.491016661982645,hysteresis supporting component
8,400.0,2.625,11161.75,1,1,2.1750404438905635,3.705676649533626,-1.5306362056430625,-26.247593455657654,hysteresis supporting component
8,400.0,2.625,11319.875,1,1,2.53590593558238,4.839275208972128,-2.303369273389748,-39.49854318308618,hysteresis supporting component
8,400.0,2.625,11478.0,1,1,1.9136426976841587,4.716566614743769,-2.8029239170596103,-48.06498578230831,hysteresis supporting component
8,400.0,2.625,11636.125,1,1,1.291379459785937,4.155891667371419,-2.864512207585482,-49.121111598091474,hysteresis supporting component
8,400.0,2.625,11794.25,1,1,0.6691162218877154,2.8209245501833724,-2.1518083282956573,-36.89955195583134,hysteresis supporting component
8,400.0,2.625,11952.375,1,1,1.2443989373046755,1.5828891653930526,-0.33849022808837703,-5.804484346327026,hysteresis supporting component
8,400.0,2.625,12110.5,1,1,1.6873768872511903,1.681356960231314,0.006019927019876192,0.10323066739693072,hysteresis supporting component
8,400.0,2.625,12268.625,1,1,1.871455234142545,1.7798247550695756,0.0916304790729694,1.5712940501391097,hysteresis supporting component
8,400.0,2.625,12426.75,1,1,2.0555335810338997,5.213777002645347,-3.1582434216114477,-54.15806124201501,hysteresis supporting component
8,400.0,2.625,12503.555555555555,1,1,0.5668456515897871,0.9375898845857972,-0.3707442329960101,-35.470116648493374,hysteresis supporting component
8,400.0,2.625,12537.429027777776,1,1,0.4601738777765182,0.9155846088825613,-0.45541073110604313,-43.57039251769248,hysteresis supporting component
8,400.0,2.625,12571.3025,1,1,0.38043843355434587,0.8935793331793244,-0.5131408996249784,-49.09359592656615,hysteresis supporting component
8,400.0,2.625,12584.875,1,1,0.48605487184008733,5.515948111586958,-5.029893239746871,-86.25341044168644,hysteresis supporting component
8,400.0,2.625,12605.175972222221,1,1,0.3629797628623571,0.8715740574760886,-0.5085942946137315,-48.65860976696946,hysteresis supporting component
8,400.0,2.625,12639.049444444443,1,1,0.3455210921703683,0.8495687817728528,-0.5040476896024845,-48.223623607372765,hysteresis supporting component
8,400.0,2.625,12672.922916666666,1,1,0.3280624214783786,0.8275635060696158,-0.4995010845912372,-47.78863744777605,hysteresis supporting component
8,400.0,2.625,12706.796388888888,1,1,0.3106037507863898,0.80555823036638,-0.49495447957999017,-47.35365128817936,hysteresis supporting component
8,400.0,2.625,12740.66986111111,1,1,0.293145080094401,0.7835529546631441,-0.49040787456874313,-46.91866512858266,hysteresis supporting component
8,400.0,2.625,12743.0,1,1,1.6416701161285179,4.504319836297203,-2.862649720168685,-49.08917336720934,hysteresis supporting component
8,400.0,2.625,12774.543333333333,1,1,0.2756864094024113,0.7615476789599072,-0.48586126955749587,-46.48367896898594,hysteresis supporting component
8,400.0,2.625,12808.416805555555,1,1,0.2582277387104225,0.7395424032566714,-0.48131466454624894,-46.04869280938926,hysteresis supporting component
8,400.0,2.625,12842.290277777778,1,1,0.24076906801843279,0.7175371275534344,-0.47676805953500156,-45.613706649792526,hysteresis supporting component
8,400.0,2.625,12876.16375,1,1,0.223310397326444,0.6955318518501986,-0.47222145452375464,-45.17872049019584,hysteresis supporting component
8,400.0,2.625,12901.125,1,1,0.7955544949707998,3.865996415579791,-3.0704419206089915,-52.652427117712584,hysteresis supporting component
8,400.0,2.625,12910.037222222221,1,1,0.20585172663445522,0.6735265761469629,-0.46767484951250765,-44.74373433059915,hysteresis supporting component
8,400.0,2.625,12943.910694444445,1,1,0.1883930559424655,0.6515213004437259,-0.46312824450126044,-44.30874817100244,hysteresis supporting component
8,400.0,2.625,12977.784166666666,1,1,0.17093438525047672,0.7173209896024789,-0.5463866043520023,-52.27430359448986,hysteresis supporting component
8,400.0,2.625,13011.657638888888,1,1,0.15347571455848794,0.8875291473032366,-0.7340534327447487,-70.22890329345574,hysteresis supporting component
8,400.0,2.625,13045.531111111111,1,1,0.13601704386649824,0.7878776879946605,-0.6518606441281622,-62.36529398971601,hysteresis supporting component
8,400.0,2.625,13059.25,1,1,0.4695546525134027,3.3330854931173297,-2.863530840603927,-49.104282960778626,hysteresis supporting component
8,400.0,2.625,13079.404583333333,1,1,0.11855837317450946,0.6882262286860897,-0.5696678555115803,-54.50168468597669,hysteresis supporting component
8,400.0,2.625,13113.278055555555,1,1,0.10109970248252065,0.588574769377519,-0.4874750668949983,-46.63807538223738,hysteresis supporting component
8,400.0,2.625,13147.151527777778,1,1,0.08364103179053095,0.48892331006894274,-0.4052822782784118,-38.77446607849763,hysteresis supporting component
8,400.0,2.625,13181.025,1,1,0.06618236109854214,0.38927185076037196,-0.3230894896618298,-30.910856774758322,hysteresis supporting component
8,400.0,2.625,13217.375,1,1,1.5063924932033763,2.9625267517021525,-1.4561342584987762,-24.970022199281576,hysteresis supporting component
8,400.0,2.625,13375.5,1,1,2.3311879798559256,2.5919680102869753,-0.2607800304310497,-4.471897499139917,hysteresis supporting component
8,400.0,2.625,13533.625,1,1,1.7324552238547934,3.096361856102494,-1.3639066322477007,-23.388488174218093,hysteresis supporting component
8,400.0,2.625,13691.75,1,1,1.1337224678536613,4.4070411240749205,-3.2733186562212593,-56.13138969440439,hysteresis supporting component
8,400.0,2.625,13849.875,1,1,0.930466222733342,5.63789299857541,-4.707426775842068,-80.72370415586079,hysteresis supporting component
8,400.0,2.625,14008.0,1,1,1.100209328889243,5.477207590874286,-4.376998261985044,-75.05746336925102,hysteresis supporting component
8,400.0,3.5,9067.0,1,1,1.3033762184923137,2.8069960484526657,-1.503619829960352,-26.196947325450264,hysteresis supporting component
8,400.0,3.5,9268.241666666667,1,1,1.5244967602004813,3.3094979955522374,-1.7850012353517561,-31.09933934537604,hysteresis supporting component
8,400.0,3.5,9469.483333333334,1,1,1.745617301908649,3.8119999426518096,-2.0663826407431607,-36.00173136530182,hysteresis supporting component
8,400.0,3.5,9670.725,1,1,1.9667378436168166,4.149940210113766,-2.1832023664969498,-38.03703320235345,hysteresis supporting component
8,400.0,3.5,9871.966666666667,1,1,2.1958870902235232,4.448929072685825,-2.253041982462302,-39.253819988626574,hysteresis supporting component
8,400.0,3.5,10073.208333333334,1,1,2.824329469315726,4.747917935257883,-1.923588465942157,-33.51388742955001,hysteresis supporting component
8,400.0,3.5,10274.45,1,1,4.781166099546859,5.046906797829941,-0.2657406982830821,-4.629890439349845,hysteresis supporting component
8,400.0,3.5,10475.691666666668,1,1,1.4765030772700323,5.512912586460116,-4.036409509190084,-70.32469590334374,hysteresis supporting component
8,400.0,3.5,10676.933333333334,1,1,1.977333494430081,2.781272349109722,-0.8039388546796409,-14.006694650655616,hysteresis supporting component
8,400.0,3.5,10878.175000000001,1,1,2.172291858044903,2.619282309265537,-0.44699045122063374,-7.787730031410238,hysteresis supporting component
8,400.0,3.5,11079.416666666668,1,1,1.6416316703922784,4.614994671648186,-2.973363001255908,-51.8036756175247,hysteresis supporting component
8,400.0,3.5,11280.658333333333,1,1,1.1109714827396586,4.797075849391434,-3.6861043666517754,-64.22147407555474,hysteresis supporting component
8,400.0,3.5,11481.900000000001,1,1,0.7099124510017025,2.6689485039460994,-1.9590360529443969,-34.13147609857979,hysteresis supporting component
8,400.0,3.5,11683.141666666666,1,1,2.400551539835522,1.7412664653308088,0.6592850745047134,11.486451578462454,hysteresis supporting component
8,400.0,3.5,11884.383333333333,1,1,0.20949822356222841,4.013557513056661,-3.8040592894944325,-66.27655398266671,hysteresis supporting component
8,400.0,3.5,12085.625,1,1,2.5586958339099186,1.4422528113413509,1.1164430225685678,19.45132570835173,hysteresis supporting component
8,400.0,3.5,12286.866666666667,1,1,2.403928951901011,2.3746917027325836,0.029237249168427404,0.5093885177256232,hysteresis supporting component
8,400.0,3.5,12435.125,1,1,1.0842443217785156,1.6889815321165371,-0.6047372103380215,-33.59517025956564,hysteresis supporting component
8,400.0,3.5,12467.61375,1,1,0.6289391258696182,1.7111635572313388,-1.0822244313617206,-60.121178933798966,hysteresis supporting component
8,400.0,3.5,12488.108333333334,1,1,4.28995302450973,4.069805125996223,0.22014789851350702,3.835545918092199,hysteresis supporting component
8,400.0,3.5,12500.1025,1,1,0.7323460718552315,1.7333455823461406,-1.000999510490909,-55.608863502688976,hysteresis supporting component
8,400.0,3.5,12532.59125,1,1,0.8357530178408391,1.755527607460941,-0.9197745896201018,-51.09654807157923,hysteresis supporting component
8,400.0,3.5,12565.08,1,1,0.850659024308121,1.7777096325757429,-0.9270506082676219,-51.500755190136694,hysteresis supporting component
8,400.0,3.5,12597.56875,1,1,0.7952543216454993,1.7998916576905446,-1.0046373360450453,-55.81095685295181,hysteresis supporting component
8,400.0,3.5,12630.057499999999,1,1,0.7398496189828805,1.8192399700768236,-1.079390351093943,-59.963736316580096,hysteresis supporting component
8,400.0,3.5,12662.54625,1,1,0.6844449163202587,1.744142974389761,-1.0596980580695021,-58.869763718817225,hysteresis supporting component
8,400.0,3.5,12689.35,1,1,4.752398501461232,0.1451638978935761,4.607234603567656,80.26994578066729,hysteresis supporting component
8,400.0,3.5,12695.035,1,1,0.629040213657637,1.6690459787026986,-1.0400057650450616,-57.7757911210544,hysteresis supporting component
8,400.0,3.5,12727.52375,1,1,0.5736355109950151,1.5939489830156361,-1.020313472020621,-56.68181852329156,hysteresis supporting component
8,400.0,3.5,12760.0125,1,1,0.5182308083323933,1.5188519873285737,-1.0006211789961803,-55.58784592552871,hysteresis supporting component
8,400.0,3.5,12792.50125,1,1,0.4628261056697746,1.4437549916415153,-0.9809288859717407,-54.49387332776592,hysteresis supporting component
8,400.0,3.5,12824.99,1,1,0.40742140300715285,1.368657995954453,-0.9612365929473001,-53.39990073000308,hysteresis supporting component
8,400.0,3.5,12857.47875,1,1,0.35201670034453103,1.0113162199166381,-0.6592995195721071,-36.62628863154344,hysteresis supporting component
8,400.0,3.5,12889.967499999999,1,1,0.2966119976819124,0.9027505398552993,-0.6061385421733869,-33.67301891976787,hysteresis supporting component
8,400.0,3.5,12890.591666666667,1,1,4.766340628679845,4.366819232899905,0.3995213957799395,6.960696282459524,hysteresis supporting component
8,400.0,3.5,12922.45625,1,1,0.2412072950192905,0.7941848597939545,-0.552977564774664,-30.71974920799216,hysteresis supporting component
8,400.0,3.5,12954.945,1,1,0.18580259235666874,0.6856191797326097,-0.4998165873759409,-27.76647949621644,hysteresis supporting component
8,400.0,3.5,12987.43375,1,1,0.13039788969404698,0.5770534996712648,-0.44665560997721787,-24.81320978444072,hysteresis supporting component
8,400.0,3.5,13019.9225,1,1,0.0749931870314251,0.46848781960992003,-0.39349463257849493,-21.859940072665005,hysteresis supporting component
8,400.0,3.5,13052.41125,1,1,0.031741504248934835,0.4087770278370551,-0.37703552358812026,-20.945581638290985,hysteresis supporting component
8,400.0,3.5,13084.9,1,1,0.35736109556057716,0.44115789028939517,-0.08379679472881801,-4.655191607189111,hysteresis supporting component
8,400.0,3.5,13091.833333333334,1,1,4.780282755898457,0.6109757095042898,4.1693070463941675,72.64011480940408,hysteresis supporting component
8,600.0,3.5,12163.866666666667,1,1,0.6010900537949484,2.5676362837183406,-1.9665462299233922,-60.29166511659065,hysteresis supporting component
8,600.0,3.5,12204.393333333333,1,1,0.5610827684490834,2.46854747462603,-1.9074647061769467,-58.48030498170211,hysteresis supporting component
8,600.0,3.5,12244.92,1,1,0.5210754831032184,2.352323112777457,-1.8312476296742384,-56.143591822995496,hysteresis supporting component
8,600.0,3.5,12285.446666666667,1,1,0.48106819775735343,2.2198394090132485,-1.738771211255895,-53.308389087549166,hysteresis supporting component
8,600.0,3.5,12325.973333333333,1,1,0.4410609124114884,2.0873557052490397,-1.6462947928375513,-50.47318635210283,hysteresis supporting component
8,600.0,3.5,12366.5,1,1,0.4010536270656234,2.033298941474289,-1.6322453144086655,-50.042448220647785,hysteresis supporting component
8,600.0,3.5,12407.026666666667,1,1,0.3610463417197584,1.9949895326623595,-1.633943190942601,-50.094502833875644,hysteresis supporting component
8,600.0,3.5,12447.553333333333,1,1,0.46110678649153786,1.95668012385043,-1.4955733373588922,-45.85226903964359,hysteresis supporting component
8,600.0,3.5,12488.08,1,1,0.6760632989190709,1.9183707150385008,-1.2423074161194299,-38.087476187858286,hysteresis supporting component
8,600.0,3.5,12528.606666666667,1,1,0.8910198113466039,1.8800613062265714,-0.9890414948799675,-30.32268333607299,hysteresis supporting component
8,600.0,3.5,12565.3,1,1,0.385578575568581,1.4180454099782773,-1.0324668344096963,-45.4161875730286,hysteresis supporting component
8,600.0,3.5,12569.133333333333,1,1,1.0711406908336056,1.841751897414642,-0.7706112065810364,-23.62590418435555,hysteresis supporting component
8,600.0,3.5,12600.92,1,1,0.4785150651029957,1.460954026010083,-0.9824389609070874,-43.215559706688204,hysteresis supporting component
8,600.0,3.5,12609.66,1,1,0.9999271861725891,1.8034424886027125,-0.8035153024301234,-24.634699552453576,hysteresis supporting component
8,600.0,3.5,12636.539999999999,1,1,0.5714515546374056,1.5038626420418866,-0.932411087404481,-41.01493184034792,hysteresis supporting component
8,600.0,3.5,12650.186666666666,1,1,0.9287136815115726,1.7651330797907832,-0.8364193982792105,-25.643494920551607,hysteresis supporting component
8,600.0,3.5,12672.16,1,1,0.6550846940312189,1.5467712580736923,-0.8916865640424734,-39.22354006853514,hysteresis supporting component
8,600.0,3.5,12690.713333333333,1,1,0.8462332546331287,1.7268236709788538,-0.8805904163457251,-26.997718985362383,hysteresis supporting component
8,600.0,3.5,12707.779999999999,1,1,0.668361247986729,1.589679874105496,-0.921318626118767,-40.52699626158759,hysteresis supporting component
8,600.0,3.5,12731.24,1,1,0.7280110882289809,1.6885142621669245,-0.9605031739379436,-29.447736760678566,hysteresis supporting component
8,600.0,3.5,12743.4,1,1,0.6816378019422399,1.6325884901373018,-0.9509506881950619,-41.830452454640096,hysteresis supporting component
8,600.0,3.5,12771.766666666666,1,1,0.6097889218248331,1.6502048533549951,-1.040415931530162,-31.89775453599474,hysteresis supporting component
8,600.0,3.5,12779.02,1,1,0.6949143558977507,1.6754971061691075,-0.9805827502713568,-43.1339086476926,hysteresis supporting component
8,600.0,3.5,12812.293333333333,1,1,0.49156675542068523,1.6118954445430655,-1.1203286891223803,-34.34777231131091,hysteresis supporting component
8,600.0,3.5,12814.64,1,1,0.7081909098532608,1.718405722200911,-1.0102148123476502,-44.43736484074504,hysteresis supporting component
8,600.0,3.5,12850.26,1,1,0.7214674638087717,1.761314338232717,-1.0398468744239453,-45.74082103379756,hysteresis supporting component
8,600.0,3.5,12852.82,1,1,0.37334458901653744,1.8140195055752957,-1.4406749165587582,-44.16915722058389,hysteresis supporting component
8,600.0,3.5,12885.88,1,1,0.7347440177642819,1.8042229542645205,-1.0694789365002386,-47.04427722684999,hysteresis supporting component
8,600.0,3.5,12893.346666666666,1,1,0.2551224226123896,3.1479726155567818,-2.892850192944392,-88.69090002133454,hysteresis supporting component
8,600.0,3.5,12921.5,1,1,0.7480205717197926,1.8471315702963262,-1.0991109985765335,-48.347733419902504,hysteresis supporting component
8,600.0,3.5,12933.873333333333,1,1,0.13690025620824176,2.965095777827827,-2.828195521619585,-86.70867466989168,hysteresis supporting component
8,600.0,3.5,12957.12,1,1,0.7612971256753035,1.890040186328132,-1.1287430606528286,-49.65118961295502,hysteresis supporting component
8,600.0,3.5,12974.4,1,1,0.01867808980409391,2.7822189400988715,-2.7635408502947776,-84.72644931844883,hysteresis supporting component
8,600.0,3.5,12992.74,1,1,0.7745736796308137,1.9324116091669488,-1.157837929536135,-50.93101573286366,hysteresis supporting component
8,600.0,3.5,13028.36,1,1,0.7878502335863244,1.8089304727272462,-1.0210802391409217,-44.915313618234215,hysteresis supporting component
8,600.0,3.5,13063.98,1,1,0.8011267875418346,1.68544933628755,-0.8843225487457154,-38.89961150360507,hysteresis supporting component
8,600.0,3.5,13099.6,1,1,0.8144033414973455,1.5619681998478474,-0.7475648583505019,-32.883909388975624,hysteresis supporting component
8,600.0,3.5,13135.220000000001,1,1,0.8276798954528564,1.4384870634081446,-0.6108071679552882,-26.86820727434616,hysteresis supporting component
8,600.0,3.5,13170.84,1,1,0.8409564494083664,1.3150059269684484,-0.474049477560082,-20.852505159717026,hysteresis supporting component
8,600.0,3.5,13206.460000000001,1,1,0.8542330033638773,1.6300683009607226,-0.7758352975968453,-34.12747046889924,hysteresis supporting component
8,600.0,3.5,13242.08,1,1,0.8090731880584869,1.6138802521265507,-0.8048070640680638,-35.401881555557665,hysteresis supporting component
8,600.0,3.5,13277.7,1,1,0.01556545012509095,1.5329972494404114,-1.5174317993153204,-66.74884357557595,hysteresis supporting component
9,200.0,1.75,10585.9,1,1,0.3857803883547172,0.7100040312472644,-0.32422364289254724,-44.01205807624735,hysteresis supporting component
9,200.0,1.75,10632.42,1,1,0.45576785398301256,0.6825359344587751,-0.22676808047576258,-30.782856668617775,hysteresis supporting component
9,200.0,1.75,10678.939999999999,1,1,0.5257553196113052,0.6550678376702868,-0.12931251805898158,-17.553655260988695,hysteresis supporting component
9,200.0,1.75,10725.46,1,1,0.5083439809820104,0.6275997408817974,-0.11925575989978698,-16.188490709099625,hysteresis supporting component
9,200.0,1.75,10771.98,1,1,0.47967111236950943,0.600131644093308,-0.12046053172379856,-16.35203364820785,hysteresis supporting component
9,200.0,1.75,10818.5,1,1,0.4509982437570084,0.5726635473048187,-0.1216653035478103,-16.5155765873161,hysteresis supporting component
9,200.0,1.75,10865.02,1,1,0.4223253751445074,0.5451954505163292,-0.12287007537182182,-16.679119526424323,hysteresis supporting component
9,200.0,1.75,10911.539999999999,1,1,0.39365250653200756,0.517727353727841,-0.1240748471958334,-16.842662465532552,hysteresis supporting component
9,200.0,1.75,10958.06,1,1,0.36497963791950655,0.49025925693935163,-0.12527961901984508,-17.006205404640795,hysteresis supporting component
9,200.0,1.75,11004.58,1,1,0.33630676930700554,0.46279116015086225,-0.1264843908438567,-17.16974834374903,hysteresis supporting component
9,200.0,1.75,11051.099999999999,1,1,0.3076339006945057,0.4353230633623739,-0.12768916266786823,-17.333291282857253,hysteresis supporting component
9,200.0,1.75,11097.619999999999,1,1,0.2789610320820047,0.4078549665738846,-0.1288939344918799,-17.496834221965496,hysteresis supporting component
9,200.0,1.75,11144.14,1,1,0.25028816346950367,0.3803868697853952,-0.13009870631589154,-17.660377161073733,hysteresis supporting component
9,200.0,1.75,11190.66,1,1,0.22161529485700265,0.39985493675457834,-0.17823964189757568,-24.19531592668424,hysteresis supporting component
9,200.0,1.75,11237.18,1,1,0.19294242624450164,0.4236901843741475,-0.23074775812964587,-31.323081935550277,hysteresis supporting component
9,200.0,1.75,11283.699999999999,1,1,0.1642695576320018,0.44752543199371575,-0.28325587436171396,-38.45084794441603,hysteresis supporting component
9,200.0,1.75,11330.22,1,1,0.13559668901950078,0.471360679613285,-0.3357639905937842,-45.57861395328208,hysteresis supporting component
9,200.0,1.75,11376.74,1,1,0.10692382040699977,0.4951959272328541,-0.38827210682585434,-52.706379962148105,hysteresis supporting component
9,200.0,1.75,11423.259999999998,1,1,0.07825095179449987,0.5190311748524223,-0.44078022305792247,-59.834145971013875,hysteresis supporting component
9,200.0,1.75,11469.779999999999,1,1,0.04957808318199891,0.5428664224719916,-0.49328833928999266,-66.96191197987991,hysteresis supporting component
9,200.0,1.75,11516.3,1,1,0.02090521456949792,0.5667016700915608,-0.5457964555220629,-74.08967798874596,hysteresis supporting component
9,200.0,1.75,11587.825,1,1,0.018304100509828558,0.7349794193515937,-0.7166753188417652,-97.42361667979348,hysteresis supporting component
9,200.0,1.75,11594.78,1,1,0.031768986614777193,0.7336197979250431,-0.7018508113102658,-95.40839848928904,hysteresis supporting component
9,200.0,1.75,11601.735,1,1,0.04523387271972583,0.7322601764984923,-0.6870263037787665,-93.39318029878459,hysteresis supporting component
9,200.0,1.75,11608.69,1,1,0.058698758824674464,0.7309005550719415,-0.6722017962472671,-91.37796210828012,hysteresis supporting component
9,200.0,1.75,11615.645,1,1,0.0721636449296231,0.7295409336453909,-0.6573772887157677,-89.36274391777566,hysteresis supporting component
9,200.0,1.75,11622.6,1,1,0.08562853103457173,0.7281813122188401,-0.6425527811842684,-87.34752572727122,hysteresis supporting component
9,200.0,1.75,11629.555,1,1,0.09909341713952037,0.7268216907922894,-0.6277282736527691,-85.33230753676676,hysteresis supporting component
9,200.0,1.75,11636.51,1,1,0.112558303244469,0.7254620693657386,-0.6129037661212696,-83.31708934626229,hysteresis supporting component
9,200.0,1.75,11643.465,1,1,0.12602318934941764,0.7241024479391879,-0.5980792585897703,-81.30187115575784,hysteresis supporting component
9,200.0,1.75,11650.42,1,1,0.13948807545436626,0.7227428265126372,-0.583254751058271,-79.2866529652534,hysteresis supporting component
9,200.0,1.75,11657.375,1,1,0.1529529615593149,0.7213832050860864,-0.5684302435267715,-77.27143477474893,hysteresis supporting component
9,200.0,1.75,11664.33,1,1,0.16641784766426354,0.7200235836595357,-0.5536057359952722,-75.25621658424447,hysteresis supporting component
9,200.0,1.75,11671.285,1,1,0.17988273376921218,0.718663962232985,-0.5387812284637729,-73.24099839374003,hysteresis supporting component
9,200.0,1.75,11678.24,1,1,0.1933476198741608,0.7173043408064342,-0.5239567209322734,-71.22578020323557,hysteresis supporting component
9,200.0,1.75,11685.195,1,1,0.20681250597910944,0.7159447193798836,-0.5091322134007741,-69.21056201273112,hysteresis supporting component
9,200.0,1.75,11692.15,1,1,0.22027739208405808,0.7145850979533328,-0.49430770586927475,-67.19534382222666,hysteresis supporting component
9,200.0,1.75,11699.105,1,1,0.23374227818900672,0.713225476526782,-0.4794831983377753,-65.18012563172219,hysteresis supporting component
9,200.0,1.75,11706.06,1,1,0.24720716429395534,0.7118658551002314,-0.46465869080627603,-63.16490744121776,hysteresis supporting component
9,200.0,1.75,11713.015,1,1,0.26067205039890395,0.7105062336736806,-0.44983418327477664,-61.149689250713294,hysteresis supporting component
9,200.0,1.75,11719.97,1,1,0.2741369365038526,0.7091466122471299,-0.4350096757432773,-59.13447106020884,hysteresis supporting component
9,200.0,1.75,11726.925,1,1,0.28760182260880124,0.7077869908205792,-0.4201851682117779,-57.11925286970438,hysteresis supporting component
9,200.0,2.625,11631.4375,1,1,0.417509215691805,1.0455421694751714,-0.6280329537833664,-61.10056003375388,hysteresis supporting component
9,200.0,2.625,11638.925625,1,1,0.44162773716587306,1.0212571411318216,-0.5796294039659486,-56.39143771198781,hysteresis supporting component
9,200.0,2.625,11646.41375,1,1,0.46574625863994107,0.9969721127884721,-0.5312258541485311,-51.68231539022175,hysteresis supporting component
9,200.0,2.625,11653.901875,1,1,0.48986478011400914,0.9726870844451223,-0.4828223043311132,-46.97319306845567,hysteresis supporting component
9,200.0,2.625,11661.39,1,1,0.5139833015880773,0.9484020561017726,-0.4344187545136954,-42.2640707466896,hysteresis supporting component
9,200.0,2.625,11668.878125,1,1,0.5381018230621453,0.924117027758423,-0.3860152046962777,-37.55494842492353,hysteresis supporting component
9,200.0,2.625,11676.366250000001,1,1,0.562220344536219,0.8998319994150674,-0.33761165487884837,-32.845826103156334,hysteresis supporting component
9,200.0,2.625,11683.854375,1,1,0.5863388660102873,0.8755469710717176,-0.28920810506143035,-28.13670378139024,hysteresis supporting component
9,200.0,2.625,11691.3425,1,1,0.6104573874843553,0.851261942728368,-0.24080455524401267,-23.42758145962417,hysteresis supporting component
9,200.0,2.625,11698.830625,1,1,0.6345759089584233,0.8269769143850183,-0.192401005426595,-18.718459137858108,hysteresis supporting component
9,200.0,2.625,11706.31875,1,1,0.6586944304324913,0.8026918860416686,-0.14399745560917732,-14.009336816092045,hysteresis supporting component
9,200.0,2.625,11713.806875,1,1,0.6828129519065593,0.778406857698319,-0.09559390579175964,-9.30021449432598,hysteresis supporting component
9,200.0,2.625,11721.295,1,1,0.7069314733806273,0.7541218293549692,-0.04719035597434185,-4.591092172559906,hysteresis supporting component
9,200.0,2.625,11728.783125,1,1,0.7310499948546956,0.7298368010116195,0.0012131938430760547,0.11803014920618062,hysteresis supporting component
9,200.0,2.625,11736.27125,1,1,0.7551685163287636,0.7055517726682698,0.049616743660493734,4.827152470972245,hysteresis supporting component
9,200.0,2.625,11743.759375000001,1,1,0.7792870378028374,0.6812667443249143,0.09802029347792307,9.536274792739443,hysteresis supporting component
9,200.0,2.625,11751.247500000001,1,1,0.8034055592769054,0.6569817159815645,0.14642384329534086,14.245397114505517,hysteresis supporting component
9,200.0,2.625,11758.735625000001,1,1,0.7446335170287325,0.6326966876382148,0.11193682939051763,10.890197597055666,hysteresis supporting component
9,200.0,2.625,11766.223750000001,1,1,0.6243414170172864,0.6084116592948652,0.015929757722421223,1.5497866985777442,hysteresis supporting component
9,200.0,2.625,11773.711875,1,1,0.5040493170058403,0.5841266309515155,-0.08007731394567519,-7.7906241999001775,hysteresis supporting component
9,200.0,2.625,11781.2,1,1,0.38375721699439425,0.5598416026081658,-0.1760843856137716,-17.131035098378096,hysteresis supporting component
9,200.0,2.625,11837.425,1,1,0.8440392809272457,1.1878383134306125,-0.34379903250336685,-26.97045143525441,hysteresis supporting component
9,200.0,2.625,11863.869999999999,1,1,0.828662033256474,1.1792508846252643,-0.35058885136879026,-27.50310121797968,hysteresis supporting component
9,200.0,2.625,11890.314999999999,1,1,0.8132847855857023,1.1706634558199158,-0.35737867023421355,-28.035751000704938,hysteresis supporting component
9,200.0,2.625,11916.76,1,1,0.7979075379149296,1.162076027014567,-0.3641684890996373,-28.568400783430235,hysteresis supporting component
9,200.0,2.625,11943.205,1,1,0.7825302902441579,1.1534885982092187,-0.3709583079650608,-29.10105056615551,hysteresis supporting component
9,200.0,2.625,11969.65,1,1,0.7671530425733862,1.1449011694038702,-0.377748126830484,-29.633700348880765,hysteresis supporting component
9,200.0,2.625,11996.095,1,1,0.7517757949026145,1.136313740598522,-0.3845379456959075,-30.166350131606045,hysteresis supporting component
9,200.0,2.625,12022.539999999999,1,1,0.7363985472318428,1.1277263117931735,-0.39132776456133067,-30.698999914331292,hysteresis supporting component
9,200.0,2.625,12048.985,1,1,0.7210212995610701,1.1191388829878246,-0.3981175834267545,-31.231649697056596,hysteresis supporting component
9,200.0,2.625,12075.43,1,1,0.7056440518902984,1.1105514541824761,-0.4049074022921777,-31.764299479781847,hysteresis supporting component
9,200.0,2.625,12101.875,1,1,0.6902668042195268,1.101964025377128,-0.4116972211576011,-32.29694926250712,hysteresis supporting component
9,200.0,2.625,12128.32,1,1,0.6748895565487552,0.6556674409020895,0.01922211564666565,1.5079423951728625,hysteresis supporting component
9,200.0,2.625,12154.765,1,1,0.6595123088779834,0.5556956559285596,0.10381665294942377,8.144240477220292,hysteresis supporting component
9,200.0,2.625,12181.210000000001,1,1,0.6441350612072106,0.49210489985504086,0.1520301613521698,11.926508499998272,hysteresis supporting component
9,200.0,2.625,12207.655,1,1,0.628757813536439,0.4285141437815264,0.2002436697549126,15.708776522776002,hysteresis supporting component
9,200.0,2.625,12234.1,1,1,0.4977188939196401,0.4332678262199596,0.06445106769968051,5.056077030488748,hysteresis supporting component
9,200.0,2.625,12260.545,1,1,0.28814019135282676,0.6531858821383565,-0.36504569078552973,-28.6372157690223,hysteresis supporting component
9,200.0,2.625,12286.99,1,1,0.07856148878601343,0.8731039380567533,-0.7945424492707399,-62.33050856853335,hysteresis supporting component
9,200.0,2.625,12313.435000000001,1,1,0.1162961439323911,0.8399223080199195,-0.7236261640875284,-56.76724618360001,hysteresis supporting component
9,200.0,2.625,12339.880000000001,1,1,0.24717562693170603,0.7982331255139992,-0.5510574985822931,-43.2295268410942,hysteresis supporting component
9,200.0,2.625,12366.325,1,1,0.378055109931021,0.7565439430080788,-0.37848883307705783,-29.69180749858839,hysteresis supporting component
9,200.0,3.5,10839.833333333334,1,1,1.6132441095852412,1.5968410742767931,0.01640303530844811,0.7163479349287227,hysteresis supporting component
9,200.0,3.5,10895.650416666667,1,1,1.4782776313310284,1.4221508765190136,0.05612675481201479,2.4511490798980335,hysteresis supporting component
9,200.0,3.5,10951.4675,1,1,1.3433111530768158,1.247460678761234,0.09585047431558191,4.185950224867365,hysteresis supporting component
9,200.0,3.5,11007.284583333334,1,1,1.208344674822603,1.146369155239502,0.0619755195831011,2.7065744013014257,hysteresis supporting component
9,200.0,3.5,11063.101666666667,1,1,1.0733781965683904,1.2335962329203156,-0.16021803635192522,-6.996989113345707,hysteresis supporting component
9,200.0,3.5,11118.91875,1,1,0.9384117183141776,1.3208233106011293,-0.38241159228695176,-16.70055262799285,hysteresis supporting component
9,200.0,3.5,11174.735833333334,1,1,0.9440034997227105,1.5316379276840022,-0.5876344279612917,-25.662976458161314,hysteresis supporting component
9,200.0,3.5,11187.2,1,1,0.4703257664750641,1.1152063833968828,-0.6448806169218188,-30.638320824601966,hysteresis supporting component
9,200.0,3.5,11227.1725,1,1,0.3927514535693498,2.074935331505455,-1.6821838779361054,-79.92066746274648,hysteresis supporting component
9,200.0,3.5,11230.552916666667,1,1,1.1258903352146825,1.7075979977744233,-0.5817076625597408,-25.40414471901232,hysteresis supporting component
9,200.0,3.5,11267.145,1,1,0.47601716955132267,2.0150477348142433,-1.5390305652629206,-73.11944409566654,hysteresis supporting component
9,200.0,3.5,11286.37,1,1,1.3077771707066548,1.205779601344119,0.10199756936253568,4.454404127446479,hysteresis supporting component
9,200.0,3.5,11307.1175,1,1,0.6072162956686002,1.9551601381230315,-1.3479438424544312,-64.04090123811612,hysteresis supporting component
9,200.0,3.5,11342.187083333334,1,1,1.1923137383068838,1.6411211542313755,-0.4488074159244917,-19.600169086548362,hysteresis supporting component
9,200.0,3.5,11347.09,1,1,0.7353794360271455,1.8952725414318194,-1.159893105404674,-55.10659826505619,hysteresis supporting component
9,200.0,3.5,11387.0625,1,1,0.863054870485279,1.8283326033406073,-0.9652777328553284,-45.86040902459223,hysteresis supporting component
9,200.0,3.5,11398.004166666666,1,1,0.9873714787161716,1.8510583929696496,-0.863686914253478,-37.71864937288701,hysteresis supporting component
9,200.0,3.5,11427.035,1,1,0.8468508007654006,1.7497296727664733,-0.9028788720010726,-42.89583501232329,hysteresis supporting component
9,200.0,3.5,11453.821249999999,1,1,0.7824292191254527,2.0609956317079305,-1.2785664125824778,-55.83712965922625,hysteresis supporting component
9,200.0,3.5,11467.0075,1,1,0.7883121027723275,1.6711267421923393,-0.8828146394200117,-41.94258199341219,hysteresis supporting component
9,200.0,3.5,11506.98,1,1,0.7297734047792543,1.5925238116182052,-0.8627504068389509,-40.9893289745011,hysteresis supporting component
9,200.0,3.5,11509.638333333332,1,1,0.5774869595347338,1.8856696888928353,-1.3081827293581014,-57.130523653902706,hysteresis supporting component
9,200.0,3.5,11546.9525,1,1,0.6712347067861812,0.18091142348770597,0.4903232832984753,23.295291666817363,hysteresis supporting component
9,200.0,3.5,11565.455416666666,1,1,0.37254469994401485,1.5655130682094112,-1.1929683682653964,-52.098920167663564,hysteresis supporting component
9,200.0,3.5,11586.925,1,1,0.6126960087931081,0.355338492926537,0.25735751586657113,12.227072625286434,hysteresis supporting component
9,200.0,3.5,11621.2725,1,1,0.16760244035329586,1.2453564475259875,-1.0777540071726917,-47.06731668142442,hysteresis supporting component
9,200.0,3.5,11626.897500000001,1,1,0.5541573108000324,0.6762735261805285,-0.12211621538049611,-5.801749481280225,hysteresis supporting component
9,200.0,3.5,11666.87,1,1,0.49561861280695924,0.8307394299769353,-0.33512081716997605,-15.92161222098148,hysteresis supporting component
9,200.0,3.5,11677.089583333332,1,1,1.0709745709301892,0.9251998268425634,0.1457747440876258,6.366226428723907,hysteresis supporting component
9,200.0,3.5,11706.8425,1,1,0.43707991481388614,0.9852053337733422,-0.548125418959456,-26.041474960682738,hysteresis supporting component
9,200.0,3.5,11732.906666666666,1,1,0.8577298814504071,0.6132799740656382,0.2444499073847689,10.675535536914234,hysteresis supporting component
9,200.0,3.5,11746.815,1,1,0.378541216820813,1.139671237569749,-0.7611300207489361,-36.161337700384,hysteresis supporting component
9,200.0,3.5,11786.7875,1,1,0.3200025188277399,1.2941371413661558,-0.9741346225384159,-46.28120044008524,hysteresis supporting component
9,200.0,3.5,11788.72375,1,1,0.6444851919706248,0.4486202059080072,0.1958649860626176,8.553750915754971,hysteresis supporting component
9,200.0,3.5,11826.76,1,1,0.2614638208346668,1.3614079185951788,-1.099944097760512,-52.25841694106855,hysteresis supporting component
9,200.0,3.5,11844.540833333333,1,1,0.5485647460961524,0.28396043775037627,0.2646043083457761,11.555711872370095,hysteresis supporting component
9,200.0,3.5,11866.7325,1,1,0.2029251228415937,1.276491459979851,-1.0735663371382573,-51.00520778673423,hysteresis supporting component
9,200.0,3.5,11900.357916666666,1,1,0.46146070893511626,0.21995288794255247,0.2415078209925638,10.547049712686778,hysteresis supporting component
9,200.0,3.5,11906.705,1,1,0.1443864248485205,1.191575001364523,-1.0471885765160025,-49.7519986323999,hysteresis supporting component
9,200.0,3.5,11946.6775,1,1,0.08584772685544739,1.106658542749195,-1.0208108158937477,-48.49878947806557,hysteresis supporting component
9,200.0,3.5,11956.175,1,1,0.3743566717740803,0.3302471731375294,0.04410949863655089,1.9263354412680345,hysteresis supporting component
9,200.0,3.5,11986.65,1,1,0.02730902886237429,1.0217420841338671,-0.9944330552714928,-47.24558032373123,hysteresis supporting component
9,400.0,2.625,10996.6,1,1,0.34934674451315173,0.8915804972772501,-0.5422337527640984,-51.322510293147,hysteresis supporting component
9,400.0,2.625,11014.147500000001,1,1,0.3299689433023971,0.9030664624635699,-0.5730975191611728,-54.243770654613776,hysteresis supporting component
9,400.0,2.625,11031.695,1,1,0.3105911420916445,0.9145524276498885,-0.603961285558244,-57.16503101608025,hysteresis supporting component
9,400.0,2.625,11049.2425,1,1,0.29121334088088985,0.9260383928362083,-0.6348250519553185,-60.08629137754703,hysteresis supporting component
9,400.0,2.625,11066.79,1,1,0.2718355396701352,0.9375243580225281,-0.6656888183523929,-63.00755173901381,hysteresis supporting component
9,400.0,2.625,11084.3375,1,1,0.2524577384593826,0.9490103232088467,-0.6965525847494641,-65.92881210048029,hysteresis supporting component
9,400.0,2.625,11101.885,1,1,0.2330799372486279,0.9604962883951665,-0.7274163511465386,-68.85007246194705,hysteresis supporting component
9,400.0,2.625,11119.4325,1,1,0.2137021360378733,0.9719822535814864,-0.7582801175436131,-71.77133282341384,hysteresis supporting component
9,400.0,2.625,11136.98,1,1,0.19432433482712064,0.983468218767805,-0.7891438839406844,-74.69259318488032,hysteresis supporting component
9,400.0,2.625,11154.5275,1,1,0.17494653361636603,0.9949541839541247,-0.8200076503377587,-77.61385354634709,hysteresis supporting component
9,400.0,2.625,11172.075,1,1,0.15556873240561137,1.0064401491404447,-0.8508714167348332,-80.53511390781387,hysteresis supporting component
9,400.0,2.625,11189.6225,1,1,0.13619093119485876,1.0179261143267633,-0.8817351831319045,-83.45637426928036,hysteresis supporting component
9,400.0,2.625,11207.17,1,1,0.11681312998410409,1.029412079513083,-0.9125989495289789,-86.37763463074712,hysteresis supporting component
9,400.0,2.625,11224.717499999999,1,1,0.09743532877335148,1.0408980446994016,-0.9434627159260501,-89.2988949922136,hysteresis supporting component
9,400.0,2.625,11242.265,1,1,0.07805752756259687,1.0523840098857213,-0.9743264823231245,-92.22015535368037,hysteresis supporting component
9,400.0,2.625,11253.0,1,1,0.5425492136844519,0.9723934987237032,-0.4298442850392513,-42.56230498814421,hysteresis supporting component
9,400.0,2.625,11259.8125,1,1,0.058679726351842154,1.0638699750720413,-1.0051902487201991,-95.14141571514718,hysteresis supporting component
9,400.0,2.625,11277.359999999999,1,1,0.039301925141089544,1.0104905113881302,-0.9711885862470406,-91.9231529947481,hysteresis supporting component
9,400.0,2.625,11288.05,1,1,0.5342523089869746,0.9681400396479954,-0.4338877306610208,-42.96267873218739,hysteresis supporting component
9,400.0,2.625,11294.9075,1,1,0.019924123930334936,0.7227932108646166,-0.7028690869342816,-66.5266700293614,hysteresis supporting component
9,400.0,2.625,11312.455,1,1,0.04158485926999425,0.4464392622053561,-0.4048544029353619,-38.31953314591176,hysteresis supporting component
9,400.0,2.625,11323.1,1,1,0.5259554042894969,0.9638865805722874,-0.43793117628279044,-43.36305247623059,hysteresis supporting component
9,400.0,2.625,11330.002499999999,1,1,0.07254775852189962,0.5403026009873133,-0.46775484246541366,-44.27306967654711,hysteresis supporting component
9,400.0,2.625,11347.55,1,1,0.1035106577738082,0.6341659397692803,-0.5306552819954721,-50.226606207183075,hysteresis supporting component
9,400.0,2.625,11358.15,1,1,0.5176584995920198,0.9596331214965796,-0.44197462190455983,-43.76342622027376,hysteresis supporting component
9,400.0,2.625,11393.2,1,1,0.5093615948945421,0.9553796624208717,-0.44601806752632955,-44.163799964316965,hysteresis supporting component
9,400.0,2.625,11428.25,1,1,0.5010646901970649,0.951126203345164,-0.45006151314809906,-44.56417370836015,hysteresis supporting component
9,400.0,2.625,11463.3,1,1,0.4927677854995877,0.9468727442694561,-0.4541049587698684,-44.964547452403316,hysteresis supporting component
9,400.0,2.625,11498.35,1,1,0.48447088080211004,0.9426192851937482,-0.4581484043916381,-45.36492119644652,hysteresis supporting component
9,400.0,2.625,11533.4,1,1,0.47617397610463286,0.9383658261180404,-0.46219185001340757,-45.765294940489696,hysteresis supporting component
9,400.0,2.625,11568.45,1,1,0.4678770714071552,0.8176926565638288,-0.34981558515667366,-34.63802624172354,hysteresis supporting component
9,400.0,2.625,11603.5,1,1,0.45958016670967794,0.6527891639341356,-0.1932089972244576,-19.131161103072362,hysteresis supporting component
9,400.0,2.625,11638.55,1,1,0.45128326201220076,0.6054734317270404,-0.15419016971483962,-15.267596331954133,hysteresis supporting component
9,400.0,2.625,11673.6,1,1,0.44298635731472313,0.5834278594721185,-0.14044150215739537,-13.906231293200367,hysteresis supporting component
9,400.0,2.625,11708.65,1,1,0.4346894526172459,0.5613822872171979,-0.12669283459995195,-12.544866254446681,hysteresis supporting component
9,400.0,2.625,11743.7,1,1,0.4263925479197682,0.539336714962276,-0.11294416704250776,-11.183501215692921,hysteresis supporting component
9,400.0,2.625,11778.75,1,1,0.41809564322229104,0.5172911427073552,-0.09919549948506418,-9.822136176939217,hysteresis supporting component
9,400.0,2.625,11813.8,1,1,0.4097987385248138,0.49524557045243445,-0.08544683192762065,-8.460771138185521,hysteresis supporting component
9,400.0,2.625,11848.85,1,1,0.4015018338273362,0.4731999981975126,-0.0716981643701764,-7.0994060994317545,hysteresis supporting component
9,400.0,2.625,11883.9,1,1,0.39320492912985894,0.45115442594259186,-0.057949496812732926,-5.738041060678064,hysteresis supporting component
9,400.0,2.625,11918.95,1,1,0.38490802443238126,0.42910885368767,-0.04420082925528873,-4.376676021924302,hysteresis supporting component
9,400.0,2.625,11954.0,1,1,0.12782515499383051,0.4070632814327493,-0.27923812643891877,-27.649590131751907,hysteresis supporting component
9,400.0,3.5,10275.975,1,1,0.37718526372369016,1.8276603930932704,-1.4504751293695803,-71.56827753321194,hysteresis supporting component
9,400.0,3.5,10323.69375,1,1,0.6506783248406327,1.776730275696417,-1.1260519508557842,-55.56082755495997,hysteresis supporting component
9,400.0,3.5,10371.4125,1,1,0.9241713859575753,1.588739361594449,-0.6645679756368736,-32.79062450435566,hysteresis supporting component
9,400.0,3.5,10419.13125,1,1,1.101677778354477,1.400748447492481,-0.29907066913800384,-14.75652509823789,hysteresis supporting component
9,400.0,3.5,10466.85,1,1,1.1192267659558524,1.1312310450037981,-0.012004279047945765,-0.5923063119757905,hysteresis supporting component
9,400.0,3.5,10514.56875,1,1,1.1367757535572276,0.8472010219089533,0.2895747316482743,14.2879835314491,hysteresis supporting component
9,400.0,3.5,10562.2875,1,1,1.1543247411586028,0.6319850575956344,0.5223396835629684,25.772900674341365,hysteresis supporting component
9,400.0,3.5,10610.00625,1,1,1.171873728759978,0.668709209590469,0.5031645191695091,24.82677380924129,hysteresis supporting component
9,400.0,3.5,10657.725,1,1,1.1894227163613533,0.7054333615853035,0.4839893547760499,23.880646944141223,hysteresis supporting component
9,400.0,3.5,10705.44375,1,1,1.2069717039627288,0.742157513580138,0.46481419038259075,22.934520079041164,hysteresis supporting component
9,400.0,3.5,10753.1625,1,1,1.224520691564104,0.7788816655749726,0.4456390259891314,21.98839321394109,hysteresis supporting component
9,400.0,3.5,10800.88125,1,1,1.2420696791654793,0.8156058175698071,0.4264638615956722,21.042266348841025,hysteresis supporting component
9,400.0,3.5,10848.6,1,1,1.2127778493932349,0.8523299695646417,0.36044787982859317,17.784954307381035,hysteresis supporting component
9,400.0,3.5,10896.31875,1,1,0.7444169991582534,0.8890541215594763,-0.14463712240122284,-7.136578565200841,hysteresis supporting component
9,400.0,3.5,10944.0375,1,1,0.4965728435406655,0.9257782735543107,-0.42920543001364525,-21.1775388022881,hysteresis supporting component
9,400.0,3.5,10991.75625,1,1,0.33310966867760794,0.9625024255491453,-0.6293927568715374,-31.055034718694753,hysteresis supporting component
9,400.0,3.5,11039.475,1,1,0.16964649381455033,0.9992265775439799,-0.8295800837294296,-40.93253063510141,hysteresis supporting component
9,400.0,3.5,11087.19375,1,1,0.03706864906033622,1.0359507295388144,-0.9988820804784782,-49.286105298273405,hysteresis supporting component
9,400.0,3.5,11134.9125,1,1,0.31109989976508146,1.0726748815336489,-0.7615749817685674,-37.57707288731865,hysteresis supporting component
9,400.0,3.5,11182.63125,1,1,0.5851311504698267,1.0888344011038789,-0.5037032506340522,-24.853355501122522,hysteresis supporting component
9,400.0,3.5,11217.15,1,1,0.8689956134374583,1.4049531700017721,-0.5359575565643138,-34.7347966140743,hysteresis supporting component
9,400.0,3.5,11230.35,1,1,0.8591624011745719,1.0330116464868462,-0.1738492453122743,-8.577941658921098,hysteresis supporting component
9,400.0,3.5,11241.9175,1,1,0.8603440846738668,1.4732751868060106,-0.6129311021321437,-39.72336411763168,hysteresis supporting component
9,400.0,3.5,11266.685,1,1,0.8408069472712258,1.541597203610249,-0.7007902563390231,-45.41741547427925,hysteresis supporting component
9,400.0,3.5,11291.4525,1,1,0.8199199153550288,1.3569681220866858,-0.537048206731657,-34.80548040475097,hysteresis supporting component
9,400.0,3.5,11316.22,1,1,0.7990328834388319,1.1121499825975425,-0.31311709915871055,-20.292761287640584,hysteresis supporting component
9,400.0,3.5,11340.9875,1,1,0.7781458515226349,0.964924448674831,-0.18677859715219602,-12.104907383958366,hysteresis supporting component
9,400.0,3.5,11365.755,1,1,0.757258819606438,0.8176989147521195,-0.060440095145681494,-3.9170534802761483,hysteresis supporting component
9,400.0,3.5,11390.5225,1,1,0.736371787690241,0.6704733808294081,0.06589840686083293,4.270800423406063,hysteresis supporting component
9,400.0,3.5,11415.289999999999,1,1,0.7154847557740441,0.5232478469066966,0.19223690886734757,12.458654327088288,hysteresis supporting component
9,400.0,3.5,11440.057499999999,1,1,0.6945977238578471,0.42017445251430535,0.2744232713435418,17.78505853596081,hysteresis supporting component
9,400.0,3.5,11464.825,1,1,0.6737106919416487,0.47150327461833624,0.20220741732331243,13.104831583319005,hysteresis supporting component
9,400.0,3.5,11489.5925,1,1,0.6528236600254518,0.5228320967223633,0.12999156330308848,8.424604630677548,hysteresis supporting component
9,400.0,3.5,11514.36,1,1,0.6319366281092548,0.5741609188263904,0.05777570928286435,3.744377678036083,hysteresis supporting component
9,400.0,3.5,11539.1275,1,1,0.5933566671503718,0.6254897409304175,-0.03213307378004571,-2.0825077819403734,hysteresis supporting component
9,400.0,3.5,11563.895,1,1,0.5526209376884971,0.6620996432768623,-0.10947870558836525,-7.095189769430312,hysteresis supporting component
9,400.0,3.5,11588.6625,1,1,0.5118852082266223,0.6910565202998268,-0.17917131207320447,-11.611887933504278,hysteresis supporting component
9,400.0,3.5,11613.43,1,1,0.47114947876474755,0.7200133973227912,-0.24886391855804368,-16.128586097578246,hysteresis supporting component
9,400.0,3.5,11638.1975,1,1,0.43041374930287285,0.7489702743457557,-0.31855652504288284,-20.64528426165221,hysteresis supporting component
9,400.0,3.5,11662.965,1,1,0.3690384603680368,0.7779271513687201,-0.40888869100068337,-26.49960868309825,hysteresis supporting component
9,400.0,3.5,11687.7325,1,1,0.1925284176932413,0.8068840283916846,-0.6143556106984434,-39.81568488952752,hysteresis supporting component
9,400.0,3.5,11712.5,1,1,0.016018375018445826,0.8358409054146491,-0.8198225303962032,-53.13176109595679,hysteresis supporting component
9,600.0,2.625,11640.75,1,1,0.5149247208530054,0.9292333460317245,-0.414308625178719,-37.787566958420186,hysteresis supporting component
9,600.0,2.625,11656.92125,1,1,0.4873113725392324,0.939689025089146,-0.4523776525499136,-41.25970302657568,hysteresis supporting component
9,600.0,2.625,11673.0925,1,1,0.45969802422545625,0.9501447041465687,-0.49044667992111246,-44.73183909473156,hysteresis supporting component
9,600.0,2.625,11689.26375,1,1,0.4320846759116832,0.9606003832039902,-0.528515707292307,-48.203975162887055,hysteresis supporting component
9,600.0,2.625,11705.435,1,1,0.4044713275979101,0.9710560622614117,-0.5665847346635016,-51.67611123104254,hysteresis supporting component
9,600.0,2.625,11721.60625,1,1,0.37685797928413395,0.9815117413188345,-0.6046537620347006,-55.14824729919844,hysteresis supporting component
9,600.0,2.625,11737.7775,1,1,0.35213574721932145,0.991967420376256,-0.6398316731569345,-58.35669528025449,hysteresis supporting component
9,600.0,2.625,11753.94875,1,1,0.3281498621937141,1.0024230994336776,-0.6742732372399635,-61.49798375422427,hysteresis supporting component
9,600.0,2.625,11770.119999999999,1,1,0.30416397716810684,1.012878778491099,-0.7087148013229922,-64.63927222819405,hysteresis supporting component
9,600.0,2.625,11786.29125,1,1,0.2801780921424968,1.0233344575485217,-0.7431563654060249,-67.78056070216417,hysteresis supporting component
9,600.0,2.625,11802.4625,1,1,0.25619220711688945,1.0337901366059432,-0.7775979294890538,-70.92184917613393,hysteresis supporting component
9,600.0,2.625,11818.633749999999,1,1,0.23220632209128214,1.044245815663365,-0.8120394935720828,-74.06313765010373,hysteresis supporting component
9,600.0,2.625,11834.805,1,1,0.20822043706567211,1.0547014947207876,-0.8464810576551154,-77.20442612407383,hysteresis supporting component
9,600.0,2.625,11850.97625,1,1,0.18423455204006478,1.065157173778209,-0.8809226217381443,-80.3457145980436,hysteresis supporting component
9,600.0,2.625,11867.1475,1,1,0.16024866701445747,1.0756128528356306,-0.9153641858211731,-83.48700307201338,hysteresis supporting component
9,600.0,2.625,11883.31875,1,1,0.13626278198884745,1.0860685318930532,-0.9498057499042057,-86.62829154598349,hysteresis supporting component
9,600.0,2.625,11899.49,1,1,0.11227689696324011,1.096524210950475,-0.9842473139872348,-89.76958001995328,hysteresis supporting component
9,600.0,2.625,11915.66125,1,1,0.08829101193763278,1.1069798900078962,-1.0186888780702634,-92.91086849392303,hysteresis supporting component
9,600.0,2.625,11931.832499999999,1,1,0.0643051269120255,1.1076889127314442,-1.0433837858194188,-95.16320026640469,hysteresis supporting component
9,600.0,2.625,11948.00375,1,1,0.04031924188641545,1.096402007642752,-1.0560827657563365,-96.32142755279757,hysteresis supporting component
9,600.0,2.625,11964.175,1,1,0.0163333568608081,1.085115102554061,-1.068781745693253,-97.47965483919032,hysteresis supporting component
9,600.0,3.5,10604.2,1,1,0.8721366922316752,2.2594549302030824,-1.387318237971407,-61.753337602613854,hysteresis supporting component
9,600.0,3.5,10667.868750000001,1,1,0.8414130941272389,2.2392125539959276,-1.3977994598686887,-62.219885519735726,hysteresis supporting component
9,600.0,3.5,10731.5375,1,1,0.8106894960228034,2.218970177788773,-1.4082806817659699,-62.686433436857584,hysteresis supporting component
9,600.0,3.5,10795.206250000001,1,1,0.779965897918367,2.1987278015816183,-1.4187619036632513,-63.152981353979435,hysteresis supporting component
9,600.0,3.5,10858.875,1,1,0.7492422998139316,2.178485425374464,-1.4292431255605322,-63.61952927110127,hysteresis supporting component
9,600.0,3.5,10922.54375,1,1,0.7185187017094953,2.1582430491673086,-1.4397243474578132,-64.08607718822311,hysteresis supporting component
9,600.0,3.5,10986.212500000001,1,1,0.6877951036050589,2.1380006729601537,-1.4502055693550948,-64.55262510534499,hysteresis supporting component
9,600.0,3.5,11049.88125,1,1,0.6570715055006234,2.033939735698118,-1.3768682301974948,-61.28817911168538,hysteresis supporting component
9,600.0,3.5,11056.166666666666,1,1,0.7081160097119176,2.124830907773097,-1.4167148980611795,-67.32682124113266,hysteresis supporting component
9,600.0,3.5,11102.883333333333,1,1,0.717906917837367,1.9950450978992982,-1.277138180061931,-60.693689370337886,hysteresis supporting component
9,600.0,3.5,11113.550000000001,1,1,0.6263479073961871,1.71778052138252,-1.0914326139863328,-48.58265741576048,hysteresis supporting component
9,600.0,3.5,11149.599999999999,1,1,0.7276978259628162,1.8652592880255043,-1.1375614620626882,-54.06055749954337,hysteresis supporting component
9,600.0,3.5,11177.21875,1,1,0.5956243092917517,1.1903243229546256,-0.594700013662874,-26.47172776284041,hysteresis supporting component
9,600.0,3.5,11196.316666666666,1,1,0.7374887340882657,1.7354734781517056,-0.99798474406344,-47.42742562874861,hysteresis supporting component
9,600.0,3.5,11240.8875,1,1,0.5649007111873152,1.2730689745121677,-0.7081682633248525,-31.522510587406906,hysteresis supporting component
9,600.0,3.5,11243.033333333333,1,1,0.7472796422137151,1.6056876682779069,-0.8584080260641918,-40.794293757953845,hysteresis supporting component
9,600.0,3.5,11289.75,1,1,0.7570705503391646,1.4759018584041081,-0.7188313080649436,-34.161161887159075,hysteresis supporting component
9,600.0,3.5,11304.556250000001,1,1,0.534177113082879,1.3515581427160308,-0.8173810296331518,-36.38387018303472,hysteresis supporting component
9,600.0,3.5,11336.466666666667,1,1,0.7668614584646141,1.3461160485303094,-0.5792545900656954,-27.52803001636431,hysteresis supporting component
9,600.0,3.5,11368.225,1,1,0.5034535149784435,1.3100890151220042,-0.8066355001435607,-35.90555721047562,hysteresis supporting component
9,600.0,3.5,11383.183333333332,1,1,0.7766523665900631,1.2163302386565158,-0.4396778720664527,-20.894898145569808,hysteresis supporting component
9,600.0,3.5,11429.9,1,1,0.7864432747155126,1.88257066475085,-1.0961273900353374,-52.091477930679275,hysteresis supporting component
9,600.0,3.5,11431.893750000001,1,1,0.4727299168740071,1.2686198875279762,-0.795889970653969,-35.42724423791649,hysteresis supporting component
9,600.0,3.5,11476.616666666667,1,1,0.7682795861080076,1.5762024578724934,-0.8079228717644857,-38.39507782289242,hysteresis supporting component
9,600.0,3.5,11495.5625,1,1,0.44200631876957164,1.2271507599339495,-0.7851444411643779,-34.94893126535738,hysteresis supporting component
9,600.0,3.5,11523.333333333332,1,1,0.7321673104944602,1.4258526095013289,-0.6936852990068687,-32.96614314408111,hysteresis supporting component
9,600.0,3.5,11559.23125,1,1,0.4112827206651353,1.1856816323399215,-0.7743989116747863,-34.47061829279826,hysteresis supporting component
9,600.0,3.5,11570.05,1,1,0.6960550348809112,1.372270217013521,-0.6762151821326098,-32.135907337664015,hysteresis supporting component
9,600.0,3.5,11616.766666666666,1,1,0.6599427592673623,1.3186878245257132,-0.6587450652583509,-31.305671531246926,hysteresis supporting component
9,600.0,3.5,11622.900000000001,1,1,0.38055912256069896,1.1442125047458935,-0.7636533821851945,-33.992305320239126,hysteresis supporting component
9,600.0,3.5,11663.483333333334,1,1,0.6238304836538134,1.2651054320379054,-0.6412749483840919,-30.47543572482984,hysteresis supporting component
9,600.0,3.5,11686.56875,1,1,0.34983552445626354,1.1027433771518669,-0.7529078526956033,-33.513992347680016,hysteresis supporting component
9,600.0,3.5,11710.2,1,1,0.5877182080402645,1.2115230395500975,-0.623804831509833,-29.64519991841275,hysteresis supporting component
9,600.0,3.5,11750.237500000001,1,1,0.5150381362758951,1.061274249557839,-0.5462361132819438,-24.314466710654404,hysteresis supporting component
9,600.0,3.5,11756.916666666666,1,1,0.5516059324267171,1.1579406470622917,-0.6063347146355746,-28.81496411199569,hysteresis supporting component
9,600.0,3.5,11803.633333333333,1,1,0.5154936568131682,1.1043582545744839,-0.5888645977613157,-27.984728305578603,hysteresis supporting component
9,600.0,3.5,11813.90625,1,1,1.02842721517003,1.0198051219638122,0.008622093206217762,0.3837930029546275,hysteresis supporting component
9,600.0,3.5,11850.35,1,1,0.47938138119961926,1.050775862086676,-0.5713944808870568,-27.154492499161513,hysteresis supporting component
9,600.0,3.5,11877.575,1,1,0.020919048862422178,0.9783359943697842,-0.9574169455073621,-42.6172526563426,hysteresis supporting component
9,600.0,3.5,11897.066666666666,1,1,0.44326910558607174,0.9971934695988703,-0.5539243640127987,-26.324256692744463,hysteresis supporting component
9,600.0,3.5,11943.783333333333,1,1,0.862481850466518,0.9436110771110625,-0.08112922664454447,-3.855520223019991,hysteresis supporting component
9,600.0,3.5,11990.5,1,1,0.02059537140761125,1.5422901068854353,-1.521694735477824,-72.31579873924913,hysteresis supporting component
