collection_day,session_id,roi,speed_mm_min,displacement_mm_abs,motion_phase,force_bin_N,cycles,median_raw_force_N,median_force_N,median_cycle_force_zero_offset_N,median_internal_timing_correction_ms,mean_cycle_light,sd_cycle_light,cv_cycle_light,mean_cycle_light_per_pixel,evidence_role
2026-08-06,2026-08-06_144254_451441_1_R1_C1,1,200.0,1.75,pressing_down,0.125,20,-0.2627766572883362,0.009027227826952144,-0.2721283619118957,-0.02012500000000006,23841.7,2984.551096457961,0.12518197513004364,3.2668813373526993,hysteresis supporting component
2026-08-06,2026-08-06_144254_451441_1_R1_C1,1,200.0,1.75,pressing_down,0.375,19,0.0667828182771619,0.3376295789971151,-0.2723296637673325,-1.6272000000000002,24819.0,5151.413673287492,0.20755927609039415,3.4007947382844614,hysteresis supporting component
2026-08-06,2026-08-06_144254_451441_1_R1_C1,1,200.0,1.75,retracting,0.125,20,-0.09139314230365456,0.1809895980255957,-0.2721283619118957,3.9461000000000004,25124.075,5511.012700123367,0.21935186470042647,3.4425972869279255,hysteresis supporting component
2026-08-06,2026-08-06_144254_451441_1_R1_C1,1,200.0,1.75,retracting,0.375,20,0.09909309914078565,0.3716116322513796,-0.2721283619118957,-8.547975000000001,25139.75,5471.696695147147,0.21765119761123905,3.4447451356536036,hysteresis supporting component
2026-08-06,2026-08-06_144254_451441_1_R1_C1,1,200.0,1.75,retracting,0.625,19,0.4312100425830132,0.7023465493876073,-0.2723296637673325,-4.2565,22792.57894736842,2443.94047858484,0.10722527206018573,3.1231267398422062,hysteresis supporting component
2026-08-06,2026-08-06_144909_491053_1_R1_C2,1,200.0,2.625,pressing_down,0.125,20,0.008288290030673901,0.010818809961290475,-0.0024307971442653,1.6748249999999998,24138.85,3594.146063209481,0.148894668271665,3.307597972047136,hysteresis supporting component
2026-08-06,2026-08-06_144909_491053_1_R1_C2,1,200.0,2.625,pressing_down,0.375,20,0.364991455533914,0.36626311124045136,-0.0024307971442653,-0.3437750000000004,23894.075,3928.7773921043845,0.16442475350497496,3.2740579610852287,hysteresis supporting component
2026-08-06,2026-08-06_144909_491053_1_R1_C2,1,200.0,2.625,pressing_down,0.625,20,0.6227421988467752,0.6229628293636085,-0.0024307971442653,-7.836424999999999,22322.9,3029.654273310649,0.13571956481060474,3.058769525897506,hysteresis supporting component
2026-08-06,2026-08-06_144909_491053_1_R1_C2,1,200.0,2.625,pressing_down,0.875,20,0.8133234914417973,0.8159003567791336,-0.0024307971442653,9.933325,21994.975,6593.44124565226,0.2997703450743754,3.013835982460948,hysteresis supporting component
2026-08-06,2026-08-06_144909_491053_1_R1_C2,1,200.0,2.625,retracting,0.125,20,0.17793618970611413,0.17977991352966766,-0.0024307971442653,8.893775000000002,23399.15,5000.042810606199,0.21368480524319036,3.206241436009866,hysteresis supporting component
2026-08-06,2026-08-06_144909_491053_1_R1_C2,1,200.0,2.625,retracting,0.375,20,0.37107376843496387,0.3733739421890042,-0.0024307971442653,1.9551999999999992,26002.8,6123.383181663032,0.23548937736178538,3.563003562619896,hysteresis supporting component
2026-08-06,2026-08-06_144909_491053_1_R1_C2,1,200.0,2.625,retracting,0.625,20,0.6282919994971126,0.629827358760086,-0.0024307971442653,4.4036,23126.45,3425.94239013535,0.14813957136245942,3.1688750342559606,hysteresis supporting component
2026-08-06,2026-08-06_144909_491053_1_R1_C2,1,200.0,2.625,retracting,0.875,20,0.8805112979036196,0.8825934827505513,-0.0024307971442653,3.50645,21530.575,2943.1820734985386,0.13669779248805658,2.950202110167169,hysteresis supporting component
2026-08-06,2026-08-06_144909_491053_1_R1_C2,1,200.0,2.625,retracting,1.125,20,1.069785983121113,1.0724562499550807,-0.0024307971442653,4.1389,22650.4,3780.360612149949,0.16690039081649546,3.103644834201151,hysteresis supporting component
2026-08-06,2026-08-06_150913_693123_1_R1_C3,1,200.0,3.5,pressing_down,0.125,19,0.5704361752589466,0.02622168596948793,0.5411197029982983,-7.5619,25211.184210526317,3359.94064601398,0.1332718295958156,3.4545333256407664,hysteresis supporting component
2026-08-06,2026-08-06_150913_693123_1_R1_C3,1,200.0,3.5,pressing_down,0.375,20,0.8872701420668372,0.36505404744528624,0.5380311922010348,-4.869200000000001,25330.775,4915.882975982304,0.19406761048496557,3.4709201151000273,hysteresis supporting component
2026-08-06,2026-08-06_150913_693123_1_R1_C3,1,200.0,3.5,pressing_down,0.625,20,1.118560131593377,0.6069663089475559,0.5380311922010348,-5.814575,22478.75,5565.991455399384,0.24761125309011328,3.0801246916963554,hysteresis supporting component
2026-08-06,2026-08-06_150913_693123_1_R1_C3,1,200.0,3.5,pressing_down,0.875,19,1.3434148681401092,0.8576297060161372,0.5349426814037714,-13.1867,24524.105263157893,7280.556767817637,0.2968734920068657,3.360387128412975,hysteresis supporting component
2026-08-06,2026-08-06_150913_693123_1_R1_C3,1,200.0,3.5,pressing_down,1.125,20,1.6076259901442405,1.1235450394219364,0.5380311922010348,22.26125,23527.65,7350.123366490631,0.3124036342979699,3.223848999725952,hysteresis supporting component
2026-08-06,2026-08-06_150913_693123_1_R1_C3,1,200.0,3.5,pressing_down,1.375,16,1.877708105061227,1.3785232699944343,0.5380311922010348,-1.77745,27695.90625,5326.720254899664,0.19232879425635924,3.794999486160592,hysteresis supporting component
2026-08-06,2026-08-06_150913_693123_1_R1_C3,1,200.0,3.5,pressing_down,1.625,13,2.090409075820346,1.6292235657807776,0.5102962553390771,-27.6453,28062.46153846154,9364.649411620496,0.3337073406331657,3.8452263001454563,hysteresis supporting component
2026-08-06,2026-08-06_150913_693123_1_R1_C3,1,200.0,3.5,pressing_down,1.875,13,2.316393345533959,1.8373195977506156,0.5411197029982983,-6.8271,26365.153846153848,7924.199032564257,0.30055576685816454,3.612654678837195,hysteresis supporting component
2026-08-06,2026-08-06_150913_693123_1_R1_C3,1,200.0,3.5,pressing_down,2.125,16,2.625902311630837,2.1465533404243047,0.5472448026901082,-8.25295,22139.6875,5853.31082059547,0.26438091416581505,3.0336650452178677,hysteresis supporting component
2026-08-06,2026-08-06_150913_693123_1_R1_C3,1,200.0,3.5,pressing_down,2.375,9,2.801859429043009,2.4199783896293265,0.3812309174083408,22.4577,20265.666666666668,6627.194485602486,0.32701586355917983,2.7768795103681376,hysteresis supporting component
2026-08-06,2026-08-06_150913_693123_1_R1_C3,1,200.0,3.5,pressing_down,2.625,14,3.0724909767421305,2.6148186629154004,0.5472448026901082,-4.80895,20933.35714285714,3987.321649874818,0.1904769322313582,2.868369024781741,hysteresis supporting component
2026-08-06,2026-08-06_150913_693123_1_R1_C3,1,200.0,3.5,pressing_down,2.875,8,3.428403332053384,2.914525005385844,0.5226194683714243,0.17689999999999984,23937.0,6226.152607004929,0.2601058030248122,3.2799397095094545,hysteresis supporting component
2026-08-06,2026-08-06_150913_693123_1_R1_C3,1,200.0,3.5,pressing_down,3.125,6,3.714064899950368,3.1117616632705465,0.5555834044801429,1.76145,25195.166666666668,3827.706802599524,0.1519222656170637,3.452338540239335,hysteresis supporting component
2026-08-06,2026-08-06_150913_693123_1_R1_C3,1,200.0,3.5,pressing_down,3.375,7,3.897715279729225,3.3826168205065406,0.5411197029982983,-6.5453,22183.571428571428,7489.16566018634,0.3375996369340527,3.0396781897192966,hysteresis supporting component
2026-08-06,2026-08-06_150913_693123_1_R1_C3,1,200.0,3.5,pressing_down,3.625,4,4.275664091239035,3.7077836401441875,0.5555834044801429,-29.427149999999997,21610.5,3350.487178506036,0.15503978059304668,2.9611537407508908,hysteresis supporting component
2026-08-06,2026-08-06_150913_693123_1_R1_C3,1,200.0,3.5,pressing_down,3.875,6,4.3698299598274915,3.8137406809746213,0.5584387856607305,13.88205,24934.333333333332,4777.772019117976,0.19161418736352728,3.4165981547455924,hysteresis supporting component
2026-08-06,2026-08-06_150913_693123_1_R1_C3,1,200.0,3.5,pressing_down,4.125,1,4.604269130896946,4.039568800770439,0.5647003301265063,5.6872,20074.0,,,2.7506166072896683,hysteresis supporting component
2026-08-06,2026-08-06_150913_693123_1_R1_C3,1,200.0,3.5,pressing_down,4.375,8,4.897934868917012,4.350589827892537,0.5555834044801429,13.14415,24114.5,3152.2830275396095,0.1307214757734811,3.3042614414908194,hysteresis supporting component
2026-08-06,2026-08-06_150913_693123_1_R1_C3,1,200.0,3.5,pressing_down,5.125,1,5.186860441614501,5.000634747967348,0.1862256936471524,-36.3633,20861.0,,,2.8584543710605645,hysteresis supporting component
2026-08-06,2026-08-06_150913_693123_1_R1_C3,1,200.0,3.5,pressing_down,5.375,1,5.95469391520764,5.301780175415323,0.6529137397923173,23.1571,24444.0,,,3.3494107974787615,hysteresis supporting component
2026-08-06,2026-08-06_150913_693123_1_R1_C3,1,200.0,3.5,retracting,0.125,18,0.6745411025104082,0.1544446332287967,0.5380311922010348,7.942825,26027.36111111111,5048.780926839887,0.1939797471317427,3.566369020431777,hysteresis supporting component
2026-08-06,2026-08-06_150913_693123_1_R1_C3,1,200.0,3.5,retracting,0.375,19,0.8953966352747349,0.36176094211304166,0.5411197029982983,5.8906,24520.973684210527,4969.683925433634,0.20267074176722835,3.3599580274336156,hysteresis supporting component
2026-08-06,2026-08-06_150913_693123_1_R1_C3,1,200.0,3.5,retracting,0.625,20,1.1265031661204472,0.6236826045070125,0.5380311922010348,4.880324999999999,24580.45,7360.580549364582,0.2994485678400754,3.368107700739929,hysteresis supporting component
2026-08-06,2026-08-06_150913_693123_1_R1_C3,1,200.0,3.5,retracting,0.875,20,1.3405310519258244,0.8470117030171045,0.5380311922010348,11.0825,24832.525,8275.572159381585,0.3332553640590953,3.40264798574952,hysteresis supporting component
2026-08-06,2026-08-06_150913_693123_1_R1_C3,1,200.0,3.5,retracting,1.125,20,1.5932858408824266,1.0954735305286323,0.5380311922010348,24.190825,23949.2,7381.178415402246,0.30820146039960605,3.2816114003836665,hysteresis supporting component
2026-08-06,2026-08-06_150913_693123_1_R1_C3,1,200.0,3.5,retracting,1.375,13,1.8750463711182943,1.3621903827615676,0.5349426814037714,-1.2335,20108.923076923078,6227.3862021121195,0.3096827303128254,2.7554019014693174,hysteresis supporting component
2026-08-06,2026-08-06_150913_693123_1_R1_C3,1,200.0,3.5,retracting,1.625,11,2.0967903813843147,1.6044661160151708,0.5533699023819182,34.7474,26191.81818181818,7501.046884511278,0.28638893384340725,3.588903560128553,hysteresis supporting component
2026-08-06,2026-08-06_150913_693123_1_R1_C3,1,200.0,3.5,retracting,1.875,13,2.325054946132235,1.8105112695475811,0.5349426814037714,7.4908,21812.076923076922,7461.771231434023,0.34209356851935346,2.98877458523937,hysteresis supporting component
2026-08-06,2026-08-06_150913_693123_1_R1_C3,1,200.0,3.5,retracting,2.125,8,2.5210321828460875,2.087000785733929,0.35932745354898277,-6.970199999999999,23760.5,5117.967453701016,0.21539813782121656,3.2557550013702383,hysteresis supporting component
2026-08-06,2026-08-06_150913_693123_1_R1_C3,1,200.0,3.5,retracting,2.375,14,2.799832709377683,2.3864607738397607,0.44576358637370894,18.626,23415.64285714286,5817.254739891593,0.24843455186698238,3.2085013506635867,hysteresis supporting component
2026-08-06,2026-08-06_150913_693123_1_R1_C3,1,200.0,3.5,retracting,2.625,9,3.106283915001933,2.6197738737796636,0.5533699023819182,7.5186,22656.5,3789.8351547263896,0.1672736369133092,3.104480679638257,hysteresis supporting component
2026-08-06,2026-08-06_150913_693123_1_R1_C3,1,200.0,3.5,retracting,2.875,6,3.287922123546643,2.8773227862673343,0.42389035884014364,-8.407599999999999,27427.5,5792.299396612713,0.2111858316147193,3.7582214305289123,hysteresis supporting component
2026-08-06,2026-08-06_150913_693123_1_R1_C3,1,200.0,3.5,retracting,3.125,10,3.5623833536839378,3.0753920858564734,0.4362135718724908,4.6056,28497.5,5393.421224046941,0.1892594516728464,3.9048369416278432,hysteresis supporting component
2026-08-06,2026-08-06_150913_693123_1_R1_C3,1,200.0,3.5,retracting,3.375,9,3.833186440745907,3.351171773387348,0.5102962553390771,-21.8388,23943.5,5748.671498702983,0.2400931985174675,3.28083036448342,hysteresis supporting component
2026-08-06,2026-08-06_150913_693123_1_R1_C3,1,200.0,3.5,retracting,3.625,12,4.093748601427865,3.667610113481559,0.42389035884014364,4.407375,23114.125,5912.780026522673,0.2558080838674478,3.1671862154014803,hysteresis supporting component
2026-08-06,2026-08-06_150913_693123_1_R1_C3,1,200.0,3.5,retracting,3.875,7,4.340358028498223,3.8102930601233136,0.5102962553390771,5.0177,20523.85714285714,6651.838547313353,0.3241027503267519,2.812257761421916,hysteresis supporting component
2026-08-06,2026-08-06_150913_693123_1_R1_C3,1,200.0,3.5,retracting,4.125,4,4.647838349274784,4.065019830106061,0.5584387856607305,15.2564,29569.25,2721.6130480531824,0.09204200471953744,4.0516922444505346,hysteresis supporting component
2026-08-06,2026-08-06_150913_693123_1_R1_C3,1,200.0,3.5,retracting,4.375,7,4.951286138085875,4.447880806211549,0.5533699023819182,4.1744,23533.14285714286,5700.2817307150535,0.24222356381884133,3.2246016521160397,hysteresis supporting component
2026-08-06,2026-08-06_150913_693123_1_R1_C3,1,200.0,3.5,retracting,4.625,6,5.207290417749363,4.651845330426278,0.5554734213629633,7.8458000000000006,19640.0,7192.245101496473,0.3662039257381096,2.6911482597972047,hysteresis supporting component
2026-08-06,2026-08-06_150913_693123_1_R1_C3,1,200.0,3.5,retracting,4.875,5,5.476247570570096,4.874562690890891,0.5533699023819182,9.3131,28029.3,5429.773724567166,0.19371777834505913,3.8406823787338995,hysteresis supporting component
2026-08-06,2026-08-06_150913_693123_1_R1_C3,1,200.0,3.5,retracting,5.125,7,5.682504073780259,5.129077503318582,0.5534265704616768,5.8164,21405.85714285714,7528.540416941641,0.3517046930986278,2.933112790196923,hysteresis supporting component
2026-08-06,2026-08-06_150913_693123_1_R1_C3,1,200.0,3.5,retracting,5.375,7,5.93934354987337,5.362343862753231,0.5635076689395426,29.3616,23364.0,5175.336639614213,0.22150901556301203,3.201425047958345,hysteresis supporting component
2026-08-06,2026-08-06_150913_693123_1_R1_C3,1,200.0,3.5,retracting,5.625,6,6.172602623824778,5.638253180083657,0.5585771028177894,-11.063175000000001,27784.833333333332,5234.675984878784,0.18840048173327598,3.807184616789988,hysteresis supporting component
2026-08-06,2026-08-06_150913_693123_1_R1_C3,1,200.0,3.5,retracting,5.875,5,6.47908813073803,5.9215678584737805,0.5769996871201395,-3.4146,20233.7,3037.706569107688,0.15013104716921213,2.7724993148807893,hysteresis supporting component
2026-08-06,2026-08-06_152926_414022_1_R1_C4,1,400.0,1.75,pressing_down,0.125,20,0.08478811119313764,0.009363568641604758,0.06965030426958038,-2.21345,26137.15,2480.8178834917794,0.09491539374001293,3.5814127158125517,hysteresis supporting component
2026-08-06,2026-08-06_152926_414022_1_R1_C4,1,400.0,1.75,pressing_down,0.375,11,0.3815408236602063,0.2875043573620572,0.0927626562310517,-31.4344,29527.636363636364,9367.490787534593,0.3172448573997873,4.0459901841102175,hysteresis supporting component
2026-08-06,2026-08-06_152926_414022_1_R1_C4,1,400.0,1.75,retracting,0.625,20,0.7090177602776995,0.6320777308902275,0.06965030426958038,-4.5957,25692.275,4794.0920590237665,0.18659663494275094,3.5204542340367224,hysteresis supporting component
2026-08-06,2026-08-06_152926_414022_1_R1_C4,1,400.0,1.75,retracting,0.875,20,0.9111178136508745,0.8288256750478042,0.06965030426958038,9.6564,25747.275,3497.9400534833576,0.13585670924334156,3.527990545354892,hysteresis supporting component
2026-08-06,2026-08-06_154111_645036_1_R1_C5,1,400.0,2.625,pressing_down,0.125,20,0.08139670036274095,0.013809750834312802,0.07562097423703315,4.12445,23966.675,2842.7793538375895,0.11861384000231945,3.2840058920252124,hysteresis supporting component
2026-08-06,2026-08-06_154111_645036_1_R1_C5,1,400.0,2.625,pressing_down,0.375,20,0.4427431573214804,0.37334894107889083,0.07562097423703315,-5.415325000000001,23882.45,6128.375263133735,0.25660580313718795,3.2724650589202526,hysteresis supporting component
2026-08-06,2026-08-06_154111_645036_1_R1_C5,1,400.0,2.625,pressing_down,0.625,19,0.7654774518026932,0.6851526116910213,0.0731834995814206,6.5154,21145.57894736842,7225.536491544644,0.34170435860512893,2.897448471823571,hysteresis supporting component
2026-08-06,2026-08-06_154111_645036_1_R1_C5,1,400.0,2.625,pressing_down,0.875,1,0.8420633091030552,0.7600654470548766,0.0819978620481786,24.6544,18391.0,,,2.520005480953686,hysteresis supporting component
2026-08-06,2026-08-06_154111_645036_1_R1_C5,1,400.0,2.625,retracting,0.375,3,0.4031859420527908,0.4317245178159101,-0.0386421845698422,-6.4522,25708.333333333332,10737.09538624545,0.4176503877956091,3.522654608568557,hysteresis supporting component
2026-08-06,2026-08-06_154111_645036_1_R1_C5,1,400.0,2.625,retracting,0.625,20,0.6303576989633313,0.5959052601636232,0.07562097423703315,-3.5138500000000006,24636.45,8223.044385813118,0.3337755393253946,3.3757810359002463,hysteresis supporting component
2026-08-06,2026-08-06_154111_645036_1_R1_C5,1,400.0,2.625,retracting,0.875,17,0.8585395539776266,0.8391357048558861,-0.0194385260008679,6.3193,22794.117647058825,7049.828168405534,0.30928278416230726,3.123337578385698,hysteresis supporting component
2026-08-06,2026-08-06_154111_645036_1_R1_C5,1,400.0,2.625,retracting,1.125,20,1.1658912926643028,1.1308422680008765,0.07562097423703315,-5.417874999999999,22933.425,4711.323716868919,0.20543480604702177,3.14242600712524,hysteresis supporting component
2026-08-06,2026-08-06_154111_645036_1_R1_C5,1,400.0,2.625,retracting,1.375,13,1.5200545074507144,1.4351366011072577,0.0819978620481786,7.0623,22189.0,4132.607353919154,0.18624576835004525,3.0404220334338175,hysteresis supporting component
2026-08-06,2026-08-06_154111_645036_1_R1_C5,1,400.0,2.625,retracting,1.625,2,1.6081789043062735,1.5033111763828224,0.1048677279234512,13.3013,27343.75,3102.4310024559773,0.11346033380410431,3.746745683748972,hysteresis supporting component
2026-08-06,2026-08-06_154622_006482_1_R1_C6,1,400.0,3.5,pressing_down,0.125,20,0.12141608300606097,0.01893092587024838,0.0984568465466994,2.7719750000000003,25773.175,3843.583991793815,0.14913117967785558,3.531539462866539,hysteresis supporting component
2026-08-06,2026-08-06_154622_006482_1_R1_C6,1,400.0,3.5,pressing_down,0.375,20,0.4926004747831372,0.3904111837115803,0.0984568465466994,-6.655749999999999,24437.6,8116.230291666719,0.33212059660796145,3.3485338448890105,hysteresis supporting component
2026-08-06,2026-08-06_154622_006482_1_R1_C6,1,400.0,3.5,pressing_down,0.625,19,0.7450024311525957,0.6320919831164576,0.0972741289665446,-0.5789,28498.78947368421,8708.939382923652,0.3055898002603054,3.9050136302664034,hysteresis supporting component
2026-08-06,2026-08-06_154622_006482_1_R1_C6,1,400.0,3.5,pressing_down,0.875,19,0.9812006960776708,0.9150917686051289,0.0972741289665446,7.8515,22897.0,7442.357228130823,0.32503634660133746,3.1374349136749795,hysteresis supporting component
2026-08-06,2026-08-06_154622_006482_1_R1_C6,1,400.0,3.5,pressing_down,1.125,13,1.1976492159779908,1.1039471054774452,0.1021162066095507,-10.0604,26136.53846153846,5589.116516579112,0.21384302763749088,3.58132892046293,hysteresis supporting component
2026-08-06,2026-08-06_154622_006482_1_R1_C6,1,400.0,3.5,pressing_down,1.375,16,1.4499157922689765,1.3599815913172746,0.0954569755036509,-6.0823,23093.5625,6101.255509797416,0.26419724153852037,3.1643686626473007,hysteresis supporting component
2026-08-06,2026-08-06_154622_006482_1_R1_C6,1,400.0,3.5,retracting,0.375,14,0.5361361694343183,0.4456731757473988,0.102456530458592,2.7622,24791.35714285714,6936.346717524599,0.27978890697894254,3.3970070077907843,hysteresis supporting component
2026-08-06,2026-08-06_154622_006482_1_R1_C6,1,400.0,3.5,retracting,0.625,20,0.7229766863302509,0.6301181558128458,0.0984568465466994,-4.66575,27560.825,8175.148798380242,0.29662206404852687,3.776490134283365,hysteresis supporting component
2026-08-06,2026-08-06_154622_006482_1_R1_C6,1,400.0,3.5,retracting,0.875,20,0.9777673231763093,0.8724075273434253,0.0984568465466994,8.532599999999999,27523.825,6521.207042926219,0.23692953442794448,3.7714202521238698,hysteresis supporting component
2026-08-06,2026-08-06_154622_006482_1_R1_C6,1,400.0,3.5,retracting,1.125,14,1.249838940331832,1.1491348017745404,0.10240015574719386,0.9373,23454.428571428572,7635.859729080793,0.32556153332946897,3.213815918255491,hysteresis supporting component
2026-08-06,2026-08-06_154622_006482_1_R1_C6,1,400.0,3.5,retracting,1.375,10,1.4380153345378872,1.3658156253199327,0.08913280694827966,8.94755,27382.1,7122.920444280952,0.2601305394502596,3.7520005480953684,hysteresis supporting component
2026-08-06,2026-08-06_154622_006482_1_R1_C6,1,400.0,3.5,retracting,1.625,11,1.7595849974360307,1.6751080978505555,0.1021162066095507,6.4688,25097.909090909092,4717.964464778121,0.18798237126801332,3.4390119335309794,hysteresis supporting component
2026-08-06,2026-08-06_154622_006482_1_R1_C6,1,400.0,3.5,retracting,1.875,9,1.9798092099007227,1.953300461937043,0.0846257918558021,20.1453,25490.0,5193.528617423804,0.2037476899734721,3.4927377363661276,hysteresis supporting component
2026-08-06,2026-08-06_154622_006482_1_R1_C6,1,400.0,3.5,retracting,2.125,12,2.2626292451256456,2.159607071356821,0.102456530458592,0.7596499999999997,24024.416666666668,5714.724624851034,0.23787152479669088,3.291917877043939,hysteresis supporting component
2026-08-06,2026-08-06_154622_006482_1_R1_C6,1,400.0,3.5,retracting,2.375,15,2.517144687835684,2.422827859988843,0.0936398220407572,11.893699999999999,24002.7,4788.682762514134,0.1995060040126375,3.2889421759386135,hysteresis supporting component
2026-08-06,2026-08-06_154622_006482_1_R1_C6,1,400.0,3.5,retracting,2.625,19,2.7190576736680807,2.6170587165642205,0.0996395641268542,-1.3398500000000002,22572.157894736843,4459.618353914727,0.19757164444408645,3.0929238003202033,hysteresis supporting component
2026-08-06,2026-08-06_154622_006482_1_R1_C6,1,400.0,3.5,retracting,2.875,2,2.9018579656067205,2.7740557179827183,0.12780224762400216,-17.225225000000002,19501.5,1421.991736966147,0.0729170441743531,2.672170457659633,hysteresis supporting component
2026-08-06,2026-08-06_155251_338554_1_R1_C7,1,600.0,1.75,pressing_down,0.125,20,0.06453648299164427,0.011212047343603603,0.055105207437694474,0.6419250000000002,26840.35,2952.1450501912027,0.10998906684120002,3.6777678816114006,hysteresis supporting component
2026-08-06,2026-08-06_155251_338554_1_R1_C7,1,600.0,1.75,retracting,0.625,20,0.7234710504721411,0.6624481603272092,0.055105207437694474,-5.005225,26689.1,6495.5075256510545,0.24337679148607683,3.657043025486435,hysteresis supporting component
2026-08-06,2026-08-06_155251_338554_1_R1_C7,1,600.0,1.75,retracting,0.875,20,0.8850644993497796,0.8293989896191205,0.055105207437694474,6.988175,24885.3,3635.7684932957577,0.14610105135544912,3.4098794190189095,hysteresis supporting component
2026-08-06,2026-08-06_155959_900105_1_R1_C8,1,600.0,2.625,pressing_down,0.125,20,0.20317941370748144,0.01655468185958016,0.185567076609726,-0.746475,25211.675,2729.6372290056574,0.10826877742179597,3.4546005755001366,hysteresis supporting component
2026-08-06,2026-08-06_155959_900105_1_R1_C8,1,600.0,2.625,pressing_down,0.375,15,0.4944254616223479,0.2991800052448365,0.18545409729217535,-19.9189,28509.266666666666,8046.647105353585,0.28224672347541685,3.9064492555037913,hysteresis supporting component
2026-08-06,2026-08-06_155959_900105_1_R1_C8,1,600.0,2.625,pressing_down,0.625,17,0.7395073831979198,0.5646835386446569,0.18545409729217535,8.3522,25945.941176470587,9042.914121499967,0.34852904583398386,3.5552125481598504,hysteresis supporting component
2026-08-06,2026-08-06_155959_900105_1_R1_C8,1,600.0,2.625,retracting,0.625,7,0.8031617251405883,0.6057264834890532,0.1872820306026213,8.1968,24349.714285714286,2610.533005236395,0.10721000561259021,3.336491406647614,hysteresis supporting component
2026-08-06,2026-08-06_155959_900105_1_R1_C8,1,600.0,2.625,retracting,0.875,17,1.0370534501946913,0.8856587186183157,0.1853191480520499,15.0425,25537.29411764706,6764.3868325656995,0.26488267713106306,3.499218158077152,hysteresis supporting component
2026-08-06,2026-08-06_155959_900105_1_R1_C8,1,600.0,2.625,retracting,1.125,16,1.3354695574524116,1.1612553940986978,0.18622806165230343,-3.3104,25007.4375,6027.017227659136,0.24100898893215808,3.426615168539326,hysteresis supporting component
2026-08-06,2026-08-06_155959_900105_1_R1_C8,1,600.0,2.625,retracting,1.375,20,1.617865856604162,1.4387035211252939,0.185567076609726,-6.717874999999999,26779.775,4815.321647110562,0.17981187844597507,3.6694676623732527,hysteresis supporting component
2026-08-06,2026-08-06_155959_900105_1_R1_C8,1,600.0,2.625,retracting,1.625,14,1.7181489667652383,1.5260350453251657,0.18934653970380225,2.3950750000000007,25208.464285714286,3366.1539595502168,0.13353268653726863,3.4541606310926674,hysteresis supporting component
2026-08-06,2026-08-06_160455_512944_1_R1_C9,1,600.0,3.5,pressing_down,0.125,20,0.0647284595854073,0.016040113789130096,0.048041492347030354,-0.6026500000000001,26001.95,3310.968445938439,0.1273353900741459,3.5628870923540696,hysteresis supporting component
2026-08-06,2026-08-06_160455_512944_1_R1_C9,1,600.0,3.5,pressing_down,0.375,16,0.42833226887653014,0.3881178502759063,0.0487998222349849,-13.91405,27372.875,7200.510184470728,0.2630527551260409,3.7507365031515483,hysteresis supporting component
2026-08-06,2026-08-06_160455_512944_1_R1_C9,1,600.0,3.5,pressing_down,0.625,14,0.6577482682802898,0.6097067759332593,0.0469613792780762,15.12065,25619.785714285714,6846.2186551136665,0.267223884362787,3.510521473593548,hysteresis supporting component
2026-08-06,2026-08-06_160455_512944_1_R1_C9,1,600.0,3.5,pressing_down,0.875,14,0.9320363874591001,0.88647211736369,0.0487998222349849,-6.11275,26155.0,7529.3627782272415,0.28787469998957144,3.5838585913949026,hysteresis supporting component
2026-08-06,2026-08-06_160455_512944_1_R1_C9,1,600.0,3.5,pressing_down,1.125,7,1.146010128740098,1.088455091265695,0.0493990539168114,8.0674,29469.428571428572,9118.921516223705,0.3094366588792547,4.038014328778922,hysteresis supporting component
2026-08-06,2026-08-06_160455_512944_1_R1_C9,1,600.0,3.5,pressing_down,1.375,1,1.3131972180156182,1.2608497491309698,0.0523474688846484,-16.3882,17060.0,,,2.3376267470539873,hysteresis supporting component
2026-08-06,2026-08-06_160455_512944_1_R1_C9,1,600.0,3.5,retracting,0.625,17,0.644334634647052,0.6116473183435076,0.0467006640805886,-12.7341,30641.117647058825,8542.57337459235,0.2787944445431263,4.198563667725243,hysteresis supporting component
2026-08-06,2026-08-06_160455_512944_1_R1_C9,1,600.0,3.5,retracting,0.875,15,0.941606062750634,0.9012479682653888,0.0493990539168114,-4.1352,25917.2,8111.535729176953,0.3129788607248064,3.5512743217319813,hysteresis supporting component
2026-08-06,2026-08-06_160455_512944_1_R1_C9,1,600.0,3.5,retracting,1.125,6,1.176931566284958,1.1299701870068817,0.04553106545289845,5.6416,27775.833333333332,10174.69292738934,0.36631458740713474,3.8059514022106513,hysteresis supporting component
2026-08-06,2026-08-06_160455_512944_1_R1_C9,1,600.0,3.5,retracting,1.375,11,1.485635454930476,1.4416174162598436,0.0490807503526722,12.0035,25928.363636363636,5078.806380887684,0.1958783998911845,3.5528040060788757,hysteresis supporting component
2026-08-06,2026-08-06_160455_512944_1_R1_C9,1,600.0,3.5,retracting,1.625,6,1.643592249696837,1.5992373075089668,0.048041492347030354,4.40915,27569.333333333332,5683.049662519822,0.2061366371760829,3.7776559788069792,hysteresis supporting component
2026-08-06,2026-08-06_160455_512944_1_R1_C9,1,600.0,3.5,retracting,1.875,8,1.9769169691116728,1.9287614052721924,0.04652966602998895,-4.932949999999999,27238.5,10082.086391218834,0.3701410280014991,3.732323924362839,hysteresis supporting component
2026-08-06,2026-08-06_160455_512944_1_R1_C9,1,600.0,3.5,retracting,2.125,12,2.1867207033167686,2.1360065936981085,0.0492399021347418,27.7939,25682.25,6143.86575263194,0.2392261485123749,3.519080570019183,hysteresis supporting component
2026-08-06,2026-08-06_160455_512944_1_R1_C9,1,600.0,3.5,retracting,2.375,14,2.4533584924227427,2.4084799182217145,0.047132377328675854,-16.385550000000002,24519.535714285714,5221.123981791829,0.21293731017712,3.359760991269624,hysteresis supporting component
2026-08-06,2026-08-06_160455_512944_1_R1_C9,1,600.0,3.5,retracting,2.625,20,2.635218232058915,2.594321064847167,0.048041492347030354,-0.31032499999999996,25589.725,3686.639399932082,0.14406717539684705,3.50640243902439,hysteresis supporting component
2026-08-06,2026-08-06_160455_512944_1_R1_C9,1,600.0,3.5,retracting,2.875,2,2.8417432560952536,2.8011742029335602,0.040569053161693125,-5.558350000000001,27983.0,4029.8015459821345,0.1440089177708657,3.834338174842423,hysteresis supporting component
2026-08-06,2026-08-06_164216_084997_1_R2_C1,2,200.0,1.75,pressing_down,0.125,20,0.0246337361627106,0.015968299938122675,0.0124386817511704,5.6866,23787.45,3805.749552356691,0.15998980774974583,3.161543062200957,hysteresis supporting component
2026-08-06,2026-08-06_164216_084997_1_R2_C1,2,200.0,1.75,pressing_down,0.375,20,0.3710573513020655,0.37328971703998026,0.0124386817511704,-6.681700000000001,25718.875,6011.439874533519,0.233736501870067,3.4182449494949494,hysteresis supporting component
2026-08-06,2026-08-06_164216_084997_1_R2_C1,2,200.0,1.75,pressing_down,0.625,3,0.4930061784721433,0.5100621805560605,-0.0182690622443644,29.0524,27578.333333333332,4150.711063580954,0.15050623304215704,3.6653818890660994,hysteresis supporting component
2026-08-06,2026-08-06_164216_084997_1_R2_C1,2,200.0,1.75,retracting,0.125,20,0.19366292367616417,0.1914067623212891,0.0124386817511704,26.37315,23156.525,6782.135068800043,0.29288224674470986,3.0776880648591174,hysteresis supporting component
2026-08-06,2026-08-06_164216_084997_1_R2_C1,2,200.0,1.75,retracting,0.375,20,0.36486441849846774,0.36913858809326006,0.0124386817511704,-5.32245,24504.025,3621.898093814027,0.14780829246681013,3.2567816321105796,hysteresis supporting component
2026-08-06,2026-08-06_164216_084997_1_R2_C1,2,200.0,1.75,retracting,0.625,20,0.6945450438350056,0.679052866740812,0.0124386817511704,-1.1278750000000002,24566.05,2374.7750912898096,0.0966689838736716,3.2650252525252528,hysteresis supporting component
2026-08-06,2026-08-06_165107_056573_1_R2_C2,2,200.0,2.625,pressing_down,0.125,20,0.038942022070582505,0.016747558189659027,0.02021123866817935,3.1387,24191.45,2602.967208176489,0.10759864366032168,3.2152379053694844,hysteresis supporting component
2026-08-06,2026-08-06_165107_056573_1_R2_C2,2,200.0,2.625,pressing_down,0.375,20,0.39379932460233535,0.3712549642732458,0.02021123866817935,13.14825,25178.125,5395.744563213438,0.21430287454738736,3.346374933545986,hysteresis supporting component
2026-08-06,2026-08-06_165107_056573_1_R2_C2,2,200.0,2.625,pressing_down,0.625,20,0.6463462863497065,0.6298116457084559,0.02021123866817935,9.9305,23100.55,5145.276075402103,0.22273392085478927,3.070248538011696,hysteresis supporting component
2026-08-06,2026-08-06_165107_056573_1_R2_C2,2,200.0,2.625,pressing_down,0.875,20,0.8397000790035081,0.8253091828282075,0.02021123866817935,-2.3584750000000003,24279.8,5088.186615764216,0.20956460167564048,3.2269803296119086,hysteresis supporting component
2026-08-06,2026-08-06_165107_056573_1_R2_C2,2,200.0,2.625,retracting,0.125,18,0.23180798773975816,0.20346990628808873,0.02571024382237315,15.182575,22937.333333333332,6059.99652737233,0.2641979535853774,3.048555732766259,hysteresis supporting component
2026-08-06,2026-08-06_165107_056573_1_R2_C2,2,200.0,2.625,retracting,0.375,20,0.40045160405699776,0.3798131428534524,0.02021123866817935,12.17115,23335.05,3702.924899745861,0.1586851067276848,3.101415470494418,hysteresis supporting component
2026-08-06,2026-08-06_165107_056573_1_R2_C2,2,200.0,2.625,retracting,0.625,20,0.6257368994770482,0.6213303949738479,0.02021123866817935,-1.85065,24228.6,4003.843477801903,0.1652527788564714,3.220175438596491,hysteresis supporting component
2026-08-06,2026-08-06_165107_056573_1_R2_C2,2,200.0,2.625,retracting,0.875,20,0.8828923749107889,0.8664979425222212,0.02021123866817935,-0.42210000000000003,24377.525,3985.9845131179054,0.16351063174452313,3.2399687666135035,hysteresis supporting component
2026-08-06,2026-08-06_165107_056573_1_R2_C2,2,200.0,2.625,retracting,1.125,20,1.1236481096567434,1.1085358870809459,0.02021123866817935,0.07699999999999996,24105.6,4449.839126601272,0.18459773358063158,3.2038277511961724,hysteresis supporting component
2026-08-06,2026-08-06_165621_343986_1_R2_C3,2,200.0,3.5,pressing_down,0.125,20,0.03031778641648535,0.015635997204015123,0.0127003585457266,9.6762,24462.6,3187.854292384405,0.13031543222651748,3.251275917065391,hysteresis supporting component
2026-08-06,2026-08-06_165621_343986_1_R2_C3,2,200.0,3.5,pressing_down,0.375,20,0.3804368297421559,0.3655325269953607,0.0127003585457266,8.29045,26648.5,4680.424089534487,0.17563555507944115,3.5417995746943114,hysteresis supporting component
2026-08-06,2026-08-06_165621_343986_1_R2_C3,2,200.0,3.5,pressing_down,0.625,20,0.6484666350881243,0.6313275774726776,0.0127003585457266,12.768699999999999,23106.325,5949.803301204698,0.2574967374173391,3.0710160818713446,hysteresis supporting component
2026-08-06,2026-08-06_165621_343986_1_R2_C3,2,200.0,3.5,pressing_down,0.875,20,0.8803362714147724,0.871015093077893,0.0127003585457266,-1.806775,23667.7,6634.091853528456,0.28030150177366014,3.1456273258904837,hysteresis supporting component
2026-08-06,2026-08-06_165621_343986_1_R2_C3,2,200.0,3.5,pressing_down,1.125,20,1.1219603308727804,1.1084883832362333,0.0127003585457266,1.9799749999999996,26414.575,5874.767371150247,0.22240628028844858,3.510709064327485,hysteresis supporting component
2026-08-06,2026-08-06_165621_343986_1_R2_C3,2,200.0,3.5,pressing_down,1.375,8,1.300459209395688,1.2806849977020458,0.01675782407017775,-38.2506,28097.0,7745.423957777541,0.2756672939380553,3.7343168527379054,hysteresis supporting component
2026-08-06,2026-08-06_165621_343986_1_R2_C3,2,200.0,3.5,retracting,0.125,20,0.19936032540248427,0.18508839360123036,0.0127003585457266,6.784924999999999,26572.95,7234.6046683903005,0.27225447940068004,3.5317583732057414,hysteresis supporting component
2026-08-06,2026-08-06_165621_343986_1_R2_C3,2,200.0,3.5,retracting,0.375,20,0.3964773536933631,0.3895083098481963,0.0127003585457266,10.132575,23973.325,4544.068135246562,0.1895468457231761,3.1862473418394472,hysteresis supporting component
2026-08-06,2026-08-06_165621_343986_1_R2_C3,2,200.0,3.5,retracting,0.625,20,0.6483665861031345,0.6349227115682311,0.0127003585457266,13.06965,25073.725,4314.68713714533,0.17208002150240262,3.332499335459862,hysteresis supporting component
2026-08-06,2026-08-06_165621_343986_1_R2_C3,2,200.0,3.5,retracting,0.875,20,0.8673836772756265,0.8527075052172006,0.0127003585457266,-1.4482500000000005,24231.675,5071.725682839488,0.20930149000593187,3.220584130781499,hysteresis supporting component
2026-08-06,2026-08-06_165621_343986_1_R2_C3,2,200.0,3.5,retracting,1.125,20,1.121864190992004,1.1053106129425245,0.0127003585457266,-0.6505749999999999,22975.35,5777.443046930564,0.2514626783457299,3.0536084529505585,hysteresis supporting component
2026-08-06,2026-08-06_165621_343986_1_R2_C3,2,200.0,3.5,retracting,1.375,20,1.378937055400219,1.3687049440034018,0.0127003585457266,0.02560000000000029,25172.6,5500.416289508889,0.2185080718522874,3.345640616693248,hysteresis supporting component
2026-08-06,2026-08-06_165621_343986_1_R2_C3,2,200.0,3.5,retracting,1.625,20,1.6534840292852693,1.6355982093503205,0.0127003585457266,-0.5568000000000002,23235.5,4462.059204235783,0.1920362894810003,3.088184476342371,hysteresis supporting component
2026-08-06,2026-08-06_165621_343986_1_R2_C3,2,200.0,3.5,retracting,1.875,1,1.7957851602947252,1.7739299502432104,0.0218552100515148,24.518549999999998,15996.0,,,2.1259968102073366,hysteresis supporting component
2026-08-06,2026-08-06_170218_140499_1_R2_C4,2,400.0,1.75,pressing_down,0.125,20,0.043721618669426976,0.008361320055269052,0.0355261441164853,2.213975,27044.575,3328.939515327745,0.12309084226051788,3.5944411217437535,hysteresis supporting component
2026-08-06,2026-08-06_170218_140499_1_R2_C4,2,400.0,1.75,pressing_down,0.375,4,0.3128072380893202,0.28105088949636764,0.035020424373612496,15.0927,27805.25,10373.680522521085,0.3730835192102601,3.695540935672515,hysteresis supporting component
2026-08-06,2026-08-06_170218_140499_1_R2_C4,2,400.0,1.75,retracting,0.375,18,0.4465678513595337,0.4102083219229071,0.0355261441164853,13.621400000000001,24428.027777777777,7555.381024518459,0.30929148653546246,3.2466809911985353,hysteresis supporting component
2026-08-06,2026-08-06_170218_140499_1_R2_C4,2,400.0,1.75,retracting,0.625,20,0.7192798353749696,0.6836131028904168,0.0355261441164853,3.1898750000000002,27590.525,2728.9267433177347,0.09890811223482462,3.66700225943647,hysteresis supporting component
2026-08-06,2026-08-06_170518_492336_1_R2_C5,2,400.0,2.625,pressing_down,0.125,20,0.04148473229134285,0.009943196469120475,0.031824303912686,-5.9354000000000005,24517.475,2983.57380402747,0.12169172412850303,3.258569245082403,hysteresis supporting component
2026-08-06,2026-08-06_170518_492336_1_R2_C5,2,400.0,2.625,pressing_down,0.375,20,0.4124774811950179,0.38064990778947305,0.031824303912686,-20.126749999999998,24530.725,5921.164333569164,0.24137746982892538,3.2603302764486974,hysteresis supporting component
2026-08-06,2026-08-06_170518_492336_1_R2_C5,2,400.0,2.625,pressing_down,0.625,17,0.6159175575986359,0.5828175117273212,0.0327506394714334,21.5494,25223.470588235294,6480.748790819304,0.25693327046921327,3.3524017262407355,hysteresis supporting component
2026-08-06,2026-08-06_170518_492336_1_R2_C5,2,400.0,2.625,retracting,0.375,17,0.4626801807120369,0.4294126035308412,0.0312124885603492,13.9524,24858.823529411766,10613.183165498076,0.4269382721568085,3.3039372048659974,hysteresis supporting component
2026-08-06,2026-08-06_170518_492336_1_R2_C5,2,400.0,2.625,retracting,0.625,20,0.6474486466143212,0.6127990400522784,0.031824303912686,17.6992,25224.3,7107.550774389609,0.28177395505086794,3.352511961722488,hysteresis supporting component
2026-08-06,2026-08-06_170518_492336_1_R2_C5,2,400.0,2.625,retracting,0.875,20,0.9375133687269085,0.9049174227730177,0.031824303912686,-3.3503,25711.625,2461.54445460034,0.09573663487237155,3.4172813662945245,hysteresis supporting component
2026-08-06,2026-08-06_170518_492336_1_R2_C5,2,400.0,2.625,retracting,1.125,20,1.0613169049564437,1.0310705021221422,0.031824303912686,-2.1008,24443.65,3287.764538486039,0.13450382976707811,3.248757309941521,hysteresis supporting component
2026-08-06,2026-08-06_170819_549765_1_R2_C6,2,400.0,3.5,pressing_down,0.125,20,0.0515769140600848,0.011691580759374376,0.03886846841745715,0.36917500000000014,25450.5,4100.956101614404,0.16113459859784307,3.382575757575758,hysteresis supporting component
2026-08-06,2026-08-06_170819_549765_1_R2_C6,2,400.0,3.5,pressing_down,0.375,20,0.41347899914040576,0.37764836119756107,0.03886846841745715,-3.956075,25124.85,7189.18567802765,0.28613845169334945,3.3392942583732057,hysteresis supporting component
2026-08-06,2026-08-06_170819_549765_1_R2_C6,2,400.0,3.5,pressing_down,0.625,20,0.6562025362170114,0.6108599880373422,0.03886846841745715,17.57005,26331.9,6399.560432273126,0.24303451069892887,3.4997208931419457,hysteresis supporting component
2026-08-06,2026-08-06_170819_549765_1_R2_C6,2,400.0,3.5,pressing_down,0.875,20,0.8914917673894311,0.8521667194154308,0.03886846841745715,9.961400000000001,26868.45,6097.961663108162,0.22695621307176858,3.571032695374801,hysteresis supporting component
2026-08-06,2026-08-06_170819_549765_1_R2_C6,2,400.0,3.5,pressing_down,1.125,12,1.0926430767187194,1.0626233621019616,0.03886846841745715,-7.3539,23397.166666666668,6331.068914966936,0.2705912645391651,3.1096712741449584,hysteresis supporting component
2026-08-06,2026-08-06_170819_549765_1_R2_C6,2,400.0,3.5,retracting,0.375,17,0.4731930010965675,0.44209608479020357,0.037182008212301595,-0.2181,26061.70588235294,4995.448500444002,0.19167772527993074,3.463809925884229,hysteresis supporting component
2026-08-06,2026-08-06_170819_549765_1_R2_C6,2,400.0,3.5,retracting,0.625,20,0.6503336686277406,0.6100730933936299,0.03886846841745715,8.78035,25221.775,6226.294848368152,0.24686188217792568,3.352176368952685,hysteresis supporting component
2026-08-06,2026-08-06_170819_549765_1_R2_C6,2,400.0,3.5,retracting,0.875,20,0.8867196749569124,0.8483338761878065,0.03886846841745715,16.4723,25202.875,5328.493674465213,0.21142404088681205,3.349664407230197,hysteresis supporting component
2026-08-06,2026-08-06_170819_549765_1_R2_C6,2,400.0,3.5,retracting,1.125,17,1.1625045477315596,1.098934305238976,0.037182008212301595,-11.0968,24096.529411764706,6161.395409296979,0.2556963828280095,3.2026221972042404,hysteresis supporting component
2026-08-06,2026-08-06_170819_549765_1_R2_C6,2,400.0,3.5,retracting,1.375,17,1.4140794056145989,1.370688085953715,0.037182008212301595,-0.3172,23378.882352941175,4301.334616754911,0.18398375729940666,3.1072411420708637,hysteresis supporting component
2026-08-06,2026-08-06_170819_549765_1_R2_C6,2,400.0,3.5,retracting,1.625,20,1.7035694455662846,1.644273969916457,0.03886846841745715,14.1631,26334.25,5547.742885031808,0.21066644711855506,3.5000332270069108,hysteresis supporting component
2026-08-06,2026-08-06_170819_549765_1_R2_C6,2,400.0,3.5,retracting,1.875,18,1.860949575597915,1.8215687005524577,0.04164351534450435,4.2174,25655.0,4631.234278372934,0.1805197535908374,3.4097554492291335,hysteresis supporting component
2026-08-06,2026-08-06_171152_415386_1_R2_C7,2,600.0,1.75,pressing_down,0.125,20,0.03124343510101705,0.005017030531457869,0.0261865504584326,3.12805,24387.05,4649.915762960828,0.19067151471624605,3.241234715576821,hysteresis supporting component
2026-08-06,2026-08-06_171152_415386_1_R2_C7,2,600.0,1.75,retracting,0.375,4,0.4989601053705024,0.4827662676481975,0.015365723242042401,28.843799999999998,27113.25,7548.6889093404825,0.2784132816737382,3.6035685805422646,hysteresis supporting component
2026-08-06,2026-08-06_171152_415386_1_R2_C7,2,600.0,1.75,retracting,0.625,20,0.7043205483629253,0.6778237738026562,0.0261865504584326,7.242775,23583.1,2814.058380421603,0.11932521086802002,3.1343833067517277,hysteresis supporting component
2026-08-06,2026-08-06_171440_920025_1_R2_C8,2,600.0,2.625,pressing_down,0.125,20,-0.0253394426732578,0.011942095358421025,-0.0499716126878929,4.669825,28351.15,4612.567378198508,0.16269418976650005,3.768095427963849,hysteresis supporting component
2026-08-06,2026-08-06_171440_920025_1_R2_C8,2,600.0,2.625,pressing_down,0.375,10,0.29965412128352586,0.3295812825770299,-0.03322742817831933,23.013550000000002,29999.4,8240.469528154597,0.2746878113613805,3.987161084529506,hysteresis supporting component
2026-08-06,2026-08-06_171440_920025_1_R2_C8,2,600.0,2.625,retracting,0.375,9,0.4044227184600552,0.4546769233511636,-0.0504891021086461,19.9175,27100.11111111111,6576.036447672041,0.24265717659644023,3.601822316734597,hysteresis supporting component
2026-08-06,2026-08-06_171440_920025_1_R2_C8,2,600.0,2.625,retracting,0.625,20,0.6039009692345105,0.6485070090340177,-0.0499716126878929,-8.554,30381.05,5935.307569514561,0.19536216060717326,4.03788543328017,hysteresis supporting component
2026-08-06,2026-08-06_171440_920025_1_R2_C8,2,600.0,2.625,retracting,0.875,20,0.8744417407889868,0.9226238077347142,-0.0499716126878929,5.457174999999999,26896.9,3083.502658887847,0.11464156311276938,3.574813928761297,hysteresis supporting component
2026-08-06,2026-08-06_171648_486143_1_R2_C9,2,600.0,3.5,pressing_down,0.125,20,0.0041967199939447995,0.009239119694396225,-0.005706796563992575,2.806675,26406.925,3362.5143915755407,0.12733456817011224,3.5096923179160022,hysteresis supporting component
2026-08-06,2026-08-06_171648_486143_1_R2_C9,2,600.0,3.5,pressing_down,0.375,19,0.3573801134438371,0.35879880105570816,-0.00567921045433115,14.9896,28705.78947368421,8837.530779949211,0.3078657978750573,3.815229860936232,hysteresis supporting component
2026-08-06,2026-08-06_171648_486143_1_R2_C9,2,600.0,3.5,pressing_down,0.625,20,0.6298556937356972,0.6230087263718742,-0.005706796563992575,-1.9566000000000001,25566.95,8367.472148460558,0.3272769003913473,3.398052897395003,hysteresis supporting component
2026-08-06,2026-08-06_171648_486143_1_R2_C9,2,600.0,3.5,pressing_down,0.875,7,0.812724121674251,0.8157177251898257,-0.009422986594948501,27.6008,25004.0,7132.829218947182,0.28526752595373467,3.323232323232323,hysteresis supporting component
2026-08-06,2026-08-06_171648_486143_1_R2_C9,2,600.0,3.5,retracting,0.375,3,0.4854506689227007,0.4917622121060857,-0.0017308400924619,34.1362,20385.0,1866.2057764351712,0.09154799001398926,2.70933014354067,hysteresis supporting component
2026-08-06,2026-08-06_171648_486143_1_R2_C9,2,600.0,3.5,retracting,0.625,20,0.5945889813033534,0.6041251300288857,-0.005706796563992575,15.213799999999999,26584.75,5381.110997348918,0.2024134512210541,3.533326687931951,hysteresis supporting component
2026-08-06,2026-08-06_171648_486143_1_R2_C9,2,600.0,3.5,retracting,0.875,17,0.8500057690529489,0.8641811546923914,-0.005734382673654,18.6745,26513.470588235294,6789.318100126543,0.25607051621295995,3.5238530819026175,hysteresis supporting component
2026-08-06,2026-08-06_171648_486143_1_R2_C9,2,600.0,3.5,retracting,1.125,17,1.1182086788933594,1.1245479650123555,-0.005734382673654,-5.9246,26617.647058823528,6484.680041655644,0.24362333858153806,3.537698971135504,hysteresis supporting component
2026-08-06,2026-08-06_171648_486143_1_R2_C9,2,600.0,3.5,retracting,1.375,20,1.3877678569359992,1.3913702811923614,-0.005706796563992575,1.4599250000000001,24376.5,6733.666823858815,0.2762359987635146,3.239832535885167,hysteresis supporting component
2026-08-06,2026-08-06_171648_486143_1_R2_C9,2,600.0,3.5,retracting,1.625,20,1.5877110318565486,1.5884969955912318,-0.005706796563992575,5.877025,25893.4,5287.403361316704,0.20419888316392215,3.44144072301967,hysteresis supporting component
2026-08-06,2026-08-06_173509_505304_1_R3_C1,3,200.0,1.75,pressing_down,0.125,20,-0.040989121894154656,0.018589098240437623,-0.05920033347586377,8.4414,21196.775,2533.021897566745,0.11950034368750644,3.767645751866335,hysteresis supporting component
2026-08-06,2026-08-06_173509_505304_1_R3_C1,3,200.0,1.75,pressing_down,0.375,19,0.2389198433700927,0.2991300274727504,-0.0592402067628922,-4.710000000000001,20414.71052631579,7194.752953668908,0.35242982967573505,3.6286367803618536,hysteresis supporting component
2026-08-06,2026-08-06_173509_505304_1_R3_C1,3,200.0,1.75,retracting,0.125,20,0.10940191591380825,0.1682058979178408,-0.05920033347586377,0.7302,22105.15,2972.094074359374,0.13445256306152067,3.9291059367223604,hysteresis supporting component
2026-08-06,2026-08-06_173509_505304_1_R3_C1,3,200.0,1.75,retracting,0.375,20,0.3176498201705992,0.3781858478451631,-0.05920033347586377,-0.91555,21466.75,4007.3779999159706,0.186678374691836,3.815632776395307,hysteresis supporting component
2026-08-06,2026-08-06_173509_505304_1_R3_C1,3,200.0,1.75,retracting,0.625,20,0.5100484903156952,0.5691190167685579,-0.05920033347586377,16.69825,21058.025,3636.7348588469627,0.17270066204437318,3.7429834696054036,hysteresis supporting component
2026-08-06,2026-08-06_173509_505304_1_R3_C1,3,200.0,1.75,retracting,0.875,1,0.7427789723286122,0.7936978430902701,-0.05091887076165785,16.9663,18007.0,,,3.200675435478137,hysteresis supporting component
2026-08-06,2026-08-06_173802_716278_1_R3_C2,3,200.0,2.625,pressing_down,0.125,20,0.05040138472352425,0.01951774248361715,0.027918683768976577,8.28885,18818.6,2182.444920628914,0.11597275677409129,3.344934233913971,hysteresis supporting component
2026-08-06,2026-08-06_173802_716278_1_R3_C2,3,200.0,2.625,pressing_down,0.375,20,0.3807633663779441,0.3645135306530859,0.027918683768976577,2.549624999999999,19191.2,3974.3611648189517,0.20709289491115468,3.4111624600071098,hysteresis supporting component
2026-08-06,2026-08-06_173802_716278_1_R3_C2,3,200.0,2.625,pressing_down,0.625,20,0.6528188495428108,0.6227876130074639,0.027918683768976577,-1.4705000000000004,21008.825,4090.2067258108627,0.19468993272164734,3.734238357625311,hysteresis supporting component
2026-08-06,2026-08-06_173802_716278_1_R3_C2,3,200.0,2.625,pressing_down,0.875,20,0.890894932907897,0.8605352605951524,0.027918683768976577,9.740175,19453.35,5367.000154697809,0.27589079282991413,3.457758620689655,hysteresis supporting component
2026-08-06,2026-08-06_173802_716278_1_R3_C2,3,200.0,2.625,pressing_down,1.125,8,1.0872453343454884,1.0424256622138892,0.0452143841743607,-17.7161,18462.375,5229.094402270544,0.28322977960693274,3.281616601493068,hysteresis supporting component
2026-08-06,2026-08-06_173802_716278_1_R3_C2,3,200.0,2.625,retracting,0.125,18,0.20558498767449473,0.19369565169600672,0.0162357335543218,16.60505,20801.666666666668,5816.6178190544015,0.27962268179093347,3.6974167555397557,hysteresis supporting component
2026-08-06,2026-08-06_173802_716278_1_R3_C2,3,200.0,2.625,retracting,0.375,20,0.3847325641072208,0.3578611230654985,0.027918683768976577,12.995000000000001,20150.575,3459.658951380675,0.17169033396717828,3.5816876999644505,hysteresis supporting component
2026-08-06,2026-08-06_173802_716278_1_R3_C2,3,200.0,2.625,retracting,0.625,20,0.6379697292272108,0.6256418019488252,0.027918683768976577,8.861900000000002,19406.925,3376.6739134484333,0.1739932479487829,3.4495067543547813,hysteresis supporting component
2026-08-06,2026-08-06_173802_716278_1_R3_C2,3,200.0,2.625,retracting,0.875,20,0.9006043147395786,0.871714658103286,0.027918683768976577,15.497325,19650.35,4584.449588439965,0.2333011670753939,3.492774617845716,hysteresis supporting component
2026-08-06,2026-08-06_173802_716278_1_R3_C2,3,200.0,2.625,retracting,1.125,20,1.1649277821973396,1.1371693154378741,0.027918683768976577,10.853075,20352.525,5404.544789426862,0.26554664786933624,3.617583540703875,hysteresis supporting component
2026-08-06,2026-08-06_173802_716278_1_R3_C2,3,200.0,2.625,retracting,1.375,19,1.4425250786878765,1.397416398631191,0.02792106230781755,4.066949999999999,19334.315789473683,2665.0589226888605,0.1378408706937443,3.4366007446629374,hysteresis supporting component
2026-08-06,2026-08-06_174053_419889_1_R3_C3,3,200.0,3.5,pressing_down,0.125,20,-0.01359899119807785,0.019351795179603948,-0.031616607595394176,8.304549999999999,19153.65,2776.309160605706,0.14494935224386504,3.4044880910060433,hysteresis supporting component
2026-08-06,2026-08-06_174053_419889_1_R3_C3,3,200.0,3.5,pressing_down,0.375,20,0.331157362101493,0.36252051033353316,-0.031616607595394176,-5.909700000000001,23047.95,5511.75861919912,0.23914311768287935,4.096685033771774,hysteresis supporting component
2026-08-06,2026-08-06_174053_419889_1_R3_C3,3,200.0,3.5,pressing_down,0.625,20,0.5829702504579444,0.6232146729508868,-0.031616607595394176,9.180499999999999,20474.8,5019.644379309837,0.24516207139067722,3.6393174546747247,hysteresis supporting component
2026-08-06,2026-08-06_174053_419889_1_R3_C3,3,200.0,3.5,pressing_down,0.875,20,0.8477770403172622,0.8846057976334418,-0.031616607595394176,2.642125,19865.625,3891.5476520645966,0.1958935423408323,3.531038926413082,hysteresis supporting component
2026-08-06,2026-08-06_174053_419889_1_R3_C3,3,200.0,3.5,pressing_down,1.125,20,1.0782678207344525,1.12251059786729,-0.031616607595394176,-1.0283249999999997,19986.65,6778.588286695564,0.33915580083183344,3.5525506576608605,hysteresis supporting component
2026-08-06,2026-08-06_174053_419889_1_R3_C3,3,200.0,3.5,pressing_down,1.375,20,1.3215853052422868,1.3576873360369768,-0.031616607595394176,4.827075,20399.3,6396.538552834238,0.31356657105068503,3.6258976182012086,hysteresis supporting component
2026-08-06,2026-08-06_174053_419889_1_R3_C3,3,200.0,3.5,pressing_down,1.625,14,1.5506270745687272,1.5807686671230294,-0.029239045996517676,21.2092,18061.0,5379.249729641315,0.29783786776154775,3.210273729114824,hysteresis supporting component
2026-08-06,2026-08-06_174053_419889_1_R3_C3,3,200.0,3.5,pressing_down,1.875,2,1.7440994210476992,1.7686935120989467,-0.024594091051247297,20.830849999999998,17460.5,2298.804145637466,0.13165740646816906,3.1035371489512977,hysteresis supporting component
2026-08-06,2026-08-06_174053_419889_1_R3_C3,3,200.0,3.5,retracting,0.125,19,0.1436503079462794,0.17096323667132923,-0.0302629588072333,8.17035,22678.315789473683,5227.862496625723,0.230522519624331,4.03098396542369,hysteresis supporting component
2026-08-06,2026-08-06_174053_419889_1_R3_C3,3,200.0,3.5,retracting,0.375,20,0.3269706472935752,0.3656355447459402,-0.031616607595394176,2.9204,21465.15,5700.524752160979,0.26557115846667645,3.815348382509776,hysteresis supporting component
2026-08-06,2026-08-06_174053_419889_1_R3_C3,3,200.0,3.5,retracting,0.625,20,0.6004739222505437,0.6265397913334945,-0.031616607595394176,5.941325000000001,21211.1,3725.127336573101,0.1756216007926558,3.7701919658727334,hysteresis supporting component
2026-08-06,2026-08-06_174053_419889_1_R3_C3,3,200.0,3.5,retracting,0.875,20,0.8406953381254394,0.8741524116978234,-0.031616607595394176,1.7459999999999998,20709.025,4718.709947128725,0.22785765853915022,3.6809500533238535,hysteresis supporting component
2026-08-06,2026-08-06_174053_419889_1_R3_C3,3,200.0,3.5,retracting,1.125,20,1.074384936402994,1.1013956845010167,-0.031616607595394176,2.095624999999999,19488.425,3743.35961640919,0.19208117723259782,3.4639930678990405,hysteresis supporting component
2026-08-06,2026-08-06_174053_419889_1_R3_C3,3,200.0,3.5,retracting,1.375,20,1.3236836579944726,1.3675320306567302,-0.031616607595394176,0.9331499999999998,20506.0,6214.094054731761,0.3030378452517196,3.6448631354425878,hysteresis supporting component
2026-08-06,2026-08-06_174053_419889_1_R3_C3,3,200.0,3.5,retracting,1.625,20,1.5989098277622313,1.6288027954886555,-0.031616607595394176,4.1076250000000005,20002.85,5173.4062994775195,0.25863345970586793,3.555430145751866,hysteresis supporting component
2026-08-06,2026-08-06_174053_419889_1_R3_C3,3,200.0,3.5,retracting,1.875,18,1.8781324252045135,1.9047568912111326,-0.030155815704633552,17.2078,20921.88888888889,3878.397287068445,0.18537510201233157,3.7187857961053834,hysteresis supporting component
2026-08-06,2026-08-06_174053_419889_1_R3_C3,3,200.0,3.5,retracting,2.125,12,2.026862875929314,2.0552950517649777,-0.02706430389717157,7.493049999999999,21825.416666666668,4490.075565436881,0.20572691161009746,3.8793844057352764,hysteresis supporting component
2026-08-06,2026-08-06_174715_654572_1_R3_C4,3,400.0,1.75,pressing_down,0.125,20,0.060456249828059125,0.011204579091173826,0.0504086368435148,7.574175,23174.5,2521.3779701625563,0.10879967076582261,4.119178812655528,hysteresis supporting component
2026-08-06,2026-08-06_174715_654572_1_R3_C4,3,400.0,1.75,pressing_down,0.375,7,0.3781330239510814,0.31932684862616656,0.049588564596763,25.6461,20583.428571428572,6584.463629310612,0.3198914897224833,3.6586257681174144,hysteresis supporting component
2026-08-06,2026-08-06_174715_654572_1_R3_C4,3,400.0,1.75,retracting,0.375,4,0.47946740722775427,0.428540035983559,0.052960981932753275,11.02825,28477.25,7969.0399829590515,0.27983881810775446,5.06172236046925,hysteresis supporting component
2026-08-06,2026-08-06_174715_654572_1_R3_C4,3,400.0,1.75,retracting,0.625,20,0.7005575502144625,0.6459227738358488,0.0504086368435148,13.1572,20551.025,5523.177130761167,0.2687543385675978,3.6528661571276215,hysteresis supporting component
2026-08-06,2026-08-06_174715_654572_1_R3_C4,3,400.0,1.75,retracting,0.875,20,0.9373639853979339,0.8874162945814812,0.0504086368435148,0.8998750000000005,20754.325,3617.418839430737,0.1742971086475102,3.6890019552079627,hysteresis supporting component
2026-08-06,2026-08-06_174942_221340_1_R3_C5,3,400.0,2.625,pressing_down,0.125,20,0.0432629175442132,0.013313651458972975,0.029025099053933575,-0.7877499999999993,17427.85,2551.987801591865,0.14643159090718968,3.0977337362246713,hysteresis supporting component
2026-08-06,2026-08-06_174942_221340_1_R3_C5,3,400.0,2.625,pressing_down,0.375,20,0.3808077334852135,0.3584354468978175,0.029025099053933575,20.782600000000002,16643.0,3986.2821552234145,0.23951704351519645,2.9582296480625665,hysteresis supporting component
2026-08-06,2026-08-06_174942_221340_1_R3_C5,3,400.0,2.625,pressing_down,0.625,16,0.5968790713969575,0.5710922574669302,0.028569776182855975,6.9285,17280.25,5527.066979872779,0.3198487857451587,3.0714984002843937,hysteresis supporting component
2026-08-06,2026-08-06_174942_221340_1_R3_C5,3,400.0,2.625,pressing_down,0.875,4,0.8502034047194201,0.8216336285365642,0.0302006762804198,-8.04645,16309.5,2688.627220968599,0.16485037683366133,2.898951297547103,hysteresis supporting component
2026-08-06,2026-08-06_174942_221340_1_R3_C5,3,400.0,2.625,retracting,0.375,4,0.49275019039560375,0.468590366199694,0.019590143651161802,25.68685,19309.0,3891.9536653631085,0.2015616378560831,3.4321009598293637,hysteresis supporting component
2026-08-06,2026-08-06_174942_221340_1_R3_C5,3,400.0,2.625,retracting,0.625,20,0.6551445620674237,0.6259200919472755,0.029025099053933575,18.6479,19874.25,4181.978984127516,0.21042197738921045,3.5325719872022754,hysteresis supporting component
2026-08-06,2026-08-06_174942_221340_1_R3_C5,3,400.0,2.625,retracting,0.875,18,0.93395276744154,0.8980296339721341,0.029075337195269425,-0.3528,18497.194444444445,5094.670396135694,0.275429358297407,3.2878056246790694,hysteresis supporting component
2026-08-06,2026-08-06_174942_221340_1_R3_C5,3,400.0,2.625,retracting,1.125,20,1.1768717246066436,1.1436539134799095,0.029025099053933575,3.1617249999999997,18619.625,4644.768060820238,0.24945551056051007,3.309567188055457,hysteresis supporting component
2026-08-06,2026-08-06_174942_221340_1_R3_C5,3,400.0,2.625,retracting,1.375,20,1.4304392445755751,1.3989584628873681,0.029025099053933575,8.496450000000001,19222.775,2810.8003377713953,0.14622240221671404,3.416774795591895,hysteresis supporting component
2026-08-06,2026-08-06_185641_699282_1_R3_C6,3,400.0,3.5,pressing_down,0.125,20,0.023687664373989073,0.04614778164589953,-0.02131230597189045,-1.7860750000000007,15553.3,754.5331146163377,0.048512734571848924,2.764539637397796,hysteresis supporting component
2026-08-06,2026-08-06_185641_699282_1_R3_C6,3,400.0,3.5,pressing_down,0.375,20,0.37401782751469415,0.3949967996879764,-0.02131230597189045,-2.273675000000001,15456.175,1363.1176173814897,0.08819242907003123,2.747276039815144,hysteresis supporting component
2026-08-06,2026-08-06_185641_699282_1_R3_C6,3,400.0,3.5,pressing_down,0.625,19,0.6661640279663246,0.6871589992414678,-0.0213149513988535,2.6716,16314.631578947368,2267.665397876226,0.1389958079594304,2.899863416094449,hysteresis supporting component
2026-08-06,2026-08-06_185641_699282_1_R3_C6,3,400.0,3.5,pressing_down,0.875,18,0.9087415105793804,0.9296698796371603,-0.02131230597189045,7.522,14920.5,1593.4855709123572,0.1067984029296845,2.6520618556701034,hysteresis supporting component
2026-08-06,2026-08-06_185641_699282_1_R3_C6,3,400.0,3.5,pressing_down,1.125,2,0.9906384679710543,1.0117177316114354,-0.0210792636403814,42.3397,16186.0,3846.6608896548187,0.2376535827044865,2.8769996445076433,hysteresis supporting component
2026-08-06,2026-08-06_185641_699282_1_R3_C6,3,400.0,3.5,retracting,0.375,20,0.331000316511013,0.35213378180269805,-0.02131230597189045,3.1918499999999996,16055.025,1302.8221742675232,0.08114731520302981,2.853719338784216,hysteresis supporting component
2026-08-06,2026-08-06_185641_699282_1_R3_C6,3,400.0,3.5,retracting,0.625,20,0.572045822091588,0.600642622708679,-0.02131230597189045,0.36792499999999917,15525.375,1518.1864169826201,0.09778742329783469,2.7595760753643797,hysteresis supporting component
2026-08-06,2026-08-06_185641_699282_1_R3_C6,3,400.0,3.5,retracting,0.875,17,0.854667678743506,0.8762791144092605,-0.0213149513988535,0.2967999999999993,14643.088235294117,1588.2774300647047,0.10846601512900071,2.6027529746345746,hysteresis supporting component
2026-08-06,2026-08-06_185641_699282_1_R3_C6,3,400.0,3.5,retracting,1.125,18,1.0362124768832075,1.0581269935362307,-0.021290809926577052,-4.5024999999999995,15590.0,1245.95260036365,0.07991998719458948,2.771062922147174,hysteresis supporting component
2026-08-06,2026-08-06_185641_699282_1_R3_C6,3,400.0,3.5,retracting,1.375,18,1.328626858973161,1.3611138547034827,-0.0213735995054299,10.6019,14885.416666666666,1702.5350842891005,0.11437604485077231,2.645825927242564,hysteresis supporting component
2026-08-06,2026-08-06_185641_699282_1_R3_C6,3,400.0,3.5,retracting,1.625,20,1.6448510469703224,1.665549827889021,-0.02131230597189045,1.3623250000000002,15326.45,609.680263485879,0.0397796139018415,2.7242179168147884,hysteresis supporting component
2026-08-06,2026-08-06_185641_699282_1_R3_C6,3,400.0,3.5,retracting,1.875,1,1.7426806641724513,1.7635522419296632,-0.020871577757212,-23.920849999999998,14930.0,,,2.6537504443654463,hysteresis supporting component
2026-08-06,2026-08-06_185929_681648_1_R3_C7,3,600.0,1.75,pressing_down,0.125,20,-0.015017992968935901,0.011105927989005799,-0.0260668890450635,-0.6691750000000007,15593.675,1530.6657244050452,0.09815939631966455,2.7717161393530043,hysteresis supporting component
2026-08-06,2026-08-06_185929_681648_1_R3_C7,3,600.0,1.75,retracting,0.375,20,0.418200800866217,0.44401887963616804,-0.0260668890450635,1.0025499999999998,15305.3,1116.7900594301984,0.07296753800514841,2.7204585851404195,hysteresis supporting component
2026-08-06,2026-08-06_185929_681648_1_R3_C7,3,600.0,1.75,retracting,0.625,12,0.5094762732576983,0.5355528029775171,-0.02600930409251855,-3.0162500000000003,15637.083333333334,1243.223958346227,0.07950484958381371,2.7794318047161983,hysteresis supporting component
2026-08-06,2026-08-06_190205_982848_1_R3_C8,3,600.0,2.625,pressing_down,0.125,20,-0.00218527636666115,0.03854039291011277,-0.04120184635883955,2.6879,16139.725,1478.0529731533197,0.09157857232098564,2.868774440099538,hysteresis supporting component
2026-08-06,2026-08-06_190205_982848_1_R3_C8,3,600.0,2.625,retracting,0.375,19,0.286820650763765,0.3281198662101434,-0.0412306707524343,-8.6014,15853.105263157895,1603.6633719475906,0.10115768143383569,2.817828877205456,hysteresis supporting component
2026-08-06,2026-08-06_190205_982848_1_R3_C8,3,600.0,2.625,retracting,0.625,20,0.5740586774262982,0.616538046210654,-0.04120184635883955,-0.21215000000000006,15970.4,1836.0166379248426,0.11496372275740387,2.8386775684322787,hysteresis supporting component
2026-08-06,2026-08-06_190205_982848_1_R3_C8,3,600.0,2.625,retracting,0.875,20,0.8254269298464864,0.866960237953921,-0.04120184635883955,-1.1665999999999999,15761.7,689.7507826057632,0.04376119216872314,2.8015819409882687,hysteresis supporting component
2026-08-06,2026-08-06_190724_390600_1_R3_C9,3,600.0,3.5,pressing_down,0.125,20,0.02241422270798043,0.048375928505207326,-0.024548333698895322,3.334,15467.0,1091.445130862844,0.07056605229603957,2.7492001421969428,hysteresis supporting component
2026-08-06,2026-08-06_190724_390600_1_R3_C9,3,600.0,3.5,pressing_down,0.375,18,0.3319389973676641,0.3641437246120165,-0.024548333698895322,-5.2903,15500.333333333334,1574.371919584591,0.1015701976033585,2.7551250148121813,hysteresis supporting component
2026-08-06,2026-08-06_190724_390600_1_R3_C9,3,600.0,3.5,pressing_down,0.625,3,0.5380089683512459,0.5620743895466952,-0.023830501353215648,3.7651,15293.0,1735.1538836656534,0.11346066067257264,2.7182723071453965,hysteresis supporting component
2026-08-06,2026-08-06_190724_390600_1_R3_C9,3,600.0,3.5,retracting,0.125,2,0.2086118817656331,0.2330012738365434,-0.0243893920709103,26.7654,14440.0,4276.581812616239,0.29616217538893624,2.566654816921436,hysteresis supporting component
2026-08-06,2026-08-06_190724_390600_1_R3_C9,3,600.0,3.5,retracting,0.375,18,0.34823719637125683,0.3723635910943593,-0.024548333698895322,-10.3415,16038.555555555555,2128.318812424553,0.1327001552635038,2.8507919579729037,hysteresis supporting component
2026-08-06,2026-08-06_190724_390600_1_R3_C9,3,600.0,3.5,retracting,0.625,17,0.623673844150912,0.6471958847141083,-0.0246067044482036,3.0421,16652.058823529413,1941.2202821481978,0.11657539183114388,2.9598398193262376,hysteresis supporting component
2026-08-06,2026-08-06_190724_390600_1_R3_C9,3,600.0,3.5,retracting,0.875,15,0.8512156120180641,0.8795849175246938,-0.02453615458812435,-14.5392,16416.6,2086.6032821652652,0.12710325415526147,2.9179879132598647,hysteresis supporting component
2026-08-06,2026-08-06_190724_390600_1_R3_C9,3,600.0,3.5,retracting,1.125,19,1.1370017950141018,1.1624584159287026,-0.0245605128096663,5.3873,15481.552631578947,2081.123407192594,0.13442601376735058,2.7517868168465953,hysteresis supporting component
2026-08-06,2026-08-06_190724_390600_1_R3_C9,3,600.0,3.5,retracting,1.375,20,1.3585426685727942,1.3826756167312535,-0.024548333698895322,3.957,15031.575,909.976348376848,0.06053765812144424,2.6718050124422326,hysteresis supporting component
2026-08-06,2026-08-06_191115_902071_1_R4_C1,4,200.0,1.75,pressing_down,0.125,20,0.01089553099535245,0.028898237429411076,-0.017712712826680476,1.5096,15073.575,880.7139788262701,0.05842767749696207,2.3200823456980144,hysteresis supporting component
2026-08-06,2026-08-06_191115_902071_1_R4_C1,4,200.0,1.75,pressing_down,0.375,11,0.2717119660021576,0.2885482588404282,-0.017610912190461,8.4994,14890.09090909091,1753.837304572203,0.11778553370022916,2.2918409895476235,hysteresis supporting component
2026-08-06,2026-08-06_191115_902071_1_R4_C1,4,200.0,1.75,retracting,0.125,20,0.11241775384669375,0.12975632992251893,-0.017712712826680476,4.926375,15398.525,1175.9680835603626,0.07636887841922278,2.3700977374172694,hysteresis supporting component
2026-08-06,2026-08-06_191115_902071_1_R4_C1,4,200.0,1.75,retracting,0.375,20,0.37245289993346276,0.38951469676838757,-0.017712712826680476,-0.05372500000000091,14772.425,1621.0105463714206,0.10973218996687542,2.273730183161459,hysteresis supporting component
2026-08-06,2026-08-06_191115_902071_1_R4_C1,4,200.0,1.75,retracting,0.625,20,0.6014296500321586,0.6188795501365087,-0.017712712826680476,-1.9868249999999998,14109.4,868.3276819023422,0.061542495209033835,2.171679236570725,hysteresis supporting component
2026-08-06,2026-08-06_191358_881488_1_R4_C2,4,200.0,2.625,pressing_down,0.125,20,0.03093677916341675,0.04146926152598315,-0.010383489489656277,5.9291,15016.875,1047.3735179887883,0.06974643645823704,2.3113552408804066,hysteresis supporting component
2026-08-06,2026-08-06_191358_881488_1_R4_C2,4,200.0,2.625,pressing_down,0.375,20,0.36179582548511413,0.3817194556698387,-0.010383489489656277,14.0651,14488.125,1358.0620274474718,0.09373621689814739,2.229971525319378,hysteresis supporting component
2026-08-06,2026-08-06_191358_881488_1_R4_C2,4,200.0,2.625,pressing_down,0.625,19,0.5592714961038675,0.5761592233973927,-0.010414192941324351,-21.6352,15381.157894736842,1530.1750540073615,0.09948373617118646,2.367424641332437,hysteresis supporting component
2026-08-06,2026-08-06_191358_881488_1_R4_C2,4,200.0,2.625,retracting,0.125,20,0.05361937355593875,0.06663149873228102,-0.010383489489656277,-8.719850000000001,15624.525,1090.3467757770316,0.06978431509290885,2.4048830229336615,hysteresis supporting component
2026-08-06,2026-08-06_191358_881488_1_R4_C2,4,200.0,2.625,retracting,0.375,20,0.3676396896475236,0.37870504662775695,-0.010383489489656277,7.0096750000000005,15420.25,1333.470486915134,0.08647528327459891,2.373441588425427,hysteresis supporting component
2026-08-06,2026-08-06_191358_881488_1_R4_C2,4,200.0,2.625,retracting,0.625,20,0.6134868918638678,0.6239030719413828,-0.010383489489656277,-10.42615,15484.425,1166.9055262688757,0.07535995209824554,2.3833192242573498,hysteresis supporting component
2026-08-06,2026-08-06_191358_881488_1_R4_C2,4,200.0,2.625,retracting,0.875,20,0.8351460598169256,0.8521873529195017,-0.010383489489656277,5.74545,14604.7,1076.185923576992,0.07368764326394873,2.247914422040942,hysteresis supporting component
2026-08-06,2026-08-06_192118_888808_1_R4_C3,4,200.0,3.5,pressing_down,0.125,20,0.011112060103105875,0.00645831072862125,0.002461568307381975,4.5925,15285.7,845.5558651281606,0.0553167905380951,2.3527320301677697,hysteresis supporting component
2026-08-06,2026-08-06_192118_888808_1_R4_C3,4,200.0,3.5,pressing_down,0.375,20,0.36776363910516596,0.37236551569933296,0.002461568307381975,7.713774999999999,14974.825,1406.9176394085573,0.09395219239013192,2.3048830229336614,hysteresis supporting component
2026-08-06,2026-08-06_192118_888808_1_R4_C3,4,200.0,3.5,pressing_down,0.625,20,0.6267118256857461,0.6206798210118474,0.002461568307381975,4.31305,14331.55,1297.8902404732805,0.09056174945998727,2.205871940895798,hysteresis supporting component
2026-08-06,2026-08-06_192118_888808_1_R4_C3,4,200.0,3.5,pressing_down,0.875,20,0.8711117684717404,0.8712013231419347,0.002461568307381975,-0.12150000000000061,13878.0,1825.0721903530284,0.13150830021278484,2.1360627982145606,hysteresis supporting component
2026-08-06,2026-08-06_192118_888808_1_R4_C3,4,200.0,3.5,pressing_down,1.125,20,1.1253898356367,1.12159869946061,0.002461568307381975,-3.1877999999999993,14343.425,1400.303052491063,0.09762682570523172,2.2076997075573344,hysteresis supporting component
2026-08-06,2026-08-06_192118_888808_1_R4_C3,4,200.0,3.5,pressing_down,1.375,18,1.3652775724672148,1.3594644424266504,0.002532350600626375,6.940100000000001,14113.722222222223,1600.5957275360122,0.11340705891291068,2.1723445008807483,hysteresis supporting component
2026-08-06,2026-08-06_192118_888808_1_R4_C3,4,200.0,3.5,pressing_down,1.625,5,1.5933561613360094,1.5834673983844265,0.00253581210198,18.3322,12749.8,1933.254302982409,0.1516301669816318,1.9624134215791904,hysteresis supporting component
2026-08-06,2026-08-06_192118_888808_1_R4_C3,4,200.0,3.5,retracting,0.125,20,0.13527452099577983,0.13393428497291562,0.002461568307381975,0.21960000000000002,14917.7,1302.4719554511885,0.08731050734705674,2.2960905033092196,hysteresis supporting component
2026-08-06,2026-08-06_192118_888808_1_R4_C3,4,200.0,3.5,retracting,0.375,20,0.3864969769355604,0.383163611969757,0.002461568307381975,6.496449999999999,15131.525,1384.2659985007444,0.09148225301155993,2.3290018470063107,hysteresis supporting component
2026-08-06,2026-08-06_192118_888808_1_R4_C3,4,200.0,3.5,retracting,0.625,20,0.6183490356901358,0.6180235611945222,0.002461568307381975,0.6938500000000003,14604.15,1811.5764514570408,0.12404531940969114,2.2478297675850394,hysteresis supporting component
2026-08-06,2026-08-06_192118_888808_1_R4_C3,4,200.0,3.5,retracting,0.875,20,0.8778675371473806,0.8752415389361028,0.002461568307381975,-5.197299999999999,14304.35,1953.5372580068833,0.13656945320877098,2.201685393258427,hysteresis supporting component
2026-08-06,2026-08-06_192118_888808_1_R4_C3,4,200.0,3.5,retracting,1.125,20,1.1216896267096925,1.124853040869183,0.002461568307381975,-6.1836,13756.925,1575.7666578108642,0.11454352319365442,2.11742727412652,hysteresis supporting component
2026-08-06,2026-08-06_192118_888808_1_R4_C3,4,200.0,3.5,retracting,1.375,18,1.4002972856564069,1.4020113261053726,0.00215024840639705,5.7875250000000005,13790.194444444445,1865.1714882432545,0.13525345822768017,2.1225480136131205,hysteresis supporting component
2026-08-06,2026-08-06_192118_888808_1_R4_C3,4,200.0,3.5,retracting,1.625,20,1.6158397479825573,1.6148193137977576,0.002461568307381975,7.46275,13596.025,1149.5759226661303,0.08455235428488327,2.0926619978451595,hysteresis supporting component
2026-08-06,2026-08-06_192118_888808_1_R4_C3,4,200.0,3.5,retracting,1.875,17,1.9348973250222394,1.9299519610330171,0.00253581210198,5.16445,14402.735294117647,1128.2669386836033,0.07833699055376027,2.2168285815172615,hysteresis supporting component
2026-08-06,2026-08-06_192118_888808_1_R4_C3,4,200.0,3.5,retracting,2.125,17,2.114675077910225,2.109845553048463,0.00253581210198,5.6262,14006.735294117647,1404.738199781892,0.10029019398773346,2.1558773732672996,hysteresis supporting component
2026-08-06,2026-08-06_192118_888808_1_R4_C3,4,200.0,3.5,retracting,2.375,1,2.257013281408965,2.2544774693069853,0.00253581210198,-28.0393,12310.0,,,1.894720640295521,hysteresis supporting component
2026-08-06,2026-08-06_192659_980626_1_R4_C4,4,400.0,1.75,pressing_down,0.125,20,0.007197887027401125,0.021698512275714572,-0.012991165193833424,3.2280999999999995,15108.925,1343.7484421043603,0.0889373957514754,2.3255233184546715,hysteresis supporting component
2026-08-06,2026-08-06_192659_980626_1_R4_C4,4,400.0,1.75,retracting,0.125,1,0.2307389111549737,0.24407942611035413,-0.01334051495538045,12.1233,13135.0,,,2.0217023241496075,hysteresis supporting component
2026-08-06,2026-08-06_192659_980626_1_R4_C4,4,400.0,1.75,retracting,0.375,20,0.3612187852921782,0.37278417706966194,-0.012991165193833424,3.240925000000001,14631.075,2069.982260761773,0.1414784806148402,2.251973987994459,hysteresis supporting component
2026-08-06,2026-08-06_192659_980626_1_R4_C4,4,400.0,1.75,retracting,0.625,20,0.5730616696324228,0.5847726296834168,-0.012991165193833424,4.9231,14653.475,924.6236428520815,0.06309927459882934,2.255421733107588,hysteresis supporting component
2026-08-06,2026-08-06_192914_525462_1_R4_C5,4,400.0,2.625,pressing_down,0.125,20,-0.0026562331756526244,0.025055355807351576,-0.028403687767611402,6.199825,15126.65,1412.7813841757982,0.09339684491779728,2.3282515006926277,hysteresis supporting component
2026-08-06,2026-08-06_192914_525462_1_R4_C5,4,400.0,2.625,pressing_down,0.375,20,0.32914628311248845,0.3622646791381278,-0.028403687767611402,-7.26535,14650.125,1331.95770909432,0.09091783920576241,2.254906110512544,hysteresis supporting component
2026-08-06,2026-08-06_192914_525462_1_R4_C5,4,400.0,2.625,pressing_down,0.625,6,0.48969954556884243,0.5183454521266522,-0.028709077410178703,-26.2462,14335.0,1615.8794509492345,0.11272266836060234,2.206402955210097,hysteresis supporting component
2026-08-06,2026-08-06_192914_525462_1_R4_C5,4,400.0,2.625,retracting,0.375,20,0.3134377109612829,0.3409676504722836,-0.028403687767611402,25.91465,15596.225,1901.060012307538,0.12189231767992179,2.400527166384485,hysteresis supporting component
2026-08-06,2026-08-06_192914_525462_1_R4_C5,4,400.0,2.625,retracting,0.625,20,0.5790450846734019,0.6058119337894026,-0.028403687767611402,-13.173825,14813.15,2425.190128737604,0.1637187315822498,2.2799984608280743,hysteresis supporting component
2026-08-06,2026-08-06_192914_525462_1_R4_C5,4,400.0,2.625,retracting,0.875,20,0.8620125323951695,0.8898830292880131,-0.028403687767611402,-2.4041999999999994,14729.175,1363.7312908167185,0.09258707910094884,2.2670732645836535,hysteresis supporting component
2026-08-06,2026-08-06_192914_525462_1_R4_C5,4,400.0,2.625,retracting,1.125,20,1.0259012193403076,1.054203594618572,-0.028403687767611402,-7.475,14619.275,1251.4153615953583,0.08560037085254629,2.2501577651223643,hysteresis supporting component
2026-08-06,2026-08-06_193335_273481_1_R4_C6,4,400.0,3.5,pressing_down,0.125,20,0.017618443116378703,0.03286936496306905,-0.015449422335702949,5.6815999999999995,15004.9,1708.3888578054127,0.11385539775709357,2.309512082499615,hysteresis supporting component
2026-08-06,2026-08-06_193335_273481_1_R4_C6,4,400.0,3.5,pressing_down,0.375,20,0.33401202404035824,0.3493028668214072,-0.015449422335702949,-5.7007,15154.625,2223.014577662503,0.1466888542383928,2.3325573341542247,hysteresis supporting component
2026-08-06,2026-08-06_193335_273481_1_R4_C6,4,400.0,3.5,pressing_down,0.625,20,0.6014478542182021,0.6170573006336308,-0.015449422335702949,-0.22444999999999998,14937.85,1695.6300575612781,0.11351232323000152,2.2991919347391105,hysteresis supporting component
2026-08-06,2026-08-06_193335_273481_1_R4_C6,4,400.0,3.5,pressing_down,0.875,18,0.840942526378597,0.8566114759375058,-0.01557515050042485,-0.4073000000000002,15005.888888888889,2609.178367155834,0.17387696166988154,2.3096642895011374,hysteresis supporting component
2026-08-06,2026-08-06_193335_273481_1_R4_C6,4,400.0,3.5,pressing_down,1.125,11,1.0460449450211986,1.0611793249391237,-0.015203278154003,18.0571,14487.818181818182,2122.686402565477,0.1465152568817705,2.2299243007262093,hysteresis supporting component
2026-08-06,2026-08-06_193335_273481_1_R4_C6,4,400.0,3.5,retracting,0.125,8,0.19149933909160965,0.20753231644643566,-0.016032977354826,19.6252,15350.5,1949.6269972924124,0.12700739371957998,2.362705864245036,hysteresis supporting component
2026-08-06,2026-08-06_193335_273481_1_R4_C6,4,400.0,3.5,retracting,0.375,20,0.35526043882239156,0.3712517802879354,-0.015449422335702949,17.7562,15200.175,2460.092388482274,0.1618463200905433,2.339568262274896,hysteresis supporting component
2026-08-06,2026-08-06_193335_273481_1_R4_C6,4,400.0,3.5,retracting,0.625,20,0.6103183455606261,0.6258984984595118,-0.015449422335702949,-2.7318499999999997,15819.525,2034.933546535559,0.12863430137981763,2.4348968754809914,hysteresis supporting component
2026-08-06,2026-08-06_193335_273481_1_R4_C6,4,400.0,3.5,retracting,0.875,12,0.8177845898869187,0.8335189051767407,-0.01566371296885,0.05885000000000007,13665.25,1959.3951351002547,0.14338523884306945,2.103316915499461,hysteresis supporting component
2026-08-06,2026-08-06_193335_273481_1_R4_C6,4,400.0,3.5,retracting,1.125,17,1.0848862955778351,1.099312011178541,-0.0154954884690924,6.837,14587.941176470587,1970.1489306201017,0.13505325438231305,2.2453349509728473,hysteresis supporting component
2026-08-06,2026-08-06_193335_273481_1_R4_C6,4,400.0,3.5,retracting,1.375,18,1.4107877500316053,1.4260260505768594,-0.015449422335702949,-12.7487,14044.444444444445,2258.8089904982126,0.16083291862724614,2.1616814598190617,hysteresis supporting component
2026-08-06,2026-08-06_193335_273481_1_R4_C6,4,400.0,3.5,retracting,1.625,11,1.5495802666293736,1.5671491445686814,-0.0159731421105512,5.090449999999999,13870.681818181818,1136.9099408644308,0.08196496435915347,2.1349364042145322,hysteresis supporting component
2026-08-06,2026-08-06_193335_273481_1_R4_C6,4,400.0,3.5,retracting,1.875,12,1.8749375574595053,1.890182512208491,-0.01517879740177395,5.33535,14274.0,1789.8829824625661,0.1253946323709238,2.197014006464522,hysteresis supporting component
2026-08-06,2026-08-06_193335_273481_1_R4_C6,4,400.0,3.5,retracting,2.125,12,2.0530943524525154,2.0681856850505973,-0.01517879740177395,-1.2787249999999997,13842.708333333334,989.1378123105112,0.07145551206396951,2.1306308039608024,hysteresis supporting component
2026-08-06,2026-08-06_193621_292128_1_R4_C7,4,600.0,1.75,pressing_down,0.125,19,-0.02546568833383385,0.0028746318852392004,-0.0279187688784973,5.4274000000000004,16011.368421052632,1458.3286937269552,0.09108082803275357,2.4644248762586782,hysteresis supporting component
2026-08-06,2026-08-06_193621_292128_1_R4_C7,4,600.0,1.75,retracting,0.375,16,0.41152087176917995,0.4398409043664894,-0.02790413641704955,4.10695,15505.28125,1698.211549137798,0.10952471753053807,2.386529359704479,hysteresis supporting component
2026-08-06,2026-08-06_193621_292128_1_R4_C7,4,600.0,1.75,retracting,0.625,11,0.5596854185889502,0.5872536431740996,-0.02756822458514925,2.334649999999999,15487.681818181818,1014.013049046393,0.06547222889457797,2.383820504568542,hysteresis supporting component
2026-08-06,2026-08-06_194249_708059_1_R4_C8,4,600.0,2.625,pressing_down,0.125,20,0.01261159312235015,0.033271689761293105,-0.020332589553811703,3.316725,16149.0,1267.3976341929535,0.07848149323134271,2.4856087424965367,hysteresis supporting component
2026-08-06,2026-08-06_194249_708059_1_R4_C8,4,600.0,2.625,retracting,0.375,19,0.3566080971884301,0.376314198082692,-0.0205780958438759,6.2503,17360.57894736842,2652.5113952166885,0.15278933975982215,2.6720915726286627,hysteresis supporting component
2026-08-06,2026-08-06_194249_708059_1_R4_C8,4,600.0,2.625,retracting,0.625,19,0.6199748453661076,0.6399851154796322,-0.0200870832637475,-0.3406,15623.368421052632,1893.0001529179465,0.12116466192828887,2.4047050055491197,hysteresis supporting component
2026-08-06,2026-08-06_194249_708059_1_R4_C8,4,600.0,2.625,retracting,0.875,20,0.8860205571506523,0.9066463266346084,-0.020332589553811703,-0.6835749999999998,14981.05,1051.618813519123,0.0701966026092379,2.305841157457288,hysteresis supporting component
2026-08-06,2026-08-06_194530_798719_1_R4_C9,4,600.0,3.5,pressing_down,0.125,20,0.030732036339850874,0.04145564723910475,-0.0116180760744072,6.93635,14739.5,1046.9436092992935,0.07102979132937301,2.268662459596737,hysteresis supporting component
2026-08-06,2026-08-06_194530_798719_1_R4_C9,4,600.0,3.5,pressing_down,0.375,17,0.3562728137746792,0.36776796838802167,-0.011740997535471899,-3.658,13591.588235294117,1733.7783904965888,0.12756260419914567,2.091979103477623,hysteresis supporting component
2026-08-06,2026-08-06_194530_798719_1_R4_C9,4,600.0,3.5,pressing_down,0.625,9,0.5734650546256184,0.5846174178743467,-0.011152363248728349,7.1277,15057.444444444445,2980.9303124658545,0.1979705336761638,2.317599575872625,hysteresis supporting component
2026-08-06,2026-08-06_194530_798719_1_R4_C9,4,600.0,3.5,retracting,0.125,2,0.22183925427221668,0.2335630393520916,-0.0117237850798749,-13.4176,14555.5,1916.9664837967302,0.13170049011004295,2.2403416961674623,hysteresis supporting component
2026-08-06,2026-08-06_194530_798719_1_R4_C9,4,600.0,3.5,retracting,0.375,18,0.3607750394895288,0.372393115563936,-0.01189000605573105,6.90225,15760.444444444445,1303.1744600024258,0.08268640294987332,2.4258033622355617,hysteresis supporting component
2026-08-06,2026-08-06_194530_798719_1_R4_C9,4,600.0,3.5,retracting,0.625,15,0.6002386646916256,0.6123540738399122,-0.011740997535471899,9.1787,15671.666666666666,2041.8374661307491,0.1302884696031532,2.4121389359191423,hysteresis supporting component
2026-08-06,2026-08-06_194530_798719_1_R4_C9,4,600.0,3.5,retracting,0.875,17,0.8650777721885112,0.8759939949521695,-0.011152363248728349,7.1259,14448.117647058823,1915.7399641637483,0.1325944327809188,2.223813705873299,hysteresis supporting component
2026-08-06,2026-08-06_194530_798719_1_R4_C9,4,600.0,3.5,retracting,1.125,17,1.1486922501709609,1.1610667541414146,-0.011740997535471899,-5.0315,14745.235294117647,3158.8293426800487,0.21422712351970463,2.2695452199657757,hysteresis supporting component
2026-08-06,2026-08-06_194530_798719_1_R4_C9,4,600.0,3.5,retracting,1.375,20,1.419681862674019,1.4329552050453707,-0.0116180760744072,-1.7127,14274.775,952.4023154081142,0.06671925234605199,2.1971332922887488,hysteresis supporting component
2026-08-06,2026-08-06_194530_798719_1_R4_C9,4,600.0,3.5,retracting,1.625,2,1.4868356888335903,1.513939554367185,-0.027103865533594673,5.247175,12634.5,1436.8409793710646,0.11372361228153584,1.9446667692781283,hysteresis supporting component
2026-08-06,2026-08-06_194830_490665_1_R5_C1,5,200.0,1.75,pressing_down,0.125,13,-0.0517358766749398,0.00022280367671269688,-0.05198708162086955,-7.002750000000001,18060.23076923077,2153.317891605346,0.11922981046698228,2.475360576923077,hysteresis supporting component
2026-08-06,2026-08-06_194830_490665_1_R5_C1,5,200.0,1.75,retracting,0.125,20,-0.017513335625889425,0.034306370647937,-0.05196833400027723,3.5293,17312.95,941.470377150886,0.0543795469374593,2.3729372258771932,hysteresis supporting component
2026-08-06,2026-08-06_195131_049166_1_R5_C2,5,200.0,2.625,pressing_down,0.125,20,0.0248269648530208,0.054983758736979,-0.030488927786318724,1.8282500000000006,16522.55,1637.9664695173578,0.09913521033480654,2.2646038925438594,hysteresis supporting component
2026-08-06,2026-08-06_195131_049166_1_R5_C2,5,200.0,2.625,pressing_down,0.375,14,0.26881777391196876,0.29923465621935413,-0.030549639611505048,-29.16345,15862.785714285714,1801.5805103199898,0.11357276980029565,2.174175673558897,hysteresis supporting component
2026-08-06,2026-08-06_195131_049166_1_R5_C2,5,200.0,2.625,retracting,0.125,20,-0.009510220945742026,0.0219719546405102,-0.030488927786318724,-7.8031999999999995,16879.525,731.105984019021,0.043313184702710596,2.3135313870614036,hysteresis supporting component
2026-08-06,2026-08-06_195131_049166_1_R5_C2,5,200.0,2.625,retracting,0.375,20,0.34550204447255306,0.37535189749130804,-0.030488927786318724,3.831475000000001,16439.075,1594.601602405672,0.09700068905371328,2.253162691885965,hysteresis supporting component
2026-08-06,2026-08-06_195131_049166_1_R5_C2,5,200.0,2.625,retracting,0.625,20,0.5732175744324257,0.603722642411733,-0.030488927786318724,5.76075,16469.125,1100.823219172098,0.06684163361272066,2.2572813870614032,hysteresis supporting component
2026-08-06,2026-08-06_195403_454504_1_R5_C3,5,200.0,3.5,pressing_down,0.125,20,0.0318227723092409,0.0621926288740685,-0.031008872770131726,6.899125,16809.425,1275.9688916662506,0.07590794400559511,2.3039233826754386,hysteresis supporting component
2026-08-06,2026-08-06_195403_454504_1_R5_C3,5,200.0,3.5,pressing_down,0.375,20,0.3448606384374473,0.3771790574093077,-0.031008872770131726,1.271475,17035.15,1178.53135746416,0.0691823293287209,2.3348615679824563,hysteresis supporting component
2026-08-06,2026-08-06_195403_454504_1_R5_C3,5,200.0,3.5,pressing_down,0.625,20,0.5876332145785277,0.6186281002776362,-0.031008872770131726,-5.813575,15987.175,1003.9108037936858,0.06279475916124555,2.191224643640351,hysteresis supporting component
2026-08-06,2026-08-06_195403_454504_1_R5_C3,5,200.0,3.5,pressing_down,0.875,2,0.7317748452861076,0.7657441918366671,-0.033969346550559526,18.89945,16910.5,795.4951288348659,0.04704149072084598,2.3177768640350878,hysteresis supporting component
2026-08-06,2026-08-06_195403_454504_1_R5_C3,5,200.0,3.5,retracting,0.125,20,-0.01858210351669765,0.013837898470621824,-0.031008872770131726,8.362449999999999,17284.475,1114.7871814245177,0.0644964444349347,2.369034402412281,hysteresis supporting component
2026-08-06,2026-08-06_195403_454504_1_R5_C3,5,200.0,3.5,retracting,0.375,20,0.3431004163656025,0.37472770544147793,-0.031008872770131726,4.347849999999999,17803.875,1283.1891077250498,0.07207358553826346,2.440224095394737,hysteresis supporting component
2026-08-06,2026-08-06_195403_454504_1_R5_C3,5,200.0,3.5,retracting,0.625,20,0.5972186710072803,0.6298284494327369,-0.031008872770131726,7.933199999999999,16992.25,1280.9812080054714,0.0753862030046328,2.32898163377193,hysteresis supporting component
2026-08-06,2026-08-06_195403_454504_1_R5_C3,5,200.0,3.5,retracting,0.875,20,0.8802190868149328,0.9113918624317481,-0.031008872770131726,-0.5383999999999998,16597.45,994.2117864498437,0.05990147802522939,2.2748697916666667,hysteresis supporting component
2026-08-06,2026-08-06_195403_454504_1_R5_C3,5,200.0,3.5,retracting,1.125,1,0.9575159697853268,1.0012711851118605,-0.043755215326533606,22.3277,15754.0,,,2.159265350877193,hysteresis supporting component
2026-08-06,2026-08-06_195745_434078_1_R5_C4,5,400.0,1.75,pressing_down,0.125,14,-0.04402830341068878,0.0006542902749211293,-0.04443208995109533,4.37295,17444.75,1571.6225049536938,0.09009143180347634,2.3910019188596494,hysteresis supporting component
2026-08-06,2026-08-06_195745_434078_1_R5_C4,5,400.0,1.75,retracting,0.125,20,0.1461466279366058,0.1905792108016373,-0.044385327935906105,-1.7267000000000001,17157.825,1172.3371200411243,0.06832667427492257,2.3516755756578944,hysteresis supporting component
2026-08-06,2026-08-06_195745_434078_1_R5_C4,5,400.0,1.75,retracting,0.375,6,0.2378643816183308,0.2830744029197586,-0.04422797828368263,-4.165575,16364.75,1601.320603439548,0.09785182196120004,2.2429756030701755,hysteresis supporting component
2026-08-06,2026-08-06_200232_791572_1_R5_C5,5,400.0,2.625,pressing_down,0.125,20,0.009972099052924899,0.009113645516649952,0.00162819577846655,9.674,16989.875,1588.1656488822182,0.093477182668043,2.3286561129385968,hysteresis supporting component
2026-08-06,2026-08-06_200232_791572_1_R5_C5,5,400.0,2.625,retracting,0.125,20,0.09214096049580262,0.08908978865821028,0.00162819577846655,-17.5154,17112.275,1612.5644864706394,0.09423437190383155,2.34543242872807,hysteresis supporting component
2026-08-06,2026-08-06_200232_791572_1_R5_C5,5,400.0,2.625,retracting,0.375,20,0.4315371815222654,0.4307876700366329,0.00162819577846655,0.6174000000000002,17082.075,1116.5114169048823,0.06536158030595711,2.3412931743421055,hysteresis supporting component
2026-08-06,2026-08-06_200232_791572_1_R5_C5,5,400.0,2.625,retracting,0.625,3,0.513093701458962,0.5163402948578315,-0.0032465933988695,10.0853,15715.5,1326.1092526635955,0.08438225017744237,2.153988486842105,hysteresis supporting component
2026-08-06,2026-08-06_200455_454425_1_R5_C6,5,400.0,3.5,pressing_down,0.125,20,0.0398860360811515,0.024054116081078,0.017773532081806202,8.54475,16964.825,1036.085729472127,0.06107258574563115,2.325222724780702,hysteresis supporting component
2026-08-06,2026-08-06_200455_454425_1_R5_C6,5,400.0,3.5,pressing_down,0.375,12,0.305910762008872,0.28335848523945456,0.01698310532990735,-19.513849999999998,17254.083333333332,1336.0185394966593,0.07743202079681583,2.3648688779239766,hysteresis supporting component
2026-08-06,2026-08-06_200455_454425_1_R5_C6,5,400.0,3.5,retracting,0.125,20,0.09539423688102236,0.077213574628024,0.017773532081806202,-1.8612500000000005,17232.725,1702.926609932381,0.09881934574667561,2.3619414747807017,hysteresis supporting component
2026-08-06,2026-08-06_200455_454425_1_R5_C6,5,400.0,3.5,retracting,0.375,20,0.3848106213870364,0.36931714725545606,0.017773532081806202,-4.184925,16876.275,1848.509552350644,0.10953303097695695,2.3130859375,hysteresis supporting component
2026-08-06,2026-08-06_200455_454425_1_R5_C6,5,400.0,3.5,retracting,0.625,20,0.6680903797990152,0.6473040120092384,0.017773532081806202,2.167749999999999,16755.825,1590.3143042129159,0.09491113115665244,2.2965768914473683,hysteresis supporting component
2026-08-06,2026-08-06_200455_454425_1_R5_C6,5,400.0,3.5,retracting,0.875,20,0.8362638028782403,0.8155115495370968,0.017773532081806202,-3.1876749999999996,16602.7,1071.6378807080412,0.06454600039198688,2.2755893640350875,hysteresis supporting component
2026-08-06,2026-08-06_201033_905050_1_R5_C7,5,600.0,1.75,pressing_down,0.125,19,0.00901170617616565,0.0003851951899012506,0.008379428444722,9.2064,17970.71052631579,1648.5289007323197,0.09173420818939022,2.463090806786704,hysteresis supporting component
2026-08-06,2026-08-06_201033_905050_1_R5_C7,5,600.0,1.75,retracting,0.125,20,0.11150082697385524,0.10270960003492383,0.008383106082811976,2.7387750000000004,17787.5,880.5872143662227,0.04950595723773562,2.437979714912281,hysteresis supporting component
2026-08-06,2026-08-06_201304_772051_1_R5_C8,5,600.0,2.625,pressing_down,0.125,20,0.025069199086939248,0.004221069641747223,0.021303173625108324,-0.12280000000000024,17176.2,2293.7760834598985,0.1335438620567936,2.3541940789473683,hysteresis supporting component
2026-08-06,2026-08-06_201304_772051_1_R5_C8,5,600.0,2.625,retracting,0.125,13,0.2239051391138075,0.2027680189035894,0.0213768707883358,-17.3651,19035.23076923077,2907.441348042586,0.15274001052523511,2.6089954453441297,hysteresis supporting component
2026-08-06,2026-08-06_201304_772051_1_R5_C8,5,600.0,2.625,retracting,0.375,20,0.44991591968932054,0.4302007892598889,0.021303173625108324,10.838799999999999,18674.9,1685.5405785994187,0.09025700692370073,2.5596080043859653,hysteresis supporting component
2026-08-06,2026-08-06_201304_772051_1_R5_C8,5,600.0,2.625,retracting,0.625,18,0.5423403904957697,0.5198977199139223,0.021303173625108324,-1.0058000000000002,17774.722222222223,1140.7380766315837,0.06417754732647331,2.436228374756335,hysteresis supporting component
2026-08-06,2026-08-06_202208_781184_1_R5_C9,5,600.0,3.5,pressing_down,0.125,20,0.1049084363542452,0.011201801129901708,0.09304563971839712,3.8926499999999997,17616.55,1016.4375598913565,0.05769787840930014,2.414549067982456,hysteresis supporting component
2026-08-06,2026-08-06_202208_781184_1_R5_C9,5,600.0,3.5,pressing_down,0.375,19,0.4443057785565466,0.3483393165202001,0.0850247279445201,11.4501,16838.342105263157,2586.157445863519,0.15358741553630537,2.307886801708218,hysteresis supporting component
2026-08-06,2026-08-06_202208_781184_1_R5_C9,5,600.0,3.5,pressing_down,0.625,16,0.7188607502058166,0.6125969295317026,0.09304563971839712,9.99525,16445.8125,1826.2925365796866,0.11104909146809784,2.2540861430921053,hysteresis supporting component
2026-08-06,2026-08-06_202208_781184_1_R5_C9,5,600.0,3.5,pressing_down,0.875,13,0.9591728686855056,0.872297420655423,0.10474844555255185,-12.1457,16928.30769230769,1961.223656488273,0.1158546791643835,2.3202176113360324,hysteresis supporting component
2026-08-06,2026-08-06_202208_781184_1_R5_C9,5,600.0,3.5,pressing_down,1.125,2,1.1187970650163548,1.0541187007744799,0.0646783642418749,-3.6035999999999992,17317.5,904.3895731375943,0.05222402616645557,2.373560855263158,hysteresis supporting component
2026-08-06,2026-08-06_202208_781184_1_R5_C9,5,600.0,3.5,retracting,0.375,3,0.5405561734362055,0.47946306355631524,0.07427269443876255,13.0947,17170.666666666668,2423.998831132832,0.1411709212105625,2.3534356725146197,hysteresis supporting component
2026-08-06,2026-08-06_202208_781184_1_R5_C9,5,600.0,3.5,retracting,0.625,18,0.7090477354022057,0.6231604360122053,0.10290749852241299,4.9315500000000005,18030.166666666668,2124.2926089019124,0.1178188004678407,2.4712399488304095,hysteresis supporting component
2026-08-06,2026-08-06_202208_781184_1_R5_C9,5,600.0,3.5,retracting,0.875,14,0.9491428122243211,0.8537297191506963,0.10290749852241299,-15.420000000000002,17935.428571428572,2132.0518363696115,0.11887376027166724,2.4582550125313283,hysteresis supporting component
2026-08-06,2026-08-06_202208_781184_1_R5_C9,5,600.0,3.5,retracting,1.125,12,1.2096144594954867,1.1206334218753935,0.07710529611062802,-1.4718499999999999,15897.666666666666,2101.310125237168,0.13217726659491966,2.178956505847953,hysteresis supporting component
2026-08-06,2026-08-06_202208_781184_1_R5_C9,5,600.0,3.5,retracting,1.375,14,1.451060921827326,1.359180376843634,0.09304563971839712,-6.2126,16724.0,2717.4423495406354,0.16248758368456317,2.2922149122807016,hysteresis supporting component
2026-08-06,2026-08-06_202208_781184_1_R5_C9,5,600.0,3.5,retracting,1.625,18,1.7221020344877216,1.6237328503208057,0.09304563971839712,18.290950000000002,17171.805555555555,1905.3562206617376,0.11095840879966765,2.3535917702241718,hysteresis supporting component
2026-08-06,2026-08-06_202208_781184_1_R5_C9,5,600.0,3.5,retracting,1.875,20,1.9306090609298936,1.8366856628673212,0.09304563971839712,-3.3047999999999993,16525.125,1443.0298340553059,0.08732338388092714,2.2649568256578947,hysteresis supporting component
2026-08-06,2026-08-06_202208_781184_1_R5_C9,5,600.0,3.5,retracting,2.125,1,2.057617956348093,2.0132859558088634,0.0443320005392297,-10.309,14421.0,,,1.9765625,hysteresis supporting component
2026-08-06,2026-08-06_202937_503280_1_R6_C1,6,200.0,1.75,pressing_down,0.125,20,0.4740956393351193,0.01983269379831036,0.4521261921814286,7.4603,15496.975,662.3201339748177,0.042738672158586954,2.4979005480335266,hysteresis supporting component
2026-08-06,2026-08-06_202937_503280_1_R6_C1,6,200.0,1.75,pressing_down,0.375,20,0.8235119358723071,0.36472405145434994,0.4521261921814286,6.8237,15446.725,1059.2083373792357,0.06857170936747016,2.489800934880722,hysteresis supporting component
2026-08-06,2026-08-06_202937_503280_1_R6_C1,6,200.0,1.75,pressing_down,0.625,6,0.9855952223395346,0.5397403096786058,0.4581734134815627,-1.3963,15944.5,2245.1960938857883,0.14081320166112377,2.5700354609929077,hysteresis supporting component
2026-08-06,2026-08-06_202937_503280_1_R6_C1,6,200.0,1.75,retracting,0.125,6,0.6886923317863657,0.23301369323221313,0.4581734134815627,0.7010500000000004,15150.666666666666,2515.631902060925,0.16604100383223566,2.442080378250591,hysteresis supporting component
2026-08-06,2026-08-06_202937_503280_1_R6_C1,6,200.0,1.75,retracting,0.375,20,0.8201357477783326,0.35925662365945055,0.4521261921814286,8.277075,15616.025,1469.3942224335349,0.09409527856375326,2.517089780786589,hysteresis supporting component
2026-08-06,2026-08-06_202937_503280_1_R6_C1,6,200.0,1.75,retracting,0.625,20,1.0845020135609191,0.6283913025524003,0.4521261921814286,11.378125,15737.825,1259.2265929926996,0.08001274591582375,2.536722275950999,hysteresis supporting component
2026-08-06,2026-08-06_202937_503280_1_R6_C1,6,200.0,1.75,retracting,0.875,20,1.2852021680563945,0.8214000291064092,0.4521261921814286,10.204550000000001,15484.05,738.6044967582983,0.04770098887295625,2.4958172147001934,hysteresis supporting component
2026-08-06,2026-08-06_202937_503280_1_R6_C1,6,200.0,1.75,retracting,1.125,1,1.3330450467719304,1.0020595911176964,0.33098545565423404,14.2723,10894.0,,,1.7559638942617666,hysteresis supporting component
2026-08-06,2026-08-06_203241_232640_1_R6_C2,6,200.0,2.625,pressing_down,0.125,20,0.3839582654268342,0.02537802486379065,0.35142834960622055,4.017025,15359.575,860.9358780909357,0.05605206381627979,2.4757535460992908,hysteresis supporting component
2026-08-06,2026-08-06_203241_232640_1_R6_C2,6,200.0,2.625,pressing_down,0.375,20,0.7059763688388017,0.3573738534480122,0.35142834960622055,4.9045,15414.05,1333.9740380571602,0.0865427345867673,2.484534171502257,hysteresis supporting component
2026-08-06,2026-08-06_203241_232640_1_R6_C2,6,200.0,2.625,pressing_down,0.625,20,0.9705430568083024,0.6266861089333122,0.35142834960622055,0.9360999999999997,15141.9,1581.5182129506877,0.10444648379336068,2.440667311411992,hysteresis supporting component
2026-08-06,2026-08-06_203241_232640_1_R6_C2,6,200.0,2.625,pressing_down,0.875,20,1.2207528897832707,0.8815677648569571,0.35142834960622055,-4.540425000000001,14785.85,1484.659788248508,0.10041085147275998,2.3832769181173434,hysteresis supporting component
2026-08-06,2026-08-06_203241_232640_1_R6_C2,6,200.0,2.625,pressing_down,1.125,3,1.388289399191498,1.0224737608337504,0.36287126563129,-20.8866,14737.0,2438.503844573553,0.16546813086608897,2.375402965828498,hysteresis supporting component
2026-08-06,2026-08-06_203241_232640_1_R6_C2,6,200.0,2.625,retracting,0.125,13,0.5612730311696533,0.20031038085480657,0.36176935969104307,-17.1891,16172.576923076924,2568.7216166003163,0.15883193066993329,2.6067983435004716,hysteresis supporting component
2026-08-06,2026-08-06_203241_232640_1_R6_C2,6,200.0,2.625,retracting,0.375,20,0.7158428466304152,0.36918183245438435,0.35142834960622055,11.414,15374.875,1096.7060834848282,0.07133105690191488,2.478219696969697,hysteresis supporting component
2026-08-06,2026-08-06_203241_232640_1_R6_C2,6,200.0,2.625,retracting,0.625,20,0.9583249941191302,0.6040907179659081,0.35142834960622055,-6.806274999999999,15407.55,1530.6190087673679,0.09934214127277653,2.483486460348163,hysteresis supporting component
2026-08-06,2026-08-06_203241_232640_1_R6_C2,6,200.0,2.625,retracting,0.875,20,1.2088108149798418,0.8587471003191273,0.35142834960622055,15.695075,15253.1,1647.2922886393071,0.10799721293634128,2.458591231463572,hysteresis supporting component
2026-08-06,2026-08-06_203241_232640_1_R6_C2,6,200.0,2.625,retracting,1.125,20,1.509776927379531,1.1512622459421307,0.35142834960622055,0.2973500000000002,14753.55,1213.259863907325,0.08223511384767226,2.3780705996131526,hysteresis supporting component
2026-08-06,2026-08-06_203241_232640_1_R6_C2,6,200.0,2.625,retracting,1.375,18,1.668888289505413,1.3196542456782239,0.35918739634785246,15.372575000000001,15084.694444444445,1228.0895390197218,0.08141295427246895,2.4314465577763453,hysteresis supporting component
2026-08-06,2026-08-06_203241_232640_1_R6_C2,6,200.0,2.625,retracting,1.625,1,1.8530404976353296,1.513577925167444,0.3394625724678857,-37.8297,15973.0,,,2.574629271437782,hysteresis supporting component
2026-08-06,2026-08-06_203541_327988_1_R6_C3,6,200.0,3.5,pressing_down,0.125,20,0.40610904931019004,0.029356302762041764,0.38348981130501814,10.953524999999999,15465.075,1047.4679404087801,0.06773119046682798,2.4927587040618957,hysteresis supporting component
2026-08-06,2026-08-06_203541_327988_1_R6_C3,6,200.0,3.5,pressing_down,0.375,20,0.7422142141305375,0.376801679522198,0.38348981130501814,-5.65785,15848.125,1400.5397725895768,0.08837258493289121,2.5545011283043197,hysteresis supporting component
2026-08-06,2026-08-06_203541_327988_1_R6_C3,6,200.0,3.5,pressing_down,0.625,20,1.0028979199145907,0.6259836978748665,0.38348981130501814,-2.94765,15153.575,1761.6087390059424,0.11625037253624586,2.442549161831077,hysteresis supporting component
2026-08-06,2026-08-06_203541_327988_1_R6_C3,6,200.0,3.5,pressing_down,0.875,20,1.2322656575921158,0.8625816716060124,0.38348981130501814,5.447025,14798.625,1606.686586171743,0.10856999121011196,2.385336073500967,hysteresis supporting component
2026-08-06,2026-08-06_203541_327988_1_R6_C3,6,200.0,3.5,pressing_down,1.125,20,1.4786925647600624,1.1243889493688077,0.38348981130501814,3.2468250000000003,15624.8,1136.6218576854926,0.07274473002441585,2.518504190844616,hysteresis supporting component
2026-08-06,2026-08-06_203541_327988_1_R6_C3,6,200.0,3.5,pressing_down,1.375,20,1.7251773171392288,1.3699977864494404,0.38348981130501814,11.373375,14746.975,1709.1067417236595,0.11589541188777085,2.3770107994842036,hysteresis supporting component
2026-08-06,2026-08-06_203541_327988_1_R6_C3,6,200.0,3.5,pressing_down,1.625,4,1.9152454090919375,1.552029077360363,0.38981418546989605,-7.81755,15571.5,1757.0108138540297,0.11283503926108787,2.5099129593810448,hysteresis supporting component
2026-08-06,2026-08-06_203541_327988_1_R6_C3,6,200.0,3.5,retracting,0.125,19,0.5799531275231574,0.21048872599259638,0.3840324792603988,10.5739,16006.5,1549.427017749895,0.09679986366475463,2.5800290135396517,hysteresis supporting component
2026-08-06,2026-08-06_203541_327988_1_R6_C3,6,200.0,3.5,retracting,0.375,20,0.7515903365747307,0.3776765197306198,0.38348981130501814,-3.9779999999999998,15833.8,1635.4696444430685,0.10328977531881599,2.552192134107028,hysteresis supporting component
2026-08-06,2026-08-06_203541_327988_1_R6_C3,6,200.0,3.5,retracting,0.625,20,0.9816842717501288,0.6097403871344502,0.38348981130501814,10.801400000000001,15616.6,1382.514933772964,0.08852854870925579,2.5171824629271438,hysteresis supporting component
2026-08-06,2026-08-06_203541_327988_1_R6_C3,6,200.0,3.5,retracting,0.875,20,1.2432225582319825,0.8839816435255776,0.38348981130501814,-3.6634,15506.4,1196.667407515775,0.0771724841043553,2.4994197292069633,hysteresis supporting component
2026-08-06,2026-08-06_203541_327988_1_R6_C3,6,200.0,3.5,retracting,1.125,20,1.492413880176032,1.1299596085478365,0.38348981130501814,-2.52815,15199.2,1618.1400092308713,0.10646218282744298,2.4499032882011607,hysteresis supporting component
2026-08-06,2026-08-06_203541_327988_1_R6_C3,6,200.0,3.5,retracting,1.375,19,1.7274244846516393,1.3701925070954208,0.38294714334963753,11.579049999999999,15226.894736842105,2178.2903501175424,0.14305545469143346,2.454367301231803,hysteresis supporting component
2026-08-06,2026-08-06_203541_327988_1_R6_C3,6,200.0,3.5,retracting,1.625,20,1.9986931297047066,1.624051007571539,0.38348981130501814,5.9917,15056.975,2338.640385909142,0.15531940419035978,2.426978562217924,hysteresis supporting component
2026-08-06,2026-08-06_203541_327988_1_R6_C3,6,200.0,3.5,retracting,1.875,15,2.265677592824506,1.9015717220459338,0.38666322449988433,10.7362,14283.8,1269.6928875013155,0.08889041344049313,2.302353320438427,hysteresis supporting component
2026-08-06,2026-08-06_203541_327988_1_R6_C3,6,200.0,3.5,retracting,2.125,13,2.5062311032980906,2.1223762227317113,0.3870847388982453,2.8831499999999997,14858.923076923076,1228.108129165782,0.08265122060380795,2.3950552993106187,hysteresis supporting component
2026-08-06,2026-08-06_203541_327988_1_R6_C3,6,200.0,3.5,retracting,2.375,1,2.6674317269247485,2.250660182731148,0.4167715441936008,36.3603,14514.0,,,2.339458413926499,hysteresis supporting component
2026-08-06,2026-08-06_203834_012908_1_R6_C4,6,400.0,1.75,pressing_down,0.125,20,0.354923177339202,0.011285486271433998,0.3415664788318802,0.046275000000000066,15809.075,938.4688295723772,0.05936266540404021,2.548206802063185,hysteresis supporting component
2026-08-06,2026-08-06_203834_012908_1_R6_C4,6,400.0,1.75,pressing_down,0.375,3,0.6192945506708528,0.2706865870003537,0.34663355402868873,-16.3764,13951.0,2601.594126684637,0.1864808348279433,2.2487105093488076,hysteresis supporting component
2026-08-06,2026-08-06_203834_012908_1_R6_C4,6,400.0,1.75,retracting,0.375,8,0.7791825231336871,0.43418705879918373,0.34427546289399535,-12.25365,15555.0,1761.8134326393845,0.11326348007967757,2.5072533849129592,hysteresis supporting component
2026-08-06,2026-08-06_203834_012908_1_R6_C4,6,400.0,1.75,retracting,0.625,20,1.0625960420671394,0.7227089303803513,0.3415664788318802,10.96295,15412.275,948.6279076839567,0.061550154515407816,2.484248065764023,hysteresis supporting component
2026-08-06,2026-08-06_203834_012908_1_R6_C4,6,400.0,1.75,retracting,0.875,8,1.1021939720958578,0.7564076233253938,0.3441987212119632,1.7062749999999998,15382.0625,1854.269521893036,0.12054752227752528,2.479378223726628,hysteresis supporting component
2026-08-06,2026-08-06_204358_285902_1_R6_C5,6,400.0,2.625,pressing_down,0.125,20,0.25331310684227104,0.012221922012703668,0.23951230946463056,0.1589999999999998,14910.7,1098.8852413624502,0.0736977634425245,2.4034010315925207,hysteresis supporting component
2026-08-06,2026-08-06_204358_285902_1_R6_C5,6,400.0,2.625,pressing_down,0.375,20,0.6034564941600148,0.37254065598929503,0.23951230946463056,-5.82235,15219.575,1699.2880573857053,0.11165147892669179,2.4531874597034173,hysteresis supporting component
2026-08-06,2026-08-06_204358_285902_1_R6_C5,6,400.0,2.625,pressing_down,0.625,13,0.7848987512605574,0.5764469962702772,0.2358448556473581,13.2302,15026.615384615385,1269.4462400630662,0.08447985175442478,2.42208500719139,hysteresis supporting component
2026-08-06,2026-08-06_204358_285902_1_R6_C5,6,400.0,2.625,retracting,0.375,14,0.6706749737907225,0.44622414185658577,0.2371150002059636,12.486650000000001,15903.5,2310.0555354629632,0.1452545373950994,2.563426821405545,hysteresis supporting component
2026-08-06,2026-08-06_204358_285902_1_R6_C5,6,400.0,2.625,retracting,0.625,20,0.8568069334352381,0.6223657600783545,0.23951230946463056,5.770450000000001,15011.525,2309.0510951186034,0.15381855575090495,2.419652643455835,hysteresis supporting component
2026-08-06,2026-08-06_204358_285902_1_R6_C5,6,400.0,2.625,retracting,0.875,20,1.119669985148101,0.8918917771950876,0.23951230946463056,0.8821499999999999,14550.175,1833.150295866884,0.12598819573420136,2.3452893294648613,hysteresis supporting component
2026-08-06,2026-08-06_204358_285902_1_R6_C5,6,400.0,2.625,retracting,1.125,20,1.3928645698653885,1.1510379302687732,0.23951230946463056,0.8005749999999998,14990.95,873.8629740230565,0.05829270153146108,2.4163362346872987,hysteresis supporting component
2026-08-06,2026-08-06_204614_459866_1_R6_C6,6,400.0,3.5,pressing_down,0.125,20,0.1846591103070316,0.01414333047564953,0.17078882309242088,-2.6816750000000003,15473.2,778.1251827309019,0.05028857526115491,2.494068343004513,hysteresis supporting component
2026-08-06,2026-08-06_204614_459866_1_R6_C6,6,400.0,3.5,pressing_down,0.375,20,0.5421268147229659,0.3745372906237655,0.17078882309242088,-3.3795,15151.05,1547.7864576294278,0.10215704242474469,2.442142166344294,hysteresis supporting component
2026-08-06,2026-08-06_204614_459866_1_R6_C6,6,400.0,3.5,pressing_down,0.625,19,0.8041764613967478,0.6332503000090579,0.17090132210495523,-11.5272,14825.526315789473,1954.646120811217,0.13184328698870415,2.389672197902881,hysteresis supporting component
2026-08-06,2026-08-06_204614_459866_1_R6_C6,6,400.0,3.5,pressing_down,0.875,20,1.0561493051734392,0.869559009866678,0.17078882309242088,13.654375,15295.75,1510.5146778847472,0.09875388116860878,2.4654658284977433,hysteresis supporting component
2026-08-06,2026-08-06_204614_459866_1_R6_C6,6,400.0,3.5,pressing_down,1.125,11,1.2718020323650614,1.1003845150984688,0.17241179268444165,-6.8291,14424.90909090909,1871.1843551368984,0.12971897038270847,2.325098177129125,hysteresis supporting component
2026-08-06,2026-08-06_204614_459866_1_R6_C6,6,400.0,3.5,retracting,0.125,1,0.6356136304485068,0.2384071779778293,0.39720645247067754,-1.0304,14829.0,,,2.390232108317215,hysteresis supporting component
2026-08-06,2026-08-06_204614_459866_1_R6_C6,6,400.0,3.5,retracting,0.375,17,0.6032291211115337,0.426378219785744,0.17090132210495523,17.7618,14277.941176470587,2241.651943059745,0.15700106306320186,2.301408958167406,hysteresis supporting component
2026-08-06,2026-08-06_204614_459866_1_R6_C6,6,400.0,3.5,retracting,0.625,20,0.8113510302150448,0.6100735068328603,0.17078882309242088,-12.043225,15118.925,1768.7074545747869,0.11698632373497367,2.4369640554480982,hysteresis supporting component
2026-08-06,2026-08-06_204614_459866_1_R6_C6,6,400.0,3.5,retracting,0.875,20,1.0472046941594335,0.8786081124294391,0.17078882309242088,-5.22905,15230.45,1426.8834081754253,0.09368622779861559,2.4549403610573823,hysteresis supporting component
2026-08-06,2026-08-06_204614_459866_1_R6_C6,6,400.0,3.5,retracting,1.125,17,1.2775628700475994,1.1055788336176364,0.1706763240798865,12.8386,15227.176470588236,2051.5246840854156,0.13472784583852424,2.454412712860773,hysteresis supporting component
2026-08-06,2026-08-06_204614_459866_1_R6_C6,6,400.0,3.5,retracting,1.375,20,1.5507201867569682,1.3647355927044351,0.17078882309242088,12.285699999999999,14705.45,1554.0970123142922,0.10568170387946593,2.3703175370728564,hysteresis supporting component
2026-08-06,2026-08-06_204614_459866_1_R6_C6,6,400.0,3.5,retracting,1.625,19,1.8770496659686402,1.7018134480305787,0.1706763240798865,-1.9347,15422.052631578947,1364.1668794006844,0.08845559744799145,2.4858240863280057,hysteresis supporting component
2026-08-06,2026-08-06_204614_459866_1_R6_C6,6,400.0,3.5,retracting,1.875,15,1.9285374026917423,1.7610016172770209,0.1706763240798865,-7.460349999999998,13873.0,1225.8814904269616,0.08836455636322076,2.2361379754996777,hysteresis supporting component
2026-08-06,2026-08-06_204614_459866_1_R6_C6,6,400.0,3.5,retracting,2.125,2,2.45129687213611,2.079173385647053,0.3721234864890577,-10.2971,14710.75,1913.0773965002043,0.13004621766396712,2.3711718246292715,hysteresis supporting component
2026-08-06,2026-08-06_204846_576213_1_R6_C7,6,600.0,1.75,pressing_down,0.125,20,0.3513871343205621,0.009665530588005518,0.2883194111753465,5.403975,15126.175,940.5667842624971,0.062181403048853875,2.4381326563507413,hysteresis supporting component
2026-08-06,2026-08-06_204846_576213_1_R6_C7,6,600.0,1.75,retracting,0.375,1,1.068145970419658,0.4574220744603297,0.6107238959593284,42.8879,17156.0,,,2.765312701482914,hysteresis supporting component
2026-08-06,2026-08-06_204846_576213_1_R6_C7,6,600.0,1.75,retracting,0.625,20,1.003740314434976,0.6936514166877934,0.2883194111753465,1.0375249999999996,14566.2,934.2054096227557,0.06413514915508202,2.347872340425532,hysteresis supporting component
2026-08-06,2026-08-06_204846_576213_1_R6_C7,6,600.0,1.75,retracting,0.875,10,1.345475414065429,0.7615668318779514,0.5846589627216765,-3.7628749999999993,14325.3,1112.7517992196945,0.07767738192007806,2.3090425531914893,hysteresis supporting component
2026-08-06,2026-08-06_205041_958053_1_R6_C8,6,600.0,2.625,pressing_down,0.125,20,0.47289829093134805,0.019291813731089416,0.45047962159302146,3.0904749999999996,15062.8,1087.8133474761967,0.07221853489896943,2.4279174725983235,hysteresis supporting component
2026-08-06,2026-08-06_205041_958053_1_R6_C8,6,600.0,2.625,pressing_down,0.375,18,0.8155343103829122,0.37461820484287794,0.45047962159302146,13.365549999999999,14079.444444444445,2110.5133811530654,0.1499003309030311,2.269413998137402,hysteresis supporting component
2026-08-06,2026-08-06_205041_958053_1_R6_C8,6,600.0,2.625,retracting,0.625,19,1.0600178123100716,0.602165994503546,0.4514676800616815,15.1095,15404.421052631578,1577.7558012636334,0.10242227188370069,2.482982116800706,hysteresis supporting component
2026-08-06,2026-08-06_205041_958053_1_R6_C8,6,600.0,2.625,retracting,0.875,19,1.4035761735540533,0.9638054863904861,0.4494915631243615,11.5749,14962.473684210527,2364.4285278176403,0.15802390551989773,2.411746241813431,hysteresis supporting component
2026-08-06,2026-08-06_205041_958053_1_R6_C8,6,600.0,2.625,retracting,1.125,19,1.6322496606444417,1.196894558383037,0.4494915631243615,-0.9431500000000002,15342.157894736842,1372.317656908191,0.08944749925816939,2.4729461467983302,hysteresis supporting component
2026-08-06,2026-08-06_205041_958053_1_R6_C8,6,600.0,2.625,retracting,1.375,16,1.751990364592842,1.294149098831602,0.4522854407028802,9.515775,14806.21875,912.5109673998445,0.06163025028924718,2.3865600822050292,hysteresis supporting component
2026-08-06,2026-08-06_205041_958053_1_R6_C8,6,600.0,2.625,retracting,1.625,1,2.021103278336992,1.5172861081498852,0.503817170187107,-1.0003,14931.0,,,2.4066731141199225,hysteresis supporting component
2026-08-06,2026-08-06_205305_219434_1_R6_C9,6,600.0,3.5,pressing_down,0.125,20,0.4658347694123983,0.019025559053565802,0.4465456120419223,5.10425,15534.275,777.1406848691859,0.05002748341130731,2.503912798194713,hysteresis supporting component
2026-08-06,2026-08-06_205305_219434_1_R6_C9,6,600.0,3.5,pressing_down,0.375,20,0.7804366136764922,0.3355209809522811,0.4465456120419223,12.581325,15366.6,1834.450682156148,0.11937908725132093,2.4768858800773694,hysteresis supporting component
2026-08-06,2026-08-06_205305_219434_1_R6_C9,6,600.0,3.5,pressing_down,0.625,15,1.0422212312203172,0.5834255452309289,0.44077552065480485,-12.8853,15286.066666666668,1979.2015513717597,0.12947749048404164,2.463905007522029,hysteresis supporting component
2026-08-06,2026-08-06_205305_219434_1_R6_C9,6,600.0,3.5,pressing_down,0.875,10,1.3755929551847572,0.8900588359703074,0.4502178514363491,15.550749999999999,13999.9,2415.96322865689,0.1725700346900256,2.256592520954223,hysteresis supporting component
2026-08-06,2026-08-06_205305_219434_1_R6_C9,6,600.0,3.5,pressing_down,1.125,5,1.4920909359945922,1.0517700790078475,0.468163467750066,24.9238,13599.6,1931.0132832272284,0.1419904470151496,2.1920696324951643,hysteresis supporting component
2026-08-06,2026-08-06_205305_219434_1_R6_C9,6,600.0,3.5,retracting,0.375,2,0.9375673496857306,0.4547426574337419,0.48282469225198876,0.1689999999999996,15521.0,3435.1247430042476,0.22132109677238887,2.50177304964539,hysteresis supporting component
2026-08-06,2026-08-06_205305_219434_1_R6_C9,6,600.0,3.5,retracting,0.625,15,1.0582748870724088,0.6060905484994878,0.43324016803663934,13.7302,15771.733333333334,2164.378019090891,0.13723146171362846,2.542187835804857,hysteresis supporting component
2026-08-06,2026-08-06_205305_219434_1_R6_C9,6,600.0,3.5,retracting,0.875,6,1.3533677373986222,0.8894559124146426,0.4683117052709249,-14.9831,14004.666666666666,2228.675720392419,0.15913807685955295,2.2573608424672256,hysteresis supporting component
2026-08-06,2026-08-06_205305_219434_1_R6_C9,6,600.0,3.5,retracting,1.125,14,1.5268864238041335,1.0803208039634653,0.43177341373033207,14.3274,14903.57142857143,2339.0573615581425,0.15694609662982983,2.402252003315833,hysteresis supporting component
2026-08-06,2026-08-06_205305_219434_1_R6_C9,6,600.0,3.5,retracting,1.375,4,1.828377521962088,1.379427312732667,0.4281013244110565,-22.3671,17479.5,2720.7951656332625,0.15565634976019121,2.817456479690522,hysteresis supporting component
2026-08-06,2026-08-06_205305_219434_1_R6_C9,6,600.0,3.5,retracting,1.625,14,2.0847606417673257,1.6323017166601947,0.4370078443457221,5.8277,15649.857142857143,1734.5642262381218,0.11083578657648041,2.5225430597771026,hysteresis supporting component
2026-08-06,2026-08-06_205305_219434_1_R6_C9,6,600.0,3.5,retracting,1.875,8,2.3314572643779523,1.904092201250529,0.4561480874108951,23.748749999999998,15703.875,1367.2750206680648,0.08706609169189546,2.53125,hysteresis supporting component
2026-08-06,2026-08-06_205305_219434_1_R6_C9,6,600.0,3.5,retracting,2.125,14,2.5843959451754537,2.14789988733136,0.4281013244110565,13.87585,15545.17857142857,2229.4493767187555,0.143417418235156,2.5056703048724325,hysteresis supporting component
2026-08-06,2026-08-06_205305_219434_1_R6_C9,6,600.0,3.5,retracting,2.375,17,2.798274129870782,2.3617692281585825,0.43324016803663934,-0.1765,14905.235294117647,1340.8334758374995,0.08995721633234866,2.4025201956991693,hysteresis supporting component
2026-08-06,2026-08-06_205305_219434_1_R6_C9,6,600.0,3.5,retracting,2.625,11,3.1255807344520115,2.6397913754401383,0.4684599427917838,-0.016199999999999548,14609.59090909091,1477.5611631702734,0.10113638173474465,2.3548663618779675,hysteresis supporting component
2026-08-06,2026-08-06_205305_219434_1_R6_C9,6,600.0,3.5,retracting,2.875,5,3.3168438790987187,2.8319919575864345,0.48259639117458875,12.5275,14453.3,1207.7440540114449,0.08356182006956507,2.329674403610574,hysteresis supporting component
2026-08-07,2026-08-07_094240_670545_1_R7_C1,7,200.0,1.75,pressing_down,0.125,20,0.30436128993578754,0.020306920924435118,0.28305231056938934,3.3431249999999997,12052.525,884.1472620107202,0.07335784509973801,2.14419587262053,hysteresis supporting component
2026-08-07,2026-08-07_094240_670545_1_R7_C1,7,200.0,1.75,pressing_down,0.375,20,0.6527833812374515,0.36814502425424256,0.28305231056938934,2.5229,11519.625,1240.2603597101786,0.10766499427804102,2.0493906778153357,hysteresis supporting component
2026-08-07,2026-08-07_094240_670545_1_R7_C1,7,200.0,1.75,pressing_down,0.625,14,0.8247414637923935,0.5433852530598478,0.28305231056938934,6.78695,11592.285714285714,1776.4313591091475,0.15324254447248212,2.062317330419092,hysteresis supporting component
2026-08-07,2026-08-07_094240_670545_1_R7_C1,7,200.0,1.75,retracting,0.125,14,0.5084968500701117,0.22951918839131744,0.2851090227489668,7.08265,12146.5,1760.412790315866,0.14493169145975102,2.160914428037716,hysteresis supporting component
2026-08-07,2026-08-07_094240_670545_1_R7_C1,7,200.0,1.75,retracting,0.375,20,0.6485578928957629,0.36707029705496963,0.28305231056938934,2.4983999999999993,11933.5,1027.4444920337671,0.0860974979707351,2.1230208148016367,hysteresis supporting component
2026-08-07,2026-08-07_094240_670545_1_R7_C1,7,200.0,1.75,retracting,0.625,20,0.9056325435733203,0.6216421768348489,0.28305231056938934,5.968499999999999,11573.325,1073.2714533145843,0.09273665548272292,2.058944138053727,hysteresis supporting component
2026-08-07,2026-08-07_094240_670545_1_R7_C1,7,200.0,1.75,retracting,0.875,20,1.2006156433029425,0.9177798467749596,0.28305231056938934,0.1248999999999999,11657.475,637.2605324231298,0.05466539987631366,2.0739147838462904,hysteresis supporting component
2026-08-07,2026-08-07_094240_670545_1_R7_C1,7,200.0,1.75,retracting,1.125,1,1.2898671718291868,1.00625938835887,0.2836077834703168,40.7384,11124.0,,,1.9790072940757872,hysteresis supporting component
2026-08-07,2026-08-07_094528_762418_1_R7_C2,7,200.0,2.625,pressing_down,0.125,20,0.37167581895829566,0.022165758066304386,0.3420431597727586,-1.1764499999999998,13201.475,685.5910334387248,0.05193291154501485,2.3485990037359903,hysteresis supporting component
2026-08-07,2026-08-07_094528_762418_1_R7_C2,7,200.0,2.625,pressing_down,0.375,20,0.7043475944301881,0.36647204360261587,0.3420431597727586,-2.7544999999999993,13118.375,931.683773930438,0.07102127923088324,2.3338151574452946,hysteresis supporting component
2026-08-07,2026-08-07_094528_762418_1_R7_C2,7,200.0,2.625,pressing_down,0.625,20,0.9623476319265606,0.6342425732265062,0.3420431597727586,5.223025000000001,12692.975,1044.7845216648866,0.08231202863512194,2.2581346735456327,hysteresis supporting component
2026-08-07,2026-08-07_094528_762418_1_R7_C2,7,200.0,2.625,pressing_down,0.875,20,1.2077643061401853,0.8727571898157733,0.3420431597727586,-8.9032,12778.775,1475.8853941653213,0.1154950606897235,2.27339886141256,hysteresis supporting component
2026-08-07,2026-08-07_094528_762418_1_R7_C2,7,200.0,2.625,pressing_down,1.125,15,1.4702452059881526,1.131097774806245,0.3511871498399509,-0.18069999999999986,12776.833333333334,1510.6568068543033,0.11823405435783275,2.2730534305876775,hysteresis supporting component
2026-08-07,2026-08-07_094528_762418_1_R7_C2,7,200.0,2.625,pressing_down,1.375,8,1.7392041777936607,1.3646835009510638,0.3640684682451879,-5.3766,11854.9375,1579.411066494181,0.1332281225855624,2.1090442092154422,hysteresis supporting component
2026-08-07,2026-08-07_094528_762418_1_R7_C2,7,200.0,2.625,pressing_down,1.625,2,1.951774402801308,1.5948622409717026,0.3569121618296054,2.2078500000000005,11323.0,268.70057685088807,0.023730511070466136,2.0144102472869596,hysteresis supporting component
2026-08-07,2026-08-07_094528_762418_1_R7_C2,7,200.0,2.625,retracting,0.125,20,0.5323136760544898,0.18641872924579128,0.3420431597727586,-0.634600000000001,12915.25,899.0684286936586,0.0696129326721247,2.297678349048212,hysteresis supporting component
2026-08-07,2026-08-07_094528_762418_1_R7_C2,7,200.0,2.625,retracting,0.375,20,0.7022478306036517,0.37031722463826783,0.3420431597727586,-6.85575,13009.175,1141.752879924456,0.08776520263002505,2.314388009251023,hysteresis supporting component
2026-08-07,2026-08-07_094528_762418_1_R7_C2,7,200.0,2.625,retracting,0.625,20,0.964055689147321,0.6180965786121297,0.3420431597727586,11.686775,13209.675,1295.5636679697216,0.09807687683230065,2.3500578188934353,hysteresis supporting component
2026-08-07,2026-08-07_094528_762418_1_R7_C2,7,200.0,2.625,retracting,0.875,19,1.1832242850362298,0.8654719261349089,0.3390831183388831,-19.2094,12357.842105263158,1490.3519443838275,0.1205996914096428,2.198513094691898,hysteresis supporting component
2026-08-07,2026-08-07_094528_762418_1_R7_C2,7,200.0,2.625,retracting,1.125,20,1.4976477006542879,1.1426029580930754,0.3420431597727586,0.1043749999999995,12035.25,1203.4248003095167,0.09999167448200218,2.141122576054083,hysteresis supporting component
2026-08-07,2026-08-07_094528_762418_1_R7_C2,7,200.0,2.625,retracting,1.375,17,1.7243153152269983,1.376471516536427,0.34500320120663414,-7.71,11875.176470588236,1810.4518508957274,0.15245683762087678,2.1126448088575405,hysteresis supporting component
2026-08-07,2026-08-07_094528_762418_1_R7_C2,7,200.0,2.625,retracting,1.625,13,1.983980419791744,1.6246401515317772,0.3511871498399509,-5.5812,11985.884615384615,914.0279935958871,0.07625870120780875,2.132340262477249,hysteresis supporting component
2026-08-07,2026-08-07_094528_762418_1_R7_C2,7,200.0,2.625,retracting,1.875,8,2.2012194046152858,1.8921852050577677,0.34456011444746004,4.1713000000000005,11686.125,944.4338723731347,0.08081668409101687,2.0790117416829745,hysteresis supporting component
2026-08-07,2026-08-07_094528_762418_1_R7_C2,7,200.0,2.625,retracting,2.125,2,2.4504519808624963,2.0935398190328907,0.3569121618296054,1.5421000000000014,12369.5,1655.3369747577078,0.1338240813903317,2.200587084148728,hysteresis supporting component
2026-08-07,2026-08-07_094818_406548_1_R7_C3,7,200.0,3.5,pressing_down,0.125,20,0.6514930241032907,0.03892966569493256,0.5994731071438075,-0.3825250000000001,12452.5,874.258377441312,0.07020745853774842,2.2153531400106745,hysteresis supporting component
2026-08-07,2026-08-07_094818_406548_1_R7_C3,7,200.0,3.5,pressing_down,0.375,20,0.9648218678175091,0.3657638908032811,0.5994731071438075,4.0322,12317.725,1455.459607957135,0.11815977446786115,2.191376089663761,hysteresis supporting component
2026-08-07,2026-08-07_094818_406548_1_R7_C3,7,200.0,3.5,pressing_down,0.625,20,1.2094373300655445,0.6310307401101753,0.5994731071438075,-9.6181,12003.875,1585.068302322116,0.1320463852149507,2.1355408290339795,hysteresis supporting component
2026-08-07,2026-08-07_094818_406548_1_R7_C3,7,200.0,3.5,pressing_down,0.875,19,1.49896051354636,0.8895160906843393,0.6013974028276718,18.1665,11648.815789473685,1731.7270538919481,0.1486612103057551,2.072374273167352,hysteresis supporting component
2026-08-07,2026-08-07_094818_406548_1_R7_C3,7,200.0,3.5,pressing_down,1.125,17,1.7354991761525242,1.1381370673907705,0.5964455874286436,4.7883,12196.058823529413,2084.32553451315,0.17090156456870614,2.1697311552267236,hysteresis supporting component
2026-08-07,2026-08-07_094818_406548_1_R7_C3,7,200.0,3.5,pressing_down,1.375,18,1.984044823498289,1.3561310962179167,0.5994731071438075,2.71615,12126.222222222223,1261.421726165294,0.10402429569974753,2.157306924430212,hysteresis supporting component
2026-08-07,2026-08-07_094818_406548_1_R7_C3,7,200.0,3.5,pressing_down,1.625,14,2.1649589717017195,1.5727812646676587,0.5969971994442935,0.9386499999999999,11372.57142857143,1060.5450495843177,0.09325463957253319,2.023229216966986,hysteresis supporting component
2026-08-07,2026-08-07_094818_406548_1_R7_C3,7,200.0,3.5,pressing_down,1.875,18,2.420025436937274,1.8248149318408942,0.5989214951281577,-19.71215,10688.444444444445,1500.1982701207205,0.14035702556329246,1.9015200933009153,hysteresis supporting component
2026-08-07,2026-08-07_094818_406548_1_R7_C3,7,200.0,3.5,pressing_down,2.125,12,2.7017613836417063,2.1165852095991484,0.5912965614249547,14.1509,11233.333333333334,1189.6908179961054,0.10590719448036545,1.9984581628417244,hysteresis supporting component
2026-08-07,2026-08-07_094818_406548_1_R7_C3,7,200.0,3.5,pressing_down,2.375,15,2.964343917798881,2.3765003986274182,0.6013974028276718,12.8805,11511.733333333334,1422.6877715219512,0.12358588670590738,2.0479867164798673,hysteresis supporting component
2026-08-07,2026-08-07_094818_406548_1_R7_C3,7,200.0,3.5,pressing_down,2.625,10,3.2207039982160097,2.6258548919482694,0.6081589352859667,1.04115,12223.0,1725.3326893352742,0.14115460110736103,2.1745241060309555,hysteresis supporting component
2026-08-07,2026-08-07_094818_406548_1_R7_C3,7,200.0,3.5,pressing_down,2.875,9,3.474048179219837,2.841303699449668,0.6198722831432897,-19.9857,10382.666666666666,1433.452998880675,0.13806212266091,1.8471209156140662,hysteresis supporting component
2026-08-07,2026-08-07_094818_406548_1_R7_C3,7,200.0,3.5,pressing_down,3.125,10,3.7239120850394913,3.100279781803671,0.610581446777566,-0.21875,10763.6,1456.7566104954597,0.13534102070826307,1.9148905888631915,hysteresis supporting component
2026-08-07,2026-08-07_094818_406548_1_R7_C3,7,200.0,3.5,pressing_down,3.375,10,3.962687505590661,3.365053529208451,0.5994731071438075,11.3955,11064.7,996.2155110438928,0.09003547416955658,1.968457569827433,hysteresis supporting component
2026-08-07,2026-08-07_094818_406548_1_R7_C3,7,200.0,3.5,pressing_down,3.625,6,4.247073777976675,3.630062078745421,0.6130573544770801,9.9434,11634.5,827.8513755499837,0.07115487348403314,2.0698274328411315,hysteresis supporting component
2026-08-07,2026-08-07_094818_406548_1_R7_C3,7,200.0,3.5,pressing_down,3.875,9,4.4979207864491615,3.8340167653800803,0.6327444797701691,10.5467,11317.666666666666,1575.9229042056595,0.13924450601175092,2.0134614244203286,hysteresis supporting component
2026-08-07,2026-08-07_094818_406548_1_R7_C3,7,200.0,3.5,pressing_down,4.125,6,4.743258064114464,4.114014562590983,0.610581446777566,-13.13155,10071.166666666666,1823.2134725990445,0.1810329957733177,1.7917037300598944,hysteresis supporting component
2026-08-07,2026-08-07_094818_406548_1_R7_C3,7,200.0,3.5,pressing_down,4.375,4,5.002313762363874,4.3615358521590935,0.6427890550104115,-6.7736,11760.0,1127.7857361514493,0.09590014763192599,2.092154420921544,hysteresis supporting component
2026-08-07,2026-08-07_094818_406548_1_R7_C3,7,200.0,3.5,pressing_down,4.625,6,5.305437611074863,4.6637514005052925,0.6441087220611704,-6.10575,10534.0,1259.3663486055198,0.11955252977079173,1.8740437644547232,hysteresis supporting component
2026-08-07,2026-08-07_094818_406548_1_R7_C3,7,200.0,3.5,pressing_down,4.875,1,5.579816198861508,4.909573987681191,0.6702422111803171,-43.6152,9288.0,,,1.652375022238036,hysteresis supporting component
2026-08-07,2026-08-07_094818_406548_1_R7_C3,7,200.0,3.5,pressing_down,5.125,2,5.871498636512126,5.195873902804068,0.6756247337080588,-3.4075000000000006,8833.0,985.7068529740473,0.11159366613540668,1.5714285714285714,hysteresis supporting component
2026-08-07,2026-08-07_094818_406548_1_R7_C3,7,200.0,3.5,retracting,0.125,17,0.7882839043529452,0.1806890180025939,0.5975488114599433,-3.2593,12750.0,1468.0048641779088,0.11513763640611047,2.2682796655399393,hysteresis supporting component
2026-08-07,2026-08-07_094818_406548_1_R7_C3,7,200.0,3.5,retracting,0.375,20,0.9955293853506783,0.38476970463886256,0.5994731071438075,-4.566525,12181.525,1097.3786286443087,0.09008548836408484,2.1671455257071695,hysteresis supporting component
2026-08-07,2026-08-07_094818_406548_1_R7_C3,7,200.0,3.5,retracting,0.625,20,1.2338779034388896,0.6316586055540372,0.5994731071438075,-2.2681,12537.3,1148.2352981858724,0.09158553262551529,2.2304394235901084,hysteresis supporting component
2026-08-07,2026-08-07_094818_406548_1_R7_C3,7,200.0,3.5,retracting,0.875,19,1.445902681086988,0.8545571811928815,0.5975488114599433,10.3982,11543.605263157895,957.7890712316364,0.08297139839738606,2.053656869446343,hysteresis supporting component
2026-08-07,2026-08-07_094818_406548_1_R7_C3,7,200.0,3.5,retracting,1.125,17,1.7037451067899203,1.0932069074121054,0.5975488114599433,-13.2128,11572.70588235294,1506.4087992932841,0.13016910777888052,2.058833994369852,hysteresis supporting component
2026-08-07,2026-08-07_094818_406548_1_R7_C3,7,200.0,3.5,retracting,1.375,16,1.9622498835088469,1.359626134274376,0.5989214951281577,3.2190000000000003,11960.0,1749.4490180244368,0.14627500150705994,2.12773527842021,hysteresis supporting component
2026-08-07,2026-08-07_094818_406548_1_R7_C3,7,200.0,3.5,retracting,1.625,13,2.2512785291704773,1.626561223043989,0.5964455874286436,2.9852,11544.461538461539,1166.5299407062403,0.10104671723491192,2.053809204494136,hysteresis supporting component
2026-08-07,2026-08-07_094818_406548_1_R7_C3,7,200.0,3.5,retracting,1.875,9,2.5171827346346687,1.886370544490698,0.6327444797701691,15.1448,11544.666666666666,724.5020703904158,0.06275643042014349,2.053845697681314,hysteresis supporting component
2026-08-07,2026-08-07_094818_406548_1_R7_C3,7,200.0,3.5,retracting,2.125,8,2.6610507940980996,2.1104147381550393,0.5994731071438075,-5.5334,11439.25,2331.8300446522376,0.20384466155143366,2.035091620708059,hysteresis supporting component
2026-08-07,2026-08-07_094818_406548_1_R7_C3,7,200.0,3.5,retracting,2.375,11,2.991639375840024,2.380060267726228,0.6327444797701691,2.3271,11180.818181818182,925.3604506549672,0.08276321424846643,1.9891154922288172,hysteresis supporting component
2026-08-07,2026-08-07_094818_406548_1_R7_C3,7,200.0,3.5,retracting,2.625,9,3.1553004324656286,2.5951916751239845,0.5975488114599433,-12.606,10314.666666666666,1412.5951295399543,0.13695014828787044,1.83502342406452,hysteresis supporting component
2026-08-07,2026-08-07_094818_406548_1_R7_C3,7,200.0,3.5,retracting,2.875,8,3.5491066351952893,2.9109322749196735,0.6246396088396488,7.3096,11065.25,1084.4667880049228,0.09800653288492558,1.9685554171855542,hysteresis supporting component
2026-08-07,2026-08-07_094818_406548_1_R7_C3,7,200.0,3.5,retracting,3.125,12,3.670465404680276,3.0936553637892414,0.5800271480388689,-0.7852749999999995,11245.75,1538.7979443826807,0.1368337322439749,2.0006671410781,hysteresis supporting component
2026-08-07,2026-08-07_094818_406548_1_R7_C3,7,200.0,3.5,retracting,3.375,6,3.9262136768987084,3.405132372859487,0.5646293126067041,-7.056150000000001,11051.083333333334,1451.4428826745702,0.13133942066083146,1.9660351064460653,hysteresis supporting component
2026-08-07,2026-08-07_094818_406548_1_R7_C3,7,200.0,3.5,retracting,3.625,17,4.1885592391011865,3.56158227223075,0.5964455874286436,3.7855,10514.20588235294,1430.0839907460802,0.13601445575136925,1.8705223060581644,hysteresis supporting component
2026-08-07,2026-08-07_094818_406548_1_R7_C3,7,200.0,3.5,retracting,3.875,6,4.483458774889456,3.8780985395401517,0.5962678382555271,0.7556750000000001,10748.583333333334,816.0930349333132,0.07592563686066973,1.9122190594793336,hysteresis supporting component
2026-08-07,2026-08-07_094818_406548_1_R7_C3,7,200.0,3.5,retracting,4.125,11,4.754048176439041,4.135285274725355,0.6327444797701691,5.3239,10740.545454545454,1247.7435925410607,0.11617134323592562,1.9107890863806183,hysteresis supporting component
2026-08-07,2026-08-07_094818_406548_1_R7_C3,7,200.0,3.5,retracting,4.375,7,4.901468158873392,4.306481293822281,0.594986865051111,9.1348,12028.42857142857,1183.071688042453,0.0983562965866242,2.139909014664396,hysteresis supporting component
2026-08-07,2026-08-07_094818_406548_1_R7_C3,7,200.0,3.5,retracting,4.625,14,5.242556846259747,4.633313818156937,0.6106348429854808,3.8092499999999996,10942.964285714286,1356.73347056997,0.12398226249729656,1.9468002643149414,hysteresis supporting component
2026-08-07,2026-08-07_094818_406548_1_R7_C3,7,200.0,3.5,retracting,4.875,10,5.532258676916481,4.92768536705848,0.5994731071438075,5.250475,11380.0,1338.7740660768718,0.11764271230903968,2.0245507916740797,hysteresis supporting component
2026-08-07,2026-08-07_094818_406548_1_R7_C3,7,200.0,3.5,retracting,5.125,10,5.727655589527233,5.119174990037676,0.622294794634889,-14.114550000000001,11416.95,1066.1792753670568,0.09338564812555514,2.0311243550969578,hysteresis supporting component
2026-08-07,2026-08-07_094818_406548_1_R7_C3,7,200.0,3.5,retracting,5.375,8,6.014821915937196,5.380915201407491,0.6427890550104115,-1.4846500000000007,10476.25,804.9614897620878,0.07683679654094623,1.8637697918519835,hysteresis supporting component
2026-08-07,2026-08-07_094818_406548_1_R7_C3,7,200.0,3.5,retracting,5.625,7,6.1897911214586285,5.557046641688459,0.6327444797701691,-2.0162,10963.57142857143,1171.7883564795106,0.1068801680286217,1.9504663633822148,hysteresis supporting component
2026-08-07,2026-08-07_094818_406548_1_R7_C3,7,200.0,3.5,retracting,5.875,4,6.565341093606284,5.911530287324506,0.6668711745880849,-4.046099999999999,10512.5,632.0614421610186,0.06012475074064386,1.870218822273617,hysteresis supporting component
2026-08-07,2026-08-07_095053_424037_1_R7_C4,7,400.0,1.75,pressing_down,0.125,20,0.6373466481700656,0.022901654369327312,0.62015138944811,2.9004,12563.575,803.11132273834,0.06392378942604633,2.235113858743996,hysteresis supporting component
2026-08-07,2026-08-07_095053_424037_1_R7_C4,7,400.0,1.75,pressing_down,0.375,13,0.9611407755221132,0.3789374266630777,0.6305569693974593,14.2746,12236.038461538461,1083.3567906730616,0.08853819756111236,2.1768437042409645,hysteresis supporting component
2026-08-07,2026-08-07_095053_424037_1_R7_C4,7,400.0,1.75,pressing_down,0.625,3,1.1461963777945725,0.5829514865077177,0.634395980923443,17.0066,12141.333333333334,2524.2912536657363,0.20790889965399756,2.159995255885667,hysteresis supporting component
2026-08-07,2026-08-07_095053_424037_1_R7_C4,7,400.0,1.75,retracting,0.625,6,1.0865512298823181,0.6114345749143653,0.4890936383277833,-22.952399999999997,11094.083333333334,2328.904472421887,0.20992310968355984,1.9736849908082785,hysteresis supporting component
2026-08-07,2026-08-07_095053_424037_1_R7_C4,7,400.0,1.75,retracting,0.875,17,1.4326598687092524,0.8492250140842,0.6040295600598786,-7.9296,11758.235294117647,1553.5973790453145,0.13212844786517758,2.091840472178909,hysteresis supporting component
2026-08-07,2026-08-07_095053_424037_1_R7_C4,7,400.0,1.75,retracting,1.125,12,1.7195333260343921,1.202214017532092,0.5093065296787798,2.8746,11702.916666666666,1139.0633479337575,0.09733157813369239,2.0819990511771334,hysteresis supporting component
2026-08-07,2026-08-07_095053_424037_1_R7_C4,7,400.0,1.75,retracting,1.375,15,1.9532437838731729,1.3283438702702361,0.6305569693974593,7.5995,11128.5,1466.0232774413914,0.13173592824202648,1.9798078633695073,hysteresis supporting component
2026-08-07,2026-08-07_095053_424037_1_R7_C4,7,400.0,1.75,retracting,1.625,13,2.302978156108998,1.643775484955144,0.6352579160263634,2.7783,11053.538461538461,1144.1487822383222,0.10350973004884052,1.9664718842801034,hysteresis supporting component
2026-08-07,2026-08-07_095053_424037_1_R7_C4,7,400.0,1.75,retracting,1.875,7,2.414666816221042,1.7753544373490544,0.6393123788719874,-7.70345,11676.357142857143,527.6806731889495,0.04519223476405491,2.077273998017638,hysteresis supporting component
2026-08-07,2026-08-07_095436_287372_1_R7_C5,7,400.0,2.625,pressing_down,0.125,20,0.6208056015622754,0.0195608266003095,0.5920835366633057,-9.91895,12611.675,789.5800895179399,0.06260707554848503,2.243671054972425,hysteresis supporting component
2026-08-07,2026-08-07_095436_287372_1_R7_C5,7,400.0,2.625,pressing_down,0.375,19,0.9504679415372306,0.3816772622702951,0.5901893856051503,22.8423,11850.894736842105,1483.2699197957058,0.12516100705751027,2.1083249843163325,hysteresis supporting component
2026-08-07,2026-08-07_095436_287372_1_R7_C5,7,400.0,2.625,pressing_down,0.625,12,1.1310304384961603,0.6367761199354316,0.5069828533315117,-3.13475,11527.5,1571.0095480295465,0.13628363027799145,2.0507916740793455,hysteresis supporting component
2026-08-07,2026-08-07_095436_287372_1_R7_C5,7,400.0,2.625,pressing_down,0.875,14,1.4239409846358042,0.8806374986734027,0.5343557793371352,0.027850000000000152,11701.5,1465.9273646608617,0.12527687601255066,2.0817470201031845,hysteresis supporting component
2026-08-07,2026-08-07_095436_287372_1_R7_C5,7,400.0,2.625,pressing_down,1.125,4,1.7308078996278375,1.1035763534402068,0.6092690887445559,-25.90735,10805.25,892.6751462131489,0.08261494608761008,1.9223003024372887,hysteresis supporting component
2026-08-07,2026-08-07_095436_287372_1_R7_C5,7,400.0,2.625,pressing_down,1.375,8,1.9471045096073274,1.3560766009569303,0.6117766826842425,-21.004150000000003,11938.0,1278.5837030536115,0.10710200226617621,2.123821384095357,hysteresis supporting component
2026-08-07,2026-08-07_095436_287372_1_R7_C5,7,400.0,2.625,pressing_down,1.625,1,2.279009893118716,1.50234554650663,0.7766643466120862,-27.5296,9742.0,,,1.7331435687600072,hysteresis supporting component
2026-08-07,2026-08-07_095436_287372_1_R7_C5,7,400.0,2.625,retracting,0.375,8,0.9352734852652149,0.4575894870335596,0.48316695750038186,7.4445,12149.875,855.5737318982425,0.0704183155710032,2.1615148550080057,hysteresis supporting component
2026-08-07,2026-08-07_095436_287372_1_R7_C5,7,400.0,2.625,retracting,0.625,5,1.1282348922444596,0.5220703323941835,0.5230851618548216,16.8314,13046.0,1411.969723471435,0.10823008764919781,2.320939334637965,hysteresis supporting component
2026-08-07,2026-08-07_095436_287372_1_R7_C5,7,400.0,2.625,retracting,0.875,9,1.4330783003880447,0.8905130103174682,0.49769847010355994,35.9801,13441.888888888889,749.7652039879629,0.05577826228036455,2.391369665342268,hysteresis supporting component
2026-08-07,2026-08-07_095436_287372_1_R7_C5,7,400.0,2.625,retracting,1.125,11,1.635418490740118,1.101010092708352,0.6082019728973446,31.2642,11220.181818181818,1286.157829986803,0.11462896509418774,1.9961184519092365,hysteresis supporting component
2026-08-07,2026-08-07_095436_287372_1_R7_C5,7,400.0,2.625,retracting,1.375,5,1.9069623132315097,1.3873227292606574,0.49769847010355994,-26.3317,11720.0,1881.626822725484,0.1605483637137785,2.085038249421811,hysteresis supporting component
2026-08-07,2026-08-07_095436_287372_1_R7_C5,7,400.0,2.625,retracting,1.625,10,2.11669409712115,1.5999549207770691,0.5343557793371352,-28.50155,11650.0,1741.7401260425358,0.14950559021824336,2.072584949297278,hysteresis supporting component
2026-08-07,2026-08-07_095436_287372_1_R7_C5,7,400.0,2.625,retracting,1.875,11,2.421156075323151,1.902763856128042,0.5230851618548216,-14.3164,11671.09090909091,1462.798308349135,0.12533518243866337,2.0763371124516827,hysteresis supporting component
2026-08-07,2026-08-07_095436_287372_1_R7_C5,7,400.0,2.625,retracting,2.125,7,2.667417751532823,2.1507293710681847,0.49769847010355994,2.5812,11861.857142857143,1161.9435483377881,0.09795629253868361,2.1102752433476506,hysteresis supporting component
2026-08-07,2026-08-07_095436_287372_1_R7_C5,7,400.0,2.625,retracting,2.375,8,2.877323921861051,2.398223932493985,0.5439439278543552,-6.86305,11861.1875,1470.980332428975,0.12401627850744075,2.1101561110122753,hysteresis supporting component
2026-08-07,2026-08-07_095436_287372_1_R7_C5,7,400.0,2.625,retracting,2.625,7,3.134857841338095,2.633497046296651,0.5456263968194488,9.24375,10663.5,1132.273487281231,0.10618216226203694,1.8970823696851096,hysteresis supporting component
2026-08-07,2026-08-07_095436_287372_1_R7_C5,7,400.0,2.625,retracting,2.875,8,3.4682023357123937,2.866862945436497,0.5972999929711872,17.446849999999998,12027.375,1229.0922245415807,0.10219122830555967,2.139721579790073,hysteresis supporting component
2026-08-07,2026-08-07_095436_287372_1_R7_C5,7,400.0,2.625,retracting,3.125,9,3.791380772045807,3.1817042226395733,0.6103362045917672,-9.2027,11804.833333333334,1883.1401302080521,0.1595228053657162,2.1001304631441617,hysteresis supporting component
2026-08-07,2026-08-07_095436_287372_1_R7_C5,7,400.0,2.625,retracting,3.375,9,3.9449368372725133,3.3036929556406127,0.6103362045917672,16.2283,11187.222222222223,1086.0904114964114,0.09708311767857876,1.9902547984739765,hysteresis supporting component
2026-08-07,2026-08-07_095436_287372_1_R7_C5,7,400.0,2.625,retracting,3.625,3,4.265785969074662,3.5808694372054672,0.6527576620002207,20.07495,11239.833333333334,1062.8593901985969,0.09456184613045242,1.999614540710431,hysteresis supporting component
2026-08-07,2026-08-07_095436_287372_1_R7_C5,7,400.0,2.625,retracting,3.875,2,4.616287471302183,3.8712476206807707,0.7450398506214118,6.64295,10609.0,641.3458505361986,0.0604529975055329,1.8873865860167232,hysteresis supporting component
2026-08-07,2026-08-07_095436_287372_1_R7_C5,7,400.0,2.625,retracting,4.125,1,4.84107894882378,4.064414602211694,0.7766643466120862,3.599,11125.0,,,1.9791851983632807,hysteresis supporting component
2026-08-07,2026-08-07_095653_974863_1_R7_C6,7,400.0,3.5,pressing_down,0.125,20,0.6125137511732728,0.028577368642407563,0.580669340743208,4.50985,13231.7,829.6832845318623,0.06270420917432092,2.353976160825476,hysteresis supporting component
2026-08-07,2026-08-07_095653_974863_1_R7_C6,7,400.0,3.5,pressing_down,0.375,17,0.934856415645192,0.4055630067073184,0.5842572742028136,3.6455,12133.5,1391.5725367367666,0.11468846884549114,2.1586016723003025,hysteresis supporting component
2026-08-07,2026-08-07_095653_974863_1_R7_C6,7,400.0,3.5,pressing_down,0.625,8,1.2061449512287368,0.6271135663663525,0.5823128688499142,-22.96715,12399.625,1447.4320055582182,0.11673191774414292,2.2059464508094644,hysteresis supporting component
2026-08-07,2026-08-07_095653_974863_1_R7_C6,7,400.0,3.5,pressing_down,0.875,13,1.379394899375205,0.801271846639259,0.5755161516519223,-18.1647,12382.384615384615,729.7154169562199,0.058931735656924895,2.2028793124683537,hysteresis supporting component
2026-08-07,2026-08-07_095653_974863_1_R7_C6,7,400.0,3.5,pressing_down,1.125,7,1.6485964634012884,1.1082370678585598,0.5738639624513082,10.049,12630.0,2407.2831158798085,0.19060040505778372,2.24693115104074,hysteresis supporting component
2026-08-07,2026-08-07_095653_974863_1_R7_C6,7,400.0,3.5,pressing_down,1.375,11,1.9393044283614147,1.365403534186152,0.5842572742028136,-10.5687,12408.0,1652.2287371910704,0.13315834438999602,2.207436399217221,hysteresis supporting component
2026-08-07,2026-08-07_095653_974863_1_R7_C6,7,400.0,3.5,pressing_down,1.625,7,2.2060082207962197,1.6446621087998405,0.5738639624513082,3.8279,10698.285714285714,1578.518895915378,0.14754876978164258,1.9032708974000558,hysteresis supporting component
2026-08-07,2026-08-07_095653_974863_1_R7_C6,7,400.0,3.5,pressing_down,1.875,5,2.4803224501980434,1.9079901919818467,0.587544330416226,3.9555,11905.6,1295.4834232825983,0.1088129471242607,2.118057285180573,hysteresis supporting component
2026-08-07,2026-08-07_095653_974863_1_R7_C6,7,400.0,3.5,pressing_down,2.125,7,2.7212622980070824,2.1494893469445593,0.5755161516519223,18.9374,11395.857142857143,1586.6493446433406,0.13923036457488794,2.027371845375759,hysteresis supporting component
2026-08-07,2026-08-07_095653_974863_1_R7_C6,7,400.0,3.5,pressing_down,2.375,4,3.0054741577610313,2.4202343911242274,0.5962945885523596,28.39365,12752.25,972.3560304744348,0.07624976223603167,2.2686799501867996,hysteresis supporting component
2026-08-07,2026-08-07_095653_974863_1_R7_C6,7,400.0,3.5,pressing_down,2.625,4,3.199252730569825,2.596209394966515,0.5879701460365241,13.9799,12064.75,1537.9580347547412,0.12747533390702181,2.146370752535136,hysteresis supporting component
2026-08-07,2026-08-07_095653_974863_1_R7_C6,7,400.0,3.5,pressing_down,2.875,3,3.4048686700998108,2.8173243396835845,0.587544330416226,-25.8901,13138.333333333334,424.2691755635018,0.03229246547483204,2.3373658305165157,hysteresis supporting component
2026-08-07,2026-08-07_095653_974863_1_R7_C6,7,400.0,3.5,pressing_down,3.125,5,3.6710995581783656,3.1050763359811953,0.5755161516519223,18.9963,11924.6,2004.8979525152895,0.1681312540894696,2.121437466642946,hysteresis supporting component
2026-08-07,2026-08-07_095653_974863_1_R7_C6,7,400.0,3.5,pressing_down,3.375,4,3.8914142284766617,3.2989319807069304,0.5841794381512576,22.8769,12705.25,1006.3115405612053,0.07920438720695819,2.260318448674613,hysteresis supporting component
2026-08-07,2026-08-07_095653_974863_1_R7_C6,7,400.0,3.5,pressing_down,3.625,2,4.242543368633953,3.5661469418123573,0.6763964268215957,6.559749999999999,11187.5,1545.0283168926064,0.13810308977811006,1.9903042163316136,hysteresis supporting component
2026-08-07,2026-08-07_095653_974863_1_R7_C6,7,400.0,3.5,retracting,0.375,3,0.9390108062500292,0.43986116449295276,0.5329989141442756,35.3573,13413.0,487.2330038082396,0.03632543083637065,2.3862302081480165,hysteresis supporting component
2026-08-07,2026-08-07_095653_974863_1_R7_C6,7,400.0,3.5,retracting,0.625,11,1.1645578056128938,0.6283141806967898,0.5739008941752628,25.701,13091.181818181818,1040.5878932778162,0.0794876969650353,2.3289773738092543,hysteresis supporting component
2026-08-07,2026-08-07_095653_974863_1_R7_C6,7,400.0,3.5,retracting,0.875,8,1.496304135259886,0.8694764406077624,0.5944625498786307,-1.25645,12439.25,1544.6515788358224,0.12417561981918708,2.2129959082013877,hysteresis supporting component
2026-08-07,2026-08-07_095653_974863_1_R7_C6,7,400.0,3.5,retracting,1.125,8,1.6737141691933135,1.1165079200172494,0.5721912008799255,-23.32495,11790.375,393.7214161960564,0.03339346002108133,2.097558263654154,hysteresis supporting component
2026-08-07,2026-08-07_095653_974863_1_R7_C6,7,400.0,3.5,retracting,1.375,5,1.875029262884606,1.3420303487403302,0.5755161516519223,42.6299,12658.2,1099.2029839843046,0.08683722677665899,2.251948051948052,hysteresis supporting component
2026-08-07,2026-08-07_095653_974863_1_R7_C6,7,400.0,3.5,retracting,1.625,8,2.2492393995659237,1.6507526524085532,0.5944625498786307,26.5043,11820.0,829.8622949450281,0.07020831598519695,2.102828678171144,hysteresis supporting component
2026-08-07,2026-08-07_095653_974863_1_R7_C6,7,400.0,3.5,retracting,1.875,6,2.4197860840927605,1.8600168259967989,0.5682708307528566,6.21995,12895.333333333334,1247.1701835221472,0.09671484647072436,2.294135088655637,hysteresis supporting component
2026-08-07,2026-08-07_095653_974863_1_R7_C6,7,400.0,3.5,retracting,2.125,5,2.643047293139057,2.165379150387141,0.5739008941752628,-21.9333,11992.2,2353.9377009598197,0.19628906297091606,2.1334637964774954,hysteresis supporting component
2026-08-07,2026-08-07_095653_974863_1_R7_C6,7,400.0,3.5,retracting,2.375,6,3.0105229019775956,2.406667503326602,0.5966768993203264,-22.73475,10758.166666666666,1423.4627380675151,0.13231462034121505,1.913923975567811,hysteresis supporting component
2026-08-07,2026-08-07_095653_974863_1_R7_C6,7,400.0,3.5,retracting,2.625,7,3.2416244017793554,2.674516383216357,0.5848773124221145,26.3235,13148.857142857143,1260.3541074596758,0.09585274931246311,2.3392380613515646,hysteresis supporting component
2026-08-07,2026-08-07_095653_974863_1_R7_C6,7,400.0,3.5,retracting,2.875,5,3.4211332020290053,2.8705491384738204,0.5738639624513082,17.229,12400.7,1409.9441300987783,0.11369875330415041,2.20613769791852,hysteresis supporting component
2026-08-07,2026-08-07_095653_974863_1_R7_C6,7,400.0,3.5,retracting,3.125,5,3.6621959231583223,3.0882950289830595,0.5329989141442756,-11.3788,11807.2,966.7423131320984,0.08187735560777307,2.1005515032912294,hysteresis supporting component
2026-08-07,2026-08-07_095653_974863_1_R7_C6,7,400.0,3.5,retracting,3.375,2,4.014182939324874,3.42699542110419,0.587187518220684,-10.71245,13515.0,1817.264427649427,0.13446277674061613,2.404376445472336,hysteresis supporting component
2026-08-07,2026-08-07_095653_974863_1_R7_C6,7,400.0,3.5,retracting,3.625,8,4.252528828703824,3.672562857076259,0.5862108214191702,-10.05715,12145.25,1726.3370594577248,0.1421409241849879,2.1606920476783493,hysteresis supporting component
2026-08-07,2026-08-07_095653_974863_1_R7_C6,7,400.0,3.5,retracting,3.875,7,4.442631283064987,3.8482010971589324,0.5770814072836024,-26.9704,11501.42857142857,1897.0491873031701,0.16494030941649726,2.046153455155412,hysteresis supporting component
2026-08-07,2026-08-07_095653_974863_1_R7_C6,7,400.0,3.5,retracting,4.125,5,4.6174932487129565,4.128325218611404,0.5603030236449007,-14.1223,12547.4,844.9833134447093,0.06734329928468921,2.232236256893791,hysteresis supporting component
2026-08-07,2026-08-07_095653_974863_1_R7_C6,7,400.0,3.5,retracting,4.375,2,4.950768805673982,4.382859218025571,0.5679095876484115,14.6952,10849.5,465.98336880193483,0.042949755177836293,1.9301725671588685,hysteresis supporting component
2026-08-07,2026-08-07_095653_974863_1_R7_C6,7,400.0,3.5,retracting,4.625,9,5.208367192738842,4.657148036725556,0.5738639624513082,-6.7760500000000015,12216.388888888889,1419.9710775614801,0.1162349275613663,2.173347961019194,hysteresis supporting component
2026-08-07,2026-08-07_095653_974863_1_R7_C6,7,400.0,3.5,retracting,4.875,11,5.4049461814904936,4.82678181989695,0.5848773124221145,-2.0843999999999996,10903.045454545454,842.938919926748,0.07731224486231311,1.9396985330982839,hysteresis supporting component
2026-08-07,2026-08-07_095653_974863_1_R7_C6,7,400.0,3.5,retracting,5.125,9,5.773899399188476,5.20008489887225,0.5739008941752628,11.6044,10868.111111111111,761.5125892663309,0.07006853182498211,1.9334835636205498,hysteresis supporting component
2026-08-07,2026-08-07_095653_974863_1_R7_C6,7,400.0,3.5,retracting,5.375,12,5.976587573964647,5.394235846468559,0.580669340743208,6.068375,12404.958333333334,1477.3145239425203,0.11909064780756513,2.206895273676096,hysteresis supporting component
2026-08-07,2026-08-07_095653_974863_1_R7_C6,7,400.0,3.5,retracting,5.625,13,6.208486299179476,5.578192043280815,0.587544330416226,4.5383,11566.307692307691,951.5080254185445,0.08226549480880195,2.0576957289286057,hysteresis supporting component
2026-08-07,2026-08-07_095653_974863_1_R7_C6,7,400.0,3.5,retracting,5.875,4,6.4002440497850746,5.805826555748954,0.5944174940361211,24.07555,12563.0,3467.6871254483153,0.2760238100332974,2.235011563778687,hysteresis supporting component
2026-08-07,2026-08-07_095957_373755_1_R7_C7,7,600.0,1.75,pressing_down,0.125,20,0.3946296539482529,0.012304211162837198,0.38213188490200556,-2.6536,12945.725,903.8589852026582,0.06981910902654413,2.303099982209571,hysteresis supporting component
2026-08-07,2026-08-07_095957_373755_1_R7_C7,7,600.0,1.75,retracting,0.375,2,0.8244454321049137,0.4971221138609519,0.3273233182439619,12.43695,12841.5,342.94678887547553,0.026706131594866296,2.284557907845579,hysteresis supporting component
2026-08-07,2026-08-07_095957_373755_1_R7_C7,7,600.0,1.75,retracting,0.625,17,1.0272330298049506,0.6961674527293888,0.34038851065294806,-3.4601,12568.029411764706,1285.52537254458,0.10228535679119459,2.2359063176951977,hysteresis supporting component
2026-08-07,2026-08-07_095957_373755_1_R7_C7,7,600.0,1.75,retracting,0.875,15,1.2848201897284333,0.8924868317030217,0.38769060987339543,4.0111,12147.566666666668,1027.0671119167203,0.08454920562280402,2.1611041926110417,hysteresis supporting component
2026-08-07,2026-08-07_100214_041362_1_R7_C8,7,600.0,2.625,pressing_down,0.125,20,0.40214523805373903,0.017024805250417857,0.38722997277537546,1.0544499999999997,12899.675,920.0689515780296,0.07132497148788863,2.2949074897705035,hysteresis supporting component
2026-08-07,2026-08-07_100214_041362_1_R7_C8,7,600.0,2.625,pressing_down,0.375,15,0.705848987419405,0.31463815648308524,0.3785495068053164,8.3463,12180.666666666666,1221.9690589177703,0.10032037591684394,2.166992824527071,hysteresis supporting component
2026-08-07,2026-08-07_100214_041362_1_R7_C8,7,600.0,2.625,pressing_down,0.625,10,0.9745015972369027,0.5858025624492038,0.39078309192285265,-21.6946,11859.0,1693.0419040558004,0.1427643059326925,2.1097669453833836,hysteresis supporting component
2026-08-07,2026-08-07_100214_041362_1_R7_C8,7,600.0,2.625,retracting,0.625,9,1.0776379548390886,0.6753947272053193,0.3647027416820581,-28.6107,13250.444444444445,1700.21675905685,0.12831394193495937,2.3573108778588234,hysteresis supporting component
2026-08-07,2026-08-07_100214_041362_1_R7_C8,7,600.0,2.625,retracting,0.875,5,1.1854413780855215,0.9048833665635885,0.38646755335110106,28.0799,13028.4,1033.9907156256288,0.07936436673924878,2.317808219178082,hysteresis supporting component
2026-08-07,2026-08-07_100214_041362_1_R7_C8,7,600.0,2.625,retracting,1.125,13,1.4830968344455648,1.12399934996592,0.3785495068053164,10.3542,12540.692307692309,1727.371769703682,0.13774134053541312,2.2310429296730665,hysteresis supporting component
2026-08-07,2026-08-07_100214_041362_1_R7_C8,7,600.0,2.625,retracting,1.375,13,1.712962128326534,1.3715454906363787,0.38646755335110106,-17.4624,12441.961538461539,1577.5447492535468,0.12679228627872866,2.2134783025193983,hysteresis supporting component
2026-08-07,2026-08-07_100214_041362_1_R7_C8,7,600.0,2.625,retracting,1.625,14,2.0416074669473034,1.6494137638642354,0.38869903478769896,6.4148,12302.035714285714,1492.650771463121,0.12133363990561201,2.188584898467482,hysteresis supporting component
2026-08-07,2026-08-07_100214_041362_1_R7_C8,7,600.0,2.625,retracting,1.875,16,2.307465057862885,1.9110448344577873,0.39078309192285265,3.0649249999999997,11697.09375,1000.0467192211571,0.08549531538303326,2.0809631293364172,hysteresis supporting component
2026-08-07,2026-08-07_100214_041362_1_R7_C8,7,600.0,2.625,retracting,2.125,6,2.4477258848855037,2.052035452549055,0.3956904323364489,4.0920749999999995,11696.333333333334,1499.9001855679148,0.1282367852233961,2.0808278479511357,hysteresis supporting component
2026-08-07,2026-08-07_100416_759979_1_R7_C9,7,600.0,3.5,pressing_down,0.125,19,0.40163626354403253,0.02084616484041013,0.3839483468757562,-5.84055,13209.078947368422,1002.5765870323802,0.07590056740724674,2.349951778574706,hysteresis supporting component
2026-08-07,2026-08-07_100416_759979_1_R7_C9,7,600.0,3.5,pressing_down,0.375,16,0.7441079085238663,0.3508328214207832,0.383908443557963,21.9554,12725.0625,1514.16231929297,0.11899056050160621,2.2638431773705747,hysteresis supporting component
2026-08-07,2026-08-07_100416_759979_1_R7_C9,7,600.0,3.5,pressing_down,0.625,13,1.0106652076355138,0.6344234382662568,0.3839483468757562,-5.4569,12696.615384615385,1922.3037194323874,0.15140284723137015,2.2587823135768343,hysteresis supporting component
2026-08-07,2026-08-07_100416_759979_1_R7_C9,7,600.0,3.5,pressing_down,0.875,8,1.2268166673758125,0.8575141921520943,0.38275239219661,5.06845,12410.25,1539.6799992206172,0.1240651879873989,2.2078366838640813,hysteresis supporting component
2026-08-07,2026-08-07_100416_759979_1_R7_C9,7,600.0,3.5,pressing_down,1.125,10,1.5625316106914298,1.156474306353088,0.39016303856058876,6.590999999999999,11264.3,1357.4376228762778,0.1205079430480614,2.0039672656111014,hysteresis supporting component
2026-08-07,2026-08-07_100416_759979_1_R7_C9,7,600.0,3.5,pressing_down,1.375,3,1.7886783996992044,1.4047067381178437,0.38397166158136065,-22.5648,12863.666666666666,480.55107255455505,0.03735723919213458,2.2885014528850145,hysteresis supporting component
2026-08-07,2026-08-07_100416_759979_1_R7_C9,7,600.0,3.5,pressing_down,1.625,3,1.962623461657471,1.6022973313557434,0.40697813813889405,-19.2638,12516.666666666666,848.5306908611692,0.06779206584776319,2.2267686651248297,hysteresis supporting component
2026-08-07,2026-08-07_100416_759979_1_R7_C9,7,600.0,3.5,retracting,0.625,11,1.0308700057477491,0.6616839886026719,0.3819479597217472,4.9388,13821.818181818182,1416.5868006007827,0.10248917920684436,2.4589607154986983,hysteresis supporting component
2026-08-07,2026-08-07_100416_759979_1_R7_C9,7,600.0,3.5,retracting,0.875,8,1.2650400623633251,0.8926410942603723,0.38900698719923577,10.8474,13899.5,1513.201147992465,0.10886730803212094,2.472780644013521,hysteresis supporting component
2026-08-07,2026-08-07_100416_759979_1_R7_C9,7,600.0,3.5,retracting,1.125,6,1.5981003390248292,1.2055590504891358,0.3839201009107652,16.1703,13062.666666666666,1577.379430152006,0.12075477928080072,2.323904406096187,hysteresis supporting component
2026-08-07,2026-08-07_100416_759979_1_R7_C9,7,600.0,3.5,retracting,1.375,5,1.7046785270540052,1.359457285099238,0.36918601714507726,4.6928,13430.8,1241.4115755864373,0.09243020338225848,2.3893969044653978,hysteresis supporting component
2026-08-07,2026-08-07_100416_759979_1_R7_C9,7,600.0,3.5,retracting,1.625,7,1.932832035642065,1.54869642374201,0.3838685402401698,-30.7933,13658.42857142857,1094.8399970076082,0.08015856225934019,2.4298930032785218,hysteresis supporting component
2026-08-07,2026-08-07_100416_759979_1_R7_C9,7,600.0,3.5,retracting,1.875,5,2.154702063671717,1.8367458025124432,0.39956763895419667,-8.7939,13942.2,1491.5224436796116,0.10697898779816754,2.480377157089486,hysteresis supporting component
2026-08-07,2026-08-07_100416_759979_1_R7_C9,7,600.0,3.5,retracting,2.125,7,2.4305172652761096,2.061331248131032,0.37967047882437477,0.07050000000000001,12070.42857142857,1581.851537191239,0.13105181210678604,2.147380994739116,hysteresis supporting component
2026-08-07,2026-08-07_100416_759979_1_R7_C9,7,600.0,3.5,retracting,2.375,9,2.723977609849109,2.326406818971039,0.3907657006903771,-11.775,13193.222222222223,1875.3635499402358,0.14214598362342723,2.347130799185594,hysteresis supporting component
2026-08-07,2026-08-07_100416_759979_1_R7_C9,7,600.0,3.5,retracting,2.625,5,3.006036669301808,2.6221681290616385,0.3838685402401698,26.1821,12650.1,1352.6886374920136,0.10693106279729121,2.250507027219356,hysteresis supporting component
2026-08-07,2026-08-07_100416_759979_1_R7_C9,7,600.0,3.5,retracting,2.875,11,3.283070405000115,2.907699334824445,0.3838685402401698,-5.1399,12302.0,1608.5663181852344,0.1307564882283559,2.1885785447429282,hysteresis supporting component
2026-08-07,2026-08-07_100416_759979_1_R7_C9,7,600.0,3.5,retracting,3.125,14,3.5499783946913004,3.167390398964918,0.3829481532987517,-0.34542499999999965,11445.214285714286,1136.2450594677343,0.09927687076038194,2.0361526927084657,hysteresis supporting component
2026-08-07,2026-08-07_100416_759979_1_R7_C9,7,600.0,3.5,retracting,3.375,11,3.7770078025315357,3.4028797947268714,0.38397166158136065,-2.6016500000000002,12148.318181818182,785.947366963185,0.06469598138608815,2.1612378903786125,hysteresis supporting component
2026-08-07,2026-08-07_100416_759979_1_R7_C9,7,600.0,3.5,retracting,3.625,10,4.043327931578544,3.6380677596269893,0.3997147299002688,6.100975,11524.35,937.7064528234125,0.0813674049142392,2.0502312755737413,hysteresis supporting component
2026-08-07,2026-08-07_100416_759979_1_R7_C9,7,600.0,3.5,retracting,3.875,4,4.189818923063987,3.7825498431628137,0.41301137412464034,-3.7994499999999998,12796.5,1763.3393509664174,0.1377985660896665,2.2765522149083792,hysteresis supporting component
2026-08-07,2026-08-07_100416_759979_1_R7_C9,7,600.0,3.5,retracting,4.125,1,4.480486485209791,4.049636620131058,0.4308498650787334,11.3801,9088.0,,,1.6167941647393702,hysteresis supporting component
2026-08-07,2026-08-07_100731_125330_1_R8_C1,8,200.0,1.75,pressing_down,0.125,20,0.30642187436498414,0.024598075163258196,0.2816142953430327,0.38380000000000014,12637.425,621.0760245650074,0.049145773333175664,2.20087513061651,hysteresis supporting component
2026-08-07,2026-08-07_100731_125330_1_R8_C1,8,200.0,1.75,pressing_down,0.375,20,0.6652441865100922,0.36910872818444795,0.2816142953430327,1.038825000000001,12179.875,1125.1346571457689,0.092376535649649,2.1211903517938,hysteresis supporting component
2026-08-07,2026-08-07_100731_125330_1_R8_C1,8,200.0,1.75,pressing_down,0.625,2,0.8181467212031976,0.5236424516610692,0.2945042695421285,26.1961,10613.5,1100.9652583074544,0.10373253481956513,1.8483977708115638,hysteresis supporting component
2026-08-07,2026-08-07_100731_125330_1_R8_C1,8,200.0,1.75,retracting,0.125,20,0.48416508629388144,0.19590843163179358,0.2816142953430327,-15.896525,12497.625,1173.0063139216265,0.09385833819798768,2.1765282131661445,hysteresis supporting component
2026-08-07,2026-08-07_100731_125330_1_R8_C1,8,200.0,1.75,retracting,0.375,20,0.6656245129168151,0.3701588388992031,0.2816142953430327,-1.0755999999999997,12440.05,678.4741375050033,0.054539502454170455,2.166501219087426,hysteresis supporting component
2026-08-07,2026-08-07_100731_125330_1_R8_C1,8,200.0,1.75,retracting,0.625,20,0.9374429894493534,0.634020329305284,0.2816142953430327,3.96995,12597.025,941.5385431778532,0.07474292884056775,2.1938392546151166,hysteresis supporting component
2026-08-07,2026-08-07_100731_125330_1_R8_C1,8,200.0,1.75,retracting,0.875,19,1.133400523922611,0.8618364241762992,0.28151010540426413,5.9465,12255.026315789473,567.5089934109761,0.04630826395532034,2.1342783552402427,hysteresis supporting component
2026-08-07,2026-08-07_100731_125330_1_R8_C1,8,200.0,1.75,retracting,1.125,2,1.3057545602536362,1.0176259312093057,0.28812862904433045,-0.014149999999999885,13894.0,4.242640687119285,0.0003053577578177116,2.4197143852316265,hysteresis supporting component
2026-08-07,2026-08-07_101009_300632_1_R8_C2,8,200.0,2.625,pressing_down,0.125,20,0.27459653808064444,0.0288042096395175,0.24372430377505774,1.560375,12779.225,678.7042894368653,0.053109972587294225,2.225570358760014,hysteresis supporting component
2026-08-07,2026-08-07_101009_300632_1_R8_C2,8,200.0,2.625,pressing_down,0.375,20,0.6323648652334065,0.37640386946972926,0.24372430377505774,-0.7141250000000002,12423.975,1175.0686371330335,0.09458073097644137,2.163701671891327,hysteresis supporting component
2026-08-07,2026-08-07_101009_300632_1_R8_C2,8,200.0,2.625,pressing_down,0.625,20,0.8746490950922976,0.6227982301774824,0.24372430377505774,7.641075000000001,12133.3,1143.3954098027045,0.09423614431380618,2.1130790665273422,hysteresis supporting component
2026-08-07,2026-08-07_101009_300632_1_R8_C2,8,200.0,2.625,pressing_down,0.875,20,1.1163273782063103,0.8706800916535243,0.24372430377505774,-5.978975,11937.55,1457.604026259677,0.1221024436554969,2.0789881574364335,hysteresis supporting component
2026-08-07,2026-08-07_101009_300632_1_R8_C2,8,200.0,2.625,pressing_down,1.125,14,1.435216072224303,1.0802845377853758,0.3032929135328487,14.2993,11463.67857142857,1671.0235648011906,0.1457667845787264,1.9964609145643628,hysteresis supporting component
2026-08-07,2026-08-07_101009_300632_1_R8_C2,8,200.0,2.625,pressing_down,1.375,6,1.750195472375205,1.358740865508676,0.3876446627683794,1.2784,13114.0,986.4771664868881,0.07522320927915879,2.2838732149076977,hysteresis supporting component
2026-08-07,2026-08-07_101009_300632_1_R8_C2,8,200.0,2.625,pressing_down,1.625,2,1.905227409118941,1.5170274853654713,0.38819992375346973,-2.90295,11965.5,60.10407640085654,0.005023114487556437,2.083855799373041,hysteresis supporting component
2026-08-07,2026-08-07_101009_300632_1_R8_C2,8,200.0,2.625,retracting,0.125,19,0.4297103808993616,0.18199614989013757,0.24246940900721825,7.3638,12893.947368421053,1022.1515556078652,0.07927374964405755,2.245549872591615,hysteresis supporting component
2026-08-07,2026-08-07_101009_300632_1_R8_C2,8,200.0,2.625,retracting,0.375,20,0.6010009962704559,0.3526978596352123,0.24372430377505774,2.456974999999999,12990.275,1229.5621008588469,0.09465250742257934,2.262325844653431,hysteresis supporting component
2026-08-07,2026-08-07_101009_300632_1_R8_C2,8,200.0,2.625,retracting,0.625,20,0.8442684667905611,0.6045327615790822,0.24372430377505774,5.130225,12630.675,1683.2083968531176,0.13326353475591113,2.199699582027168,hysteresis supporting component
2026-08-07,2026-08-07_101009_300632_1_R8_C2,8,200.0,2.625,retracting,0.875,18,1.0680488788776823,0.8701853835784463,0.2133401027165892,-2.479975,12634.0,1691.751372360121,0.13390465192022485,2.2002786485545105,hysteresis supporting component
2026-08-07,2026-08-07_101009_300632_1_R8_C2,8,200.0,2.625,retracting,1.125,20,1.3670030968494513,1.1312285795103234,0.24372430377505774,-10.289650000000002,11961.9,2019.8274196730665,0.16885506647548187,2.083228840125392,hysteresis supporting component
2026-08-07,2026-08-07_101009_300632_1_R8_C2,8,200.0,2.625,retracting,1.375,17,1.635875952319568,1.3997980352913073,0.18421079642596017,-12.6151,12515.79411764706,1312.0726930464773,0.10483335541581632,2.179692462146823,hysteresis supporting component
2026-08-07,2026-08-07_101009_300632_1_R8_C2,8,200.0,2.625,retracting,1.625,15,1.9039291805368983,1.5735780509760815,0.24497919854289724,-3.1196,12258.6,964.4544571932879,0.07867574251491101,2.1349007314524555,hysteresis supporting component
2026-08-07,2026-08-07_101009_300632_1_R8_C2,8,200.0,2.625,retracting,1.875,9,2.244831952337361,1.8492889453518093,0.38181210629720785,15.8527,11899.777777777777,1367.2476712155865,0.11489690788754485,2.0724099229846353,hysteresis supporting component
2026-08-07,2026-08-07_101009_300632_1_R8_C2,8,200.0,2.625,retracting,2.125,8,2.5509436013086138,2.1585833393565528,0.38819992375346973,5.0813500000000005,11697.1875,743.9848278742937,0.06360373618652296,2.0371277429467085,hysteresis supporting component
2026-08-07,2026-08-07_101009_300632_1_R8_C2,8,200.0,2.625,retracting,2.375,3,2.676935233148497,2.282347491938765,0.3962290797168868,-8.79195,11551.166666666666,1150.189803177429,0.0995734748158855,2.0116974341112273,hysteresis supporting component
2026-08-07,2026-08-07_101257_411774_1_R8_C3,8,200.0,3.5,pressing_down,0.125,19,0.3120447784507354,0.026818905667703646,0.293790753900561,-1.2051999999999996,13209.894736842105,718.5640499354593,0.05439589521719654,2.3005737960365913,hysteresis supporting component
2026-08-07,2026-08-07_101257_411774_1_R8_C3,8,200.0,3.5,pressing_down,0.375,20,0.5960098215912615,0.36014744817050026,0.21420250666855553,5.1372,13021.525,1121.6082259416612,0.08613493626450519,2.2677681992337164,hysteresis supporting component
2026-08-07,2026-08-07_101257_411774_1_R8_C3,8,200.0,3.5,pressing_down,0.625,20,0.838697871461588,0.6209282991829292,0.21420250666855553,6.3081,13150.575,1014.760838753852,0.07716475049599365,2.290242946708464,hysteresis supporting component
2026-08-07,2026-08-07_101257_411774_1_R8_C3,8,200.0,3.5,pressing_down,0.875,20,1.0862206085182344,0.8675988014021587,0.21420250666855553,-3.0420499999999997,13192.2,1243.286480938408,0.09424405943954821,2.2974921630094043,hysteresis supporting component
2026-08-07,2026-08-07_101257_411774_1_R8_C3,8,200.0,3.5,pressing_down,1.125,20,1.3348907484837735,1.135056505250395,0.21420250666855553,-2.42415,12364.8,1518.2426336843666,0.1227874800792869,2.153396029258098,hysteresis supporting component
2026-08-07,2026-08-07_101257_411774_1_R8_C3,8,200.0,3.5,pressing_down,1.375,19,1.5549522871208483,1.4010364586047306,0.1346142594365501,8.6644,12968.605263157895,1958.0879461788127,0.1509867797226802,2.258551944123632,hysteresis supporting component
2026-08-07,2026-08-07_101257_411774_1_R8_C3,8,200.0,3.5,pressing_down,1.625,15,1.865779485016779,1.623668962246699,0.293790753900561,-6.8272,12730.733333333334,1534.7883272698587,0.12055773120714634,2.2171252757459654,hysteresis supporting component
2026-08-07,2026-08-07_101257_411774_1_R8_C3,8,200.0,3.5,pressing_down,1.875,11,2.1855341485916817,1.8480127338445274,0.34273922933243983,5.2621,12479.454545454546,1581.7888205216498,0.1267514389158774,2.173363731357462,hysteresis supporting component
2026-08-07,2026-08-07_101257_411774_1_R8_C3,8,200.0,3.5,pressing_down,2.125,7,2.5071602981621783,2.1452297693430316,0.37234393131497934,-8.4798,12560.857142857143,2108.8644202169908,0.1678917605886647,2.1875404289197395,hysteresis supporting component
2026-08-07,2026-08-07_101257_411774_1_R8_C3,8,200.0,3.5,pressing_down,2.375,5,2.681797254470147,2.3228876783531063,0.35890957611704083,23.7893,13355.4,2309.272461187722,0.17290926974764684,2.325914315569488,hysteresis supporting component
2026-08-07,2026-08-07_101257_411774_1_R8_C3,8,200.0,3.5,pressing_down,2.625,6,2.9162093601050834,2.547520991450032,0.37683178498475467,-4.895849999999999,12940.5,1117.7888441024986,0.08637910777037199,2.253657262277952,hysteresis supporting component
2026-08-07,2026-08-07_101257_411774_1_R8_C3,8,200.0,3.5,pressing_down,2.875,3,3.2635279626919287,2.8837563307082905,0.3773246447460704,-26.1902,14006.0,1073.262782360406,0.07662878640299914,2.43921978404737,hysteresis supporting component
2026-08-07,2026-08-07_101257_411774_1_R8_C3,8,200.0,3.5,pressing_down,3.125,2,3.283933662189245,3.0472668235616034,0.23666683862764126,6.07995,10619.0,510.5310960166873,0.048077134948364936,1.8493556252176941,hysteresis supporting component
2026-08-07,2026-08-07_101257_411774_1_R8_C3,8,200.0,3.5,pressing_down,3.375,1,3.429073348558735,3.349350560882702,0.07972278767603311,36.8369,13388.0,,,2.331591779867642,hysteresis supporting component
2026-08-07,2026-08-07_101257_411774_1_R8_C3,8,200.0,3.5,retracting,0.125,19,0.4506442358558373,0.16775322482842314,0.293790753900561,5.6648,13347.315789473685,1132.0598876301938,0.08481554684747843,2.3245064070835397,hysteresis supporting component
2026-08-07,2026-08-07_101257_411774_1_R8_C3,8,200.0,3.5,retracting,0.375,20,0.5786021833002535,0.35348931971356934,0.21420250666855553,0.1685500000000002,13298.025,949.3224519430463,0.07138822884924992,2.3159221525600833,hysteresis supporting component
2026-08-07,2026-08-07_101257_411774_1_R8_C3,8,200.0,3.5,retracting,0.625,20,0.7908736717835793,0.6098932215895918,0.21420250666855553,-5.971025000000001,13344.95,1185.3144031059974,0.08882119476700902,2.3240943921978405,hysteresis supporting component
2026-08-07,2026-08-07_101257_411774_1_R8_C3,8,200.0,3.5,retracting,0.875,20,1.0916318510134753,0.8413657545980183,0.21420250666855553,2.8832999999999998,13260.275,1278.1191513828355,0.09638707729536795,2.3093477882270985,hysteresis supporting component
2026-08-07,2026-08-07_101257_411774_1_R8_C3,8,200.0,3.5,retracting,1.125,19,1.3316026606527287,1.0853743351163585,0.1346142594365501,7.6083,12514.236842105263,1525.0864854203173,0.12186811746194767,2.1794212542851383,hysteresis supporting component
2026-08-07,2026-08-07_101257_411774_1_R8_C3,8,200.0,3.5,retracting,1.375,17,1.5054963977954112,1.3411925786002106,0.1238376575792464,6.6286,12532.088235294117,905.371750913922,0.07224428474451082,2.182530169852685,hysteresis supporting component
2026-08-07,2026-08-07_101257_411774_1_R8_C3,8,200.0,3.5,retracting,1.625,16,1.8283200412259866,1.6074146421117543,0.12922595850789825,-9.69045,13010.875,1454.5772180717438,0.11179703271853306,2.265913444792755,hysteresis supporting component
2026-08-07,2026-08-07_101257_411774_1_R8_C3,8,200.0,3.5,retracting,1.875,15,2.1201664845162926,1.8773745976101306,0.293790753900561,5.0705,12514.566666666668,1060.453657414509,0.0847375451072624,2.1794786949959364,hysteresis supporting component
2026-08-07,2026-08-07_101257_411774_1_R8_C3,8,200.0,3.5,retracting,2.125,12,2.338297344308783,2.1651717320156645,0.20780504255350554,6.9293,12291.916666666666,1399.6162109231186,0.11386476567308751,2.1407030070823176,hysteresis supporting component
2026-08-07,2026-08-07_101257_411774_1_R8_C3,8,200.0,3.5,retracting,2.375,10,2.6660176624632896,2.3440410990945875,0.3493981639940063,8.0646,12727.2,1405.151913495477,0.1104054240913537,2.216509926854754,hysteresis supporting component
2026-08-07,2026-08-07_101257_411774_1_R8_C3,8,200.0,3.5,retracting,2.625,8,2.963551617599295,2.5909101563908905,0.35082440272474036,-11.104,12018.6875,969.074113983475,0.0806306107870327,2.093118686868687,hysteresis supporting component
2026-08-07,2026-08-07_101257_411774_1_R8_C3,8,200.0,3.5,retracting,2.875,7,3.2845800856741234,2.9245057162979085,0.35890957611704083,14.0438,12741.07142857143,859.3423080361819,0.06744662824110188,2.2189257103050206,hysteresis supporting component
2026-08-07,2026-08-07_101257_411774_1_R8_C3,8,200.0,3.5,retracting,3.125,5,3.4481213069393135,3.0892117308222726,0.35890957611704083,-0.6408,12131.7,1351.0462427319057,0.1113649564967734,2.112800417972832,hysteresis supporting component
2026-08-07,2026-08-07_101257_411774_1_R8_C3,8,200.0,3.5,retracting,3.375,6,3.684879301486797,3.332719681070798,0.37683178498475467,12.4978,11784.333333333334,982.5722704547827,0.08337953812588318,2.052304655752932,hysteresis supporting component
2026-08-07,2026-08-07_101257_411774_1_R8_C3,8,200.0,3.5,retracting,3.625,6,4.009662183623385,3.6757395823535113,0.3793221417003002,-3.7565,12362.333333333334,895.3403077415128,0.07242486378581546,2.1529664460698945,hysteresis supporting component
2026-08-07,2026-08-07_101257_411774_1_R8_C3,8,200.0,3.5,retracting,3.875,6,4.184127918583628,3.857413231082811,0.3793221417003002,6.5634,12726.833333333334,1758.0452117811608,0.13813689279458052,2.216446069894346,hysteresis supporting component
2026-08-07,2026-08-07_101257_411774_1_R8_C3,8,200.0,3.5,retracting,4.125,3,4.482692902941285,4.117000364765066,0.37234393131497934,-4.1005,12660.5,400.56491359079365,0.03163894898233037,2.2048937652385927,hysteresis supporting component
2026-08-07,2026-08-07_101531_828063_1_R8_C4,8,400.0,1.75,pressing_down,0.125,19,0.4132382958918619,0.01524765793368102,0.39535395660437933,0.6106000000000003,12927.736842105263,752.7477142741976,0.058227338896822245,2.2514344900914773,hysteresis supporting component
2026-08-07,2026-08-07_101531_828063_1_R8_C4,8,400.0,1.75,pressing_down,0.375,1,0.5311446551128147,0.28515411510935873,0.24599054000345605,-16.02675,13176.0,,,2.2946708463949843,hysteresis supporting component
2026-08-07,2026-08-07_101531_828063_1_R8_C4,8,400.0,1.75,pressing_down,0.625,1,0.8291855381848676,0.5831949981814115,0.24599054000345605,33.0432,14142.0,,,2.462904911180773,hysteresis supporting component
2026-08-07,2026-08-07_101531_828063_1_R8_C4,8,400.0,1.75,retracting,0.375,13,0.7869669683147862,0.39397327117927633,0.3991583942810156,-4.541,12726.0,1659.8810198324456,0.13043226621345635,2.216300940438871,hysteresis supporting component
2026-08-07,2026-08-07_101531_828063_1_R8_C4,8,400.0,1.75,retracting,0.625,20,1.037238906423655,0.6505266920041187,0.3941738268699446,3.07335,12379.725,1433.1534375836718,0.11576617716335957,2.1559952978056427,hysteresis supporting component
2026-08-07,2026-08-07_101531_828063_1_R8_C4,8,400.0,1.75,retracting,0.875,17,1.199402790597675,0.8034951837803185,0.39722019466562586,1.1686000000000005,12475.617647058823,889.5485780968444,0.07130296898018183,2.172695514987604,hysteresis supporting component
2026-08-07,2026-08-07_101531_828063_1_R8_C4,8,400.0,1.75,retracting,1.125,1,1.3029613191155651,1.056970779112109,0.24599054000345605,-0.739,12752.0,,,2.220828979449669,hysteresis supporting component
2026-08-07,2026-08-07_101740_121167_1_R8_C5,8,400.0,2.625,pressing_down,0.125,20,0.12419112836863533,0.0167031587470508,0.10154084118988342,-0.6251000000000002,13277.025,772.0076096400253,0.05814612909443381,2.312264890282132,hysteresis supporting component
2026-08-07,2026-08-07_101740_121167_1_R8_C5,8,400.0,2.625,pressing_down,0.375,20,0.48999711753614184,0.3857097725340316,0.10154084118988342,-9.984925,12561.075,1063.1617106660283,0.08463938879960738,2.187578369905956,hysteresis supporting component
2026-08-07,2026-08-07_101740_121167_1_R8_C5,8,400.0,2.625,pressing_down,0.625,9,0.6737400586119182,0.5668456515897871,0.10569503576408465,25.847,12503.555555555555,1448.8339372674072,0.11587375533543051,2.1775610511242696,hysteresis supporting component
2026-08-07,2026-08-07_101740_121167_1_R8_C5,8,400.0,2.625,retracting,0.375,20,0.4883243259288863,0.38927185076037196,0.10154084118988342,0.6409,13181.025,1416.5930355220137,0.10747214541524759,2.295545977011494,hysteresis supporting component
2026-08-07,2026-08-07_101740_121167_1_R8_C5,8,400.0,2.625,retracting,0.625,20,0.7375378761875898,0.6378047817477905,0.10154084118988342,-5.900875000000001,12965.025,1413.6709536280282,0.10903727170815546,2.25792842215256,hysteresis supporting component
2026-08-07,2026-08-07_101740_121167_1_R8_C5,8,400.0,2.625,retracting,0.875,20,1.001064841456707,0.9006429555787532,0.10154084118988342,5.743275000000001,13007.2,930.6752557035926,0.0715507761627093,2.2652734238941137,hysteresis supporting component
2026-08-07,2026-08-07_101740_121167_1_R8_C5,8,400.0,2.625,retracting,1.125,20,1.159986561752452,1.0619329691535464,0.10154084118988342,5.4798,12312.15,643.3284153525318,0.052251508904012055,2.1442267502612333,hysteresis supporting component
2026-08-07,2026-08-07_102007_014740_1_R8_C6,8,400.0,3.5,pressing_down,0.125,20,0.13532493865231054,0.02135565371616813,0.11403701841569233,0.2453000000000003,13051.375,614.4832205109213,0.04708187608668983,2.2729667363288053,hysteresis supporting component
2026-08-07,2026-08-07_102007_014740_1_R8_C6,8,400.0,3.5,pressing_down,0.375,20,0.47272440190023735,0.35736109556057716,0.11403701841569233,11.375225,13084.9,1449.9469645473246,0.11081070276022931,2.2788052943225354,hysteresis supporting component
2026-08-07,2026-08-07_102007_014740_1_R8_C6,8,400.0,3.5,pressing_down,0.625,20,0.7217608894884845,0.6098778093286192,0.11403701841569233,16.343,12461.625,1546.9475110596622,0.12413690117136908,2.1702586206896552,hysteresis supporting component
2026-08-07,2026-08-07_102007_014740_1_R8_C6,8,400.0,3.5,pressing_down,0.875,20,0.9980835323742483,0.881534393219105,0.11403701841569233,5.4300999999999995,12546.975,1703.0232905892597,0.13573178320585327,2.1851227795193315,hysteresis supporting component
2026-08-07,2026-08-07_102007_014740_1_R8_C6,8,400.0,3.5,pressing_down,1.125,8,1.2036629461566044,1.0842443217785156,0.11544366293189655,-23.536450000000002,12435.125,892.892480729263,0.07180406153772181,2.165643504005573,hysteresis supporting component
2026-08-07,2026-08-07_102007_014740_1_R8_C6,8,400.0,3.5,retracting,0.375,20,0.506568709618477,0.39755317381708216,0.11403701841569233,12.13985,13041.15,1463.1567360370268,0.11219537663756857,2.271185997910136,hysteresis supporting component
2026-08-07,2026-08-07_102007_014740_1_R8_C6,8,400.0,3.5,retracting,0.625,20,0.7577287422566427,0.6592562235934848,0.11403701841569233,-5.35005,13303.725,1340.1052538690265,0.10073158110747378,2.316914838035528,hysteresis supporting component
2026-08-07,2026-08-07_102007_014740_1_R8_C6,8,400.0,3.5,retracting,0.875,18,0.9913845507999262,0.8771764102145907,0.1134896482750779,-6.02775,12097.861111111111,1438.152877883085,0.1188766232869241,2.106907194550873,hysteresis supporting component
2026-08-07,2026-08-07_102007_014740_1_R8_C6,8,400.0,3.5,retracting,1.125,15,1.229939817247698,1.1111602217059604,0.11454057291392365,22.2984,12827.6,1323.4650300307467,0.10317323817633438,2.233995123650296,hysteresis supporting component
2026-08-07,2026-08-07_102007_014740_1_R8_C6,8,400.0,3.5,retracting,1.375,19,1.4744046774991764,1.3668100309876552,0.113533463917461,-19.9592,12825.78947368421,1054.7708323479228,0.08223827737950073,2.2336798108122973,hysteresis supporting component
2026-08-07,2026-08-07_102007_014740_1_R8_C6,8,400.0,3.5,retracting,1.625,20,1.7843593327780902,1.665306822536891,0.11403701841569233,-5.030049999999999,12400.45,1016.0860523545601,0.08193944996790922,2.159604667363288,hysteresis supporting component
2026-08-07,2026-08-07_102007_014740_1_R8_C6,8,400.0,3.5,retracting,1.875,18,1.9346508652475398,1.821427526147989,0.11403701841569233,-0.3878250000000001,12629.111111111111,846.4440768080301,0.0670232504378972,2.199427222415728,hysteresis supporting component
2026-08-07,2026-08-07_102231_135842_1_R8_C7,8,600.0,1.75,pressing_down,0.125,20,0.3154790570099222,0.013411205521851086,0.18501759655446548,4.9074,13402.725,662.2566777593429,0.04941209177680978,2.3341562173458725,hysteresis supporting component
2026-08-07,2026-08-07_102231_135842_1_R8_C7,8,600.0,1.75,pressing_down,0.375,1,0.4581646801704644,0.27761393290669506,0.18055074726376935,-13.792,14908.0,,,2.596307906652734,hysteresis supporting component
2026-08-07,2026-08-07_102231_135842_1_R8_C7,8,600.0,1.75,retracting,0.375,9,0.6527661559600784,0.46328171011491676,0.1715502864332063,-22.4248,12695.555555555555,1635.9581375382982,0.1288606969879633,2.2109988776655443,hysteresis supporting component
2026-08-07,2026-08-07_102231_135842_1_R8_C7,8,600.0,1.75,retracting,0.625,19,0.8361980303754025,0.6511595058027853,0.1894844458451616,1.0466000000000002,12947.657894736842,920.3962469838673,0.07108592569147226,2.254903847916552,hysteresis supporting component
2026-08-07,2026-08-07_102231_135842_1_R8_C7,8,600.0,1.75,retracting,0.875,2,1.1275415022294162,0.8467673426143241,0.2807741596150921,10.798075,13200.5,798.3235559596121,0.06047676648305838,2.2989376523859284,hysteresis supporting component
2026-08-07,2026-08-07_102422_750493_1_R8_C8,8,600.0,2.625,pressing_down,0.125,20,0.2587269242338084,0.014132971858551724,0.24344241519694998,1.1004499999999997,12800.775,813.0124210063002,0.0635127498925886,2.2293234064785787,hysteresis supporting component
2026-08-07,2026-08-07_102422_750493_1_R8_C8,8,600.0,2.625,pressing_down,0.375,20,0.6022234399507354,0.3605001084391636,0.24344241519694998,-6.37275,12309.05,1737.6612375016566,0.14116940279726356,2.1436868686868684,hysteresis supporting component
2026-08-07,2026-08-07_102422_750493_1_R8_C8,8,600.0,2.625,retracting,0.375,8,0.7236029224492042,0.4735539775571569,0.24123587393024962,-21.43505,13393.875,1777.7711115326404,0.13273015550261894,2.3326149425287355,hysteresis supporting component
2026-08-07,2026-08-07_102422_750493_1_R8_C8,8,600.0,2.625,retracting,0.625,18,0.853402360465002,0.6174681269670567,0.24344241519694998,8.256599999999999,13121.555555555555,2011.2423208560954,0.15327773542859807,2.2851890553039977,hysteresis supporting component
2026-08-07,2026-08-07_102422_750493_1_R8_C8,8,600.0,2.625,retracting,0.875,20,1.1320342883759282,0.8862969580842968,0.24344241519694998,1.2421499999999996,12704.625,932.9328242726073,0.07343253533832025,2.2125783699059562,hysteresis supporting component
2026-08-07,2026-08-07_102422_750493_1_R8_C8,8,600.0,2.625,retracting,1.125,20,1.321783654898559,1.0728595034059212,0.24344241519694998,1.03005,12454.85,780.5022691224311,0.0626665330471608,2.169078718216649,hysteresis supporting component
2026-08-07,2026-08-07_102613_098259_1_R8_C9,8,600.0,3.5,pressing_down,0.125,20,0.4043751646243549,0.01867808980409391,0.38680820364890567,-2.05315,12974.4,749.6415037939976,0.05777851028132305,2.259561128526646,hysteresis supporting component
2026-08-07,2026-08-07_102613_098259_1_R8_C9,8,600.0,3.5,pressing_down,0.375,19,0.7111167156019107,0.3430175870339387,0.38651907916127676,2.628850000000001,12425.28947368421,1222.14753287206,0.09835968292412606,2.1639305945113567,hysteresis supporting component
2026-08-07,2026-08-07_102613_098259_1_R8_C9,8,600.0,3.5,pressing_down,0.625,15,0.9790019153879446,0.6010900537949484,0.38709732813653464,19.9029,12163.866666666667,1751.3548986291669,0.1439801131188411,2.118402414954139,hysteresis supporting component
2026-08-07,2026-08-07_102613_098259_1_R8_C9,8,600.0,3.5,pressing_down,0.875,11,1.2633451478801676,0.8745684572077035,0.38539238783076757,-17.2828,12681.0,931.867587160322,0.07348533926033608,2.20846394984326,hysteresis supporting component
2026-08-07,2026-08-07_102613_098259_1_R8_C9,8,600.0,3.5,pressing_down,1.125,5,1.4625586903343497,1.0798095497658549,0.3872668075864329,-6.0476,12564.2,1508.032725109107,0.12002616363231303,2.188122605363985,hysteresis supporting component
2026-08-07,2026-08-07_102613_098259_1_R8_C9,8,600.0,3.5,retracting,0.625,14,0.9494866686242749,0.6045462393490583,0.38531869453306455,6.1294,13073.642857142857,1377.9806076084872,0.10540142656991884,2.2768448027068717,hysteresis supporting component
2026-08-07,2026-08-07_102613_098259_1_R8_C9,8,600.0,3.5,retracting,0.875,7,1.2394489802164184,0.8773752474597324,0.38539238783076757,-9.7556,13155.0,914.045768365385,0.06948276460398212,2.2910135841170325,hysteresis supporting component
2026-08-07,2026-08-07_102613_098259_1_R8_C9,8,600.0,3.5,retracting,1.125,12,1.4508639430299026,1.0940082782388219,0.3871820678614838,-22.4451,13445.416666666666,1735.5442142731395,0.12908073117405358,2.34159119934982,hysteresis supporting component
2026-08-07,2026-08-07_102613_098259_1_R8_C9,8,600.0,3.5,retracting,1.375,4,1.726942911791788,1.4428845564149457,0.3207319018153547,7.5168,13939.5,1920.004947910291,0.1377384373837147,2.4276384535005224,hysteresis supporting component
2026-08-07,2026-08-07_102613_098259_1_R8_C9,8,600.0,3.5,retracting,1.625,8,1.9032762186343253,1.5753064615586827,0.38892872400597184,1.2292499999999997,12851.0,1188.8469804214262,0.09251007551330062,2.238070358760014,hysteresis supporting component
2026-08-07,2026-08-07_102613_098259_1_R8_C9,8,600.0,3.5,retracting,1.875,11,2.1927556690746357,1.8848734190849143,0.38274914056849485,28.18985,11654.681818181818,1450.0182459667064,0.12441508645088996,2.0297251511985053,hysteresis supporting component
2026-08-07,2026-08-07_102613_098259_1_R8_C9,8,600.0,3.5,retracting,2.125,8,2.413185896887168,2.0652024423972026,0.32240885541444875,4.46715,12332.75,1172.7819794951542,0.0950949285029822,2.1478143504005573,hysteresis supporting component
2026-08-07,2026-08-07_102613_098259_1_R8_C9,8,600.0,3.5,retracting,2.375,8,2.8104350564984193,2.4203030096299836,0.39086459041031224,-2.1019499999999995,12224.125,1358.6370731098762,0.11114391198632838,2.1288967258794846,hysteresis supporting component
2026-08-07,2026-08-07_102613_098259_1_R8_C9,8,600.0,3.5,retracting,2.625,8,3.085040953564154,2.698286323342202,0.38901346373092094,-23.76035,12993.0,1167.7695467367328,0.08987682188383997,2.262800417972832,hysteresis supporting component
2026-08-07,2026-08-07_102613_098259_1_R8_C9,8,600.0,3.5,retracting,2.875,13,3.3272254030801114,2.93152531823471,0.39076011987540904,12.846250000000001,12015.038461538461,1412.583868624244,0.11756798558290843,2.0924831873107737,hysteresis supporting component
2026-08-07,2026-08-07_102613_098259_1_R8_C9,8,600.0,3.5,retracting,3.125,15,3.463492027168868,3.068570993354117,0.39076011987540904,-0.35464999999999947,11860.466666666667,1186.1346506715877,0.10000741825826873,2.0655636828050623,hysteresis supporting component
2026-08-07,2026-08-07_102613_098259_1_R8_C9,8,600.0,3.5,retracting,3.375,1,3.6657920209369577,3.28039963310619,0.38539238783076757,6.8371,12864.0,,,2.2403343782654126,hysteresis supporting component
2026-08-07,2026-08-07_103221_876936_1_R9_C1,9,200.0,1.75,pressing_down,0.125,20,0.2753043432731159,0.018304100509828558,0.25080040260541314,6.3061,11587.825,771.9988116128018,0.0666215455974527,2.4670694060038323,hysteresis supporting component
2026-08-07,2026-08-07_103221_876936_1_R9_C1,9,200.0,1.75,pressing_down,0.375,20,0.6257889349220529,0.37346346153827403,0.25080040260541314,-3.101825,11771.275,1045.6855655375969,0.08883367056989129,2.506126250798382,hysteresis supporting component
2026-08-07,2026-08-07_103221_876936_1_R9_C1,9,200.0,1.75,pressing_down,0.625,14,0.7839047794805738,0.5310618537031889,0.24957683263161057,9.37675,12258.785714285714,1017.4924062140689,0.08300107612031588,2.609918184859637,hysteresis supporting component
2026-08-07,2026-08-07_103221_876936_1_R9_C1,9,200.0,1.75,retracting,0.125,8,0.4693130467471355,0.21290894984466116,0.2527712612790373,7.856999999999999,11374.5,907.7742009993456,0.07980783339921275,2.42165211837343,hysteresis supporting component
2026-08-07,2026-08-07_103221_876936_1_R9_C1,9,200.0,1.75,retracting,0.375,20,0.6248028206309467,0.37059887512542244,0.25080040260541314,0.8713,11392.475,937.2502260251583,0.0822692370205033,2.425479029167554,hysteresis supporting component
2026-08-07,2026-08-07_103221_876936_1_R9_C1,9,200.0,1.75,retracting,0.625,20,0.959959248426437,0.7077869908205792,0.25080040260541314,-1.3572250000000003,11726.925,858.0121958862088,0.07316600011394365,2.4966840536512667,hysteresis supporting component
2026-08-07,2026-08-07_103221_876936_1_R9_C1,9,200.0,1.75,retracting,0.875,12,1.0138343658767015,0.7539320142191848,0.2565314481958673,0.15087499999999987,11490.875,969.695995590183,0.08438835124306748,2.4464285714285716,hysteresis supporting component
2026-08-07,2026-08-07_103441_167892_1_R9_C2,9,200.0,2.625,pressing_down,0.125,20,0.26191168351539673,0.0212235453913818,0.24144627684963116,-0.5520249999999998,12294.225,710.4412171505226,0.057786580052872176,2.6174632744304875,hysteresis supporting component
2026-08-07,2026-08-07_103441_167892_1_R9_C2,9,200.0,2.625,pressing_down,0.375,20,0.6135188985356889,0.378055109931021,0.24144627684963116,7.250275,12366.325,947.9287847307166,0.07665404109391563,2.6328134979774322,hysteresis supporting component
2026-08-07,2026-08-07_103441_167892_1_R9_C2,9,200.0,2.625,pressing_down,0.625,20,0.8604687102289663,0.6225388812679988,0.24144627684963116,6.294325000000001,12218.35,1135.3912390843402,0.09292508719134256,2.6013093463913135,hysteresis supporting component
2026-08-07,2026-08-07_103441_167892_1_R9_C2,9,200.0,2.625,pressing_down,0.875,20,1.0854855577768767,0.8440392809272457,0.24144627684963116,-1.5111250000000007,11837.425,837.494858978722,0.07074974996493934,2.5202097083244626,hysteresis supporting component
2026-08-07,2026-08-07_103441_167892_1_R9_C2,9,200.0,2.625,retracting,0.125,20,0.4456355638261599,0.20313167155020545,0.24144627684963116,3.1770999999999994,12717.375,1079.3862519603686,0.08487492520747157,2.707552693208431,hysteresis supporting component
2026-08-07,2026-08-07_103441_167892_1_R9_C2,9,200.0,2.625,retracting,0.375,20,0.6177207528002253,0.38025298006833186,0.24144627684963116,-0.4455999999999998,12227.725,823.2374549526047,0.06732548000160331,2.6033053012561207,hysteresis supporting component
2026-08-07,2026-08-07_103441_167892_1_R9_C2,9,200.0,2.625,retracting,0.625,20,0.8597663199222529,0.6169899789504498,0.24144627684963116,6.41195,12129.275,1063.3125929822972,0.08766497527529858,2.582345113902491,hysteresis supporting component
2026-08-07,2026-08-07_103441_167892_1_R9_C2,9,200.0,2.625,retracting,0.875,20,1.1288210895014683,0.8802557447532915,0.24144627684963116,4.67125,12287.85,867.11865727216,0.07056715839403639,2.6161060251224186,hysteresis supporting component
2026-08-07,2026-08-07_103441_167892_1_R9_C2,9,200.0,2.625,retracting,1.125,20,1.3411230915110086,1.0969145068321038,0.24144627684963116,4.295325,12117.425,751.6018556004939,0.06202653250178926,2.5798222269533744,hysteresis supporting component
2026-08-07,2026-08-07_103441_167892_1_R9_C2,9,200.0,2.625,retracting,1.375,1,1.5336328823976852,1.2959483431156429,0.23768453928204236,-18.33625,11504.5,,,2.449329359165425,hysteresis supporting component
2026-08-07,2026-08-07_103650_255736_1_R9_C3,9,200.0,3.5,pressing_down,0.125,20,0.23042923227122522,0.023204592369702084,0.2057299224272885,2.094725,11660.6,680.1702108953859,0.058330635721608314,2.4825633383010435,hysteresis supporting component
2026-08-07,2026-08-07_103650_255736_1_R9_C3,9,200.0,3.5,pressing_down,0.375,20,0.5958444250421342,0.3743566717740803,0.2057299224272885,3.395375,11956.175,904.2361893798601,0.07562921999551366,2.5454918032786886,hysteresis supporting component
2026-08-07,2026-08-07_103650_255736_1_R9_C3,9,200.0,3.5,pressing_down,0.625,20,0.8361222775370108,0.629580779286339,0.2057299224272885,2.0408,11792.625,941.5781667386661,0.0798446628073619,2.5106717053438365,hysteresis supporting component
2026-08-07,2026-08-07_103650_255736_1_R9_C3,9,200.0,3.5,pressing_down,0.875,20,1.0908554253531304,0.863317276971715,0.2057299224272885,1.387075,11149.975,961.0310865638558,0.0861913220938931,2.373850329997871,hysteresis supporting component
2026-08-07,2026-08-07_103650_255736_1_R9_C3,9,200.0,3.5,pressing_down,1.125,20,1.3333838045735127,1.1274769877013748,0.2057299224272885,-8.0482,11662.3,835.0075543307814,0.07159887452138788,2.4829252714498615,hysteresis supporting component
2026-08-07,2026-08-07_103650_255736_1_R9_C3,9,200.0,3.5,pressing_down,1.375,16,1.5503590954229973,1.3498500678288723,0.2214143366169698,9.0187,11299.28125,1169.3965105807072,0.10349299966143483,2.405637907174792,hysteresis supporting component
2026-08-07,2026-08-07_103650_255736_1_R9_C3,9,200.0,3.5,pressing_down,1.625,6,1.8547053402981502,1.6132441095852412,0.24456493728324896,11.1271,10839.833333333334,1297.7561275781618,0.11972104069049296,2.3078205947058406,hysteresis supporting component
2026-08-07,2026-08-07_103650_255736_1_R9_C3,9,200.0,3.5,retracting,0.125,20,0.3930920797588865,0.17957754398665138,0.2057299224272885,-4.2252,11879.925,1059.4724143225847,0.08918174267283545,2.5292580370449222,hysteresis supporting component
2026-08-07,2026-08-07_103650_255736_1_R9_C3,9,200.0,3.5,retracting,0.375,20,0.5829799327274438,0.36793928036445533,0.2057299224272885,2.98515,11975.25,946.3334716016789,0.07902410986005956,2.549552906110283,hysteresis supporting component
2026-08-07,2026-08-07_103650_255736_1_R9_C3,9,200.0,3.5,retracting,0.625,20,0.8325207434862087,0.6220021074839162,0.2057299224272885,-1.4171749999999994,11729.95,934.0331181438235,0.0796280562273346,2.4973280817543113,hysteresis supporting component
2026-08-07,2026-08-07_103650_255736_1_R9_C3,9,200.0,3.5,retracting,0.875,20,1.072300995908265,0.8620762734406793,0.2057299224272885,0.2696250000000002,11324.6,892.3468260125865,0.07879720484719868,2.411028315946349,hysteresis supporting component
2026-08-07,2026-08-07_103650_255736_1_R9_C3,9,200.0,3.5,retracting,1.125,20,1.3503737113506293,1.1218583731078446,0.2057299224272885,10.0558,10991.6,1440.9077055070093,0.1310917159928499,2.340131999148393,hysteresis supporting component
2026-08-07,2026-08-07_103650_255736_1_R9_C3,9,200.0,3.5,retracting,1.375,20,1.5983382734420721,1.3810763516593032,0.2057299224272885,3.4634500000000004,11157.475,1192.0603622454876,0.10683961758780433,2.3754470938897168,hysteresis supporting component
2026-08-07,2026-08-07_103650_255736_1_R9_C3,9,200.0,3.5,retracting,1.625,20,1.8676986685818049,1.6353399307879397,0.2057299224272885,-1.2014750000000003,11340.65,888.4519816423453,0.07834224507786992,2.414445390674899,hysteresis supporting component
2026-08-07,2026-08-07_103650_255736_1_R9_C3,9,200.0,3.5,retracting,1.875,11,2.111004503927835,1.865405894001089,0.2438526802685888,-14.0292,11213.0,859.8155616177228,0.07668024271985399,2.3872684692356825,hysteresis supporting component
2026-08-07,2026-08-07_103650_255736_1_R9_C3,9,200.0,3.5,retracting,2.125,7,2.384320305758234,2.11835406372116,0.2452771942979091,11.3635,11469.07142857143,720.1946744093705,0.06279450598025238,2.441786550685848,hysteresis supporting component
2026-08-07,2026-08-07_103650_255736_1_R9_C3,9,200.0,3.5,retracting,2.375,2,2.581333204213412,2.3130185931708946,0.2683146110425172,12.797375,10611.0,608.1118318204309,0.057309568544004416,2.2591015541835215,hysteresis supporting component
2026-08-07,2026-08-07_103945_858185_1_R9_C4,9,400.0,1.75,pressing_down,0.125,20,0.2588405982606922,0.013141043604372196,0.24596456346820916,0.9118000000000008,11819.525,518.521264726611,0.04386989026433896,2.516398765169257,hysteresis supporting component
2026-08-07,2026-08-07_103945_858185_1_R9_C4,9,400.0,1.75,pressing_down,0.375,10,0.5364670034777493,0.29306457543714337,0.24651221890239522,-6.9396,11622.5,1763.9157985698873,0.15176733048568616,2.474451777730466,hysteresis supporting component
2026-08-07,2026-08-07_103945_858185_1_R9_C4,9,400.0,1.75,retracting,0.375,12,0.7134733751717655,0.466379487467644,0.24754506721053832,12.4024,11997.583333333334,1353.9851925021749,0.11285482708341331,2.5543077141437798,hysteresis supporting component
2026-08-07,2026-08-07_103945_858185_1_R9_C4,9,400.0,1.75,retracting,0.625,20,0.9556754331170294,0.7126595494084995,0.24596456346820916,0.286875,11581.475,596.3896305666028,0.051495136031170674,2.4657174792420693,hysteresis supporting component
2026-08-07,2026-08-07_103945_858185_1_R9_C4,9,400.0,1.75,retracting,0.875,5,1.0053865067874124,0.7569824467031564,0.2464878086570296,9.3508,11540.4,1052.246311468945,0.09117936219445989,2.4569725356610603,hysteresis supporting component
2026-08-07,2026-08-07_104144_165197_1_R9_C5,9,400.0,2.625,pressing_down,0.125,20,0.22618956403635473,0.01634341326352344,0.21027715997553895,1.1208249999999997,11298.15,866.0649832796374,0.07665546866342163,2.405397061954439,hysteresis supporting component
2026-08-07,2026-08-07_104144_165197_1_R9_C5,9,400.0,2.625,pressing_down,0.375,20,0.5797859348037449,0.3714528860913562,0.21027715997553895,-6.5425,11499.4,1338.808480466277,0.11642420304244368,2.4482435597189696,hysteresis supporting component
2026-08-07,2026-08-07_104144_165197_1_R9_C5,9,400.0,2.625,pressing_down,0.625,19,0.8197910216506206,0.612369072177601,0.2106608890248574,20.6834,10758.421052631578,1154.6209246034666,0.10732252613602986,2.2904877693488563,hysteresis supporting component
2026-08-07,2026-08-07_104144_165197_1_R9_C5,9,400.0,2.625,retracting,0.375,15,0.654309703869355,0.44364881484449764,0.20942601421467966,-8.3907,11311.933333333332,1635.327161093316,0.14456654869724445,2.408331559151231,hysteresis supporting component
2026-08-07,2026-08-07_104144_165197_1_R9_C5,9,400.0,2.625,retracting,0.625,20,0.8419845636232515,0.6341659397692803,0.21027715997553895,9.9254,11347.55,1029.5069450955637,0.09072504153720969,2.415914413455397,hysteresis supporting component
2026-08-07,2026-08-07_104144_165197_1_R9_C5,9,400.0,2.625,retracting,0.875,20,1.1028035549990673,0.8915804972772501,0.21027715997553895,6.849925000000001,10996.6,996.0461519639055,0.09057764690576235,2.341196508409623,hysteresis supporting component
2026-08-07,2026-08-07_104144_165197_1_R9_C5,9,400.0,2.625,retracting,1.125,18,1.2815676853198266,1.0728656871486764,0.21027715997553895,1.4208250000000004,11273.555555555555,1033.6205483195934,0.09168540867395025,2.4001608591772525,hysteresis supporting component
2026-08-07,2026-08-07_104339_334149_1_R9_C6,9,400.0,3.5,pressing_down,0.125,20,0.24779318686180013,0.017723155395654923,0.22437650464622425,0.4421499999999998,11083.825,601.8163357484443,0.05429680960755374,2.3597668724717904,hysteresis supporting component
2026-08-07,2026-08-07_104339_334149_1_R9_C6,9,400.0,3.5,pressing_down,0.375,20,0.6103026650428498,0.37718526372369016,0.22437650464622425,-5.334325000000001,10275.975,1677.9085938578726,0.16328461229789612,2.187774111134767,hysteresis supporting component
2026-08-07,2026-08-07_104339_334149_1_R9_C6,9,400.0,3.5,pressing_down,0.625,20,0.8455513493019553,0.6147972903767916,0.22437650464622425,-10.2192,10909.525,1254.3223529585925,0.11497497397536484,2.3226580796252927,hysteresis supporting component
2026-08-07,2026-08-07_104339_334149_1_R9_C6,9,400.0,3.5,pressing_down,0.875,20,1.081798493512545,0.8591624011745719,0.22437650464622425,14.82465,11230.35,1170.3427421958606,0.10421249045629571,2.3909623163721525,hysteresis supporting component
2026-08-07,2026-08-07_104339_334149_1_R9_C6,9,400.0,3.5,pressing_down,1.125,17,1.3188627720628976,1.0950963840829553,0.2265140617826956,11.2812,10401.235294117647,1302.304905226295,0.12520675365961634,2.214442259765307,hysteresis supporting component
2026-08-07,2026-08-07_104339_334149_1_R9_C6,9,400.0,3.5,pressing_down,1.375,1,1.499657797168268,1.257926976540972,0.24173082062729612,28.3527,10844.0,,,2.308707685756866,hysteresis supporting component
2026-08-07,2026-08-07_104339_334149_1_R9_C6,9,400.0,3.5,retracting,0.375,20,0.6148610325154353,0.38646014200529477,0.22437650464622425,14.713550000000001,11532.875,1458.8436469286935,0.12649436041999013,2.455370449222908,hysteresis supporting component
2026-08-07,2026-08-07_104339_334149_1_R9_C6,9,400.0,3.5,retracting,0.625,20,0.841562321920599,0.6241063200753272,0.22437650464622425,-4.43685,10552.05,1788.4769387739718,0.1694909461928224,2.246550989993613,hysteresis supporting component
2026-08-07,2026-08-07_104339_334149_1_R9_C6,9,400.0,3.5,retracting,0.875,17,1.0377890154370275,0.8118418023765188,0.2265140617826956,-10.6055,11419.411764705883,1710.173238988653,0.14976018679651318,2.431213916266954,hysteresis supporting component
2026-08-07,2026-08-07_104339_334149_1_R9_C6,9,400.0,3.5,retracting,1.125,18,1.3275875504778165,1.101238645304527,0.22437650464622425,14.119399999999999,11172.027777777777,1445.7715472473737,0.12940994920574317,2.378545407233932,hysteresis supporting component
2026-08-07,2026-08-07_104339_334149_1_R9_C6,9,400.0,3.5,retracting,1.375,19,1.58402303851301,1.3723408451898629,0.2265140617826956,-13.48,10426.342105263158,1488.1447067166066,0.14272931884379658,2.2197875463621797,hysteresis supporting component
2026-08-07,2026-08-07_104339_334149_1_R9_C6,9,400.0,3.5,retracting,1.625,20,1.8819429056269223,1.6590287093956184,0.22437650464622425,-5.005425,10013.425,1624.6315879948063,0.16224534442459063,2.1318767298275496,hysteresis supporting component
2026-08-07,2026-08-07_104339_334149_1_R9_C6,9,400.0,3.5,retracting,1.875,18,2.0755085633824653,1.846873607525865,0.2265345362931343,8.32255,10305.888888888889,947.5232816564701,0.09193998614501124,2.1941428334870956,hysteresis supporting component
2026-08-07,2026-08-07_104339_334149_1_R9_C6,9,400.0,3.5,retracting,2.125,3,2.286155161749369,2.044424341122073,0.24173082062729612,17.958849999999998,9649.666666666666,272.26886221772287,0.028215364491110867,2.054431906890923,hysteresis supporting component
2026-08-07,2026-08-07_104553_398347_1_R9_C7,9,600.0,1.75,pressing_down,0.125,20,0.19614913769967238,0.010270070611926661,0.18390192063911945,10.033850000000001,12060.725,861.8677007247874,0.07146068753949594,2.56775069193102,hysteresis supporting component
2026-08-07,2026-08-07_104553_398347_1_R9_C7,9,600.0,1.75,retracting,0.375,2,0.6656177098411513,0.48200148439702084,0.1836162254441304,1.2545000000000002,12485.5,1303.197797726807,0.10437690102333162,2.658186076218863,hysteresis supporting component
2026-08-07,2026-08-07_104553_398347_1_R9_C7,9,600.0,1.75,retracting,0.625,20,0.8551215388449078,0.6695432830749818,0.18390192063911945,-2.20265,11674.55,737.8128221482167,0.06319839498295152,2.4855333191398765,hysteresis supporting component
2026-08-07,2026-08-07_104753_096796_1_R9_C8,9,600.0,2.625,pressing_down,0.125,20,0.22085367109446147,0.0163333568608081,0.2031924700150016,6.7818249999999995,11964.175,796.2333411460685,0.0665514622735014,2.5471950180966574,hysteresis supporting component
2026-08-07,2026-08-07_104753_096796_1_R9_C8,9,600.0,2.625,pressing_down,0.375,18,0.578214737337827,0.37125268278403634,0.20237996031517438,-9.961549999999999,11724.888888888889,1377.497224888371,0.11748488518247355,2.4962505618243322,hysteresis supporting component
2026-08-07,2026-08-07_104753_096796_1_R9_C8,9,600.0,2.625,pressing_down,0.625,4,0.7177070345035661,0.5149247208530054,0.20428044194036782,16.8663,11640.75,1677.8214793793368,0.14413345182907775,2.4783372365339575,hysteresis supporting component
2026-08-07,2026-08-07_104753_096796_1_R9_C8,9,600.0,2.625,retracting,0.375,1,0.6954528800259101,0.48908780883825076,0.20636507118765934,8.5862,10960.0,,,2.333404300617415,hysteresis supporting component
2026-08-07,2026-08-07_104753_096796_1_R9_C8,9,600.0,2.625,retracting,0.625,17,0.797677744525251,0.6204410589863066,0.2021958126930763,4.1129,12307.235294117647,1402.7520174380331,0.11397783368198791,2.6202331901464015,hysteresis supporting component
2026-08-07,2026-08-07_104753_096796_1_R9_C8,9,600.0,2.625,retracting,0.875,20,1.0874721409969996,0.8891973931379278,0.2031924700150016,-3.3642750000000006,12244.875,1103.849745150318,0.09014789821458509,2.606956568022142,hysteresis supporting component
2026-08-07,2026-08-07_104753_096796_1_R9_C8,9,600.0,2.625,retracting,1.125,18,1.3153254913976555,1.1127485498119882,0.2031924700150016,3.386325,11924.583333333334,605.5945365069422,0.05078538340321683,2.5387658789298135,hysteresis supporting component
2026-08-07,2026-08-07_104950_940412_1_R9_C9,9,600.0,3.5,pressing_down,0.125,20,0.24748589989382686,0.020919048862422178,0.22320187152930432,1.06495,11877.575,612.7112798863755,0.0515855534388438,2.5287577176921436,hysteresis supporting component
2026-08-07,2026-08-07_104950_940412_1_R9_C9,9,600.0,3.5,pressing_down,0.375,17,0.5484250942064279,0.3463347029860232,0.2232887029882969,-11.9793,11693.823529411764,948.4737236274734,0.08110894791955053,2.489636689250961,hysteresis supporting component
2026-08-07,2026-08-07_104950_940412_1_R9_C9,9,600.0,3.5,pressing_down,0.625,17,0.8006710150957638,0.5737851824967823,0.22311504007031174,9.6259,11769.882352941177,1601.5670795486892,0.13607332949666004,2.5058297536600334,hysteresis supporting component
2026-08-07,2026-08-07_104950_940412_1_R9_C9,9,600.0,3.5,pressing_down,0.875,15,1.088584266081964,0.8721366922316752,0.22311504007031174,7.9127,10604.2,1570.2240149554632,0.14807566954182907,2.257653821588248,hysteresis supporting component
2026-08-07,2026-08-07_104950_940412_1_R9_C9,9,600.0,3.5,pressing_down,1.125,2,1.3083378621966495,1.0823284570113612,0.2260094051852883,-4.4397,11810.5,665.3874810965413,0.05633863774578055,2.5144773259527358,hysteresis supporting component
2026-08-07,2026-08-07_104950_940412_1_R9_C9,9,600.0,3.5,retracting,0.375,5,0.6682034911607714,0.47971956948583017,0.21138217552656297,-0.233,12150.4,495.68669540345735,0.04079591580552554,2.58684266553119,hysteresis supporting component
2026-08-07,2026-08-07_104950_940412_1_R9_C9,9,600.0,3.5,retracting,0.625,10,0.8466286215880839,0.6125614936435771,0.2260094051852883,-17.36305,12391.7,1938.1675796139677,0.1564085298719278,2.6382158824781774,hysteresis supporting component
2026-08-07,2026-08-07_104950_940412_1_R9_C9,9,600.0,3.5,retracting,0.875,17,1.0725575070919693,0.8415871766153985,0.22311504007031174,11.0248,12087.529411764706,1342.4742137955136,0.11106274641109812,2.5734574008440934,hysteresis supporting component
2026-08-07,2026-08-07_104950_940412_1_R9_C9,9,600.0,3.5,retracting,1.125,10,1.386129215657284,1.1895201882236752,0.21646750081065724,-24.984450000000002,11176.6,1206.3184764674156,0.10793250867593146,2.3795188418139235,hysteresis supporting component
2026-08-07,2026-08-07_104950_940412_1_R9_C9,9,600.0,3.5,retracting,1.375,8,1.5690036962456566,1.3529788480787799,0.2260094051852883,30.8349,11302.375,1754.9990588113064,0.15527701556631296,2.406296572280179,hysteresis supporting component
2026-08-07,2026-08-07_104950_940412_1_R9_C9,9,600.0,3.5,retracting,1.625,14,1.8330507238499711,1.6249973011950314,0.22164111167728018,8.22505,11129.464285714286,1994.9302712345393,0.1792476457106044,2.3694835609355516,hysteresis supporting component
2026-08-07,2026-08-07_104950_940412_1_R9_C9,9,600.0,3.5,retracting,1.875,18,2.0920877500471624,1.8963785032694642,0.2230865055397889,15.7836,11082.916666666666,1405.6656602938738,0.1268317449793337,2.3595734866226667,hysteresis supporting component
2026-08-07,2026-08-07_104950_940412_1_R9_C9,9,600.0,3.5,retracting,2.125,17,2.3542068329013004,2.1246870082851803,0.2256215270720348,4.98265,11028.088235294117,948.0419168491135,0.08596611639495368,2.3479004120277023,hysteresis supporting component
2026-08-07,2026-08-07_104950_940412_1_R9_C9,9,600.0,3.5,retracting,2.375,3,2.496087358809534,2.2674668336945176,0.2286205251150163,31.6949,10579.0,583.2057955816283,0.055128631778204776,2.252288694911646,hysteresis supporting component
2026-08-07,2026-08-07_105648_296214_1_R9_C1_10,9,200.0,1.75,pressing_down,0.125,10,0.22796229537282847,0.02090521456949792,0.20492068470001806,9.1206,11516.3,664.2752608837862,0.05768130917775555,2.451841601021929,hysteresis supporting component
2026-08-07,2026-08-07_105648_296214_1_R9_C1_10,9,200.0,1.75,pressing_down,0.375,10,0.6024634251417058,0.3857803883547172,0.20492068470001806,3.40835,10585.9,727.6313856159129,0.06873590205990164,2.2537577176921437,hysteresis supporting component
2026-08-07,2026-08-07_105648_296214_1_R9_C1_10,9,200.0,1.75,pressing_down,0.625,4,0.7525932287031294,0.5337440006621723,0.21227134496636246,6.6354999999999995,10684.25,1071.0877259434294,0.10024921973404118,2.274696614860549,hysteresis supporting component
2026-08-07,2026-08-07_105648_296214_1_R9_C1_10,9,200.0,1.75,retracting,0.125,8,0.4211697209002966,0.2135462680459576,0.20443738920385446,12.4483,11825.25,1502.9159989833097,0.12709380342769155,2.517617628273366,hysteresis supporting component
2026-08-07,2026-08-07_105648_296214_1_R9_C1_10,9,200.0,1.75,retracting,0.375,10,0.5890051747443795,0.3780486569031415,0.20492068470001806,-6.452400000000001,11148.1,935.6492338953143,0.08392903130536275,2.3734511390249096,hysteresis supporting component
2026-08-07,2026-08-07_105648_296214_1_R9_C1_10,9,200.0,1.75,retracting,0.625,10,0.9151536827988442,0.7073716450260552,0.20492068470001806,7.874275,11790.85,629.0696856823132,0.05335236099876711,2.5102938045561,hysteresis supporting component
2026-08-07,2026-08-07_105648_296214_1_R9_C1_10,9,200.0,1.75,retracting,0.875,3,0.9753013853941148,0.757575247883677,0.2177261375104378,-6.0935,10505.333333333334,523.9678743332778,0.04987636828911767,2.2366049251295155,hysteresis supporting component
2026-08-07,2026-08-07_105802_547467_1_R9_C2_10,9,200.0,2.625,pressing_down,0.125,10,0.17480480621534777,0.01767441599399039,0.15830412664609445,6.080825,11507.3,599.3413607174683,0.05208357831267705,2.4499254843517138,hysteresis supporting component
2026-08-07,2026-08-07_105802_547467_1_R9_C2_10,9,200.0,2.625,pressing_down,0.375,10,0.5406400420992492,0.38375721699439425,0.15830412664609445,8.49645,11781.2,1186.6153827869698,0.10072109655951599,2.5082393016819244,hysteresis supporting component
2026-08-07,2026-08-07_105802_547467_1_R9_C2_10,9,200.0,2.625,pressing_down,0.625,10,0.7934835484199452,0.6338474422095649,0.15830412664609445,-1.7364000000000002,11213.55,801.8079726468177,0.07150349110199872,2.3873855652544176,hysteresis supporting component
2026-08-07,2026-08-07_105802_547467_1_R9_C2_10,9,200.0,2.625,pressing_down,0.875,8,0.9719843652989781,0.8136802386528836,0.15830412664609445,9.475674999999999,11754.4375,925.7813856992066,0.07876016063713866,2.502541515861188,hysteresis supporting component
2026-08-07,2026-08-07_105802_547467_1_R9_C2_10,9,200.0,2.625,retracting,0.125,10,0.3547564584042213,0.19320476705644646,0.15830412664609445,10.69285,11894.25,1709.6390335389515,0.14373659823351212,2.532307856078348,hysteresis supporting component
2026-08-07,2026-08-07_105802_547467_1_R9_C2_10,9,200.0,2.625,retracting,0.375,10,0.5294109002064722,0.36728030049518984,0.15830412664609445,-1.659250000000001,12338.25,1102.113783448273,0.08932496775865888,2.626836278475623,hysteresis supporting component
2026-08-07,2026-08-07_105802_547467_1_R9_C2_10,9,200.0,2.625,retracting,0.625,10,0.7928827126311073,0.6210278264636967,0.15830412664609445,12.251449999999998,12013.65,859.6203958725041,0.07155364072305284,2.557728337236534,hysteresis supporting component
2026-08-07,2026-08-07_105802_547467_1_R9_C2_10,9,200.0,2.625,retracting,0.875,10,1.062843976969945,0.9002124666614602,0.15830412664609445,12.8234,12001.7,876.0940842423513,0.07299749904116512,2.5551841601021925,hysteresis supporting component
2026-08-07,2026-08-07_105802_547467_1_R9_C2_10,9,200.0,2.625,retracting,1.125,8,1.2007152436705837,1.0455421694751714,0.15830412664609445,-0.6805249999999999,11631.4375,864.1693136640366,0.07429600285124141,2.476354588034916,hysteresis supporting component
2026-08-07,2026-08-07_105919_843572_1_R9_C3_10,9,200.0,3.5,pressing_down,0.125,10,0.17185237906965278,0.02730902886237429,0.1461319945574049,-1.7998000000000005,11986.65,851.3490944116612,0.0710247729275203,2.551979987225889,hysteresis supporting component
2026-08-07,2026-08-07_105919_843572_1_R9_C3_10,9,200.0,3.5,pressing_down,0.375,10,0.5188128725459156,0.3749407522949192,0.1461319945574049,2.767675,11236.35,1130.4464469599807,0.10060619747159714,2.392239727485629,hysteresis supporting component
2026-08-07,2026-08-07_105919_843572_1_R9_C3_10,9,200.0,3.5,pressing_down,0.625,10,0.7681924968060294,0.6253752590870443,0.1461319945574049,4.00365,11312.65,955.0773107159674,0.08442560414367697,2.4084841388120077,hysteresis supporting component
2026-08-07,2026-08-07_105919_843572_1_R9_C3_10,9,200.0,3.5,pressing_down,0.875,10,1.0271888199194914,0.8920810887763102,0.1461319945574049,1.9906499999999996,11396.15,1086.6338964895217,0.09535096471084724,2.426261443474558,hysteresis supporting component
2026-08-07,2026-08-07_105919_843572_1_R9_C3_10,9,200.0,3.5,pressing_down,1.125,10,1.2701636993525054,1.1357500739628223,0.1461319945574049,-0.7624750000000007,10553.2,1318.5969647908169,0.12494759549623026,2.246795827123696,hysteresis supporting component
2026-08-07,2026-08-07_105919_843572_1_R9_C3_10,9,200.0,3.5,pressing_down,1.375,4,1.4589931268370147,1.3556694789670782,0.1512534664244029,-6.056524999999999,10731.0,1317.7579443888776,0.12279917476366392,2.284649776453055,hysteresis supporting component
2026-08-07,2026-08-07_105919_843572_1_R9_C3_10,9,200.0,3.5,pressing_down,1.625,1,1.7044656780705616,1.6740959926083183,0.0303696854622432,20.9436,9533.0,,,2.02959335746221,hysteresis supporting component
2026-08-07,2026-08-07_105919_843572_1_R9_C3_10,9,200.0,3.5,retracting,0.125,9,0.3222644871592874,0.1740883300146172,0.148016832526039,2.37645,11545.388888888889,1150.434640086568,0.09964451186167746,2.4580346793461545,hysteresis supporting component
2026-08-07,2026-08-07_105919_843572_1_R9_C3_10,9,200.0,3.5,retracting,0.375,10,0.5113849196253104,0.3698477181659952,0.1461319945574049,9.23855,11590.25,1011.0851500024891,0.08723583615560397,2.467585692995529,hysteresis supporting component
2026-08-07,2026-08-07_105919_843572_1_R9_C3_10,9,200.0,3.5,retracting,0.625,10,0.7478310354368062,0.6071121398975503,0.1461319945574049,-0.47332500000000044,11609.0,1153.5614658766801,0.09936785820283231,2.4715776027251435,hysteresis supporting component
2026-08-07,2026-08-07_105919_843572_1_R9_C3_10,9,200.0,3.5,retracting,0.875,10,1.0187812897503186,0.8773910086967138,0.1461319945574049,-6.7201,12054.6,1349.4199741617383,0.11194232692596505,2.5664466680860123,hysteresis supporting component
2026-08-07,2026-08-07_105919_843572_1_R9_C3_10,9,200.0,3.5,retracting,1.125,10,1.2566060335926506,1.1152063833968828,0.1461319945574049,8.747150000000001,11187.2,1340.7902147614293,0.1198503838995843,2.3817756014477327,hysteresis supporting component
2026-08-07,2026-08-07_105919_843572_1_R9_C3_10,9,200.0,3.5,retracting,1.375,10,1.5264032023236196,1.392338774494588,0.1461319945574049,0.6524000000000003,11812.2,904.9326924019142,0.07661000426693709,2.5148392591015543,hysteresis supporting component
2026-08-07,2026-08-07_105919_843572_1_R9_C3_10,9,200.0,3.5,retracting,1.625,8,1.6991214579802123,1.5762614753658286,0.1469025517333741,5.140725,11515.25,844.713264960365,0.0733560508855965,2.4516180540770707,hysteresis supporting component
2026-08-07,2026-08-07_105919_843572_1_R9_C3_10,9,200.0,3.5,retracting,1.875,1,1.888321568101691,1.8579518826394477,0.0303696854622432,19.36205,11372.0,,,2.4211198637428146,hysteresis supporting component
2026-08-07,2026-08-07_105919_843572_1_R9_C3_10,9,200.0,3.5,retracting,2.125,1,2.1624958177606266,2.1321261322983833,0.0303696854622432,-14.3945,11189.0,,,2.3821588247817758,hysteresis supporting component
2026-08-07,2026-08-07_110055_692031_1_R9_C4_10,9,400.0,1.75,pressing_down,0.125,10,0.19599085879927125,0.014031460902246988,0.18289248770432293,2.29985,11638.5,428.9852367312121,0.036859151671711235,2.477858207366404,hysteresis supporting component
2026-08-07,2026-08-07_110055_692031_1_R9_C4_10,9,400.0,1.75,pressing_down,0.375,4,0.4658180931513126,0.28906702352578284,0.1804578640950097,-13.73155,10578.25,939.7277531285324,0.08883584270824876,2.2521290185224614,hysteresis supporting component
2026-08-07,2026-08-07_110055_692031_1_R9_C4_10,9,400.0,1.75,retracting,0.375,7,0.635653679838032,0.45018372600358225,0.18254586440422454,8.3837,12178.142857142857,1433.0993718245118,0.1176779898737971,2.592749171203504,hysteresis supporting component
2026-08-07,2026-08-07_110055_692031_1_R9_C4_10,9,400.0,1.75,retracting,0.625,10,0.8756595969843042,0.6852734087171328,0.18289248770432293,1.9833000000000007,11551.3,488.6007345243942,0.042298333046877364,2.459293165850543,hysteresis supporting component
2026-08-07,2026-08-07_110207_287853_1_R9_C5_10,9,400.0,2.625,pressing_down,0.125,10,0.17230718355176516,0.017995193122741934,0.15610741222298466,-4.398675,11960.4,633.5912983409206,0.05297408935662022,2.5463913136044285,hysteresis supporting component
2026-08-07,2026-08-07_110207_287853_1_R9_C5_10,9,400.0,2.625,pressing_down,0.375,10,0.5248391496068727,0.3800908486665139,0.15610741222298466,20.730575,11939.3,683.3358211336835,0.05723416122667851,2.5418990845220355,hysteresis supporting component
2026-08-07,2026-08-07_110207_287853_1_R9_C5_10,9,400.0,2.625,pressing_down,0.625,8,0.6919185106395294,0.5425492136844519,0.15610741222298466,2.31855,11253.0,1043.911052587473,0.09276735560183712,2.395784543325527,hysteresis supporting component
2026-08-07,2026-08-07_110207_287853_1_R9_C5_10,9,400.0,2.625,retracting,0.375,9,0.5645526006299492,0.4070632814327493,0.15472550524876943,36.7109,11954.0,1185.2433294475866,0.09915035381023812,2.5450287417500537,hysteresis supporting component
2026-08-07,2026-08-07_110207_287853_1_R9_C5_10,9,400.0,2.625,retracting,0.625,10,0.7793920675063775,0.6236193592464254,0.15610741222298466,-11.480325,11609.7,1172.4669907696527,0.10099029180509854,2.471726634021716,hysteresis supporting component
2026-08-07,2026-08-07_110207_287853_1_R9_C5_10,9,400.0,2.625,retracting,0.875,10,1.0902828754024658,0.9371947596392792,0.15610741222298466,14.042525000000001,11543.05,865.4192128031875,0.07497318410672982,2.457536725569512,hysteresis supporting component
2026-08-07,2026-08-07_110207_287853_1_R9_C5_10,9,400.0,2.625,retracting,1.125,3,1.2167489621513716,1.0279129716805175,0.15748931919719988,-7.4541,10795.5,1440.57514555819,0.13344218846354405,2.2983819459229298,hysteresis supporting component
2026-08-07,2026-08-07_110347_071170_1_R9_C6_10,9,400.0,3.5,pressing_down,0.125,10,0.12668807982912744,0.016018375018445826,0.11018844795396,8.97295,11712.5,802.1294575482602,0.06848490566047048,2.4936129444326167,hysteresis supporting component
2026-08-07,2026-08-07_110347_071170_1_R9_C6_10,9,400.0,3.5,pressing_down,0.375,10,0.5053953571369619,0.3958704099257436,0.11018844795396,-21.021549999999998,11659.2,1009.2079457563627,0.08655893592668132,2.4822652757078987,hysteresis supporting component
2026-08-07,2026-08-07_110347_071170_1_R9_C6_10,9,400.0,3.5,pressing_down,0.625,10,0.73292653358915,0.6296680860337711,0.11018844795396,4.3911,11517.05,1452.5238274962805,0.12611943401272727,2.4520012774111133,hysteresis supporting component
2026-08-07,2026-08-07_110347_071170_1_R9_C6_10,9,400.0,3.5,pressing_down,0.875,10,0.9716493603376406,0.8593895958337936,0.11018844795396,1.1568250000000004,11244.65,1357.0550232437563,0.1206845053642182,2.3940068128592715,hysteresis supporting component
2026-08-07,2026-08-07_110347_071170_1_R9_C6_10,9,400.0,3.5,pressing_down,1.125,3,1.1347021797541363,1.0148266043187915,0.13292673131038524,-16.7538,10799.666666666666,2042.3068656138169,0.1891083242335088,2.299269036973955,hysteresis supporting component
2026-08-07,2026-08-07_110347_071170_1_R9_C6_10,9,400.0,3.5,retracting,0.375,10,0.5184024090043078,0.40876056384011883,0.11018844795396,-17.180149999999998,11434.55,678.5736040483087,0.05934414594787805,2.434436874600809,hysteresis supporting component
2026-08-07,2026-08-07_110347_071170_1_R9_C6_10,9,400.0,3.5,retracting,0.625,10,0.7655184924575156,0.6430483740292916,0.11018844795396,9.778575,11547.6,1420.8208269244303,0.12304035703734371,2.458505428997232,hysteresis supporting component
2026-08-07,2026-08-07_110347_071170_1_R9_C6_10,9,400.0,3.5,retracting,0.875,10,1.0089192050081963,0.9034176689930211,0.11018844795396,-18.27375,11770.3,1136.1521856199058,0.09652703717151695,2.505918671492442,hysteresis supporting component
2026-08-07,2026-08-07_110347_071170_1_R9_C6_10,9,400.0,3.5,retracting,1.125,10,1.2553033324680576,1.143476461401317,0.11018844795396,-5.4858,11310.95,1695.7085121958116,0.14991742622819582,2.4081222056631892,hysteresis supporting component
2026-08-07,2026-08-07_110347_071170_1_R9_C6_10,9,400.0,3.5,retracting,1.375,10,1.514703475572905,1.4049531700017721,0.11018844795396,10.108699999999999,11217.15,1005.5962866213592,0.08964810906704102,2.3881520119225037,hysteresis supporting component
2026-08-07,2026-08-07_110347_071170_1_R9_C6_10,9,400.0,3.5,retracting,1.625,2,1.6920205263222488,1.5590173524391095,0.13300317388313931,7.56115,11273.0,824.4865068635144,0.07313816258879752,2.4000425803704495,hysteresis supporting component
2026-08-07,2026-08-07_110513_841199_1_R9_C7_10,9,600.0,1.75,pressing_down,0.125,10,0.13622358964075992,0.011312655222038153,0.12531892400426659,3.576049999999999,11726.05,747.4924544398051,0.06374631307557152,2.4964977645305515,hysteresis supporting component
2026-08-07,2026-08-07_110513_841199_1_R9_C7_10,9,600.0,1.75,retracting,0.625,10,0.8062234674497739,0.6869440791535835,0.12531892400426659,3.4766250000000003,11930.7,551.4634167376836,0.04622221803730573,2.5400681285927185,hysteresis supporting component
2026-08-07,2026-08-07_110625_821668_1_R9_C8_10,9,600.0,2.625,pressing_down,0.125,10,0.17437485240479325,0.015499203578167073,0.1575213667263208,-0.3916750000000002,11392.55,904.7481371446237,0.0794157705820579,2.425494996806472,hysteresis supporting component
2026-08-07,2026-08-07_110625_821668_1_R9_C8_10,9,600.0,2.625,pressing_down,0.375,9,0.5149990485350484,0.3562303915098316,0.16024609966718975,-0.7192,11258.5,1188.2410845447148,0.10554168712925477,2.3969555035128804,hysteresis supporting component
2026-08-07,2026-08-07_110625_821668_1_R9_C8_10,9,600.0,2.625,retracting,0.375,2,0.6569133622372897,0.4907906624874655,0.16612269974982424,13.69425,10650.5,36.062445840513924,0.0033859861828565724,2.267511177347243,hysteresis supporting component
2026-08-07,2026-08-07_110625_821668_1_R9_C8_10,9,600.0,2.625,retracting,0.625,6,0.8043068702726742,0.6333823083468277,0.1596777020579147,-15.459900000000001,10921.333333333334,2150.7948918171314,0.19693519336623716,2.325172095663899,hysteresis supporting component
2026-08-07,2026-08-07_110625_821668_1_R9_C8_10,9,600.0,2.625,retracting,0.875,10,1.0556186768172366,0.8922431242441236,0.1575213667263208,2.5419500000000017,11004.9,1847.5865608950503,0.1678876283196622,2.342963593783266,hysteresis supporting component
2026-08-07,2026-08-07_110625_821668_1_R9_C8_10,9,600.0,2.625,retracting,1.125,10,1.2974300462504502,1.1295814529102164,0.1575213667263208,9.635750000000002,11461.6,481.1198048996392,0.04197667035140285,2.4401958697040667,hysteresis supporting component
2026-08-07,2026-08-07_110748_800932_1_R9_C9_10,9,600.0,3.5,pressing_down,0.125,10,0.1527904078816374,0.02059537140761125,0.12719154285273293,4.982325,11990.5,997.2038128910481,0.08316615761569977,2.5527996593570363,hysteresis supporting component
2026-08-07,2026-08-07_110748_800932_1_R9_C9_10,9,600.0,3.5,pressing_down,0.375,9,0.5461958302658751,0.4215905745720153,0.09735982084173445,9.1172,11925.111111111111,1824.6067003908297,0.15300542555874128,2.538878243796277,hysteresis supporting component
2026-08-07,2026-08-07_110748_800932_1_R9_C9_10,9,600.0,3.5,pressing_down,0.625,8,0.7399037230669558,0.6134816256988113,0.12719154285273293,-21.0985,10604.625,1535.0022743119493,0.1447483785906573,2.2577443048754526,hysteresis supporting component
2026-08-07,2026-08-07_110748_800932_1_R9_C9_10,9,600.0,3.5,pressing_down,0.875,6,0.8836413996698982,0.7902716141038438,0.0869357838159936,18.9554,11448.166666666666,1863.1089519044951,0.16274299686160773,2.4373358881555602,hysteresis supporting component
2026-08-07,2026-08-07_110748_800932_1_R9_C9_10,9,600.0,3.5,pressing_down,1.125,1,1.1143801277637035,1.0207673211993096,0.09361280656439405,40.2723,11935.0,,,2.540983606557377,hysteresis supporting component
2026-08-07,2026-08-07_110748_800932_1_R9_C9_10,9,600.0,3.5,retracting,0.375,2,0.6418961491463745,0.45481719814512245,0.18707895100125205,16.23985,12822.0,878.2266222336921,0.06849373126140165,2.7298275494996807,hysteresis supporting component
2026-08-07,2026-08-07_110748_800932_1_R9_C9_10,9,600.0,3.5,retracting,0.625,8,0.7637599372234432,0.6642309151353505,0.09548631370306425,-12.7162,12228.75,1031.992351854273,0.08439066559168135,2.603523525654673,hysteresis supporting component
2026-08-07,2026-08-07_110748_800932_1_R9_C9_10,9,600.0,3.5,retracting,0.875,6,1.019961328921926,0.9261580894758967,0.0869357838159936,25.66645,11959.0,1553.1464837548328,0.12987260504681264,2.5460932510112837,hysteresis supporting component
2026-08-07,2026-08-07_110748_800932_1_R9_C9_10,9,600.0,3.5,retracting,1.125,8,1.254102632607419,1.1140480930941807,0.12719154285273293,-13.97175,11420.0,1579.785157183452,0.13833495246790292,2.431339152650628,hysteresis supporting component
2026-08-07,2026-08-07_110748_800932_1_R9_C9_10,9,600.0,3.5,retracting,1.375,8,1.5382782589060582,1.4589234403981903,0.12719154285273293,9.843174999999999,11494.5,1219.0361825170385,0.10605386772082635,2.4472003406429637,hysteresis supporting component
2026-08-07,2026-08-07_110748_800932_1_R9_C9_10,9,600.0,3.5,retracting,1.625,7,1.6506447256932726,1.5570319191288786,0.09361280656439405,6.825899999999999,11986.5,903.352136950665,0.07536412939145415,2.551948051948052,hysteresis supporting component
2026-08-07,2026-08-07_110748_800932_1_R9_C9_10,9,600.0,3.5,retracting,1.875,6,2.080732534526131,1.9250884073393923,0.1609748526599062,1.0682749999999999,11423.416666666666,732.1881190422764,0.06409537009875414,2.432066567312469,hysteresis supporting component
2026-08-07,2026-08-07_110748_800932_1_R9_C9_10,9,600.0,3.5,retracting,2.125,3,2.2199225205321964,2.124830907773097,0.1581287071451292,16.8948,11056.166666666666,421.83833791315516,0.038154122548184746,2.353878362075083,hysteresis supporting component
2026-08-07,2026-08-07_123435_699757_1_R8_C1_10,8,200.0,1.75,pressing_down,0.125,10,0.533158014025144,0.022719475664129685,0.5047452173838489,16.9371,12497.2,597.5745513694877,0.047816675044769046,2.176454197143852,hysteresis supporting component
2026-08-07,2026-08-07_123435_699757_1_R8_C1_10,8,200.0,1.75,pressing_down,0.375,10,0.8822441272065511,0.37466770031621344,0.5047452173838489,2.889825,12327.95,1066.806617121085,0.08653560544300432,2.1469784047370255,hysteresis supporting component
2026-08-07,2026-08-07_123435_699757_1_R8_C1_10,8,200.0,1.75,pressing_down,0.625,4,1.0623739539618584,0.5471464526439912,0.5054658920130788,9.0241,12766.0,2054.887344843994,0.16096563879398354,2.223267154301637,hysteresis supporting component
2026-08-07,2026-08-07_123435_699757_1_R8_C1_10,8,200.0,1.75,retracting,0.125,7,0.722071861144492,0.2228346362507957,0.5123863061417233,-26.614,13768.142857142857,425.09819593886317,0.030875492820611174,2.3977956908991396,hysteresis supporting component
2026-08-07,2026-08-07_123435_699757_1_R8_C1_10,8,200.0,1.75,retracting,0.375,10,0.8927955795901551,0.37923287377997006,0.5047452173838489,12.5953,13231.35,1293.7887095658239,0.09778206377775692,2.304310344827586,hysteresis supporting component
2026-08-07,2026-08-07_123435_699757_1_R8_C1_10,8,200.0,1.75,retracting,0.625,10,1.1363083712368691,0.6224452000606497,0.5047452173838489,4.690724999999999,12555.95,1041.45820447422,0.08294539277985498,2.186685823754789,hysteresis supporting component
2026-08-07,2026-08-07_123435_699757_1_R8_C1_10,8,200.0,1.75,retracting,0.875,10,1.3389633778741046,0.8297558548340198,0.5047452173838489,17.8006,12552.4,413.32693543435516,0.0329281201550584,2.1860675722744687,hysteresis supporting component
2026-08-07,2026-08-07_123435_699757_1_R8_C1_10,8,200.0,1.75,retracting,1.125,1,1.5649117552026228,1.0111799771603602,0.5537317780422626,17.57,11489.0,,,2.0008707767328455,hysteresis supporting component
2026-08-07,2026-08-07_123619_614408_1_R8_C2_10,8,200.0,2.625,pressing_down,0.125,10,0.4853367976888321,0.05163887990009358,0.43904199169511915,2.6331250000000006,12802.6,756.2581790191316,0.05907067150572008,2.2296412399860674,hysteresis supporting component
2026-08-07,2026-08-07_123619_614408_1_R8_C2_10,8,200.0,2.625,pressing_down,0.375,10,0.7956568594266011,0.36621148556791194,0.43904199169511915,-0.5741,12445.65,1483.248687659775,0.11917808131031928,2.167476489028213,hysteresis supporting component
2026-08-07,2026-08-07_123619_614408_1_R8_C2_10,8,200.0,2.625,pressing_down,0.625,9,1.0255985199259507,0.6256072531092921,0.42426839317337,-3.1901,12061.388888888889,1278.7235035812516,0.10601793171259312,2.100555362049615,hysteresis supporting component
2026-08-07,2026-08-07_123619_614408_1_R8_C2_10,8,200.0,2.625,pressing_down,0.875,10,1.2902607785737694,0.8699477726381984,0.43904199169511915,-21.164900000000003,12329.0,1352.4782397099366,0.1096989406853708,2.1471612678509233,hysteresis supporting component
2026-08-07,2026-08-07_123619_614408_1_R8_C2_10,8,200.0,2.625,pressing_down,1.125,9,1.5428719953351009,1.0862164224000455,0.4538155902168683,18.3829,13299.833333333334,1646.1889700152897,0.12377515783520768,2.316237083478463,hysteresis supporting component
2026-08-07,2026-08-07_123619_614408_1_R8_C2_10,8,200.0,2.625,pressing_down,1.375,6,1.759000913347705,1.3331480290079207,0.45576579971674464,8.116349999999999,13082.5,2270.36972759945,0.17354249781000955,2.27838732149077,hysteresis supporting component
2026-08-07,2026-08-07_123619_614408_1_R8_C2_10,8,200.0,2.625,retracting,0.125,8,0.5901182997863065,0.1715520393417535,0.45434580835765104,4.1884749999999995,12667.125,1080.0827597259129,0.08526660625247737,2.2060475444096133,hysteresis supporting component
2026-08-07,2026-08-07_123619_614408_1_R8_C2_10,8,200.0,2.625,retracting,0.375,10,0.7839946879228921,0.3794341299294399,0.43904199169511915,-1.58265,13109.7,1203.3774507148157,0.09179290530788774,2.2831243469174503,hysteresis supporting component
2026-08-07,2026-08-07_123619_614408_1_R8_C2_10,8,200.0,2.625,retracting,0.625,10,1.0497840310750395,0.6207662709094132,0.43904199169511915,18.70345,12830.4,1233.6776051032673,0.09615270023563313,2.2344827586206897,hysteresis supporting component
2026-08-07,2026-08-07_123619_614408_1_R8_C2_10,8,200.0,2.625,retracting,0.875,10,1.2839880058288067,0.8473092685765755,0.43904199169511915,-9.365775,12299.95,1225.918418755687,0.09966856928326433,2.1421020550330896,hysteresis supporting component
2026-08-07,2026-08-07_123619_614408_1_R8_C2_10,8,200.0,2.625,retracting,1.125,10,1.582429952014806,1.1344829999672008,0.43904199169511915,2.740475,12171.75,1177.2709555483723,0.09672158527314251,2.1197753396029255,hysteresis supporting component
2026-08-07,2026-08-07_123619_614408_1_R8_C2_10,8,200.0,2.625,retracting,1.375,9,1.8044006661574183,1.4029037508740436,0.42426839317337,-3.872,12298.944444444445,1295.332786498426,0.10532064701565028,2.1419269321568173,hysteresis supporting component
2026-08-07,2026-08-07_123619_614408_1_R8_C2_10,8,200.0,2.625,retracting,1.625,6,2.0367059650116857,1.6023633777992448,0.4395722098359019,1.9432,12417.916666666666,1410.749957174079,0.11360600936878135,2.162646580750029,hysteresis supporting component
2026-08-07,2026-08-07_123619_614408_1_R8_C2_10,8,200.0,2.625,retracting,1.875,4,2.255347398586383,1.8596822827611441,0.42090411417261675,13.860325,12298.0,942.0455579924641,0.07660152528805207,2.1417624521072796,hysteresis supporting component
2026-08-07,2026-08-07_123814_851482_1_R8_C3_10,8,200.0,3.5,pressing_down,0.125,10,0.6833150901464891,0.031224112110914748,0.6438910692410793,-3.20775,12830.8,511.34263355297213,0.039852747572479655,2.234552420759317,hysteresis supporting component
2026-08-07,2026-08-07_123814_851482_1_R8_C3_10,8,200.0,3.5,pressing_down,0.375,10,1.0062006394620981,0.3551571287650517,0.6438910692410793,9.156699999999999,13515.4,820.7852540910645,0.06072963094625868,2.3537791710205505,hysteresis supporting component
2026-08-07,2026-08-07_123814_851482_1_R8_C3_10,8,200.0,3.5,pressing_down,0.625,10,1.2551401157720279,0.6057903808162555,0.6438910692410793,2.41555,12735.95,1254.5000431778924,0.09850070416246078,2.2180337861372346,hysteresis supporting component
2026-08-07,2026-08-07_123814_851482_1_R8_C3_10,8,200.0,3.5,pressing_down,0.875,10,1.5084892954521576,0.8492431598127956,0.6438910692410793,18.50425,12182.2,1368.716251740213,0.11235378271085789,2.1215952629745733,hysteresis supporting component
2026-08-07,2026-08-07_123814_851482_1_R8_C3_10,8,200.0,3.5,pressing_down,1.125,9,1.76477365139387,1.124308075573301,0.6391590574090438,-4.3439,11274.722222222223,1792.8902488564224,0.15901857389645274,1.9635531560818917,hysteresis supporting component
2026-08-07,2026-08-07_123814_851482_1_R8_C3_10,8,200.0,3.5,pressing_down,1.375,9,2.0691415102526705,1.412840146347296,0.6486230810731148,17.9629,11777.888888888889,1993.3627018460818,0.1692461799097625,2.0511823212972637,hysteresis supporting component
2026-08-07,2026-08-07_123814_851482_1_R8_C3_10,8,200.0,3.5,pressing_down,1.625,2,2.264897205128938,1.6159950956646125,0.6489021094643255,-6.16845,11466.5,68.58935777509511,0.005981716982086522,1.99695228143504,hysteresis supporting component
2026-08-07,2026-08-07_123814_851482_1_R8_C3_10,8,200.0,3.5,pressing_down,1.875,9,2.4636575545353137,1.8262315593076581,0.6391590574090438,-3.2258,12607.555555555555,1827.6460345969017,0.1449643451137952,2.1956732071674603,hysteresis supporting component
2026-08-07,2026-08-07_123814_851482_1_R8_C3_10,8,200.0,3.5,pressing_down,2.125,5,2.7660991288902466,2.134418632630693,0.6344693395326658,19.2305,12483.8,1969.8722547414086,0.15779428176848465,2.1741205154998258,hysteresis supporting component
2026-08-07,2026-08-07_123814_851482_1_R8_C3_10,8,200.0,3.5,pressing_down,2.375,6,3.0227811817634067,2.398755291036307,0.6438910692410793,20.2132,11959.5,653.3913834754786,0.05463367059454648,2.082810867293626,hysteresis supporting component
2026-08-07,2026-08-07_123814_851482_1_R8_C3_10,8,200.0,3.5,pressing_down,2.625,3,3.1595590904046165,2.5396295066609325,0.6316804962595535,37.1203,13413.0,881.6683049764237,0.0657323719508256,2.3359456635318705,hysteresis supporting component
2026-08-07,2026-08-07_123814_851482_1_R8_C3_10,8,200.0,3.5,pressing_down,2.875,6,3.496496213966474,2.8381575260121075,0.6438910692410793,8.574250000000001,12304.166666666666,1888.415888163057,0.1534777558954059,2.1428364100777895,hysteresis supporting component
2026-08-07,2026-08-07_123814_851482_1_R8_C3_10,8,200.0,3.5,pressing_down,3.125,3,3.8107963518081895,3.131463137938509,0.6563013639053745,20.2169,13211.666666666666,1129.8912927062204,0.08552223736895825,2.3008823870892834,hysteresis supporting component
2026-08-07,2026-08-07_123814_851482_1_R8_C3_10,8,200.0,3.5,pressing_down,3.375,5,4.11145028953546,3.467021287473544,0.6391590574090438,-0.3794,11539.4,1095.8226590101156,0.09496357341023932,2.0096482061999303,hysteresis supporting component
2026-08-07,2026-08-07_123814_851482_1_R8_C3_10,8,200.0,3.5,pressing_down,3.625,2,4.388427765895734,3.720610477008206,0.6678172888875273,17.55815,12869.5,863.3773798287746,0.06708709583346474,2.241292232671543,hysteresis supporting component
2026-08-07,2026-08-07_123814_851482_1_R8_C3_10,8,200.0,3.5,pressing_down,3.875,4,4.5883675149061816,3.9444371760158488,0.6382330409750374,-1.2622,12276.5,855.6286188138713,0.06969646225014227,2.1380181121560433,hysteresis supporting component
2026-08-07,2026-08-07_123814_851482_1_R8_C3_10,8,200.0,3.5,pressing_down,4.125,3,4.841755736378817,4.162422522509137,0.6661237226690974,-3.2427,12331.0,1854.1038266504927,0.15036118941290186,2.1475095785440614,hysteresis supporting component
2026-08-07,2026-08-07_123814_851482_1_R8_C3_10,8,200.0,3.5,pressing_down,4.375,3,5.00633731111988,4.370654611096758,0.6373070245410309,38.2592,12228.666666666666,745.5483440618277,0.06096726359334578,2.1296876814118195,hysteresis supporting component
2026-08-07,2026-08-07_123814_851482_1_R8_C3_10,8,200.0,3.5,pressing_down,4.625,4,5.236060303096604,4.576814167457242,0.6534275085725049,19.1702,10341.5,897.3213842691295,0.08676897783388575,1.801027516544758,hysteresis supporting component
2026-08-07,2026-08-07_123814_851482_1_R8_C3_10,8,200.0,3.5,retracting,0.125,10,0.8219175392927591,0.16877527195625674,0.6438910692410793,-3.6572750000000003,12862.35,1449.868883918665,0.11272192747971133,2.2400470219435737,hysteresis supporting component
2026-08-07,2026-08-07_123814_851482_1_R8_C3_10,8,200.0,3.5,retracting,0.375,10,1.0258241107750257,0.36750399156967006,0.6438910692410793,12.8306,12509.75,1319.6187212389964,0.10548721766933765,2.178639846743295,hysteresis supporting component
2026-08-07,2026-08-07_123814_851482_1_R8_C3_10,8,200.0,3.5,retracting,0.625,10,1.259761104929326,0.6137777974449955,0.6438910692410793,-3.63645,13147.25,1810.3299461393465,0.1376964723527237,2.2896638801811213,hysteresis supporting component
2026-08-07,2026-08-07_123814_851482_1_R8_C3_10,8,200.0,3.5,retracting,0.875,8,1.5065705150884066,0.8588403044311975,0.6382330409750374,6.95915,12785.875,1814.985276406238,0.14195237137905994,2.226728491814699,hysteresis supporting component
2026-08-07,2026-08-07_123814_851482_1_R8_C3_10,8,200.0,3.5,retracting,1.125,9,1.8058722231674535,1.1685651986264225,0.6391590574090438,18.8665,12280.111111111111,2494.9360434911177,0.20316884928131354,2.1386470064630982,hysteresis supporting component
2026-08-07,2026-08-07_123814_851482_1_R8_C3_10,8,200.0,3.5,retracting,1.375,3,2.0502756816691767,1.402974188512251,0.6661237226690974,-25.4984,12811.666666666666,1106.1655994168927,0.08634049169378634,2.231220248461628,hysteresis supporting component
2026-08-07,2026-08-07_123814_851482_1_R8_C3_10,8,200.0,3.5,retracting,1.625,8,2.2680151749083555,1.6477285647560014,0.6382330409750374,23.06215,12783.75,2051.1765090865706,0.16045186342712983,2.2263584117032393,hysteresis supporting component
2026-08-07,2026-08-07_123814_851482_1_R8_C3_10,8,200.0,3.5,retracting,1.875,4,2.5869937550135074,1.9549238910019624,0.642965052807073,8.83265,13832.25,1056.4687643276536,0.07637721732383769,2.408960292580982,hysteresis supporting component
2026-08-07,2026-08-07_123814_851482_1_R8_C3_10,8,200.0,3.5,retracting,2.125,5,2.7940279062716677,2.137726542366293,0.6505536532396352,-38.9214,12230.0,1172.024530460007,0.09583193217170949,2.129919888540578,hysteresis supporting component
2026-08-07,2026-08-07_123814_851482_1_R8_C3_10,8,200.0,3.5,retracting,2.375,6,2.9972379517595016,2.3581202434865016,0.6438910692410793,6.827249999999999,11794.833333333334,2093.467976030841,0.17749025500127238,2.0541332868919078,hysteresis supporting component
2026-08-07,2026-08-07_123814_851482_1_R8_C3_10,8,200.0,3.5,retracting,2.625,4,3.265728828759584,2.634840402287912,0.6468041942232028,-3.8497000000000003,13275.625,1598.4675669215187,0.12040620060611223,2.312021072796935,hysteresis supporting component
2026-08-07,2026-08-07_123814_851482_1_R8_C3_10,8,200.0,3.5,retracting,2.875,4,3.422835971231701,2.7812897609288108,0.6368141984708549,-10.82,12580.25,1631.7153295433204,0.1297045233237273,2.190917798676419,hysteresis supporting component
2026-08-07,2026-08-07_123814_851482_1_R8_C3_10,8,200.0,3.5,retracting,3.125,4,3.716031612869333,3.0433031445999443,0.6583386879543662,26.313825,11818.125,1331.1944745853878,0.11264007400373476,2.0581896551724137,hysteresis supporting component
2026-08-07,2026-08-07_123814_851482_1_R8_C3_10,8,200.0,3.5,retracting,3.375,6,3.940989081601945,3.2956037298829246,0.6382330409750374,8.563350000000002,12011.166666666666,2744.828841051235,0.22852308332950463,2.0918088935330315,hysteresis supporting component
2026-08-07,2026-08-07_123814_851482_1_R8_C3_10,8,200.0,3.5,retracting,3.625,4,4.231772929083281,3.567794781611883,0.6583386879543662,-28.807699999999997,11245.0,1699.1393900050302,0.1511017687865745,1.9583768721699757,hysteresis supporting component
2026-08-07,2026-08-07_123814_851482_1_R8_C3_10,8,200.0,3.5,retracting,3.875,5,4.541029549107666,3.9065602095750003,0.6391590574090438,17.0449,12847.0,1392.7302323134943,0.10840898515711794,2.2373737373737375,hysteresis supporting component
2026-08-07,2026-08-07_123814_851482_1_R8_C3_10,8,200.0,3.5,retracting,4.125,4,4.753901331978071,4.089923184506673,0.6583386879543662,-2.4473,13096.375,639.9876789178574,0.0488675437987884,2.2808037269244164,hysteresis supporting component
2026-08-07,2026-08-07_123814_851482_1_R8_C3_10,8,200.0,3.5,retracting,4.375,6,5.017896834899581,4.37635062459669,0.6438910692410793,16.265700000000002,12480.666666666666,1046.57396617089,0.08385561397662171,2.1735748287472423,hysteresis supporting component
2026-08-07,2026-08-07_123814_851482_1_R8_C3_10,8,200.0,3.5,retracting,4.625,3,5.31846781065463,4.672043296031854,0.6391590574090438,-0.3286,11494.333333333334,2084.48179011795,0.18134864629973757,2.001799605247881,hysteresis supporting component
2026-08-07,2026-08-07_123814_851482_1_R8_C3_10,8,200.0,3.5,retracting,4.875,4,5.5387143215732095,4.890984110916001,0.6534275085725049,8.69895,12244.0,2007.9663011780517,0.16399594096521167,2.1323580633925463,hysteresis supporting component
2026-08-07,2026-08-07_123814_851482_1_R8_C3_10,8,200.0,3.5,retracting,5.125,7,5.790308384587162,5.134007020681787,0.6505536532396352,17.3802,12528.357142857143,1388.2039569855992,0.11080494762053167,2.1818803801562425,hysteresis supporting component
2026-08-07,2026-08-07_123814_851482_1_R8_C3_10,8,200.0,3.5,retracting,5.375,7,6.0513420072473325,5.372851326081859,0.6505536532396352,-16.277549999999998,12338.07142857143,1469.304694647875,0.11908706341619872,2.1487411056376575,hysteresis supporting component
2026-08-07,2026-08-07_123814_851482_1_R8_C3_10,8,200.0,3.5,retracting,5.625,5,6.326766115554559,5.673124372050504,0.6391590574090438,-4.6288,11723.8,891.1941847880292,0.07601581268769761,2.0417624521072795,hysteresis supporting component
2026-08-07,2026-08-07_123814_851482_1_R8_C3_10,8,200.0,3.5,retracting,5.875,2,6.4691567323377015,5.810836613132345,0.6583201192053556,-4.3751999999999995,12338.5,1171.6759364261093,0.09496097065495071,2.14881574364333,hysteresis supporting component
2026-08-07,2026-08-07_124122_519050_1_R8_C4_10,8,400.0,1.75,pressing_down,0.125,10,0.8694129071053148,0.042719603588731364,0.8435606108639038,12.492425,13073.6,925.3674585446221,0.07078138068662207,2.2768373389063044,hysteresis supporting component
2026-08-07,2026-08-07_124122_519050_1_R8_C4_10,8,400.0,1.75,pressing_down,0.375,7,1.2194542739609286,0.3619516112755147,0.9233856280626288,-2.4457,12182.42857142857,735.2459581987645,0.06035298741033749,2.121635069910932,hysteresis supporting component
2026-08-07,2026-08-07_124122_519050_1_R8_C4_10,8,400.0,1.75,pressing_down,0.625,5,1.5270274806613628,0.6160180148711203,0.9110094657902426,-3.1212,13297.0,2286.1205130088833,0.17192754102495927,2.31574364332985,hysteresis supporting component
2026-08-07,2026-08-07_124122_519050_1_R8_C4_10,8,400.0,1.75,pressing_down,1.125,1,2.309987679667848,1.1673674881369647,1.1426201915308831,22.8503,12516.0,,,2.179728317659352,hysteresis supporting component
2026-08-07,2026-08-07_124122_519050_1_R8_C4_10,8,400.0,1.75,retracting,0.625,1,1.3498287133813198,0.6584964555927443,0.6913322577885755,-2.6878,16013.0,,,2.7887495646116336,hysteresis supporting component
2026-08-07,2026-08-07_124122_519050_1_R8_C4_10,8,400.0,1.75,retracting,0.875,1,1.4482957062905355,0.7761246960542222,0.6721710102363133,-15.3971,13404.0,,,2.3343782654127483,hysteresis supporting component
2026-08-07,2026-08-07_124122_519050_1_R8_C4_10,8,400.0,1.75,retracting,1.125,3,1.7844634139587254,1.0931311561701498,0.6721710102363133,22.8587,13402.0,2779.0194313822276,0.2073585607657236,2.3340299547196097,hysteresis supporting component
2026-08-07,2026-08-07_124122_519050_1_R8_C4_10,8,400.0,1.75,retracting,1.375,5,2.1050770421434235,1.3663345870818346,0.7761117559375649,-18.9876,12824.8,2014.4705756103758,0.15707617862347764,2.2335074886799022,hysteresis supporting component
2026-08-07,2026-08-07_124122_519050_1_R8_C4_10,8,400.0,1.75,retracting,1.625,5,2.279488447489924,1.582893519448192,0.6913322577885755,19.1869,12580.2,1069.2739125219505,0.08499657497670549,2.190909090909091,hysteresis supporting component
2026-08-07,2026-08-07_124122_519050_1_R8_C4_10,8,400.0,1.75,retracting,1.875,4,2.574414139475927,1.913376704617249,0.6708243869538153,19.858249999999998,12321.0,1517.5317679266773,0.12316628260098021,2.14576802507837,hysteresis supporting component
2026-08-07,2026-08-07_124122_519050_1_R8_C4_10,8,400.0,1.75,retracting,2.125,6,2.926492801876167,2.087416709054125,0.8435606108639038,28.78875,12925.916666666666,1021.1450639682233,0.07899981798594993,2.251117496807152,hysteresis supporting component
2026-08-07,2026-08-07_124122_519050_1_R8_C4_10,8,400.0,1.75,retracting,2.375,1,3.915262898527088,2.4551136859351828,1.4601492125919053,30.5457,14848.0,,,2.585858585858586,hysteresis supporting component
2026-08-07,2026-08-07_124122_519050_1_R8_C4_10,8,400.0,1.75,retracting,2.625,4,3.624894701956869,2.5859343268960773,1.033002909796756,-19.1921,13131.75,1211.137860306029,0.0922297378724107,2.2869644723093,hysteresis supporting component
2026-08-07,2026-08-07_124122_519050_1_R8_C4_10,8,400.0,1.75,retracting,2.875,3,3.8280248491461935,2.916721525101831,0.9233856280626288,10.844299999999999,12089.333333333334,1182.7604716650505,0.09783504508092952,2.105422036456519,hysteresis supporting component
2026-08-07,2026-08-07_124122_519050_1_R8_C4_10,8,400.0,1.75,retracting,3.125,3,4.455636388103391,3.1846119174106864,1.218346647732389,-11.2234,13111.0,480.84612923470644,0.036675015577355384,2.2833507488679903,hysteresis supporting component
2026-08-07,2026-08-07_124122_519050_1_R8_C4_10,8,400.0,1.75,retracting,3.375,1,4.43931001863394,3.2966898271030565,1.1426201915308831,-11.5427,14195.0,,,2.4721351445489375,hysteresis supporting component
2026-08-07,2026-08-07_124122_519050_1_R8_C4_10,8,400.0,1.75,retracting,3.625,2,5.0182692904803305,3.679021360318183,1.3392479301621472,-7.8290999999999995,12790.75,653.0131124257766,0.05105354357060975,2.2275774991292234,hysteresis supporting component
2026-08-07,2026-08-07_124122_519050_1_R8_C4_10,8,400.0,1.75,retracting,3.875,1,5.243520049913156,3.7833708373212502,1.4601492125919053,19.5297,13277.0,,,2.3122605363984676,hysteresis supporting component
2026-08-07,2026-08-07_124257_772512_1_R8_C5_10,8,400.0,2.625,pressing_down,0.125,9,0.5449358379901045,0.059919465212258105,0.4993143605681812,17.5486,12996.777777777777,1321.3773143748326,0.10166960895754922,2.263458338170982,hysteresis supporting component
2026-08-07,2026-08-07_124257_772512_1_R8_C5_10,8,400.0,2.625,pressing_down,0.375,8,0.9215029570287446,0.37917188086637477,0.5204647933738809,17.11885,12570.25,1774.2720640146645,0.14114851049220695,2.189176245210728,hysteresis supporting component
2026-08-07,2026-08-07_124257_772512_1_R8_C5_10,8,400.0,2.625,pressing_down,0.625,7,1.0637496518606158,0.5644101547540782,0.4993394971065376,-26.6679,11820.857142857143,2199.756609913275,0.1860911254851343,2.058665472458576,hysteresis supporting component
2026-08-07,2026-08-07_124257_772512_1_R8_C5_10,8,400.0,2.625,pressing_down,0.875,2,1.4266434253355516,0.8431122605930325,0.5835311647425191,-4.0283500000000005,13768.5,884.5905832643709,0.06424741861962965,2.3978578892371996,hysteresis supporting component
2026-08-07,2026-08-07_124257_772512_1_R8_C5_10,8,400.0,2.625,pressing_down,1.125,3,1.5455148126869729,1.100209328889243,0.44530548379772983,23.6028,14008.0,1671.8465838706613,0.11934941346877936,2.4395680947405087,hysteresis supporting component
2026-08-07,2026-08-07_124257_772512_1_R8_C5_10,8,400.0,2.625,pressing_down,1.375,4,1.7993172041740975,1.2790198578429468,0.4831083055907087,-28.87175,10845.5,1428.2524286693863,0.1316907868396465,1.8888018112156044,hysteresis supporting component
2026-08-07,2026-08-07_124257_772512_1_R8_C5_10,8,400.0,2.625,pressing_down,1.625,2,2.162061725136213,1.5785305603936934,0.5835311647425191,-24.94175,12017.0,1250.1647891378161,0.10403301898458985,2.0928247997213516,hysteresis supporting component
2026-08-07,2026-08-07_124257_772512_1_R8_C5_10,8,400.0,2.625,pressing_down,1.875,3,2.3606372367664368,1.8219400040385925,0.44530548379772983,-1.1428,12767.666666666666,724.3454516550327,0.05673279782171366,2.2235574132125855,hysteresis supporting component
2026-08-07,2026-08-07_124257_772512_1_R8_C5_10,8,400.0,2.625,pressing_down,2.125,2,2.6686629524209646,2.194938368640159,0.4737245837808058,32.77355,12546.5,132.22896808188437,0.01053911195009639,2.1850400557297105,hysteresis supporting component
2026-08-07,2026-08-07_124257_772512_1_R8_C5_10,8,400.0,2.625,pressing_down,2.375,3,2.8756873642740355,2.4088102501991555,0.4993143605681812,32.7907,13355.0,837.8442576040012,0.0627363727146388,2.32584465343086,hysteresis supporting component
2026-08-07,2026-08-07_124257_772512_1_R8_C5_10,8,400.0,2.625,pressing_down,2.625,1,3.254320397387393,2.586572428470536,0.6677479689168571,43.8863,11307.0,,,1.9691745036572623,hysteresis supporting component
2026-08-07,2026-08-07_124257_772512_1_R8_C5_10,8,400.0,2.625,retracting,1.125,1,1.6940297376148612,1.152439647973637,0.5415900896412242,36.8921,9146.0,,,1.5928247997213514,hysteresis supporting component
2026-08-07,2026-08-07_124257_772512_1_R8_C5_10,8,400.0,2.625,retracting,1.375,2,1.958362951092953,1.3166064839501899,0.6417564671427631,-3.8496499999999996,10828.5,2411.9412306273134,0.222740105335671,1.8858411703239288,hysteresis supporting component
2026-08-07,2026-08-07_124257_772512_1_R8_C5_10,8,400.0,2.625,retracting,1.625,3,2.0124575290431466,1.5523498782982879,0.4668771140748798,19.0137,11903.333333333334,1755.249365000123,0.14745864169701392,2.073029141994659,hysteresis supporting component
2026-08-07,2026-08-07_124257_772512_1_R8_C5_10,8,400.0,2.625,retracting,1.875,3,2.2948839988350977,1.7918899789430385,0.4993394971065376,33.9308,12288.0,3125.3507003214854,0.2543416911068917,2.140020898641588,hysteresis supporting component
2026-08-07,2026-08-07_124257_772512_1_R8_C5_10,8,400.0,2.625,retracting,2.125,2,2.762967923522722,2.1450446271301504,0.6179232963925717,19.10655,12621.0,947.5230867899737,0.07507511978369176,2.198014629049112,hysteresis supporting component
2026-08-07,2026-08-07_124257_772512_1_R8_C5_10,8,400.0,2.625,retracting,2.375,3,2.829307766294014,2.4142560447070993,0.4668771140748798,-4.4893,13451.333333333334,2067.840499974148,0.15372754869213567,2.342621618483687,hysteresis supporting component
2026-08-07,2026-08-07_124257_772512_1_R8_C5_10,8,400.0,2.625,retracting,2.625,4,3.1366915682231236,2.5924061723682295,0.5442853958548941,-0.9490999999999996,10728.75,582.6287411379567,0.05430537025636319,1.8684691745036572,hysteresis supporting component
2026-08-07,2026-08-07_124257_772512_1_R8_C5_10,8,400.0,2.625,retracting,2.875,4,3.3962736036929213,2.896515707102422,0.5204647933738809,-21.89215,11787.75,396.2956598298802,0.03361927932216751,2.052899686520376,hysteresis supporting component
2026-08-07,2026-08-07_124257_772512_1_R8_C5_10,8,400.0,2.625,retracting,3.375,2,4.09688883158481,3.4789655351922377,0.6179232963925717,7.86015,12997.0,223.44574285494903,0.017192101473797725,2.263497039359108,hysteresis supporting component
2026-08-07,2026-08-07_124257_772512_1_R8_C5_10,8,400.0,2.625,retracting,3.625,2,4.180156173568642,3.6457439484579215,0.5344122251107202,24.137500000000003,11780.0,1998.2837636331833,0.16963359623371674,2.0515499825844654,hysteresis supporting component
2026-08-07,2026-08-07_124257_772512_1_R8_C5_10,8,400.0,2.625,retracting,3.875,4,4.36011757612594,3.869520452656216,0.4831083055907087,20.13905,12577.75,1026.5311734185182,0.08161484950953217,2.1904824103099965,hysteresis supporting component
2026-08-07,2026-08-07_124257_772512_1_R8_C5_10,8,400.0,2.625,retracting,4.125,3,4.673755308677319,4.09064442033096,0.546980702068564,-6.3241,12545.666666666666,1190.1497104706339,0.09486540190269951,2.1848949262742363,hysteresis supporting component
2026-08-07,2026-08-07_124257_772512_1_R8_C5_10,8,400.0,2.625,retracting,4.375,1,4.906471457786923,4.407157097218741,0.4993143605681812,-45.2275,15061.0,,,2.6229536746778126,hysteresis supporting component
2026-08-07,2026-08-07_124257_772512_1_R8_C5_10,8,400.0,2.625,retracting,4.625,1,5.215834568925216,4.748957454850337,0.4668771140748798,-44.0803,13733.0,,,2.391675374433995,hysteresis supporting component
2026-08-07,2026-08-07_124257_772512_1_R8_C5_10,8,400.0,2.625,retracting,4.875,5,5.36790240414966,4.84179865351128,0.4993394971065376,-29.986,12659.4,2020.196846844386,0.15958077372105994,2.204702194357367,hysteresis supporting component
2026-08-07,2026-08-07_124257_772512_1_R8_C5_10,8,400.0,2.625,retracting,5.125,4,5.620012370318044,5.132308196273622,0.4830957373215305,19.222749999999998,11360.75,1175.7157040146512,0.10348926822741908,1.9785353535353536,hysteresis supporting component
2026-08-07,2026-08-07_124257_772512_1_R8_C5_10,8,400.0,2.625,retracting,5.375,5,5.911690403309621,5.282251098413639,0.4993394971065376,-12.4957,12419.5,685.3355017799677,0.05518221359796833,2.1629223267154303,hysteresis supporting component
2026-08-07,2026-08-07_124257_772512_1_R8_C5_10,8,400.0,2.625,retracting,5.625,5,6.083150139764439,5.682681674271391,0.44530548379772983,-8.1697,13805.8,2266.8149075299466,0.16419294119355246,2.4043538836642284,hysteresis supporting component
2026-08-07,2026-08-07_124257_772512_1_R8_C5_10,8,400.0,2.625,retracting,5.875,4,6.366053454386819,5.89144915660625,0.4228869746453887,-3.1717750000000002,12586.5,1530.0397053671518,0.1215619676134868,2.1920062695924765,hysteresis supporting component
2026-08-07,2026-08-07_124601_232759_1_R8_C6_10,8,400.0,3.5,pressing_down,0.125,7,0.7236870053970569,0.06856638676979021,0.6261443899068871,15.021500000000001,11873.214285714286,1040.377569969306,0.0876239192634699,2.067783748818232,hysteresis supporting component
2026-08-07,2026-08-07_124601_232759_1_R8_C6_10,8,400.0,3.5,pressing_down,0.375,9,1.0176379373990234,0.37200509303148366,0.6261443899068871,-19.8232,11477.888888888889,1217.6244489213877,0.10608435581739269,1.998935717326522,hysteresis supporting component
2026-08-07,2026-08-07_124601_232759_1_R8_C6_10,8,400.0,3.5,pressing_down,0.625,6,1.2065919305975383,0.5743239670399086,0.6077847961905716,20.7805,12117.166666666666,1537.2057008307852,0.12686181044777675,2.1102693602693603,hysteresis supporting component
2026-08-07,2026-08-07_124601_232759_1_R8_C6_10,8,400.0,3.5,pressing_down,0.875,4,1.6928938148136394,0.9248261993074083,0.7564626843078035,22.3981,11351.25,1496.4340669293338,0.1318298924725765,1.9768808777429467,hysteresis supporting component
2026-08-07,2026-08-07_124601_232759_1_R8_C6_10,8,400.0,3.5,pressing_down,1.125,4,1.8080309249596018,1.096499112980678,0.687540471998909,6.9099,10323.0,689.9473409857692,0.06683593344820006,1.7978056426332287,hysteresis supporting component
2026-08-07,2026-08-07_124601_232759_1_R8_C6_10,8,400.0,3.5,pressing_down,1.375,1,1.8928014209665696,1.3033762184923137,0.5894252024742559,-2.2679,9067.0,,,1.5790665273423894,hysteresis supporting component
2026-08-07,2026-08-07_124601_232759_1_R8_C6_10,8,400.0,3.5,pressing_down,1.625,3,2.267903569835549,1.537970807472941,0.5894252024742559,-41.8003,11989.666666666666,582.1257023472969,0.04855228410692235,2.0880645535817948,hysteresis supporting component
2026-08-07,2026-08-07_124601_232759_1_R8_C6_10,8,400.0,3.5,pressing_down,1.875,3,2.658445299039633,1.9110630702632063,0.7489365540909309,-0.3952,11452.333333333334,2430.367119044638,0.21221589071030397,1.9944850806919774,hysteresis supporting component
2026-08-07,2026-08-07_124601_232759_1_R8_C6_10,8,400.0,3.5,pressing_down,2.125,1,1.9883024443475896,2.183499886925336,-0.1951974425777464,30.5871,9868.0,,,1.7185649599442703,hysteresis supporting component
2026-08-07,2026-08-07_124601_232759_1_R8_C6_10,8,400.0,3.5,pressing_down,2.375,2,2.6911949511371063,2.329650655667186,0.36154429546992056,2.061675,10818.5,2700.440797351425,0.24961323634065952,1.8840996168582376,hysteresis supporting component
2026-08-07,2026-08-07_124601_232759_1_R8_C6_10,8,400.0,3.5,pressing_down,2.625,3,3.3137190094473743,2.5647824553564433,0.7489365540909309,40.521,10265.333333333334,1267.0257824264402,0.12342763174695807,1.7877626843144085,hysteresis supporting component
2026-08-07,2026-08-07_124601_232759_1_R8_C6_10,8,400.0,3.5,pressing_down,2.875,1,3.695552279727213,2.849667138034853,0.8458851416923602,-3.1022,12081.0,,,2.1039707419017764,hysteresis supporting component
2026-08-07,2026-08-07_124601_232759_1_R8_C6_10,8,400.0,3.5,pressing_down,3.125,1,2.8127280756218025,3.007925518199549,-0.1951974425777464,17.6513,10132.0,,,1.764541971438523,hysteresis supporting component
2026-08-07,2026-08-07_124601_232759_1_R8_C6_10,8,400.0,3.5,pressing_down,3.375,2,3.731846809400292,3.3703025139303717,0.36154429546992056,-3.10365,12376.5,932.6738443850562,0.07535844902719317,2.1554336468129573,hysteresis supporting component
2026-08-07,2026-08-07_124601_232759_1_R8_C6_10,8,400.0,3.5,pressing_down,3.625,3,4.370034974842497,3.621098420751566,0.7489365540909309,17.7756,10166.0,996.8013844292152,0.09805246748270856,1.7704632532218738,hysteresis supporting component
2026-08-07,2026-08-07_124601_232759_1_R8_C6_10,8,400.0,3.5,pressing_down,4.125,1,4.956969993659533,4.070189014950813,0.8867809787087199,32.7386,15696.0,,,2.7335423197492164,hysteresis supporting component
2026-08-07,2026-08-07_124601_232759_1_R8_C6_10,8,400.0,3.5,pressing_down,4.375,1,4.145581051542774,4.34077849412052,-0.1951974425777464,18.1665,11525.0,,,2.007140369209335,hysteresis supporting component
2026-08-07,2026-08-07_124601_232759_1_R8_C6_10,8,400.0,3.5,pressing_down,4.625,1,5.588144439119748,4.742259297427388,0.8458851416923602,22.3167,12543.0,,,2.184430512016719,hysteresis supporting component
2026-08-07,2026-08-07_124601_232759_1_R8_C6_10,8,400.0,3.5,pressing_down,4.875,2,5.61418271853411,4.7805714247298505,0.8336112938042592,-18.9352,13096.0,1484.9242404917497,0.11338761763070783,2.2807384186694533,hysteresis supporting component
2026-08-07,2026-08-07_124601_232759_1_R8_C6_10,8,400.0,3.5,pressing_down,5.125,1,6.081570869744532,5.1947898910358115,0.8867809787087199,-5.0998,10269.0,,,1.7884012539184952,hysteresis supporting component
2026-08-07,2026-08-07_124601_232759_1_R8_C6_10,8,400.0,3.5,retracting,0.125,2,0.14476012902222216,0.13491118835832444,0.009848940663897701,-7.714300000000001,12689.75,520.0770375627058,0.04098402549795747,2.2099878091257406,hysteresis supporting component
2026-08-07,2026-08-07_124601_232759_1_R8_C6_10,8,400.0,3.5,retracting,0.375,2,0.383767570735873,0.3739186300719753,0.009848940663897701,24.114649999999997,10825.75,534.9262799676233,0.0494123991379464,1.8853622431208639,hysteresis supporting component
2026-08-07,2026-08-07_124601_232759_1_R8_C6_10,8,400.0,3.5,retracting,0.625,3,0.615364694723505,0.6109757095042898,0.057518795795931554,7.2788,13091.833333333334,1070.0376551006668,0.08173321702593218,2.280012771392082,hysteresis supporting component
2026-08-07,2026-08-07_124601_232759_1_R8_C6_10,8,400.0,3.5,retracting,0.875,3,1.5278864850464353,0.9017420951395482,0.6261443899068871,21.3297,12112.0,2016.9662862824455,0.16652627859003016,2.10936955764542,hysteresis supporting component
2026-08-07,2026-08-07_124601_232759_1_R8_C6_10,8,400.0,3.5,retracting,1.125,2,1.842679353272684,1.1551388812737753,0.687540471998909,5.4445250000000005,10991.5,663.9732675341681,0.06040788495966594,1.9142284918146988,hysteresis supporting component
2026-08-07,2026-08-07_124601_232759_1_R8_C6_10,8,400.0,3.5,retracting,1.375,3,2.364377666900244,1.4460916333826566,0.8867809787087199,-27.7146,11657.0,832.0,0.07137342369391782,2.030128874956461,hysteresis supporting component
2026-08-07,2026-08-07_124601_232759_1_R8_C6_10,8,400.0,3.5,retracting,1.625,1,2.190780034012956,1.6013548315387003,0.5894252024742559,19.5203,11642.0,,,2.027516544757924,hysteresis supporting component
2026-08-07,2026-08-07_124601_232759_1_R8_C6_10,8,400.0,3.5,retracting,1.875,1,1.6775689214281244,1.8727663640058707,-0.1951974425777464,18.0344,8738.0,,,1.5217694183211425,hysteresis supporting component
2026-08-07,2026-08-07_124601_232759_1_R8_C6_10,8,400.0,3.5,retracting,2.125,4,3.02709094771281,2.182573176186474,0.86633306020054,7.48105,12049.5,1720.8068843810838,0.14281147635844507,2.0984848484848486,hysteresis supporting component
2026-08-07,2026-08-07_124601_232759_1_R8_C6_10,8,400.0,3.5,retracting,2.375,1,2.8712656560959826,2.2818404536217267,0.5894252024742559,36.0902,13059.0,,,2.274294670846395,hysteresis supporting component
2026-08-07,2026-08-07_124601_232759_1_R8_C6_10,8,400.0,3.5,retracting,2.625,1,2.5318943664918248,2.727091809069571,-0.1951974425777464,38.0222,9035.0,,,1.573493556252177,hysteresis supporting component
2026-08-07,2026-08-07_124601_232759_1_R8_C6_10,8,400.0,3.5,retracting,2.875,1,3.844069704545148,2.9257836710275607,0.9182860335175875,17.9308,10668.0,,,1.857889237199582,hysteresis supporting component
2026-08-07,2026-08-07_124601_232759_1_R8_C6_10,8,400.0,3.5,retracting,3.125,3,3.944013357555744,3.195076803464813,0.7489365540909309,28.1845,11403.0,1685.4859833294372,0.14781075009466257,1.9858934169279,hysteresis supporting component
2026-08-07,2026-08-07_124601_232759_1_R8_C6_10,8,400.0,3.5,retracting,3.375,1,4.142360631862181,3.2555796531534615,0.8867809787087199,25.9572,12568.0,,,2.1887843956809476,hysteresis supporting component
2026-08-07,2026-08-07_124601_232759_1_R8_C6_10,8,400.0,3.5,retracting,3.875,3,4.715273455193165,3.90817634745094,0.7489365540909309,-15.0316,9508.0,812.8788347595231,0.08549419801846057,1.65586903517938,hysteresis supporting component
2026-08-07,2026-08-07_124601_232759_1_R8_C6_10,8,400.0,3.5,retracting,4.125,2,4.341839297287904,4.144725417339648,0.19711387994825474,13.754150000000001,11896.0,391.7371567773473,0.03293015776541252,2.0717520027864857,hysteresis supporting component
2026-08-07,2026-08-07_124601_232759_1_R8_C6_10,8,400.0,3.5,retracting,4.375,3,5.189337181481462,4.271051147963874,0.8867809787087199,-5.353900000000001,12512.0,1558.5034488251863,0.12456069763628407,2.1790316962730754,hysteresis supporting component
2026-08-07,2026-08-07_124601_232759_1_R8_C6_10,8,400.0,3.5,retracting,4.625,1,5.321029163485644,4.572092609394713,0.7489365540909309,17.308,11032.0,,,1.921281783350749,hysteresis supporting component
2026-08-07,2026-08-07_124601_232759_1_R8_C6_10,8,400.0,3.5,retracting,4.875,1,5.639514771497357,4.890578217406426,0.7489365540909309,38.4033,11384.0,,,1.982584465343086,hysteresis supporting component
2026-08-07,2026-08-07_124601_232759_1_R8_C6_10,8,400.0,3.5,retracting,5.125,2,5.966592439988911,5.1691815920972655,0.7974108478916455,2.4659749999999994,10356.75,783.1207601641014,0.07561452773931025,1.8036833855799372,hysteresis supporting component
2026-08-07,2026-08-07_124601_232759_1_R8_C6_10,8,400.0,3.5,retracting,5.375,2,5.6297777462719845,5.352908190515392,0.2768695557565922,-7.749750000000001,10942.0,2146.7761876823583,0.1961959593933795,1.9056078021595262,hysteresis supporting component
2026-08-07,2026-08-07_124601_232759_1_R8_C6_10,8,400.0,3.5,retracting,5.625,2,6.443273555439596,5.609662261635337,0.8336112938042592,0.8011999999999997,10468.5,808.2230508962239,0.07720523961371963,1.8231452455590387,hysteresis supporting component
2026-08-07,2026-08-07_124601_232759_1_R8_C6_10,8,400.0,3.5,retracting,5.875,1,6.695023104336791,5.8082421256280705,0.8867809787087199,-14.088,12959.0,,,2.256879136189481,hysteresis supporting component
2026-08-07,2026-08-07_124904_883403_1_R8_C7_10,8,600.0,1.75,pressing_down,0.125,10,-0.03858947659327898,0.008039107784035718,-0.049366131611020145,5.404025000000001,13514.45,624.3741955839553,0.04620048877934027,2.3536137234413097,hysteresis supporting component
2026-08-07,2026-08-07_124904_883403_1_R8_C7_10,8,600.0,1.75,retracting,0.625,10,0.6553811070055873,0.7052672542499878,-0.049366131611020145,6.25145,12750.7,401.0261975371573,0.03145130836245518,2.2206025774991294,hysteresis supporting component
2026-08-07,2026-08-07_124904_883403_1_R8_C7_10,8,600.0,1.75,retracting,0.875,2,0.6986117830484957,0.7706817493455105,-0.0720699662970149,-18.642825,12479.0,1001.2632021601513,0.08023585240485226,2.1732845698362944,hysteresis supporting component
2026-08-07,2026-08-07_125056_967138_1_R8_C8_10,8,600.0,2.625,pressing_down,0.125,10,-0.08999575588746805,0.008657808558784078,-0.10180896151286112,3.644,13062.45,545.0279529019077,0.04172478768545777,2.2748955067920584,hysteresis supporting component
2026-08-07,2026-08-07_125056_967138_1_R8_C8_10,8,600.0,2.625,pressing_down,0.375,7,0.1861891008104649,0.3299213128062351,-0.14546121713135957,21.0339,12165.57142857143,1865.0494950664497,0.15330553981922224,2.1186993083544805,hysteresis supporting component
2026-08-07,2026-08-07_125056_967138_1_R8_C8_10,8,600.0,2.625,retracting,0.625,10,0.558669697404586,0.6295516817728667,-0.10180896151286112,18.867150000000002,12240.8,1721.4020642100634,0.140628232158851,2.1318007662835248,hysteresis supporting component
2026-08-07,2026-08-07_125056_967138_1_R8_C8_10,8,600.0,2.625,retracting,0.875,10,0.8054355830977136,0.932406614697351,-0.10180896151286112,-9.124575,13233.45,1354.3655433449271,0.10234410099746682,2.3046760710553817,hysteresis supporting component
2026-08-07,2026-08-07_125056_967138_1_R8_C8_10,8,600.0,2.625,retracting,1.125,10,0.9543933317610915,1.052218737852005,-0.10180896151286112,-3.572550000000001,12485.7,916.1570462171501,0.0733765064207173,2.1744514106583073,hysteresis supporting component
2026-08-07,2026-08-07_125220_451550_1_R8_C9_10,8,600.0,3.5,pressing_down,0.125,10,0.04189474670477475,0.01556545012509095,0.018186086124953024,7.186675000000001,13277.7,778.3013269650487,0.05861717970469649,2.3123824451410657,hysteresis supporting component
2026-08-07,2026-08-07_125220_451550_1_R8_C9_10,8,600.0,3.5,pressing_down,0.375,10,0.4048143478858047,0.385578575568581,0.018186086124953024,28.120849999999997,12565.3,1688.3808844899638,0.1343685295607716,2.1883141762452105,hysteresis supporting component
2026-08-07,2026-08-07_125220_451550_1_R8_C9_10,8,600.0,3.5,pressing_down,0.625,10,0.6834302535605388,0.6535341475838601,0.018186086124953024,8.143650000000001,12668.0,914.0678311810344,0.07215565449802924,2.206199930337861,hysteresis supporting component
2026-08-07,2026-08-07_125220_451550_1_R8_C9_10,8,600.0,3.5,pressing_down,0.875,2,0.9042954137998032,0.8665479203400158,0.037747493459787326,-15.817350000000001,13239.5,1827.8710293672254,0.1380619380918634,2.3057297109021246,hysteresis supporting component
2026-08-07,2026-08-07_125220_451550_1_R8_C9_10,8,600.0,3.5,retracting,0.375,5,0.4855327605942421,0.4534573918724446,0.00975000375098725,32.6489,13842.6,2176.2174293944067,0.1572116097694369,2.410762800417973,hysteresis supporting component
2026-08-07,2026-08-07_125220_451550_1_R8_C9_10,8,600.0,3.5,retracting,0.625,7,0.535813985786449,0.5247656754900453,0.0209491787172044,21.9402,13721.714285714286,1567.5121173679127,0.11423588078931611,2.389709906951286,hysteresis supporting component
2026-08-07,2026-08-07_125220_451550_1_R8_C9_10,8,600.0,3.5,retracting,0.875,8,0.8506835487818156,0.8324974626568626,0.018186086124953024,-37.302350000000004,13905.125,1471.118761594143,0.10579687428873479,2.421651863462208,hysteresis supporting component
2026-08-07,2026-08-07_125220_451550_1_R8_C9_10,8,600.0,3.5,retracting,1.125,5,1.1504690608230872,1.102073203769901,0.01542299353270165,-0.4882,12303.0,2202.3370541313607,0.1790081324986882,2.1426332288401255,hysteresis supporting component
2026-08-07,2026-08-07_125220_451550_1_R8_C9_10,8,600.0,3.5,retracting,1.375,5,1.3221212967021925,1.3123712929512052,0.0270991298663884,-5.9738,13171.6,933.0674144990812,0.07083933724825238,2.2939045628700803,hysteresis supporting component
2026-08-07,2026-08-07_125220_451550_1_R8_C9_10,8,600.0,3.5,retracting,1.625,7,1.7165592220620944,1.6818590844154218,0.0108765068580334,19.1776,13212.142857142857,1717.9652139058219,0.13002926417625293,2.300965318206697,hysteresis supporting component
2026-08-07,2026-08-07_125220_451550_1_R8_C9_10,8,600.0,3.5,retracting,1.875,8,1.9383844432019472,1.9328102708932413,0.0189878183622109,20.3778,12992.625,1950.7238903618756,0.1501408599387634,2.2627351097178683,hysteresis supporting component
2026-08-07,2026-08-07_125220_451550_1_R8_C9_10,8,600.0,3.5,retracting,2.125,10,2.164976043343669,2.1523895447018244,0.018186086124953024,-4.4178,11591.1,1103.894691032115,0.09523640474433963,2.0186520376175547,hysteresis supporting component
2026-08-07,2026-08-07_125220_451550_1_R8_C9_10,8,600.0,3.5,retracting,2.375,4,2.3217848904072422,2.288910901566835,0.0357341741435221,9.049525000000001,12076.125,377.1985275245208,0.03123506319490075,2.1031217345872517,hysteresis supporting component
2026-08-07,2026-08-07_134120_489574_1_R7_C1_10,7,200.0,1.75,pressing_down,0.125,10,0.06167410953564725,0.01551534331133755,0.026149899811860597,1.51125,15.3,30.579768184572984,1.9986776591224176,0.002721935598647927,hysteresis supporting component
2026-08-07,2026-08-07_134120_489574_1_R7_C1_10,7,200.0,1.75,pressing_down,0.375,10,0.3626310324480495,0.34359596344032073,0.026149899811860597,-0.5125249999999983,18.0,40.66393433443886,2.2591074630243813,0.0032022771748799147,hysteresis supporting component
2026-08-07,2026-08-07_134120_489574_1_R7_C1_10,7,200.0,1.75,pressing_down,0.625,2,0.6624675962384934,0.5571906526161088,0.10527694362238457,-2.0489000000000006,0.0,0.0,,0.0,hysteresis supporting component
2026-08-07,2026-08-07_134120_489574_1_R7_C1_10,7,200.0,1.75,retracting,0.125,8,0.1996907708982973,0.17505818487571345,0.0190350690077288,-5.2943999999999996,226.375,279.34102941438033,1.2339747296052141,0.04027308308130226,hysteresis supporting component
2026-08-07,2026-08-07_134120_489574_1_R7_C1_10,7,200.0,1.75,retracting,0.375,10,0.42981240861371156,0.36955034874656,0.026149899811860597,-2.16885,58.05,123.23564825163213,2.122922450501845,0.010327343888987725,hysteresis supporting component
2026-08-07,2026-08-07_134120_489574_1_R7_C1_10,7,200.0,1.75,retracting,0.625,9,0.6467995753493847,0.6291281683369211,0.0194145334694454,-3.7372500000000004,56.22222222222222,168.66666666666669,3.0,0.010002174385736029,hysteresis supporting component
2026-08-07,2026-08-07_134120_489574_1_R7_C1_10,7,200.0,1.75,retracting,0.875,1,0.8716703149207837,0.7942399634139122,0.0774303515068715,-11.0151,0.0,,,0.0,hysteresis supporting component
2026-08-07,2026-08-07_134258_312163_1_R7_C2_10,7,200.0,2.625,pressing_down,0.125,10,0.03564932095375415,0.0159001020677377,0.019843717711965376,-1.92695,0.0,0.0,,0.0,hysteresis supporting component
2026-08-07,2026-08-07_134258_312163_1_R7_C2_10,7,200.0,2.625,pressing_down,0.375,10,0.4080304982341317,0.38806978755096433,0.019843717711965376,5.0395,0.0,0.0,,0.0,hysteresis supporting component
2026-08-07,2026-08-07_134258_312163_1_R7_C2_10,7,200.0,2.625,pressing_down,0.625,10,0.6539896941691156,0.6387501272975649,0.019843717711965376,13.801075,7.0,22.135943621178654,3.162277660168379,0.0012453300124533001,hysteresis supporting component
2026-08-07,2026-08-07_134258_312163_1_R7_C2_10,7,200.0,2.625,pressing_down,0.875,7,0.8083703509328322,0.7837597527182268,0.01885533745731435,2.0781,0.0,0.0,,0.0,hysteresis supporting component
2026-08-07,2026-08-07_134258_312163_1_R7_C2_10,7,200.0,2.625,retracting,0.125,10,0.19667576265102354,0.1766034865242196,0.019843717711965376,15.931125000000002,5.75,18.18309654596818,3.162277660168379,0.0010229496530866394,hysteresis supporting component
2026-08-07,2026-08-07_134258_312163_1_R7_C2_10,7,200.0,2.625,retracting,0.375,10,0.3847896891064606,0.3650487574587673,0.019843717711965376,9.4084,12.3,38.896015220071064,3.162277660168379,0.002188222736167942,hysteresis supporting component
2026-08-07,2026-08-07_134258_312163_1_R7_C2_10,7,200.0,2.625,retracting,0.625,10,0.6234619980776233,0.6057950827746481,0.019843717711965376,-8.9852,0.3,0.9486832980505138,3.1622776601683795,5.337128624799857e-05,hysteresis supporting component
2026-08-07,2026-08-07_134258_312163_1_R7_C2_10,7,200.0,2.625,retracting,0.875,10,0.9652856518024593,0.9455325233947304,0.019843717711965376,10.82365,0.0,0.0,,0.0,hysteresis supporting component
2026-08-07,2026-08-07_134258_312163_1_R7_C2_10,7,200.0,2.625,retracting,1.125,3,1.0425414993594595,1.0215559359596427,0.02075157745741285,1.9522999999999993,0.0,0.0,,0.0,hysteresis supporting component
2026-08-07,2026-08-07_134426_185463_1_R7_C3_10,7,200.0,3.5,pressing_down,0.125,10,0.08728241477557772,0.02123161396091795,0.0581909208284297,3.5877999999999997,0.0,0.0,,0.0,hysteresis supporting component
2026-08-07,2026-08-07_134426_185463_1_R7_C3_10,7,200.0,3.5,pressing_down,0.375,10,0.424943451264791,0.36570620510002927,0.0581909208284297,-4.888649999999999,0.0,0.0,,0.0,hysteresis supporting component
2026-08-07,2026-08-07_134426_185463_1_R7_C3_10,7,200.0,3.5,pressing_down,0.625,9,0.6877258227529967,0.6282642988800515,0.0577485731943476,4.3754,0.0,0.0,,0.0,hysteresis supporting component
2026-08-07,2026-08-07_134426_185463_1_R7_C3_10,7,200.0,3.5,pressing_down,0.875,9,0.9280401308018144,0.8714899214874414,0.0577485731943476,7.1759,0.0,0.0,,0.0,hysteresis supporting component
2026-08-07,2026-08-07_134426_185463_1_R7_C3_10,7,200.0,3.5,pressing_down,1.125,9,1.1804870213038523,1.1154327185018214,0.0577485731943476,3.1187,0.0,0.0,,0.0,hysteresis supporting component
2026-08-07,2026-08-07_134426_185463_1_R7_C3_10,7,200.0,3.5,pressing_down,1.375,2,1.3565316567813896,1.3022142286312137,0.054317428150176,-13.11995,0.0,0.0,,0.0,hysteresis supporting component
2026-08-07,2026-08-07_134426_185463_1_R7_C3_10,7,200.0,3.5,retracting,0.125,10,0.24707719110528759,0.1779956756729047,0.0581909208284297,-10.4326,13.9,30.71174223503302,2.209477858635469,0.0024728695961572676,hysteresis supporting component
2026-08-07,2026-08-07_134426_185463_1_R7_C3_10,7,200.0,3.5,retracting,0.375,10,0.4487322374160048,0.3829153199658759,0.0581909208284297,6.96615,0.0,0.0,,0.0,hysteresis supporting component
2026-08-07,2026-08-07_134426_185463_1_R7_C3_10,7,200.0,3.5,retracting,0.625,9,0.6850535876552424,0.6179722529217506,0.0577485731943476,2.6663,0.0,0.0,,0.0,hysteresis supporting component
2026-08-07,2026-08-07_134426_185463_1_R7_C3_10,7,200.0,3.5,retracting,0.875,9,0.9261224538850368,0.8614673209086158,0.0577485731943476,-1.2222000000000008,0.0,0.0,,0.0,hysteresis supporting component
2026-08-07,2026-08-07_134426_185463_1_R7_C3_10,7,200.0,3.5,retracting,1.125,9,1.1916762916102166,1.1340314460857024,0.0577485731943476,9.71165,0.0,0.0,,0.0,hysteresis supporting component
2026-08-07,2026-08-07_134426_185463_1_R7_C3_10,7,200.0,3.5,retracting,1.375,9,1.4890933918736027,1.431223792606024,0.0577485731943476,6.2532499999999995,0.0,0.0,,0.0,hysteresis supporting component
2026-08-07,2026-08-07_134426_185463_1_R7_C3_10,7,200.0,3.5,retracting,1.625,7,1.5954896623905972,1.5241752867599738,0.0586332684625118,-5.4912,0.0,0.0,,0.0,hysteresis supporting component
2026-08-07,2026-08-07_134606_024401_1_R7_C4_10,7,400.0,1.75,pressing_down,0.125,10,0.06260616171627532,0.007701640492896601,0.05201635433161798,4.0779,0.0,0.0,,0.0,hysteresis supporting component
2026-08-07,2026-08-07_134606_024401_1_R7_C4_10,7,400.0,1.75,pressing_down,0.375,1,0.3171230442127152,0.2659173919007497,0.0512056523119655,-30.8619,0.0,,,0.0,hysteresis supporting component
2026-08-07,2026-08-07_134606_024401_1_R7_C4_10,7,400.0,1.75,retracting,0.375,9,0.448406282990983,0.394774540202692,0.0512056523119655,-12.0448,0.0,0.0,,0.0,hysteresis supporting component
2026-08-07,2026-08-07_134606_024401_1_R7_C4_10,7,400.0,1.75,retracting,0.625,10,0.7048261498827146,0.6557476909368143,0.05201635433161798,2.6411,0.0,0.0,,0.0,hysteresis supporting component
2026-08-07,2026-08-07_134729_621602_1_R7_C5_10,7,400.0,2.625,pressing_down,0.125,10,0.03294309332931465,0.008786405260792253,0.029405406906309276,-4.534775,0.0,0.0,,0.0,hysteresis supporting component
2026-08-07,2026-08-07_134729_621602_1_R7_C5_10,7,400.0,2.625,pressing_down,0.375,10,0.38914883152307445,0.35220471582493174,0.029405406906309276,8.52365,0.0,0.0,,0.0,hysteresis supporting component
2026-08-07,2026-08-07_134729_621602_1_R7_C5_10,7,400.0,2.625,pressing_down,0.625,7,0.5901554890768725,0.5456261161872636,0.04765325143391405,-19.2607,0.0,0.0,,0.0,hysteresis supporting component
2026-08-07,2026-08-07_134729_621602_1_R7_C5_10,7,400.0,2.625,retracting,0.375,10,0.4269073985725178,0.4138478612472821,0.029405406906309276,9.870175,0.0,0.0,,0.0,hysteresis supporting component
2026-08-07,2026-08-07_134729_621602_1_R7_C5_10,7,400.0,2.625,retracting,0.625,10,0.6411584064142628,0.6074894427852686,0.029405406906309276,-10.5554,0.0,0.0,,0.0,hysteresis supporting component
2026-08-07,2026-08-07_134729_621602_1_R7_C5_10,7,400.0,2.625,retracting,0.875,10,0.9414616062662,0.9180154132955147,0.029405406906309276,8.5663,0.0,0.0,,0.0,hysteresis supporting component
2026-08-07,2026-08-07_134729_621602_1_R7_C5_10,7,400.0,2.625,retracting,1.125,4,1.0611565144229327,1.0201404617690781,0.048111767209238196,-1.89935,0.0,0.0,,0.0,hysteresis supporting component
2026-08-07,2026-08-07_134849_142666_1_R7_C6_10,7,400.0,3.5,pressing_down,0.125,10,0.0505317254515705,0.012710753519162475,0.04013323726479495,5.1633,0.0,0.0,,0.0,hysteresis supporting component
2026-08-07,2026-08-07_134849_142666_1_R7_C6_10,7,400.0,3.5,pressing_down,0.375,10,0.4456147740143328,0.3946617668228801,0.04013323726479495,-29.4217,0.0,0.0,,0.0,hysteresis supporting component
2026-08-07,2026-08-07_134849_142666_1_R7_C6_10,7,400.0,3.5,pressing_down,0.625,10,0.6417911809694437,0.6001580427470441,0.04013323726479495,31.3156,0.0,0.0,,0.0,hysteresis supporting component
2026-08-07,2026-08-07_134849_142666_1_R7_C6_10,7,400.0,3.5,pressing_down,0.875,10,0.9238470151404641,0.8839772113161425,0.04013323726479495,-3.5031749999999993,0.0,0.0,,0.0,hysteresis supporting component
2026-08-07,2026-08-07_134849_142666_1_R7_C6_10,7,400.0,3.5,pressing_down,1.125,3,1.118065361811179,1.0282294678656694,0.0946194116170638,-34.2051,0.0,0.0,,0.0,hysteresis supporting component
2026-08-07,2026-08-07_134849_142666_1_R7_C6_10,7,400.0,3.5,retracting,0.375,10,0.45488483985920725,0.41123544593664907,0.04013323726479495,-4.90655,0.0,0.0,,0.0,hysteresis supporting component
2026-08-07,2026-08-07_134849_142666_1_R7_C6_10,7,400.0,3.5,retracting,0.625,10,0.6875319125196644,0.6381289641192223,0.04013323726479495,6.165450000000001,0.0,0.0,,0.0,hysteresis supporting component
2026-08-07,2026-08-07_134849_142666_1_R7_C6_10,7,400.0,3.5,retracting,0.875,10,0.918338310283541,0.8788975705601676,0.04013323726479495,-24.2665,0.0,0.0,,0.0,hysteresis supporting component
2026-08-07,2026-08-07_134849_142666_1_R7_C6_10,7,400.0,3.5,retracting,1.125,10,1.1818741562384942,1.1436854242896062,0.04013323726479495,-4.15205,0.0,0.0,,0.0,hysteresis supporting component
2026-08-07,2026-08-07_134849_142666_1_R7_C6_10,7,400.0,3.5,retracting,1.375,7,1.4654321921464835,1.429482459655206,0.0390427363236555,2.5718000000000014,0.0,0.0,,0.0,hysteresis supporting component
2026-08-07,2026-08-07_134849_142666_1_R7_C6_10,7,400.0,3.5,retracting,1.625,10,1.5817637820340518,1.5442675476265855,0.04013323726479495,18.49055,0.0,0.0,,0.0,hysteresis supporting component
2026-08-07,2026-08-07_134849_142666_1_R7_C6_10,7,400.0,3.5,retracting,1.875,1,1.859395554205256,1.7553031831660457,0.10409237103921025,19.9179,0.0,,,0.0,hysteresis supporting component
2026-08-07,2026-08-07_135023_601951_1_R7_C7_10,7,600.0,1.75,pressing_down,0.125,10,0.11686480057687765,0.010563139313013049,0.10519154628474828,-4.38595,0.0,0.0,,0.0,hysteresis supporting component
2026-08-07,2026-08-07_135023_601951_1_R7_C7_10,7,600.0,1.75,retracting,0.375,1,0.5781969796125037,0.47580038325389085,0.1023965963586129,29.0439,0.0,,,0.0,hysteresis supporting component
2026-08-07,2026-08-07_135023_601951_1_R7_C7_10,7,600.0,1.75,retracting,0.625,10,0.7932477238469977,0.6888488797776422,0.10519154628474828,3.3781999999999996,0.0,0.0,,0.0,hysteresis supporting component
2026-08-07,2026-08-07_135138_998584_1_R7_C8_10,7,600.0,2.625,pressing_down,0.125,10,0.09733569751315581,0.01275439991464275,0.08295465917900097,2.356325,0.0,0.0,,0.0,hysteresis supporting component
2026-08-07,2026-08-07_135138_998584_1_R7_C8_10,7,600.0,2.625,pressing_down,0.375,10,0.5040864111652572,0.4223824991179054,0.08295465917900097,-15.9209,0.0,0.0,,0.0,hysteresis supporting component
2026-08-07,2026-08-07_135138_998584_1_R7_C8_10,7,600.0,2.625,retracting,0.375,4,0.5659879798107684,0.47616735435610713,0.09513654569144281,-8.98855,0.0,0.0,,0.0,hysteresis supporting component
2026-08-07,2026-08-07_135138_998584_1_R7_C8_10,7,600.0,2.625,retracting,0.625,9,0.7581968675570261,0.663601583256837,0.0839860246020355,6.2082,0.0,0.0,,0.0,hysteresis supporting component
2026-08-07,2026-08-07_135138_998584_1_R7_C8_10,7,600.0,2.625,retracting,0.875,10,0.9948204632438407,0.9087497252861076,0.08295465917900097,-0.8657000000000004,0.0,0.0,,0.0,hysteresis supporting component
2026-08-07,2026-08-07_135138_998584_1_R7_C8_10,7,600.0,2.625,retracting,1.125,9,1.1165426217666035,1.0344733823660635,0.08192329375596645,1.3565999999999994,0.0,0.0,,0.0,hysteresis supporting component
2026-08-07,2026-08-07_135241_805113_1_R7_C9_10,7,600.0,3.5,pressing_down,0.125,10,0.1050623340737207,0.01572679517290905,0.08481965823156767,-3.2413000000000003,0.0,0.0,,0.0,hysteresis supporting component
2026-08-07,2026-08-07_135241_805113_1_R7_C9_10,7,600.0,3.5,pressing_down,0.375,10,0.47599967518260805,0.3745024867830849,0.08481965823156767,5.4526,0.0,0.0,,0.0,hysteresis supporting component
2026-08-07,2026-08-07_135241_805113_1_R7_C9_10,7,600.0,3.5,pressing_down,0.625,10,0.7355776251759742,0.6405358412900846,0.08481965823156767,-21.3751,0.0,0.0,,0.0,hysteresis supporting component
2026-08-07,2026-08-07_135241_805113_1_R7_C9_10,7,600.0,3.5,pressing_down,0.875,3,0.9380072465347132,0.8586923888003546,0.0895138816632767,-10.3958,0.0,0.0,,0.0,hysteresis supporting component
2026-08-07,2026-08-07_135241_805113_1_R7_C9_10,7,600.0,3.5,retracting,0.375,7,0.5150775140043642,0.4378499850710783,0.08157597509881505,2.6304,0.0,0.0,,0.0,hysteresis supporting component
2026-08-07,2026-08-07_135241_805113_1_R7_C9_10,7,600.0,3.5,retracting,0.625,8,0.7211467848526261,0.6460451044522911,0.08356824512827044,20.826900000000002,0.0,0.0,,0.0,hysteresis supporting component
2026-08-07,2026-08-07_135241_805113_1_R7_C9_10,7,600.0,3.5,retracting,0.875,10,0.9798509624824686,0.8923137640719674,0.08481965823156767,-22.624299999999998,0.0,0.0,,0.0,hysteresis supporting component
2026-08-07,2026-08-07_135241_805113_1_R7_C9_10,7,600.0,3.5,retracting,1.125,9,1.2445541671686131,1.1537054930898962,0.08556051515772581,2.06285,0.0,0.0,,0.0,hysteresis supporting component
2026-08-07,2026-08-07_135241_805113_1_R7_C9_10,7,600.0,3.5,retracting,1.375,9,1.482707118549934,1.3707295410676854,0.08556051515772581,8.7644,0.0,0.0,,0.0,hysteresis supporting component
2026-08-07,2026-08-07_135241_805113_1_R7_C9_10,7,600.0,3.5,retracting,1.625,6,1.628464051887488,1.5475154219940097,0.0937895040970378,1.1035249999999999,0.0,0.0,,0.0,hysteresis supporting component
2026-08-07,2026-08-07_135536_092435_1_R6_C1_10,6,200.0,1.75,pressing_down,0.125,10,0.4300332357751988,0.016581107984475846,0.4080841639127483,3.8474749999999998,0.0,0.0,,0.0,hysteresis supporting component
2026-08-07,2026-08-07_135536_092435_1_R6_C1_10,6,200.0,1.75,pressing_down,0.375,10,0.7752949048745106,0.36723359158603797,0.4080841639127483,6.2302,0.0,0.0,,0.0,hysteresis supporting component
2026-08-07,2026-08-07_135536_092435_1_R6_C1_10,6,200.0,1.75,pressing_down,0.625,10,1.0146644189591925,0.6110701013390929,0.4080841639127483,3.5196250000000004,0.0,0.0,,0.0,hysteresis supporting component
2026-08-07,2026-08-07_135536_092435_1_R6_C1_10,6,200.0,1.75,pressing_down,0.875,1,1.1714620850590938,0.7558427486992654,0.41561933635982845,-23.9201,0.0,,,0.0,hysteresis supporting component
2026-08-07,2026-08-07_135536_092435_1_R6_C1_10,6,200.0,1.75,retracting,0.125,4,0.6361745530607823,0.23200034193589783,0.4032257484385062,-5.67365,0.0,0.0,,0.0,hysteresis supporting component
2026-08-07,2026-08-07_135536_092435_1_R6_C1_10,6,200.0,1.75,retracting,0.375,10,0.7732520513393133,0.35653772370504866,0.4080841639127483,3.5016000000000003,0.0,0.0,,0.0,hysteresis supporting component
2026-08-07,2026-08-07_135536_092435_1_R6_C1_10,6,200.0,1.75,retracting,0.625,10,1.032421015056798,0.615818142773362,0.4080841639127483,-15.366925,0.0,0.0,,0.0,hysteresis supporting component
2026-08-07,2026-08-07_135536_092435_1_R6_C1_10,6,200.0,1.75,retracting,0.875,10,1.3089430968338769,0.9025165930865015,0.4080841639127483,1.3876250000000003,0.0,0.0,,0.0,hysteresis supporting component
2026-08-07,2026-08-07_135536_092435_1_R6_C1_10,6,200.0,1.75,retracting,1.125,9,1.4532313841370499,1.0456374764494156,0.4112849192216175,4.0205,0.0,0.0,,0.0,hysteresis supporting component
2026-08-07,2026-08-07_135707_048188_1_R6_C2_10,6,200.0,2.625,pressing_down,0.125,10,0.3806578489746186,0.020083321644782298,0.35994769026754436,1.47735,0.0,0.0,,0.0,hysteresis supporting component
2026-08-07,2026-08-07_135707_048188_1_R6_C2_10,6,200.0,2.625,pressing_down,0.375,10,0.7206946666182845,0.3626798825104166,0.35994769026754436,8.486975000000001,0.0,0.0,,0.0,hysteresis supporting component
2026-08-07,2026-08-07_135707_048188_1_R6_C2_10,6,200.0,2.625,pressing_down,0.625,10,0.9761728175575579,0.624686938313009,0.35994769026754436,-16.31435,0.0,0.0,,0.0,hysteresis supporting component
2026-08-07,2026-08-07_135707_048188_1_R6_C2_10,6,200.0,2.625,pressing_down,0.875,10,1.2313592112770806,0.8754255751393253,0.35994769026754436,15.9515,0.0,0.0,,0.0,hysteresis supporting component
2026-08-07,2026-08-07_135707_048188_1_R6_C2_10,6,200.0,2.625,pressing_down,1.125,10,1.4976675833900672,1.12271155601844,0.35994769026754436,-16.9086,0.0,0.0,,0.0,hysteresis supporting component
2026-08-07,2026-08-07_135707_048188_1_R6_C2_10,6,200.0,2.625,pressing_down,1.375,2,1.6658479873826542,1.2879552948308177,0.37789269255183633,-22.4063,0.0,0.0,,0.0,hysteresis supporting component
2026-08-07,2026-08-07_135707_048188_1_R6_C2_10,6,200.0,2.625,retracting,0.125,10,0.5795657788837099,0.20825834382351902,0.35994769026754436,-16.538400000000003,0.0,0.0,,0.0,hysteresis supporting component
2026-08-07,2026-08-07_135707_048188_1_R6_C2_10,6,200.0,2.625,retracting,0.375,10,0.7281772259738322,0.36006631113519305,0.35994769026754436,11.55185,0.0,0.0,,0.0,hysteresis supporting component
2026-08-07,2026-08-07_135707_048188_1_R6_C2_10,6,200.0,2.625,retracting,0.625,10,0.9738445408256808,0.6015952928173087,0.35994769026754436,14.381400000000001,0.0,0.0,,0.0,hysteresis supporting component
2026-08-07,2026-08-07_135707_048188_1_R6_C2_10,6,200.0,2.625,retracting,0.875,10,1.2439283844079867,0.8886222445201121,0.35994769026754436,-9.423650000000002,0.0,0.0,,0.0,hysteresis supporting component
2026-08-07,2026-08-07_135707_048188_1_R6_C2_10,6,200.0,2.625,retracting,1.125,10,1.4769984990534422,1.125555332796882,0.35994769026754436,-16.24925,0.0,0.0,,0.0,hysteresis supporting component
2026-08-07,2026-08-07_135707_048188_1_R6_C2_10,6,200.0,2.625,retracting,1.375,10,1.7695778322673177,1.406668190126922,0.35994769026754436,20.79085,0.0,0.0,,0.0,hysteresis supporting component
2026-08-07,2026-08-07_135707_048188_1_R6_C2_10,6,200.0,2.625,retracting,1.625,10,1.925826680298796,1.5638983490978156,0.35994769026754436,4.8073,0.0,0.0,,0.0,hysteresis supporting component
2026-08-07,2026-08-07_135821_173621_1_R6_C3_10,6,200.0,3.5,pressing_down,0.125,10,0.4307679963447161,0.031745994301602826,0.38861514624200244,3.62395,0.0,0.0,,0.0,hysteresis supporting component
2026-08-07,2026-08-07_135821_173621_1_R6_C3_10,6,200.0,3.5,pressing_down,0.375,10,0.7615439451131645,0.37198686371196255,0.38861514624200244,-9.6614,0.0,0.0,,0.0,hysteresis supporting component
2026-08-07,2026-08-07_135821_173621_1_R6_C3_10,6,200.0,3.5,pressing_down,0.625,10,1.0003429232565821,0.6006249177019499,0.38861514624200244,3.7962999999999996,0.0,0.0,,0.0,hysteresis supporting component
2026-08-07,2026-08-07_135821_173621_1_R6_C3_10,6,200.0,3.5,pressing_down,0.875,10,1.277085895670571,0.8861552660592665,0.38861514624200244,8.144824999999999,0.0,0.0,,0.0,hysteresis supporting component
2026-08-07,2026-08-07_135821_173621_1_R6_C3_10,6,200.0,3.5,pressing_down,1.125,9,1.5319697418800968,1.1343212733337045,0.39012575100962266,4.9641,0.0,0.0,,0.0,hysteresis supporting component
2026-08-07,2026-08-07_135821_173621_1_R6_C3_10,6,200.0,3.5,pressing_down,1.375,9,1.782875410534708,1.3786825820907573,0.39012575100962266,-15.1076,0.0,0.0,,0.0,hysteresis supporting component
2026-08-07,2026-08-07_135821_173621_1_R6_C3_10,6,200.0,3.5,pressing_down,1.625,9,2.0348354943210154,1.6359761360867255,0.39012575100962266,-15.37,0.0,0.0,,0.0,hysteresis supporting component
2026-08-07,2026-08-07_135821_173621_1_R6_C3_10,6,200.0,3.5,pressing_down,1.875,7,2.2449666817276426,1.8548409307180198,0.39012575100962266,3.4569,0.0,0.0,,0.0,hysteresis supporting component
2026-08-07,2026-08-07_135821_173621_1_R6_C3_10,6,200.0,3.5,retracting,0.125,10,0.5749449179081313,0.1676147141252743,0.38861514624200244,8.3107,0.0,0.0,,0.0,hysteresis supporting component
2026-08-07,2026-08-07_135821_173621_1_R6_C3_10,6,200.0,3.5,retracting,0.375,10,0.7585753499961845,0.3692250454413605,0.38861514624200244,4.369575,0.0,0.0,,0.0,hysteresis supporting component
2026-08-07,2026-08-07_135821_173621_1_R6_C3_10,6,200.0,3.5,retracting,0.625,10,1.0201160291334816,0.6208829457698248,0.38861514624200244,6.913025000000001,0.0,0.0,,0.0,hysteresis supporting component
2026-08-07,2026-08-07_135821_173621_1_R6_C3_10,6,200.0,3.5,retracting,0.875,10,1.2537591995423967,0.878406525899027,0.38861514624200244,-1.56625,0.0,0.0,,0.0,hysteresis supporting component
2026-08-07,2026-08-07_135821_173621_1_R6_C3_10,6,200.0,3.5,retracting,1.125,10,1.5095274738217404,1.1013418657514022,0.38861514624200244,10.8474,0.0,0.0,,0.0,hysteresis supporting component
2026-08-07,2026-08-07_135821_173621_1_R6_C3_10,6,200.0,3.5,retracting,1.375,9,1.7658933118423803,1.3585388961021987,0.3871045414743822,2.7899,0.0,0.0,,0.0,hysteresis supporting component
2026-08-07,2026-08-07_135821_173621_1_R6_C3_10,6,200.0,3.5,retracting,1.625,9,2.0016375151919723,1.5824333393376309,0.3871045414743822,6.7049,0.0,0.0,,0.0,hysteresis supporting component
2026-08-07,2026-08-07_135821_173621_1_R6_C3_10,6,200.0,3.5,retracting,1.875,9,2.26905227683052,1.8821923758373167,0.39012575100962266,12.019,0.0,0.0,,0.0,hysteresis supporting component
2026-08-07,2026-08-07_135821_173621_1_R6_C3_10,6,200.0,3.5,retracting,2.125,8,2.5648062591304353,2.1447940643379937,0.3909340950765446,10.6652,0.0,0.0,,0.0,hysteresis supporting component
2026-08-07,2026-08-07_135821_173621_1_R6_C3_10,6,200.0,3.5,retracting,2.375,7,2.792455920133822,2.4039926493440023,0.39012575100962266,-4.5455,0.0,0.0,,0.0,hysteresis supporting component
2026-08-07,2026-08-07_135821_173621_1_R6_C3_10,6,200.0,3.5,retracting,2.625,3,3.040645248589993,2.681282605294854,0.3831609112616195,24.588749999999997,0.0,0.0,,0.0,hysteresis supporting component
2026-08-07,2026-08-07_135821_173621_1_R6_C3_10,6,200.0,3.5,retracting,2.875,1,3.2104963743733808,2.8580111341428154,0.35248524023056554,-25.2196,0.0,,,0.0,hysteresis supporting component
2026-08-07,2026-08-07_135952_640577_1_R6_C4_10,6,400.0,1.75,pressing_down,0.125,10,0.3980138143619547,0.02144298128335001,0.38098393623601806,1.175075,0.0,0.0,,0.0,hysteresis supporting component
2026-08-07,2026-08-07_135952_640577_1_R6_C4_10,6,400.0,1.75,pressing_down,0.375,4,0.6802153868027517,0.3074494354892213,0.3727659513135304,-31.982599999999998,0.0,0.0,,0.0,hysteresis supporting component
2026-08-07,2026-08-07_135952_640577_1_R6_C4_10,6,400.0,1.75,retracting,0.375,7,0.8185766125598746,0.40865356847529366,0.3889880119666418,-8.12675,0.0,0.0,,0.0,hysteresis supporting component
2026-08-07,2026-08-07_135952_640577_1_R6_C4_10,6,400.0,1.75,retracting,0.625,10,1.0483022538123286,0.6587571905561342,0.38098393623601806,9.5923,0.0,0.0,,0.0,hysteresis supporting component
2026-08-07,2026-08-07_135952_640577_1_R6_C4_10,6,400.0,1.75,retracting,0.875,10,1.2536823271377369,0.8771642568272124,0.38098393623601806,1.2484249999999995,0.0,0.0,,0.0,hysteresis supporting component
2026-08-07,2026-08-07_140114_451664_1_R6_C5_10,6,400.0,2.625,pressing_down,0.125,10,0.5373005991517082,0.027339549038047806,0.5132377685379406,-3.7734750000000004,0.0,0.0,,0.0,hysteresis supporting component
2026-08-07,2026-08-07_140114_451664_1_R6_C5_10,6,400.0,2.625,pressing_down,0.375,9,0.9309475310314842,0.42672329129495945,0.5152635995146295,19.179,0.0,0.0,,0.0,hysteresis supporting component
2026-08-07,2026-08-07_140114_451664_1_R6_C5_10,6,400.0,2.625,pressing_down,0.625,9,1.2202234425109233,0.7117842524671412,0.5152635995146295,11.4674,0.0,0.0,,0.0,hysteresis supporting component
2026-08-07,2026-08-07_140114_451664_1_R6_C5_10,6,400.0,2.625,pressing_down,0.875,2,1.2817998624435856,0.7707784253406577,0.5110214371029279,30.81275,0.0,0.0,,0.0,hysteresis supporting component
2026-08-07,2026-08-07_140114_451664_1_R6_C5_10,6,400.0,2.625,retracting,0.375,7,0.966651548685031,0.4467809479305377,0.5178400927311164,6.16755,0.0,0.0,,0.0,hysteresis supporting component
2026-08-07,2026-08-07_140114_451664_1_R6_C5_10,6,400.0,2.625,retracting,0.625,4,1.04444853865752,0.5664266957516734,0.5094067453320912,-26.7491,0.0,0.0,,0.0,hysteresis supporting component
2026-08-07,2026-08-07_140114_451664_1_R6_C5_10,6,400.0,2.625,retracting,0.875,10,1.3250507680173182,0.8125909485002321,0.5132377685379406,10.8788,0.0,0.0,,0.0,hysteresis supporting component
2026-08-07,2026-08-07_140114_451664_1_R6_C5_10,6,400.0,2.625,retracting,1.125,3,1.7319100622884034,1.21203946153391,0.5198706007544933,-28.3378,0.0,0.0,,0.0,hysteresis supporting component
2026-08-07,2026-08-07_140114_451664_1_R6_C5_10,6,400.0,2.625,retracting,1.375,7,1.8519973736752,1.3407854361139484,0.5112119375612516,23.4639,0.0,0.0,,0.0,hysteresis supporting component
2026-08-07,2026-08-07_140114_451664_1_R6_C5_10,6,400.0,2.625,retracting,1.625,9,2.1866569888962326,1.6786744348766542,0.5152635995146295,-18.877,0.0,0.0,,0.0,hysteresis supporting component
2026-08-07,2026-08-07_140114_451664_1_R6_C5_10,6,400.0,2.625,retracting,1.875,9,2.4543596438544997,1.9407242237436806,0.5152635995146295,-1.8400499999999997,0.0,0.0,,0.0,hysteresis supporting component
2026-08-07,2026-08-07_140114_451664_1_R6_C5_10,6,400.0,2.625,retracting,2.125,1,2.536928573432605,2.0260976367880006,0.5108309366446042,7.1929,0.0,,,0.0,hysteresis supporting component
2026-08-07,2026-08-07_140221_558208_1_R6_C6_10,6,400.0,3.5,pressing_down,0.125,10,0.4132039831511294,0.023824003246399286,0.39166945220638505,3.5972,0.0,0.0,,0.0,hysteresis supporting component
2026-08-07,2026-08-07_140221_558208_1_R6_C6_10,6,400.0,3.5,pressing_down,0.375,10,0.7274412445710448,0.3448584166235479,0.39166945220638505,-4.8239,0.0,0.0,,0.0,hysteresis supporting component
2026-08-07,2026-08-07_140221_558208_1_R6_C6_10,6,400.0,3.5,pressing_down,0.625,10,0.9769927818281823,0.5954601091785421,0.39166945220638505,-24.04825,0.0,0.0,,0.0,hysteresis supporting component
2026-08-07,2026-08-07_140221_558208_1_R6_C6_10,6,400.0,3.5,pressing_down,0.875,10,1.2310662313978304,0.8581507922246838,0.39166945220638505,34.0102,0.0,0.0,,0.0,hysteresis supporting component
2026-08-07,2026-08-07_140221_558208_1_R6_C6_10,6,400.0,3.5,pressing_down,1.125,8,1.5511021727538121,1.170153718403116,0.39166945220638505,14.25175,0.0,0.0,,0.0,hysteresis supporting component
2026-08-07,2026-08-07_140221_558208_1_R6_C6_10,6,400.0,3.5,pressing_down,1.375,3,1.7274590940458756,1.346885037968803,0.38057405607707256,-21.3637,0.0,0.0,,0.0,hysteresis supporting component
2026-08-07,2026-08-07_140221_558208_1_R6_C6_10,6,400.0,3.5,pressing_down,1.625,2,2.0064749995944147,1.59428675642576,0.41218824316865493,-12.8323,0.0,0.0,,0.0,hysteresis supporting component
2026-08-07,2026-08-07_140221_558208_1_R6_C6_10,6,400.0,3.5,retracting,0.125,1,0.6009896256126398,0.1917358229094026,0.4092538027032372,14.008,0.0,,,0.0,hysteresis supporting component
2026-08-07,2026-08-07_140221_558208_1_R6_C6_10,6,400.0,3.5,retracting,0.375,10,0.7716040727027591,0.3702961035096689,0.39166945220638505,8.4093,0.0,0.0,,0.0,hysteresis supporting component
2026-08-07,2026-08-07_140221_558208_1_R6_C6_10,6,400.0,3.5,retracting,0.625,10,1.087660839828363,0.6829279599607909,0.39166945220638505,-0.49675000000000047,0.0,0.0,,0.0,hysteresis supporting component
2026-08-07,2026-08-07_140221_558208_1_R6_C6_10,6,400.0,3.5,retracting,0.875,5,1.2532693993530541,0.8801070771989673,0.37847216271501827,-12.0775,0.0,0.0,,0.0,hysteresis supporting component
2026-08-07,2026-08-07_140221_558208_1_R6_C6_10,6,400.0,3.5,retracting,1.125,9,1.5225907248128494,1.164636685857112,0.4027648483356975,-14.1659,0.0,0.0,,0.0,hysteresis supporting component
2026-08-07,2026-08-07_140221_558208_1_R6_C6_10,6,400.0,3.5,retracting,1.375,3,1.7432163057951964,1.3823653978728967,0.37847216271501827,3.3811,0.0,0.0,,0.0,hysteresis supporting component
2026-08-07,2026-08-07_140221_558208_1_R6_C6_10,6,400.0,3.5,retracting,1.625,4,1.9268768963815182,1.565860119054162,0.37881233941155695,6.01235,0.0,0.0,,0.0,hysteresis supporting component
2026-08-07,2026-08-07_140221_558208_1_R6_C6_10,6,400.0,3.5,retracting,1.875,6,2.2818734140590378,1.8792425607807983,0.4038583286759759,7.33235,0.0,0.0,,0.0,hysteresis supporting component
2026-08-07,2026-08-07_140221_558208_1_R6_C6_10,6,400.0,3.5,retracting,2.125,3,2.609790367763979,2.2292163116869066,0.38057405607707256,10.9755,0.0,0.0,,0.0,hysteresis supporting component
2026-08-07,2026-08-07_140221_558208_1_R6_C6_10,6,400.0,3.5,retracting,2.375,3,2.6621464758662254,2.2815724197891534,0.38057405607707256,13.8796,0.0,0.0,,0.0,hysteresis supporting component
2026-08-07,2026-08-07_140221_558208_1_R6_C6_10,6,400.0,3.5,retracting,2.625,7,2.979112038081208,2.5763471897455106,0.40495180901625427,27.6652,0.0,0.0,,0.0,hysteresis supporting component
2026-08-07,2026-08-07_140221_558208_1_R6_C6_10,6,400.0,3.5,retracting,2.875,2,3.2661625371332854,2.8752038549113887,0.39095868222189656,-33.6232,0.0,0.0,,0.0,hysteresis supporting component
2026-08-07,2026-08-07_140221_558208_1_R6_C6_10,6,400.0,3.5,retracting,3.125,4,3.5184708736626433,3.102746049969057,0.4073949092009075,-25.193575,0.0,0.0,,0.0,hysteresis supporting component
2026-08-07,2026-08-07_140221_558208_1_R6_C6_10,6,400.0,3.5,retracting,3.375,4,3.7509022446871807,3.340835178108227,0.4073949092009075,8.126550000000002,0.0,0.0,,0.0,hysteresis supporting component
2026-08-07,2026-08-07_140358_124283_1_R6_C7_10,6,600.0,1.75,pressing_down,0.125,10,0.30002248473818105,0.013440736069287917,0.2810066935330957,-2.21135,0.0,0.0,,0.0,hysteresis supporting component
2026-08-07,2026-08-07_140358_124283_1_R6_C7_10,6,600.0,1.75,retracting,0.375,8,0.7567434492518509,0.4765130129022874,0.2810066935330957,3.745,0.0,0.0,,0.0,hysteresis supporting component
2026-08-07,2026-08-07_140358_124283_1_R6_C7_10,6,600.0,1.75,retracting,0.625,10,0.89708999192762,0.6170518358373638,0.2810066935330957,7.14325,0.0,0.0,,0.0,hysteresis supporting component
2026-08-07,2026-08-07_140514_509041_1_R6_C8_10,6,600.0,2.625,pressing_down,0.125,10,0.43848239362887464,0.018851587645344448,0.4034259613938739,-1.7484749999999993,0.0,0.0,,0.0,hysteresis supporting component
2026-08-07,2026-08-07_140514_509041_1_R6_C8_10,6,600.0,2.625,pressing_down,0.375,10,0.7688690778237816,0.39519174383423117,0.4034259613938739,-9.986049999999999,0.0,0.0,,0.0,hysteresis supporting component
2026-08-07,2026-08-07_140514_509041_1_R6_C8_10,6,600.0,2.625,retracting,0.375,6,0.7926943920916157,0.36940695875433766,0.3708724723443797,-1.2153,0.0,0.0,,0.0,hysteresis supporting component
2026-08-07,2026-08-07_140514_509041_1_R6_C8_10,6,600.0,2.625,retracting,0.625,10,1.0074376150934392,0.6062956050490333,0.4034259613938739,8.53475,0.0,0.0,,0.0,hysteresis supporting component
2026-08-07,2026-08-07_140514_509041_1_R6_C8_10,6,600.0,2.625,retracting,0.875,10,1.2666026604720904,0.9112871905175949,0.4034259613938739,7.042475,0.0,0.0,,0.0,hysteresis supporting component
2026-08-07,2026-08-07_140514_509041_1_R6_C8_10,6,600.0,2.625,retracting,1.125,6,1.4933345828869857,1.0615737934542893,0.4566991327015078,-9.080125,0.0,0.0,,0.0,hysteresis supporting component
2026-08-07,2026-08-07_140619_186445_1_R6_C9_10,6,600.0,3.5,pressing_down,0.125,10,0.45327333838439954,0.015538780276546912,0.43874005605824173,3.5944249999999998,0.0,0.0,,0.0,hysteresis supporting component
2026-08-07,2026-08-07_140619_186445_1_R6_C9_10,6,600.0,3.5,pressing_down,0.375,10,0.8046872558104761,0.36963189797989704,0.43874005605824173,3.83475,0.0,0.0,,0.0,hysteresis supporting component
2026-08-07,2026-08-07_140619_186445_1_R6_C9_10,6,600.0,3.5,pressing_down,0.625,8,1.0499228342705529,0.6144566056182897,0.43874005605824173,-12.76505,0.0,0.0,,0.0,hysteresis supporting component
2026-08-07,2026-08-07_140619_186445_1_R6_C9_10,6,600.0,3.5,pressing_down,0.875,7,1.270828021763617,0.8188845671367472,0.4396930432028404,6.4544,0.0,0.0,,0.0,hysteresis supporting component
2026-08-07,2026-08-07_140619_186445_1_R6_C9_10,6,600.0,3.5,retracting,0.375,8,0.8684581904437609,0.41580237225993544,0.4395965665539322,-27.370199999999997,0.0,0.0,,0.0,hysteresis supporting component
2026-08-07,2026-08-07_140619_186445_1_R6_C9_10,6,600.0,3.5,retracting,0.625,8,1.05900027143619,0.6053667891719305,0.4395965665539322,1.34605,0.0,0.0,,0.0,hysteresis supporting component
2026-08-07,2026-08-07_140619_186445_1_R6_C9_10,6,600.0,3.5,retracting,0.875,7,1.3321084912960828,0.8988382726014239,0.4376622386098674,-25.1482,0.0,0.0,,0.0,hysteresis supporting component
2026-08-07,2026-08-07_140619_186445_1_R6_C9_10,6,600.0,3.5,retracting,1.125,7,1.53472461105253,1.0995492215066827,0.43798002221145954,4.2734,0.0,0.0,,0.0,hysteresis supporting component
2026-08-07,2026-08-07_140619_186445_1_R6_C9_10,6,600.0,3.5,retracting,1.375,10,1.8517685616084987,1.4146541240359256,0.43874005605824173,1.3831999999999987,0.0,0.0,,0.0,hysteresis supporting component
2026-08-07,2026-08-07_140619_186445_1_R6_C9_10,6,600.0,3.5,retracting,1.625,10,1.987321395837701,1.5508397648889516,0.43874005605824173,8.570450000000001,0.0,0.0,,0.0,hysteresis supporting component
2026-08-07,2026-08-07_140827_356397_1_R5_C1_10,5,200.0,1.75,pressing_down,0.125,10,0.22939353801779475,0.02367598092134638,0.20473463402362577,3.8741750000000006,0.0,0.0,,0.0,hysteresis supporting component
2026-08-07,2026-08-07_140827_356397_1_R5_C1_10,5,200.0,1.75,pressing_down,0.375,10,0.5254783545805466,0.3158164567208728,0.20473463402362577,9.1311,0.0,0.0,,0.0,hysteresis supporting component
2026-08-07,2026-08-07_140827_356397_1_R5_C1_10,5,200.0,1.75,retracting,0.125,10,0.41169042469627787,0.20517589100544897,0.20473463402362577,-7.371525,0.0,0.0,,0.0,hysteresis supporting component
2026-08-07,2026-08-07_140827_356397_1_R5_C1_10,5,200.0,1.75,retracting,0.375,10,0.5827461152829982,0.38157283035037975,0.20473463402362577,-13.473625000000002,0.0,0.0,,0.0,hysteresis supporting component
2026-08-07,2026-08-07_140827_356397_1_R5_C1_10,5,200.0,1.75,retracting,0.625,10,0.74534890502788,0.5403858748053691,0.20473463402362577,-4.0844000000000005,0.0,0.0,,0.0,hysteresis supporting component
2026-08-07,2026-08-07_140946_637079_1_R5_C2_10,5,200.0,2.625,pressing_down,0.125,10,0.2828941652680447,0.027519516759132598,0.25471249218869074,-3.531725,0.0,0.0,,0.0,hysteresis supporting component
2026-08-07,2026-08-07_140946_637079_1_R5_C2_10,5,200.0,2.625,pressing_down,0.375,10,0.644368885647921,0.3843445300902378,0.25471249218869074,14.930274999999998,0.0,0.0,,0.0,hysteresis supporting component
2026-08-07,2026-08-07_140946_637079_1_R5_C2_10,5,200.0,2.625,pressing_down,0.625,10,0.8507006481381384,0.6023322125528952,0.25471249218869074,16.772750000000002,0.0,0.0,,0.0,hysteresis supporting component
2026-08-07,2026-08-07_140946_637079_1_R5_C2_10,5,200.0,2.625,retracting,0.125,10,0.4491529424699796,0.18741541105836146,0.25471249218869074,18.487825,0.0,0.0,,0.0,hysteresis supporting component
2026-08-07,2026-08-07_140946_637079_1_R5_C2_10,5,200.0,2.625,retracting,0.375,10,0.6254657175526045,0.3730419217979497,0.25471249218869074,0.03147499999999992,0.0,0.0,,0.0,hysteresis supporting component
2026-08-07,2026-08-07_140946_637079_1_R5_C2_10,5,200.0,2.625,retracting,0.625,10,0.8795156728860174,0.6210765710220301,0.25471249218869074,-5.98265,0.0,0.0,,0.0,hysteresis supporting component
2026-08-07,2026-08-07_140946_637079_1_R5_C2_10,5,200.0,2.625,retracting,0.875,10,1.131413000082504,0.8842525828406151,0.25471249218869074,12.015425,0.0,0.0,,0.0,hysteresis supporting component
2026-08-07,2026-08-07_141105_019594_1_R5_C3_10,5,200.0,3.5,pressing_down,0.125,10,0.33974350334847053,0.028485166549066077,0.3202435270975163,2.7101499999999996,0.0,0.0,,0.0,hysteresis supporting component
2026-08-07,2026-08-07_141105_019594_1_R5_C3_10,5,200.0,3.5,pressing_down,0.375,10,0.6826846448904123,0.370263498812382,0.3202435270975163,0.8412999999999996,0.0,0.0,,0.0,hysteresis supporting component
2026-08-07,2026-08-07_141105_019594_1_R5_C3_10,5,200.0,3.5,pressing_down,0.625,9,0.9315517760137546,0.6111394197114473,0.3203846564737078,5.6119,0.0,0.0,,0.0,hysteresis supporting component
2026-08-07,2026-08-07_141105_019594_1_R5_C3_10,5,200.0,3.5,pressing_down,0.875,9,1.1837184060720964,0.8643091799876752,0.3203846564737078,-6.553700000000001,0.0,0.0,,0.0,hysteresis supporting component
2026-08-07,2026-08-07_141105_019594_1_R5_C3_10,5,200.0,3.5,pressing_down,1.125,9,1.4349735522636733,1.095308186974458,0.3203846564737078,-6.6737,0.0,0.0,,0.0,hysteresis supporting component
2026-08-07,2026-08-07_141105_019594_1_R5_C3_10,5,200.0,3.5,pressing_down,1.375,2,1.6396288497806002,1.3005142345049459,0.33911461527565445,3.144549999999999,0.0,0.0,,0.0,hysteresis supporting component
2026-08-07,2026-08-07_141105_019594_1_R5_C3_10,5,200.0,3.5,retracting,0.125,10,0.4816149138484438,0.16560872005780472,0.3202435270975163,5.5082,0.0,0.0,,0.0,hysteresis supporting component
2026-08-07,2026-08-07_141105_019594_1_R5_C3_10,5,200.0,3.5,retracting,0.375,10,0.6722707653627928,0.35332360945300356,0.3202435270975163,-7.50985,0.0,0.0,,0.0,hysteresis supporting component
2026-08-07,2026-08-07_141105_019594_1_R5_C3_10,5,200.0,3.5,retracting,0.625,9,0.9298386876298204,0.6146542898644156,0.3203846564737078,-5.803299999999999,0.0,0.0,,0.0,hysteresis supporting component
2026-08-07,2026-08-07_141105_019594_1_R5_C3_10,5,200.0,3.5,retracting,0.875,9,1.1786198478104375,0.8537776074410253,0.3203846564737078,0.6669,0.0,0.0,,0.0,hysteresis supporting component
2026-08-07,2026-08-07_141105_019594_1_R5_C3_10,5,200.0,3.5,retracting,1.125,9,1.463910544345535,1.1328083898659174,0.3203846564737078,6.79185,0.0,0.0,,0.0,hysteresis supporting component
2026-08-07,2026-08-07_141105_019594_1_R5_C3_10,5,200.0,3.5,retracting,1.375,9,1.7357077035224853,1.4153230470487774,0.3203846564737078,8.0851,0.0,0.0,,0.0,hysteresis supporting component
2026-08-07,2026-08-07_141105_019594_1_R5_C3_10,5,200.0,3.5,retracting,1.625,7,1.9612224824835311,1.6408378260098233,0.3203846564737078,4.4277,0.0,0.0,,0.0,hysteresis supporting component
2026-08-07,2026-08-07_141105_019594_1_R5_C3_10,5,200.0,3.5,retracting,1.875,1,2.120130241167306,1.7890280866876886,0.3311021544796175,-31.088099999999997,0.0,,,0.0,hysteresis supporting component
2026-08-07,2026-08-07_141238_342189_1_R5_C4_10,5,400.0,1.75,pressing_down,0.125,10,0.24011486313776048,0.011695377191352413,0.22763819615875552,3.810775,0.0,0.0,,0.0,hysteresis supporting component
2026-08-07,2026-08-07_141238_342189_1_R5_C4_10,5,400.0,1.75,retracting,0.375,10,0.7022363662906053,0.472118599585329,0.22763819615875552,4.43865,0.0,0.0,,0.0,hysteresis supporting component
2026-08-07,2026-08-07_141238_342189_1_R5_C4_10,5,400.0,1.75,retracting,0.625,6,0.7336336788574557,0.504410275478548,0.22734267513090234,5.57805,0.0,0.0,,0.0,hysteresis supporting component
2026-08-07,2026-08-07_141341_745844_1_R5_C5_10,5,400.0,2.625,pressing_down,0.125,10,0.32104785958624127,0.012513204620223775,0.3071904175020088,5.07765,0.0,0.0,,0.0,hysteresis supporting component
2026-08-07,2026-08-07_141341_745844_1_R5_C5_10,5,400.0,2.625,pressing_down,0.375,10,0.6856340135274397,0.3688172174848568,0.3071904175020088,3.57415,0.0,0.0,,0.0,hysteresis supporting component
2026-08-07,2026-08-07_141341_745844_1_R5_C5_10,5,400.0,2.625,pressing_down,0.625,1,0.8105583554188086,0.5065678284279539,0.3039905269908547,13.1651,0.0,,,0.0,hysteresis supporting component
2026-08-07,2026-08-07_141341_745844_1_R5_C5_10,5,400.0,2.625,retracting,0.125,1,0.5412907369861016,0.20692822708244563,0.334362509903656,-1.6636,0.0,,,0.0,hysteresis supporting component
2026-08-07,2026-08-07_141341_745844_1_R5_C5_10,5,400.0,2.625,retracting,0.375,10,0.6540701238738127,0.34861038197443905,0.3071904175020088,-1.9266999999999999,0.0,0.0,,0.0,hysteresis supporting component
2026-08-07,2026-08-07_141341_745844_1_R5_C5_10,5,400.0,2.625,retracting,0.625,10,0.9493196176270825,0.6311152095607396,0.3071904175020088,-0.6243000000000003,0.0,0.0,,0.0,hysteresis supporting component
2026-08-07,2026-08-07_141341_745844_1_R5_C5_10,5,400.0,2.625,retracting,0.875,10,1.1960464283578784,0.8870582642272116,0.3071904175020088,-1.315975,0.0,0.0,,0.0,hysteresis supporting component
2026-08-07,2026-08-07_141459_959333_1_R5_C6_10,5,400.0,3.5,pressing_down,0.125,10,0.31644267926813924,0.017239277512317686,0.3009752285747729,-1.9987500000000002,0.0,0.0,,0.0,hysteresis supporting component
2026-08-07,2026-08-07_141459_959333_1_R5_C6_10,5,400.0,3.5,pressing_down,0.375,10,0.6718211355612447,0.3720260596614908,0.3009752285747729,-4.929524999999999,0.0,0.0,,0.0,hysteresis supporting component
2026-08-07,2026-08-07_141459_959333_1_R5_C6_10,5,400.0,3.5,pressing_down,0.625,10,0.9225032007927951,0.6197471088327947,0.3009752285747729,5.089600000000001,0.0,0.0,,0.0,hysteresis supporting component
2026-08-07,2026-08-07_141459_959333_1_R5_C6_10,5,400.0,3.5,pressing_down,0.875,9,1.1436454562156393,0.8423348654580521,0.30131059075758715,-21.0687,0.0,0.0,,0.0,hysteresis supporting component
2026-08-07,2026-08-07_141459_959333_1_R5_C6_10,5,400.0,3.5,retracting,0.125,4,0.5038396242473393,0.20723769141747644,0.2978834881374596,36.25995,0.0,0.0,,0.0,hysteresis supporting component
2026-08-07,2026-08-07_141459_959333_1_R5_C6_10,5,400.0,3.5,retracting,0.375,10,0.6444154300642435,0.34619657974396967,0.3009752285747729,-2.4739750000000007,0.0,0.0,,0.0,hysteresis supporting component
2026-08-07,2026-08-07_141459_959333_1_R5_C6_10,5,400.0,3.5,retracting,0.625,10,0.8944652848390654,0.5877086016001583,0.3009752285747729,32.432950000000005,0.0,0.0,,0.0,hysteresis supporting component
2026-08-07,2026-08-07_141459_959333_1_R5_C6_10,5,400.0,3.5,retracting,0.875,10,1.153320694282646,0.8467690100569565,0.3009752285747729,-30.2269,0.0,0.0,,0.0,hysteresis supporting component
2026-08-07,2026-08-07_141459_959333_1_R5_C6_10,5,400.0,3.5,retracting,1.125,10,1.4685327507709458,1.1698058567197016,0.3009752285747729,-7.858499999999999,0.0,0.0,,0.0,hysteresis supporting component
2026-08-07,2026-08-07_141459_959333_1_R5_C6_10,5,400.0,3.5,retracting,1.375,10,1.7454869015725705,1.4496848388889654,0.3009752285747729,16.836875,0.0,0.0,,0.0,hysteresis supporting component
2026-08-07,2026-08-07_141459_959333_1_R5_C6_10,5,400.0,3.5,retracting,1.625,9,1.9101933004099356,1.601265676913355,0.30131059075758715,6.6278,0.0,0.0,,0.0,hysteresis supporting component
2026-08-07,2026-08-07_141603_725937_1_R5_C7_10,5,600.0,1.75,pressing_down,0.125,10,0.36688299325310736,0.009716028066591553,0.3522786387921576,0.19825000000000026,0.0,0.0,,0.0,hysteresis supporting component
2026-08-07,2026-08-07_141603_725937_1_R5_C7_10,5,600.0,1.75,retracting,0.375,10,0.8104314576520224,0.45864431132364203,0.3522786387921576,3.447725,0.0,0.0,,0.0,hysteresis supporting component
2026-08-07,2026-08-07_141603_725937_1_R5_C7_10,5,600.0,1.75,retracting,0.625,10,0.8713904167749099,0.5152499352068814,0.3522786387921576,2.924575,0.0,0.0,,0.0,hysteresis supporting component
2026-08-07,2026-08-07_141730_372163_1_R5_C8_10,5,600.0,2.625,pressing_down,0.125,10,0.2916126110465535,0.012713268341329298,0.27971013646464493,5.219200000000001,0.0,0.0,,0.0,hysteresis supporting component
2026-08-07,2026-08-07_141730_372163_1_R5_C8_10,5,600.0,2.625,pressing_down,0.375,5,0.6009417426611865,0.32549266907813235,0.2789310390835275,-3.082,0.0,0.0,,0.0,hysteresis supporting component
2026-08-07,2026-08-07_141730_372163_1_R5_C8_10,5,600.0,2.625,retracting,0.375,7,0.7190861434960654,0.40446002150449983,0.2804892338457624,-31.0938,0.0,0.0,,0.0,hysteresis supporting component
2026-08-07,2026-08-07_141730_372163_1_R5_C8_10,5,600.0,2.625,retracting,0.625,10,0.9319614365004052,0.656838551773794,0.27971013646464493,13.71645,0.0,0.0,,0.0,hysteresis supporting component
2026-08-07,2026-08-07_141730_372163_1_R5_C8_10,5,600.0,2.625,retracting,0.875,10,1.135553706642547,0.8575784217296093,0.27971013646464493,0.5350250000000001,0.0,0.0,,0.0,hysteresis supporting component
2026-08-07,2026-08-07_141909_581407_1_R5_C9_10,5,600.0,3.5,pressing_down,0.125,10,0.189982141520896,0.014226433716625277,0.17237332204272196,-1.4226000000000003,0.0,0.0,,0.0,hysteresis supporting component
2026-08-07,2026-08-07_141909_581407_1_R5_C9_10,5,600.0,3.5,pressing_down,0.375,10,0.5248083383866669,0.34820541207741684,0.17237332204272196,-7.992500000000001,0.0,0.0,,0.0,hysteresis supporting component
2026-08-07,2026-08-07_141909_581407_1_R5_C9_10,5,600.0,3.5,pressing_down,0.625,8,0.7770231481290732,0.6064491055861938,0.17530179574126756,-11.92675,0.0,0.0,,0.0,hysteresis supporting component
2026-08-07,2026-08-07_141909_581407_1_R5_C9_10,5,600.0,3.5,retracting,0.375,6,0.5490712514559579,0.37988086207622107,0.16496158295234017,6.2946,0.0,0.0,,0.0,hysteresis supporting component
2026-08-07,2026-08-07_141909_581407_1_R5_C9_10,5,600.0,3.5,retracting,0.625,9,0.7667404856198864,0.59366700687456,0.17083785528584866,20.4568,0.0,0.0,,0.0,hysteresis supporting component
2026-08-07,2026-08-07_141909_581407_1_R5_C9_10,5,600.0,3.5,retracting,0.875,8,1.0574193212235794,0.8850330995073139,0.17237332204272196,-29.137900000000002,0.0,0.0,,0.0,hysteresis supporting component
2026-08-07,2026-08-07_141909_581407_1_R5_C9_10,5,600.0,3.5,retracting,1.125,7,1.272200316713421,1.0951230441657065,0.17669480268293986,5.716,0.0,0.0,,0.0,hysteresis supporting component
2026-08-07,2026-08-07_141909_581407_1_R5_C9_10,5,600.0,3.5,retracting,1.375,10,1.5732605854966981,1.4101725340377713,0.17237332204272196,-4.83295,0.0,0.0,,0.0,hysteresis supporting component
2026-08-07,2026-08-07_141909_581407_1_R5_C9_10,5,600.0,3.5,retracting,1.625,10,1.7842154381748472,1.6049349032030777,0.17237332204272196,0.494475,0.0,0.0,,0.0,hysteresis supporting component
2026-08-07,2026-08-07_141909_581407_1_R5_C9_10,5,600.0,3.5,retracting,1.875,2,1.9226522864536326,1.7624149524722965,0.16023733398133616,25.25545,0.0,0.0,,0.0,hysteresis supporting component
2026-08-07,2026-08-07_142150_188860_1_R4_C1_10,4,200.0,1.75,pressing_down,0.125,10,0.30420062774088447,0.02188785013303947,0.2831229726588052,1.85345,0.0,0.0,,0.0,hysteresis supporting component
2026-08-07,2026-08-07_142150_188860_1_R4_C1_10,4,200.0,1.75,pressing_down,0.375,10,0.6326094703229834,0.3517862198279602,0.2831229726588052,-3.993924999999999,0.0,0.0,,0.0,hysteresis supporting component
2026-08-07,2026-08-07_142150_188860_1_R4_C1_10,4,200.0,1.75,retracting,0.125,9,0.4838695258794507,0.19757513755433148,0.28312638202052,-1.1786,0.0,0.0,,0.0,hysteresis supporting component
2026-08-07,2026-08-07_142150_188860_1_R4_C1_10,4,200.0,1.75,retracting,0.375,10,0.6471397725393891,0.3664706970863273,0.2831229726588052,-10.72325,0.0,0.0,,0.0,hysteresis supporting component
2026-08-07,2026-08-07_142150_188860_1_R4_C1_10,4,200.0,1.75,retracting,0.625,10,0.8763550441444197,0.5934047849426844,0.2831229726588052,2.2689500000000002,0.0,0.0,,0.0,hysteresis supporting component
2026-08-07,2026-08-07_142331_778138_1_R4_C2_10,4,200.0,2.625,pressing_down,0.125,10,0.3633784090783806,0.026908595497019627,0.3290162349525675,7.7013,0.0,0.0,,0.0,hysteresis supporting component
2026-08-07,2026-08-07_142331_778138_1_R4_C2_10,4,200.0,2.625,pressing_down,0.375,10,0.6894524352847237,0.369187594795112,0.3290162349525675,10.520875,0.0,0.0,,0.0,hysteresis supporting component
2026-08-07,2026-08-07_142331_778138_1_R4_C2_10,4,200.0,2.625,pressing_down,0.625,10,0.9229872544917346,0.6087183070512887,0.3290162349525675,11.73725,0.0,0.0,,0.0,hysteresis supporting component
2026-08-07,2026-08-07_142331_778138_1_R4_C2_10,4,200.0,2.625,pressing_down,0.875,8,1.1224364631905583,0.7780428392613539,0.3374646416891692,-26.04515,0.0,0.0,,0.0,hysteresis supporting component
2026-08-07,2026-08-07_142331_778138_1_R4_C2_10,4,200.0,2.625,retracting,0.125,9,0.5207766320266398,0.19560586597813967,0.3326589200682367,-13.986,0.0,0.0,,0.0,hysteresis supporting component
2026-08-07,2026-08-07_142331_778138_1_R4_C2_10,4,200.0,2.625,retracting,0.375,10,0.6899256022255293,0.3740866510663667,0.3290162349525675,-9.911875,0.0,0.0,,0.0,hysteresis supporting component
2026-08-07,2026-08-07_142331_778138_1_R4_C2_10,4,200.0,2.625,retracting,0.625,10,0.9177098093675405,0.6103003760252832,0.3290162349525675,14.371325,0.0,0.0,,0.0,hysteresis supporting component
2026-08-07,2026-08-07_142331_778138_1_R4_C2_10,4,200.0,2.625,retracting,0.875,10,1.1782251836011062,0.861786591967574,0.3290162349525675,-24.8827,0.0,0.0,,0.0,hysteresis supporting component
2026-08-07,2026-08-07_142331_778138_1_R4_C2_10,4,200.0,2.625,retracting,1.125,10,1.4946985827015253,1.1657411240811564,0.3290162349525675,14.177325,0.0,0.0,,0.0,hysteresis supporting component
2026-08-07,2026-08-07_142331_778138_1_R4_C2_10,4,200.0,2.625,retracting,1.375,4,1.6087751180181764,1.27035057254245,0.3384245454757264,9.794,0.0,0.0,,0.0,hysteresis supporting component
2026-08-07,2026-08-07_142448_171570_1_R4_C3_10,4,200.0,3.5,pressing_down,0.125,10,0.4210492162903056,0.03374295347119015,0.3810760768350621,-4.542925,0.0,0.0,,0.0,hysteresis supporting component
2026-08-07,2026-08-07_142448_171570_1_R4_C3_10,4,200.0,3.5,pressing_down,0.375,10,0.74890625296985,0.3674330792187952,0.3810760768350621,0.7532500000000004,0.0,0.0,,0.0,hysteresis supporting component
2026-08-07,2026-08-07_142448_171570_1_R4_C3_10,4,200.0,3.5,pressing_down,0.625,10,0.9928307962979452,0.6182792723297501,0.3810760768350621,10.065,0.0,0.0,,0.0,hysteresis supporting component
2026-08-07,2026-08-07_142448_171570_1_R4_C3_10,4,200.0,3.5,pressing_down,0.875,10,1.2675501767797015,0.8897166928366921,0.3810760768350621,-3.5553250000000007,0.0,0.0,,0.0,hysteresis supporting component
2026-08-07,2026-08-07_142448_171570_1_R4_C3_10,4,200.0,3.5,pressing_down,1.125,9,1.5118704655506054,1.1256189162442536,0.3858178312960115,-6.26895,0.0,0.0,,0.0,hysteresis supporting component
2026-08-07,2026-08-07_142448_171570_1_R4_C3_10,4,200.0,3.5,pressing_down,1.375,9,1.7643963829117726,1.3646876303195337,0.3858178312960115,13.6215,0.0,0.0,,0.0,hysteresis supporting component
2026-08-07,2026-08-07_142448_171570_1_R4_C3_10,4,200.0,3.5,pressing_down,1.625,4,1.9739110382525094,1.5824052321133462,0.3958816512405333,10.67015,0.0,0.0,,0.0,hysteresis supporting component
2026-08-07,2026-08-07_142448_171570_1_R4_C3_10,4,200.0,3.5,pressing_down,1.875,1,2.2129161661997583,1.7641648861295018,0.4487512800702565,-16.9798,0.0,,,0.0,hysteresis supporting component
2026-08-07,2026-08-07_142448_171570_1_R4_C3_10,4,200.0,3.5,retracting,0.125,10,0.5573644000745253,0.17996046266230772,0.3810760768350621,-1.1706249999999998,0.0,0.0,,0.0,hysteresis supporting component
2026-08-07,2026-08-07_142448_171570_1_R4_C3_10,4,200.0,3.5,retracting,0.375,10,0.7509308996419402,0.3634541473793562,0.3810760768350621,5.1975,0.0,0.0,,0.0,hysteresis supporting component
2026-08-07,2026-08-07_142448_171570_1_R4_C3_10,4,200.0,3.5,retracting,0.625,10,0.9828589812705011,0.6081001200751857,0.3810760768350621,6.329325000000001,0.0,0.0,,0.0,hysteresis supporting component
2026-08-07,2026-08-07_142448_171570_1_R4_C3_10,4,200.0,3.5,retracting,0.875,10,1.2444552645945608,0.8530998463782984,0.3810760768350621,-1.6651499999999997,0.0,0.0,,0.0,hysteresis supporting component
2026-08-07,2026-08-07_142448_171570_1_R4_C3_10,4,200.0,3.5,retracting,1.125,10,1.4979305117039003,1.1027302021301766,0.3810760768350621,-8.6511,0.0,0.0,,0.0,hysteresis supporting component
2026-08-07,2026-08-07_142448_171570_1_R4_C3_10,4,200.0,3.5,retracting,1.375,9,1.7598209242519296,1.3721222194352296,0.3858178312960115,6.8768,0.0,0.0,,0.0,hysteresis supporting component
2026-08-07,2026-08-07_142448_171570_1_R4_C3_10,4,200.0,3.5,retracting,1.625,9,1.9854676306315968,1.6139595740103554,0.3858178312960115,3.2753999999999994,0.0,0.0,,0.0,hysteresis supporting component
2026-08-07,2026-08-07_142448_171570_1_R4_C3_10,4,200.0,3.5,retracting,1.875,8,2.2811091640286776,1.8958642839231048,0.3810760768350621,-6.013825000000001,0.0,0.0,,0.0,hysteresis supporting component
2026-08-07,2026-08-07_142448_171570_1_R4_C3_10,4,200.0,3.5,retracting,2.125,7,2.480060481721204,2.1014274436170655,0.3858178312960115,0.42559999999999976,0.0,0.0,,0.0,hysteresis supporting component
2026-08-07,2026-08-07_142448_171570_1_R4_C3_10,4,200.0,3.5,retracting,2.375,2,2.737641773538824,2.3675388718422616,0.3701029016965625,9.2342,0.0,0.0,,0.0,hysteresis supporting component
2026-08-07,2026-08-07_142628_905280_1_R4_C4_10,4,400.0,1.75,pressing_down,0.125,10,0.2947979891743835,0.01254230843776595,0.28318347793425147,4.10195,0.0,0.0,,0.0,hysteresis supporting component
2026-08-07,2026-08-07_142628_905280_1_R4_C4_10,4,400.0,1.75,pressing_down,0.375,2,0.545476531995081,0.26057759151842197,0.28489894047665903,-24.83775,0.0,0.0,,0.0,hysteresis supporting component
2026-08-07,2026-08-07_142628_905280_1_R4_C4_10,4,400.0,1.75,retracting,0.375,10,0.690431057564742,0.3998902572337406,0.28318347793425147,5.6732000000000005,0.0,0.0,,0.0,hysteresis supporting component
2026-08-07,2026-08-07_142628_905280_1_R4_C4_10,4,400.0,1.75,retracting,0.625,10,0.8396084812694314,0.5572928189229274,0.28318347793425147,4.0343,0.0,0.0,,0.0,hysteresis supporting component
2026-08-07,2026-08-07_142725_765637_1_R4_C5_10,4,400.0,2.625,pressing_down,0.125,10,0.44759004446261075,0.016289574994982042,0.4305236478466504,-1.3441,0.0,0.0,,0.0,hysteresis supporting component
2026-08-07,2026-08-07_142725_765637_1_R4_C5_10,4,400.0,2.625,pressing_down,0.375,10,0.7888517965482129,0.35292297926416305,0.4305236478466504,-0.7058749999999994,0.0,0.0,,0.0,hysteresis supporting component
2026-08-07,2026-08-07_142725_765637_1_R4_C5_10,4,400.0,2.625,pressing_down,0.625,1,1.0186635900859384,0.5892628894857413,0.4294007006001971,-32.4252,0.0,,,0.0,hysteresis supporting component
2026-08-07,2026-08-07_142725_765637_1_R4_C5_10,4,400.0,2.625,retracting,0.125,3,0.6750198991647778,0.24220246285340769,0.4314019500474497,15.3149,0.0,0.0,,0.0,hysteresis supporting component
2026-08-07,2026-08-07_142725_765637_1_R4_C5_10,4,400.0,2.625,retracting,0.375,10,0.799157947355858,0.3664961342934119,0.4305236478466504,11.566025,0.0,0.0,,0.0,hysteresis supporting component
2026-08-07,2026-08-07_142725_765637_1_R4_C5_10,4,400.0,2.625,retracting,0.625,10,1.0646312971507945,0.62674130079794,0.4305236478466504,-20.6705,0.0,0.0,,0.0,hysteresis supporting component
2026-08-07,2026-08-07_142725_765637_1_R4_C5_10,4,400.0,2.625,retracting,0.875,10,1.291795305916109,0.8607025107278874,0.4305236478466504,7.25465,0.0,0.0,,0.0,hysteresis supporting component
2026-08-07,2026-08-07_142725_765637_1_R4_C5_10,4,400.0,2.625,retracting,1.125,10,1.5448541460553442,1.1111002256897509,0.4305236478466504,1.7831500000000002,0.0,0.0,,0.0,hysteresis supporting component
2026-08-07,2026-08-07_142829_384154_1_R4_C6_10,4,400.0,3.5,pressing_down,0.125,10,0.26509220941306405,0.017886436411355483,0.24902687456840633,6.8796,0.0,0.0,,0.0,hysteresis supporting component
2026-08-07,2026-08-07_142829_384154_1_R4_C6_10,4,400.0,3.5,pressing_down,0.375,10,0.6494842208156097,0.38673540090730896,0.24902687456840633,-7.67165,0.0,0.0,,0.0,hysteresis supporting component
2026-08-07,2026-08-07_142829_384154_1_R4_C6_10,4,400.0,3.5,pressing_down,0.625,10,0.8640246444471382,0.6202954704476658,0.24902687456840633,2.916974999999999,0.0,0.0,,0.0,hysteresis supporting component
2026-08-07,2026-08-07_142829_384154_1_R4_C6_10,4,400.0,3.5,pressing_down,0.875,10,1.1504848012763706,0.9128134136000396,0.24902687456840633,-3.61135,0.0,0.0,,0.0,hysteresis supporting component
2026-08-07,2026-08-07_142829_384154_1_R4_C6_10,4,400.0,3.5,pressing_down,1.125,1,1.3174043386108178,1.0169065563454391,0.30049778226537877,7.3545,0.0,,,0.0,hysteresis supporting component
2026-08-07,2026-08-07_142829_384154_1_R4_C6_10,4,400.0,3.5,retracting,0.375,10,0.6201665803330574,0.37073538051819566,0.24902687456840633,8.6583,0.0,0.0,,0.0,hysteresis supporting component
2026-08-07,2026-08-07_142829_384154_1_R4_C6_10,4,400.0,3.5,retracting,0.625,10,0.8802058072352481,0.6240711335995262,0.24902687456840633,3.733275,0.0,0.0,,0.0,hysteresis supporting component
2026-08-07,2026-08-07_142829_384154_1_R4_C6_10,4,400.0,3.5,retracting,0.875,10,1.205725135953526,0.9651256891493318,0.24902687456840633,-5.13495,0.0,0.0,,0.0,hysteresis supporting component
2026-08-07,2026-08-07_142829_384154_1_R4_C6_10,4,400.0,3.5,retracting,1.125,5,1.280991509169674,1.0287062906420879,0.24832126371855057,-16.8899,0.0,0.0,,0.0,hysteresis supporting component
2026-08-07,2026-08-07_142829_384154_1_R4_C6_10,4,400.0,3.5,retracting,1.375,9,1.577455789531018,1.3291345258124674,0.24973248541826207,15.8429,0.0,0.0,,0.0,hysteresis supporting component
2026-08-07,2026-08-07_142829_384154_1_R4_C6_10,4,400.0,3.5,retracting,1.625,10,1.9082362808483022,1.6716053065186927,0.24902687456840633,4.9563250000000005,0.0,0.0,,0.0,hysteresis supporting component
2026-08-07,2026-08-07_142829_384154_1_R4_C6_10,4,400.0,3.5,retracting,1.875,10,2.040944741437666,1.7899889038872825,0.24902687456840633,-0.4788249999999996,0.0,0.0,,0.0,hysteresis supporting component
2026-08-07,2026-08-07_142829_384154_1_R4_C6_10,4,400.0,3.5,retracting,2.125,1,2.3012879264652057,2.00539320905777,0.2958947174074359,-19.4893,0.0,,,0.0,hysteresis supporting component
2026-08-07,2026-08-07_142948_893571_1_R4_C7_10,4,600.0,1.75,pressing_down,0.125,10,0.3708316570872119,0.00951358436393522,0.3601213198602114,7.124525,0.0,0.0,,0.0,hysteresis supporting component
2026-08-07,2026-08-07_142948_893571_1_R4_C7_10,4,600.0,1.75,retracting,0.375,8,0.8058979414811944,0.44367769748622565,0.3601213198602114,-0.6760999999999999,0.0,0.0,,0.0,hysteresis supporting component
2026-08-07,2026-08-07_142948_893571_1_R4_C7_10,4,600.0,1.75,retracting,0.625,10,0.93609595851246,0.5750013913691681,0.3601213198602114,-3.1205500000000006,0.0,0.0,,0.0,hysteresis supporting component
2026-08-07,2026-08-07_143104_921482_1_R4_C8_10,4,600.0,2.625,pressing_down,0.125,10,0.43348937346216854,0.018337340013971068,0.41954947812321636,7.795525,0.0,0.0,,0.0,hysteresis supporting component
2026-08-07,2026-08-07_143104_921482_1_R4_C8_10,4,600.0,2.625,pressing_down,0.375,9,0.7729261659875712,0.3447602409130732,0.4237669293566887,15.1847,0.0,0.0,,0.0,hysteresis supporting component
2026-08-07,2026-08-07_143104_921482_1_R4_C8_10,4,600.0,2.625,retracting,0.375,6,0.8903784355088705,0.45640164658310933,0.41954947812321636,-4.13325,0.0,0.0,,0.0,hysteresis supporting component
2026-08-07,2026-08-07_143104_921482_1_R4_C8_10,4,600.0,2.625,retracting,0.625,7,1.1163320686741385,0.6983921035910416,0.4237669293566887,15.6765,0.0,0.0,,0.0,hysteresis supporting component
2026-08-07,2026-08-07_143104_921482_1_R4_C8_10,4,600.0,2.625,retracting,0.875,9,1.2916092356107192,0.8774974431829694,0.415332026889744,-7.476,0.0,0.0,,0.0,hysteresis supporting component
2026-08-07,2026-08-07_143104_921482_1_R4_C8_10,4,600.0,2.625,retracting,1.125,10,1.5649823922501944,1.1450765670605192,0.41954947812321636,1.5170249999999998,0.0,0.0,,0.0,hysteresis supporting component
2026-08-07,2026-08-07_143104_921482_1_R4_C8_10,4,600.0,2.625,retracting,1.375,2,1.7475867483237815,1.2836174498169144,0.4639692985068673,-3.2332749999999995,0.0,0.0,,0.0,hysteresis supporting component
2026-08-07,2026-08-07_143211_557162_1_R4_C9_10,4,600.0,3.5,pressing_down,0.125,10,0.33751522917068727,0.018362817613458537,0.3189078466161518,1.3971999999999998,0.0,0.0,,0.0,hysteresis supporting component
2026-08-07,2026-08-07_143211_557162_1_R4_C9_10,4,600.0,3.5,pressing_down,0.375,10,0.6408821973658296,0.32341245323357837,0.3189078466161518,-38.08115,0.0,0.0,,0.0,hysteresis supporting component
2026-08-07,2026-08-07_143211_557162_1_R4_C9_10,4,600.0,3.5,pressing_down,0.625,9,0.9015498521468086,0.5852937711617694,0.3186834072794635,23.6088,0.0,0.0,,0.0,hysteresis supporting component
2026-08-07,2026-08-07_143211_557162_1_R4_C9_10,4,600.0,3.5,pressing_down,0.875,7,1.1974812840653593,0.8787978767858957,0.3191322859528401,-2.724,0.0,0.0,,0.0,hysteresis supporting component
2026-08-07,2026-08-07_143211_557162_1_R4_C9_10,4,600.0,3.5,retracting,0.375,2,0.8146501790339518,0.4962364512063119,0.31841372782763994,-5.8637,0.0,0.0,,0.0,hysteresis supporting component
2026-08-07,2026-08-07_143211_557162_1_R4_C9_10,4,600.0,3.5,retracting,0.625,8,0.8806764380837124,0.5617685914675606,0.3189078466161518,-27.86845,0.0,0.0,,0.0,hysteresis supporting component
2026-08-07,2026-08-07_143211_557162_1_R4_C9_10,4,600.0,3.5,retracting,0.875,7,1.162801707991305,0.8465456270062657,0.3186834072794635,-1.2095,0.0,0.0,,0.0,hysteresis supporting component
2026-08-07,2026-08-07_143211_557162_1_R4_C9_10,4,600.0,3.5,retracting,1.125,3,1.4439835558207277,1.0970125590451552,0.3243936438203704,-17.9777,0.0,0.0,,0.0,hysteresis supporting component
2026-08-07,2026-08-07_143211_557162_1_R4_C9_10,4,600.0,3.5,retracting,1.375,6,1.653007716993085,1.3347119656661257,0.31769418346893963,13.68215,0.0,0.0,,0.0,hysteresis supporting component
2026-08-07,2026-08-07_143211_557162_1_R4_C9_10,4,600.0,3.5,retracting,1.625,6,1.9512968023677364,1.615614482069765,0.31962739097485204,-14.612,0.0,0.0,,0.0,hysteresis supporting component
2026-08-07,2026-08-07_143211_557162_1_R4_C9_10,4,600.0,3.5,retracting,1.875,9,2.2157707992167186,1.897087391937255,0.3186834072794635,7.176,0.0,0.0,,0.0,hysteresis supporting component
2026-08-07,2026-08-07_143211_557162_1_R4_C9_10,4,600.0,3.5,retracting,2.125,10,2.4718996424597384,2.149457827995789,0.3189078466161518,-5.947775,0.0,0.0,,0.0,hysteresis supporting component
2026-08-07,2026-08-07_143439_978377_1_R3_C1_10,3,200.0,1.75,pressing_down,0.125,10,0.44413634846036976,0.019021314851042914,0.42818781091905495,4.397,49.85,71.90543558498666,1.4424360197590105,0.008860646996089584,hysteresis supporting component
2026-08-07,2026-08-07_143439_978377_1_R3_C1_10,3,200.0,1.75,pressing_down,0.375,10,0.8037229966076522,0.3743169634093242,0.42818781091905495,0.09394999999999998,6.8,15.244671200127604,2.2418634117834713,0.0012086740135087096,hysteresis supporting component
2026-08-07,2026-08-07_143439_978377_1_R3_C1_10,3,200.0,1.75,retracting,0.125,9,0.6287010786316125,0.2128964766771279,0.4282876777957036,6.0923,115.77777777777777,201.93487674110295,1.7441592040978182,0.020579057550262667,hysteresis supporting component
2026-08-07,2026-08-07_143439_978377_1_R3_C1_10,3,200.0,1.75,retracting,0.375,10,0.7909010640867153,0.3636392811086308,0.42818781091905495,2.13675,63.55,129.61233866161558,2.0395332598208595,0.01129576964095272,hysteresis supporting component
2026-08-07,2026-08-07_143439_978377_1_R3_C1_10,3,200.0,1.75,retracting,0.625,10,1.1190311970426134,0.6947513839889173,0.42818781091905495,3.09625,2.9,6.8386158443552505,2.358143394605259,0.0005154639175257733,hysteresis supporting component
2026-08-07,2026-08-07_143559_165814_1_R3_C2_10,3,200.0,2.625,pressing_down,0.125,10,0.35228305598354037,0.020361723672226342,0.33388166433060035,-7.1899999999999995,35.15,72.82782206455626,2.0719152792192395,0.006247778172769286,hysteresis supporting component
2026-08-07,2026-08-07_143559_165814_1_R3_C2_10,3,200.0,2.625,pressing_down,0.375,10,0.7061680196167093,0.3681003867346293,0.33388166433060035,-13.576649999999999,67.9,86.05966922238701,1.2674472639526806,0.01206896551724138,hysteresis supporting component
2026-08-07,2026-08-07_143559_165814_1_R3_C2_10,3,200.0,2.625,pressing_down,0.625,10,0.956135227094993,0.6299926342711606,0.33388166433060035,-0.21302500000000002,70.5,101.65327780691034,1.4418904653462459,0.012531105581230004,hysteresis supporting component
2026-08-07,2026-08-07_143559_165814_1_R3_C2_10,3,200.0,2.625,pressing_down,0.875,10,1.139273724382015,0.8099121430249425,0.33388166433060035,-5.587250000000001,97.4,308.0058441004001,3.1622776601683795,0.017312477781727693,hysteresis supporting component
2026-08-07,2026-08-07_143559_165814_1_R3_C2_10,3,200.0,2.625,retracting,0.125,9,0.5507564604630947,0.21948866753807894,0.33461283822181176,36.122,122.11111111111111,154.0596024631737,1.2616345970596572,0.021704783347158037,hysteresis supporting component
2026-08-07,2026-08-07_143559_165814_1_R3_C2_10,3,200.0,2.625,retracting,0.375,10,0.7100287457121179,0.3796213927809051,0.33388166433060035,7.1794,18.9,32.167789272293284,1.7019994323964702,0.0033594027728403838,hysteresis supporting component
2026-08-07,2026-08-07_143559_165814_1_R3_C2_10,3,200.0,2.625,retracting,0.625,10,0.9359481305049584,0.6073306921127867,0.33388166433060035,6.3868,83.25,96.27658363047348,1.1564754790447265,0.014797369356558834,hysteresis supporting component
2026-08-07,2026-08-07_143559_165814_1_R3_C2_10,3,200.0,2.625,retracting,0.875,10,1.1882305044319919,0.8558094579801325,0.33388166433060035,5.17985,47.6,108.57301690567505,2.2809457333125005,0.008460718094560967,hysteresis supporting component
2026-08-07,2026-08-07_143559_165814_1_R3_C2_10,3,200.0,2.625,retracting,1.125,10,1.4860443436599058,1.1533169469608207,0.33388166433060035,6.7669,106.4,101.79412775030023,0.9567117269765059,0.018912193387842162,hysteresis supporting component
2026-08-07,2026-08-07_143708_058660_1_R3_C3_10,3,200.0,3.5,pressing_down,0.125,10,0.36925502356067896,0.021209000438856457,0.35018573141624404,1.3472499999999998,13.4,22.303213520327812,1.6644189194274486,0.0023817987913259866,hysteresis supporting component
2026-08-07,2026-08-07_143708_058660_1_R3_C3_10,3,200.0,3.5,pressing_down,0.375,10,0.720209992950142,0.37162407887457743,0.35018573141624404,-0.33182499999999937,64.15,94.79628743316434,1.4777285648193972,0.011402417348027017,hysteresis supporting component
2026-08-07,2026-08-07_143708_058660_1_R3_C3_10,3,200.0,3.5,pressing_down,0.625,10,0.9767083485893784,0.6264811978989187,0.35018573141624404,-4.4424,23.5,41.13460289774967,1.7504086339467946,0.004177035193743335,hysteresis supporting component
2026-08-07,2026-08-07_143708_058660_1_R3_C3_10,3,200.0,3.5,pressing_down,0.875,10,1.2238774782648023,0.8704203125067232,0.35018573141624404,14.416224999999999,45.9,96.72808393751124,2.1073656631266067,0.008158549591183789,hysteresis supporting component
2026-08-07,2026-08-07_143708_058660_1_R3_C3_10,3,200.0,3.5,pressing_down,1.125,10,1.4664307619769597,1.1082396279226412,0.35018573141624404,4.5901749999999995,55.05,73.63100569732835,1.3375296221131399,0.009784927124066834,hysteresis supporting component
2026-08-07,2026-08-07_143708_058660_1_R3_C3_10,3,200.0,3.5,pressing_down,1.375,9,1.6758098270297526,1.3156951992379422,0.3502302111130501,7.5286,80.33333333333333,211.99174512230422,2.638901391563953,0.01427894300272544,hysteresis supporting component
2026-08-07,2026-08-07_143708_058660_1_R3_C3_10,3,200.0,3.5,retracting,0.125,10,0.5664802804857575,0.21218724384689022,0.35018573141624404,15.3461,157.2,160.93808333227616,1.0237791560577365,0.02794169925346605,hysteresis supporting component
2026-08-07,2026-08-07_143708_058660_1_R3_C3_10,3,200.0,3.5,retracting,0.375,10,0.7338592730589568,0.3841466609751197,0.35018573141624404,-5.8799,50.45,75.21541287085603,1.4908902452102284,0.008967294703163882,hysteresis supporting component
2026-08-07,2026-08-07_143708_058660_1_R3_C3_10,3,200.0,3.5,retracting,0.625,10,0.9551796479225025,0.6057867203921934,0.35018573141624404,3.213775,6.3,19.922349259060788,3.1622776601683795,0.001119800924280128,hysteresis supporting component
2026-08-07,2026-08-07_143708_058660_1_R3_C3_10,3,200.0,3.5,retracting,0.875,10,1.2073400372753202,0.8598721128265299,0.35018573141624404,5.39355,141.15,177.89214116674432,1.260305640572046,0.02508887308922858,hysteresis supporting component
2026-08-07,2026-08-07_143708_058660_1_R3_C3_10,3,200.0,3.5,retracting,1.125,10,1.4690923592380027,1.1246091407666277,0.35018573141624404,8.25555,42.25,68.01480639455565,1.6098179028297195,0.007509776039815144,hysteresis supporting component
2026-08-07,2026-08-07_143708_058660_1_R3_C3_10,3,200.0,3.5,retracting,1.375,10,1.7399668641144934,1.3885104611234538,0.35018573141624404,2.7332,76.9,126.0098761561525,1.638619976022789,0.013668681123355847,hysteresis supporting component
2026-08-07,2026-08-07_143708_058660_1_R3_C3_10,3,200.0,3.5,retracting,1.625,10,2.008227875356666,1.6541995756706098,0.35018573141624404,-12.0972,2.4,7.58946638440411,3.1622776601683795,0.00042659082829719165,hysteresis supporting component
2026-08-07,2026-08-07_143708_058660_1_R3_C3_10,3,200.0,3.5,retracting,1.875,9,2.2508259533822126,1.8978429340410765,0.3502302111130501,-1.8853499999999999,0.0,0.0,,0.0,hysteresis supporting component
2026-08-07,2026-08-07_143708_058660_1_R3_C3_10,3,200.0,3.5,retracting,2.125,2,2.383071169532821,2.021994017583932,0.3610771519488891,15.287199999999999,0.0,0.0,,0.0,hysteresis supporting component
2026-08-07,2026-08-07_143834_343810_1_R3_C4_10,3,400.0,1.75,pressing_down,0.125,10,0.33575958985096793,0.012840775906121649,0.32375632504124635,6.0954250000000005,7.3,19.97109021672188,2.735765783112587,0.001297547102737291,hysteresis supporting component
2026-08-07,2026-08-07_143834_343810_1_R3_C4_10,3,400.0,1.75,pressing_down,0.375,2,0.5866440905108642,0.26758372809513575,0.31906036241572844,4.033850000000001,7.5,10.606601717798213,1.4142135623730951,0.0013330963384287238,hysteresis supporting component
2026-08-07,2026-08-07_143834_343810_1_R3_C4_10,3,400.0,1.75,retracting,0.375,8,0.6863903929306431,0.36504160463378277,0.3204944709321787,-11.2458,13.625,38.53731957466684,2.82842712474619,0.002421791681478848,hysteresis supporting component
2026-08-07,2026-08-07_143834_343810_1_R3_C4_10,3,400.0,1.75,retracting,0.625,10,0.9833764893237118,0.6618154962381285,0.32375632504124635,4.916599999999999,35.45,94.01431628569485,2.6520258472692477,0.006301102026306435,hysteresis supporting component
2026-08-07,2026-08-07_143951_031030_1_R3_C5_10,3,400.0,2.625,pressing_down,0.125,10,0.31843703633901765,0.015589576309125053,0.30417982438880925,3.0218499999999997,28.7,59.38209606719295,2.0690625807384304,0.005101315321720583,hysteresis supporting component
2026-08-07,2026-08-07_143951_031030_1_R3_C5_10,3,400.0,2.625,pressing_down,0.375,10,0.6898162881790846,0.3813850587073369,0.30417982438880925,-13.5342,100.2,159.86160681456113,1.5954252177101909,0.01781016708140775,hysteresis supporting component
2026-08-07,2026-08-07_143951_031030_1_R3_C5_10,3,400.0,2.625,pressing_down,0.625,10,0.8572375341211451,0.5504511232354135,0.30417982438880925,10.7288,87.8,123.6974804378273,1.4088551302713814,0.015606114468538925,hysteresis supporting component
2026-08-07,2026-08-07_143951_031030_1_R3_C5_10,3,400.0,2.625,retracting,0.375,10,0.7242469244364389,0.41936186506261985,0.30417982438880925,8.7268,50.2,105.85713643082046,2.1087078970282955,0.00892285815854959,hysteresis supporting component
2026-08-07,2026-08-07_143951_031030_1_R3_C5_10,3,400.0,2.625,retracting,0.625,10,0.910789728767099,0.6007285724668718,0.30417982438880925,6.070625000000001,34.0,43.29806256892128,1.2734724284976848,0.006043370067543548,hysteresis supporting component
2026-08-07,2026-08-07_143951_031030_1_R3_C5_10,3,400.0,2.625,retracting,0.875,10,1.1795823882414787,0.8760574075426699,0.30417982438880925,1.0477000000000007,93.85,105.65984467988667,1.1258374499721544,0.016681478848204763,hysteresis supporting component
2026-08-07,2026-08-07_143951_031030_1_R3_C5_10,3,400.0,2.625,retracting,1.125,10,1.337417994949131,1.0299228945813583,0.30417982438880925,-3.918025,35.2,107.16218238414768,3.0443801813678317,0.0062566654816921434,hysteresis supporting component
2026-08-07,2026-08-07_144054_585104_1_R3_C6_10,3,400.0,3.5,pressing_down,0.125,10,0.40888037993895604,0.019729670253460688,0.39059746801891154,16.253,18.8,45.63819063508592,2.427563331653506,0.003341628154994668,hysteresis supporting component
2026-08-07,2026-08-07_144054_585104_1_R3_C6_10,3,400.0,3.5,pressing_down,0.375,10,0.7574362915337419,0.3664997651169231,0.39059746801891154,-15.774275,71.7,79.30083367923834,1.1060088379252209,0.012744400995378598,hysteresis supporting component
2026-08-07,2026-08-07_144054_585104_1_R3_C6_10,3,400.0,3.5,pressing_down,0.625,10,1.007064851534134,0.63338432355371,0.39059746801891154,27.980800000000002,93.0,165.50595826804005,1.7796339598713986,0.016530394596516177,hysteresis supporting component
2026-08-07,2026-08-07_144054_585104_1_R3_C6_10,3,400.0,3.5,pressing_down,0.875,10,1.2515394023336037,0.8619464117283875,0.39059746801891154,13.36365,115.4,227.11582947914485,1.968074778848742,0.020511908993956628,hysteresis supporting component
2026-08-07,2026-08-07_144054_585104_1_R3_C6_10,3,400.0,3.5,pressing_down,1.125,6,1.4674549005005002,1.08392504783827,0.38213425877128254,-14.7991,50.333333333333336,93.29880313630323,1.8536186053570178,0.008946557649010546,hysteresis supporting component
2026-08-07,2026-08-07_144054_585104_1_R3_C6_10,3,400.0,3.5,retracting,0.375,10,0.7619281847571886,0.3796047974736563,0.39059746801891154,3.0031,107.35,197.76249082618722,1.8422216192472025,0.019081052257376465,hysteresis supporting component
2026-08-07,2026-08-07_144054_585104_1_R3_C6_10,3,400.0,3.5,retracting,0.625,10,0.9919965589623805,0.6147144901326329,0.39059746801891154,17.47615,70.15,91.47253686216426,1.3039563344570813,0.012468894418769996,hysteresis supporting component
2026-08-07,2026-08-07_144054_585104_1_R3_C6_10,3,400.0,3.5,retracting,0.875,8,1.2354125310269075,0.8513970293067701,0.3932972145483469,-18.0799,6.625,17.55755840493937,2.6501974950851883,0.001177568432278706,hysteresis supporting component
2026-08-07,2026-08-07_144054_585104_1_R3_C6_10,3,400.0,3.5,retracting,1.125,7,1.427048431648062,1.0419022294719227,0.3828793661984523,-23.4756,83.71428571428571,221.48718118340716,2.6457513110645907,0.014879894367985374,hysteresis supporting component
2026-08-07,2026-08-07_144054_585104_1_R3_C6_10,3,400.0,3.5,retracting,1.375,9,1.745129445047298,1.351493172101044,0.3929581561504396,7.2737,149.88888888888889,199.4576674663351,1.330703489397343,0.02664217719319035,hysteresis supporting component
2026-08-07,2026-08-07_144054_585104_1_R3_C6_10,3,400.0,3.5,retracting,1.625,8,2.0879995176870296,1.6971421455990743,0.39059746801891154,30.6131,94.5,191.161113798208,2.0228689290815662,0.01679701386420192,hysteresis supporting component
2026-08-07,2026-08-07_144054_585104_1_R3_C6_10,3,400.0,3.5,retracting,1.875,9,2.2861994949405404,1.9311838427411896,0.3882367798873835,-21.999,99.61111111111111,187.66655565420044,1.8839921928475225,0.017705494331871865,hysteresis supporting component
2026-08-07,2026-08-07_144054_585104_1_R3_C6_10,3,400.0,3.5,retracting,2.125,8,2.530194706020392,2.135892470191659,0.3932972145483469,-4.52355,94.75,163.78797269641018,1.728632957218049,0.01684145040881621,hysteresis supporting component
2026-08-07,2026-08-07_144054_585104_1_R3_C6_10,3,400.0,3.5,retracting,2.375,2,2.6729225003582626,2.275158637193161,0.39776386316510143,5.409449999999999,47.25,66.82159082212874,1.4142135623730951,0.00839850693210096,hysteresis supporting component
2026-08-07,2026-08-07_144200_325579_1_R3_C7_10,3,600.0,1.75,pressing_down,0.125,10,0.4209316803005767,0.010692680795552828,0.41134732311446753,1.4176250000000001,40.4,64.11049489401526,1.5868934379706745,0.0071809456096693924,hysteresis supporting component
2026-08-07,2026-08-07_144200_325579_1_R3_C7_10,3,600.0,1.75,retracting,0.375,2,0.8737931653329958,0.46160243618479885,0.41219072914819693,-23.12665,15.5,21.920310216782973,1.414213562373095,0.0027550657660860294,hysteresis supporting component
2026-08-07,2026-08-07_144200_325579_1_R3_C7_10,3,600.0,1.75,retracting,0.625,10,1.0801257286033787,0.6715225933722755,0.41134732311446753,9.18655,29.4,51.06684073077384,1.736967371795029,0.005225737646640597,hysteresis supporting component
2026-08-07,2026-08-07_144307_932339_1_R3_C8_10,3,600.0,2.625,pressing_down,0.125,10,0.4028819775403255,0.010061428331172823,0.39335401639000844,3.9284749999999997,54.85,58.60273505183487,1.068418141327892,0.009749377888375401,hysteresis supporting component
2026-08-07,2026-08-07_144307_932339_1_R3_C8_10,3,600.0,2.625,pressing_down,0.375,10,0.755946045903239,0.36125347509586264,0.39335401639000844,-4.2506,122.9,226.39613757993115,1.8421166605364618,0.021845005332385353,hysteresis supporting component
2026-08-07,2026-08-07_144307_932339_1_R3_C8_10,3,600.0,2.625,retracting,0.375,1,0.8807283077795534,0.4871289097310254,0.39359939804852795,30.607,250.0,,,0.04443654461429079,hysteresis supporting component
2026-08-07,2026-08-07_144307_932339_1_R3_C8_10,3,600.0,2.625,retracting,0.625,9,0.941536227677641,0.5357895614142969,0.39310863473148894,-8.56925,200.33333333333334,252.12831554587436,1.258544004388724,0.03560848441758502,hysteresis supporting component
2026-08-07,2026-08-07_144307_932339_1_R3_C8_10,3,600.0,2.625,retracting,0.875,10,1.2648276233425935,0.8612748172642405,0.39335401639000844,6.1351249999999995,146.5,198.40446903568815,1.3542967169671547,0.026039815143974403,hysteresis supporting component
2026-08-07,2026-08-07_144307_932339_1_R3_C8_10,3,600.0,2.625,retracting,1.125,9,1.4402171934304684,1.0521546741680667,0.39359939804852795,0.6016500000000002,94.72222222222223,82.59430636820218,0.871963351687765,0.01683651301497018,hysteresis supporting component
2026-08-07,2026-08-07_144428_518012_1_R3_C9_10,3,600.0,3.5,pressing_down,0.125,10,0.38684670858621,0.02124109951189207,0.36719478202047684,5.225024999999999,44.4,50.43191229546801,1.1358538805285587,0.007891930323498044,hysteresis supporting component
2026-08-07,2026-08-07_144428_518012_1_R3_C9_10,3,600.0,3.5,pressing_down,0.375,10,0.7504735841146117,0.39256041423027693,0.36719478202047684,7.04775,191.0,179.95308030459248,0.942162724107814,0.033949520085318166,hysteresis supporting component
2026-08-07,2026-08-07_144428_518012_1_R3_C9_10,3,600.0,3.5,pressing_down,0.625,9,0.9962123465723528,0.6375507226224512,0.36644769554711376,-8.924,102.11111111111111,126.78568969371548,1.2416444039645695,0.01814985977801477,hysteresis supporting component
2026-08-07,2026-08-07_144428_518012_1_R3_C9_10,3,600.0,3.5,pressing_down,0.875,6,1.291921489815221,0.8615485938859438,0.3714544250423135,9.9988,252.66666666666666,198.3165819256339,0.7848941237162291,0.044910534423509896,hysteresis supporting component
2026-08-07,2026-08-07_144428_518012_1_R3_C9_10,3,600.0,3.5,retracting,0.625,8,0.9458613194945809,0.5955005534982738,0.36719478202047684,-3.58925,201.125,359.0843265466046,1.7853788765524157,0.035749200142196944,hysteresis supporting component
2026-08-07,2026-08-07_144428_518012_1_R3_C9_10,3,600.0,3.5,retracting,0.875,8,1.196520216589372,0.8142727787135492,0.36719478202047684,11.6534,50.5,97.30511658841849,1.926833991849871,0.00897618201208674,hysteresis supporting component
2026-08-07,2026-08-07_144428_518012_1_R3_C9_10,3,600.0,3.5,retracting,1.125,6,1.5750171483097715,1.203012157389669,0.36513593488537327,-23.53705,36.0,88.18163074019441,2.449489742783178,0.006398862424457874,hysteresis supporting component
2026-08-07,2026-08-07_144428_518012_1_R3_C9_10,3,600.0,3.5,retracting,1.375,5,1.699974916979233,1.3549410253340857,0.3679418684938399,21.7679,41.2,78.40408152641034,1.9030116875342318,0.0073231425524351215,hysteresis supporting component
2026-08-07,2026-08-07_144428_518012_1_R3_C9_10,3,600.0,3.5,retracting,1.625,7,1.9872311361344497,1.6544281606999078,0.3642600686262397,6.6258,49.285714285714285,98.38142488246834,1.9961448526877636,0.008760347366817328,hysteresis supporting component
2026-08-07,2026-08-07_144428_518012_1_R3_C9_10,3,600.0,3.5,retracting,1.875,9,2.3060264255128358,1.9395787299657221,0.3679418684938399,-1.5508499999999996,115.61111111111111,197.71867289437057,1.7102047631420811,0.020549433187186477,hysteresis supporting component
2026-08-07,2026-08-07_144428_518012_1_R3_C9_10,3,600.0,3.5,retracting,2.125,7,2.4154139202486697,2.0474720517548297,0.36644769554711376,11.532399999999999,107.92857142857143,139.33126849688975,1.2909581462319368,0.019183891117769542,hysteresis supporting component
2026-08-07,2026-08-07_144428_518012_1_R3_C9_10,3,600.0,3.5,retracting,2.375,2,3.0176410906051587,2.4125917048527166,0.6050493857524422,8.1878,62.5,88.38834764831844,1.4142135623730951,0.011109136153572698,hysteresis supporting component
2026-08-07,2026-08-07_144428_518012_1_R3_C9_10,3,600.0,3.5,retracting,2.625,2,3.2963395866369862,2.691290200884544,0.6050493857524422,-0.46792500000000015,116.25,18.738329701443508,0.16118993291564307,0.020662993245645217,hysteresis supporting component
2026-08-07,2026-08-07_144631_897061_1_R2_C1_10,2,200.0,1.75,pressing_down,0.125,10,0.39624719270305186,0.02041353281133075,0.3758861685669126,1.1788500000000002,0.0,0.0,,0.0,hysteresis supporting component
2026-08-07,2026-08-07_144631_897061_1_R2_C1_10,2,200.0,1.75,pressing_down,0.375,10,0.7109135770734049,0.33443758173831567,0.3758861685669126,6.659174999999999,0.0,0.0,,0.0,hysteresis supporting component
2026-08-07,2026-08-07_144631_897061_1_R2_C1_10,2,200.0,1.75,retracting,0.125,10,0.5714002749785444,0.19809949709404298,0.3758861685669126,-3.1463499999999995,0.0,0.0,,0.0,hysteresis supporting component
2026-08-07,2026-08-07_144631_897061_1_R2_C1_10,2,200.0,1.75,retracting,0.375,10,0.7434102201963153,0.3702957779391418,0.3758861685669126,-0.25262500000000054,0.0,0.0,,0.0,hysteresis supporting component
2026-08-07,2026-08-07_144631_897061_1_R2_C1_10,2,200.0,1.75,retracting,0.625,10,0.9574735527939616,0.5825134429645331,0.3758861685669126,8.276299999999999,0.0,0.0,,0.0,hysteresis supporting component
2026-08-07,2026-08-07_144756_980761_1_R2_C2_10,2,200.0,2.625,pressing_down,0.125,10,0.30514307685273245,0.025107558294596127,0.2792362649727561,7.808425,0.0,0.0,,0.0,hysteresis supporting component
2026-08-07,2026-08-07_144756_980761_1_R2_C2_10,2,200.0,2.625,pressing_down,0.375,10,0.6559303413283354,0.3744102176599371,0.2792362649727561,-0.41254999999999953,25.4,80.32185256827684,3.1622776601683795,0.003375863902179692,hysteresis supporting component
2026-08-07,2026-08-07_144756_980761_1_R2_C2_10,2,200.0,2.625,pressing_down,0.625,10,0.9065004675077362,0.6167607053375347,0.2792362649727561,-13.90045,0.0,0.0,,0.0,hysteresis supporting component
2026-08-07,2026-08-07_144756_980761_1_R2_C2_10,2,200.0,2.625,pressing_down,0.875,1,1.1484944492243327,0.7624087692430456,0.3860856799812872,42.0471,0.0,,,0.0,hysteresis supporting component
2026-08-07,2026-08-07_144756_980761_1_R2_C2_10,2,200.0,2.625,retracting,0.125,10,0.4765122493256394,0.19715491443646913,0.2792362649727561,-34.13525,1.0,3.1622776601683795,3.1622776601683795,0.00013290802764486976,hysteresis supporting component
2026-08-07,2026-08-07_144756_980761_1_R2_C2_10,2,200.0,2.625,retracting,0.375,10,0.6622812848836995,0.37025218846612035,0.2792362649727561,-6.98165,0.05,0.15811388300841897,3.162277660168379,6.645401382243488e-06,hysteresis supporting component
2026-08-07,2026-08-07_144756_980761_1_R2_C2_10,2,200.0,2.625,retracting,0.625,10,0.9068645454021036,0.6232821088139817,0.2792362649727561,8.695025,0.0,0.0,,0.0,hysteresis supporting component
2026-08-07,2026-08-07_144756_980761_1_R2_C2_10,2,200.0,2.625,retracting,0.875,10,1.218480929101345,0.9406419419578727,0.2792362649727561,-6.3488,27.5,86.96263565463043,3.1622776601683795,0.003654970760233918,hysteresis supporting component
2026-08-07,2026-08-07_144756_980761_1_R2_C2_10,2,200.0,2.625,retracting,1.125,6,1.3739951139994213,1.0606771002829398,0.3122669443228665,-3.0712,0.0,0.0,,0.0,hysteresis supporting component
2026-08-07,2026-08-07_144902_920168_1_R2_C3_10,2,200.0,3.5,pressing_down,0.125,10,0.41672887845084605,0.030787958890293593,0.3894280372497938,1.50875,0.0,0.0,,0.0,hysteresis supporting component
2026-08-07,2026-08-07_144902_920168_1_R2_C3_10,2,200.0,3.5,pressing_down,0.375,10,0.7600909878876336,0.3713236466611623,0.3894280372497938,6.254449999999999,0.0,0.0,,0.0,hysteresis supporting component
2026-08-07,2026-08-07_144902_920168_1_R2_C3_10,2,200.0,3.5,pressing_down,0.625,10,1.0129576055805436,0.6078771318213709,0.3894280372497938,8.5313,0.0,0.0,,0.0,hysteresis supporting component
2026-08-07,2026-08-07_144902_920168_1_R2_C3_10,2,200.0,3.5,pressing_down,0.875,10,1.2612983386560614,0.8700934363011851,0.3894280372497938,-8.9946,0.0,0.0,,0.0,hysteresis supporting component
2026-08-07,2026-08-07_144902_920168_1_R2_C3_10,2,200.0,3.5,pressing_down,1.125,10,1.5169122079342525,1.107249207132821,0.3894280372497938,-5.021699999999999,0.0,0.0,,0.0,hysteresis supporting component
2026-08-07,2026-08-07_144902_920168_1_R2_C3_10,2,200.0,3.5,pressing_down,1.375,7,1.7029782888075369,1.2998368126801232,0.3891865134522523,-23.3375,0.0,0.0,,0.0,hysteresis supporting component
2026-08-07,2026-08-07_144902_920168_1_R2_C3_10,2,200.0,3.5,retracting,0.125,10,0.5802839447088937,0.18545260928062113,0.3894280372497938,13.182675,0.0,0.0,,0.0,hysteresis supporting component
2026-08-07,2026-08-07_144902_920168_1_R2_C3_10,2,200.0,3.5,retracting,0.375,10,0.761144695477104,0.36788781265073756,0.3894280372497938,9.558250000000001,0.0,0.0,,0.0,hysteresis supporting component
2026-08-07,2026-08-07_144902_920168_1_R2_C3_10,2,200.0,3.5,retracting,0.625,10,1.0124726507063118,0.6253620961560523,0.3894280372497938,-6.605375,0.0,0.0,,0.0,hysteresis supporting component
2026-08-07,2026-08-07_144902_920168_1_R2_C3_10,2,200.0,3.5,retracting,0.875,10,1.256771225762272,0.8696606712120126,0.3894280372497938,-3.0992499999999996,0.0,0.0,,0.0,hysteresis supporting component
2026-08-07,2026-08-07_144902_920168_1_R2_C3_10,2,200.0,3.5,retracting,1.125,10,1.4985146045442168,1.1093559286496992,0.3894280372497938,-2.168775,0.0,0.0,,0.0,hysteresis supporting component
2026-08-07,2026-08-07_144902_920168_1_R2_C3_10,2,200.0,3.5,retracting,1.375,10,1.7424235830306316,1.3448093112954922,0.3894280372497938,8.0283,0.0,0.0,,0.0,hysteresis supporting component
2026-08-07,2026-08-07_144902_920168_1_R2_C3_10,2,200.0,3.5,retracting,1.625,10,2.041047191123103,1.6394141485124685,0.3894280372497938,6.904824999999999,0.0,0.0,,0.0,hysteresis supporting component
2026-08-07,2026-08-07_144902_920168_1_R2_C3_10,2,200.0,3.5,retracting,1.875,9,2.2883491534044125,1.9006459177378938,0.3896695610473353,7.9442,0.0,0.0,,0.0,hysteresis supporting component
2026-08-07,2026-08-07_145023_400029_1_R2_C4_10,2,400.0,1.75,pressing_down,0.125,10,0.41690834264804716,0.012038936414924623,0.4044394110494576,1.123275,0.0,0.0,,0.0,hysteresis supporting component
2026-08-07,2026-08-07_145023_400029_1_R2_C4_10,2,400.0,1.75,retracting,0.125,1,0.6324910836202648,0.23782285380815182,0.394668229812113,-19.8963,0.0,,,0.0,hysteresis supporting component
2026-08-07,2026-08-07_145023_400029_1_R2_C4_10,2,400.0,1.75,retracting,0.375,10,0.7750934038439363,0.3726777583096002,0.4044394110494576,3.4408000000000003,0.0,0.0,,0.0,hysteresis supporting component
2026-08-07,2026-08-07_145023_400029_1_R2_C4_10,2,400.0,1.75,retracting,0.625,10,0.9608843855820522,0.5546351677143948,0.4044394110494576,4.078449999999999,0.0,0.0,,0.0,hysteresis supporting component
2026-08-07,2026-08-07_145129_967571_1_R2_C5_10,2,400.0,2.625,pressing_down,0.125,10,0.3959416018654994,0.01464127776492452,0.38108572022096654,3.5786000000000002,0.0,0.0,,0.0,hysteresis supporting component
2026-08-07,2026-08-07_145129_967571_1_R2_C5_10,2,400.0,2.625,pressing_down,0.375,10,0.7348261579926237,0.3795658896356675,0.38108572022096654,-8.577774999999999,0.0,0.0,,0.0,hysteresis supporting component
2026-08-07,2026-08-07_145129_967571_1_R2_C5_10,2,400.0,2.625,pressing_down,0.625,5,0.8948780788577109,0.511982676232038,0.3864328287774301,34.383,0.0,0.0,,0.0,hysteresis supporting component
2026-08-07,2026-08-07_145129_967571_1_R2_C5_10,2,400.0,2.625,retracting,0.375,10,0.7418477174425508,0.3768716119183739,0.38108572022096654,-5.7587,0.0,0.0,,0.0,hysteresis supporting component
2026-08-07,2026-08-07_145129_967571_1_R2_C5_10,2,400.0,2.625,retracting,0.625,10,0.9937245517404332,0.6063120544821283,0.38108572022096654,-8.84275,1.55,4.901530373260988,3.1622776601683795,0.00020600744284954812,hysteresis supporting component
2026-08-07,2026-08-07_145129_967571_1_R2_C5_10,2,400.0,2.625,retracting,0.875,10,1.2941395405050926,0.9276744502729313,0.38108572022096654,5.4948,0.0,0.0,,0.0,hysteresis supporting component
2026-08-07,2026-08-07_145129_967571_1_R2_C5_10,2,400.0,2.625,retracting,1.125,8,1.4207134355839528,1.0355157046725276,0.3884802576615797,0.5632000000000001,3.6875,10.429825022501577,2.8284271247461903,0.0004900983519404573,hysteresis supporting component
2026-08-07,2026-08-07_145235_712747_1_R2_C6_10,2,400.0,3.5,pressing_down,0.125,10,0.34779417016066927,0.018351347783698374,0.3303175251402389,6.81305,0.0,0.0,,0.0,hysteresis supporting component
2026-08-07,2026-08-07_145235_712747_1_R2_C6_10,2,400.0,3.5,pressing_down,0.375,10,0.7095155457430586,0.36258450913564755,0.3303175251402389,-17.84345,0.0,0.0,,0.0,hysteresis supporting component
2026-08-07,2026-08-07_145235_712747_1_R2_C6_10,2,400.0,3.5,pressing_down,0.625,10,0.9341516625657734,0.5946187800613126,0.3303175251402389,14.9242,0.0,0.0,,0.0,hysteresis supporting component
2026-08-07,2026-08-07_145235_712747_1_R2_C6_10,2,400.0,3.5,pressing_down,0.875,10,1.2557509150700268,0.8856559450702479,0.3303175251402389,-13.28155,0.0,0.0,,0.0,hysteresis supporting component
2026-08-07,2026-08-07_145235_712747_1_R2_C6_10,2,400.0,3.5,pressing_down,1.125,2,1.4326400414082756,1.076750614938354,0.35588942646992167,12.918249999999999,0.0,0.0,,0.0,hysteresis supporting component
2026-08-07,2026-08-07_145235_712747_1_R2_C6_10,2,400.0,3.5,retracting,0.125,1,0.6751798083336918,0.2025768375710179,0.47260297076267394,-3.7053,0.0,,,0.0,hysteresis supporting component
2026-08-07,2026-08-07_145235_712747_1_R2_C6_10,2,400.0,3.5,retracting,0.375,10,0.7201616066645942,0.3907297875232164,0.3303175251402389,-16.813,0.0,0.0,,0.0,hysteresis supporting component
2026-08-07,2026-08-07_145235_712747_1_R2_C6_10,2,400.0,3.5,retracting,0.625,10,0.9558102125064636,0.6254926873662248,0.3303175251402389,-2.016949999999999,0.0,0.0,,0.0,hysteresis supporting component
2026-08-07,2026-08-07_145235_712747_1_R2_C6_10,2,400.0,3.5,retracting,0.875,9,1.2356223329779683,0.8934987510167174,0.33122781248375777,9.5903,0.0,0.0,,0.0,hysteresis supporting component
2026-08-07,2026-08-07_145235_712747_1_R2_C6_10,2,400.0,3.5,retracting,1.125,7,1.439593651805957,1.1083658393221993,0.32940723779672,-1.3823,0.0,0.0,,0.0,hysteresis supporting component
2026-08-07,2026-08-07_145235_712747_1_R2_C6_10,2,400.0,3.5,retracting,1.375,10,1.719576321678234,1.3517807454543964,0.3303175251402389,3.800525,0.0,0.0,,0.0,hysteresis supporting component
2026-08-07,2026-08-07_145235_712747_1_R2_C6_10,2,400.0,3.5,retracting,1.625,10,1.9900874362810084,1.6500868639301238,0.3303175251402389,20.654700000000002,18.6,58.81836447913186,3.162277660168379,0.0024720893141945773,hysteresis supporting component
2026-08-07,2026-08-07_145235_712747_1_R2_C6_10,2,400.0,3.5,retracting,1.875,8,2.145599262936993,1.8121502079224818,0.3303175251402389,8.5938,0.0,0.0,,0.0,hysteresis supporting component
2026-08-07,2026-08-07_145400_245009_1_R2_C7_10,2,600.0,1.75,pressing_down,0.125,10,0.4071210528058981,0.009767225759024889,0.3937010554445394,1.2227000000000001,0.0,0.0,,0.0,hysteresis supporting component
2026-08-07,2026-08-07_145400_245009_1_R2_C7_10,2,600.0,1.75,retracting,0.375,8,0.8165844491241612,0.42855990956529527,0.3937010554445394,-14.462699999999998,0.0,0.0,,0.0,hysteresis supporting component
2026-08-07,2026-08-07_145400_245009_1_R2_C7_10,2,600.0,1.75,retracting,0.625,10,1.009148117839874,0.6137656174015096,0.3937010554445394,10.712900000000001,0.0,0.0,,0.0,hysteresis supporting component
2026-08-07,2026-08-07_145458_654619_1_R2_C8_10,2,600.0,2.625,pressing_down,0.125,10,0.4465727218995674,0.011989555450781703,0.4332422896784833,3.7450750000000004,0.0,0.0,,0.0,hysteresis supporting component
2026-08-07,2026-08-07_145458_654619_1_R2_C8_10,2,600.0,2.625,pressing_down,0.375,10,0.7583536903436787,0.3239325239624731,0.4332422896784833,11.2013,0.0,0.0,,0.0,hysteresis supporting component
2026-08-07,2026-08-07_145458_654619_1_R2_C8_10,2,600.0,2.625,retracting,0.375,7,0.8883935757329358,0.4544268218399834,0.43214160115574585,-1.9206,0.0,0.0,,0.0,hysteresis supporting component
2026-08-07,2026-08-07_145458_654619_1_R2_C8_10,2,600.0,2.625,retracting,0.625,6,1.0331911236092153,0.5857480702519475,0.43339343509329564,9.53565,25.5,62.46198844097104,2.449489742783178,0.0033891547049441782,hysteresis supporting component
2026-08-07,2026-08-07_145458_654619_1_R2_C8_10,2,600.0,2.625,retracting,0.875,10,1.2923745427256064,0.8629062325631329,0.4332422896784833,-1.3467000000000011,0.0,0.0,,0.0,hysteresis supporting component
2026-08-07,2026-08-07_145458_654619_1_R2_C8_10,2,600.0,2.625,retracting,1.125,10,1.5702444931695707,1.1276547639685888,0.4332422896784833,-8.2827,0.0,0.0,,0.0,hysteresis supporting component
2026-08-07,2026-08-07_145458_654619_1_R2_C8_10,2,600.0,2.625,retracting,1.375,1,1.6836667604005864,1.2515251592448404,0.43214160115574585,-34.9801,0.0,,,0.0,hysteresis supporting component
2026-08-07,2026-08-07_145613_571627_1_R2_C9_10,2,600.0,3.5,pressing_down,0.125,10,0.5216234370365065,0.01748053405325159,0.5040584527066805,6.629,0.0,0.0,,0.0,hysteresis supporting component
2026-08-07,2026-08-07_145613_571627_1_R2_C9_10,2,600.0,3.5,pressing_down,0.375,10,0.8448266429488911,0.37168615226180723,0.5040584527066805,12.67595,27.5,71.98032138485259,2.617466232176458,0.003654970760233918,hysteresis supporting component
2026-08-07,2026-08-07_145613_571627_1_R2_C9_10,2,600.0,3.5,pressing_down,0.625,9,1.1145314469730605,0.6388328449828242,0.5017494602751702,-15.6061,0.0,0.0,,0.0,hysteresis supporting component
2026-08-07,2026-08-07_145613_571627_1_R2_C9_10,2,600.0,3.5,pressing_down,0.875,3,1.433219488378007,0.9431908931250315,0.5072493729449978,24.169,0.0,0.0,,0.0,hysteresis supporting component
2026-08-07,2026-08-07_145613_571627_1_R2_C9_10,2,600.0,3.5,pressing_down,1.125,1,1.5966683728586062,1.0348519778270624,0.5618163950315438,26.7842,0.0,,,0.0,hysteresis supporting component
2026-08-07,2026-08-07_145613_571627_1_R2_C9_10,2,600.0,3.5,retracting,0.375,4,0.9458298925494337,0.4581038319716097,0.4981980201955831,8.3598,0.0,0.0,,0.0,hysteresis supporting component
2026-08-07,2026-08-07_145613_571627_1_R2_C9_10,2,600.0,3.5,retracting,0.625,4,1.1597238116097182,0.6547480125862835,0.5077257553583485,-41.34225,0.0,0.0,,0.0,hysteresis supporting component
2026-08-07,2026-08-07_145613_571627_1_R2_C9_10,2,600.0,3.5,retracting,0.875,7,1.3056172656310383,0.8429008344577396,0.4900285952529755,11.4199,0.0,0.0,,0.0,hysteresis supporting component
2026-08-07,2026-08-07_145613_571627_1_R2_C9_10,2,600.0,3.5,retracting,1.125,6,1.5783318736109788,1.1264839854778423,0.504499416610084,-15.39625,0.0,0.0,,0.0,hysteresis supporting component
2026-08-07,2026-08-07_145613_571627_1_R2_C9_10,2,600.0,3.5,retracting,1.375,3,1.7864972724368535,1.3110304152028165,0.4900285952529755,10.1571,0.0,0.0,,0.0,hysteresis supporting component
2026-08-07,2026-08-07_145613_571627_1_R2_C9_10,2,600.0,3.5,retracting,1.625,7,2.096101920831796,1.6213223515361102,0.5063674451381908,15.6735,0.0,0.0,,0.0,hysteresis supporting component
2026-08-07,2026-08-07_145613_571627_1_R2_C9_10,2,600.0,3.5,retracting,1.875,10,2.4165639299250454,1.9259812012861721,0.5040584527066805,7.471675,2.65,8.380035799446205,3.16227766016838,0.00035220627325890485,hysteresis supporting component
2026-08-07,2026-08-07_145613_571627_1_R2_C9_10,2,600.0,3.5,retracting,2.125,8,2.6252358147362163,2.154550184134524,0.5040584527066805,9.504000000000001,0.0,0.0,,0.0,hysteresis supporting component
2026-08-07,2026-08-07_145613_571627_1_R2_C9_10,2,600.0,3.5,retracting,2.375,2,2.800186204678293,2.352836342196043,0.4473498624822503,3.8171750000000007,0.0,0.0,,0.0,hysteresis supporting component
2026-08-07,2026-08-07_145613_571627_1_R2_C9_10,2,600.0,3.5,retracting,2.625,1,3.067581479921734,2.5057650848901902,0.5618163950315438,10.8676,0.0,,,0.0,hysteresis supporting component
2026-08-07,2026-08-07_145838_520114_1_R1_C1_10,1,200.0,1.75,pressing_down,0.125,10,0.18206393368493834,0.018793106253227096,0.1600974735625108,11.562850000000001,670.55,347.408936909292,0.5180954990817866,0.09188133735269936,hysteresis supporting component
2026-08-07,2026-08-07_145838_520114_1_R1_C1_10,1,200.0,1.75,pressing_down,0.375,10,0.5056760812237198,0.3489066681751124,0.1600974735625108,-1.6516,755.1,346.48126452474554,0.4588548066808973,0.10346670320635791,hysteresis supporting component
2026-08-07,2026-08-07_145838_520114_1_R1_C1_10,1,200.0,1.75,retracting,0.125,10,0.3632504733127726,0.20461456184190105,0.1600974735625108,15.696575000000001,758.45,381.30408177434686,0.5027412245689852,0.10392573307755551,hysteresis supporting component
2026-08-07,2026-08-07_145838_520114_1_R1_C1_10,1,200.0,1.75,retracting,0.375,10,0.5408386418622477,0.3844610254550259,0.1600974735625108,-3.3687,642.25,414.8791825472942,0.6459777073527353,0.08800356261989586,hysteresis supporting component
2026-08-07,2026-08-07_145838_520114_1_R1_C1_10,1,200.0,1.75,retracting,0.625,10,0.7881920078477999,0.6243504968572822,0.1600974735625108,0.8972249999999999,655.65,412.93516103889993,0.6298103577196674,0.08983968210468621,hysteresis supporting component
2026-08-07,2026-08-07_145956_431473_1_R1_C2_10,1,200.0,2.625,pressing_down,0.125,10,0.16814052673135516,0.023017659356847575,0.14657546760078713,9.94965,1233.3,635.4234895808552,0.5152221597185236,0.1689915045217868,hysteresis supporting component
2026-08-07,2026-08-07_145956_431473_1_R1_C2_10,1,200.0,2.625,pressing_down,0.375,10,0.5086252418002071,0.3628939647672195,0.14657546760078713,10.044699999999999,1373.8,817.9089598889761,0.5953624689830952,0.1882433543436558,hysteresis supporting component
2026-08-07,2026-08-07_145956_431473_1_R1_C2_10,1,200.0,2.625,pressing_down,0.625,10,0.7673421229614508,0.6213724884071608,0.14657546760078713,0.8581000000000002,1146.9,822.5557326609141,0.7171991740002739,0.1571526445601535,hysteresis supporting component
2026-08-07,2026-08-07_145956_431473_1_R1_C2_10,1,200.0,2.625,pressing_down,0.875,2,0.9108684730610985,0.773432564719462,0.13743590834163652,33.846900000000005,1824.5,852.0636713297897,0.4670121520031733,0.25,hysteresis supporting component
2026-08-07,2026-08-07_145956_431473_1_R1_C2_10,1,200.0,2.625,retracting,0.125,9,0.3546192058230529,0.2108260907003206,0.14829872104540176,22.6192,1225.111111111111,472.5310689373886,0.38570466356217104,0.1678694315033038,hysteresis supporting component
2026-08-07,2026-08-07_145956_431473_1_R1_C2_10,1,200.0,2.625,retracting,0.375,10,0.5297974846067697,0.38164842024153833,0.14657546760078713,0.2553499999999995,1256.3,610.6943771005447,0.4861055298101924,0.17214305289120307,hysteresis supporting component
2026-08-07,2026-08-07_145956_431473_1_R1_C2_10,1,200.0,2.625,retracting,0.625,10,0.763873830215926,0.615123931064229,0.14657546760078713,-12.63255,1300.45,520.7675131743317,0.4004517768267382,0.17819265552206084,hysteresis supporting component
2026-08-07,2026-08-07_145956_431473_1_R1_C2_10,1,200.0,2.625,retracting,0.875,10,1.078560535718327,0.9388718244153557,0.14657546760078713,-11.873225,1006.75,408.4276931790443,0.4056892904683827,0.13794875308303645,hysteresis supporting component
2026-08-07,2026-08-07_145956_431473_1_R1_C2_10,1,200.0,2.625,retracting,1.125,2,1.1598909093735497,1.0224550010319131,0.13743590834163652,1.9834500000000013,867.5,485.78235867515815,0.5599796641788567,0.11886818306385312,hysteresis supporting component
2026-08-07,2026-08-07_150122_586242_1_R1_C3_10,1,200.0,3.5,pressing_down,0.125,10,0.16473248690486114,0.01985671714151057,0.1435690102274187,4.922025,927.65,354.28567020289023,0.38191739363217836,0.12711016716908743,hysteresis supporting component
2026-08-07,2026-08-07_150122_586242_1_R1_C3_10,1,200.0,3.5,pressing_down,0.375,10,0.5150470203671087,0.37554010178195835,0.1435690102274187,-3.7129,1155.95,258.467970291614,0.22359788078343698,0.15839271033159769,hysteresis supporting component
2026-08-07,2026-08-07_150122_586242_1_R1_C3_10,1,200.0,3.5,pressing_down,0.625,10,0.7832528030729609,0.6379331370863398,0.1435690102274187,7.914574999999999,1021.25,377.7786866819132,0.3699179306554842,0.1399355987941902,hysteresis supporting component
2026-08-07,2026-08-07_150122_586242_1_R1_C3_10,1,200.0,3.5,pressing_down,0.875,10,0.9944931933953339,0.8563368363775625,0.1435690102274187,-0.262775,956.4,379.5889443419903,0.3968935009849335,0.13104960263085777,hysteresis supporting component
2026-08-07,2026-08-07_150122_586242_1_R1_C3_10,1,200.0,3.5,pressing_down,1.125,8,1.2052683114684735,1.0630224661596273,0.14205352516809872,-0.30460000000000065,1149.5,378.0030234195035,0.328841255693348,0.15750890654973965,hysteresis supporting component
2026-08-07,2026-08-07_150122_586242_1_R1_C3_10,1,200.0,3.5,retracting,0.125,10,0.35358604061114857,0.20849449330275427,0.1435690102274187,10.11545,1088.3,351.71178225612204,0.3231753948875512,0.14912304741024937,hysteresis supporting component
2026-08-07,2026-08-07_150122_586242_1_R1_C3_10,1,200.0,3.5,retracting,0.375,10,0.5300106866501215,0.3885012827268277,0.1435690102274187,9.84205,1112.35,265.091394093098,0.238316531750886,0.15241847081392162,hysteresis supporting component
2026-08-07,2026-08-07_150122_586242_1_R1_C3_10,1,200.0,3.5,retracting,0.625,10,0.7576396952536892,0.6118232027555673,0.1435690102274187,-0.7611500000000002,874.65,203.74317302809328,0.2329425176105794,0.11984790353521513,hysteresis supporting component
2026-08-07,2026-08-07_150122_586242_1_R1_C3_10,1,200.0,3.5,retracting,0.875,10,1.0014811968738346,0.8639589384930917,0.1435690102274187,-2.7091,889.75,337.1826285560987,0.37896333639347984,0.121916963551658,hysteresis supporting component
2026-08-07,2026-08-07_150122_586242_1_R1_C3_10,1,200.0,3.5,retracting,1.125,10,1.26287602950998,1.1164956535960266,0.1435690102274187,11.31645,721.1,339.7719660138089,0.47118564140037283,0.09880789257330776,hysteresis supporting component
2026-08-07,2026-08-07_150122_586242_1_R1_C3_10,1,200.0,3.5,retracting,1.375,10,1.561109669409304,1.421419384967371,0.1435690102274187,-11.455,833.7,271.41043130694555,0.32554927588694443,0.11423677719923267,hysteresis supporting component
2026-08-07,2026-08-07_150122_586242_1_R1_C3_10,1,200.0,3.5,retracting,1.625,6,1.6612079217786877,1.5167484269073364,0.14445949487135165,-10.814350000000001,747.5833333333334,201.116736416109,0.26902249882881596,0.10243674065954143,hysteresis supporting component
2026-08-07,2026-08-07_150245_907207_1_R1_C4_10,1,400.0,1.75,pressing_down,0.125,10,0.1450645584514752,0.008543453033000817,0.13739473276609146,8.43665,807.2,342.12783510780815,0.42384518719996045,0.11060564538229652,hysteresis supporting component
2026-08-07,2026-08-07_150245_907207_1_R1_C4_10,1,400.0,1.75,retracting,0.375,10,0.5493824254164429,0.4114217161364185,0.13739473276609146,3.7230499999999997,472.5,385.7582720363161,0.8164196233572828,0.06474376541518224,hysteresis supporting component
2026-08-07,2026-08-07_150245_907207_1_R1_C4_10,1,400.0,1.75,retracting,0.625,10,0.730809113890625,0.5933608926398295,0.13739473276609146,0.535425,421.3,358.03593860579605,0.8498360754944125,0.05772814469717731,hysteresis supporting component
2026-08-07,2026-08-07_150348_209187_1_R1_C5_10,1,400.0,2.625,pressing_down,0.125,10,0.14971055385379756,0.013249097960035247,0.13663388831078638,4.9038,737.1,220.4922271242735,0.2991347539333517,0.1010002740476843,hysteresis supporting component
2026-08-07,2026-08-07_150348_209187_1_R1_C5_10,1,400.0,2.625,pressing_down,0.375,10,0.5162782867511426,0.37928729338008016,0.13663388831078638,-15.702774999999999,481.4,248.40421807118244,0.5160037766331168,0.0659632776103042,hysteresis supporting component
2026-08-07,2026-08-07_150348_209187_1_R1_C5_10,1,400.0,2.625,pressing_down,0.625,6,0.657447518652865,0.5218286158023808,0.13705759790174912,23.9197,481.6666666666667,257.5947722036817,0.5347988350249447,0.0659998173015438,hysteresis supporting component
2026-08-07,2026-08-07_150348_209187_1_R1_C5_10,1,400.0,2.625,retracting,0.375,10,0.5648129103603791,0.42808850004967913,0.13663388831078638,-6.197075,809.5,357.2653075796753,0.44134071350176074,0.11092080021923816,hysteresis supporting component
2026-08-07,2026-08-07_150348_209187_1_R1_C5_10,1,400.0,2.625,retracting,0.625,10,0.7749182023758603,0.6372065059064694,0.13663388831078638,5.1065,663.65,306.4207392531459,0.4617203936610351,0.09093587284187449,hysteresis supporting component
2026-08-07,2026-08-07_150348_209187_1_R1_C5_10,1,400.0,2.625,retracting,0.875,10,0.9836594082742474,0.84736554207846,0.13663388831078638,-5.926550000000001,367.9,286.87296840239236,0.7797580005501288,0.0504110715264456,hysteresis supporting component
2026-08-07,2026-08-07_150452_569537_1_R1_C6_10,1,400.0,3.5,pressing_down,0.125,10,0.17001755016455425,0.015899876448646363,0.15319269568628066,4.180499999999999,898.5,441.43736185833257,0.4913047989519561,0.12311592217045766,hysteresis supporting component
2026-08-07,2026-08-07_150452_569537_1_R1_C6_10,1,400.0,3.5,pressing_down,0.375,10,0.5252851618084562,0.38079309877324174,0.15319269568628066,26.195,664.55,434.34282734571167,0.653589387323319,0.09105919429980816,hysteresis supporting component
2026-08-07,2026-08-07_150452_569537_1_R1_C6_10,1,400.0,3.5,pressing_down,0.625,10,0.7605520832878115,0.6125333505961559,0.15319269568628066,8.532575,714.1,398.82492678144155,0.5585001075219739,0.09784872567826802,hysteresis supporting component
2026-08-07,2026-08-07_150452_569537_1_R1_C6_10,1,400.0,3.5,pressing_down,0.875,9,0.9621219652109227,0.8144791110682212,0.15169117203104476,-34.8366,451.77777777777777,426.2023515238324,0.9433893663832985,0.061904326908437626,hysteresis supporting component
2026-08-07,2026-08-07_150452_569537_1_R1_C6_10,1,400.0,3.5,retracting,0.375,10,0.5840645308102025,0.427340155834759,0.15319269568628066,-22.34825,817.85,332.25308710211993,0.4062518641586109,0.11206494930117841,hysteresis supporting component
2026-08-07,2026-08-07_150452_569537_1_R1_C6_10,1,400.0,3.5,retracting,0.625,10,0.7530207680251617,0.6031334454810438,0.15319269568628066,19.933525,737.5,413.4438696284338,0.5606018571233,0.10105508358454371,hysteresis supporting component
2026-08-07,2026-08-07_150452_569537_1_R1_C6_10,1,400.0,3.5,retracting,0.875,10,0.9777293452954918,0.8335347761497163,0.15319269568628066,-31.84785,814.55,294.57412291117646,0.36164032031327287,0.11161277062208823,hysteresis supporting component
2026-08-07,2026-08-07_150452_569537_1_R1_C6_10,1,400.0,3.5,retracting,1.125,10,1.2215564020358327,1.0700826420220768,0.15319269568628066,-10.092849999999999,667.7,547.5630963135156,0.8200735304980015,0.09149081940257604,hysteresis supporting component
2026-08-07,2026-08-07_150452_569537_1_R1_C6_10,1,400.0,3.5,retracting,1.375,10,1.5614999327304369,1.4203577276710004,0.15319269568628066,10.183050000000001,780.65,298.4841378625597,0.3823533438321395,0.10696766237325295,hysteresis supporting component
2026-08-07,2026-08-07_150452_569537_1_R1_C6_10,1,400.0,3.5,retracting,1.625,6,1.6836545737789046,1.5358450942277875,0.15480452549500845,6.8412250000000006,638.5833333333334,230.7753055824359,0.36138635873538183,0.08750114186535124,hysteresis supporting component
2026-08-07,2026-08-07_150600_763161_1_R1_C7_10,1,600.0,1.75,pressing_down,0.125,10,0.14487699079095656,0.007777889424514441,0.13655734827812593,6.530475,960.1,164.5464811062347,0.17138473190942055,0.13155659084680735,hysteresis supporting component
2026-08-07,2026-08-07_150600_763161_1_R1_C7_10,1,600.0,1.75,retracting,0.375,8,0.6042796346103874,0.4636472947365733,0.13655734827812593,-19.83355,967.0,512.5234489409102,0.5300139079016651,0.13250205535763224,hysteresis supporting component
2026-08-07,2026-08-07_150600_763161_1_R1_C7_10,1,600.0,1.75,retracting,0.625,10,0.7350449568997794,0.5975774710272728,0.13655734827812593,9.276150000000001,876.05,306.7853438843228,0.35019159167207675,0.12003973691422307,hysteresis supporting component
2026-08-07,2026-08-07_150706_349207_1_R1_C8_10,1,600.0,2.625,pressing_down,0.125,10,0.1545380936794788,0.010447174710694236,0.1416693271975857,0.6112000000000006,1204.4,477.7123030072016,0.3966392419521767,0.16503151548369416,hysteresis supporting component
2026-08-07,2026-08-07_150706_349207_1_R1_C8_10,1,600.0,2.625,pressing_down,0.375,10,0.5001484932787261,0.3601571337520951,0.1416693271975857,13.66675,955.7,366.45571204292736,0.38344220157259323,0.1309536859413538,hysteresis supporting component
2026-08-07,2026-08-07_150706_349207_1_R1_C8_10,1,600.0,2.625,retracting,0.375,6,0.5872892908748838,0.4540066731481536,0.1415498754144325,12.904499999999999,1185.3333333333333,552.8018330890977,0.4663682506375965,0.16241892756006213,hysteresis supporting component
2026-08-07,2026-08-07_150706_349207_1_R1_C8_10,1,600.0,2.625,retracting,0.625,10,0.7858841237004177,0.6436725991510603,0.1416693271975857,11.15565,957.5,649.9862391705775,0.6788368033113081,0.13120032885722116,hysteresis supporting component
2026-08-07,2026-08-07_150706_349207_1_R1_C8_10,1,600.0,2.625,retracting,0.875,10,0.9826300414122142,0.840321981897341,0.1416693271975857,0.718925,973.25,230.47791530739872,0.23681265379645383,0.1333584543710606,hysteresis supporting component
2026-08-07,2026-08-07_150828_746134_1_R1_C9_10,1,600.0,3.5,pressing_down,0.125,10,0.1596680224622539,0.015980707193741,0.1457868484920828,3.56455,1169.45,253.2968668929361,0.21659486672618417,0.16024253220060292,hysteresis supporting component
2026-08-07,2026-08-07_150828_746134_1_R1_C9_10,1,600.0,3.5,pressing_down,0.375,10,0.5525272411314912,0.40758248301137523,0.1457868484920828,6.479225,1140.9,701.6736262521042,0.6150176406802562,0.15633050150726227,hysteresis supporting component
2026-08-07,2026-08-07_150828_746134_1_R1_C9_10,1,600.0,3.5,pressing_down,0.625,10,0.816456344525269,0.672768319794044,0.1457868484920828,10.13355,1095.95,361.8807699597572,0.3301982480585402,0.1501712798026857,hysteresis supporting component
2026-08-07,2026-08-07_150828_746134_1_R1_C9_10,1,600.0,3.5,pressing_down,0.875,1,0.9164370657023212,0.7712410332447571,0.14519603245756404,-12.7908,712.0,,,0.0975609756097561,hysteresis supporting component
2026-08-07,2026-08-07_150828_746134_1_R1_C9_10,1,600.0,3.5,retracting,0.625,10,0.7294977277049115,0.5793450755467004,0.1457868484920828,4.163799999999999,1148.85,566.6241185006747,0.49320983461781326,0.1574198410523431,hysteresis supporting component
2026-08-07,2026-08-07_150828_746134_1_R1_C9_10,1,600.0,3.5,retracting,0.875,9,0.933146804275913,0.7891372894779924,0.14519603245756404,11.2266,1005.4444444444445,486.625140922433,0.48399008379952446,0.13776986084467588,hysteresis supporting component
2026-08-07,2026-08-07_150828_746134_1_R1_C9_10,1,600.0,3.5,retracting,1.125,10,1.2417276488666253,1.0934570295867707,0.1457868484920828,4.7728,829.0,434.0901084132443,0.5236310113549388,0.11359276514113456,hysteresis supporting component
2026-08-07,2026-08-07_150828_746134_1_R1_C9_10,1,600.0,3.5,retracting,1.375,10,1.582479521032718,1.436920065974086,0.1457868484920828,-0.9799,914.65,517.2429071529159,0.5655091096626206,0.12532885722115647,hysteresis supporting component
2026-08-07,2026-08-07_150828_746134_1_R1_C9_10,1,600.0,3.5,retracting,1.625,7,1.6916633739816302,1.53848827635484,0.14744663527652796,3.2875999999999994,977.2142857142857,381.76572846258927,0.39066736338544333,0.13390165603100654,hysteresis supporting component
