collection_day,session_id,roi,speed_mm_min,displacement_mm_abs,phase,cycles,median_frames,median_duration_s,mean_cycle_light_change,mean_cycle_force_change_N,mean_cycle_raw_force_change_N,mean_cycle_residual_light_end,mean_cycle_residual_force_end_N,median_cycle_force_zero_offset_N,median_internal_timing_correction_ms,evidence_role,claim_boundary
2026-08-06,2026-08-06_144254_451441_1_R1_C1,1,200.0,1.75,holding,20,8.0,0.4638119500000002,1851.25,0.2452324570767644,0.2452324570767644,26372.0,0.7052216398083024,-0.2721283619118957,4.483675,creep-related exploratory evidence,not constant-force creep and not independent no-contact evidence
2026-08-06,2026-08-06_144254_451441_1_R1_C1,1,200.0,1.75,inter_cycle_dwell,19,45.0,2.930803300000001,-714.1578947368421,-0.0843212237204836,-0.0843212237204836,24632.736842105263,0.002197150218896464,-0.2723296637673325,4.3109,creep-related exploratory evidence,not constant-force creep and not independent no-contact evidence
2026-08-06,2026-08-06_144909_491053_1_R1_C2,1,200.0,2.625,holding,20,7.0,0.4007248999999966,-1638.95,0.15753831094396178,0.15753831094396176,21601.05,1.0925440169627034,-0.0024307971442653,3.4103000000000003,creep-related exploratory evidence,not constant-force creep and not independent no-contact evidence
2026-08-06,2026-08-06_144909_491053_1_R1_C2,1,200.0,2.625,inter_cycle_dwell,19,45.0,2.933153399999995,-3209.4210526315787,-0.07730105144951177,-0.07730105144951177,24322.42105263158,0.003030947153827288,-0.0024749132411263,2.9239,creep-related exploratory evidence,not constant-force creep and not independent no-contact evidence
2026-08-06,2026-08-06_150913_693123_1_R1_C3,1,200.0,3.5,holding,20,8.0,0.46239274999999935,1664.2,0.8225834292092531,0.8225834292092531,24257.25,4.967405257169378,0.5380311922010348,0.9072749999999997,creep-related exploratory evidence,not constant-force creep and not independent no-contact evidence
2026-08-06,2026-08-06_150913_693123_1_R1_C3,1,200.0,3.5,inter_cycle_dwell,19,45.0,2.930796799999996,-3088.8947368421054,-0.04760288546970676,-0.04760288546970676,24895.473684210527,0.014338936851384937,0.5411197029982983,4.2892,creep-related exploratory evidence,not constant-force creep and not independent no-contact evidence
2026-08-06,2026-08-06_152926_414022_1_R1_C4,1,400.0,1.75,holding,20,7.0,0.4001786500000044,-2054.9,0.40684362345648595,0.40684362345648595,23877.3,0.8521334011951754,0.06965030426958038,4.829225,creep-related exploratory evidence,not constant-force creep and not independent no-contact evidence
2026-08-06,2026-08-06_152926_414022_1_R1_C4,1,400.0,1.75,inter_cycle_dwell,19,45.0,2.928716200000011,-2581.2105263157896,-0.34219873137442225,-0.34219873137442225,24361.526315789473,0.0059722069547869135,0.0705244064739582,5.8311,creep-related exploratory evidence,not constant-force creep and not independent no-contact evidence
2026-08-06,2026-08-06_154111_645036_1_R1_C5,1,400.0,2.625,holding,20,8.0,0.46400660000000116,1087.3,0.4728231893131758,0.4728231893131758,24491.3,1.380201950629799,0.07562097423703315,3.451575,creep-related exploratory evidence,not constant-force creep and not independent no-contact evidence
2026-08-06,2026-08-06_154111_645036_1_R1_C5,1,400.0,2.625,inter_cycle_dwell,19,45.0,2.9392755999999984,-1423.7894736842106,-0.3263162899878586,-0.3263162899878586,23478.63157894737,0.007892673595468596,0.0780584488926457,7.0996,creep-related exploratory evidence,not constant-force creep and not independent no-contact evidence
2026-08-06,2026-08-06_154622_006482_1_R1_C6,1,400.0,3.5,holding,20,8.0,0.461501099999996,-1075.75,0.8747960434620344,0.8747960434620344,23349.85,2.643221662101509,0.0984568465466994,5.318425,creep-related exploratory evidence,not constant-force creep and not independent no-contact evidence
2026-08-06,2026-08-06_154622_006482_1_R1_C6,1,400.0,3.5,inter_cycle_dwell,19,45.0,2.9283070000000038,-3396.0,-0.25684609023595445,-0.25684609023595445,23801.894736842107,0.014577322556973438,0.0996395641268542,6.4947,creep-related exploratory evidence,not constant-force creep and not independent no-contact evidence
2026-08-06,2026-08-06_155251_338554_1_R1_C7,1,600.0,1.75,holding,20,8.0,0.46096300000000134,2267.8,0.49369842184760254,0.49369842184760254,26255.15,0.8478710393737667,0.055105207437694474,1.2391750000000004,creep-related exploratory evidence,not constant-force creep and not independent no-contact evidence
2026-08-06,2026-08-06_155251_338554_1_R1_C7,1,600.0,1.75,inter_cycle_dwell,19,45.0,2.9426168999999973,-1584.4736842105262,-0.4381000163029893,-0.4381000163029893,24162.473684210527,0.0074901023188887065,0.05577606409566985,7.53,creep-related exploratory evidence,not constant-force creep and not independent no-contact evidence
2026-08-06,2026-08-06_155959_900105_1_R1_C8,1,600.0,2.625,holding,20,7.0,0.39990514999999505,673.6,0.6264069826715186,0.6264069826715186,25101.45,1.527675680152667,0.185567076609726,1.9082,creep-related exploratory evidence,not constant-force creep and not independent no-contact evidence
2026-08-06,2026-08-06_155959_900105_1_R1_C8,1,600.0,2.625,inter_cycle_dwell,19,45.0,2.928260300000005,-3195.3684210526317,-0.43654059568870723,-0.43654059568870723,23770.842105263157,0.01409047626816999,0.1856800559272766,8.3184,creep-related exploratory evidence,not constant-force creep and not independent no-contact evidence
2026-08-06,2026-08-06_160455_512944_1_R1_C9,1,600.0,3.5,holding,20,7.0,0.4142743999999965,-119.2,1.1697250410727174,1.1697250410727174,24758.25,2.6865040113694496,0.048041492347030354,8.67525,creep-related exploratory evidence,not constant-force creep and not independent no-contact evidence
2026-08-06,2026-08-06_160455_512944_1_R1_C9,1,600.0,3.5,inter_cycle_dwell,19,45.0,2.942295699999999,-1823.6842105263158,-0.349753947121297,-0.349753947121297,26660.63157894737,0.011657887172289045,0.0485188941172976,-3.289,creep-related exploratory evidence,not constant-force creep and not independent no-contact evidence
2026-08-06,2026-08-06_164216_084997_1_R2_C1,2,200.0,1.75,holding,20,7.0,0.3999227999999979,1423.85,0.1499245163129903,0.1499245163129903,25928.2,0.6998574677964735,0.0124386817511704,0.40844999999999987,creep-related exploratory evidence,not constant-force creep and not independent no-contact evidence
2026-08-06,2026-08-06_164216_084997_1_R2_C1,2,200.0,1.75,inter_cycle_dwell,19,45.0,2.9303077999999942,-468.8421052631579,-0.10253817633601853,-0.10253817633601853,23437.473684210527,0.006806452504827098,0.0118567543051925,11.2225,creep-related exploratory evidence,not constant-force creep and not independent no-contact evidence
2026-08-06,2026-08-06_165107_056573_1_R2_C2,2,200.0,2.625,holding,20,8.0,0.45615354999999935,-960.05,0.1830632027333708,0.1830632027333708,21882.8,1.1284479690573606,0.02021123866817935,1.6206750000000003,creep-related exploratory evidence,not constant-force creep and not independent no-contact evidence
2026-08-06,2026-08-06_165107_056573_1_R2_C2,2,200.0,2.625,inter_cycle_dwell,19,45.0,2.9371044000000026,313.05263157894734,-0.10438213471463828,-0.10438213471463828,24172.78947368421,0.006969465892839825,0.0234052911631151,12.3494,creep-related exploratory evidence,not constant-force creep and not independent no-contact evidence
2026-08-06,2026-08-06_165621_343986_1_R2_C3,2,200.0,3.5,holding,20,8.0,0.46294599999999875,-1615.65,0.27749319891198365,0.27749319891198365,23255.15,1.6663796065411578,0.0127003585457266,3.542975,creep-related exploratory evidence,not constant-force creep and not independent no-contact evidence
2026-08-06,2026-08-06_165621_343986_1_R2_C3,2,200.0,3.5,inter_cycle_dwell,19,45.0,2.934113,1904.8947368421052,-0.07517310925188593,-0.07517310925188593,27907.263157894737,0.006911949318071253,0.0125170092321262,12.8738,creep-related exploratory evidence,not constant-force creep and not independent no-contact evidence
2026-08-06,2026-08-06_170218_140499_1_R2_C4,2,400.0,1.75,holding,20,8.0,0.45571945000000014,677.95,0.3308183817556651,0.3308183817556651,26573.55,0.7004551378422089,0.0355261441164853,3.2191249999999996,creep-related exploratory evidence,not constant-force creep and not independent no-contact evidence
2026-08-06,2026-08-06_170218_140499_1_R2_C4,2,400.0,1.75,inter_cycle_dwell,19,45.0,2.9327598999999935,86.05263157894737,-0.23919695760480142,-0.23919695760480136,29048.684210526317,0.003187601662018608,0.0357816653700418,13.2392,creep-related exploratory evidence,not constant-force creep and not independent no-contact evidence
2026-08-06,2026-08-06_170518_492336_1_R2_C5,2,400.0,2.625,holding,20,7.0,0.4002735499999961,-835.0,0.29026603148352015,0.2902660314835202,24080.2,1.051574446606121,0.031824303912686,-6.21735,creep-related exploratory evidence,not constant-force creep and not independent no-contact evidence
2026-08-06,2026-08-06_170518_492336_1_R2_C5,2,400.0,2.625,inter_cycle_dwell,19,45.0,2.9282752000000016,-2396.2105263157896,-0.27581770940216804,-0.27581770940216804,23140.36842105263,0.005845787950413251,0.0324361192650228,13.8439,creep-related exploratory evidence,not constant-force creep and not independent no-contact evidence
2026-08-06,2026-08-06_170819_549765_1_R2_C6,2,400.0,3.5,holding,20,7.0,0.4104404999999929,-1066.4,0.548414104612738,0.548414104612738,22607.4,1.8376635061449256,0.03886846841745715,14.011099999999999,creep-related exploratory evidence,not constant-force creep and not independent no-contact evidence
2026-08-06,2026-08-06_170819_549765_1_R2_C6,2,400.0,3.5,inter_cycle_dwell,19,45.0,2.9361919999999984,779.2105263157895,-0.25593696616105654,-0.25593696616105654,29307.052631578947,0.007224384041422831,0.037182008212301595,6.6653,creep-related exploratory evidence,not constant-force creep and not independent no-contact evidence
2026-08-06,2026-08-06_171152_415386_1_R2_C7,2,600.0,1.75,holding,20,7.0,0.40904594999999866,4988.3,0.40046623763280687,0.40046623763280687,27431.95,0.693129384117936,0.0261865504584326,7.7559000000000005,creep-related exploratory evidence,not constant-force creep and not independent no-contact evidence
2026-08-06,2026-08-06_171152_415386_1_R2_C7,2,600.0,1.75,inter_cycle_dwell,19,45.0,2.9281167000000003,1564.4736842105262,-0.3458325500751879,-0.3458325500751879,24294.42105263158,0.003608570023063552,0.0263542119302861,14.0292,creep-related exploratory evidence,not constant-force creep and not independent no-contact evidence
2026-08-06,2026-08-06_171440_920025_1_R2_C8,2,600.0,2.625,holding,20,7.5,0.4291109999999918,-375.3,0.42294653598313053,0.42294653598313053,26415.85,0.939934448138788,-0.0499716126878929,3.8423000000000003,creep-related exploratory evidence,not constant-force creep and not independent no-contact evidence
2026-08-06,2026-08-06_171440_920025_1_R2_C8,2,600.0,2.625,inter_cycle_dwell,19,30.0,1.9359376000000026,-4844.1578947368425,-0.3030604448847634,-0.3030604448847634,24477.315789473683,0.0013855074073263146,-0.04970012433993845,14.457650000000001,creep-related exploratory evidence,not constant-force creep and not independent no-contact evidence
2026-08-06,2026-08-06_171648_486143_1_R2_C9,2,600.0,3.5,holding,20,7.0,0.40438860000000076,-2297.8,0.6121253742002369,0.6121253742002369,24164.8,1.619702745919128,-0.005706796563992575,7.175575,creep-related exploratory evidence,not constant-force creep and not independent no-contact evidence
2026-08-06,2026-08-06_171648_486143_1_R2_C9,2,600.0,3.5,inter_cycle_dwell,19,30.0,1.9358568000000007,-715.2105263157895,-0.3374761212333293,-0.33747612123332926,27691.63157894737,0.007193010051720722,-0.005734382673654,6.9514000000000005,creep-related exploratory evidence,not constant-force creep and not independent no-contact evidence
2026-08-06,2026-08-06_173509_505304_1_R3_C1,3,200.0,1.75,holding,20,8.0,0.46028015000000444,-852.9,0.18698383708664973,0.18698383708664973,19694.15,0.6018352561928209,-0.05920033347586377,16.470125,creep-related exploratory evidence,not constant-force creep and not independent no-contact evidence
2026-08-06,2026-08-06_173509_505304_1_R3_C1,3,200.0,1.75,inter_cycle_dwell,19,30.0,1.9358863,-1907.8947368421052,-0.06034983812615877,-0.06034983812615877,20254.105263157893,0.006442108131889464,-0.05916046018883535,8.19935,creep-related exploratory evidence,not constant-force creep and not independent no-contact evidence
2026-08-06,2026-08-06_173802_716278_1_R3_C2,3,200.0,2.625,holding,20,8.0,0.4530448500000013,450.95,0.2834966245743221,0.2834966245743221,20243.45,1.3950737870406242,0.027918683768976577,16.53215,creep-related exploratory evidence,not constant-force creep and not independent no-contact evidence
2026-08-06,2026-08-06_173802_716278_1_R3_C2,3,200.0,2.625,inter_cycle_dwell,19,30.0,1.935307899999998,59.526315789473685,-0.0881823420754923,-0.0881823420754923,20245.0,0.011085232977247362,0.02792106230781755,8.209000000000001,creep-related exploratory evidence,not constant-force creep and not independent no-contact evidence
2026-08-06,2026-08-06_174053_419889_1_R3_C3,3,200.0,3.5,holding,20,7.0,0.41335694999999895,219.95,0.2605752223081528,0.2605752223081527,19824.7,2.01304059371639,-0.031616607595394176,-0.43474999999999997,creep-related exploratory evidence,not constant-force creep and not independent no-contact evidence
2026-08-06,2026-08-06_174053_419889_1_R3_C3,3,200.0,3.5,inter_cycle_dwell,19,30.0,1.9358600999999993,362.4736842105263,-0.0699079023972756,-0.0699079023972756,20406.42105263158,0.008110273547726735,-0.0302629588072333,8.371500000000001,creep-related exploratory evidence,not constant-force creep and not independent no-contact evidence
2026-08-06,2026-08-06_174715_654572_1_R3_C4,3,400.0,1.75,holding,20,7.0,0.40856029999999866,388.35,0.4614627543872209,0.4614627543872209,20432.05,0.9079639825425344,0.0504086368435148,17.543599999999998,creep-related exploratory evidence,not constant-force creep and not independent no-contact evidence
2026-08-06,2026-08-06_174715_654572_1_R3_C4,3,400.0,1.75,inter_cycle_dwell,19,30.0,1.9350297000000012,-1731.7368421052631,-0.3378454337145273,-0.3378454337145273,22174.105263157893,0.006866291767192723,0.049588564596763,17.5441,creep-related exploratory evidence,not constant-force creep and not independent no-contact evidence
2026-08-06,2026-08-06_174942_221340_1_R3_C5,3,400.0,2.625,holding,20,8.0,0.4638503000000007,1391.8,0.5108719311519974,0.5108719311519972,20208.7,1.4373628518841595,0.029025099053933575,5.619375,creep-related exploratory evidence,not constant-force creep and not independent no-contact evidence
2026-08-06,2026-08-06_174942_221340_1_R3_C5,3,400.0,2.625,inter_cycle_dwell,19,30.0,1.9360856999999996,-1729.7368421052631,-0.2878298753408,-0.28782987534080007,19628.315789473683,0.009020871953999686,0.0294290501854092,9.090449999999999,creep-related exploratory evidence,not constant-force creep and not independent no-contact evidence
2026-08-06,2026-08-06_185641_699282_1_R3_C6,3,400.0,3.5,holding,20,7.0,0.401117499999998,-526.25,0.48856276907690577,0.48856276907690577,14922.8,1.7118634127679684,-0.02131230597189045,-0.44575,creep-related exploratory evidence,not constant-force creep and not independent no-contact evidence
2026-08-06,2026-08-06_185641_699282_1_R3_C6,3,400.0,3.5,inter_cycle_dwell,19,45.0,2.943518600000001,-90.78947368421052,-0.17130377739081104,-0.17130377739081104,15182.631578947368,-0.0011678535822523418,-0.0213096605449274,2.3548,creep-related exploratory evidence,not constant-force creep and not independent no-contact evidence
2026-08-06,2026-08-06_185929_681648_1_R3_C7,3,600.0,1.75,holding,20,7.0,0.40035609999999977,601.2,0.3962189822611629,0.3962189822611629,15713.95,0.5131325239202157,-0.0260668890450635,0.8355499999999998,creep-related exploratory evidence,not constant-force creep and not independent no-contact evidence
2026-08-06,2026-08-06_185929_681648_1_R3_C7,3,600.0,1.75,inter_cycle_dwell,19,30.0,1.935887099999995,43.26315789473684,-0.22447201399719277,-0.22447201399719277,16209.842105263158,-0.0008505288595398759,-0.0260667166527975,2.67105,creep-related exploratory evidence,not constant-force creep and not independent no-contact evidence
2026-08-06,2026-08-06_190205_982848_1_R3_C8,3,600.0,2.625,holding,20,7.0,0.399972800000004,395.55,0.5248216782313786,0.5248216782313786,15801.95,0.8768133734964338,-0.04120184635883955,-3.928925,creep-related exploratory evidence,not constant-force creep and not independent no-contact evidence
2026-08-06,2026-08-06_190205_982848_1_R3_C8,3,600.0,2.625,inter_cycle_dwell,19,45.0,2.9416140000000013,181.94736842105263,-0.14663292220793547,-0.14663292220793547,16332.105263157895,-0.0007587385069862359,-0.0411730219652448,3.2528,creep-related exploratory evidence,not constant-force creep and not independent no-contact evidence
2026-08-06,2026-08-06_190724_390600_1_R3_C9,3,600.0,3.5,holding,20,7.5,0.4324236999999984,-204.15,0.6620896831835247,0.6620896831835247,15562.1,1.4170693102480336,-0.024548333698895322,0.17452499999999993,creep-related exploratory evidence,not constant-force creep and not independent no-contact evidence
2026-08-06,2026-08-06_190724_390600_1_R3_C9,3,600.0,3.5,inter_cycle_dwell,19,30.0,1.935933900000002,-18.42105263157895,-0.14051164238352354,-0.14051164238352354,15472.157894736842,-0.0013841211178103555,-0.02453615458812435,3.41315,creep-related exploratory evidence,not constant-force creep and not independent no-contact evidence
2026-08-06,2026-08-06_191115_902071_1_R4_C1,4,200.0,1.75,holding,20,8.0,0.46391700000000213,146.7,0.2540398390393999,0.2540398390393999,14367.75,0.637542633702885,-0.017712712826680476,-0.36615,creep-related exploratory evidence,not constant-force creep and not independent no-contact evidence
2026-08-06,2026-08-06_191115_902071_1_R4_C1,4,200.0,1.75,inter_cycle_dwell,19,30.0,1.9359945999999937,1763.421052631579,-0.027538839786893293,-0.027538839786893293,15543.0,-0.00047627504989721534,-0.017610912190461,-0.8025500000000001,creep-related exploratory evidence,not constant-force creep and not independent no-contact evidence
2026-08-06,2026-08-06_191358_881488_1_R4_C2,4,200.0,2.625,holding,20,7.0,0.4003775999999988,-209.8,0.17987461352263392,0.17987461352263392,14848.95,0.8698807898688294,-0.010383489489656277,0.3796999999999999,creep-related exploratory evidence,not constant-force creep and not independent no-contact evidence
2026-08-06,2026-08-06_191358_881488_1_R4_C2,4,200.0,2.625,inter_cycle_dwell,19,30.0,1.9360174999999997,-917.578947368421,-0.0034807583107204208,-0.0034807583107204208,15375.0,-0.0006488116421223024,-0.0103527860379882,3.8623000000000003,creep-related exploratory evidence,not constant-force creep and not independent no-contact evidence
2026-08-06,2026-08-06_192118_888808_1_R4_C3,4,200.0,3.5,holding,20,8.0,0.46165969999999934,159.2,0.4434195575061465,0.4434195575061465,14026.6,2.097210739709187,0.002461568307381975,3.6981,creep-related exploratory evidence,not constant-force creep and not independent no-contact evidence
2026-08-06,2026-08-06_192118_888808_1_R4_C3,4,200.0,3.5,inter_cycle_dwell,19,45.0,2.9280654000000013,-964.0,-0.025719314746052546,-0.025719314746052546,14877.052631578947,0.0012774930702467125,0.00252888909927275,4.8087,creep-related exploratory evidence,not constant-force creep and not independent no-contact evidence
2026-08-06,2026-08-06_192659_980626_1_R4_C4,4,400.0,1.75,holding,20,8.0,0.4638688500000008,-96.65,0.4210720418327111,0.4210720418327111,14602.5,0.6124271815448008,-0.012991165193833424,0.5615500000000004,creep-related exploratory evidence,not constant-force creep and not independent no-contact evidence
2026-08-06,2026-08-06_192659_980626_1_R4_C4,4,400.0,1.75,inter_cycle_dwell,19,30.0,1.9360104000000007,-240.10526315789474,-0.1486824991337544,-0.1486824991337544,15836.947368421053,-0.0006923281442609844,-0.012968588442854,-0.6634000000000002,creep-related exploratory evidence,not constant-force creep and not independent no-contact evidence
2026-08-06,2026-08-06_192914_525462_1_R4_C5,4,400.0,2.625,holding,20,7.0,0.4009712000000025,-73.2,0.3953472777375758,0.3953472777375758,14905.15,1.0962500218479645,-0.028403687767611402,5.14515,creep-related exploratory evidence,not constant-force creep and not independent no-contact evidence
2026-08-06,2026-08-06_192914_525462_1_R4_C5,4,400.0,2.625,inter_cycle_dwell,19,45.0,2.9437745000000035,585.3684210526316,-0.1516517276152764,-0.1516517276152764,16452.263157894737,-0.000423682879491979,-0.0284004137908952,5.4668,creep-related exploratory evidence,not constant-force creep and not independent no-contact evidence
2026-08-06,2026-08-06_193335_273481_1_R4_C6,4,400.0,3.5,holding,20,7.0,0.4000317000000031,-792.7,0.6250363218330167,0.6250363218330166,13493.9,1.9306357049146292,-0.015449422335702949,-1.74555,creep-related exploratory evidence,not constant-force creep and not independent no-contact evidence
2026-08-06,2026-08-06_193335_273481_1_R4_C6,4,400.0,3.5,inter_cycle_dwell,19,45.0,2.9305109000000016,605.1578947368421,-0.1456828195353813,-0.1456828195353813,15776.105263157895,-0.0008636410639038,-0.0154033562023135,5.8742,creep-related exploratory evidence,not constant-force creep and not independent no-contact evidence
2026-08-06,2026-08-06_193621_292128_1_R4_C7,4,600.0,1.75,holding,20,8.0,0.4632191499999969,599.8,0.4340345467415463,0.4340345467415463,14889.6,0.5430802659258093,-0.02804707243880565,3.24525,creep-related exploratory evidence,not constant-force creep and not independent no-contact evidence
2026-08-06,2026-08-06_193621_292128_1_R4_C7,4,600.0,1.75,inter_cycle_dwell,19,30.0,1.9360530000000011,672.8421052631579,-0.239864171033801,-0.239864171033801,16006.473684210527,-0.0004847480454902053,-0.0279187688784973,5.77135,creep-related exploratory evidence,not constant-force creep and not independent no-contact evidence
2026-08-06,2026-08-06_194249_708059_1_R4_C8,4,600.0,2.625,holding,20,7.0,0.4091659499999949,597.3,0.5234257998776284,0.5234257998776284,15275.35,0.9324722229004607,-0.020332589553811703,8.205725000000001,creep-related exploratory evidence,not constant-force creep and not independent no-contact evidence
2026-08-06,2026-08-06_194249_708059_1_R4_C8,4,600.0,2.625,inter_cycle_dwell,19,45.0,2.928758700000003,363.42105263157896,-0.1631271969021272,-0.1631271969021272,16280.894736842105,-0.0006399686477271079,-0.0200870832637475,6.5573,creep-related exploratory evidence,not constant-force creep and not independent no-contact evidence
2026-08-06,2026-08-06_194530_798719_1_R4_C9,4,600.0,3.5,holding,20,7.0,0.4009510500000002,-571.15,0.6494447366431617,0.6494447366431617,14113.05,1.4944065196459975,-0.0116180760744072,6.5389,creep-related exploratory evidence,not constant-force creep and not independent no-contact evidence
2026-08-06,2026-08-06_194530_798719_1_R4_C9,4,600.0,3.5,inter_cycle_dwell,19,30.0,1.9358724,-338.2631578947368,-0.14491670256103142,-0.14491670256103142,14837.947368421053,-0.0007832717502739766,-0.0114951546133425,2.8478000000000003,creep-related exploratory evidence,not constant-force creep and not independent no-contact evidence
2026-08-06,2026-08-06_194830_490665_1_R5_C1,5,200.0,1.75,holding,20,7.5,0.43407554999999576,-429.2,0.0633669945065202,0.0633669945065202,17486.2,0.0662463571358717,-0.05196833400027723,7.046799999999999,creep-related exploratory evidence,not constant-force creep and not independent no-contact evidence
2026-08-06,2026-08-06_194830_490665_1_R5_C1,5,200.0,1.75,inter_cycle_dwell,19,30.0,1.936084600000001,553.9473684210526,-0.0004809009397204584,-0.0004809009397204584,17813.894736842107,-0.00012474082509326127,-0.05196684111567925,6.8141,creep-related exploratory evidence,not constant-force creep and not independent no-contact evidence
2026-08-06,2026-08-06_195131_049166_1_R5_C2,5,200.0,2.625,holding,20,8.0,0.4639175999999985,-159.15,0.22669411428157304,0.22669411428157304,16153.55,0.6346644287823399,-0.030488927786318724,1.6929999999999998,creep-related exploratory evidence,not constant-force creep and not independent no-contact evidence
2026-08-06,2026-08-06_195131_049166_1_R5_C2,5,200.0,2.625,inter_cycle_dwell,19,30.0,1.936101200000003,843.5263157894736,-0.0024436431579014156,-0.0024436431579014156,16739.315789473683,-0.0006798550620939507,-0.0304724101124006,7.19455,creep-related exploratory evidence,not constant-force creep and not independent no-contact evidence
2026-08-06,2026-08-06_195403_454504_1_R5_C3,5,200.0,3.5,holding,20,7.0,0.4038717000000034,389.0,0.13491862784901712,0.13491862784901712,16807.5,0.9451268845282156,-0.031008872770131726,-3.0547999999999997,creep-related exploratory evidence,not constant-force creep and not independent no-contact evidence
2026-08-06,2026-08-06_195403_454504_1_R5_C3,5,200.0,3.5,inter_cycle_dwell,19,30.0,1.935986899999989,-403.4736842105263,-0.002197693579373111,-0.002197693579373111,17547.526315789473,-0.0008137221194736899,-0.0310049946814249,3.8299,creep-related exploratory evidence,not constant-force creep and not independent no-contact evidence
2026-08-06,2026-08-06_195745_434078_1_R5_C4,5,400.0,1.75,holding,20,8.0,0.46309504999999973,396.75,0.21160192506522973,0.21160192506522973,17076.4,0.23360701067654813,-0.044385327935906105,5.654775,creep-related exploratory evidence,not constant-force creep and not independent no-contact evidence
2026-08-06,2026-08-06_195745_434078_1_R5_C4,5,400.0,1.75,inter_cycle_dwell,19,30.0,1.9360990999999999,103.26315789473684,-0.021941083540502563,-0.021941083540502563,18132.157894736843,-0.0005413726168573482,-0.0443780087408838,7.82695,creep-related exploratory evidence,not constant-force creep and not independent no-contact evidence
2026-08-06,2026-08-06_200232_791572_1_R5_C5,5,400.0,2.625,holding,20,8.0,0.4634390500000012,-622.45,0.3705244401886686,0.3705244401886686,15813.05,0.462004638559788,0.00162819577846655,-2.69825,creep-related exploratory evidence,not constant-force creep and not independent no-contact evidence
2026-08-06,2026-08-06_200232_791572_1_R5_C5,5,400.0,2.625,inter_cycle_dwell,19,45.0,2.943730499999994,-37.26315789473684,-0.008266079113524932,-0.008266079113524932,17117.63157894737,-0.00034613308695469994,0.0016393286030914,7.9809,creep-related exploratory evidence,not constant-force creep and not independent no-contact evidence
2026-08-06,2026-08-06_200455_454425_1_R5_C6,5,400.0,3.5,holding,20,7.0,0.4107610000000008,1236.05,0.3731449934743935,0.3731449934743935,17392.85,0.8443446644125681,0.017773532081806202,8.05165,creep-related exploratory evidence,not constant-force creep and not independent no-contact evidence
2026-08-06,2026-08-06_200455_454425_1_R5_C6,5,400.0,3.5,inter_cycle_dwell,19,45.0,2.9384311000000025,-385.6842105263158,-0.0032770525237662894,-0.0032770525237662894,16670.315789473683,-0.0006058260162695684,0.0178771359269238,7.5919,creep-related exploratory evidence,not constant-force creep and not independent no-contact evidence
2026-08-06,2026-08-06_201033_905050_1_R5_C7,5,600.0,1.75,holding,20,7.5,0.4322211999999994,330.8,0.10769753903821111,0.10769753903821111,17289.55,0.11769667867435415,0.008383106082811976,1.463975,creep-related exploratory evidence,not constant-force creep and not independent no-contact evidence
2026-08-06,2026-08-06_201033_905050_1_R5_C7,5,600.0,1.75,inter_cycle_dwell,19,30.0,1.935854899999999,351.6842105263158,-0.039611077183639244,-0.039611077183639244,17493.21052631579,-3.169511244484482e-05,0.008379428444722,8.8971,creep-related exploratory evidence,not constant-force creep and not independent no-contact evidence
2026-08-06,2026-08-06_201304_772051_1_R5_C8,5,600.0,2.625,holding,20,8.0,0.45657725000000227,-371.55,0.43474029265881586,0.43474029265881586,18114.15,0.5416599148046239,0.021303173625108324,2.1573,creep-related exploratory evidence,not constant-force creep and not independent no-contact evidence
2026-08-06,2026-08-06_201304_772051_1_R5_C8,5,600.0,2.625,inter_cycle_dwell,19,30.0,1.9359791999999985,279.7368421052632,-0.08877966405728162,-0.08877966405728162,18137.052631578947,-0.0003415927447389898,0.021350270858609847,3.5793,creep-related exploratory evidence,not constant-force creep and not independent no-contact evidence
2026-08-06,2026-08-06_202208_781184_1_R5_C9,5,600.0,3.5,holding,20,7.0,0.4002847499999991,1920.4,0.6547333291414386,0.6547333291414386,17983.95,1.8935828434847353,0.09304563971839712,9.2544,creep-related exploratory evidence,not constant-force creep and not independent no-contact evidence
2026-08-06,2026-08-06_202208_781184_1_R5_C9,5,600.0,3.5,inter_cycle_dwell,19,30.0,1.9359710999999962,-351.7894736842105,-0.3469946051251769,-0.3469946051251769,16933.526315789473,0.008761495821746035,0.10106655149227414,4.50065,creep-related exploratory evidence,not constant-force creep and not independent no-contact evidence
2026-08-06,2026-08-06_202937_503280_1_R6_C1,6,200.0,1.75,holding,20,8.0,0.4599037499999987,509.15,0.25331822744962784,0.25331822744962784,15505.4,0.8549201227353876,0.4521261921814286,9.9543,creep-related exploratory evidence,not constant-force creep and not independent no-contact evidence
2026-08-06,2026-08-06_202937_503280_1_R6_C1,6,200.0,1.75,inter_cycle_dwell,19,30.0,1.9359096999999963,535.7368421052631,-0.1572133938152498,-0.1572133938152498,15882.684210526315,0.009014983556334524,0.4561770602250556,-3.6465000000000005,creep-related exploratory evidence,not constant-force creep and not independent no-contact evidence
2026-08-06,2026-08-06_203241_232640_1_R6_C2,6,200.0,2.625,holding,20,7.5,0.4366667000000022,114.7,0.2585920374573964,0.2585920374573964,14837.25,1.349670134654,0.35142834960622055,10.626850000000001,creep-related exploratory evidence,not constant-force creep and not independent no-contact evidence
2026-08-06,2026-08-06_203241_232640_1_R6_C2,6,200.0,2.625,inter_cycle_dwell,19,30.0,1.9362514000000033,-287.4736842105263,-0.12258929019205998,-0.12258929019205998,15590.368421052632,0.014721482686297523,0.3566054330046618,10.309249999999999,creep-related exploratory evidence,not constant-force creep and not independent no-contact evidence
2026-08-06,2026-08-06_203541_327988_1_R6_C3,6,200.0,3.5,holding,20,7.0,0.40050214999999945,-177.15,0.40854576758601835,0.4085457675860183,14624.3,2.027349275031111,0.38348981130501814,7.84305,creep-related exploratory evidence,not constant-force creep and not independent no-contact evidence
2026-08-06,2026-08-06_203541_327988_1_R6_C3,6,200.0,3.5,inter_cycle_dwell,19,30.0,1.9359418999999995,94.15789473684211,-0.10535859942696824,-0.10535859942696824,16224.736842105263,0.011500995553797022,0.38294714334963753,4.8838,creep-related exploratory evidence,not constant-force creep and not independent no-contact evidence
2026-08-06,2026-08-06_203834_012908_1_R6_C4,6,400.0,1.75,holding,20,7.5,0.4333918999999984,-1730.1,0.3929792348081148,0.3929792348081148,14382.45,0.75460014066584,0.3415664788318802,1.5056000000000003,creep-related exploratory evidence,not constant-force creep and not independent no-contact evidence
2026-08-06,2026-08-06_203834_012908_1_R6_C4,6,400.0,1.75,inter_cycle_dwell,19,30.0,1.9358756999999969,936.1052631578947,-0.31097809609411453,-0.31097809609411453,16241.631578947368,0.007252934460176041,0.3412155859044584,10.450849999999999,creep-related exploratory evidence,not constant-force creep and not independent no-contact evidence
2026-08-06,2026-08-06_204358_285902_1_R6_C5,6,400.0,2.625,holding,20,7.0,0.40906845000000125,-982.1,0.4264935017559696,0.4264935017559696,14180.7,1.1734296625051868,0.23951230946463056,3.0231999999999997,creep-related exploratory evidence,not constant-force creep and not independent no-contact evidence
2026-08-06,2026-08-06_204358_285902_1_R6_C5,6,400.0,2.625,inter_cycle_dwell,19,30.0,1.9360835000000094,-260.05263157894734,-0.28326335625087307,-0.28326335625087307,15875.473684210527,0.00821627885034533,0.2405920448901393,10.7398,creep-related exploratory evidence,not constant-force creep and not independent no-contact evidence
2026-08-06,2026-08-06_204614_459866_1_R6_C6,6,400.0,3.5,holding,20,7.5,0.43325405000000217,169.6,0.5252498598123883,0.5252498598123883,14348.45,1.827266169200017,0.17078882309242088,2.4642749999999998,creep-related exploratory evidence,not constant-force creep and not independent no-contact evidence
2026-08-06,2026-08-06_204614_459866_1_R6_C6,6,400.0,3.5,inter_cycle_dwell,19,30.0,1.9349440000000016,-815.5263157894736,-0.24395729454619297,-0.24395729454619297,15897.105263157895,0.009247510499464897,0.17090132210495523,12.025,creep-related exploratory evidence,not constant-force creep and not independent no-contact evidence
2026-08-06,2026-08-06_204846_576213_1_R6_C7,6,600.0,1.75,holding,20,7.0,0.39976195000000114,290.0,0.4347229077304572,0.4347229077304572,14885.85,0.7414830022179696,0.2883194111753465,-3.7523,creep-related exploratory evidence,not constant-force creep and not independent no-contact evidence
2026-08-06,2026-08-06_204846_576213_1_R6_C7,6,600.0,1.75,inter_cycle_dwell,19,30.0,1.9359298999999979,-1101.3684210526317,-0.3679721251259784,-0.3679721251259784,14412.578947368422,0.015534120624515039,0.37620210004840665,11.2959,creep-related exploratory evidence,not constant-force creep and not independent no-contact evidence
2026-08-06,2026-08-06_205041_958053_1_R6_C8,6,600.0,2.625,holding,20,8.0,0.4614167999999994,-334.15,0.6820463828742163,0.6820463828742163,14958.1,1.3317998000967652,0.45047962159302146,-0.7291750000000002,creep-related exploratory evidence,not constant-force creep and not independent no-contact evidence
2026-08-06,2026-08-06_205041_958053_1_R6_C8,6,600.0,2.625,inter_cycle_dwell,19,30.0,1.9310873000000015,234.73684210526315,-0.3197462816364382,-0.3197462816364382,15594.105263157895,0.01218191512730234,0.4494915631243615,5.42265,creep-related exploratory evidence,not constant-force creep and not independent no-contact evidence
2026-08-06,2026-08-06_205305_219434_1_R6_C9,6,600.0,3.5,holding,20,7.0,0.40009935000000496,129.45,1.1938539613074906,1.1938539613074906,14822.15,2.626054934310127,0.4465456120419223,0.20260000000000009,creep-related exploratory evidence,not constant-force creep and not independent no-contact evidence
2026-08-06,2026-08-06_205305_219434_1_R6_C9,6,600.0,3.5,inter_cycle_dwell,19,30.0,1.9358839000000003,-1475.2105263157894,-0.33124804343538417,-0.33124804343538417,14956.315789473685,0.013721797273166785,0.44077552065480485,12.12255,creep-related exploratory evidence,not constant-force creep and not independent no-contact evidence
2026-08-07,2026-08-07_094240_670545_1_R7_C1,7,200.0,1.75,holding,20,8.0,0.46382235000000005,-468.05,0.2900359525511264,0.29003595255112635,11005.1,0.9532750905218972,0.28305231056938934,1.5650500000000003,creep-related exploratory evidence,not constant-force creep and not independent no-contact evidence
2026-08-07,2026-08-07_094240_670545_1_R7_C1,7,200.0,1.75,inter_cycle_dwell,19,30.0,1.9359685000000013,-373.2105263157895,-0.1281046005057441,-0.1281046005057441,11524.052631578947,0.009286799199246035,0.2836077834703168,2.1485000000000003,creep-related exploratory evidence,not constant-force creep and not independent no-contact evidence
2026-08-07,2026-08-07_094528_762418_1_R7_C2,7,200.0,2.625,holding,20,8.0,0.46346485000000004,405.5,0.24612820059600504,0.2461282005960051,12611.1,1.6447871536585725,0.3420431597727586,6.133,creep-related exploratory evidence,not constant-force creep and not independent no-contact evidence
2026-08-07,2026-08-07_094528_762418_1_R7_C2,7,200.0,2.625,inter_cycle_dwell,19,30.0,1.9358281000000002,44.94736842105263,-0.05047403322192883,-0.05047403322192883,13680.21052631579,0.02050352649463182,0.3390831183388831,2.32615,creep-related exploratory evidence,not constant-force creep and not independent no-contact evidence
2026-08-07,2026-08-07_094818_406548_1_R7_C3,7,200.0,3.5,holding,20,7.5,0.43254015000000123,298.2,0.6722193540910814,0.6722193540910815,11366.55,5.1923549142486864,0.5994731071438075,3.22175,creep-related exploratory evidence,not constant-force creep and not independent no-contact evidence
2026-08-07,2026-08-07_094818_406548_1_R7_C3,7,200.0,3.5,inter_cycle_dwell,19,30.0,1.935973599999997,-1059.7894736842106,-0.014418962143815345,-0.014418962143815345,12254.894736842105,0.045623243825357665,0.6013974028276718,3.6649499999999997,creep-related exploratory evidence,not constant-force creep and not independent no-contact evidence
2026-08-07,2026-08-07_095053_424037_1_R7_C4,7,400.0,1.75,holding,20,8.0,0.46265835000000166,548.95,0.8724648506726254,0.8724648506726254,11951.6,1.6029159005123017,0.62015138944811,-3.6359249999999994,creep-related exploratory evidence,not constant-force creep and not independent no-contact evidence
2026-08-07,2026-08-07_095053_424037_1_R7_C4,7,400.0,1.75,inter_cycle_dwell,19,30.0,1.9359585999999993,-699.2631578947369,-0.3465228411078016,-0.3465228411078016,12015.736842105263,0.027828856721285697,0.6305569693974593,3.5449,creep-related exploratory evidence,not constant-force creep and not independent no-contact evidence
2026-08-07,2026-08-07_095436_287372_1_R7_C5,7,400.0,2.625,holding,20,8.0,0.46315634999999844,324.4,1.3251750029631282,1.3251750029631282,11449.0,3.042642874023143,0.5920835366633057,-2.74295,creep-related exploratory evidence,not constant-force creep and not independent no-contact evidence
2026-08-07,2026-08-07_095436_287372_1_R7_C5,7,400.0,2.625,inter_cycle_dwell,19,30.0,1.9358426000000009,-619.578947368421,-0.30100556950250484,-0.30100556950250484,12646.368421052632,0.027817136885893757,0.5939776877214611,0.2963,creep-related exploratory evidence,not constant-force creep and not independent no-contact evidence
2026-08-07,2026-08-07_095653_974863_1_R7_C6,7,400.0,3.5,holding,20,8.0,0.4600505499999996,145.75,1.5155908183393851,1.5155908183393851,11936.0,5.371369878288034,0.580669340743208,0.7151000000000001,creep-related exploratory evidence,not constant-force creep and not independent no-contact evidence
2026-08-07,2026-08-07_095653_974863_1_R7_C6,7,400.0,3.5,inter_cycle_dwell,19,30.0,1.9358119000000045,-435.3157894736842,-0.29404323673595223,-0.29404323673595223,13026.842105263158,0.025755778381384348,0.5842572742028136,4.6925,creep-related exploratory evidence,not constant-force creep and not independent no-contact evidence
2026-08-07,2026-08-07_095957_373755_1_R7_C7,7,600.0,1.75,holding,20,8.0,0.46216109999999944,-900.25,0.5391961162299069,0.5391961162299069,11783.15,0.8472839615439245,0.38213188490200556,1.6881249999999999,creep-related exploratory evidence,not constant-force creep and not independent no-contact evidence
2026-08-07,2026-08-07_095957_373755_1_R7_C7,7,600.0,1.75,inter_cycle_dwell,19,30.0,1.935864500000001,-455.5263157894737,-0.3986169407602858,-0.3986169407602858,13098.0,0.006360688234140257,0.3792340358074813,1.45505,creep-related exploratory evidence,not constant-force creep and not independent no-contact evidence
2026-08-07,2026-08-07_100214_041362_1_R7_C8,7,600.0,2.625,holding,20,7.0,0.4057415500000001,1125.6,0.9815373160181391,0.9815373160181391,12640.35,1.9127807431162744,0.38722997277537546,3.401575,creep-related exploratory evidence,not constant-force creep and not independent no-contact evidence
2026-08-07,2026-08-07_100214_041362_1_R7_C8,7,600.0,2.625,inter_cycle_dwell,19,30.0,1.9359275999999994,538.3157894736842,-0.3773563306225228,-0.3773563306225228,13515.842105263158,0.01422245637802955,0.38799239219964987,3.6891499999999997,creep-related exploratory evidence,not constant-force creep and not independent no-contact evidence
2026-08-07,2026-08-07_100416_759979_1_R7_C9,7,600.0,3.5,holding,20,7.0,0.4002658999999955,-534.85,1.5630877700043462,1.563087770004346,12132.2,3.5106824185227756,0.383908443557963,5.58825,creep-related exploratory evidence,not constant-force creep and not independent no-contact evidence
2026-08-07,2026-08-07_100416_759979_1_R7_C9,7,600.0,3.5,inter_cycle_dwell,19,30.0,1.9359713999999997,-1317.1052631578948,-0.28536288129522225,-0.28536288129522225,12964.157894736842,0.03426171373446255,0.3839483468757562,3.96465,creep-related exploratory evidence,not constant-force creep and not independent no-contact evidence
2026-08-07,2026-08-07_100731_125330_1_R8_C1,8,200.0,1.75,holding,20,8.0,0.46307804999999647,-262.25,0.3199814478470734,0.3199814478470734,12285.6,0.9133728042512491,0.2816142953430327,3.1547,creep-related exploratory evidence,not constant-force creep and not independent no-contact evidence
2026-08-07,2026-08-07_100731_125330_1_R8_C1,8,200.0,1.75,inter_cycle_dwell,19,30.0,1.936003900000001,604.8947368421053,-0.09275306697317928,-0.09275306697317928,13284.473684210527,0.011161809570122489,0.28151010540426413,1.79915,creep-related exploratory evidence,not constant-force creep and not independent no-contact evidence
2026-08-07,2026-08-07_101009_300632_1_R8_C2,8,200.0,2.625,holding,20,7.5,0.4384504000000007,-150.7,0.451166880607457,0.451166880607457,11814.0,1.8763940890092656,0.24372430377505774,4.311,creep-related exploratory evidence,not constant-force creep and not independent no-contact evidence
2026-08-07,2026-08-07_101009_300632_1_R8_C2,8,200.0,2.625,inter_cycle_dwell,19,30.0,1.9359454000000014,274.7894736842105,-0.0708605488151842,-0.0708605488151842,13128.315789473685,0.0171453225089116,0.24497919854289724,1.82835,creep-related exploratory evidence,not constant-force creep and not independent no-contact evidence
2026-08-07,2026-08-07_101257_411774_1_R8_C3,8,200.0,3.5,holding,20,7.0,0.40154525000000163,15.15,0.4946827456585738,0.4946827456585738,12124.85,2.960281334018763,0.21420250666855553,5.152850000000001,creep-related exploratory evidence,not constant-force creep and not independent no-contact evidence
2026-08-07,2026-08-07_101257_411774_1_R8_C3,8,200.0,3.5,inter_cycle_dwell,19,30.0,1.9358562000000017,50.8421052631579,-0.024738958718522653,-0.024738958718522656,13642.578947368422,0.03850803053379818,0.293790753900561,0.61235,creep-related exploratory evidence,not constant-force creep and not independent no-contact evidence
2026-08-07,2026-08-07_101531_828063_1_R8_C4,8,400.0,1.75,holding,20,8.0,0.46393934999999864,-12.25,0.4769365003605607,0.4769365003605607,12289.7,0.8263811279308009,0.3941738268699446,0.83465,creep-related exploratory evidence,not constant-force creep and not independent no-contact evidence
2026-08-07,2026-08-07_101531_828063_1_R8_C4,8,400.0,1.75,inter_cycle_dwell,19,30.0,1.9357155000000006,183.21052631578948,-0.20787864397105948,-0.20787864397105948,12983.052631578947,0.023812683859101524,0.39535395660437933,2.8278999999999996,creep-related exploratory evidence,not constant-force creep and not independent no-contact evidence
2026-08-07,2026-08-07_101740_121167_1_R8_C5,8,400.0,2.625,holding,20,8.0,0.46403079999999797,52.35,0.40956412581300106,0.40956412581300106,11977.5,1.098705534574605,0.10154084118988342,-0.29082499999999967,creep-related exploratory evidence,not constant-force creep and not independent no-contact evidence
2026-08-07,2026-08-07_101740_121167_1_R8_C5,8,400.0,2.625,inter_cycle_dwell,19,30.0,1.935876,-432.7894736842105,-0.20200277681995857,-0.20200277681995857,12894.473684210527,0.011535339194878593,0.101603525643956,2.1174999999999997,creep-related exploratory evidence,not constant-force creep and not independent no-contact evidence
2026-08-07,2026-08-07_102007_014740_1_R8_C6,8,400.0,3.5,holding,20,8.0,0.4643331000000046,451.15,0.5784044152919406,0.5784044152919406,13115.15,1.8480647065805744,0.11403701841569233,4.091525000000001,creep-related exploratory evidence,not constant-force creep and not independent no-contact evidence
2026-08-07,2026-08-07_102007_014740_1_R8_C6,8,400.0,3.5,inter_cycle_dwell,19,30.0,1.9359072000000026,-823.7368421052631,-0.19124258734573968,-0.19124258734573968,12789.315789473685,0.013901278012436428,0.11454057291392365,5.1603,creep-related exploratory evidence,not constant-force creep and not independent no-contact evidence
2026-08-07,2026-08-07_102231_135842_1_R8_C7,8,600.0,1.75,holding,20,8.0,0.4613580000000006,420.85,0.39370678274322957,0.39370678274322957,13163.6,0.6880470941217831,0.18501759655446548,2.73795,creep-related exploratory evidence,not constant-force creep and not independent no-contact evidence
2026-08-07,2026-08-07_102231_135842_1_R8_C7,8,600.0,1.75,inter_cycle_dwell,19,30.0,1.9358333000000023,92.26315789473684,-0.31812736512908096,-0.31812736512908096,13326.0,0.02270713335139375,0.18055074726376935,2.4202,creep-related exploratory evidence,not constant-force creep and not independent no-contact evidence
2026-08-07,2026-08-07_102422_750493_1_R8_C8,8,600.0,2.625,holding,20,7.0,0.40454559999999873,-432.8,0.5026873129364366,0.5026873129364366,12287.25,1.1068612758135967,0.24344241519694998,5.29965,creep-related exploratory evidence,not constant-force creep and not independent no-contact evidence
2026-08-07,2026-08-07_102422_750493_1_R8_C8,8,600.0,2.625,inter_cycle_dwell,19,30.0,1.935940800000001,-29.842105263157894,-0.2648108014776316,-0.2648108014776316,12874.78947368421,0.01023012683291337,0.24329664607860607,5.591100000000001,creep-related exploratory evidence,not constant-force creep and not independent no-contact evidence
2026-08-07,2026-08-07_102613_098259_1_R8_C9,8,600.0,3.5,holding,20,8.0,0.46124534999999933,-363.1,1.4713014798706736,1.4713014798706736,12288.45,2.909898097134921,0.38680820364890567,5.8769,creep-related exploratory evidence,not constant-force creep and not independent no-contact evidence
2026-08-07,2026-08-07_102613_098259_1_R8_C9,8,600.0,3.5,inter_cycle_dwell,19,30.0,1.9360441999999978,-419.7368421052632,-0.2949697071962014,-0.2949697071962014,12675.842105263158,0.016647006801423572,0.38709732813653464,0.33145000000000024,creep-related exploratory evidence,not constant-force creep and not independent no-contact evidence
2026-08-07,2026-08-07_103221_876936_1_R9_C1,9,200.0,1.75,holding,20,7.0,0.40071319999999666,-296.65,0.14867718343260736,0.14867718343260736,11046.8,0.7616651206312943,0.25080040260541314,6.620150000000001,creep-related exploratory evidence,not constant-force creep and not independent no-contact evidence
2026-08-07,2026-08-07_103221_876936_1_R9_C1,9,200.0,1.75,inter_cycle_dwell,19,30.0,1.9356869000000003,443.4736842105263,-0.1372592489274347,-0.1372592489274347,12042.631578947368,0.010705804372789045,0.2497579543843422,6.1221,creep-related exploratory evidence,not constant-force creep and not independent no-contact evidence
2026-08-07,2026-08-07_103441_167892_1_R9_C2,9,200.0,2.625,holding,20,7.5,0.43110755000000367,479.9,0.1652872040115883,0.1652872040115883,12425.0,1.15863124255462,0.24144627684963116,-2.2789749999999995,creep-related exploratory evidence,not constant-force creep and not independent no-contact evidence
2026-08-07,2026-08-07_103441_167892_1_R9_C2,9,200.0,2.625,inter_cycle_dwell,19,30.0,1.9359939999999938,477.2105263157895,-0.1002455540647919,-0.1002455540647919,12493.0,0.01359716892504868,0.24121782432299238,4.925249999999999,creep-related exploratory evidence,not constant-force creep and not independent no-contact evidence
2026-08-07,2026-08-07_103650_255736_1_R9_C3,9,200.0,3.5,holding,20,8.0,0.4640471499999992,65.15,0.3137450924939424,0.31374509249394245,11453.05,1.8873724817446256,0.2057299224272885,3.198175,creep-related exploratory evidence,not constant-force creep and not independent no-contact evidence
2026-08-07,2026-08-07_103650_255736_1_R9_C3,9,200.0,3.5,inter_cycle_dwell,19,45.0,2.9363890000000055,-314.42105263157896,-0.06896252610122819,-0.06896252610122819,11617.894736842105,0.014088351590648515,0.2034944790374061,6.8203499999999995,creep-related exploratory evidence,not constant-force creep and not independent no-contact evidence
2026-08-07,2026-08-07_103945_858185_1_R9_C4,9,400.0,1.75,holding,20,7.0,0.4038683999999977,235.4,0.3124450944078617,0.3124450944078617,11978.1,0.7445773783956511,0.24596456346820916,6.490349999999999,creep-related exploratory evidence,not constant-force creep and not independent no-contact evidence
2026-08-07,2026-08-07_103945_858185_1_R9_C4,9,400.0,1.75,inter_cycle_dwell,19,30.0,1.9360074000000012,105.15789473684211,-0.296649217574601,-0.296649217574601,12089.105263157895,0.00911355540375678,0.24549481328922845,-0.42765,creep-related exploratory evidence,not constant-force creep and not independent no-contact evidence
2026-08-07,2026-08-07_104144_165197_1_R9_C5,9,400.0,2.625,holding,20,7.0,0.4005233999999973,49.45,0.30128696425894697,0.30128696425894697,10681.55,1.0914140524855986,0.21027715997553895,3.6308000000000002,creep-related exploratory evidence,not constant-force creep and not independent no-contact evidence
2026-08-07,2026-08-07_104144_165197_1_R9_C5,9,400.0,2.625,inter_cycle_dwell,19,30.0,1.9359561999999997,848.2105263157895,-0.26782707313388965,-0.26782707313388965,12208.157894736842,0.009503610668184469,0.20989343092622048,2.5290500000000002,creep-related exploratory evidence,not constant-force creep and not independent no-contact evidence
2026-08-07,2026-08-07_104339_334149_1_R9_C6,9,400.0,3.5,holding,20,7.0,0.40011259999999804,96.8,0.5488810733279988,0.5488810733279988,11115.8,1.948450071466602,0.22437650464622425,3.1091249999999997,creep-related exploratory evidence,not constant-force creep and not independent no-contact evidence
2026-08-07,2026-08-07_104339_334149_1_R9_C6,9,400.0,3.5,inter_cycle_dwell,19,45.0,2.943384899999998,278.4736842105263,-0.20690521867601064,-0.20690521867601064,11268.736842105263,0.0137650561151612,0.2265140617826956,7.0983,creep-related exploratory evidence,not constant-force creep and not independent no-contact evidence
2026-08-07,2026-08-07_104553_398347_1_R9_C7,9,600.0,1.75,holding,20,8.0,0.4603072500000005,-52.45,0.38060483281880086,0.38060483281880086,11284.05,0.6921527543085965,0.18390192063911945,2.824825,creep-related exploratory evidence,not constant-force creep and not independent no-contact evidence
2026-08-07,2026-08-07_104553_398347_1_R9_C7,9,600.0,1.75,inter_cycle_dwell,19,30.0,1.9360730000000004,-471.7894736842105,-0.37556029709054845,-0.37556029709054845,11784.052631578947,0.008040713018507346,0.18370162330620043,3.3045500000000003,creep-related exploratory evidence,not constant-force creep and not independent no-contact evidence
2026-08-07,2026-08-07_104753_096796_1_R9_C8,9,600.0,2.625,holding,20,7.0,0.4002859000000001,107.25,0.4342030516082892,0.4342030516082892,11468.9,1.1211790027035573,0.2031924700150016,5.08,creep-related exploratory evidence,not constant-force creep and not independent no-contact evidence
2026-08-07,2026-08-07_104753_096796_1_R9_C8,9,600.0,2.625,inter_cycle_dwell,19,30.0,1.9359634000000003,-966.8421052631579,-0.33614860243606387,-0.33614860243606387,11540.526315789473,0.010074838554863519,0.2021958126930763,7.846,creep-related exploratory evidence,not constant-force creep and not independent no-contact evidence
2026-08-07,2026-08-07_104950_940412_1_R9_C9,9,600.0,3.5,holding,20,7.5,0.4327569000000011,406.4,0.9008310730659007,0.9008310730659007,11218.25,2.1654790599578844,0.22320187152930432,-3.3352500000000003,creep-related exploratory evidence,not constant-force creep and not independent no-contact evidence
2026-08-07,2026-08-07_104950_940412_1_R9_C9,9,600.0,3.5,inter_cycle_dwell,19,30.0,1.9358402000000012,150.3684210526316,-0.30199671368799097,-0.30199671368799097,11478.052631578947,0.015730431044646734,0.2232887029882969,3.51555,creep-related exploratory evidence,not constant-force creep and not independent no-contact evidence
2026-08-07,2026-08-07_105648_296214_1_R9_C1_10,9,200.0,1.75,holding,10,8.0,0.4610588999999976,85.7,0.1471836147442942,0.1471836147442942,11995.3,0.7403653830941388,0.20492068470001806,3.9312500000000004,creep-related exploratory evidence,not constant-force creep and not independent no-contact evidence
2026-08-07,2026-08-07_105648_296214_1_R9_C1_10,9,200.0,1.75,inter_cycle_dwell,9,30.0,1.9359490999999984,124.88888888888889,-0.1215459880891539,-0.1215459880891539,11169.888888888889,0.00931173617364884,0.20352157528313952,8.15665,creep-related exploratory evidence,not constant-force creep and not independent no-contact evidence
2026-08-07,2026-08-07_105802_547467_1_R9_C2_10,9,200.0,2.625,holding,10,7.0,0.4073622999999955,144.5,0.15353109960031064,0.15353109960031064,11481.9,1.0536514706841096,0.15830412664609445,10.279125,creep-related exploratory evidence,not constant-force creep and not independent no-contact evidence
2026-08-07,2026-08-07_105802_547467_1_R9_C2_10,9,200.0,2.625,inter_cycle_dwell,9,30.0,1.9359129,360.55555555555554,-0.09566065830676082,-0.09566065830676082,11874.555555555555,0.00964798979969355,0.15821346915933296,-2.2209000000000003,creep-related exploratory evidence,not constant-force creep and not independent no-contact evidence
2026-08-07,2026-08-07_105919_843572_1_R9_C3_10,9,200.0,3.5,holding,10,8.0,0.46062789999999865,732.9,0.21570022501395178,0.21570022501395178,11493.2,1.6458388745220174,0.1461319945574049,-3.8500249999999996,creep-related exploratory evidence,not constant-force creep and not independent no-contact evidence
2026-08-07,2026-08-07_105919_843572_1_R9_C3_10,9,200.0,3.5,inter_cycle_dwell,9,45.0,2.9282041999999997,199.88888888888889,-0.06384292267452901,-0.06384292267452901,11455.222222222223,0.019021331854036663,0.1442471565887708,8.2176,creep-related exploratory evidence,not constant-force creep and not independent no-contact evidence
2026-08-07,2026-08-07_110055_692031_1_R9_C4_10,9,400.0,1.75,holding,10,8.0,0.4588131999999998,246.2,0.31030949419345166,0.31030949419345166,11100.6,0.7191903349359204,0.18289248770432293,1.313275,creep-related exploratory evidence,not constant-force creep and not independent no-contact evidence
2026-08-07,2026-08-07_110055_692031_1_R9_C4_10,9,400.0,1.75,inter_cycle_dwell,9,30.0,1.9360226999999988,43.666666666666664,-0.3023540924635097,-0.3023540924635097,11928.888888888889,0.009362687627082332,0.18255219396568045,4.6284,creep-related exploratory evidence,not constant-force creep and not independent no-contact evidence
2026-08-07,2026-08-07_110207_287853_1_R9_C5_10,9,400.0,2.625,holding,10,8.0,0.4635978500000011,387.1,0.3031543926700604,0.30315439267006045,11545.8,1.0106303863412083,0.15610741222298466,0.91555,creep-related exploratory evidence,not constant-force creep and not independent no-contact evidence
2026-08-07,2026-08-07_110207_287853_1_R9_C5_10,9,400.0,2.625,inter_cycle_dwell,9,30.0,1.9360119000000005,512.0,-0.2280602256499525,-0.2280602256499525,12690.0,0.01047585918117716,0.15472550524876943,9.0564,creep-related exploratory evidence,not constant-force creep and not independent no-contact evidence
2026-08-07,2026-08-07_110347_071170_1_R9_C6_10,9,400.0,3.5,holding,10,7.0,0.4082276500000006,421.1,0.35346056845999846,0.35346056845999846,11268.1,1.4784264238576479,0.11018844795396,7.151175,creep-related exploratory evidence,not constant-force creep and not independent no-contact evidence
2026-08-07,2026-08-07_110347_071170_1_R9_C6_10,9,400.0,3.5,inter_cycle_dwell,9,30.0,1.9361654000000001,1344.5555555555557,-0.22337042703637888,-0.22337042703637888,12391.222222222223,0.011709271979795932,0.10705375092675445,3.38385,creep-related exploratory evidence,not constant-force creep and not independent no-contact evidence
2026-08-07,2026-08-07_110513_841199_1_R9_C7_10,9,600.0,1.75,holding,10,7.0,0.40011889999999894,1230.8,0.39404192599281235,0.39404192599281235,12037.9,0.7092689214245113,0.12531892400426659,-2.4193749999999996,creep-related exploratory evidence,not constant-force creep and not independent no-contact evidence
2026-08-07,2026-08-07_110513_841199_1_R9_C7_10,9,600.0,1.75,inter_cycle_dwell,9,30.0,1.9360172999999996,760.8888888888889,-0.3803873718667879,-0.3803873718667879,11841.888888888889,0.007531534771919358,0.1243593515220506,-0.4361,creep-related exploratory evidence,not constant-force creep and not independent no-contact evidence
2026-08-07,2026-08-07_110625_821668_1_R9_C8_10,9,600.0,2.625,holding,10,8.0,0.46158125000000005,-299.5,0.5123554983114347,0.5123554983114347,10342.5,1.1616994700470757,0.1575213667263208,3.230425,creep-related exploratory evidence,not constant-force creep and not independent no-contact evidence
2026-08-07,2026-08-07_110625_821668_1_R9_C8_10,9,600.0,2.625,inter_cycle_dwell,9,30.0,1.9360906,653.8888888888889,-0.3537604794096017,-0.3537604794096017,12026.111111111111,0.011006923441017193,0.16024609966718975,9.177,creep-related exploratory evidence,not constant-force creep and not independent no-contact evidence
2026-08-07,2026-08-07_110748_800932_1_R9_C9_10,9,600.0,3.5,holding,10,7.5,0.43079519999999993,-1296.2,0.7403429618343331,0.7403429618343332,10288.1,1.8860612738587725,0.12719154285273293,4.293425000000001,creep-related exploratory evidence,not constant-force creep and not independent no-contact evidence
2026-08-07,2026-08-07_110748_800932_1_R9_C9_10,9,600.0,3.5,inter_cycle_dwell,9,30.0,1.9359703999999986,-379.6666666666667,-0.33193635975362507,-0.33193635975362507,11417.222222222223,0.01276260695856352,0.15702326486373142,-1.04985,creep-related exploratory evidence,not constant-force creep and not independent no-contact evidence
2026-08-07,2026-08-07_123435_699757_1_R8_C1_10,8,200.0,1.75,holding,10,7.5,0.44122414999999826,309.7,0.24272594501900482,0.24272594501900482,13075.9,0.8676627182642269,0.5047452173838489,6.973325,creep-related exploratory evidence,not constant-force creep and not independent no-contact evidence
2026-08-07,2026-08-07_123435_699757_1_R8_C1_10,8,200.0,1.75,inter_cycle_dwell,9,30.0,1.935843300000002,-103.0,-0.12366002742839369,-0.12366002742839369,12834.555555555555,0.005336488509936547,0.499369019300648,16.4516,creep-related exploratory evidence,not constant-force creep and not independent no-contact evidence
2026-08-07,2026-08-07_123619_614408_1_R8_C2_10,8,200.0,2.625,holding,10,7.5,0.43558385000000044,1166.9,0.2372568480793631,0.237256848079363,12985.1,1.6310884538340065,0.43904199169511915,-1.46745,creep-related exploratory evidence,not constant-force creep and not independent no-contact evidence
2026-08-07,2026-08-07_123619_614408_1_R8_C2_10,8,200.0,2.625,inter_cycle_dwell,9,30.0,1.935806300000003,-1446.111111111111,-0.052458840083442634,-0.052458840083442634,12638.333333333334,0.030583910557656455,0.42426839317337,8.47485,creep-related exploratory evidence,not constant-force creep and not independent no-contact evidence
2026-08-07,2026-08-07_123814_851482_1_R8_C3_10,8,200.0,3.5,holding,10,7.5,0.4316451000000008,201.1,0.5820988559129147,0.5820988559129147,12637.0,5.003842182641192,0.6438910692410793,8.365575,creep-related exploratory evidence,not constant-force creep and not independent no-contact evidence
2026-08-07,2026-08-07_123814_851482_1_R8_C3_10,8,200.0,3.5,inter_cycle_dwell,9,45.0,2.944161600000001,-13.777777777777779,-0.0011966018252096298,-0.0011966018252096298,13302.333333333334,0.03414982136774093,0.6486230810731148,16.4241,creep-related exploratory evidence,not constant-force creep and not independent no-contact evidence
2026-08-07,2026-08-07_124122_519050_1_R8_C4_10,8,400.0,1.75,holding,10,7.0,0.4010153999999999,-187.6,1.5703797108542936,1.5703797108542936,12750.0,2.6855900180713297,0.8435606108639038,12.802525,creep-related exploratory evidence,not constant-force creep and not independent no-contact evidence
2026-08-07,2026-08-07_124122_519050_1_R8_C4_10,8,400.0,1.75,inter_cycle_dwell,9,30.0,1.9361823000000005,109.77777777777777,-0.6068252444093035,-0.6068252444093035,13701.555555555555,0.04360732824988778,0.9110094657902426,8.49645,creep-related exploratory evidence,not constant-force creep and not independent no-contact evidence
2026-08-07,2026-08-07_124257_772512_1_R8_C5_10,8,400.0,2.625,holding,10,7.5,0.4305925500000001,-452.0,2.1569554602045935,2.1569554602045935,11423.2,5.366997270770598,0.4993269288373594,5.3087,creep-related exploratory evidence,not constant-force creep and not independent no-contact evidence
2026-08-07,2026-08-07_124257_772512_1_R8_C5_10,8,400.0,2.625,inter_cycle_dwell,9,30.0,1.935725699999999,297.0,-0.7463481034679726,-0.7463481034679726,13175.222222222223,0.08463434978534969,0.4993143605681812,-0.3945,creep-related exploratory evidence,not constant-force creep and not independent no-contact evidence
2026-08-07,2026-08-07_124601_232759_1_R8_C6_10,8,400.0,3.5,holding,10,7.0,0.4090997000000014,-334.8,0.9562656744053852,0.956265674405385,11432.5,4.564247191771418,0.6077847961905716,18.50665,creep-related exploratory evidence,not constant-force creep and not independent no-contact evidence
2026-08-07,2026-08-07_124601_232759_1_R8_C6_10,8,400.0,3.5,inter_cycle_dwell,9,30.0,1.9358563999999987,31.555555555555557,-0.301434838817583,-0.301434838817583,12460.333333333334,0.12149283354902472,0.6261443899068871,-2.42,creep-related exploratory evidence,not constant-force creep and not independent no-contact evidence
2026-08-07,2026-08-07_124904_883403_1_R8_C7_10,8,600.0,1.75,holding,10,8.0,0.45809215000000003,335.0,0.4978102087444185,0.4978102087444185,12982.1,0.7489676158335213,-0.049366131611020145,0.839075,creep-related exploratory evidence,not constant-force creep and not independent no-contact evidence
2026-08-07,2026-08-07_124904_883403_1_R8_C7_10,8,600.0,1.75,inter_cycle_dwell,9,30.0,1.9359283000000005,-702.8888888888889,-0.34567886121472846,-0.34567886121472846,13079.222222222223,0.007529108406841248,-0.0441461458866588,18.2207,creep-related exploratory evidence,not constant-force creep and not independent no-contact evidence
2026-08-07,2026-08-07_125056_967138_1_R8_C8_10,8,600.0,2.625,holding,10,8.0,0.45586300000000035,-574.1,0.5062222473306582,0.5062222473306582,11559.3,1.0789071784361635,-0.10180896151286112,12.930150000000001,creep-related exploratory evidence,not constant-force creep and not independent no-contact evidence
2026-08-07,2026-08-07_125056_967138_1_R8_C8_10,8,600.0,2.625,inter_cycle_dwell,9,30.0,1.9358308999999991,123.55555555555556,-0.34344433209431763,-0.34344433209431763,13644.666666666666,0.0059196131535793,-0.06054777175823685,17.922,creep-related exploratory evidence,not constant-force creep and not independent no-contact evidence
2026-08-07,2026-08-07_125220_451550_1_R8_C9_10,8,600.0,3.5,holding,10,8.0,0.46396784999999896,-13.2,1.171297572800921,1.171297572800921,12579.6,2.266884678565341,0.018186086124953024,9.46385,creep-related exploratory evidence,not constant-force creep and not independent no-contact evidence
2026-08-07,2026-08-07_125220_451550_1_R8_C9_10,8,600.0,3.5,inter_cycle_dwell,9,29.0,1.8707287000000008,274.6666666666667,-0.23331645618608596,-0.23331645618608599,13291.888888888889,0.012521755933295128,0.0209491787172044,18.0918,creep-related exploratory evidence,not constant-force creep and not independent no-contact evidence
2026-08-07,2026-08-07_134120_489574_1_R7_C1_10,7,200.0,1.75,holding,10,7.0,0.3999879999999987,39.8,0.12879636195076663,0.1287963619507666,58.6,0.6477414159416366,0.026149899811860597,1.537325,creep-related exploratory evidence,not constant-force creep and not independent no-contact evidence
2026-08-07,2026-08-07_134120_489574_1_R7_C1_10,7,200.0,1.75,inter_cycle_dwell,9,30.0,1.9359319,-205.88888888888889,-0.10812757208921592,-0.1081275720892159,48.0,0.001889500526911901,0.0194145334694454,1.8425,creep-related exploratory evidence,not constant-force creep and not independent no-contact evidence
2026-08-07,2026-08-07_134258_312163_1_R7_C2_10,7,200.0,2.625,holding,10,7.0,0.400367150000001,0.0,0.12279335192661409,0.12279335192661411,0.0,1.0079497475580905,0.019843717711965376,-0.897,creep-related exploratory evidence,not constant-force creep and not independent no-contact evidence
2026-08-07,2026-08-07_134258_312163_1_R7_C2_10,7,200.0,2.625,inter_cycle_dwell,9,30.0,1.9357602000000007,1.4444444444444444,-0.07294621880199549,-0.07294621880199549,6.222222222222222,0.0054596112853348,0.02075157745741285,-1.0365000000000002,creep-related exploratory evidence,not constant-force creep and not independent no-contact evidence
2026-08-07,2026-08-07_134426_185463_1_R7_C3_10,7,200.0,3.5,holding,10,7.5,0.4309607999999976,0.0,0.1812816066471111,0.1812816066471111,0.0,1.4342663218785678,0.0581909208284297,2.5756249999999996,creep-related exploratory evidence,not constant-force creep and not independent no-contact evidence
2026-08-07,2026-08-07_134426_185463_1_R7_C3_10,7,200.0,3.5,inter_cycle_dwell,9,45.0,2.9434692999999967,0.0,-0.05538317146236599,-0.05538317146236599,0.0,0.013365612733408583,0.0586332684625118,4.2954,creep-related exploratory evidence,not constant-force creep and not independent no-contact evidence
2026-08-07,2026-08-07_134606_024401_1_R7_C4_10,7,400.0,1.75,holding,10,7.0,0.4001992500000009,0.0,0.3187715586857296,0.31877155868572954,0.0,0.675654948906191,0.05201635433161798,-1.784,creep-related exploratory evidence,not constant-force creep and not independent no-contact evidence
2026-08-07,2026-08-07_134606_024401_1_R7_C4_10,7,400.0,1.75,inter_cycle_dwell,9,30.0,1.935985200000001,0.0,-0.24435980262894919,-0.24435980262894919,0.0,0.006368150155669416,0.052827056351270454,-1.7093,creep-related exploratory evidence,not constant-force creep and not independent no-contact evidence
2026-08-07,2026-08-07_134729_621602_1_R7_C5_10,7,400.0,2.625,holding,10,7.0,0.4019150999999983,0.0,0.2797459980203264,0.27974599802032646,0.0,0.9758314670458642,0.029405406906309276,3.2545500000000005,creep-related exploratory evidence,not constant-force creep and not independent no-contact evidence
2026-08-07,2026-08-07_134729_621602_1_R7_C5_10,7,400.0,2.625,inter_cycle_dwell,9,30.0,1.9362391999999997,0.0,-0.224854461127109,-0.224854461127109,0.0,0.007831690353137216,0.02379687797204525,7.1703,creep-related exploratory evidence,not constant-force creep and not independent no-contact evidence
2026-08-07,2026-08-07_134849_142666_1_R7_C6_10,7,400.0,3.5,holding,10,7.0,0.40036374999999946,0.0,0.4150626530005249,0.4150626530005249,0.0,1.6507035916961725,0.04013323726479495,2.9657,creep-related exploratory evidence,not constant-force creep and not independent no-contact evidence
2026-08-07,2026-08-07_134849_142666_1_R7_C6_10,7,400.0,3.5,inter_cycle_dwell,9,30.0,1.9359555999999998,0.0,-0.21894741584023894,-0.21894741584023894,0.0,0.01007528867968697,0.040427731406498954,1.2105000000000001,creep-related exploratory evidence,not constant-force creep and not independent no-contact evidence
2026-08-07,2026-08-07_135023_601951_1_R7_C7_10,7,600.0,1.75,holding,10,8.0,0.46378720000000007,0.0,0.41374876902170216,0.41374876902170216,0.0,0.7129962756028931,0.10519154628474828,-1.72185,creep-related exploratory evidence,not constant-force creep and not independent no-contact evidence
2026-08-07,2026-08-07_135023_601951_1_R7_C7_10,7,600.0,1.75,inter_cycle_dwell,9,30.0,1.9358450000000005,0.0,-0.3962072994754833,-0.3962072994754833,0.0,0.007211814565895284,0.10369025131780696,2.8734,creep-related exploratory evidence,not constant-force creep and not independent no-contact evidence
2026-08-07,2026-08-07_135138_998584_1_R7_C8_10,7,600.0,2.625,holding,10,7.0,0.39993480000000003,0.0,0.3799468379933284,0.3799468379933284,0.0,1.0633964121035047,0.08295465917900097,3.2592,creep-related exploratory evidence,not constant-force creep and not independent no-contact evidence
2026-08-07,2026-08-07_135138_998584_1_R7_C8_10,7,600.0,2.625,inter_cycle_dwell,9,30.0,1.9360448000000012,0.0,-0.3180398361115826,-0.3180398361115826,0.0,0.008277894528764049,0.08192329375596645,6.0782,creep-related exploratory evidence,not constant-force creep and not independent no-contact evidence
2026-08-07,2026-08-07_135241_805113_1_R7_C9_10,7,600.0,3.5,holding,10,7.0,0.4004090000000007,0.0,0.48191553899164663,0.48191553899164663,0.0,1.5237618430235322,0.08481965823156767,0.6124,creep-related exploratory evidence,not constant-force creep and not independent no-contact evidence
2026-08-07,2026-08-07_135241_805113_1_R7_C9_10,7,600.0,3.5,inter_cycle_dwell,9,30.0,1.9358326000000048,0.0,-0.2795738668651484,-0.2795738668651484,0.0,0.010365251558026724,0.08407880130540955,1.02745,creep-related exploratory evidence,not constant-force creep and not independent no-contact evidence
2026-08-07,2026-08-07_135536_092435_1_R6_C1_10,6,200.0,1.75,holding,10,8.0,0.46259240000000046,0.0,0.2549790354108096,0.2549790354108096,0.0,1.0669875709471293,0.4080841639127483,4.8259,creep-related exploratory evidence,not constant-force creep and not independent no-contact evidence
2026-08-07,2026-08-07_135536_092435_1_R6_C1_10,6,200.0,1.75,inter_cycle_dwell,9,30.0,1.9362668000000003,0.0,-0.14179027395350025,-0.14179027395350025,0.0,0.00963049395772451,0.4112849192216175,4.01025,creep-related exploratory evidence,not constant-force creep and not independent no-contact evidence
2026-08-07,2026-08-07_135707_048188_1_R6_C2_10,6,200.0,2.625,holding,10,7.5,0.4319696499999992,0.0,0.23875749250261408,0.23875749250261413,0.0,1.6049331794325874,0.35994769026754436,3.8445,creep-related exploratory evidence,not constant-force creep and not independent no-contact evidence
2026-08-07,2026-08-07_135707_048188_1_R6_C2_10,6,200.0,2.625,inter_cycle_dwell,9,30.0,1.9359676000000015,0.0,-0.11831924438730483,-0.11831924438730483,0.0,0.013047961931444522,0.3587730611036809,-7.0363500000000005,creep-related exploratory evidence,not constant-force creep and not independent no-contact evidence
2026-08-07,2026-08-07_135821_173621_1_R6_C3_10,6,200.0,3.5,holding,10,7.0,0.40061270000000015,0.0,0.4648573861964097,0.46485738619640965,0.0,2.4222803536056707,0.38861514624200244,2.261525,creep-related exploratory evidence,not constant-force creep and not independent no-contact evidence
2026-08-07,2026-08-07_135821_173621_1_R6_C3_10,6,200.0,3.5,inter_cycle_dwell,9,45.0,2.9278451000000025,0.0,-0.04268748307859068,-0.04268748307859068,0.0,0.013105940717025125,0.3871045414743822,3.503,creep-related exploratory evidence,not constant-force creep and not independent no-contact evidence
2026-08-07,2026-08-07_135952_640577_1_R6_C4_10,6,400.0,1.75,holding,10,8.0,0.4640137500000012,0.0,0.4520399735522055,0.4520399735522055,0.0,0.904742364895019,0.38098393623601806,3.4646999999999997,creep-related exploratory evidence,not constant-force creep and not independent no-contact evidence
2026-08-07,2026-08-07_135952_640577_1_R6_C4_10,6,400.0,1.75,inter_cycle_dwell,9,30.0,1.935861000000001,0.0,-0.23952395240481486,-0.23952395240481486,0.0,0.0181123210934183,0.37297986050539433,0.9554,creep-related exploratory evidence,not constant-force creep and not independent no-contact evidence
2026-08-07,2026-08-07_140114_451664_1_R6_C5_10,6,400.0,2.625,holding,10,8.0,0.46447669999999985,0.0,0.9297681405109216,0.9297681405109216,0.0,1.9509020073553098,0.5132377685379406,5.116524999999999,creep-related exploratory evidence,not constant-force creep and not independent no-contact evidence
2026-08-07,2026-08-07_140114_451664_1_R6_C5_10,6,400.0,2.625,inter_cycle_dwell,9,30.0,1.9359717999999972,0.0,-0.2327965786414666,-0.2327965786414666,0.0,0.014843286449114293,0.5152635995146295,0.15490000000000004,creep-related exploratory evidence,not constant-force creep and not independent no-contact evidence
2026-08-07,2026-08-07_140221_558208_1_R6_C6_10,6,400.0,3.5,holding,10,7.0,0.4001041000000001,0.0,1.0533356454032736,1.0533356454032736,0.0,2.7398926122741103,0.39166945220638505,5.5920749999999995,creep-related exploratory evidence,not constant-force creep and not independent no-contact evidence
2026-08-07,2026-08-07_140221_558208_1_R6_C6_10,6,400.0,3.5,inter_cycle_dwell,9,30.0,1.935885299999999,0.0,-0.15436653012994384,-0.15436653012994384,0.0,0.015236029461639124,0.38057405607707256,-2.39545,creep-related exploratory evidence,not constant-force creep and not independent no-contact evidence
2026-08-07,2026-08-07_140358_124283_1_R6_C7_10,6,600.0,1.75,holding,10,7.0,0.4025757000000003,0.0,0.3526182228229383,0.3526182228229383,0.0,0.6331858453160029,0.2810066935330957,4.4044,creep-related exploratory evidence,not constant-force creep and not independent no-contact evidence
2026-08-07,2026-08-07_140358_124283_1_R6_C7_10,6,600.0,1.75,inter_cycle_dwell,9,30.0,1.9360833999999998,0.0,-0.30536144181543345,-0.30536144181543345,0.0,0.00894173525676311,0.2813488835185855,1.3991000000000002,creep-related exploratory evidence,not constant-force creep and not independent no-contact evidence
2026-08-07,2026-08-07_140514_509041_1_R6_C8_10,6,600.0,2.625,holding,10,7.0,0.39995569999999914,0.0,0.398380443031184,0.398380443031184,0.0,1.024197342478957,0.4034259613938739,6.8575,creep-related exploratory evidence,not constant-force creep and not independent no-contact evidence
2026-08-07,2026-08-07_140514_509041_1_R6_C8_10,6,600.0,2.625,inter_cycle_dwell,9,30.0,1.9358266999999998,0.0,-0.2341819896968261,-0.2341819896968261,0.0,0.006610645076733824,0.4348282007187148,1.6336,creep-related exploratory evidence,not constant-force creep and not independent no-contact evidence
2026-08-07,2026-08-07_140619_186445_1_R6_C9_10,6,600.0,3.5,holding,10,7.0,0.4000966499999993,0.0,0.49642433201175445,0.49642433201175445,0.0,1.5966269654192717,0.43874005605824173,6.1414,creep-related exploratory evidence,not constant-force creep and not independent no-contact evidence
2026-08-07,2026-08-07_140619_186445_1_R6_C9_10,6,600.0,3.5,inter_cycle_dwell,9,30.0,1.9360816,0.0,-0.2397541055694763,-0.2397541055694763,0.0,0.01079065638693466,0.43798002221145954,3.6134500000000003,creep-related exploratory evidence,not constant-force creep and not independent no-contact evidence
2026-08-07,2026-08-07_140827_356397_1_R5_C1_10,5,200.0,1.75,holding,10,7.5,0.43040455000000044,0.0,0.13366825266831261,0.13366825266831261,0.0,0.5557133983220512,0.20473463402362577,-0.08394999999999997,creep-related exploratory evidence,not constant-force creep and not independent no-contact evidence
2026-08-07,2026-08-07_140827_356397_1_R5_C1_10,5,200.0,1.75,inter_cycle_dwell,9,30.0,1.9361048000000025,0.0,-0.11588550270513613,-0.11588550270513613,0.0,0.005254376608788737,0.2043684383690636,-0.7709,creep-related exploratory evidence,not constant-force creep and not independent no-contact evidence
2026-08-07,2026-08-07_140946_637079_1_R5_C2_10,5,200.0,2.625,holding,10,7.5,0.4308340500000014,0.0,0.17449741735789898,0.17449741735789898,0.0,0.8995984146238303,0.25471249218869074,8.210450000000002,creep-related exploratory evidence,not constant-force creep and not independent no-contact evidence
2026-08-07,2026-08-07_140946_637079_1_R5_C2_10,5,200.0,2.625,inter_cycle_dwell,9,30.0,1.9360445000000013,0.0,-0.0841268485678843,-0.0841268485678843,0.0,0.006963741135896416,0.2511306829836705,-6.1849,creep-related exploratory evidence,not constant-force creep and not independent no-contact evidence
2026-08-07,2026-08-07_141105_019594_1_R5_C3_10,5,200.0,3.5,holding,10,7.5,0.43079650000000136,0.0,0.2417528451015452,0.24175284510154516,0.0,1.4760657679047466,0.3202435270975163,8.268825,creep-related exploratory evidence,not constant-force creep and not independent no-contact evidence
2026-08-07,2026-08-07_141105_019594_1_R5_C3_10,5,200.0,3.5,inter_cycle_dwell,9,45.0,2.928169000000004,0.0,-0.05478987345009793,-0.05478987345009793,0.0,0.007683713990179697,0.3201023977213248,-0.6645,creep-related exploratory evidence,not constant-force creep and not independent no-contact evidence
2026-08-07,2026-08-07_141238_342189_1_R5_C4_10,5,400.0,1.75,holding,10,8.0,0.46371959999999923,0.0,0.23097052364757625,0.23097052364757625,0.0,0.507832493903814,0.22763819615875552,0.05834999999999968,creep-related exploratory evidence,not constant-force creep and not independent no-contact evidence
2026-08-07,2026-08-07_141238_342189_1_R5_C4_10,5,400.0,1.75,inter_cycle_dwell,9,30.0,1.9358003999999998,0.0,-0.19292340749886164,-0.19292340749886164,0.0,0.005600293594001527,0.2277468283628247,4.90305,creep-related exploratory evidence,not constant-force creep and not independent no-contact evidence
2026-08-07,2026-08-07_141341_745844_1_R5_C5_10,5,400.0,2.625,holding,10,7.0,0.4006043,0.0,0.3076691106362396,0.3076691106362396,0.0,0.9205518475282922,0.3071904175020088,3.5058249999999997,creep-related exploratory evidence,not constant-force creep and not independent no-contact evidence
2026-08-07,2026-08-07_141341_745844_1_R5_C5_10,5,400.0,2.625,inter_cycle_dwell,9,30.0,1.9360782000000003,0.0,-0.16821416946191112,-0.16821416946191112,0.0,0.006294677181552232,0.30645620611515406,-0.2847,creep-related exploratory evidence,not constant-force creep and not independent no-contact evidence
2026-08-07,2026-08-07_141459_959333_1_R5_C6_10,5,400.0,3.5,holding,10,8.0,0.46376045000000055,0.0,0.5644668465838973,0.5644668465838973,0.0,1.6516485677416592,0.3009752285747729,2.389075,creep-related exploratory evidence,not constant-force creep and not independent no-contact evidence
2026-08-07,2026-08-07_141459_959333_1_R5_C6_10,5,400.0,3.5,inter_cycle_dwell,9,30.0,1.9359751000000003,0.0,-0.1475515808559871,-0.1475515808559871,0.0,0.009618654873303724,0.30063986639195867,6.2749500000000005,creep-related exploratory evidence,not constant-force creep and not independent no-contact evidence
2026-08-07,2026-08-07_141603_725937_1_R5_C7_10,5,600.0,1.75,holding,10,7.5,0.4333466500000006,0.0,0.3189758785815784,0.3189758785815784,0.0,0.5296782252793734,0.3522786387921576,2.9350250000000004,creep-related exploratory evidence,not constant-force creep and not independent no-contact evidence
2026-08-07,2026-08-07_141603_725937_1_R5_C7_10,5,600.0,1.75,inter_cycle_dwell,9,30.0,1.9359567999999996,0.0,-0.23987659099588546,-0.23987659099588546,0.0,0.0072434533228993665,0.351437268434882,5.84295,creep-related exploratory evidence,not constant-force creep and not independent no-contact evidence
2026-08-07,2026-08-07_141730_372163_1_R5_C8_10,5,600.0,2.625,holding,10,8.0,0.4634549499999987,0.0,0.4083051754568537,0.4083051754568537,0.0,0.8758445901105686,0.27971013646464493,-6.18525,creep-related exploratory evidence,not constant-force creep and not independent no-contact evidence
2026-08-07,2026-08-07_141730_372163_1_R5_C8_10,5,600.0,2.625,inter_cycle_dwell,9,30.0,1.9361204,0.0,-0.2649066901690944,-0.2649066901690944,0.0,0.008887394381674192,0.2789310390835275,5.0189,creep-related exploratory evidence,not constant-force creep and not independent no-contact evidence
2026-08-07,2026-08-07_141909_581407_1_R5_C9_10,5,600.0,3.5,holding,10,7.5,0.43169730000000006,0.0,0.7944512018968989,0.7944512018968989,0.0,1.6970163517435455,0.17237332204272196,3.83125,creep-related exploratory evidence,not constant-force creep and not independent no-contact evidence
2026-08-07,2026-08-07_141909_581407_1_R5_C9_10,5,600.0,3.5,inter_cycle_dwell,9,30.0,1.9359417000000008,0.0,-0.26044587761726695,-0.26044587761726695,0.0,0.013934268320594738,0.17390878879959526,-0.8805499999999999,creep-related exploratory evidence,not constant-force creep and not independent no-contact evidence
2026-08-07,2026-08-07_142150_188860_1_R4_C1_10,4,200.0,1.75,holding,10,8.0,0.4640361999999997,0.0,0.138550254526875,0.13855025452687503,0.0,0.6154945541596584,0.2831229726588052,-1.3060749999999999,creep-related exploratory evidence,not constant-force creep and not independent no-contact evidence
2026-08-07,2026-08-07_142150_188860_1_R4_C1_10,4,200.0,1.75,inter_cycle_dwell,9,30.0,1.9358866999999975,0.0,-0.11804277103341998,-0.11804277103341998,0.0,0.004546875041165743,0.28312638202052,5.586399999999999,creep-related exploratory evidence,not constant-force creep and not independent no-contact evidence
2026-08-07,2026-08-07_142331_778138_1_R4_C2_10,4,200.0,2.625,holding,10,8.0,0.45920099999999997,0.0,0.3178109492236089,0.3178109492236089,0.0,1.2395273374212799,0.3290162349525675,1.0996249999999992,creep-related exploratory evidence,not constant-force creep and not independent no-contact evidence
2026-08-07,2026-08-07_142331_778138_1_R4_C2_10,4,200.0,2.625,inter_cycle_dwell,9,30.0,1.9360465999999974,0.0,-0.09654536597791386,-0.09654536597791386,0.0,0.020424092720096584,0.3326589200682367,5.235950000000001,creep-related exploratory evidence,not constant-force creep and not independent no-contact evidence
2026-08-07,2026-08-07_142448_171570_1_R4_C3_10,4,200.0,3.5,holding,10,7.5,0.4394247999999985,0.0,0.36337598783162883,0.36337598783162883,0.0,2.0584271076695178,0.3810760768350621,-0.8093000000000004,creep-related exploratory evidence,not constant-force creep and not independent no-contact evidence
2026-08-07,2026-08-07_142448_171570_1_R4_C3_10,4,200.0,3.5,inter_cycle_dwell,9,45.0,2.936976699999999,0.0,-0.0429444787185119,-0.0429444787185119,0.0,0.02961860570097352,0.37633432237411274,5.8576,creep-related exploratory evidence,not constant-force creep and not independent no-contact evidence
2026-08-07,2026-08-07_142628_905280_1_R4_C4_10,4,400.0,1.75,holding,10,7.5,0.43194140000000036,0.0,0.236493240590939,0.236493240590939,0.0,0.5703844932502171,0.28318347793425147,4.776225,creep-related exploratory evidence,not constant-force creep and not independent no-contact evidence
2026-08-07,2026-08-07_142628_905280_1_R4_C4_10,4,400.0,1.75,inter_cycle_dwell,9,30.0,1.9360582999999991,0.0,-0.19779977035097263,-0.19779977035097263,0.0,0.006862964340704763,0.28147344975423116,6.0154499999999995,creep-related exploratory evidence,not constant-force creep and not independent no-contact evidence
2026-08-07,2026-08-07_142725_765637_1_R4_C5_10,4,400.0,2.625,holding,10,8.0,0.4639225500000004,0.0,0.5082644439923845,0.5082644439923846,0.0,1.1487380655701613,0.4305236478466504,1.8883500000000002,creep-related exploratory evidence,not constant-force creep and not independent no-contact evidence
2026-08-07,2026-08-07_142725_765637_1_R4_C5_10,4,400.0,2.625,inter_cycle_dwell,9,30.0,1.9351121,0.0,-0.14585078048794417,-0.14585078048794417,0.0,0.010800677742119605,0.4296453456458512,5.5157,creep-related exploratory evidence,not constant-force creep and not independent no-contact evidence
2026-08-07,2026-08-07_142829_384154_1_R4_C6_10,4,400.0,3.5,holding,10,7.0,0.40097249999999995,0.0,0.6202231191888999,0.6202231191888999,0.0,1.8586878839112866,0.24902687456840633,8.94015,creep-related exploratory evidence,not constant-force creep and not independent no-contact evidence
2026-08-07,2026-08-07_142829_384154_1_R4_C6_10,4,400.0,3.5,inter_cycle_dwell,9,30.0,1.9361733999999995,0.0,-0.22726325806589573,-0.22726325806589573,0.0,0.012923556920288777,0.24832126371855057,0.55125,creep-related exploratory evidence,not constant-force creep and not independent no-contact evidence
2026-08-07,2026-08-07_142948_893571_1_R4_C7_10,4,600.0,1.75,holding,10,7.0,0.4002401500000019,0.0,0.31910407745226005,0.31910407745226005,0.0,0.5926979853216328,0.3601213198602114,-0.39385000000000003,creep-related exploratory evidence,not constant-force creep and not independent no-contact evidence
2026-08-07,2026-08-07_142948_893571_1_R4_C7_10,4,600.0,1.75,inter_cycle_dwell,9,30.0,1.9359393999999996,0.0,-0.29102364247387974,-0.29102364247387974,0.0,0.007933522509817449,0.35969819172917855,6.71395,creep-related exploratory evidence,not constant-force creep and not independent no-contact evidence
2026-08-07,2026-08-07_143104_921482_1_R4_C8_10,4,600.0,2.625,holding,10,8.0,0.46390814999999996,0.0,0.5899422254615697,0.5899422254615697,0.0,1.1917507808475685,0.41954947812321636,2.8737500000000002,creep-related exploratory evidence,not constant-force creep and not independent no-contact evidence
2026-08-07,2026-08-07_143104_921482_1_R4_C8_10,4,600.0,2.625,inter_cycle_dwell,9,30.0,1.9359611,0.0,-0.23550170673174614,-0.23550170673174614,0.0,0.01654506754943456,0.415332026889744,5.88955,creep-related exploratory evidence,not constant-force creep and not independent no-contact evidence
2026-08-07,2026-08-07_143211_557162_1_R4_C9_10,4,600.0,3.5,holding,10,7.0,0.40436720000000115,0.0,0.9375383440214966,0.9375383440214966,0.0,2.2189063955113353,0.3189078466161518,3.5368000000000004,creep-related exploratory evidence,not constant-force creep and not independent no-contact evidence
2026-08-07,2026-08-07_143211_557162_1_R4_C9_10,4,600.0,3.5,inter_cycle_dwell,9,30.0,1.9359585,0.0,-0.30109331939243944,-0.30109331939243944,0.0,0.01278908482808478,0.3186834072794635,2.9532999999999996,creep-related exploratory evidence,not constant-force creep and not independent no-contact evidence
2026-08-07,2026-08-07_143439_978377_1_R3_C1_10,3,200.0,1.75,holding,10,7.0,0.4009625999999997,79.9,0.16925713076516438,0.16925713076516438,172.2,0.7148116075046012,0.42818781091905495,-0.19620000000000015,creep-related exploratory evidence,not constant-force creep and not independent no-contact evidence
2026-08-07,2026-08-07_143439_978377_1_R3_C1_10,3,200.0,1.75,inter_cycle_dwell,9,30.0,1.9354667999999933,32.44444444444444,-0.12030786722307313,-0.12030786722307313,89.66666666666667,0.007213808236326175,0.4280879440424063,0.7180499999999999,creep-related exploratory evidence,not constant-force creep and not independent no-contact evidence
2026-08-07,2026-08-07_143559_165814_1_R3_C2_10,3,200.0,2.625,holding,10,7.5,0.43191960000000074,48.8,0.2566040236792401,0.2566040236792401,94.1,1.1896131812759894,0.33388166433060035,4.578075,creep-related exploratory evidence,not constant-force creep and not independent no-contact evidence
2026-08-07,2026-08-07_143559_165814_1_R3_C2_10,3,200.0,2.625,inter_cycle_dwell,9,30.0,1.9359380999999996,44.333333333333336,-0.13282559896713064,-0.13282559896713064,84.44444444444444,0.008447134368569273,0.33315049043938894,3.06715,creep-related exploratory evidence,not constant-force creep and not independent no-contact evidence
2026-08-07,2026-08-07_143708_058660_1_R3_C3_10,3,200.0,3.5,holding,10,8.0,0.4616781000000012,-67.2,0.4154165846282365,0.4154165846282365,79.6,1.9289688433078829,0.35018573141624404,2.44935,creep-related exploratory evidence,not constant-force creep and not independent no-contact evidence
2026-08-07,2026-08-07_143708_058660_1_R3_C3_10,3,200.0,3.5,inter_cycle_dwell,9,45.0,2.943705999999999,-12.777777777777779,-0.12508419909818944,-0.12508419909818944,108.55555555555556,0.011210309514982926,0.350141251719438,6.8606,creep-related exploratory evidence,not constant-force creep and not independent no-contact evidence
2026-08-07,2026-08-07_143834_343810_1_R3_C4_10,3,400.0,1.75,holding,10,8.0,0.46381534999999996,5.2,0.3385128900524566,0.3385128900524566,41.4,0.68043585011097,0.32375632504124635,3.9683,creep-related exploratory evidence,not constant-force creep and not independent no-contact evidence
2026-08-07,2026-08-07_143834_343810_1_R3_C4_10,3,400.0,1.75,inter_cycle_dwell,9,30.0,1.9361651000000002,91.44444444444444,-0.22092031232715637,-0.22092031232715637,174.88888888888889,0.005841509681023199,0.32701655135694874,6.59975,creep-related exploratory evidence,not constant-force creep and not independent no-contact evidence
2026-08-07,2026-08-07_143951_031030_1_R3_C5_10,3,400.0,2.625,holding,10,7.0,0.40010915000000047,-57.9,0.32175691067587986,0.32175691067587986,63.4,1.0655409864636456,0.30417982438880925,-3.23725,creep-related exploratory evidence,not constant-force creep and not independent no-contact evidence
2026-08-07,2026-08-07_143951_031030_1_R3_C5_10,3,400.0,2.625,inter_cycle_dwell,9,30.0,1.9362224999999995,204.77777777777777,-0.266233463712036,-0.266233463712036,268.3333333333333,0.00989961838493837,0.30324282816908055,3.25705,creep-related exploratory evidence,not constant-force creep and not independent no-contact evidence
2026-08-07,2026-08-07_144054_585104_1_R3_C6_10,3,400.0,3.5,holding,10,7.0,0.4005135500000012,47.9,0.8094618873559464,0.8094618873559464,68.7,2.1190955375227754,0.39059746801891154,-3.009425,creep-related exploratory evidence,not constant-force creep and not independent no-contact evidence
2026-08-07,2026-08-07_144054_585104_1_R3_C6_10,3,400.0,3.5,inter_cycle_dwell,9,30.0,1.9356928999999994,51.666666666666664,-0.19308025764232614,-0.19308025764232614,135.66666666666666,0.016986692935978258,0.3882367798873835,4.18585,creep-related exploratory evidence,not constant-force creep and not independent no-contact evidence
2026-08-07,2026-08-07_144200_325579_1_R3_C7_10,3,600.0,1.75,holding,10,7.5,0.43975405000000034,-154.1,0.38511976392540725,0.38511976392540725,42.2,0.6915184497813505,0.41134732311446753,7.116425,creep-related exploratory evidence,not constant-force creep and not independent no-contact evidence
2026-08-07,2026-08-07_144200_325579_1_R3_C7_10,3,600.0,1.75,inter_cycle_dwell,9,30.0,1.9361037999999997,96.11111111111111,-0.3574788561411181,-0.3574788561411181,215.66666666666666,0.007039099368386505,0.40973767564793473,3.2363,creep-related exploratory evidence,not constant-force creep and not independent no-contact evidence
2026-08-07,2026-08-07_144307_932339_1_R3_C8_10,3,600.0,2.625,holding,10,8.0,0.45515304999999895,15.3,0.44857047004084255,0.44857047004084255,97.2,1.070701233427006,0.39335401639000844,-3.5052249999999994,creep-related exploratory evidence,not constant-force creep and not independent no-contact evidence
2026-08-07,2026-08-07_144307_932339_1_R3_C8_10,3,600.0,2.625,inter_cycle_dwell,9,30.0,1.9358246000000001,-6.111111111111111,-0.29243110068956657,-0.29243110068956657,186.44444444444446,0.00716722650202509,0.39310863473148894,3.254,creep-related exploratory evidence,not constant-force creep and not independent no-contact evidence
2026-08-07,2026-08-07_144428_518012_1_R3_C9_10,3,600.0,3.5,holding,10,7.5,0.43968584999999827,-257.2,1.0424128187111523,1.0424128187111523,109.6,2.212621799500414,0.36719478202047684,8.229849999999999,creep-related exploratory evidence,not constant-force creep and not independent no-contact evidence
2026-08-07,2026-08-07_144428_518012_1_R3_C9_10,3,600.0,3.5,inter_cycle_dwell,9,30.0,1.935867100000003,-38.77777777777778,-0.3009610137744567,-0.3009610137744567,189.66666666666666,0.01660434434289114,0.3679418684938399,-4.559749999999999,creep-related exploratory evidence,not constant-force creep and not independent no-contact evidence
2026-08-07,2026-08-07_144631_897061_1_R2_C1_10,2,200.0,1.75,holding,10,7.5,0.4284601499999985,0.0,0.13434626577560388,0.13434626577560388,0.0,0.5937701715611803,0.3758861685669126,4.463749999999999,creep-related exploratory evidence,not constant-force creep and not independent no-contact evidence
2026-08-07,2026-08-07_144631_897061_1_R2_C1_10,2,200.0,1.75,inter_cycle_dwell,9,30.0,1.935970000000001,0.0,-0.09705326674864634,-0.09705326674864634,0.0,0.007541864759674789,0.37548285986162255,7.51365,creep-related exploratory evidence,not constant-force creep and not independent no-contact evidence
2026-08-07,2026-08-07_144756_980761_1_R2_C2_10,2,200.0,2.625,holding,10,8.0,0.46397820000000234,0.0,0.2431184665484177,0.2431184665484177,0.0,1.0344819159394196,0.2792362649727561,2.0504000000000007,creep-related exploratory evidence,not constant-force creep and not independent no-contact evidence
2026-08-07,2026-08-07_144756_980761_1_R2_C2_10,2,200.0,2.625,inter_cycle_dwell,9,30.0,1.9358760000000004,15.666666666666666,-0.09761940558929921,-0.09761940558929921,15.666666666666666,0.010933337969706271,0.276774144075807,8.02295,creep-related exploratory evidence,not constant-force creep and not independent no-contact evidence
2026-08-07,2026-08-07_144902_920168_1_R2_C3_10,2,200.0,3.5,holding,10,8.0,0.4638143500000034,0.0,0.40600734516067316,0.40600734516067327,0.0,1.879512124826272,0.3894280372497938,4.7970749999999995,creep-related exploratory evidence,not constant-force creep and not independent no-contact evidence
2026-08-07,2026-08-07_144902_920168_1_R2_C3_10,2,200.0,3.5,inter_cycle_dwell,9,45.0,2.9438862999999955,0.0,-0.08535811063679583,-0.08535811063679583,0.0,0.011686722544349092,0.3891865134522523,7.0119,creep-related exploratory evidence,not constant-force creep and not independent no-contact evidence
2026-08-07,2026-08-07_145023_400029_1_R2_C4_10,2,400.0,1.75,holding,10,8.0,0.4639803999999996,0.0,0.27843723108792306,0.27843723108792306,0.0,0.5674246182860978,0.4044394110494576,3.8878250000000003,creep-related exploratory evidence,not constant-force creep and not independent no-contact evidence
2026-08-07,2026-08-07_145023_400029_1_R2_C4_10,2,400.0,1.75,inter_cycle_dwell,9,30.0,1.9359053999999993,0.0,-0.1568316019171122,-0.1568316019171122,0.0,0.006907128568936216,0.40420656489104034,2.8895999999999997,creep-related exploratory evidence,not constant-force creep and not independent no-contact evidence
2026-08-07,2026-08-07_145129_967571_1_R2_C5_10,2,400.0,2.625,holding,10,7.0,0.4003604000000003,-21.6,0.3908329682534271,0.39083296825342717,0.0,1.044586550359599,0.38108572022096654,-4.198649999999999,creep-related exploratory evidence,not constant-force creep and not independent no-contact evidence
2026-08-07,2026-08-07_145129_967571_1_R2_C5_10,2,400.0,2.625,inter_cycle_dwell,9,30.0,1.9359471999999993,-21.88888888888889,-0.21738298913369253,-0.21738298913369253,0.0,0.01003280887549552,0.3864328287774301,1.0227499999999998,creep-related exploratory evidence,not constant-force creep and not independent no-contact evidence
2026-08-07,2026-08-07_145235_712747_1_R2_C6_10,2,400.0,3.5,holding,10,7.0,0.4008838499999996,0.0,0.567833828338175,0.567833828338175,0.0,1.8162263169763566,0.3303175251402389,7.346349999999999,creep-related exploratory evidence,not constant-force creep and not independent no-contact evidence
2026-08-07,2026-08-07_145235_712747_1_R2_C6_10,2,400.0,3.5,inter_cycle_dwell,9,30.0,1.9363481999999976,20.666666666666668,-0.19864563367566668,-0.19864563367566668,36.77777777777778,0.01379029697309857,0.32940723779672,-2.94015,creep-related exploratory evidence,not constant-force creep and not independent no-contact evidence
2026-08-07,2026-08-07_145400_245009_1_R2_C7_10,2,600.0,1.75,holding,10,7.0,0.39984850000000005,-54.6,0.36875698336662094,0.36875698336662094,0.0,0.6375950780018984,0.3937010554445394,-3.7880499999999993,creep-related exploratory evidence,not constant-force creep and not independent no-contact evidence
2026-08-07,2026-08-07_145400_245009_1_R2_C7_10,2,600.0,1.75,inter_cycle_dwell,9,30.0,1.9358626,40.333333333333336,-0.2551591766375914,-0.2551591766375914,41.44444444444444,0.006183574485010735,0.3953152608065186,4.9501,creep-related exploratory evidence,not constant-force creep and not independent no-contact evidence
2026-08-07,2026-08-07_145458_654619_1_R2_C8_10,2,600.0,2.625,holding,10,8.0,0.46379674999999976,0.0,0.5506040432209413,0.5506040432209414,0.0,1.151551658772864,0.4332422896784833,5.17395,creep-related exploratory evidence,not constant-force creep and not independent no-contact evidence
2026-08-07,2026-08-07_145458_654619_1_R2_C8_10,2,600.0,2.625,inter_cycle_dwell,9,30.0,1.9358013000000014,30.22222222222222,-0.23159215256168666,-0.23159215256168666,30.22222222222222,0.00788525734902572,0.43214160115574585,8.0659,creep-related exploratory evidence,not constant-force creep and not independent no-contact evidence
2026-08-07,2026-08-07_145613_571627_1_R2_C9_10,2,600.0,3.5,holding,10,8.0,0.4628195499999985,0.0,0.9702606000104673,0.9702606000104673,0.0,2.1633717993792962,0.5040584527066805,-0.30955,creep-related exploratory evidence,not constant-force creep and not independent no-contact evidence
2026-08-07,2026-08-07_145613_571627_1_R2_C9_10,2,600.0,3.5,inter_cycle_dwell,9,30.0,1.9360043000000005,0.0,-0.30217238557588083,-0.30217238557588083,0.0,0.011949962253162076,0.5063674451381908,8.31055,creep-related exploratory evidence,not constant-force creep and not independent no-contact evidence
2026-08-07,2026-08-07_145838_520114_1_R1_C1_10,1,200.0,1.75,holding,10,7.5,0.434450800000004,270.2,0.149228184771776,0.149228184771776,719.6,0.6456722527097406,0.1600974735625108,8.018374999999999,creep-related exploratory evidence,not constant-force creep and not independent no-contact evidence
2026-08-07,2026-08-07_145838_520114_1_R1_C1_10,1,200.0,1.75,inter_cycle_dwell,9,30.0,1.9359697000000011,-244.11111111111111,-0.11646332309748653,-0.11646332309748653,609.0,0.006842740504175018,0.1623766271073644,-3.8374,creep-related exploratory evidence,not constant-force creep and not independent no-contact evidence
2026-08-07,2026-08-07_145956_431473_1_R1_C2_10,1,200.0,2.625,holding,10,7.0,0.40097859999999996,-94.4,0.17446849442620402,0.17446849442620402,984.6,0.9839240806153594,0.14657546760078713,10.919825,creep-related exploratory evidence,not constant-force creep and not independent no-contact evidence
2026-08-07,2026-08-07_145956_431473_1_R1_C2_10,1,200.0,2.625,inter_cycle_dwell,9,30.0,1.9358496999999986,106.33333333333333,-0.12757761327853487,-0.12757761327853487,1279.3333333333333,0.008368244001489259,0.14829872104540176,3.8543,creep-related exploratory evidence,not constant-force creep and not independent no-contact evidence
2026-08-07,2026-08-07_150122_586242_1_R1_C3_10,1,200.0,3.5,holding,10,7.0,0.40015775000000087,200.8,0.31089818570402517,0.31089818570402517,944.0,1.4973248339120957,0.1435690102274187,-0.5811750000000001,creep-related exploratory evidence,not constant-force creep and not independent no-contact evidence
2026-08-07,2026-08-07_150122_586242_1_R1_C3_10,1,200.0,3.5,inter_cycle_dwell,9,45.0,2.9290638000000015,24.22222222222222,-0.11382144590231741,-0.11382144590231741,1072.2222222222222,0.007696304110342738,0.1439437187366631,8.2639,creep-related exploratory evidence,not constant-force creep and not independent no-contact evidence
2026-08-07,2026-08-07_150245_907207_1_R1_C4_10,1,400.0,1.75,holding,10,7.0,0.4056704000000009,-152.3,0.2676566342375527,0.2676566342375527,516.9,0.6058414323058158,0.13739473276609146,8.130625,creep-related exploratory evidence,not constant-force creep and not independent no-contact evidence
2026-08-07,2026-08-07_150245_907207_1_R1_C4_10,1,400.0,1.75,inter_cycle_dwell,9,30.0,1.9335136,-139.66666666666666,-0.2216422761341437,-0.2216422761341437,409.0,0.005100467717391465,0.1364802386291321,8.866800000000001,creep-related exploratory evidence,not constant-force creep and not independent no-contact evidence
2026-08-07,2026-08-07_150348_209187_1_R1_C5_10,1,400.0,2.625,holding,10,7.5,0.4319574500000014,-159.7,0.21647396693689186,0.21647396693689186,397.0,0.8758739499001171,0.13663388831078638,0.3386500000000001,creep-related exploratory evidence,not constant-force creep and not independent no-contact evidence
2026-08-07,2026-08-07_150348_209187_1_R1_C5_10,1,400.0,2.625,inter_cycle_dwell,9,30.0,1.9361131,-331.3333333333333,-0.24313931016390194,-0.24313931016390194,623.0,0.006204283339831353,0.13647313313676115,3.64185,creep-related exploratory evidence,not constant-force creep and not independent no-contact evidence
2026-08-07,2026-08-07_150452_569537_1_R1_C6_10,1,400.0,3.5,holding,10,7.0,0.4035807000000009,47.0,0.5302653892670035,0.5302653892670035,728.4,1.534720763248783,0.15319269568628066,3.0412500000000002,creep-related exploratory evidence,not constant-force creep and not independent no-contact evidence
2026-08-07,2026-08-07_150452_569537_1_R1_C6_10,1,400.0,3.5,inter_cycle_dwell,9,30.0,1.9361147,-229.11111111111111,-0.2833500091928023,-0.2833500091928023,875.8888888888889,0.009139542648028555,0.15469421934151656,9.6852,creep-related exploratory evidence,not constant-force creep and not independent no-contact evidence
2026-08-07,2026-08-07_150600_763161_1_R1_C7_10,1,600.0,1.75,holding,10,7.5,0.4318287000000005,-40.6,0.35260504401072473,0.35260504401072473,802.2,0.6093457497481617,0.13655734827812593,10.21865,creep-related exploratory evidence,not constant-force creep and not independent no-contact evidence
2026-08-07,2026-08-07_150600_763161_1_R1_C7_10,1,600.0,1.75,inter_cycle_dwell,9,30.0,1.9359477999999974,336.44444444444446,-0.32024911728401234,-0.32024911728401234,1242.5555555555557,0.005023128747599757,0.1369155608815129,8.56755,creep-related exploratory evidence,not constant-force creep and not independent no-contact evidence
2026-08-07,2026-08-07_150706_349207_1_R1_C8_10,1,600.0,2.625,holding,10,7.0,0.40012380000000014,312.1,0.3017764274241519,0.3017764274241519,1077.4,0.8625767532276875,0.1416693271975857,-6.7578,creep-related exploratory evidence,not constant-force creep and not independent no-contact evidence
2026-08-07,2026-08-07_150706_349207_1_R1_C8_10,1,600.0,2.625,inter_cycle_dwell,9,30.0,1.9360149,120.77777777777777,-0.30257791215987606,-0.30257791215987606,1487.0,0.0062087676089220434,0.1417434443764893,9.2825,creep-related exploratory evidence,not constant-force creep and not independent no-contact evidence
2026-08-07,2026-08-07_150828_746134_1_R1_C9_10,1,600.0,3.5,holding,10,7.0,0.4006146999999992,137.7,0.6098499466951371,0.6098499466951373,848.5,1.5545630556399808,0.1457868484920828,-0.4242750000000002,creep-related exploratory evidence,not constant-force creep and not independent no-contact evidence
2026-08-07,2026-08-07_150828_746134_1_R1_C9_10,1,600.0,3.5,inter_cycle_dwell,9,30.0,1.9361956999999999,190.0,-0.37997727756943417,-0.37997727756943417,1430.5555555555557,0.009175719129436143,0.1463776645266015,3.6500000000000004,creep-related exploratory evidence,not constant-force creep and not independent no-contact evidence
