archive_id,session_id,test_group,roi,lag_ms,correlation,absolute_correlation,overlap_frames
manual,2026-08-08_142130_319119_1_R1_TEST1,TEST1,1,-500.0,-0.29756814127256787,0.29756814127256787,1207
manual,2026-08-08_142130_319119_1_R1_TEST1,TEST1,1,-475.0,-0.34884028248581794,0.34884028248581794,1207
manual,2026-08-08_142130_319119_1_R1_TEST1,TEST1,1,-450.0,-0.3811657075659332,0.3811657075659332,1207
manual,2026-08-08_142130_319119_1_R1_TEST1,TEST1,1,-425.0,-0.3901962195907961,0.3901962195907961,1207
manual,2026-08-08_142130_319119_1_R1_TEST1,TEST1,1,-400.0,-0.38147605497325765,0.38147605497325765,1208
manual,2026-08-08_142130_319119_1_R1_TEST1,TEST1,1,-375.0,-0.38546744348171635,0.38546744348171635,1208
manual,2026-08-08_142130_319119_1_R1_TEST1,TEST1,1,-350.0,-0.37298336479383587,0.37298336479383587,1208
manual,2026-08-08_142130_319119_1_R1_TEST1,TEST1,1,-325.0,-0.3375292051780531,0.3375292051780531,1208
manual,2026-08-08_142130_319119_1_R1_TEST1,TEST1,1,-300.0,-0.2840182346038681,0.2840182346038681,1208
manual,2026-08-08_142130_319119_1_R1_TEST1,TEST1,1,-275.0,-0.22514723649273866,0.22514723649273866,1209
manual,2026-08-08_142130_319119_1_R1_TEST1,TEST1,1,-250.0,-0.16428562624538393,0.16428562624538393,1209
manual,2026-08-08_142130_319119_1_R1_TEST1,TEST1,1,-225.0,-0.08507028588531658,0.08507028588531658,1209
manual,2026-08-08_142130_319119_1_R1_TEST1,TEST1,1,-200.0,0.008400974140522608,0.008400974140522608,1209
manual,2026-08-08_142130_319119_1_R1_TEST1,TEST1,1,-175.0,0.10143053104414093,0.10143053104414093,1209
manual,2026-08-08_142130_319119_1_R1_TEST1,TEST1,1,-150.0,0.17957259190069313,0.17957259190069313,1209
manual,2026-08-08_142130_319119_1_R1_TEST1,TEST1,1,-125.0,0.2432279657032495,0.2432279657032495,1210
manual,2026-08-08_142130_319119_1_R1_TEST1,TEST1,1,-100.0,0.3154974900401936,0.3154974900401936,1210
manual,2026-08-08_142130_319119_1_R1_TEST1,TEST1,1,-75.0,0.3830529567298807,0.3830529567298807,1210
manual,2026-08-08_142130_319119_1_R1_TEST1,TEST1,1,-50.0,0.4302868427133396,0.4302868427133396,1210
manual,2026-08-08_142130_319119_1_R1_TEST1,TEST1,1,-25.0,0.45053090033184945,0.45053090033184945,1210
manual,2026-08-08_142130_319119_1_R1_TEST1,TEST1,1,0.0,0.44924259290936575,0.44924259290936575,1211
manual,2026-08-08_142130_319119_1_R1_TEST1,TEST1,1,25.0,0.45544028585163254,0.45544028585163254,1210
manual,2026-08-08_142130_319119_1_R1_TEST1,TEST1,1,50.0,0.4408415399927448,0.4408415399927448,1210
manual,2026-08-08_142130_319119_1_R1_TEST1,TEST1,1,75.0,0.39911369382312345,0.39911369382312345,1210
manual,2026-08-08_142130_319119_1_R1_TEST1,TEST1,1,100.0,0.3359929853639409,0.3359929853639409,1210
manual,2026-08-08_142130_319119_1_R1_TEST1,TEST1,1,125.0,0.2655513065637244,0.2655513065637244,1210
manual,2026-08-08_142130_319119_1_R1_TEST1,TEST1,1,150.0,0.20991696599171644,0.20991696599171644,1209
manual,2026-08-08_142130_319119_1_R1_TEST1,TEST1,1,175.0,0.14162827917820972,0.14162827917820972,1209
manual,2026-08-08_142130_319119_1_R1_TEST1,TEST1,1,200.0,0.05707691463337094,0.05707691463337094,1209
manual,2026-08-08_142130_319119_1_R1_TEST1,TEST1,1,225.0,-0.030920950222567276,0.030920950222567276,1209
manual,2026-08-08_142130_319119_1_R1_TEST1,TEST1,1,250.0,-0.10789689169885457,0.10789689169885457,1209
manual,2026-08-08_142130_319119_1_R1_TEST1,TEST1,1,275.0,-0.1713165077394184,0.1713165077394184,1208
manual,2026-08-08_142130_319119_1_R1_TEST1,TEST1,1,300.0,-0.2370519839034247,0.2370519839034247,1208
manual,2026-08-08_142130_319119_1_R1_TEST1,TEST1,1,325.0,-0.30130640835574557,0.30130640835574557,1208
manual,2026-08-08_142130_319119_1_R1_TEST1,TEST1,1,350.0,-0.3500265290743382,0.3500265290743382,1208
manual,2026-08-08_142130_319119_1_R1_TEST1,TEST1,1,375.0,-0.376004788697864,0.376004788697864,1208
manual,2026-08-08_142130_319119_1_R1_TEST1,TEST1,1,400.0,-0.383183806851995,0.383183806851995,1207
manual,2026-08-08_142130_319119_1_R1_TEST1,TEST1,1,425.0,-0.3919225048182364,0.3919225048182364,1207
manual,2026-08-08_142130_319119_1_R1_TEST1,TEST1,1,450.0,-0.3842108268154063,0.3842108268154063,1207
manual,2026-08-08_142130_319119_1_R1_TEST1,TEST1,1,475.0,-0.3532202104348396,0.3532202104348396,1207
manual,2026-08-08_142130_319119_1_R1_TEST1,TEST1,1,500.0,-0.3029814195386084,0.3029814195386084,1207
manual,2026-08-08_142601_715359_1_R2_TEST1,TEST1,2,-500.0,0.20761097792663324,0.20761097792663324,1107
manual,2026-08-08_142601_715359_1_R2_TEST1,TEST1,2,-475.0,0.18594544129141918,0.18594544129141918,1107
manual,2026-08-08_142601_715359_1_R2_TEST1,TEST1,2,-450.0,0.15096532707856794,0.15096532707856794,1107
manual,2026-08-08_142601_715359_1_R2_TEST1,TEST1,2,-425.0,0.10981835275061023,0.10981835275061023,1107
manual,2026-08-08_142601_715359_1_R2_TEST1,TEST1,2,-400.0,0.07017510499241561,0.07017510499241561,1107
manual,2026-08-08_142601_715359_1_R2_TEST1,TEST1,2,-375.0,0.007110947851915027,0.007110947851915027,1108
manual,2026-08-08_142601_715359_1_R2_TEST1,TEST1,2,-350.0,-0.06993566202044754,0.06993566202044754,1108
manual,2026-08-08_142601_715359_1_R2_TEST1,TEST1,2,-325.0,-0.1489057787249931,0.1489057787249931,1108
manual,2026-08-08_142601_715359_1_R2_TEST1,TEST1,2,-300.0,-0.21489636383212174,0.21489636383212174,1108
manual,2026-08-08_142601_715359_1_R2_TEST1,TEST1,2,-275.0,-0.26088473285638886,0.26088473285638886,1108
manual,2026-08-08_142601_715359_1_R2_TEST1,TEST1,2,-250.0,-0.30758048090453216,0.30758048090453216,1109
manual,2026-08-08_142601_715359_1_R2_TEST1,TEST1,2,-225.0,-0.35399989805580756,0.35399989805580756,1109
manual,2026-08-08_142601_715359_1_R2_TEST1,TEST1,2,-200.0,-0.38487152331238594,0.38487152331238594,1109
manual,2026-08-08_142601_715359_1_R2_TEST1,TEST1,2,-175.0,-0.3903886565128981,0.3903886565128981,1109
manual,2026-08-08_142601_715359_1_R2_TEST1,TEST1,2,-150.0,-0.37398449090307045,0.37398449090307045,1109
manual,2026-08-08_142601_715359_1_R2_TEST1,TEST1,2,-125.0,-0.34572802243187356,0.34572802243187356,1110
manual,2026-08-08_142601_715359_1_R2_TEST1,TEST1,2,-100.0,-0.2927538681927482,0.2927538681927482,1110
manual,2026-08-08_142601_715359_1_R2_TEST1,TEST1,2,-75.0,-0.21382257652208292,0.21382257652208292,1110
manual,2026-08-08_142601_715359_1_R2_TEST1,TEST1,2,-50.0,-0.11723729533927332,0.11723729533927332,1110
manual,2026-08-08_142601_715359_1_R2_TEST1,TEST1,2,-25.0,-0.021543042248362884,0.021543042248362884,1110
manual,2026-08-08_142601_715359_1_R2_TEST1,TEST1,2,0.0,0.05880308452924102,0.05880308452924102,1111
manual,2026-08-08_142601_715359_1_R2_TEST1,TEST1,2,25.0,0.15080990403045752,0.15080990403045752,1110
manual,2026-08-08_142601_715359_1_R2_TEST1,TEST1,2,50.0,0.2535021701767452,0.2535021701767452,1110
manual,2026-08-08_142601_715359_1_R2_TEST1,TEST1,2,75.0,0.34857964681853054,0.34857964681853054,1110
manual,2026-08-08_142601_715359_1_R2_TEST1,TEST1,2,100.0,0.4174605097595014,0.4174605097595014,1110
manual,2026-08-08_142601_715359_1_R2_TEST1,TEST1,2,125.0,0.4562689082134935,0.4562689082134935,1110
manual,2026-08-08_142601_715359_1_R2_TEST1,TEST1,2,150.0,0.48730338069542417,0.48730338069542417,1109
manual,2026-08-08_142601_715359_1_R2_TEST1,TEST1,2,175.0,0.5068699586840681,0.5068699586840681,1109
manual,2026-08-08_142601_715359_1_R2_TEST1,TEST1,2,200.0,0.49777077703884187,0.49777077703884187,1109
manual,2026-08-08_142601_715359_1_R2_TEST1,TEST1,2,225.0,0.45587978510103216,0.45587978510103216,1109
manual,2026-08-08_142601_715359_1_R2_TEST1,TEST1,2,250.0,0.39366953020774925,0.39366953020774925,1109
manual,2026-08-08_142601_715359_1_R2_TEST1,TEST1,2,275.0,0.3336201762528294,0.3336201762528294,1108
manual,2026-08-08_142601_715359_1_R2_TEST1,TEST1,2,300.0,0.2629070749510622,0.2629070749510622,1108
manual,2026-08-08_142601_715359_1_R2_TEST1,TEST1,2,325.0,0.16576001111169056,0.16576001111169056,1108
manual,2026-08-08_142601_715359_1_R2_TEST1,TEST1,2,350.0,0.05328042539774032,0.05328042539774032,1108
manual,2026-08-08_142601_715359_1_R2_TEST1,TEST1,2,375.0,-0.05329632673925443,0.05329632673925443,1108
manual,2026-08-08_142601_715359_1_R2_TEST1,TEST1,2,400.0,-0.13879958739196532,0.13879958739196532,1108
manual,2026-08-08_142601_715359_1_R2_TEST1,TEST1,2,425.0,-0.2122197176039438,0.2122197176039438,1107
manual,2026-08-08_142601_715359_1_R2_TEST1,TEST1,2,450.0,-0.2888950369043657,0.2888950369043657,1107
manual,2026-08-08_142601_715359_1_R2_TEST1,TEST1,2,475.0,-0.3535336179882699,0.3535336179882699,1107
manual,2026-08-08_142601_715359_1_R2_TEST1,TEST1,2,500.0,-0.39303194182082507,0.39303194182082507,1107
manual,2026-08-08_143408_738677_1_R3_TEST1,TEST1,3,-500.0,-0.052133487727753565,0.052133487727753565,952
manual,2026-08-08_143408_738677_1_R3_TEST1,TEST1,3,-475.0,-0.03294833864319283,0.03294833864319283,952
manual,2026-08-08_143408_738677_1_R3_TEST1,TEST1,3,-450.0,-0.010520815605186962,0.010520815605186962,952
manual,2026-08-08_143408_738677_1_R3_TEST1,TEST1,3,-425.0,0.010528062361666776,0.010528062361666776,952
manual,2026-08-08_143408_738677_1_R3_TEST1,TEST1,3,-400.0,0.026513544207096448,0.026513544207096448,953
manual,2026-08-08_143408_738677_1_R3_TEST1,TEST1,3,-375.0,0.040138349121924974,0.040138349121924974,953
manual,2026-08-08_143408_738677_1_R3_TEST1,TEST1,3,-350.0,0.05445457217717161,0.05445457217717161,953
manual,2026-08-08_143408_738677_1_R3_TEST1,TEST1,3,-325.0,0.06632367816016392,0.06632367816016392,953
manual,2026-08-08_143408_738677_1_R3_TEST1,TEST1,3,-300.0,0.07311629484118096,0.07311629484118096,953
manual,2026-08-08_143408_738677_1_R3_TEST1,TEST1,3,-275.0,0.075345368445974,0.075345368445974,953
manual,2026-08-08_143408_738677_1_R3_TEST1,TEST1,3,-250.0,0.08732899584319329,0.08732899584319329,954
manual,2026-08-08_143408_738677_1_R3_TEST1,TEST1,3,-225.0,0.10743075549786811,0.10743075549786811,954
manual,2026-08-08_143408_738677_1_R3_TEST1,TEST1,3,-200.0,0.12288321688454158,0.12288321688454158,954
manual,2026-08-08_143408_738677_1_R3_TEST1,TEST1,3,-175.0,0.12940170154853248,0.12940170154853248,954
manual,2026-08-08_143408_738677_1_R3_TEST1,TEST1,3,-150.0,0.12754327267822063,0.12754327267822063,954
manual,2026-08-08_143408_738677_1_R3_TEST1,TEST1,3,-125.0,0.12284686573237438,0.12284686573237438,955
manual,2026-08-08_143408_738677_1_R3_TEST1,TEST1,3,-100.0,0.1256561601114615,0.1256561601114615,955
manual,2026-08-08_143408_738677_1_R3_TEST1,TEST1,3,-75.0,0.12113178980487035,0.12113178980487035,955
manual,2026-08-08_143408_738677_1_R3_TEST1,TEST1,3,-50.0,0.10760486699825335,0.10760486699825335,955
manual,2026-08-08_143408_738677_1_R3_TEST1,TEST1,3,-25.0,0.08837962506443685,0.08837962506443685,955
manual,2026-08-08_143408_738677_1_R3_TEST1,TEST1,3,0.0,0.068663478357667,0.068663478357667,956
manual,2026-08-08_143408_738677_1_R3_TEST1,TEST1,3,25.0,0.05027249875266181,0.05027249875266181,955
manual,2026-08-08_143408_738677_1_R3_TEST1,TEST1,3,50.0,0.025012683920343972,0.025012683920343972,955
manual,2026-08-08_143408_738677_1_R3_TEST1,TEST1,3,75.0,-0.004485443574042587,0.004485443574042587,955
manual,2026-08-08_143408_738677_1_R3_TEST1,TEST1,3,100.0,-0.03239140948666594,0.03239140948666594,955
manual,2026-08-08_143408_738677_1_R3_TEST1,TEST1,3,125.0,-0.0541380706840573,0.0541380706840573,955
manual,2026-08-08_143408_738677_1_R3_TEST1,TEST1,3,150.0,-0.06755168352923759,0.06755168352923759,954
manual,2026-08-08_143408_738677_1_R3_TEST1,TEST1,3,175.0,-0.08243197891410443,0.08243197891410443,954
manual,2026-08-08_143408_738677_1_R3_TEST1,TEST1,3,200.0,-0.09374028591061245,0.09374028591061245,954
manual,2026-08-08_143408_738677_1_R3_TEST1,TEST1,3,225.0,-0.09824090043057612,0.09824090043057612,954
manual,2026-08-08_143408_738677_1_R3_TEST1,TEST1,3,250.0,-0.09642505384902454,0.09642505384902454,954
manual,2026-08-08_143408_738677_1_R3_TEST1,TEST1,3,275.0,-0.08488599798547937,0.08488599798547937,953
manual,2026-08-08_143408_738677_1_R3_TEST1,TEST1,3,300.0,-0.07664637323722415,0.07664637323722415,953
manual,2026-08-08_143408_738677_1_R3_TEST1,TEST1,3,325.0,-0.06182242445845455,0.06182242445845455,953
manual,2026-08-08_143408_738677_1_R3_TEST1,TEST1,3,350.0,-0.0418336672931644,0.0418336672931644,953
manual,2026-08-08_143408_738677_1_R3_TEST1,TEST1,3,375.0,-0.020918231677450355,0.020918231677450355,953
manual,2026-08-08_143408_738677_1_R3_TEST1,TEST1,3,400.0,-0.00256527794575483,0.00256527794575483,953
manual,2026-08-08_143408_738677_1_R3_TEST1,TEST1,3,425.0,0.028107103153201304,0.028107103153201304,952
manual,2026-08-08_143408_738677_1_R3_TEST1,TEST1,3,450.0,0.06539288892366135,0.06539288892366135,952
manual,2026-08-08_143408_738677_1_R3_TEST1,TEST1,3,475.0,0.10176049812591689,0.10176049812591689,952
manual,2026-08-08_143408_738677_1_R3_TEST1,TEST1,3,500.0,0.129519342392123,0.129519342392123,952
manual,2026-08-08_144407_344158_1_R4_TEST1,TEST1,4,-500.0,-0.018072057282540865,0.018072057282540865,959
manual,2026-08-08_144407_344158_1_R4_TEST1,TEST1,4,-475.0,-0.10421858185575071,0.10421858185575071,959
manual,2026-08-08_144407_344158_1_R4_TEST1,TEST1,4,-450.0,-0.1861237508251245,0.1861237508251245,959
manual,2026-08-08_144407_344158_1_R4_TEST1,TEST1,4,-425.0,-0.2462496529768327,0.2462496529768327,959
manual,2026-08-08_144407_344158_1_R4_TEST1,TEST1,4,-400.0,-0.2841886952745045,0.2841886952745045,960
manual,2026-08-08_144407_344158_1_R4_TEST1,TEST1,4,-375.0,-0.3358741686300106,0.3358741686300106,960
manual,2026-08-08_144407_344158_1_R4_TEST1,TEST1,4,-350.0,-0.3804347402607999,0.3804347402607999,960
manual,2026-08-08_144407_344158_1_R4_TEST1,TEST1,4,-325.0,-0.39896630288867985,0.39896630288867985,960
manual,2026-08-08_144407_344158_1_R4_TEST1,TEST1,4,-300.0,-0.38502339232025584,0.38502339232025584,960
manual,2026-08-08_144407_344158_1_R4_TEST1,TEST1,4,-275.0,-0.351358786171852,0.351358786171852,960
manual,2026-08-08_144407_344158_1_R4_TEST1,TEST1,4,-250.0,-0.31276620180824466,0.31276620180824466,961
manual,2026-08-08_144407_344158_1_R4_TEST1,TEST1,4,-225.0,-0.25057585091436435,0.25057585091436435,961
manual,2026-08-08_144407_344158_1_R4_TEST1,TEST1,4,-200.0,-0.15919092928613715,0.15919092928613715,961
manual,2026-08-08_144407_344158_1_R4_TEST1,TEST1,4,-175.0,-0.0547342332042935,0.0547342332042935,961
manual,2026-08-08_144407_344158_1_R4_TEST1,TEST1,4,-150.0,0.03880097310056982,0.03880097310056982,961
manual,2026-08-08_144407_344158_1_R4_TEST1,TEST1,4,-125.0,0.11661725466859554,0.11661725466859554,962
manual,2026-08-08_144407_344158_1_R4_TEST1,TEST1,4,-100.0,0.19669395959057084,0.19669395959057084,962
manual,2026-08-08_144407_344158_1_R4_TEST1,TEST1,4,-75.0,0.2800530587744361,0.2800530587744361,962
manual,2026-08-08_144407_344158_1_R4_TEST1,TEST1,4,-50.0,0.3446928650909406,0.3446928650909406,962
manual,2026-08-08_144407_344158_1_R4_TEST1,TEST1,4,-25.0,0.37780473130358855,0.37780473130358855,962
manual,2026-08-08_144407_344158_1_R4_TEST1,TEST1,4,0.0,0.38559801403006116,0.38559801403006116,963
manual,2026-08-08_144407_344158_1_R4_TEST1,TEST1,4,25.0,0.39301356957567496,0.39301356957567496,962
manual,2026-08-08_144407_344158_1_R4_TEST1,TEST1,4,50.0,0.377967988691408,0.377967988691408,962
manual,2026-08-08_144407_344158_1_R4_TEST1,TEST1,4,75.0,0.33064292539655826,0.33064292539655826,962
manual,2026-08-08_144407_344158_1_R4_TEST1,TEST1,4,100.0,0.25964471242238596,0.25964471242238596,962
manual,2026-08-08_144407_344158_1_R4_TEST1,TEST1,4,125.0,0.18561327530504712,0.18561327530504712,962
manual,2026-08-08_144407_344158_1_R4_TEST1,TEST1,4,150.0,0.12740627779807476,0.12740627779807476,961
manual,2026-08-08_144407_344158_1_R4_TEST1,TEST1,4,175.0,0.05541246495244624,0.05541246495244624,961
manual,2026-08-08_144407_344158_1_R4_TEST1,TEST1,4,200.0,-0.0328787238576834,0.0328787238576834,961
manual,2026-08-08_144407_344158_1_R4_TEST1,TEST1,4,225.0,-0.11830727586704991,0.11830727586704991,961
manual,2026-08-08_144407_344158_1_R4_TEST1,TEST1,4,250.0,-0.1836260216436451,0.1836260216436451,961
manual,2026-08-08_144407_344158_1_R4_TEST1,TEST1,4,275.0,-0.2366101150812949,0.2366101150812949,960
manual,2026-08-08_144407_344158_1_R4_TEST1,TEST1,4,300.0,-0.2961741606638223,0.2961741606638223,960
manual,2026-08-08_144407_344158_1_R4_TEST1,TEST1,4,325.0,-0.34788765520863074,0.34788765520863074,960
manual,2026-08-08_144407_344158_1_R4_TEST1,TEST1,4,350.0,-0.37360000483865685,0.37360000483865685,960
manual,2026-08-08_144407_344158_1_R4_TEST1,TEST1,4,375.0,-0.3695177898639418,0.3695177898639418,960
manual,2026-08-08_144407_344158_1_R4_TEST1,TEST1,4,400.0,-0.34839876657809,0.34839876657809,960
manual,2026-08-08_144407_344158_1_R4_TEST1,TEST1,4,425.0,-0.32565422088514373,0.32565422088514373,959
manual,2026-08-08_144407_344158_1_R4_TEST1,TEST1,4,450.0,-0.278281420918412,0.278281420918412,959
manual,2026-08-08_144407_344158_1_R4_TEST1,TEST1,4,475.0,-0.2030552306110774,0.2030552306110774,959
manual,2026-08-08_144407_344158_1_R4_TEST1,TEST1,4,500.0,-0.11546775882181591,0.11546775882181591,959
manual,2026-08-08_145009_272251_1_R5_TEST1,TEST1,5,-500.0,0.1934193986788592,0.1934193986788592,1040
manual,2026-08-08_145009_272251_1_R5_TEST1,TEST1,5,-475.0,0.1302689571836932,0.1302689571836932,1040
manual,2026-08-08_145009_272251_1_R5_TEST1,TEST1,5,-450.0,0.05587826377542628,0.05587826377542628,1040
manual,2026-08-08_145009_272251_1_R5_TEST1,TEST1,5,-425.0,-0.015860736632133412,0.015860736632133412,1040
manual,2026-08-08_145009_272251_1_R5_TEST1,TEST1,5,-400.0,-0.07453332584265113,0.07453332584265113,1041
manual,2026-08-08_145009_272251_1_R5_TEST1,TEST1,5,-375.0,-0.15482510942976802,0.15482510942976802,1041
manual,2026-08-08_145009_272251_1_R5_TEST1,TEST1,5,-350.0,-0.24406786932674956,0.24406786932674956,1041
manual,2026-08-08_145009_272251_1_R5_TEST1,TEST1,5,-325.0,-0.32558629164601444,0.32558629164601444,1041
manual,2026-08-08_145009_272251_1_R5_TEST1,TEST1,5,-300.0,-0.38332574957058524,0.38332574957058524,1041
manual,2026-08-08_145009_272251_1_R5_TEST1,TEST1,5,-275.0,-0.41429720634029765,0.41429720634029765,1041
manual,2026-08-08_145009_272251_1_R5_TEST1,TEST1,5,-250.0,-0.43938423296003515,0.43938423296003515,1042
manual,2026-08-08_145009_272251_1_R5_TEST1,TEST1,5,-225.0,-0.45339141465051075,0.45339141465051075,1042
manual,2026-08-08_145009_272251_1_R5_TEST1,TEST1,5,-200.0,-0.44149389326003036,0.44149389326003036,1042
manual,2026-08-08_145009_272251_1_R5_TEST1,TEST1,5,-175.0,-0.40059296097969277,0.40059296097969277,1042
manual,2026-08-08_145009_272251_1_R5_TEST1,TEST1,5,-150.0,-0.3422980696067393,0.3422980696067393,1042
manual,2026-08-08_145009_272251_1_R5_TEST1,TEST1,5,-125.0,-0.2821331605112197,0.2821331605112197,1043
manual,2026-08-08_145009_272251_1_R5_TEST1,TEST1,5,-100.0,-0.1967531936833085,0.1967531936833085,1043
manual,2026-08-08_145009_272251_1_R5_TEST1,TEST1,5,-75.0,-0.0863324894625359,0.0863324894625359,1043
manual,2026-08-08_145009_272251_1_R5_TEST1,TEST1,5,-50.0,0.03449796310123966,0.03449796310123966,1043
manual,2026-08-08_145009_272251_1_R5_TEST1,TEST1,5,-25.0,0.14362185480605144,0.14362185480605144,1043
manual,2026-08-08_145009_272251_1_R5_TEST1,TEST1,5,0.0,0.22831432426566856,0.22831432426566856,1044
manual,2026-08-08_145009_272251_1_R5_TEST1,TEST1,5,25.0,0.31678905057217244,0.31678905057217244,1043
manual,2026-08-08_145009_272251_1_R5_TEST1,TEST1,5,50.0,0.4070881554157236,0.4070881554157236,1043
manual,2026-08-08_145009_272251_1_R5_TEST1,TEST1,5,75.0,0.47927388131092286,0.47927388131092286,1043
manual,2026-08-08_145009_272251_1_R5_TEST1,TEST1,5,100.0,0.5182945258443068,0.5182945258443068,1043
manual,2026-08-08_145009_272251_1_R5_TEST1,TEST1,5,125.0,0.5269587365155852,0.5269587365155852,1043
manual,2026-08-08_145009_272251_1_R5_TEST1,TEST1,5,150.0,0.5314299112156837,0.5314299112156837,1042
manual,2026-08-08_145009_272251_1_R5_TEST1,TEST1,5,175.0,0.5190815410943965,0.5190815410943965,1042
manual,2026-08-08_145009_272251_1_R5_TEST1,TEST1,5,200.0,0.4732608084402972,0.4732608084402972,1042
manual,2026-08-08_145009_272251_1_R5_TEST1,TEST1,5,225.0,0.39634360711528777,0.39634360711528777,1042
manual,2026-08-08_145009_272251_1_R5_TEST1,TEST1,5,250.0,0.306307705084865,0.306307705084865,1042
manual,2026-08-08_145009_272251_1_R5_TEST1,TEST1,5,275.0,0.22571292116631517,0.22571292116631517,1041
manual,2026-08-08_145009_272251_1_R5_TEST1,TEST1,5,300.0,0.12710742740037284,0.12710742740037284,1041
manual,2026-08-08_145009_272251_1_R5_TEST1,TEST1,5,325.0,0.005413969760681715,0.005413969760681715,1041
manual,2026-08-08_145009_272251_1_R5_TEST1,TEST1,5,350.0,-0.12205536383844805,0.12205536383844805,1041
manual,2026-08-08_145009_272251_1_R5_TEST1,TEST1,5,375.0,-0.23220911216646714,0.23220911216646714,1041
manual,2026-08-08_145009_272251_1_R5_TEST1,TEST1,5,400.0,-0.31453104395019044,0.31453104395019044,1041
manual,2026-08-08_145009_272251_1_R5_TEST1,TEST1,5,425.0,-0.3885758829659745,0.3885758829659745,1040
manual,2026-08-08_145009_272251_1_R5_TEST1,TEST1,5,450.0,-0.45734508340161967,0.45734508340161967,1040
manual,2026-08-08_145009_272251_1_R5_TEST1,TEST1,5,475.0,-0.5029057748551874,0.5029057748551874,1040
manual,2026-08-08_145009_272251_1_R5_TEST1,TEST1,5,500.0,-0.5149350385301439,0.5149350385301439,1040
manual,2026-08-08_145348_428397_1_R6_TEST1,TEST1,6,-500.0,-0.01503427033336637,0.01503427033336637,773
manual,2026-08-08_145348_428397_1_R6_TEST1,TEST1,6,-475.0,-0.04545751317766638,0.04545751317766638,773
manual,2026-08-08_145348_428397_1_R6_TEST1,TEST1,6,-450.0,-0.07407850665306864,0.07407850665306864,773
manual,2026-08-08_145348_428397_1_R6_TEST1,TEST1,6,-425.0,-0.09569788917414487,0.09569788917414487,773
manual,2026-08-08_145348_428397_1_R6_TEST1,TEST1,6,-400.0,-0.11147335214159024,0.11147335214159024,774
manual,2026-08-08_145348_428397_1_R6_TEST1,TEST1,6,-375.0,-0.12183638029838678,0.12183638029838678,774
manual,2026-08-08_145348_428397_1_R6_TEST1,TEST1,6,-350.0,-0.12849164954025324,0.12849164954025324,774
manual,2026-08-08_145348_428397_1_R6_TEST1,TEST1,6,-325.0,-0.12712970173378796,0.12712970173378796,774
manual,2026-08-08_145348_428397_1_R6_TEST1,TEST1,6,-300.0,-0.11754219263935715,0.11754219263935715,774
manual,2026-08-08_145348_428397_1_R6_TEST1,TEST1,6,-275.0,-0.10358022930042249,0.10358022930042249,774
manual,2026-08-08_145348_428397_1_R6_TEST1,TEST1,6,-250.0,-0.07957870330896713,0.07957870330896713,775
manual,2026-08-08_145348_428397_1_R6_TEST1,TEST1,6,-225.0,-0.04396019105624431,0.04396019105624431,775
manual,2026-08-08_145348_428397_1_R6_TEST1,TEST1,6,-200.0,-0.0006520345164766119,0.0006520345164766119,775
manual,2026-08-08_145348_428397_1_R6_TEST1,TEST1,6,-175.0,0.042751911052095075,0.042751911052095075,775
manual,2026-08-08_145348_428397_1_R6_TEST1,TEST1,6,-150.0,0.07875930567840413,0.07875930567840413,775
manual,2026-08-08_145348_428397_1_R6_TEST1,TEST1,6,-125.0,0.1049511451706926,0.1049511451706926,776
manual,2026-08-08_145348_428397_1_R6_TEST1,TEST1,6,-100.0,0.1347880402948432,0.1347880402948432,776
manual,2026-08-08_145348_428397_1_R6_TEST1,TEST1,6,-75.0,0.16206386728319688,0.16206386728319688,776
manual,2026-08-08_145348_428397_1_R6_TEST1,TEST1,6,-50.0,0.17936312648599712,0.17936312648599712,776
manual,2026-08-08_145348_428397_1_R6_TEST1,TEST1,6,-25.0,0.18421116490657705,0.18421116490657705,776
manual,2026-08-08_145348_428397_1_R6_TEST1,TEST1,6,0.0,0.1801147994857348,0.1801147994857348,777
manual,2026-08-08_145348_428397_1_R6_TEST1,TEST1,6,25.0,0.18902048960548035,0.18902048960548035,776
manual,2026-08-08_145348_428397_1_R6_TEST1,TEST1,6,50.0,0.1814098843929068,0.1814098843929068,776
manual,2026-08-08_145348_428397_1_R6_TEST1,TEST1,6,75.0,0.16100090480180207,0.16100090480180207,776
manual,2026-08-08_145348_428397_1_R6_TEST1,TEST1,6,100.0,0.13112413377118198,0.13112413377118198,776
manual,2026-08-08_145348_428397_1_R6_TEST1,TEST1,6,125.0,0.09967717175075594,0.09967717175075594,776
manual,2026-08-08_145348_428397_1_R6_TEST1,TEST1,6,150.0,0.07409823209521843,0.07409823209521843,775
manual,2026-08-08_145348_428397_1_R6_TEST1,TEST1,6,175.0,0.03684596523076506,0.03684596523076506,775
manual,2026-08-08_145348_428397_1_R6_TEST1,TEST1,6,200.0,-0.007584947959410631,0.007584947959410631,775
manual,2026-08-08_145348_428397_1_R6_TEST1,TEST1,6,225.0,-0.05141338669851843,0.05141338669851843,775
manual,2026-08-08_145348_428397_1_R6_TEST1,TEST1,6,250.0,-0.08715702830070464,0.08715702830070464,775
manual,2026-08-08_145348_428397_1_R6_TEST1,TEST1,6,275.0,-0.11892961522592832,0.11892961522592832,774
manual,2026-08-08_145348_428397_1_R6_TEST1,TEST1,6,300.0,-0.14860791928673003,0.14860791928673003,774
manual,2026-08-08_145348_428397_1_R6_TEST1,TEST1,6,325.0,-0.17415682631708035,0.17415682631708035,774
manual,2026-08-08_145348_428397_1_R6_TEST1,TEST1,6,350.0,-0.18886219477166558,0.18886219477166558,774
manual,2026-08-08_145348_428397_1_R6_TEST1,TEST1,6,375.0,-0.19075360152778653,0.19075360152778653,774
manual,2026-08-08_145348_428397_1_R6_TEST1,TEST1,6,400.0,-0.1827621589021232,0.1827621589021232,774
manual,2026-08-08_145348_428397_1_R6_TEST1,TEST1,6,425.0,-0.17507465435233707,0.17507465435233707,773
manual,2026-08-08_145348_428397_1_R6_TEST1,TEST1,6,450.0,-0.14989754609450026,0.14989754609450026,773
manual,2026-08-08_145348_428397_1_R6_TEST1,TEST1,6,475.0,-0.11256283812665586,0.11256283812665586,773
manual,2026-08-08_145348_428397_1_R6_TEST1,TEST1,6,500.0,-0.06970491209220682,0.06970491209220682,773
manual,2026-08-08_145646_442250_1_R7_TEST1,TEST1,7,-500.0,0.17347568119643467,0.17347568119643467,891
manual,2026-08-08_145646_442250_1_R7_TEST1,TEST1,7,-475.0,0.19762718920261627,0.19762718920261627,891
manual,2026-08-08_145646_442250_1_R7_TEST1,TEST1,7,-450.0,0.20853743891695636,0.20853743891695636,891
manual,2026-08-08_145646_442250_1_R7_TEST1,TEST1,7,-425.0,0.20504904124598694,0.20504904124598694,891
manual,2026-08-08_145646_442250_1_R7_TEST1,TEST1,7,-400.0,0.19255142311878423,0.19255142311878423,892
manual,2026-08-08_145646_442250_1_R7_TEST1,TEST1,7,-375.0,0.15196682175835352,0.15196682175835352,892
manual,2026-08-08_145646_442250_1_R7_TEST1,TEST1,7,-350.0,0.09309284088837422,0.09309284088837422,892
manual,2026-08-08_145646_442250_1_R7_TEST1,TEST1,7,-325.0,0.02198059829915983,0.02198059829915983,892
manual,2026-08-08_145646_442250_1_R7_TEST1,TEST1,7,-300.0,-0.04742209713378327,0.04742209713378327,892
manual,2026-08-08_145646_442250_1_R7_TEST1,TEST1,7,-275.0,-0.10352671767582253,0.10352671767582253,892
manual,2026-08-08_145646_442250_1_R7_TEST1,TEST1,7,-250.0,-0.15393569151862407,0.15393569151862407,893
manual,2026-08-08_145646_442250_1_R7_TEST1,TEST1,7,-225.0,-0.21162681554909227,0.21162681554909227,893
manual,2026-08-08_145646_442250_1_R7_TEST1,TEST1,7,-200.0,-0.2634512641887111,0.2634512641887111,893
manual,2026-08-08_145646_442250_1_R7_TEST1,TEST1,7,-175.0,-0.2964358755280469,0.2964358755280469,893
manual,2026-08-08_145646_442250_1_R7_TEST1,TEST1,7,-150.0,-0.3079963497687319,0.3079963497687319,893
manual,2026-08-08_145646_442250_1_R7_TEST1,TEST1,7,-125.0,-0.30178414053714453,0.30178414053714453,894
manual,2026-08-08_145646_442250_1_R7_TEST1,TEST1,7,-100.0,-0.26735909901325733,0.26735909901325733,894
manual,2026-08-08_145646_442250_1_R7_TEST1,TEST1,7,-75.0,-0.2097480632498793,0.2097480632498793,894
manual,2026-08-08_145646_442250_1_R7_TEST1,TEST1,7,-50.0,-0.13413819734909402,0.13413819734909402,894
manual,2026-08-08_145646_442250_1_R7_TEST1,TEST1,7,-25.0,-0.056394251837766064,0.056394251837766064,894
manual,2026-08-08_145646_442250_1_R7_TEST1,TEST1,7,0.0,0.009941328524866616,0.009941328524866616,895
manual,2026-08-08_145646_442250_1_R7_TEST1,TEST1,7,25.0,0.09285160167150955,0.09285160167150955,894
manual,2026-08-08_145646_442250_1_R7_TEST1,TEST1,7,50.0,0.18889663454082287,0.18889663454082287,894
manual,2026-08-08_145646_442250_1_R7_TEST1,TEST1,7,75.0,0.2807707215068259,0.2807707215068259,894
manual,2026-08-08_145646_442250_1_R7_TEST1,TEST1,7,100.0,0.3489998245084878,0.3489998245084878,894
manual,2026-08-08_145646_442250_1_R7_TEST1,TEST1,7,125.0,0.38817809519318314,0.38817809519318314,894
manual,2026-08-08_145646_442250_1_R7_TEST1,TEST1,7,150.0,0.4143261533909451,0.4143261533909451,893
manual,2026-08-08_145646_442250_1_R7_TEST1,TEST1,7,175.0,0.42171311468508765,0.42171311468508765,893
manual,2026-08-08_145646_442250_1_R7_TEST1,TEST1,7,200.0,0.40196898789448654,0.40196898789448654,893
manual,2026-08-08_145646_442250_1_R7_TEST1,TEST1,7,225.0,0.35341970818145646,0.35341970818145646,893
manual,2026-08-08_145646_442250_1_R7_TEST1,TEST1,7,250.0,0.2899688922888884,0.2899688922888884,893
manual,2026-08-08_145646_442250_1_R7_TEST1,TEST1,7,275.0,0.22762373635770625,0.22762373635770625,892
manual,2026-08-08_145646_442250_1_R7_TEST1,TEST1,7,300.0,0.15481791214731286,0.15481791214731286,892
manual,2026-08-08_145646_442250_1_R7_TEST1,TEST1,7,325.0,0.05855722495773263,0.05855722495773263,892
manual,2026-08-08_145646_442250_1_R7_TEST1,TEST1,7,350.0,-0.04682693815369198,0.04682693815369198,892
manual,2026-08-08_145646_442250_1_R7_TEST1,TEST1,7,375.0,-0.14012723074597996,0.14012723074597996,892
manual,2026-08-08_145646_442250_1_R7_TEST1,TEST1,7,400.0,-0.20993979728718923,0.20993979728718923,891
manual,2026-08-08_145646_442250_1_R7_TEST1,TEST1,7,425.0,-0.25992740105552864,0.25992740105552864,891
manual,2026-08-08_145646_442250_1_R7_TEST1,TEST1,7,450.0,-0.30656606673214193,0.30656606673214193,891
manual,2026-08-08_145646_442250_1_R7_TEST1,TEST1,7,475.0,-0.33616025941436034,0.33616025941436034,891
manual,2026-08-08_145646_442250_1_R7_TEST1,TEST1,7,500.0,-0.341227636337183,0.341227636337183,891
manual,2026-08-08_145956_684487_1_R8_TEST1,TEST1,8,-500.0,0.25038109497309086,0.25038109497309086,800
manual,2026-08-08_145956_684487_1_R8_TEST1,TEST1,8,-475.0,0.2523968546838698,0.2523968546838698,800
manual,2026-08-08_145956_684487_1_R8_TEST1,TEST1,8,-450.0,0.23699952397393992,0.23699952397393992,800
manual,2026-08-08_145956_684487_1_R8_TEST1,TEST1,8,-425.0,0.20818053315628854,0.20818053315628854,800
manual,2026-08-08_145956_684487_1_R8_TEST1,TEST1,8,-400.0,0.1735487130058696,0.1735487130058696,801
manual,2026-08-08_145956_684487_1_R8_TEST1,TEST1,8,-375.0,0.11637841981566942,0.11637841981566942,801
manual,2026-08-08_145956_684487_1_R8_TEST1,TEST1,8,-350.0,0.03930433844923647,0.03930433844923647,801
manual,2026-08-08_145956_684487_1_R8_TEST1,TEST1,8,-325.0,-0.04755915115655413,0.04755915115655413,801
manual,2026-08-08_145956_684487_1_R8_TEST1,TEST1,8,-300.0,-0.12752528559621207,0.12752528559621207,801
manual,2026-08-08_145956_684487_1_R8_TEST1,TEST1,8,-275.0,-0.1895395948766931,0.1895395948766931,801
manual,2026-08-08_145956_684487_1_R8_TEST1,TEST1,8,-250.0,-0.2423973000836264,0.2423973000836264,802
manual,2026-08-08_145956_684487_1_R8_TEST1,TEST1,8,-225.0,-0.30291667321852767,0.30291667321852767,802
manual,2026-08-08_145956_684487_1_R8_TEST1,TEST1,8,-200.0,-0.3521747701399156,0.3521747701399156,802
manual,2026-08-08_145956_684487_1_R8_TEST1,TEST1,8,-175.0,-0.3770385181588832,0.3770385181588832,802
manual,2026-08-08_145956_684487_1_R8_TEST1,TEST1,8,-150.0,-0.37748053168108825,0.37748053168108825,802
manual,2026-08-08_145956_684487_1_R8_TEST1,TEST1,8,-125.0,-0.35661592116351837,0.35661592116351837,803
manual,2026-08-08_145956_684487_1_R8_TEST1,TEST1,8,-100.0,-0.31161086187912185,0.31161086187912185,803
manual,2026-08-08_145956_684487_1_R8_TEST1,TEST1,8,-75.0,-0.23981184792094243,0.23981184792094243,803
manual,2026-08-08_145956_684487_1_R8_TEST1,TEST1,8,-50.0,-0.1482521981250041,0.1482521981250041,803
manual,2026-08-08_145956_684487_1_R8_TEST1,TEST1,8,-25.0,-0.055258711874452186,0.055258711874452186,803
manual,2026-08-08_145956_684487_1_R8_TEST1,TEST1,8,0.0,0.02394924682611901,0.02394924682611901,804
manual,2026-08-08_145956_684487_1_R8_TEST1,TEST1,8,25.0,0.1068848372613465,0.1068848372613465,803
manual,2026-08-08_145956_684487_1_R8_TEST1,TEST1,8,50.0,0.2024209734497352,0.2024209734497352,803
manual,2026-08-08_145956_684487_1_R8_TEST1,TEST1,8,75.0,0.2932773618270969,0.2932773618270969,803
manual,2026-08-08_145956_684487_1_R8_TEST1,TEST1,8,100.0,0.36086102484588045,0.36086102484588045,803
manual,2026-08-08_145956_684487_1_R8_TEST1,TEST1,8,125.0,0.3998855763897763,0.3998855763897763,803
manual,2026-08-08_145956_684487_1_R8_TEST1,TEST1,8,150.0,0.4143429110895406,0.4143429110895406,803
manual,2026-08-08_145956_684487_1_R8_TEST1,TEST1,8,175.0,0.4131315786470887,0.4131315786470887,802
manual,2026-08-08_145956_684487_1_R8_TEST1,TEST1,8,200.0,0.38512620406487647,0.38512620406487647,802
manual,2026-08-08_145956_684487_1_R8_TEST1,TEST1,8,225.0,0.33040539644857897,0.33040539644857897,802
manual,2026-08-08_145956_684487_1_R8_TEST1,TEST1,8,250.0,0.26338339622159845,0.26338339622159845,802
manual,2026-08-08_145956_684487_1_R8_TEST1,TEST1,8,275.0,0.19837131722240042,0.19837131722240042,801
manual,2026-08-08_145956_684487_1_R8_TEST1,TEST1,8,300.0,0.13205240042407754,0.13205240042407754,801
manual,2026-08-08_145956_684487_1_R8_TEST1,TEST1,8,325.0,0.04597761581706061,0.04597761581706061,801
manual,2026-08-08_145956_684487_1_R8_TEST1,TEST1,8,350.0,-0.04738954365645821,0.04738954365645821,801
manual,2026-08-08_145956_684487_1_R8_TEST1,TEST1,8,375.0,-0.13018921313895374,0.13018921313895374,801
manual,2026-08-08_145956_684487_1_R8_TEST1,TEST1,8,400.0,-0.19195254042665577,0.19195254042665577,801
manual,2026-08-08_145956_684487_1_R8_TEST1,TEST1,8,425.0,-0.22614877602528632,0.22614877602528632,800
manual,2026-08-08_145956_684487_1_R8_TEST1,TEST1,8,450.0,-0.2543265192574059,0.2543265192574059,800
manual,2026-08-08_145956_684487_1_R8_TEST1,TEST1,8,475.0,-0.2678836294288471,0.2678836294288471,800
manual,2026-08-08_145956_684487_1_R8_TEST1,TEST1,8,500.0,-0.26300918232556064,0.26300918232556064,800
manual,2026-08-08_150408_799581_1_R9_TEST1,TEST1,9,-500.0,0.20447615026291582,0.20447615026291582,794
manual,2026-08-08_150408_799581_1_R9_TEST1,TEST1,9,-475.0,0.2648988606614294,0.2648988606614294,794
manual,2026-08-08_150408_799581_1_R9_TEST1,TEST1,9,-450.0,0.3081293423023793,0.3081293423023793,794
manual,2026-08-08_150408_799581_1_R9_TEST1,TEST1,9,-425.0,0.3267056607787714,0.3267056607787714,794
manual,2026-08-08_150408_799581_1_R9_TEST1,TEST1,9,-400.0,0.3238389027375785,0.3238389027375785,795
manual,2026-08-08_150408_799581_1_R9_TEST1,TEST1,9,-375.0,0.28333609375853835,0.28333609375853835,795
manual,2026-08-08_150408_799581_1_R9_TEST1,TEST1,9,-350.0,0.2123188757037504,0.2123188757037504,795
manual,2026-08-08_150408_799581_1_R9_TEST1,TEST1,9,-325.0,0.1184749481415625,0.1184749481415625,795
manual,2026-08-08_150408_799581_1_R9_TEST1,TEST1,9,-300.0,0.020677891770076513,0.020677891770076513,795
manual,2026-08-08_150408_799581_1_R9_TEST1,TEST1,9,-275.0,-0.0628983992178682,0.0628983992178682,795
manual,2026-08-08_150408_799581_1_R9_TEST1,TEST1,9,-250.0,-0.1435728940021611,0.1435728940021611,796
manual,2026-08-08_150408_799581_1_R9_TEST1,TEST1,9,-225.0,-0.23605432006455906,0.23605432006455906,796
manual,2026-08-08_150408_799581_1_R9_TEST1,TEST1,9,-200.0,-0.32544761274286105,0.32544761274286105,796
manual,2026-08-08_150408_799581_1_R9_TEST1,TEST1,9,-175.0,-0.39033108622261686,0.39033108622261686,796
manual,2026-08-08_150408_799581_1_R9_TEST1,TEST1,9,-150.0,-0.42296982060671523,0.42296982060671523,796
manual,2026-08-08_150408_799581_1_R9_TEST1,TEST1,9,-125.0,-0.41982632227455063,0.41982632227455063,797
manual,2026-08-08_150408_799581_1_R9_TEST1,TEST1,9,-100.0,-0.3816642292806491,0.3816642292806491,797
manual,2026-08-08_150408_799581_1_R9_TEST1,TEST1,9,-75.0,-0.3109261229258675,0.3109261229258675,797
manual,2026-08-08_150408_799581_1_R9_TEST1,TEST1,9,-50.0,-0.21314328740687263,0.21314328740687263,797
manual,2026-08-08_150408_799581_1_R9_TEST1,TEST1,9,-25.0,-0.10991411870451048,0.10991411870451048,797
manual,2026-08-08_150408_799581_1_R9_TEST1,TEST1,9,0.0,-0.020767248122402892,0.020767248122402892,798
manual,2026-08-08_150408_799581_1_R9_TEST1,TEST1,9,25.0,0.0774130560450293,0.0774130560450293,797
manual,2026-08-08_150408_799581_1_R9_TEST1,TEST1,9,50.0,0.1938648651206804,0.1938648651206804,797
manual,2026-08-08_150408_799581_1_R9_TEST1,TEST1,9,75.0,0.30783824001212434,0.30783824001212434,797
manual,2026-08-08_150408_799581_1_R9_TEST1,TEST1,9,100.0,0.39423662700915324,0.39423662700915324,797
manual,2026-08-08_150408_799581_1_R9_TEST1,TEST1,9,125.0,0.44504268478075854,0.44504268478075854,797
manual,2026-08-08_150408_799581_1_R9_TEST1,TEST1,9,150.0,0.46021356176228834,0.46021356176228834,796
manual,2026-08-08_150408_799581_1_R9_TEST1,TEST1,9,175.0,0.44827848933739084,0.44827848933739084,796
manual,2026-08-08_150408_799581_1_R9_TEST1,TEST1,9,200.0,0.40312266114620776,0.40312266114620776,796
manual,2026-08-08_150408_799581_1_R9_TEST1,TEST1,9,225.0,0.32771053688273555,0.32771053688273555,796
manual,2026-08-08_150408_799581_1_R9_TEST1,TEST1,9,250.0,0.24193675049051167,0.24193675049051167,796
manual,2026-08-08_150408_799581_1_R9_TEST1,TEST1,9,275.0,0.16045634935799447,0.16045634935799447,795
manual,2026-08-08_150408_799581_1_R9_TEST1,TEST1,9,300.0,0.07265735357219251,0.07265735357219251,795
manual,2026-08-08_150408_799581_1_R9_TEST1,TEST1,9,325.0,-0.03693093665312921,0.03693093665312921,795
manual,2026-08-08_150408_799581_1_R9_TEST1,TEST1,9,350.0,-0.14940694433846488,0.14940694433846488,795
manual,2026-08-08_150408_799581_1_R9_TEST1,TEST1,9,375.0,-0.24180074427175516,0.24180074427175516,795
manual,2026-08-08_150408_799581_1_R9_TEST1,TEST1,9,400.0,-0.30488562649394146,0.30488562649394146,794
manual,2026-08-08_150408_799581_1_R9_TEST1,TEST1,9,425.0,-0.33391325080836304,0.33391325080836304,794
manual,2026-08-08_150408_799581_1_R9_TEST1,TEST1,9,450.0,-0.3490328003235554,0.3490328003235554,794
manual,2026-08-08_150408_799581_1_R9_TEST1,TEST1,9,475.0,-0.3399059841891185,0.3399059841891185,794
manual,2026-08-08_150408_799581_1_R9_TEST1,TEST1,9,500.0,-0.3064610232165805,0.3064610232165805,794
manual,2026-08-08_152554_893849_1_R1_TEST2,TEST2,1,-500.0,0.1515039129841494,0.1515039129841494,420
manual,2026-08-08_152554_893849_1_R1_TEST2,TEST2,1,-475.0,0.11799596056007275,0.11799596056007275,420
manual,2026-08-08_152554_893849_1_R1_TEST2,TEST2,1,-450.0,0.07444475538932949,0.07444475538932949,420
manual,2026-08-08_152554_893849_1_R1_TEST2,TEST2,1,-425.0,0.02983052241548979,0.02983052241548979,420
manual,2026-08-08_152554_893849_1_R1_TEST2,TEST2,1,-400.0,-0.008997278613128582,0.008997278613128582,420
manual,2026-08-08_152554_893849_1_R1_TEST2,TEST2,1,-375.0,-0.07666907729396999,0.07666907729396999,421
manual,2026-08-08_152554_893849_1_R1_TEST2,TEST2,1,-350.0,-0.15662471993058438,0.15662471993058438,421
manual,2026-08-08_152554_893849_1_R1_TEST2,TEST2,1,-325.0,-0.23338142054423064,0.23338142054423064,421
manual,2026-08-08_152554_893849_1_R1_TEST2,TEST2,1,-300.0,-0.29077176843551567,0.29077176843551567,421
manual,2026-08-08_152554_893849_1_R1_TEST2,TEST2,1,-275.0,-0.3245287268212023,0.3245287268212023,421
manual,2026-08-08_152554_893849_1_R1_TEST2,TEST2,1,-250.0,-0.3745424596018768,0.3745424596018768,422
manual,2026-08-08_152554_893849_1_R1_TEST2,TEST2,1,-225.0,-0.42927353760298037,0.42927353760298037,422
manual,2026-08-08_152554_893849_1_R1_TEST2,TEST2,1,-200.0,-0.4630709467166008,0.4630709467166008,422
manual,2026-08-08_152554_893849_1_R1_TEST2,TEST2,1,-175.0,-0.46412084233027706,0.46412084233027706,422
manual,2026-08-08_152554_893849_1_R1_TEST2,TEST2,1,-150.0,-0.43815545232766834,0.43815545232766834,422
manual,2026-08-08_152554_893849_1_R1_TEST2,TEST2,1,-125.0,-0.40678680242523824,0.40678680242523824,422
manual,2026-08-08_152554_893849_1_R1_TEST2,TEST2,1,-100.0,-0.3530166842206041,0.3530166842206041,423
manual,2026-08-08_152554_893849_1_R1_TEST2,TEST2,1,-75.0,-0.26754542476419774,0.26754542476419774,423
manual,2026-08-08_152554_893849_1_R1_TEST2,TEST2,1,-50.0,-0.15861036399954612,0.15861036399954612,423
manual,2026-08-08_152554_893849_1_R1_TEST2,TEST2,1,-25.0,-0.04847696298047483,0.04847696298047483,423
manual,2026-08-08_152554_893849_1_R1_TEST2,TEST2,1,0.0,0.04446089077120924,0.04446089077120924,424
manual,2026-08-08_152554_893849_1_R1_TEST2,TEST2,1,25.0,0.14724957616408613,0.14724957616408613,423
manual,2026-08-08_152554_893849_1_R1_TEST2,TEST2,1,50.0,0.2641702679258954,0.2641702679258954,423
manual,2026-08-08_152554_893849_1_R1_TEST2,TEST2,1,75.0,0.3733894029614063,0.3733894029614063,423
manual,2026-08-08_152554_893849_1_R1_TEST2,TEST2,1,100.0,0.4519399700022623,0.4519399700022623,423
manual,2026-08-08_152554_893849_1_R1_TEST2,TEST2,1,125.0,0.49498663120696923,0.49498663120696923,422
manual,2026-08-08_152554_893849_1_R1_TEST2,TEST2,1,150.0,0.5240704334118802,0.5240704334118802,422
manual,2026-08-08_152554_893849_1_R1_TEST2,TEST2,1,175.0,0.5422661946645192,0.5422661946645192,422
manual,2026-08-08_152554_893849_1_R1_TEST2,TEST2,1,200.0,0.5270526670558919,0.5270526670558919,422
manual,2026-08-08_152554_893849_1_R1_TEST2,TEST2,1,225.0,0.47463755272501534,0.47463755272501534,422
manual,2026-08-08_152554_893849_1_R1_TEST2,TEST2,1,250.0,0.401050960291042,0.401050960291042,422
manual,2026-08-08_152554_893849_1_R1_TEST2,TEST2,1,275.0,0.3397942661318083,0.3397942661318083,421
manual,2026-08-08_152554_893849_1_R1_TEST2,TEST2,1,300.0,0.2844237166538008,0.2844237166538008,421
manual,2026-08-08_152554_893849_1_R1_TEST2,TEST2,1,325.0,0.20135399582143026,0.20135399582143026,421
manual,2026-08-08_152554_893849_1_R1_TEST2,TEST2,1,350.0,0.09990243841878714,0.09990243841878714,421
manual,2026-08-08_152554_893849_1_R1_TEST2,TEST2,1,375.0,0.000670861019141964,0.000670861019141964,421
manual,2026-08-08_152554_893849_1_R1_TEST2,TEST2,1,400.0,-0.07853909303602244,0.07853909303602244,420
manual,2026-08-08_152554_893849_1_R1_TEST2,TEST2,1,425.0,-0.12956832608430213,0.12956832608430213,420
manual,2026-08-08_152554_893849_1_R1_TEST2,TEST2,1,450.0,-0.18782839579091046,0.18782839579091046,420
manual,2026-08-08_152554_893849_1_R1_TEST2,TEST2,1,475.0,-0.2384843499599541,0.2384843499599541,420
manual,2026-08-08_152554_893849_1_R1_TEST2,TEST2,1,500.0,-0.2705715678708787,0.2705715678708787,420
manual,2026-08-08_153239_266323_1_R1_TEST3,TEST3,1,-500.0,0.21004144093208724,0.21004144093208724,506
manual,2026-08-08_153239_266323_1_R1_TEST3,TEST3,1,-475.0,0.1953705309532994,0.1953705309532994,506
manual,2026-08-08_153239_266323_1_R1_TEST3,TEST3,1,-450.0,0.1664507090864743,0.1664507090864743,506
manual,2026-08-08_153239_266323_1_R1_TEST3,TEST3,1,-425.0,0.12965947017294008,0.12965947017294008,506
manual,2026-08-08_153239_266323_1_R1_TEST3,TEST3,1,-400.0,0.09052127383321164,0.09052127383321164,507
manual,2026-08-08_153239_266323_1_R1_TEST3,TEST3,1,-375.0,0.011875118095785047,0.011875118095785047,507
manual,2026-08-08_153239_266323_1_R1_TEST3,TEST3,1,-350.0,-0.08494687352436997,0.08494687352436997,507
manual,2026-08-08_153239_266323_1_R1_TEST3,TEST3,1,-325.0,-0.18537141387509234,0.18537141387509234,507
manual,2026-08-08_153239_266323_1_R1_TEST3,TEST3,1,-300.0,-0.2688849081032244,0.2688849081032244,507
manual,2026-08-08_153239_266323_1_R1_TEST3,TEST3,1,-275.0,-0.3272176626882332,0.3272176626882332,507
manual,2026-08-08_153239_266323_1_R1_TEST3,TEST3,1,-250.0,-0.41376617547110595,0.41376617547110595,508
manual,2026-08-08_153239_266323_1_R1_TEST3,TEST3,1,-225.0,-0.5089199922417406,0.5089199922417406,508
manual,2026-08-08_153239_266323_1_R1_TEST3,TEST3,1,-200.0,-0.5830837807179375,0.5830837807179375,508
manual,2026-08-08_153239_266323_1_R1_TEST3,TEST3,1,-175.0,-0.6161345084878601,0.6161345084878601,508
manual,2026-08-08_153239_266323_1_R1_TEST3,TEST3,1,-150.0,-0.6104349095517217,0.6104349095517217,508
manual,2026-08-08_153239_266323_1_R1_TEST3,TEST3,1,-125.0,-0.5915018044112607,0.5915018044112607,509
manual,2026-08-08_153239_266323_1_R1_TEST3,TEST3,1,-100.0,-0.5602637144936132,0.5602637144936132,509
manual,2026-08-08_153239_266323_1_R1_TEST3,TEST3,1,-75.0,-0.48974657250227327,0.48974657250227327,509
manual,2026-08-08_153239_266323_1_R1_TEST3,TEST3,1,-50.0,-0.3814947415812729,0.3814947415812729,509
manual,2026-08-08_153239_266323_1_R1_TEST3,TEST3,1,-25.0,-0.2582170376555771,0.2582170376555771,509
manual,2026-08-08_153239_266323_1_R1_TEST3,TEST3,1,0.0,-0.14488297838446604,0.14488297838446604,510
manual,2026-08-08_153239_266323_1_R1_TEST3,TEST3,1,25.0,-0.03728513230376643,0.03728513230376643,509
manual,2026-08-08_153239_266323_1_R1_TEST3,TEST3,1,50.0,0.09606733907303237,0.09606733907303237,509
manual,2026-08-08_153239_266323_1_R1_TEST3,TEST3,1,75.0,0.2358395908784225,0.2358395908784225,509
manual,2026-08-08_153239_266323_1_R1_TEST3,TEST3,1,100.0,0.35372550619206883,0.35372550619206883,509
manual,2026-08-08_153239_266323_1_R1_TEST3,TEST3,1,125.0,0.4361942525012668,0.4361942525012668,509
manual,2026-08-08_153239_266323_1_R1_TEST3,TEST3,1,150.0,0.5049000726239025,0.5049000726239025,508
manual,2026-08-08_153239_266323_1_R1_TEST3,TEST3,1,175.0,0.5655002118916316,0.5655002118916316,508
manual,2026-08-08_153239_266323_1_R1_TEST3,TEST3,1,200.0,0.5980486445367789,0.5980486445367789,508
manual,2026-08-08_153239_266323_1_R1_TEST3,TEST3,1,225.0,0.5884455819592627,0.5884455819592627,508
manual,2026-08-08_153239_266323_1_R1_TEST3,TEST3,1,250.0,0.546063181242037,0.546063181242037,508
manual,2026-08-08_153239_266323_1_R1_TEST3,TEST3,1,275.0,0.5091627693731181,0.5091627693731181,507
manual,2026-08-08_153239_266323_1_R1_TEST3,TEST3,1,300.0,0.48785551130824006,0.48785551130824006,507
manual,2026-08-08_153239_266323_1_R1_TEST3,TEST3,1,325.0,0.4343975744982506,0.4343975744982506,507
manual,2026-08-08_153239_266323_1_R1_TEST3,TEST3,1,350.0,0.3478124537075149,0.3478124537075149,507
manual,2026-08-08_153239_266323_1_R1_TEST3,TEST3,1,375.0,0.2462940283626757,0.2462940283626757,507
manual,2026-08-08_153239_266323_1_R1_TEST3,TEST3,1,400.0,0.15436051796643188,0.15436051796643188,506
manual,2026-08-08_153239_266323_1_R1_TEST3,TEST3,1,425.0,0.109294949563356,0.109294949563356,506
manual,2026-08-08_153239_266323_1_R1_TEST3,TEST3,1,450.0,0.051563462740846916,0.051563462740846916,506
manual,2026-08-08_153239_266323_1_R1_TEST3,TEST3,1,475.0,-0.01561910429200874,0.01561910429200874,506
manual,2026-08-08_153239_266323_1_R1_TEST3,TEST3,1,500.0,-0.07921773978141707,0.07921773978141707,506
manual,2026-08-08_153748_136127_1_R1_TEST4,TEST4,1,-500.0,0.21077968765683694,0.21077968765683694,321
manual,2026-08-08_153748_136127_1_R1_TEST4,TEST4,1,-475.0,0.23543275606058392,0.23543275606058392,321
manual,2026-08-08_153748_136127_1_R1_TEST4,TEST4,1,-450.0,0.24512276962158813,0.24512276962158813,321
manual,2026-08-08_153748_136127_1_R1_TEST4,TEST4,1,-425.0,0.23890597619447676,0.23890597619447676,321
manual,2026-08-08_153748_136127_1_R1_TEST4,TEST4,1,-400.0,0.219679501332915,0.219679501332915,322
manual,2026-08-08_153748_136127_1_R1_TEST4,TEST4,1,-375.0,0.17172260842303716,0.17172260842303716,322
manual,2026-08-08_153748_136127_1_R1_TEST4,TEST4,1,-350.0,0.0993896972212563,0.0993896972212563,322
manual,2026-08-08_153748_136127_1_R1_TEST4,TEST4,1,-325.0,0.013917801414896439,0.013917801414896439,322
manual,2026-08-08_153748_136127_1_R1_TEST4,TEST4,1,-300.0,-0.06835902926518966,0.06835902926518966,322
manual,2026-08-08_153748_136127_1_R1_TEST4,TEST4,1,-275.0,-0.13494032009537293,0.13494032009537293,322
manual,2026-08-08_153748_136127_1_R1_TEST4,TEST4,1,-250.0,-0.19483078857513206,0.19483078857513206,323
manual,2026-08-08_153748_136127_1_R1_TEST4,TEST4,1,-225.0,-0.263047877949628,0.263047877949628,323
manual,2026-08-08_153748_136127_1_R1_TEST4,TEST4,1,-200.0,-0.3230215585825178,0.3230215585825178,323
manual,2026-08-08_153748_136127_1_R1_TEST4,TEST4,1,-175.0,-0.36110362542251767,0.36110362542251767,323
manual,2026-08-08_153748_136127_1_R1_TEST4,TEST4,1,-150.0,-0.373316412792881,0.373316412792881,323
manual,2026-08-08_153748_136127_1_R1_TEST4,TEST4,1,-125.0,-0.359215369104136,0.359215369104136,324
manual,2026-08-08_153748_136127_1_R1_TEST4,TEST4,1,-100.0,-0.30746990848386074,0.30746990848386074,324
manual,2026-08-08_153748_136127_1_R1_TEST4,TEST4,1,-75.0,-0.2274880011936443,0.2274880011936443,324
manual,2026-08-08_153748_136127_1_R1_TEST4,TEST4,1,-50.0,-0.12808238572444428,0.12808238572444428,324
manual,2026-08-08_153748_136127_1_R1_TEST4,TEST4,1,-25.0,-0.029005406347293514,0.029005406347293514,324
manual,2026-08-08_153748_136127_1_R1_TEST4,TEST4,1,0.0,0.05403176856620002,0.05403176856620002,325
manual,2026-08-08_153748_136127_1_R1_TEST4,TEST4,1,25.0,0.14231410137669234,0.14231410137669234,324
manual,2026-08-08_153748_136127_1_R1_TEST4,TEST4,1,50.0,0.24160119788941065,0.24160119788941065,324
manual,2026-08-08_153748_136127_1_R1_TEST4,TEST4,1,75.0,0.3337146198910886,0.3337146198910886,324
manual,2026-08-08_153748_136127_1_R1_TEST4,TEST4,1,100.0,0.39976381631102775,0.39976381631102775,324
manual,2026-08-08_153748_136127_1_R1_TEST4,TEST4,1,125.0,0.4356050685945031,0.4356050685945031,323
manual,2026-08-08_153748_136127_1_R1_TEST4,TEST4,1,150.0,0.4450415682792441,0.4450415682792441,323
manual,2026-08-08_153748_136127_1_R1_TEST4,TEST4,1,175.0,0.42841906784807876,0.42841906784807876,323
manual,2026-08-08_153748_136127_1_R1_TEST4,TEST4,1,200.0,0.38196598705931784,0.38196598705931784,323
manual,2026-08-08_153748_136127_1_R1_TEST4,TEST4,1,225.0,0.30969653258403074,0.30969653258403074,323
manual,2026-08-08_153748_136127_1_R1_TEST4,TEST4,1,250.0,0.22884141578587278,0.22884141578587278,323
manual,2026-08-08_153748_136127_1_R1_TEST4,TEST4,1,275.0,0.15874537608794562,0.15874537608794562,322
manual,2026-08-08_153748_136127_1_R1_TEST4,TEST4,1,300.0,0.08409404319068339,0.08409404319068339,322
manual,2026-08-08_153748_136127_1_R1_TEST4,TEST4,1,325.0,-0.008244583579315984,0.008244583579315984,322
manual,2026-08-08_153748_136127_1_R1_TEST4,TEST4,1,350.0,-0.1046126040048152,0.1046126040048152,322
manual,2026-08-08_153748_136127_1_R1_TEST4,TEST4,1,375.0,-0.1866555650353555,0.1866555650353555,322
manual,2026-08-08_153748_136127_1_R1_TEST4,TEST4,1,400.0,-0.24719007430824722,0.24719007430824722,321
manual,2026-08-08_153748_136127_1_R1_TEST4,TEST4,1,425.0,-0.2803370786049536,0.2803370786049536,321
manual,2026-08-08_153748_136127_1_R1_TEST4,TEST4,1,450.0,-0.29878036310197953,0.29878036310197953,321
manual,2026-08-08_153748_136127_1_R1_TEST4,TEST4,1,475.0,-0.298697360817882,0.298697360817882,321
manual,2026-08-08_153748_136127_1_R1_TEST4,TEST4,1,500.0,-0.278878343295258,0.278878343295258,321
manual,2026-08-08_154243_860887_1_R1_TEST5,TEST5,1,-500.0,0.4252543323328448,0.4252543323328448,323
manual,2026-08-08_154243_860887_1_R1_TEST5,TEST5,1,-475.0,0.45782914817146636,0.45782914817146636,323
manual,2026-08-08_154243_860887_1_R1_TEST5,TEST5,1,-450.0,0.4572804782592052,0.4572804782592052,323
manual,2026-08-08_154243_860887_1_R1_TEST5,TEST5,1,-425.0,0.42638610094307927,0.42638610094307927,323
manual,2026-08-08_154243_860887_1_R1_TEST5,TEST5,1,-400.0,0.3846520235916309,0.3846520235916309,324
manual,2026-08-08_154243_860887_1_R1_TEST5,TEST5,1,-375.0,0.314206665018164,0.314206665018164,324
manual,2026-08-08_154243_860887_1_R1_TEST5,TEST5,1,-350.0,0.21038470063356676,0.21038470063356676,324
manual,2026-08-08_154243_860887_1_R1_TEST5,TEST5,1,-325.0,0.0803262667643538,0.0803262667643538,324
manual,2026-08-08_154243_860887_1_R1_TEST5,TEST5,1,-300.0,-0.049589720235954406,0.049589720235954406,324
manual,2026-08-08_154243_860887_1_R1_TEST5,TEST5,1,-275.0,-0.1562934533105423,0.1562934533105423,324
manual,2026-08-08_154243_860887_1_R1_TEST5,TEST5,1,-250.0,-0.26651580878775905,0.26651580878775905,325
manual,2026-08-08_154243_860887_1_R1_TEST5,TEST5,1,-225.0,-0.3745238036780011,0.3745238036780011,325
manual,2026-08-08_154243_860887_1_R1_TEST5,TEST5,1,-200.0,-0.47176513399525183,0.47176513399525183,325
manual,2026-08-08_154243_860887_1_R1_TEST5,TEST5,1,-175.0,-0.5332530577246692,0.5332530577246692,325
manual,2026-08-08_154243_860887_1_R1_TEST5,TEST5,1,-150.0,-0.5541842620817841,0.5541842620817841,325
manual,2026-08-08_154243_860887_1_R1_TEST5,TEST5,1,-125.0,-0.5487958552893152,0.5487958552893152,326
manual,2026-08-08_154243_860887_1_R1_TEST5,TEST5,1,-100.0,-0.5077105852748909,0.5077105852748909,326
manual,2026-08-08_154243_860887_1_R1_TEST5,TEST5,1,-75.0,-0.4244181786638099,0.4244181786638099,326
manual,2026-08-08_154243_860887_1_R1_TEST5,TEST5,1,-50.0,-0.3055015123381532,0.3055015123381532,326
manual,2026-08-08_154243_860887_1_R1_TEST5,TEST5,1,-25.0,-0.1778352020664695,0.1778352020664695,326
manual,2026-08-08_154243_860887_1_R1_TEST5,TEST5,1,0.0,-0.06621777669066373,0.06621777669066373,327
manual,2026-08-08_154243_860887_1_R1_TEST5,TEST5,1,25.0,0.05014365196069641,0.05014365196069641,326
manual,2026-08-08_154243_860887_1_R1_TEST5,TEST5,1,50.0,0.1909748545904652,0.1909748545904652,326
manual,2026-08-08_154243_860887_1_R1_TEST5,TEST5,1,75.0,0.33286270872905227,0.33286270872905227,326
manual,2026-08-08_154243_860887_1_R1_TEST5,TEST5,1,100.0,0.4448053630420017,0.4448053630420017,326
manual,2026-08-08_154243_860887_1_R1_TEST5,TEST5,1,125.0,0.5143788443353977,0.5143788443353977,326
manual,2026-08-08_154243_860887_1_R1_TEST5,TEST5,1,150.0,0.5598917581440361,0.5598917581440361,325
manual,2026-08-08_154243_860887_1_R1_TEST5,TEST5,1,175.0,0.5764324169780473,0.5764324169780473,325
manual,2026-08-08_154243_860887_1_R1_TEST5,TEST5,1,200.0,0.5535235507211663,0.5535235507211663,325
manual,2026-08-08_154243_860887_1_R1_TEST5,TEST5,1,225.0,0.48893086896705834,0.48893086896705834,325
manual,2026-08-08_154243_860887_1_R1_TEST5,TEST5,1,250.0,0.4034904622127969,0.4034904622127969,325
manual,2026-08-08_154243_860887_1_R1_TEST5,TEST5,1,275.0,0.32980556069233824,0.32980556069233824,325
manual,2026-08-08_154243_860887_1_R1_TEST5,TEST5,1,300.0,0.23746863674874769,0.23746863674874769,324
manual,2026-08-08_154243_860887_1_R1_TEST5,TEST5,1,325.0,0.11200733194557883,0.11200733194557883,324
manual,2026-08-08_154243_860887_1_R1_TEST5,TEST5,1,350.0,-0.02747215691554138,0.02747215691554138,324
manual,2026-08-08_154243_860887_1_R1_TEST5,TEST5,1,375.0,-0.15205554570093843,0.15205554570093843,324
manual,2026-08-08_154243_860887_1_R1_TEST5,TEST5,1,400.0,-0.24637201046127186,0.24637201046127186,324
manual,2026-08-08_154243_860887_1_R1_TEST5,TEST5,1,425.0,-0.32526287095541495,0.32526287095541495,323
manual,2026-08-08_154243_860887_1_R1_TEST5,TEST5,1,450.0,-0.39900521757080737,0.39900521757080737,323
manual,2026-08-08_154243_860887_1_R1_TEST5,TEST5,1,475.0,-0.4510122469468934,0.4510122469468934,323
manual,2026-08-08_154243_860887_1_R1_TEST5,TEST5,1,500.0,-0.4678557890408912,0.4678557890408912,323
manual,2026-08-08_154344_572251_1_R1_TEST6,TEST6,1,-500.0,0.15293692057199343,0.15293692057199343,306
manual,2026-08-08_154344_572251_1_R1_TEST6,TEST6,1,-475.0,0.24639855571266728,0.24639855571266728,306
manual,2026-08-08_154344_572251_1_R1_TEST6,TEST6,1,-450.0,0.32541749741292353,0.32541749741292353,306
manual,2026-08-08_154344_572251_1_R1_TEST6,TEST6,1,-425.0,0.3759007425099506,0.3759007425099506,306
manual,2026-08-08_154344_572251_1_R1_TEST6,TEST6,1,-400.0,0.39411850275792115,0.39411850275792115,306
manual,2026-08-08_154344_572251_1_R1_TEST6,TEST6,1,-375.0,0.3578843745140596,0.3578843745140596,307
manual,2026-08-08_154344_572251_1_R1_TEST6,TEST6,1,-350.0,0.288714320744631,0.288714320744631,307
manual,2026-08-08_154344_572251_1_R1_TEST6,TEST6,1,-325.0,0.19319932830240555,0.19319932830240555,307
manual,2026-08-08_154344_572251_1_R1_TEST6,TEST6,1,-300.0,0.08945335572418636,0.08945335572418636,307
manual,2026-08-08_154344_572251_1_R1_TEST6,TEST6,1,-275.0,-0.005410130806621979,0.005410130806621979,307
manual,2026-08-08_154344_572251_1_R1_TEST6,TEST6,1,-250.0,-0.10203680780300775,0.10203680780300775,308
manual,2026-08-08_154344_572251_1_R1_TEST6,TEST6,1,-225.0,-0.21487226044233665,0.21487226044233665,308
manual,2026-08-08_154344_572251_1_R1_TEST6,TEST6,1,-200.0,-0.32915587076834246,0.32915587076834246,308
manual,2026-08-08_154344_572251_1_R1_TEST6,TEST6,1,-175.0,-0.41914780127256446,0.41914780127256446,308
manual,2026-08-08_154344_572251_1_R1_TEST6,TEST6,1,-150.0,-0.4727358964399751,0.4727358964399751,308
manual,2026-08-08_154344_572251_1_R1_TEST6,TEST6,1,-125.0,-0.4826111878020172,0.4826111878020172,308
manual,2026-08-08_154344_572251_1_R1_TEST6,TEST6,1,-100.0,-0.4397227214442206,0.4397227214442206,309
manual,2026-08-08_154344_572251_1_R1_TEST6,TEST6,1,-75.0,-0.35759253618872294,0.35759253618872294,309
manual,2026-08-08_154344_572251_1_R1_TEST6,TEST6,1,-50.0,-0.24571063431482554,0.24571063431482554,309
manual,2026-08-08_154344_572251_1_R1_TEST6,TEST6,1,-25.0,-0.12808160494103982,0.12808160494103982,309
manual,2026-08-08_154344_572251_1_R1_TEST6,TEST6,1,0.0,-0.02614371775267409,0.02614371775267409,310
manual,2026-08-08_154344_572251_1_R1_TEST6,TEST6,1,25.0,0.0787856397549568,0.0787856397549568,309
manual,2026-08-08_154344_572251_1_R1_TEST6,TEST6,1,50.0,0.20208211155447373,0.20208211155447373,309
manual,2026-08-08_154344_572251_1_R1_TEST6,TEST6,1,75.0,0.3225743543969077,0.3225743543969077,309
manual,2026-08-08_154344_572251_1_R1_TEST6,TEST6,1,100.0,0.41531663407888925,0.41531663407888925,309
manual,2026-08-08_154344_572251_1_R1_TEST6,TEST6,1,125.0,0.4701079159346648,0.4701079159346648,309
manual,2026-08-08_154344_572251_1_R1_TEST6,TEST6,1,150.0,0.4779636944366318,0.4779636944366318,308
manual,2026-08-08_154344_572251_1_R1_TEST6,TEST6,1,175.0,0.44469593221483283,0.44469593221483283,308
manual,2026-08-08_154344_572251_1_R1_TEST6,TEST6,1,200.0,0.3760358985471386,0.3760358985471386,308
manual,2026-08-08_154344_572251_1_R1_TEST6,TEST6,1,225.0,0.2806049869533453,0.2806049869533453,308
manual,2026-08-08_154344_572251_1_R1_TEST6,TEST6,1,250.0,0.17994054174000265,0.17994054174000265,308
manual,2026-08-08_154344_572251_1_R1_TEST6,TEST6,1,275.0,0.09264418878844514,0.09264418878844514,307
manual,2026-08-08_154344_572251_1_R1_TEST6,TEST6,1,300.0,0.005877209680391549,0.005877209680391549,307
manual,2026-08-08_154344_572251_1_R1_TEST6,TEST6,1,325.0,-0.09808337799129896,0.09808337799129896,307
manual,2026-08-08_154344_572251_1_R1_TEST6,TEST6,1,350.0,-0.1994284410006335,0.1994284410006335,307
manual,2026-08-08_154344_572251_1_R1_TEST6,TEST6,1,375.0,-0.2787600202198031,0.2787600202198031,307
manual,2026-08-08_154344_572251_1_R1_TEST6,TEST6,1,400.0,-0.32811783505704445,0.32811783505704445,306
manual,2026-08-08_154344_572251_1_R1_TEST6,TEST6,1,425.0,-0.3198116124790186,0.3198116124790186,306
manual,2026-08-08_154344_572251_1_R1_TEST6,TEST6,1,450.0,-0.28348477216784307,0.28348477216784307,306
manual,2026-08-08_154344_572251_1_R1_TEST6,TEST6,1,475.0,-0.22351414257933772,0.22351414257933772,306
manual,2026-08-08_154344_572251_1_R1_TEST6,TEST6,1,500.0,-0.15092647773168016,0.15092647773168016,306
manual,2026-08-08_154515_918611_1_R2_TEST2,TEST2,2,-500.0,0.1551436557726947,0.1551436557726947,349
manual,2026-08-08_154515_918611_1_R2_TEST2,TEST2,2,-475.0,0.21952639238113747,0.21952639238113747,349
manual,2026-08-08_154515_918611_1_R2_TEST2,TEST2,2,-450.0,0.27206748600472064,0.27206748600472064,349
manual,2026-08-08_154515_918611_1_R2_TEST2,TEST2,2,-425.0,0.3037122601057362,0.3037122601057362,349
manual,2026-08-08_154515_918611_1_R2_TEST2,TEST2,2,-400.0,0.31716209583709515,0.31716209583709515,349
manual,2026-08-08_154515_918611_1_R2_TEST2,TEST2,2,-375.0,0.28838893824987016,0.28838893824987016,350
manual,2026-08-08_154515_918611_1_R2_TEST2,TEST2,2,-350.0,0.2460741275899824,0.2460741275899824,350
manual,2026-08-08_154515_918611_1_R2_TEST2,TEST2,2,-325.0,0.1833353623597649,0.1833353623597649,350
manual,2026-08-08_154515_918611_1_R2_TEST2,TEST2,2,-300.0,0.11126959238012629,0.11126959238012629,350
manual,2026-08-08_154515_918611_1_R2_TEST2,TEST2,2,-275.0,0.04456023429717741,0.04456023429717741,350
manual,2026-08-08_154515_918611_1_R2_TEST2,TEST2,2,-250.0,-0.015457819358718754,0.015457819358718754,351
manual,2026-08-08_154515_918611_1_R2_TEST2,TEST2,2,-225.0,-0.08258558357487089,0.08258558357487089,351
manual,2026-08-08_154515_918611_1_R2_TEST2,TEST2,2,-200.0,-0.15378707228251193,0.15378707228251193,351
manual,2026-08-08_154515_918611_1_R2_TEST2,TEST2,2,-175.0,-0.21476220905792154,0.21476220905792154,351
manual,2026-08-08_154515_918611_1_R2_TEST2,TEST2,2,-150.0,-0.2574122750787125,0.2574122750787125,351
manual,2026-08-08_154515_918611_1_R2_TEST2,TEST2,2,-125.0,-0.2764422914299595,0.2764422914299595,351
manual,2026-08-08_154515_918611_1_R2_TEST2,TEST2,2,-100.0,-0.26462153279834294,0.26462153279834294,352
manual,2026-08-08_154515_918611_1_R2_TEST2,TEST2,2,-75.0,-0.2340323646049604,0.2340323646049604,352
manual,2026-08-08_154515_918611_1_R2_TEST2,TEST2,2,-50.0,-0.18605912029295396,0.18605912029295396,352
manual,2026-08-08_154515_918611_1_R2_TEST2,TEST2,2,-25.0,-0.13067386342006315,0.13067386342006315,352
manual,2026-08-08_154515_918611_1_R2_TEST2,TEST2,2,0.0,-0.07915173992949008,0.07915173992949008,353
manual,2026-08-08_154515_918611_1_R2_TEST2,TEST2,2,25.0,-0.02709694300684719,0.02709694300684719,352
manual,2026-08-08_154515_918611_1_R2_TEST2,TEST2,2,50.0,0.03783439330139557,0.03783439330139557,352
manual,2026-08-08_154515_918611_1_R2_TEST2,TEST2,2,75.0,0.10641781713705366,0.10641781713705366,352
manual,2026-08-08_154515_918611_1_R2_TEST2,TEST2,2,100.0,0.16520523599122058,0.16520523599122058,352
manual,2026-08-08_154515_918611_1_R2_TEST2,TEST2,2,125.0,0.20544083554278525,0.20544083554278525,352
manual,2026-08-08_154515_918611_1_R2_TEST2,TEST2,2,150.0,0.22199255616652824,0.22199255616652824,352
manual,2026-08-08_154515_918611_1_R2_TEST2,TEST2,2,175.0,0.21704874387905346,0.21704874387905346,351
manual,2026-08-08_154515_918611_1_R2_TEST2,TEST2,2,200.0,0.19763937827757178,0.19763937827757178,351
manual,2026-08-08_154515_918611_1_R2_TEST2,TEST2,2,225.0,0.16464274719296385,0.16464274719296385,351
manual,2026-08-08_154515_918611_1_R2_TEST2,TEST2,2,250.0,0.1259032808679383,0.1259032808679383,351
manual,2026-08-08_154515_918611_1_R2_TEST2,TEST2,2,275.0,0.08510010694460367,0.08510010694460367,351
manual,2026-08-08_154515_918611_1_R2_TEST2,TEST2,2,300.0,0.03520918587584912,0.03520918587584912,350
manual,2026-08-08_154515_918611_1_R2_TEST2,TEST2,2,325.0,-0.022737686501183896,0.022737686501183896,350
manual,2026-08-08_154515_918611_1_R2_TEST2,TEST2,2,350.0,-0.0817930137829669,0.0817930137829669,350
manual,2026-08-08_154515_918611_1_R2_TEST2,TEST2,2,375.0,-0.13101855063314635,0.13101855063314635,350
manual,2026-08-08_154515_918611_1_R2_TEST2,TEST2,2,400.0,-0.16338437970661768,0.16338437970661768,350
manual,2026-08-08_154515_918611_1_R2_TEST2,TEST2,2,425.0,-0.17176379971408084,0.17176379971408084,349
manual,2026-08-08_154515_918611_1_R2_TEST2,TEST2,2,450.0,-0.16507163738574054,0.16507163738574054,349
manual,2026-08-08_154515_918611_1_R2_TEST2,TEST2,2,475.0,-0.14669064344839125,0.14669064344839125,349
manual,2026-08-08_154515_918611_1_R2_TEST2,TEST2,2,500.0,-0.11929478986853355,0.11929478986853355,349
manual,2026-08-08_154647_413072_1_R2_TEST3,TEST3,2,-500.0,0.01780785387816218,0.01780785387816218,343
manual,2026-08-08_154647_413072_1_R2_TEST3,TEST3,2,-475.0,0.056385853648429324,0.056385853648429324,343
manual,2026-08-08_154647_413072_1_R2_TEST3,TEST3,2,-450.0,0.09292612207091286,0.09292612207091286,343
manual,2026-08-08_154647_413072_1_R2_TEST3,TEST3,2,-425.0,0.12096928793825257,0.12096928793825257,343
manual,2026-08-08_154647_413072_1_R2_TEST3,TEST3,2,-400.0,0.13796510232112566,0.13796510232112566,343
manual,2026-08-08_154647_413072_1_R2_TEST3,TEST3,2,-375.0,0.13472949027992986,0.13472949027992986,344
manual,2026-08-08_154647_413072_1_R2_TEST3,TEST3,2,-350.0,0.12051435168560622,0.12051435168560622,344
manual,2026-08-08_154647_413072_1_R2_TEST3,TEST3,2,-325.0,0.09700006011456008,0.09700006011456008,344
manual,2026-08-08_154647_413072_1_R2_TEST3,TEST3,2,-300.0,0.06802079378950626,0.06802079378950626,344
manual,2026-08-08_154647_413072_1_R2_TEST3,TEST3,2,-275.0,0.03939210816123559,0.03939210816123559,345
manual,2026-08-08_154647_413072_1_R2_TEST3,TEST3,2,-250.0,0.01324198950005545,0.01324198950005545,345
manual,2026-08-08_154647_413072_1_R2_TEST3,TEST3,2,-225.0,-0.015276566813913053,0.015276566813913053,345
manual,2026-08-08_154647_413072_1_R2_TEST3,TEST3,2,-200.0,-0.046964251120150055,0.046964251120150055,345
manual,2026-08-08_154647_413072_1_R2_TEST3,TEST3,2,-175.0,-0.0756603509663653,0.0756603509663653,345
manual,2026-08-08_154647_413072_1_R2_TEST3,TEST3,2,-150.0,-0.09615301493576346,0.09615301493576346,345
manual,2026-08-08_154647_413072_1_R2_TEST3,TEST3,2,-125.0,-0.0873436677442994,0.0873436677442994,346
manual,2026-08-08_154647_413072_1_R2_TEST3,TEST3,2,-100.0,-0.07295881039985053,0.07295881039985053,346
manual,2026-08-08_154647_413072_1_R2_TEST3,TEST3,2,-75.0,-0.0526500758599395,0.0526500758599395,346
manual,2026-08-08_154647_413072_1_R2_TEST3,TEST3,2,-50.0,-0.027878599600899334,0.027878599600899334,346
manual,2026-08-08_154647_413072_1_R2_TEST3,TEST3,2,-25.0,-0.0034080526614316395,0.0034080526614316395,346
manual,2026-08-08_154647_413072_1_R2_TEST3,TEST3,2,0.0,0.01706006676732394,0.01706006676732394,347
manual,2026-08-08_154647_413072_1_R2_TEST3,TEST3,2,25.0,0.05055744238143904,0.05055744238143904,346
manual,2026-08-08_154647_413072_1_R2_TEST3,TEST3,2,50.0,0.08842276348081339,0.08842276348081339,346
manual,2026-08-08_154647_413072_1_R2_TEST3,TEST3,2,75.0,0.12399172753407976,0.12399172753407976,346
manual,2026-08-08_154647_413072_1_R2_TEST3,TEST3,2,100.0,0.15004575744722987,0.15004575744722987,346
manual,2026-08-08_154647_413072_1_R2_TEST3,TEST3,2,125.0,0.16550009484889736,0.16550009484889736,346
manual,2026-08-08_154647_413072_1_R2_TEST3,TEST3,2,150.0,0.16522910425005383,0.16522910425005383,345
manual,2026-08-08_154647_413072_1_R2_TEST3,TEST3,2,175.0,0.15566162441721862,0.15566162441721862,345
manual,2026-08-08_154647_413072_1_R2_TEST3,TEST3,2,200.0,0.1348042250684122,0.1348042250684122,345
manual,2026-08-08_154647_413072_1_R2_TEST3,TEST3,2,225.0,0.10482000076607247,0.10482000076607247,345
manual,2026-08-08_154647_413072_1_R2_TEST3,TEST3,2,250.0,0.07250555872504925,0.07250555872504925,345
manual,2026-08-08_154647_413072_1_R2_TEST3,TEST3,2,275.0,0.03306572359024249,0.03306572359024249,344
manual,2026-08-08_154647_413072_1_R2_TEST3,TEST3,2,300.0,0.0007097862837703551,0.0007097862837703551,344
manual,2026-08-08_154647_413072_1_R2_TEST3,TEST3,2,325.0,-0.035263370223727164,0.035263370223727164,344
manual,2026-08-08_154647_413072_1_R2_TEST3,TEST3,2,350.0,-0.07041717228577762,0.07041717228577762,344
manual,2026-08-08_154647_413072_1_R2_TEST3,TEST3,2,375.0,-0.09838811597208445,0.09838811597208445,344
manual,2026-08-08_154647_413072_1_R2_TEST3,TEST3,2,400.0,-0.11372493974666428,0.11372493974666428,344
manual,2026-08-08_154647_413072_1_R2_TEST3,TEST3,2,425.0,-0.10926275106400239,0.10926275106400239,343
manual,2026-08-08_154647_413072_1_R2_TEST3,TEST3,2,450.0,-0.09269362636664195,0.09269362636664195,343
manual,2026-08-08_154647_413072_1_R2_TEST3,TEST3,2,475.0,-0.06823628030056848,0.06823628030056848,343
manual,2026-08-08_154647_413072_1_R2_TEST3,TEST3,2,500.0,-0.040201694530199686,0.040201694530199686,343
manual,2026-08-08_155028_937924_1_R2_TEST4,TEST4,2,-500.0,0.11173528027464846,0.11173528027464846,371
manual,2026-08-08_155028_937924_1_R2_TEST4,TEST4,2,-475.0,0.12746022217340788,0.12746022217340788,371
manual,2026-08-08_155028_937924_1_R2_TEST4,TEST4,2,-450.0,0.1341396615022887,0.1341396615022887,371
manual,2026-08-08_155028_937924_1_R2_TEST4,TEST4,2,-425.0,0.13123091544651952,0.13123091544651952,371
manual,2026-08-08_155028_937924_1_R2_TEST4,TEST4,2,-400.0,0.1257432745898856,0.1257432745898856,372
manual,2026-08-08_155028_937924_1_R2_TEST4,TEST4,2,-375.0,0.10806547521690697,0.10806547521690697,372
manual,2026-08-08_155028_937924_1_R2_TEST4,TEST4,2,-350.0,0.0819706836066259,0.0819706836066259,372
manual,2026-08-08_155028_937924_1_R2_TEST4,TEST4,2,-325.0,0.0474183754814825,0.0474183754814825,372
manual,2026-08-08_155028_937924_1_R2_TEST4,TEST4,2,-300.0,0.011260607499443126,0.011260607499443126,372
manual,2026-08-08_155028_937924_1_R2_TEST4,TEST4,2,-275.0,-0.018873934981579393,0.018873934981579393,372
manual,2026-08-08_155028_937924_1_R2_TEST4,TEST4,2,-250.0,-0.03822466790843589,0.03822466790843589,373
manual,2026-08-08_155028_937924_1_R2_TEST4,TEST4,2,-225.0,-0.051271684181615006,0.051271684181615006,373
manual,2026-08-08_155028_937924_1_R2_TEST4,TEST4,2,-200.0,-0.06188506560377859,0.06188506560377859,373
manual,2026-08-08_155028_937924_1_R2_TEST4,TEST4,2,-175.0,-0.06790937039774302,0.06790937039774302,373
manual,2026-08-08_155028_937924_1_R2_TEST4,TEST4,2,-150.0,-0.07011867893027623,0.07011867893027623,373
manual,2026-08-08_155028_937924_1_R2_TEST4,TEST4,2,-125.0,-0.06113669870756092,0.06113669870756092,374
manual,2026-08-08_155028_937924_1_R2_TEST4,TEST4,2,-100.0,-0.032487103919802994,0.032487103919802994,374
manual,2026-08-08_155028_937924_1_R2_TEST4,TEST4,2,-75.0,0.002667040348197735,0.002667040348197735,374
manual,2026-08-08_155028_937924_1_R2_TEST4,TEST4,2,-50.0,0.03908990064996151,0.03908990064996151,374
manual,2026-08-08_155028_937924_1_R2_TEST4,TEST4,2,-25.0,0.06933758995623389,0.06933758995623389,374
manual,2026-08-08_155028_937924_1_R2_TEST4,TEST4,2,0.0,0.09061389477890536,0.09061389477890536,375
manual,2026-08-08_155028_937924_1_R2_TEST4,TEST4,2,25.0,0.10644158350000794,0.10644158350000794,374
manual,2026-08-08_155028_937924_1_R2_TEST4,TEST4,2,50.0,0.11994821607977287,0.11994821607977287,374
manual,2026-08-08_155028_937924_1_R2_TEST4,TEST4,2,75.0,0.1260545130691508,0.1260545130691508,374
manual,2026-08-08_155028_937924_1_R2_TEST4,TEST4,2,100.0,0.1229732660969144,0.1229732660969144,374
manual,2026-08-08_155028_937924_1_R2_TEST4,TEST4,2,125.0,0.11419575502088886,0.11419575502088886,374
manual,2026-08-08_155028_937924_1_R2_TEST4,TEST4,2,150.0,0.08971016359805835,0.08971016359805835,373
manual,2026-08-08_155028_937924_1_R2_TEST4,TEST4,2,175.0,0.04492434056605243,0.04492434056605243,373
manual,2026-08-08_155028_937924_1_R2_TEST4,TEST4,2,200.0,-0.009851347976675034,0.009851347976675034,373
manual,2026-08-08_155028_937924_1_R2_TEST4,TEST4,2,225.0,-0.06393947032036634,0.06393947032036634,373
manual,2026-08-08_155028_937924_1_R2_TEST4,TEST4,2,250.0,-0.10698163863130347,0.10698163863130347,373
manual,2026-08-08_155028_937924_1_R2_TEST4,TEST4,2,275.0,-0.13744107897027869,0.13744107897027869,372
manual,2026-08-08_155028_937924_1_R2_TEST4,TEST4,2,300.0,-0.17369873713174303,0.17369873713174303,372
manual,2026-08-08_155028_937924_1_R2_TEST4,TEST4,2,325.0,-0.20573503089122866,0.20573503089122866,372
manual,2026-08-08_155028_937924_1_R2_TEST4,TEST4,2,350.0,-0.22381675717576077,0.22381675717576077,372
manual,2026-08-08_155028_937924_1_R2_TEST4,TEST4,2,375.0,-0.2253033066752374,0.2253033066752374,372
manual,2026-08-08_155028_937924_1_R2_TEST4,TEST4,2,400.0,-0.21681635272099092,0.21681635272099092,371
manual,2026-08-08_155028_937924_1_R2_TEST4,TEST4,2,425.0,-0.18343187264905908,0.18343187264905908,371
manual,2026-08-08_155028_937924_1_R2_TEST4,TEST4,2,450.0,-0.12554419632872504,0.12554419632872504,371
manual,2026-08-08_155028_937924_1_R2_TEST4,TEST4,2,475.0,-0.053140977700634175,0.053140977700634175,371
manual,2026-08-08_155028_937924_1_R2_TEST4,TEST4,2,500.0,0.01925509336913373,0.01925509336913373,371
manual,2026-08-08_155132_412966_1_R2_TEST5,TEST5,2,-500.0,0.21735608163345038,0.21735608163345038,312
manual,2026-08-08_155132_412966_1_R2_TEST5,TEST5,2,-475.0,0.2137169647591554,0.2137169647591554,312
manual,2026-08-08_155132_412966_1_R2_TEST5,TEST5,2,-450.0,0.19702893977661173,0.19702893977661173,312
manual,2026-08-08_155132_412966_1_R2_TEST5,TEST5,2,-425.0,0.17116589598297144,0.17116589598297144,312
manual,2026-08-08_155132_412966_1_R2_TEST5,TEST5,2,-400.0,0.14296427393624114,0.14296427393624114,313
manual,2026-08-08_155132_412966_1_R2_TEST5,TEST5,2,-375.0,0.10738935091738962,0.10738935091738962,313
manual,2026-08-08_155132_412966_1_R2_TEST5,TEST5,2,-350.0,0.057170706356513855,0.057170706356513855,313
manual,2026-08-08_155132_412966_1_R2_TEST5,TEST5,2,-325.0,-0.00045009791734079095,0.00045009791734079095,313
manual,2026-08-08_155132_412966_1_R2_TEST5,TEST5,2,-300.0,-0.05562405795923685,0.05562405795923685,313
manual,2026-08-08_155132_412966_1_R2_TEST5,TEST5,2,-275.0,-0.1009963367012989,0.1009963367012989,313
manual,2026-08-08_155132_412966_1_R2_TEST5,TEST5,2,-250.0,-0.13701334955196,0.13701334955196,314
manual,2026-08-08_155132_412966_1_R2_TEST5,TEST5,2,-225.0,-0.17414444419558844,0.17414444419558844,314
manual,2026-08-08_155132_412966_1_R2_TEST5,TEST5,2,-200.0,-0.20520263901168845,0.20520263901168845,314
manual,2026-08-08_155132_412966_1_R2_TEST5,TEST5,2,-175.0,-0.22359823493085665,0.22359823493085665,314
manual,2026-08-08_155132_412966_1_R2_TEST5,TEST5,2,-150.0,-0.2283117536804015,0.2283117536804015,314
manual,2026-08-08_155132_412966_1_R2_TEST5,TEST5,2,-125.0,-0.2042292227712032,0.2042292227712032,315
manual,2026-08-08_155132_412966_1_R2_TEST5,TEST5,2,-100.0,-0.15049622724938339,0.15049622724938339,315
manual,2026-08-08_155132_412966_1_R2_TEST5,TEST5,2,-75.0,-0.07959928577862105,0.07959928577862105,315
manual,2026-08-08_155132_412966_1_R2_TEST5,TEST5,2,-50.0,-0.0012557543880195303,0.0012557543880195303,315
manual,2026-08-08_155132_412966_1_R2_TEST5,TEST5,2,-25.0,0.0710158507197644,0.0710158507197644,315
manual,2026-08-08_155132_412966_1_R2_TEST5,TEST5,2,0.0,0.12870362145111475,0.12870362145111475,316
manual,2026-08-08_155132_412966_1_R2_TEST5,TEST5,2,25.0,0.18903117781108034,0.18903117781108034,315
manual,2026-08-08_155132_412966_1_R2_TEST5,TEST5,2,50.0,0.25159477402116326,0.25159477402116326,315
manual,2026-08-08_155132_412966_1_R2_TEST5,TEST5,2,75.0,0.3043464425298996,0.3043464425298996,315
manual,2026-08-08_155132_412966_1_R2_TEST5,TEST5,2,100.0,0.3373464521113428,0.3373464521113428,315
manual,2026-08-08_155132_412966_1_R2_TEST5,TEST5,2,125.0,0.35049137129463603,0.35049137129463603,315
manual,2026-08-08_155132_412966_1_R2_TEST5,TEST5,2,150.0,0.3406553426347413,0.3406553426347413,314
manual,2026-08-08_155132_412966_1_R2_TEST5,TEST5,2,175.0,0.30656428053111673,0.30656428053111673,314
manual,2026-08-08_155132_412966_1_R2_TEST5,TEST5,2,200.0,0.25057282304639794,0.25057282304639794,314
manual,2026-08-08_155132_412966_1_R2_TEST5,TEST5,2,225.0,0.17937376095822435,0.17937376095822435,314
manual,2026-08-08_155132_412966_1_R2_TEST5,TEST5,2,250.0,0.10722647272321256,0.10722647272321256,314
manual,2026-08-08_155132_412966_1_R2_TEST5,TEST5,2,275.0,0.04279385766904454,0.04279385766904454,313
manual,2026-08-08_155132_412966_1_R2_TEST5,TEST5,2,300.0,-0.020552120148018757,0.020552120148018757,313
manual,2026-08-08_155132_412966_1_R2_TEST5,TEST5,2,325.0,-0.09271414200954395,0.09271414200954395,313
manual,2026-08-08_155132_412966_1_R2_TEST5,TEST5,2,350.0,-0.16172820458337456,0.16172820458337456,313
manual,2026-08-08_155132_412966_1_R2_TEST5,TEST5,2,375.0,-0.21652339943452417,0.21652339943452417,313
manual,2026-08-08_155132_412966_1_R2_TEST5,TEST5,2,400.0,-0.25658057344787244,0.25658057344787244,312
manual,2026-08-08_155132_412966_1_R2_TEST5,TEST5,2,425.0,-0.2584298309861511,0.2584298309861511,312
manual,2026-08-08_155132_412966_1_R2_TEST5,TEST5,2,450.0,-0.2474301919436009,0.2474301919436009,312
manual,2026-08-08_155132_412966_1_R2_TEST5,TEST5,2,475.0,-0.22061185028867103,0.22061185028867103,312
manual,2026-08-08_155132_412966_1_R2_TEST5,TEST5,2,500.0,-0.18174690798775187,0.18174690798775187,312
manual,2026-08-08_155430_315930_1_R2_TEST6,TEST6,2,-500.0,0.10725330837471433,0.10725330837471433,279
manual,2026-08-08_155430_315930_1_R2_TEST6,TEST6,2,-475.0,0.124845727606098,0.124845727606098,279
manual,2026-08-08_155430_315930_1_R2_TEST6,TEST6,2,-450.0,0.13594974457791373,0.13594974457791373,279
manual,2026-08-08_155430_315930_1_R2_TEST6,TEST6,2,-425.0,0.13902623848041692,0.13902623848041692,279
manual,2026-08-08_155430_315930_1_R2_TEST6,TEST6,2,-400.0,0.13513302722406664,0.13513302722406664,279
manual,2026-08-08_155430_315930_1_R2_TEST6,TEST6,2,-375.0,0.12107481467508961,0.12107481467508961,280
manual,2026-08-08_155430_315930_1_R2_TEST6,TEST6,2,-350.0,0.09770102061968536,0.09770102061968536,280
manual,2026-08-08_155430_315930_1_R2_TEST6,TEST6,2,-325.0,0.06682608888157443,0.06682608888157443,280
manual,2026-08-08_155430_315930_1_R2_TEST6,TEST6,2,-300.0,0.033239583464984464,0.033239583464984464,280
manual,2026-08-08_155430_315930_1_R2_TEST6,TEST6,2,-275.0,0.002431252251094939,0.002431252251094939,280
manual,2026-08-08_155430_315930_1_R2_TEST6,TEST6,2,-250.0,-0.01718524862893356,0.01718524862893356,281
manual,2026-08-08_155430_315930_1_R2_TEST6,TEST6,2,-225.0,-0.04290348674613259,0.04290348674613259,281
manual,2026-08-08_155430_315930_1_R2_TEST6,TEST6,2,-200.0,-0.06938989694281276,0.06938989694281276,281
manual,2026-08-08_155430_315930_1_R2_TEST6,TEST6,2,-175.0,-0.091873384548559,0.091873384548559,281
manual,2026-08-08_155430_315930_1_R2_TEST6,TEST6,2,-150.0,-0.1077648845237017,0.1077648845237017,281
manual,2026-08-08_155430_315930_1_R2_TEST6,TEST6,2,-125.0,-0.1143077493455665,0.1143077493455665,281
manual,2026-08-08_155430_315930_1_R2_TEST6,TEST6,2,-100.0,-0.09253404050070542,0.09253404050070542,282
manual,2026-08-08_155430_315930_1_R2_TEST6,TEST6,2,-75.0,-0.05874416445495741,0.05874416445495741,282
manual,2026-08-08_155430_315930_1_R2_TEST6,TEST6,2,-50.0,-0.02033908048984178,0.02033908048984178,282
manual,2026-08-08_155430_315930_1_R2_TEST6,TEST6,2,-25.0,0.01647834143969964,0.01647834143969964,282
manual,2026-08-08_155430_315930_1_R2_TEST6,TEST6,2,0.0,0.047189909035268006,0.047189909035268006,283
manual,2026-08-08_155430_315930_1_R2_TEST6,TEST6,2,25.0,0.0822895977906971,0.0822895977906971,282
manual,2026-08-08_155430_315930_1_R2_TEST6,TEST6,2,50.0,0.12112741342953522,0.12112741342953522,282
manual,2026-08-08_155430_315930_1_R2_TEST6,TEST6,2,75.0,0.15622896069288553,0.15622896069288553,282
manual,2026-08-08_155430_315930_1_R2_TEST6,TEST6,2,100.0,0.18144134803383924,0.18144134803383924,282
manual,2026-08-08_155430_315930_1_R2_TEST6,TEST6,2,125.0,0.19460457541122764,0.19460457541122764,281
manual,2026-08-08_155430_315930_1_R2_TEST6,TEST6,2,150.0,0.18357502681216642,0.18357502681216642,281
manual,2026-08-08_155430_315930_1_R2_TEST6,TEST6,2,175.0,0.1552683923521964,0.1552683923521964,281
manual,2026-08-08_155430_315930_1_R2_TEST6,TEST6,2,200.0,0.11504513752049653,0.11504513752049653,281
manual,2026-08-08_155430_315930_1_R2_TEST6,TEST6,2,225.0,0.06826628398332292,0.06826628398332292,281
manual,2026-08-08_155430_315930_1_R2_TEST6,TEST6,2,250.0,0.022687264339008886,0.022687264339008886,281
manual,2026-08-08_155430_315930_1_R2_TEST6,TEST6,2,275.0,-0.028705759017624222,0.028705759017624222,280
manual,2026-08-08_155430_315930_1_R2_TEST6,TEST6,2,300.0,-0.06835573923528207,0.06835573923528207,280
manual,2026-08-08_155430_315930_1_R2_TEST6,TEST6,2,325.0,-0.11042832731141328,0.11042832731141328,280
manual,2026-08-08_155430_315930_1_R2_TEST6,TEST6,2,350.0,-0.14800059685711936,0.14800059685711936,280
manual,2026-08-08_155430_315930_1_R2_TEST6,TEST6,2,375.0,-0.17538739904965006,0.17538739904965006,280
manual,2026-08-08_155430_315930_1_R2_TEST6,TEST6,2,400.0,-0.1910677336498614,0.1910677336498614,280
manual,2026-08-08_155430_315930_1_R2_TEST6,TEST6,2,425.0,-0.18676136005236685,0.18676136005236685,279
manual,2026-08-08_155430_315930_1_R2_TEST6,TEST6,2,450.0,-0.16290189173793737,0.16290189173793737,279
manual,2026-08-08_155430_315930_1_R2_TEST6,TEST6,2,475.0,-0.12801827451211406,0.12801827451211406,279
manual,2026-08-08_155430_315930_1_R2_TEST6,TEST6,2,500.0,-0.08718033952983488,0.08718033952983488,279
manual,2026-08-08_155939_090816_1_R3_TEST2,TEST2,3,-500.0,0.12014415675279128,0.12014415675279128,304
manual,2026-08-08_155939_090816_1_R3_TEST2,TEST2,3,-475.0,0.12413734414112171,0.12413734414112171,304
manual,2026-08-08_155939_090816_1_R3_TEST2,TEST2,3,-450.0,0.11896011305131457,0.11896011305131457,304
manual,2026-08-08_155939_090816_1_R3_TEST2,TEST2,3,-425.0,0.1063102923450655,0.1063102923450655,304
manual,2026-08-08_155939_090816_1_R3_TEST2,TEST2,3,-400.0,0.08871210632413651,0.08871210632413651,305
manual,2026-08-08_155939_090816_1_R3_TEST2,TEST2,3,-375.0,0.08448365376346331,0.08448365376346331,305
manual,2026-08-08_155939_090816_1_R3_TEST2,TEST2,3,-350.0,0.07350499870241874,0.07350499870241874,305
manual,2026-08-08_155939_090816_1_R3_TEST2,TEST2,3,-325.0,0.056037286266261,0.056037286266261,305
manual,2026-08-08_155939_090816_1_R3_TEST2,TEST2,3,-300.0,0.035381070820651804,0.035381070820651804,305
manual,2026-08-08_155939_090816_1_R3_TEST2,TEST2,3,-275.0,0.014025695922548877,0.014025695922548877,305
manual,2026-08-08_155939_090816_1_R3_TEST2,TEST2,3,-250.0,-0.020248203371764393,0.020248203371764393,306
manual,2026-08-08_155939_090816_1_R3_TEST2,TEST2,3,-225.0,-0.048736110383725544,0.048736110383725544,306
manual,2026-08-08_155939_090816_1_R3_TEST2,TEST2,3,-200.0,-0.07775878638581495,0.07775878638581495,306
manual,2026-08-08_155939_090816_1_R3_TEST2,TEST2,3,-175.0,-0.1010157673790624,0.1010157673790624,306
manual,2026-08-08_155939_090816_1_R3_TEST2,TEST2,3,-150.0,-0.11369888065655398,0.11369888065655398,306
manual,2026-08-08_155939_090816_1_R3_TEST2,TEST2,3,-125.0,-0.11952246749430961,0.11952246749430961,307
manual,2026-08-08_155939_090816_1_R3_TEST2,TEST2,3,-100.0,-0.11193055546562143,0.11193055546562143,307
manual,2026-08-08_155939_090816_1_R3_TEST2,TEST2,3,-75.0,-0.09353173486919092,0.09353173486919092,307
manual,2026-08-08_155939_090816_1_R3_TEST2,TEST2,3,-50.0,-0.06722840301924846,0.06722840301924846,307
manual,2026-08-08_155939_090816_1_R3_TEST2,TEST2,3,-25.0,-0.03879008780059878,0.03879008780059878,307
manual,2026-08-08_155939_090816_1_R3_TEST2,TEST2,3,0.0,-0.013767605526010477,0.013767605526010477,308
manual,2026-08-08_155939_090816_1_R3_TEST2,TEST2,3,25.0,0.013057042154128944,0.013057042154128944,307
manual,2026-08-08_155939_090816_1_R3_TEST2,TEST2,3,50.0,0.045328976414691066,0.045328976414691066,307
manual,2026-08-08_155939_090816_1_R3_TEST2,TEST2,3,75.0,0.07758755745386124,0.07758755745386124,307
manual,2026-08-08_155939_090816_1_R3_TEST2,TEST2,3,100.0,0.10282080453013213,0.10282080453013213,307
manual,2026-08-08_155939_090816_1_R3_TEST2,TEST2,3,125.0,0.11654731727997567,0.11654731727997567,307
manual,2026-08-08_155939_090816_1_R3_TEST2,TEST2,3,150.0,0.13545908496005613,0.13545908496005613,306
manual,2026-08-08_155939_090816_1_R3_TEST2,TEST2,3,175.0,0.14258926096559021,0.14258926096559021,306
manual,2026-08-08_155939_090816_1_R3_TEST2,TEST2,3,200.0,0.13962862753302627,0.13962862753302627,306
manual,2026-08-08_155939_090816_1_R3_TEST2,TEST2,3,225.0,0.12636090729778252,0.12636090729778252,306
manual,2026-08-08_155939_090816_1_R3_TEST2,TEST2,3,250.0,0.10604976488761085,0.10604976488761085,306
manual,2026-08-08_155939_090816_1_R3_TEST2,TEST2,3,275.0,0.08637655457242216,0.08637655457242216,305
manual,2026-08-08_155939_090816_1_R3_TEST2,TEST2,3,300.0,0.07362991600251266,0.07362991600251266,305
manual,2026-08-08_155939_090816_1_R3_TEST2,TEST2,3,325.0,0.05335640769599449,0.05335640769599449,305
manual,2026-08-08_155939_090816_1_R3_TEST2,TEST2,3,350.0,0.028124856846232147,0.028124856846232147,305
manual,2026-08-08_155939_090816_1_R3_TEST2,TEST2,3,375.0,0.003301709469833539,0.003301709469833539,305
manual,2026-08-08_155939_090816_1_R3_TEST2,TEST2,3,400.0,-0.014043431041372243,0.014043431041372243,305
manual,2026-08-08_155939_090816_1_R3_TEST2,TEST2,3,425.0,-0.03223603046481797,0.03223603046481797,304
manual,2026-08-08_155939_090816_1_R3_TEST2,TEST2,3,450.0,-0.052060788646624945,0.052060788646624945,304
manual,2026-08-08_155939_090816_1_R3_TEST2,TEST2,3,475.0,-0.07004925853713916,0.07004925853713916,304
manual,2026-08-08_155939_090816_1_R3_TEST2,TEST2,3,500.0,-0.08214408114032974,0.08214408114032974,304
manual,2026-08-08_160034_704902_1_R3_TEST3,TEST3,3,-500.0,-0.004449675331299446,0.004449675331299446,288
manual,2026-08-08_160034_704902_1_R3_TEST3,TEST3,3,-475.0,0.019899664924915725,0.019899664924915725,288
manual,2026-08-08_160034_704902_1_R3_TEST3,TEST3,3,-450.0,0.04385543296755812,0.04385543296755812,288
manual,2026-08-08_160034_704902_1_R3_TEST3,TEST3,3,-425.0,0.06236673500986588,0.06236673500986588,288
manual,2026-08-08_160034_704902_1_R3_TEST3,TEST3,3,-400.0,0.079179165767949,0.079179165767949,288
manual,2026-08-08_160034_704902_1_R3_TEST3,TEST3,3,-375.0,0.12652913244898206,0.12652913244898206,289
manual,2026-08-08_160034_704902_1_R3_TEST3,TEST3,3,-350.0,0.17261658322498216,0.17261658322498216,289
manual,2026-08-08_160034_704902_1_R3_TEST3,TEST3,3,-325.0,0.21049163256188816,0.21049163256188816,289
manual,2026-08-08_160034_704902_1_R3_TEST3,TEST3,3,-300.0,0.2311177006614913,0.2311177006614913,289
manual,2026-08-08_160034_704902_1_R3_TEST3,TEST3,3,-275.0,0.23654599146171607,0.23654599146171607,289
manual,2026-08-08_160034_704902_1_R3_TEST3,TEST3,3,-250.0,0.2287401984696083,0.2287401984696083,290
manual,2026-08-08_160034_704902_1_R3_TEST3,TEST3,3,-225.0,0.21507465419997066,0.21507465419997066,290
manual,2026-08-08_160034_704902_1_R3_TEST3,TEST3,3,-200.0,0.18633800488468866,0.18633800488468866,290
manual,2026-08-08_160034_704902_1_R3_TEST3,TEST3,3,-175.0,0.1435499492611328,0.1435499492611328,290
manual,2026-08-08_160034_704902_1_R3_TEST3,TEST3,3,-150.0,0.09594927425557491,0.09594927425557491,290
manual,2026-08-08_160034_704902_1_R3_TEST3,TEST3,3,-125.0,0.062065419756290825,0.062065419756290825,290
manual,2026-08-08_160034_704902_1_R3_TEST3,TEST3,3,-100.0,0.062371637034872016,0.062371637034872016,291
manual,2026-08-08_160034_704902_1_R3_TEST3,TEST3,3,-75.0,0.06328003855406049,0.06328003855406049,291
manual,2026-08-08_160034_704902_1_R3_TEST3,TEST3,3,-50.0,0.05937413574112459,0.05937413574112459,291
manual,2026-08-08_160034_704902_1_R3_TEST3,TEST3,3,-25.0,0.051815404161096215,0.051815404161096215,291
manual,2026-08-08_160034_704902_1_R3_TEST3,TEST3,3,0.0,0.04323453829326233,0.04323453829326233,292
manual,2026-08-08_160034_704902_1_R3_TEST3,TEST3,3,25.0,0.04496673728956544,0.04496673728956544,291
manual,2026-08-08_160034_704902_1_R3_TEST3,TEST3,3,50.0,0.04440770071021716,0.04440770071021716,291
manual,2026-08-08_160034_704902_1_R3_TEST3,TEST3,3,75.0,0.04045894076382326,0.04045894076382326,291
manual,2026-08-08_160034_704902_1_R3_TEST3,TEST3,3,100.0,0.03371230509744472,0.03371230509744472,291
manual,2026-08-08_160034_704902_1_R3_TEST3,TEST3,3,125.0,0.024641163605742582,0.024641163605742582,291
manual,2026-08-08_160034_704902_1_R3_TEST3,TEST3,3,150.0,0.01728885778392692,0.01728885778392692,290
manual,2026-08-08_160034_704902_1_R3_TEST3,TEST3,3,175.0,0.023457725798669,0.023457725798669,290
manual,2026-08-08_160034_704902_1_R3_TEST3,TEST3,3,200.0,0.030005318940902526,0.030005318940902526,290
manual,2026-08-08_160034_704902_1_R3_TEST3,TEST3,3,225.0,0.03424529332155992,0.03424529332155992,290
manual,2026-08-08_160034_704902_1_R3_TEST3,TEST3,3,250.0,0.03348525264021412,0.03348525264021412,290
manual,2026-08-08_160034_704902_1_R3_TEST3,TEST3,3,275.0,0.022813313339006745,0.022813313339006745,289
manual,2026-08-08_160034_704902_1_R3_TEST3,TEST3,3,300.0,0.02580921755799092,0.02580921755799092,289
manual,2026-08-08_160034_704902_1_R3_TEST3,TEST3,3,325.0,0.027135647015480744,0.027135647015480744,289
manual,2026-08-08_160034_704902_1_R3_TEST3,TEST3,3,350.0,0.026460605442283864,0.026460605442283864,289
manual,2026-08-08_160034_704902_1_R3_TEST3,TEST3,3,375.0,0.024037216212832484,0.024037216212832484,289
manual,2026-08-08_160034_704902_1_R3_TEST3,TEST3,3,400.0,0.023194808267396515,0.023194808267396515,288
manual,2026-08-08_160034_704902_1_R3_TEST3,TEST3,3,425.0,-0.007602992643618607,0.007602992643618607,288
manual,2026-08-08_160034_704902_1_R3_TEST3,TEST3,3,450.0,-0.03937258445134923,0.03937258445134923,288
manual,2026-08-08_160034_704902_1_R3_TEST3,TEST3,3,475.0,-0.07134991908290325,0.07134991908290325,288
manual,2026-08-08_160034_704902_1_R3_TEST3,TEST3,3,500.0,-0.09666632215709225,0.09666632215709225,288
manual,2026-08-08_160147_552782_1_R3_TEST4,TEST4,3,-500.0,-0.0669235482342035,0.0669235482342035,308
manual,2026-08-08_160147_552782_1_R3_TEST4,TEST4,3,-475.0,-0.10965558473993833,0.10965558473993833,308
manual,2026-08-08_160147_552782_1_R3_TEST4,TEST4,3,-450.0,-0.1451773707343563,0.1451773707343563,308
manual,2026-08-08_160147_552782_1_R3_TEST4,TEST4,3,-425.0,-0.16509812415308942,0.16509812415308942,308
manual,2026-08-08_160147_552782_1_R3_TEST4,TEST4,3,-400.0,-0.1674063631619472,0.1674063631619472,309
manual,2026-08-08_160147_552782_1_R3_TEST4,TEST4,3,-375.0,-0.1718575261314816,0.1718575261314816,309
manual,2026-08-08_160147_552782_1_R3_TEST4,TEST4,3,-350.0,-0.17222059776372234,0.17222059776372234,309
manual,2026-08-08_160147_552782_1_R3_TEST4,TEST4,3,-325.0,-0.15701287676949596,0.15701287676949596,309
manual,2026-08-08_160147_552782_1_R3_TEST4,TEST4,3,-300.0,-0.12881002196280802,0.12881002196280802,309
manual,2026-08-08_160147_552782_1_R3_TEST4,TEST4,3,-275.0,-0.09637670094302708,0.09637670094302708,309
manual,2026-08-08_160147_552782_1_R3_TEST4,TEST4,3,-250.0,-0.0956416413804529,0.0956416413804529,310
manual,2026-08-08_160147_552782_1_R3_TEST4,TEST4,3,-225.0,-0.10688631771382855,0.10688631771382855,310
manual,2026-08-08_160147_552782_1_R3_TEST4,TEST4,3,-200.0,-0.11293833451040194,0.11293833451040194,310
manual,2026-08-08_160147_552782_1_R3_TEST4,TEST4,3,-175.0,-0.10877514136315007,0.10877514136315007,310
manual,2026-08-08_160147_552782_1_R3_TEST4,TEST4,3,-150.0,-0.09893452832698789,0.09893452832698789,310
manual,2026-08-08_160147_552782_1_R3_TEST4,TEST4,3,-125.0,-0.0891582200768369,0.0891582200768369,311
manual,2026-08-08_160147_552782_1_R3_TEST4,TEST4,3,-100.0,-0.03526674536680879,0.03526674536680879,311
manual,2026-08-08_160147_552782_1_R3_TEST4,TEST4,3,-75.0,0.03780593544230623,0.03780593544230623,311
manual,2026-08-08_160147_552782_1_R3_TEST4,TEST4,3,-50.0,0.11176586631294827,0.11176586631294827,311
manual,2026-08-08_160147_552782_1_R3_TEST4,TEST4,3,-25.0,0.16855918026657515,0.16855918026657515,311
manual,2026-08-08_160147_552782_1_R3_TEST4,TEST4,3,0.0,0.2040979513261818,0.2040979513261818,312
manual,2026-08-08_160147_552782_1_R3_TEST4,TEST4,3,25.0,0.26141744836130343,0.26141744836130343,311
manual,2026-08-08_160147_552782_1_R3_TEST4,TEST4,3,50.0,0.3173038666099331,0.3173038666099331,311
manual,2026-08-08_160147_552782_1_R3_TEST4,TEST4,3,75.0,0.351432793079463,0.351432793079463,311
manual,2026-08-08_160147_552782_1_R3_TEST4,TEST4,3,100.0,0.35247492989792806,0.35247492989792806,311
manual,2026-08-08_160147_552782_1_R3_TEST4,TEST4,3,125.0,0.3332513365644787,0.3332513365644787,311
manual,2026-08-08_160147_552782_1_R3_TEST4,TEST4,3,150.0,0.31947468832124437,0.31947468832124437,311
manual,2026-08-08_160147_552782_1_R3_TEST4,TEST4,3,175.0,0.3062170492829284,0.3062170492829284,310
manual,2026-08-08_160147_552782_1_R3_TEST4,TEST4,3,200.0,0.26679595404830236,0.26679595404830236,310
manual,2026-08-08_160147_552782_1_R3_TEST4,TEST4,3,225.0,0.20302605756522066,0.20302605756522066,310
manual,2026-08-08_160147_552782_1_R3_TEST4,TEST4,3,250.0,0.1310332981843159,0.1310332981843159,310
manual,2026-08-08_160147_552782_1_R3_TEST4,TEST4,3,275.0,0.08202465941067186,0.08202465941067186,310
manual,2026-08-08_160147_552782_1_R3_TEST4,TEST4,3,300.0,0.06502930519920898,0.06502930519920898,309
manual,2026-08-08_160147_552782_1_R3_TEST4,TEST4,3,325.0,0.044283712192677537,0.044283712192677537,309
manual,2026-08-08_160147_552782_1_R3_TEST4,TEST4,3,350.0,0.01800260857390883,0.01800260857390883,309
manual,2026-08-08_160147_552782_1_R3_TEST4,TEST4,3,375.0,-0.007172499107505718,0.007172499107505718,309
manual,2026-08-08_160147_552782_1_R3_TEST4,TEST4,3,400.0,-0.029646801539202808,0.029646801539202808,309
manual,2026-08-08_160147_552782_1_R3_TEST4,TEST4,3,425.0,-0.06682929645293925,0.06682929645293925,308
manual,2026-08-08_160147_552782_1_R3_TEST4,TEST4,3,450.0,-0.09638620217860225,0.09638620217860225,308
manual,2026-08-08_160147_552782_1_R3_TEST4,TEST4,3,475.0,-0.12129375858671076,0.12129375858671076,308
manual,2026-08-08_160147_552782_1_R3_TEST4,TEST4,3,500.0,-0.13434347880362246,0.13434347880362246,308
manual,2026-08-08_160247_228233_1_R3_TEST5,TEST5,3,-500.0,0.0678864812221016,0.0678864812221016,315
manual,2026-08-08_160247_228233_1_R3_TEST5,TEST5,3,-475.0,0.11323786071940009,0.11323786071940009,315
manual,2026-08-08_160247_228233_1_R3_TEST5,TEST5,3,-450.0,0.15229334696659508,0.15229334696659508,315
manual,2026-08-08_160247_228233_1_R3_TEST5,TEST5,3,-425.0,0.17844697175456967,0.17844697175456967,315
manual,2026-08-08_160247_228233_1_R3_TEST5,TEST5,3,-400.0,0.19570877834407083,0.19570877834407083,315
manual,2026-08-08_160247_228233_1_R3_TEST5,TEST5,3,-375.0,0.18267421446410154,0.18267421446410154,316
manual,2026-08-08_160247_228233_1_R3_TEST5,TEST5,3,-350.0,0.15554048730396172,0.15554048730396172,316
manual,2026-08-08_160247_228233_1_R3_TEST5,TEST5,3,-325.0,0.11519943527876736,0.11519943527876736,316
manual,2026-08-08_160247_228233_1_R3_TEST5,TEST5,3,-300.0,0.06897851680556498,0.06897851680556498,316
manual,2026-08-08_160247_228233_1_R3_TEST5,TEST5,3,-275.0,0.026358102557728393,0.026358102557728393,316
manual,2026-08-08_160247_228233_1_R3_TEST5,TEST5,3,-250.0,-0.010358450594645616,0.010358450594645616,317
manual,2026-08-08_160247_228233_1_R3_TEST5,TEST5,3,-225.0,-0.05108220445111011,0.05108220445111011,317
manual,2026-08-08_160247_228233_1_R3_TEST5,TEST5,3,-200.0,-0.09304229550727852,0.09304229550727852,317
manual,2026-08-08_160247_228233_1_R3_TEST5,TEST5,3,-175.0,-0.12849909632130746,0.12849909632130746,317
manual,2026-08-08_160247_228233_1_R3_TEST5,TEST5,3,-150.0,-0.15087969197897502,0.15087969197897502,317
manual,2026-08-08_160247_228233_1_R3_TEST5,TEST5,3,-125.0,-0.1577149171512186,0.1577149171512186,318
manual,2026-08-08_160247_228233_1_R3_TEST5,TEST5,3,-100.0,-0.1395649660489508,0.1395649660489508,318
manual,2026-08-08_160247_228233_1_R3_TEST5,TEST5,3,-75.0,-0.10964929328246581,0.10964929328246581,318
manual,2026-08-08_160247_228233_1_R3_TEST5,TEST5,3,-50.0,-0.07067812734943328,0.07067812734943328,318
manual,2026-08-08_160247_228233_1_R3_TEST5,TEST5,3,-25.0,-0.030691366624884135,0.030691366624884135,318
manual,2026-08-08_160247_228233_1_R3_TEST5,TEST5,3,0.0,0.003515309013754419,0.003515309013754419,319
manual,2026-08-08_160247_228233_1_R3_TEST5,TEST5,3,25.0,0.0475651642978884,0.0475651642978884,318
manual,2026-08-08_160247_228233_1_R3_TEST5,TEST5,3,50.0,0.09842868106816637,0.09842868106816637,318
manual,2026-08-08_160247_228233_1_R3_TEST5,TEST5,3,75.0,0.14724455994086774,0.14724455994086774,318
manual,2026-08-08_160247_228233_1_R3_TEST5,TEST5,3,100.0,0.18403675968768696,0.18403675968768696,318
manual,2026-08-08_160247_228233_1_R3_TEST5,TEST5,3,125.0,0.2051659713385558,0.2051659713385558,318
manual,2026-08-08_160247_228233_1_R3_TEST5,TEST5,3,150.0,0.211452044136595,0.211452044136595,317
manual,2026-08-08_160247_228233_1_R3_TEST5,TEST5,3,175.0,0.2194503371577897,0.2194503371577897,317
manual,2026-08-08_160247_228233_1_R3_TEST5,TEST5,3,200.0,0.21513102583296623,0.21513102583296623,317
manual,2026-08-08_160247_228233_1_R3_TEST5,TEST5,3,225.0,0.19584758675082342,0.19584758675082342,317
manual,2026-08-08_160247_228233_1_R3_TEST5,TEST5,3,250.0,0.16733205969891082,0.16733205969891082,317
manual,2026-08-08_160247_228233_1_R3_TEST5,TEST5,3,275.0,0.13298216702623653,0.13298216702623653,316
manual,2026-08-08_160247_228233_1_R3_TEST5,TEST5,3,300.0,0.08752906686947945,0.08752906686947945,316
manual,2026-08-08_160247_228233_1_R3_TEST5,TEST5,3,325.0,0.028230210503252053,0.028230210503252053,316
manual,2026-08-08_160247_228233_1_R3_TEST5,TEST5,3,350.0,-0.0356331342054312,0.0356331342054312,316
manual,2026-08-08_160247_228233_1_R3_TEST5,TEST5,3,375.0,-0.09168485533130022,0.09168485533130022,316
manual,2026-08-08_160247_228233_1_R3_TEST5,TEST5,3,400.0,-0.13206679861888057,0.13206679861888057,316
manual,2026-08-08_160247_228233_1_R3_TEST5,TEST5,3,425.0,-0.15958436114093535,0.15958436114093535,315
manual,2026-08-08_160247_228233_1_R3_TEST5,TEST5,3,450.0,-0.19352655727181767,0.19352655727181767,315
manual,2026-08-08_160247_228233_1_R3_TEST5,TEST5,3,475.0,-0.21721208909836756,0.21721208909836756,315
manual,2026-08-08_160247_228233_1_R3_TEST5,TEST5,3,500.0,-0.2251883632446172,0.2251883632446172,315
manual,2026-08-08_160344_644134_1_R3_TEST6,TEST6,3,-500.0,-0.061997950450705164,0.061997950450705164,404
manual,2026-08-08_160344_644134_1_R3_TEST6,TEST6,3,-475.0,-0.04161970143098564,0.04161970143098564,404
manual,2026-08-08_160344_644134_1_R3_TEST6,TEST6,3,-450.0,-0.01750742582413386,0.01750742582413386,404
manual,2026-08-08_160344_644134_1_R3_TEST6,TEST6,3,-425.0,0.005554763293207832,0.005554763293207832,404
manual,2026-08-08_160344_644134_1_R3_TEST6,TEST6,3,-400.0,0.022310663942640165,0.022310663942640165,405
manual,2026-08-08_160344_644134_1_R3_TEST6,TEST6,3,-375.0,0.024995180842930637,0.024995180842930637,405
manual,2026-08-08_160344_644134_1_R3_TEST6,TEST6,3,-350.0,0.02615534712601765,0.02615534712601765,405
manual,2026-08-08_160344_644134_1_R3_TEST6,TEST6,3,-325.0,0.02562760417079333,0.02562760417079333,405
manual,2026-08-08_160344_644134_1_R3_TEST6,TEST6,3,-300.0,0.023412073982938045,0.023412073982938045,405
manual,2026-08-08_160344_644134_1_R3_TEST6,TEST6,3,-275.0,0.02180705394596571,0.02180705394596571,405
manual,2026-08-08_160344_644134_1_R3_TEST6,TEST6,3,-250.0,0.038170546212175305,0.038170546212175305,406
manual,2026-08-08_160344_644134_1_R3_TEST6,TEST6,3,-225.0,0.04929149087257504,0.04929149087257504,406
manual,2026-08-08_160344_644134_1_R3_TEST6,TEST6,3,-200.0,0.05931030800129462,0.05931030800129462,406
manual,2026-08-08_160344_644134_1_R3_TEST6,TEST6,3,-175.0,0.06520226603417804,0.06520226603417804,406
manual,2026-08-08_160344_644134_1_R3_TEST6,TEST6,3,-150.0,0.06658771239821913,0.06658771239821913,406
manual,2026-08-08_160344_644134_1_R3_TEST6,TEST6,3,-125.0,0.06991835221910059,0.06991835221910059,407
manual,2026-08-08_160344_644134_1_R3_TEST6,TEST6,3,-100.0,0.10684367338671936,0.10684367338671936,407
manual,2026-08-08_160344_644134_1_R3_TEST6,TEST6,3,-75.0,0.1453125974515283,0.1453125974515283,407
manual,2026-08-08_160344_644134_1_R3_TEST6,TEST6,3,-50.0,0.17541327263997206,0.17541327263997206,407
manual,2026-08-08_160344_644134_1_R3_TEST6,TEST6,3,-25.0,0.19206144075907836,0.19206144075907836,407
manual,2026-08-08_160344_644134_1_R3_TEST6,TEST6,3,0.0,0.1972281327321179,0.1972281327321179,408
manual,2026-08-08_160344_644134_1_R3_TEST6,TEST6,3,25.0,0.226568504556277,0.226568504556277,407
manual,2026-08-08_160344_644134_1_R3_TEST6,TEST6,3,50.0,0.25007989588952334,0.25007989588952334,407
manual,2026-08-08_160344_644134_1_R3_TEST6,TEST6,3,75.0,0.258795591600242,0.258795591600242,407
manual,2026-08-08_160344_644134_1_R3_TEST6,TEST6,3,100.0,0.24968524810649492,0.24968524810649492,407
manual,2026-08-08_160344_644134_1_R3_TEST6,TEST6,3,125.0,0.23069223126798877,0.23069223126798877,407
manual,2026-08-08_160344_644134_1_R3_TEST6,TEST6,3,150.0,0.20015079852877354,0.20015079852877354,406
manual,2026-08-08_160344_644134_1_R3_TEST6,TEST6,3,175.0,0.1632412028867474,0.1632412028867474,406
manual,2026-08-08_160344_644134_1_R3_TEST6,TEST6,3,200.0,0.1122358901441692,0.1122358901441692,406
manual,2026-08-08_160344_644134_1_R3_TEST6,TEST6,3,225.0,0.053553775726872935,0.053553775726872935,406
manual,2026-08-08_160344_644134_1_R3_TEST6,TEST6,3,250.0,-0.0010048601211223118,0.0010048601211223118,406
manual,2026-08-08_160344_644134_1_R3_TEST6,TEST6,3,275.0,-0.04776254998302242,0.04776254998302242,405
manual,2026-08-08_160344_644134_1_R3_TEST6,TEST6,3,300.0,-0.0973321691494865,0.0973321691494865,405
manual,2026-08-08_160344_644134_1_R3_TEST6,TEST6,3,325.0,-0.15075332933523503,0.15075332933523503,405
manual,2026-08-08_160344_644134_1_R3_TEST6,TEST6,3,350.0,-0.19608721217111705,0.19608721217111705,405
manual,2026-08-08_160344_644134_1_R3_TEST6,TEST6,3,375.0,-0.22524204683932603,0.22524204683932603,405
manual,2026-08-08_160344_644134_1_R3_TEST6,TEST6,3,400.0,-0.2379008506839315,0.2379008506839315,404
manual,2026-08-08_160344_644134_1_R3_TEST6,TEST6,3,425.0,-0.24263859680086783,0.24263859680086783,404
manual,2026-08-08_160344_644134_1_R3_TEST6,TEST6,3,450.0,-0.23768394134808093,0.23768394134808093,404
manual,2026-08-08_160344_644134_1_R3_TEST6,TEST6,3,475.0,-0.2160273052132686,0.2160273052132686,404
manual,2026-08-08_160344_644134_1_R3_TEST6,TEST6,3,500.0,-0.18092189885538051,0.18092189885538051,404
manual,2026-08-08_160643_341315_1_R4_TEST2,TEST2,4,-500.0,0.3100167171832441,0.3100167171832441,443
manual,2026-08-08_160643_341315_1_R4_TEST2,TEST2,4,-475.0,0.3619454230517991,0.3619454230517991,443
manual,2026-08-08_160643_341315_1_R4_TEST2,TEST2,4,-450.0,0.390730177304817,0.390730177304817,443
manual,2026-08-08_160643_341315_1_R4_TEST2,TEST2,4,-425.0,0.39245685485596277,0.39245685485596277,443
manual,2026-08-08_160643_341315_1_R4_TEST2,TEST2,4,-400.0,0.37360258167899724,0.37360258167899724,444
manual,2026-08-08_160643_341315_1_R4_TEST2,TEST2,4,-375.0,0.3277908880622687,0.3277908880622687,444
manual,2026-08-08_160643_341315_1_R4_TEST2,TEST2,4,-350.0,0.2520443648115574,0.2520443648115574,444
manual,2026-08-08_160643_341315_1_R4_TEST2,TEST2,4,-325.0,0.1512806404130102,0.1512806404130102,444
manual,2026-08-08_160643_341315_1_R4_TEST2,TEST2,4,-300.0,0.04452677408056435,0.04452677408056435,444
manual,2026-08-08_160643_341315_1_R4_TEST2,TEST2,4,-275.0,-0.04982148009581713,0.04982148009581713,444
manual,2026-08-08_160643_341315_1_R4_TEST2,TEST2,4,-250.0,-0.152653868575567,0.152653868575567,445
manual,2026-08-08_160643_341315_1_R4_TEST2,TEST2,4,-225.0,-0.2750169371636249,0.2750169371636249,445
manual,2026-08-08_160643_341315_1_R4_TEST2,TEST2,4,-200.0,-0.39604172711417424,0.39604172711417424,445
manual,2026-08-08_160643_341315_1_R4_TEST2,TEST2,4,-175.0,-0.48866112471303563,0.48866112471303563,445
manual,2026-08-08_160643_341315_1_R4_TEST2,TEST2,4,-150.0,-0.5410125998060024,0.5410125998060024,445
manual,2026-08-08_160643_341315_1_R4_TEST2,TEST2,4,-125.0,-0.5613599927188244,0.5613599927188244,446
manual,2026-08-08_160643_341315_1_R4_TEST2,TEST2,4,-100.0,-0.5574390746510526,0.5574390746510526,446
manual,2026-08-08_160643_341315_1_R4_TEST2,TEST2,4,-75.0,-0.5199291415479507,0.5199291415479507,446
manual,2026-08-08_160643_341315_1_R4_TEST2,TEST2,4,-50.0,-0.44383908262002364,0.44383908262002364,446
manual,2026-08-08_160643_341315_1_R4_TEST2,TEST2,4,-25.0,-0.34609081579603945,0.34609081579603945,446
manual,2026-08-08_160643_341315_1_R4_TEST2,TEST2,4,0.0,-0.24991023749975264,0.24991023749975264,447
manual,2026-08-08_160643_341315_1_R4_TEST2,TEST2,4,25.0,-0.14093255744202052,0.14093255744202052,446
manual,2026-08-08_160643_341315_1_R4_TEST2,TEST2,4,50.0,6.479564508057546e-05,6.479564508057546e-05,446
manual,2026-08-08_160643_341315_1_R4_TEST2,TEST2,4,75.0,0.1551338301744476,0.1551338301744476,446
manual,2026-08-08_160643_341315_1_R4_TEST2,TEST2,4,100.0,0.29319436358008344,0.29319436358008344,446
manual,2026-08-08_160643_341315_1_R4_TEST2,TEST2,4,125.0,0.39550488708275,0.39550488708275,446
manual,2026-08-08_160643_341315_1_R4_TEST2,TEST2,4,150.0,0.4703980103612429,0.4703980103612429,445
manual,2026-08-08_160643_341315_1_R4_TEST2,TEST2,4,175.0,0.5336132810313329,0.5336132810313329,445
manual,2026-08-08_160643_341315_1_R4_TEST2,TEST2,4,200.0,0.5710506939648996,0.5710506939648996,445
manual,2026-08-08_160643_341315_1_R4_TEST2,TEST2,4,225.0,0.5676368518846383,0.5676368518846383,445
manual,2026-08-08_160643_341315_1_R4_TEST2,TEST2,4,250.0,0.531239128251582,0.531239128251582,445
manual,2026-08-08_160643_341315_1_R4_TEST2,TEST2,4,275.0,0.4859550854113147,0.4859550854113147,444
manual,2026-08-08_160643_341315_1_R4_TEST2,TEST2,4,300.0,0.42254746464480164,0.42254746464480164,444
manual,2026-08-08_160643_341315_1_R4_TEST2,TEST2,4,325.0,0.32214605285680725,0.32214605285680725,444
manual,2026-08-08_160643_341315_1_R4_TEST2,TEST2,4,350.0,0.19459505812725547,0.19459505812725547,444
manual,2026-08-08_160643_341315_1_R4_TEST2,TEST2,4,375.0,0.06581999398077101,0.06581999398077101,444
manual,2026-08-08_160643_341315_1_R4_TEST2,TEST2,4,400.0,-0.039187334544099346,0.039187334544099346,443
manual,2026-08-08_160643_341315_1_R4_TEST2,TEST2,4,425.0,-0.1278767622835777,0.1278767622835777,443
manual,2026-08-08_160643_341315_1_R4_TEST2,TEST2,4,450.0,-0.23057800767735812,0.23057800767735812,443
manual,2026-08-08_160643_341315_1_R4_TEST2,TEST2,4,475.0,-0.32777457273386174,0.32777457273386174,443
manual,2026-08-08_160643_341315_1_R4_TEST2,TEST2,4,500.0,-0.39857470051474186,0.39857470051474186,443
manual,2026-08-08_160814_583552_1_R4_TEST3,TEST3,4,-500.0,-0.08252280193434822,0.08252280193434822,331
manual,2026-08-08_160814_583552_1_R4_TEST3,TEST3,4,-475.0,-0.03206982475183388,0.03206982475183388,331
manual,2026-08-08_160814_583552_1_R4_TEST3,TEST3,4,-450.0,0.023286822505067833,0.023286822505067833,331
manual,2026-08-08_160814_583552_1_R4_TEST3,TEST3,4,-425.0,0.07167471054433966,0.07167471054433966,331
manual,2026-08-08_160814_583552_1_R4_TEST3,TEST3,4,-400.0,0.10449106985720329,0.10449106985720329,332
manual,2026-08-08_160814_583552_1_R4_TEST3,TEST3,4,-375.0,0.09507099674416986,0.09507099674416986,332
manual,2026-08-08_160814_583552_1_R4_TEST3,TEST3,4,-350.0,0.0693526940519363,0.0693526940519363,332
manual,2026-08-08_160814_583552_1_R4_TEST3,TEST3,4,-325.0,0.03557932983662935,0.03557932983662935,332
manual,2026-08-08_160814_583552_1_R4_TEST3,TEST3,4,-300.0,0.0006149878782196381,0.0006149878782196381,332
manual,2026-08-08_160814_583552_1_R4_TEST3,TEST3,4,-275.0,-0.028372312528637565,0.028372312528637565,332
manual,2026-08-08_160814_583552_1_R4_TEST3,TEST3,4,-250.0,-0.0786301106331545,0.0786301106331545,333
manual,2026-08-08_160814_583552_1_R4_TEST3,TEST3,4,-225.0,-0.15423973036421826,0.15423973036421826,333
manual,2026-08-08_160814_583552_1_R4_TEST3,TEST3,4,-200.0,-0.2302991033334014,0.2302991033334014,333
manual,2026-08-08_160814_583552_1_R4_TEST3,TEST3,4,-175.0,-0.28809888441139625,0.28809888441139625,333
manual,2026-08-08_160814_583552_1_R4_TEST3,TEST3,4,-150.0,-0.3195131119493807,0.3195131119493807,333
manual,2026-08-08_160814_583552_1_R4_TEST3,TEST3,4,-125.0,-0.3189893882006511,0.3189893882006511,334
manual,2026-08-08_160814_583552_1_R4_TEST3,TEST3,4,-100.0,-0.28682412692772336,0.28682412692772336,334
manual,2026-08-08_160814_583552_1_R4_TEST3,TEST3,4,-75.0,-0.22831468103616484,0.22831468103616484,334
manual,2026-08-08_160814_583552_1_R4_TEST3,TEST3,4,-50.0,-0.14899180772691364,0.14899180772691364,334
manual,2026-08-08_160814_583552_1_R4_TEST3,TEST3,4,-25.0,-0.0664000724699903,0.0664000724699903,334
manual,2026-08-08_160814_583552_1_R4_TEST3,TEST3,4,0.0,0.003991938030563266,0.003991938030563266,335
manual,2026-08-08_160814_583552_1_R4_TEST3,TEST3,4,25.0,0.09866333636318295,0.09866333636318295,334
manual,2026-08-08_160814_583552_1_R4_TEST3,TEST3,4,50.0,0.20986328768092724,0.20986328768092724,334
manual,2026-08-08_160814_583552_1_R4_TEST3,TEST3,4,75.0,0.31656315854534506,0.31656315854534506,334
manual,2026-08-08_160814_583552_1_R4_TEST3,TEST3,4,100.0,0.39456918045459705,0.39456918045459705,334
manual,2026-08-08_160814_583552_1_R4_TEST3,TEST3,4,125.0,0.4370703679746962,0.4370703679746962,334
manual,2026-08-08_160814_583552_1_R4_TEST3,TEST3,4,150.0,0.4451131501072966,0.4451131501072966,334
manual,2026-08-08_160814_583552_1_R4_TEST3,TEST3,4,175.0,0.42806757435076326,0.42806757435076326,333
manual,2026-08-08_160814_583552_1_R4_TEST3,TEST3,4,200.0,0.3785024024304471,0.3785024024304471,333
manual,2026-08-08_160814_583552_1_R4_TEST3,TEST3,4,225.0,0.2990981092399199,0.2990981092399199,333
manual,2026-08-08_160814_583552_1_R4_TEST3,TEST3,4,250.0,0.20998361160720388,0.20998361160720388,333
manual,2026-08-08_160814_583552_1_R4_TEST3,TEST3,4,275.0,0.1287981210385218,0.1287981210385218,333
manual,2026-08-08_160814_583552_1_R4_TEST3,TEST3,4,300.0,0.03990867655934827,0.03990867655934827,332
manual,2026-08-08_160814_583552_1_R4_TEST3,TEST3,4,325.0,-0.06854515518967833,0.06854515518967833,332
manual,2026-08-08_160814_583552_1_R4_TEST3,TEST3,4,350.0,-0.17701447288804262,0.17701447288804262,332
manual,2026-08-08_160814_583552_1_R4_TEST3,TEST3,4,375.0,-0.26317911808939354,0.26317911808939354,332
manual,2026-08-08_160814_583552_1_R4_TEST3,TEST3,4,400.0,-0.3165135057983984,0.3165135057983984,332
manual,2026-08-08_160814_583552_1_R4_TEST3,TEST3,4,425.0,-0.32664006622643493,0.32664006622643493,331
manual,2026-08-08_160814_583552_1_R4_TEST3,TEST3,4,450.0,-0.32003870975061655,0.32003870975061655,331
manual,2026-08-08_160814_583552_1_R4_TEST3,TEST3,4,475.0,-0.2890388013118129,0.2890388013118129,331
manual,2026-08-08_160814_583552_1_R4_TEST3,TEST3,4,500.0,-0.23755334989097465,0.23755334989097465,331
manual,2026-08-08_160912_929778_1_R4_TEST4,TEST4,4,-500.0,0.28282807329279613,0.28282807329279613,385
manual,2026-08-08_160912_929778_1_R4_TEST4,TEST4,4,-475.0,0.34555022813630665,0.34555022813630665,385
manual,2026-08-08_160912_929778_1_R4_TEST4,TEST4,4,-450.0,0.38446020169046474,0.38446020169046474,385
manual,2026-08-08_160912_929778_1_R4_TEST4,TEST4,4,-425.0,0.3931444353221852,0.3931444353221852,385
manual,2026-08-08_160912_929778_1_R4_TEST4,TEST4,4,-400.0,0.3787184442369832,0.3787184442369832,385
manual,2026-08-08_160912_929778_1_R4_TEST4,TEST4,4,-375.0,0.3275153765716408,0.3275153765716408,386
manual,2026-08-08_160912_929778_1_R4_TEST4,TEST4,4,-350.0,0.24195575348298207,0.24195575348298207,386
manual,2026-08-08_160912_929778_1_R4_TEST4,TEST4,4,-325.0,0.12950924798459348,0.12950924798459348,386
manual,2026-08-08_160912_929778_1_R4_TEST4,TEST4,4,-300.0,0.013295263423959185,0.013295263423959185,386
manual,2026-08-08_160912_929778_1_R4_TEST4,TEST4,4,-275.0,-0.08461473769778269,0.08461473769778269,386
manual,2026-08-08_160912_929778_1_R4_TEST4,TEST4,4,-250.0,-0.18099051277449188,0.18099051277449188,387
manual,2026-08-08_160912_929778_1_R4_TEST4,TEST4,4,-225.0,-0.30142740206363605,0.30142740206363605,387
manual,2026-08-08_160912_929778_1_R4_TEST4,TEST4,4,-200.0,-0.41963598564215354,0.41963598564215354,387
manual,2026-08-08_160912_929778_1_R4_TEST4,TEST4,4,-175.0,-0.5052300100876526,0.5052300100876526,387
manual,2026-08-08_160912_929778_1_R4_TEST4,TEST4,4,-150.0,-0.5481608037781156,0.5481608037781156,387
manual,2026-08-08_160912_929778_1_R4_TEST4,TEST4,4,-125.0,-0.5552690299413766,0.5552690299413766,388
manual,2026-08-08_160912_929778_1_R4_TEST4,TEST4,4,-100.0,-0.5455380080785778,0.5455380080785778,388
manual,2026-08-08_160912_929778_1_R4_TEST4,TEST4,4,-75.0,-0.4978601415880963,0.4978601415880963,388
manual,2026-08-08_160912_929778_1_R4_TEST4,TEST4,4,-50.0,-0.40903253605487133,0.40903253605487133,388
manual,2026-08-08_160912_929778_1_R4_TEST4,TEST4,4,-25.0,-0.30013642568744514,0.30013642568744514,388
manual,2026-08-08_160912_929778_1_R4_TEST4,TEST4,4,0.0,-0.19743222770943047,0.19743222770943047,389
manual,2026-08-08_160912_929778_1_R4_TEST4,TEST4,4,25.0,-0.0890210314918876,0.0890210314918876,388
manual,2026-08-08_160912_929778_1_R4_TEST4,TEST4,4,50.0,0.04989566503939379,0.04989566503939379,388
manual,2026-08-08_160912_929778_1_R4_TEST4,TEST4,4,75.0,0.19881205143330186,0.19881205143330186,388
manual,2026-08-08_160912_929778_1_R4_TEST4,TEST4,4,100.0,0.3255191557668357,0.3255191557668357,388
manual,2026-08-08_160912_929778_1_R4_TEST4,TEST4,4,125.0,0.4130220905476346,0.4130220905476346,387
manual,2026-08-08_160912_929778_1_R4_TEST4,TEST4,4,150.0,0.4788367998694879,0.4788367998694879,387
manual,2026-08-08_160912_929778_1_R4_TEST4,TEST4,4,175.0,0.5418771848618956,0.5418771848618956,387
manual,2026-08-08_160912_929778_1_R4_TEST4,TEST4,4,200.0,0.575108290982635,0.575108290982635,387
manual,2026-08-08_160912_929778_1_R4_TEST4,TEST4,4,225.0,0.5638567926607528,0.5638567926607528,387
manual,2026-08-08_160912_929778_1_R4_TEST4,TEST4,4,250.0,0.5188651676677082,0.5188651676677082,387
manual,2026-08-08_160912_929778_1_R4_TEST4,TEST4,4,275.0,0.46904252574206867,0.46904252574206867,386
manual,2026-08-08_160912_929778_1_R4_TEST4,TEST4,4,300.0,0.40974087254268027,0.40974087254268027,386
manual,2026-08-08_160912_929778_1_R4_TEST4,TEST4,4,325.0,0.3122224745397265,0.3122224745397265,386
manual,2026-08-08_160912_929778_1_R4_TEST4,TEST4,4,350.0,0.1857554450976292,0.1857554450976292,386
manual,2026-08-08_160912_929778_1_R4_TEST4,TEST4,4,375.0,0.05853372658528435,0.05853372658528435,386
manual,2026-08-08_160912_929778_1_R4_TEST4,TEST4,4,400.0,-0.04666464039274763,0.04666464039274763,385
manual,2026-08-08_160912_929778_1_R4_TEST4,TEST4,4,425.0,-0.12616115894158567,0.12616115894158567,385
manual,2026-08-08_160912_929778_1_R4_TEST4,TEST4,4,450.0,-0.21319595052840906,0.21319595052840906,385
manual,2026-08-08_160912_929778_1_R4_TEST4,TEST4,4,475.0,-0.29280158041871307,0.29280158041871307,385
manual,2026-08-08_160912_929778_1_R4_TEST4,TEST4,4,500.0,-0.3469707158152023,0.3469707158152023,385
manual,2026-08-08_161018_609760_1_R4_TEST5,TEST5,4,-500.0,0.09387055884277029,0.09387055884277029,379
manual,2026-08-08_161018_609760_1_R4_TEST5,TEST5,4,-475.0,0.12052056091473295,0.12052056091473295,379
manual,2026-08-08_161018_609760_1_R4_TEST5,TEST5,4,-450.0,0.1396611676488256,0.1396611676488256,379
manual,2026-08-08_161018_609760_1_R4_TEST5,TEST5,4,-425.0,0.14835884444525366,0.14835884444525366,379
manual,2026-08-08_161018_609760_1_R4_TEST5,TEST5,4,-400.0,0.14667856226564832,0.14667856226564832,379
manual,2026-08-08_161018_609760_1_R4_TEST5,TEST5,4,-375.0,0.11077262949213065,0.11077262949213065,380
manual,2026-08-08_161018_609760_1_R4_TEST5,TEST5,4,-350.0,0.055133475690613755,0.055133475690613755,380
manual,2026-08-08_161018_609760_1_R4_TEST5,TEST5,4,-325.0,-0.009127376826467942,0.009127376826467942,380
manual,2026-08-08_161018_609760_1_R4_TEST5,TEST5,4,-300.0,-0.07001347646206298,0.07001347646206298,380
manual,2026-08-08_161018_609760_1_R4_TEST5,TEST5,4,-275.0,-0.1190429141605678,0.1190429141605678,380
manual,2026-08-08_161018_609760_1_R4_TEST5,TEST5,4,-250.0,-0.19275826118772302,0.19275826118772302,381
manual,2026-08-08_161018_609760_1_R4_TEST5,TEST5,4,-225.0,-0.2938108891810004,0.2938108891810004,381
manual,2026-08-08_161018_609760_1_R4_TEST5,TEST5,4,-200.0,-0.3903448364617257,0.3903448364617257,381
manual,2026-08-08_161018_609760_1_R4_TEST5,TEST5,4,-175.0,-0.4602543763816693,0.4602543763816693,381
manual,2026-08-08_161018_609760_1_R4_TEST5,TEST5,4,-150.0,-0.4944875984118019,0.4944875984118019,381
manual,2026-08-08_161018_609760_1_R4_TEST5,TEST5,4,-125.0,-0.5066200040855146,0.5066200040855146,382
manual,2026-08-08_161018_609760_1_R4_TEST5,TEST5,4,-100.0,-0.49931892282643076,0.49931892282643076,382
manual,2026-08-08_161018_609760_1_R4_TEST5,TEST5,4,-75.0,-0.46146667076406794,0.46146667076406794,382
manual,2026-08-08_161018_609760_1_R4_TEST5,TEST5,4,-50.0,-0.39016016661493785,0.39016016661493785,382
manual,2026-08-08_161018_609760_1_R4_TEST5,TEST5,4,-25.0,-0.30112183945571036,0.30112183945571036,382
manual,2026-08-08_161018_609760_1_R4_TEST5,TEST5,4,0.0,-0.21459300137309004,0.21459300137309004,383
manual,2026-08-08_161018_609760_1_R4_TEST5,TEST5,4,25.0,-0.11286506285792011,0.11286506285792011,382
manual,2026-08-08_161018_609760_1_R4_TEST5,TEST5,4,50.0,0.016136983416724857,0.016136983416724857,382
manual,2026-08-08_161018_609760_1_R4_TEST5,TEST5,4,75.0,0.1557129421465625,0.1557129421465625,382
manual,2026-08-08_161018_609760_1_R4_TEST5,TEST5,4,100.0,0.279112022587338,0.279112022587338,382
manual,2026-08-08_161018_609760_1_R4_TEST5,TEST5,4,125.0,0.3657629863003032,0.3657629863003032,382
manual,2026-08-08_161018_609760_1_R4_TEST5,TEST5,4,150.0,0.42362584488422306,0.42362584488422306,381
manual,2026-08-08_161018_609760_1_R4_TEST5,TEST5,4,175.0,0.46703427447335016,0.46703427447335016,381
manual,2026-08-08_161018_609760_1_R4_TEST5,TEST5,4,200.0,0.4871030135640424,0.4871030135640424,381
manual,2026-08-08_161018_609760_1_R4_TEST5,TEST5,4,225.0,0.47360388303107087,0.47360388303107087,381
manual,2026-08-08_161018_609760_1_R4_TEST5,TEST5,4,250.0,0.4353523175329226,0.4353523175329226,381
manual,2026-08-08_161018_609760_1_R4_TEST5,TEST5,4,275.0,0.38909792158969203,0.38909792158969203,380
manual,2026-08-08_161018_609760_1_R4_TEST5,TEST5,4,300.0,0.3344984680050979,0.3344984680050979,380
manual,2026-08-08_161018_609760_1_R4_TEST5,TEST5,4,325.0,0.2523470321879946,0.2523470321879946,380
manual,2026-08-08_161018_609760_1_R4_TEST5,TEST5,4,350.0,0.14892571169943825,0.14892571169943825,380
manual,2026-08-08_161018_609760_1_R4_TEST5,TEST5,4,375.0,0.04483916729764922,0.04483916729764922,380
manual,2026-08-08_161018_609760_1_R4_TEST5,TEST5,4,400.0,-0.03485259329027322,0.03485259329027322,380
manual,2026-08-08_161018_609760_1_R4_TEST5,TEST5,4,425.0,-0.06741046659436042,0.06741046659436042,379
manual,2026-08-08_161018_609760_1_R4_TEST5,TEST5,4,450.0,-0.09842034342371234,0.09842034342371234,379
manual,2026-08-08_161018_609760_1_R4_TEST5,TEST5,4,475.0,-0.12568264374566832,0.12568264374566832,379
manual,2026-08-08_161018_609760_1_R4_TEST5,TEST5,4,500.0,-0.14354038242683548,0.14354038242683548,379
manual,2026-08-08_161131_254032_1_R4_TEST6,TEST6,4,-500.0,0.3389130565956448,0.3389130565956448,335
manual,2026-08-08_161131_254032_1_R4_TEST6,TEST6,4,-475.0,0.36823554611492715,0.36823554611492715,335
manual,2026-08-08_161131_254032_1_R4_TEST6,TEST6,4,-450.0,0.37172452270044026,0.37172452270044026,335
manual,2026-08-08_161131_254032_1_R4_TEST6,TEST6,4,-425.0,0.35091736382142324,0.35091736382142324,335
manual,2026-08-08_161131_254032_1_R4_TEST6,TEST6,4,-400.0,0.31346298183903254,0.31346298183903254,336
manual,2026-08-08_161131_254032_1_R4_TEST6,TEST6,4,-375.0,0.252385156167932,0.252385156167932,336
manual,2026-08-08_161131_254032_1_R4_TEST6,TEST6,4,-350.0,0.15889277545981204,0.15889277545981204,336
manual,2026-08-08_161131_254032_1_R4_TEST6,TEST6,4,-325.0,0.04436991733500884,0.04436991733500884,336
manual,2026-08-08_161131_254032_1_R4_TEST6,TEST6,4,-300.0,-0.06784852078535755,0.06784852078535755,336
manual,2026-08-08_161131_254032_1_R4_TEST6,TEST6,4,-275.0,-0.162553796910476,0.162553796910476,336
manual,2026-08-08_161131_254032_1_R4_TEST6,TEST6,4,-250.0,-0.24840537735648263,0.24840537735648263,337
manual,2026-08-08_161131_254032_1_R4_TEST6,TEST6,4,-225.0,-0.3439022277051567,0.3439022277051567,337
manual,2026-08-08_161131_254032_1_R4_TEST6,TEST6,4,-200.0,-0.42871546917095366,0.42871546917095366,337
manual,2026-08-08_161131_254032_1_R4_TEST6,TEST6,4,-175.0,-0.4813307940608646,0.4813307940608646,337
manual,2026-08-08_161131_254032_1_R4_TEST6,TEST6,4,-150.0,-0.49914955899083857,0.49914955899083857,337
manual,2026-08-08_161131_254032_1_R4_TEST6,TEST6,4,-125.0,-0.48921866275710923,0.48921866275710923,338
manual,2026-08-08_161131_254032_1_R4_TEST6,TEST6,4,-100.0,-0.4508096408812735,0.4508096408812735,338
manual,2026-08-08_161131_254032_1_R4_TEST6,TEST6,4,-75.0,-0.3730553628746705,0.3730553628746705,338
manual,2026-08-08_161131_254032_1_R4_TEST6,TEST6,4,-50.0,-0.2638386298122829,0.2638386298122829,338
manual,2026-08-08_161131_254032_1_R4_TEST6,TEST6,4,-25.0,-0.14711083665844474,0.14711083665844474,338
manual,2026-08-08_161131_254032_1_R4_TEST6,TEST6,4,0.0,-0.04516557578984658,0.04516557578984658,339
manual,2026-08-08_161131_254032_1_R4_TEST6,TEST6,4,25.0,0.05685043689866171,0.05685043689866171,338
manual,2026-08-08_161131_254032_1_R4_TEST6,TEST6,4,50.0,0.17976119453448577,0.17976119453448577,338
manual,2026-08-08_161131_254032_1_R4_TEST6,TEST6,4,75.0,0.30058681375759105,0.30058681375759105,338
manual,2026-08-08_161131_254032_1_R4_TEST6,TEST6,4,100.0,0.3937991652307707,0.3937991652307707,338
manual,2026-08-08_161131_254032_1_R4_TEST6,TEST6,4,125.0,0.44753049296399566,0.44753049296399566,337
manual,2026-08-08_161131_254032_1_R4_TEST6,TEST6,4,150.0,0.4745910619176148,0.4745910619176148,337
manual,2026-08-08_161131_254032_1_R4_TEST6,TEST6,4,175.0,0.4762102250641574,0.4762102250641574,337
manual,2026-08-08_161131_254032_1_R4_TEST6,TEST6,4,200.0,0.4450291509560222,0.4450291509560222,337
manual,2026-08-08_161131_254032_1_R4_TEST6,TEST6,4,225.0,0.38145734991445235,0.38145734991445235,337
manual,2026-08-08_161131_254032_1_R4_TEST6,TEST6,4,250.0,0.3041769019729149,0.3041769019729149,337
manual,2026-08-08_161131_254032_1_R4_TEST6,TEST6,4,275.0,0.23258426826140108,0.23258426826140108,336
manual,2026-08-08_161131_254032_1_R4_TEST6,TEST6,4,300.0,0.16139951442301745,0.16139951442301745,336
manual,2026-08-08_161131_254032_1_R4_TEST6,TEST6,4,325.0,0.06423473407007634,0.06423473407007634,336
manual,2026-08-08_161131_254032_1_R4_TEST6,TEST6,4,350.0,-0.04235254480263809,0.04235254480263809,336
manual,2026-08-08_161131_254032_1_R4_TEST6,TEST6,4,375.0,-0.1364850727095097,0.1364850727095097,336
manual,2026-08-08_161131_254032_1_R4_TEST6,TEST6,4,400.0,-0.20553063467281532,0.20553063467281532,335
manual,2026-08-08_161131_254032_1_R4_TEST6,TEST6,4,425.0,-0.23377241896562334,0.23377241896562334,335
manual,2026-08-08_161131_254032_1_R4_TEST6,TEST6,4,450.0,-0.25675731617918746,0.25675731617918746,335
manual,2026-08-08_161131_254032_1_R4_TEST6,TEST6,4,475.0,-0.2633728698155465,0.2633728698155465,335
manual,2026-08-08_161131_254032_1_R4_TEST6,TEST6,4,500.0,-0.2510653703868217,0.2510653703868217,335
manual,2026-08-08_161335_934176_1_R5_TEST2,TEST2,5,-500.0,0.32634753206123535,0.32634753206123535,364
manual,2026-08-08_161335_934176_1_R5_TEST2,TEST2,5,-475.0,0.27186932312460765,0.27186932312460765,364
manual,2026-08-08_161335_934176_1_R5_TEST2,TEST2,5,-450.0,0.19648273338456448,0.19648273338456448,364
manual,2026-08-08_161335_934176_1_R5_TEST2,TEST2,5,-425.0,0.11545509013701352,0.11545509013701352,364
manual,2026-08-08_161335_934176_1_R5_TEST2,TEST2,5,-400.0,0.04122022385546785,0.04122022385546785,365
manual,2026-08-08_161335_934176_1_R5_TEST2,TEST2,5,-375.0,-0.05825599025619471,0.05825599025619471,365
manual,2026-08-08_161335_934176_1_R5_TEST2,TEST2,5,-350.0,-0.17682412203607104,0.17682412203607104,365
manual,2026-08-08_161335_934176_1_R5_TEST2,TEST2,5,-325.0,-0.29350061247995746,0.29350061247995746,365
manual,2026-08-08_161335_934176_1_R5_TEST2,TEST2,5,-300.0,-0.3856788694184206,0.3856788694184206,365
manual,2026-08-08_161335_934176_1_R5_TEST2,TEST2,5,-275.0,-0.4461828346770237,0.4461828346770237,365
manual,2026-08-08_161335_934176_1_R5_TEST2,TEST2,5,-250.0,-0.5039571367079085,0.5039571367079085,366
manual,2026-08-08_161335_934176_1_R5_TEST2,TEST2,5,-225.0,-0.5579298407852341,0.5579298407852341,366
manual,2026-08-08_161335_934176_1_R5_TEST2,TEST2,5,-200.0,-0.5847598159198883,0.5847598159198883,366
manual,2026-08-08_161335_934176_1_R5_TEST2,TEST2,5,-175.0,-0.5721180710216378,0.5721180710216378,366
manual,2026-08-08_161335_934176_1_R5_TEST2,TEST2,5,-150.0,-0.528793462593519,0.528793462593519,366
manual,2026-08-08_161335_934176_1_R5_TEST2,TEST2,5,-125.0,-0.4698906092436951,0.4698906092436951,367
manual,2026-08-08_161335_934176_1_R5_TEST2,TEST2,5,-100.0,-0.37550660631213073,0.37550660631213073,367
manual,2026-08-08_161335_934176_1_R5_TEST2,TEST2,5,-75.0,-0.24024835689880933,0.24024835689880933,367
manual,2026-08-08_161335_934176_1_R5_TEST2,TEST2,5,-50.0,-0.08264408988725386,0.08264408988725386,367
manual,2026-08-08_161335_934176_1_R5_TEST2,TEST2,5,-25.0,0.06653437826250777,0.06653437826250777,367
manual,2026-08-08_161335_934176_1_R5_TEST2,TEST2,5,0.0,0.18660418387733935,0.18660418387733935,368
manual,2026-08-08_161335_934176_1_R5_TEST2,TEST2,5,25.0,0.31223185053003194,0.31223185053003194,367
manual,2026-08-08_161335_934176_1_R5_TEST2,TEST2,5,50.0,0.44642556932310307,0.44642556932310307,367
manual,2026-08-08_161335_934176_1_R5_TEST2,TEST2,5,75.0,0.5622267802365004,0.5622267802365004,367
manual,2026-08-08_161335_934176_1_R5_TEST2,TEST2,5,100.0,0.6365298909990577,0.6365298909990577,367
manual,2026-08-08_161335_934176_1_R5_TEST2,TEST2,5,125.0,0.6703443223719207,0.6703443223719207,367
manual,2026-08-08_161335_934176_1_R5_TEST2,TEST2,5,150.0,0.677192434368763,0.677192434368763,366
manual,2026-08-08_161335_934176_1_R5_TEST2,TEST2,5,175.0,0.6536508452519487,0.6536508452519487,366
manual,2026-08-08_161335_934176_1_R5_TEST2,TEST2,5,200.0,0.5854369883523237,0.5854369883523237,366
manual,2026-08-08_161335_934176_1_R5_TEST2,TEST2,5,225.0,0.4773062938174898,0.4773062938174898,366
manual,2026-08-08_161335_934176_1_R5_TEST2,TEST2,5,250.0,0.3537664021238508,0.3537664021238508,366
manual,2026-08-08_161335_934176_1_R5_TEST2,TEST2,5,275.0,0.24595055538429741,0.24595055538429741,365
manual,2026-08-08_161335_934176_1_R5_TEST2,TEST2,5,300.0,0.12799494144520135,0.12799494144520135,365
manual,2026-08-08_161335_934176_1_R5_TEST2,TEST2,5,325.0,-0.017767027971582767,0.017767027971582767,365
manual,2026-08-08_161335_934176_1_R5_TEST2,TEST2,5,350.0,-0.1681311084059007,0.1681311084059007,365
manual,2026-08-08_161335_934176_1_R5_TEST2,TEST2,5,375.0,-0.29504699006748697,0.29504699006748697,365
manual,2026-08-08_161335_934176_1_R5_TEST2,TEST2,5,400.0,-0.38471464757670587,0.38471464757670587,364
manual,2026-08-08_161335_934176_1_R5_TEST2,TEST2,5,425.0,-0.44091627292965135,0.44091627292965135,364
manual,2026-08-08_161335_934176_1_R5_TEST2,TEST2,5,450.0,-0.48711558246220243,0.48711558246220243,364
manual,2026-08-08_161335_934176_1_R5_TEST2,TEST2,5,475.0,-0.5049460110626248,0.5049460110626248,364
manual,2026-08-08_161335_934176_1_R5_TEST2,TEST2,5,500.0,-0.4894780435946937,0.4894780435946937,364
manual,2026-08-08_161454_348568_1_R5_TEST3,TEST3,5,-500.0,0.23999589678633457,0.23999589678633457,384
manual,2026-08-08_161454_348568_1_R5_TEST3,TEST3,5,-475.0,0.2349360641892912,0.2349360641892912,384
manual,2026-08-08_161454_348568_1_R5_TEST3,TEST3,5,-450.0,0.21524434638820394,0.21524434638820394,384
manual,2026-08-08_161454_348568_1_R5_TEST3,TEST3,5,-425.0,0.18519321857613377,0.18519321857613377,384
manual,2026-08-08_161454_348568_1_R5_TEST3,TEST3,5,-400.0,0.14777267932590604,0.14777267932590604,385
manual,2026-08-08_161454_348568_1_R5_TEST3,TEST3,5,-375.0,0.07068714638983867,0.07068714638983867,385
manual,2026-08-08_161454_348568_1_R5_TEST3,TEST3,5,-350.0,-0.026126089859791837,0.026126089859791837,385
manual,2026-08-08_161454_348568_1_R5_TEST3,TEST3,5,-325.0,-0.12903933313434973,0.12903933313434973,385
manual,2026-08-08_161454_348568_1_R5_TEST3,TEST3,5,-300.0,-0.22028273377170507,0.22028273377170507,385
manual,2026-08-08_161454_348568_1_R5_TEST3,TEST3,5,-275.0,-0.289115952249939,0.289115952249939,385
manual,2026-08-08_161454_348568_1_R5_TEST3,TEST3,5,-250.0,-0.34391740184905967,0.34391740184905967,386
manual,2026-08-08_161454_348568_1_R5_TEST3,TEST3,5,-225.0,-0.38575904460336474,0.38575904460336474,386
manual,2026-08-08_161454_348568_1_R5_TEST3,TEST3,5,-200.0,-0.40842088771883467,0.40842088771883467,386
manual,2026-08-08_161454_348568_1_R5_TEST3,TEST3,5,-175.0,-0.40600165554809264,0.40600165554809264,386
manual,2026-08-08_161454_348568_1_R5_TEST3,TEST3,5,-150.0,-0.3823706566332503,0.3823706566332503,386
manual,2026-08-08_161454_348568_1_R5_TEST3,TEST3,5,-125.0,-0.33286732383454354,0.33286732383454354,387
manual,2026-08-08_161454_348568_1_R5_TEST3,TEST3,5,-100.0,-0.24654908256682798,0.24654908256682798,387
manual,2026-08-08_161454_348568_1_R5_TEST3,TEST3,5,-75.0,-0.13148315164920998,0.13148315164920998,387
manual,2026-08-08_161454_348568_1_R5_TEST3,TEST3,5,-50.0,-0.004074263691161946,0.004074263691161946,387
manual,2026-08-08_161454_348568_1_R5_TEST3,TEST3,5,-25.0,0.11373528595908886,0.11373528595908886,387
manual,2026-08-08_161454_348568_1_R5_TEST3,TEST3,5,0.0,0.20804530222124878,0.20804530222124878,388
manual,2026-08-08_161454_348568_1_R5_TEST3,TEST3,5,25.0,0.2948378677778121,0.2948378677778121,387
manual,2026-08-08_161454_348568_1_R5_TEST3,TEST3,5,50.0,0.3837648587287743,0.3837648587287743,387
manual,2026-08-08_161454_348568_1_R5_TEST3,TEST3,5,75.0,0.45718390615777027,0.45718390615777027,387
manual,2026-08-08_161454_348568_1_R5_TEST3,TEST3,5,100.0,0.5010635545696325,0.5010635545696325,387
manual,2026-08-08_161454_348568_1_R5_TEST3,TEST3,5,125.0,0.5168302652892721,0.5168302652892721,387
manual,2026-08-08_161454_348568_1_R5_TEST3,TEST3,5,150.0,0.498302072890665,0.498302072890665,386
manual,2026-08-08_161454_348568_1_R5_TEST3,TEST3,5,175.0,0.4440291178359455,0.4440291178359455,386
manual,2026-08-08_161454_348568_1_R5_TEST3,TEST3,5,200.0,0.35735053932200567,0.35735053932200567,386
manual,2026-08-08_161454_348568_1_R5_TEST3,TEST3,5,225.0,0.24942255872906044,0.24942255872906044,386
manual,2026-08-08_161454_348568_1_R5_TEST3,TEST3,5,250.0,0.1413726943511283,0.1413726943511283,386
manual,2026-08-08_161454_348568_1_R5_TEST3,TEST3,5,275.0,0.04698301762876247,0.04698301762876247,385
manual,2026-08-08_161454_348568_1_R5_TEST3,TEST3,5,300.0,-0.05139055356133031,0.05139055356133031,385
manual,2026-08-08_161454_348568_1_R5_TEST3,TEST3,5,325.0,-0.1606342618653967,0.1606342618653967,385
manual,2026-08-08_161454_348568_1_R5_TEST3,TEST3,5,350.0,-0.2642013991934667,0.2642013991934667,385
manual,2026-08-08_161454_348568_1_R5_TEST3,TEST3,5,375.0,-0.34530698825089273,0.34530698825089273,385
manual,2026-08-08_161454_348568_1_R5_TEST3,TEST3,5,400.0,-0.39771699375091724,0.39771699375091724,384
manual,2026-08-08_161454_348568_1_R5_TEST3,TEST3,5,425.0,-0.405814033100606,0.405814033100606,384
manual,2026-08-08_161454_348568_1_R5_TEST3,TEST3,5,450.0,-0.39261370458783484,0.39261370458783484,384
manual,2026-08-08_161454_348568_1_R5_TEST3,TEST3,5,475.0,-0.35487595031890046,0.35487595031890046,384
manual,2026-08-08_161454_348568_1_R5_TEST3,TEST3,5,500.0,-0.29780469931708453,0.29780469931708453,384
manual,2026-08-08_161644_548982_1_R5_TEST4,TEST4,5,-500.0,0.3065364713806513,0.3065364713806513,427
manual,2026-08-08_161644_548982_1_R5_TEST4,TEST4,5,-475.0,0.3299031004063524,0.3299031004063524,427
manual,2026-08-08_161644_548982_1_R5_TEST4,TEST4,5,-450.0,0.32940746687074046,0.32940746687074046,427
manual,2026-08-08_161644_548982_1_R5_TEST4,TEST4,5,-425.0,0.3065821596811842,0.3065821596811842,427
manual,2026-08-08_161644_548982_1_R5_TEST4,TEST4,5,-400.0,0.2732534750281128,0.2732534750281128,428
manual,2026-08-08_161644_548982_1_R5_TEST4,TEST4,5,-375.0,0.20710075587178903,0.20710075587178903,428
manual,2026-08-08_161644_548982_1_R5_TEST4,TEST4,5,-350.0,0.10242705983365555,0.10242705983365555,428
manual,2026-08-08_161644_548982_1_R5_TEST4,TEST4,5,-325.0,-0.020072023764667674,0.020072023764667674,428
manual,2026-08-08_161644_548982_1_R5_TEST4,TEST4,5,-300.0,-0.13461671547835777,0.13461671547835777,428
manual,2026-08-08_161644_548982_1_R5_TEST4,TEST4,5,-275.0,-0.22263917356446367,0.22263917356446367,428
manual,2026-08-08_161644_548982_1_R5_TEST4,TEST4,5,-250.0,-0.2881842411605031,0.2881842411605031,429
manual,2026-08-08_161644_548982_1_R5_TEST4,TEST4,5,-225.0,-0.35125087132104077,0.35125087132104077,429
manual,2026-08-08_161644_548982_1_R5_TEST4,TEST4,5,-200.0,-0.40444563953211277,0.40444563953211277,429
manual,2026-08-08_161644_548982_1_R5_TEST4,TEST4,5,-175.0,-0.4266715483263147,0.4266715483263147,429
manual,2026-08-08_161644_548982_1_R5_TEST4,TEST4,5,-150.0,-0.41943137608560194,0.41943137608560194,429
manual,2026-08-08_161644_548982_1_R5_TEST4,TEST4,5,-125.0,-0.3857592585768846,0.3857592585768846,430
manual,2026-08-08_161644_548982_1_R5_TEST4,TEST4,5,-100.0,-0.30872314493586944,0.30872314493586944,430
manual,2026-08-08_161644_548982_1_R5_TEST4,TEST4,5,-75.0,-0.1944456752458539,0.1944456752458539,430
manual,2026-08-08_161644_548982_1_R5_TEST4,TEST4,5,-50.0,-0.05949424365454913,0.05949424365454913,430
manual,2026-08-08_161644_548982_1_R5_TEST4,TEST4,5,-25.0,0.06666447408174281,0.06666447408174281,430
manual,2026-08-08_161644_548982_1_R5_TEST4,TEST4,5,0.0,0.16543167333029038,0.16543167333029038,431
manual,2026-08-08_161644_548982_1_R5_TEST4,TEST4,5,25.0,0.26065105591444404,0.26065105591444404,430
manual,2026-08-08_161644_548982_1_R5_TEST4,TEST4,5,50.0,0.3624241084483551,0.3624241084483551,430
manual,2026-08-08_161644_548982_1_R5_TEST4,TEST4,5,75.0,0.4470289043370484,0.4470289043370484,430
manual,2026-08-08_161644_548982_1_R5_TEST4,TEST4,5,100.0,0.4948945128928099,0.4948945128928099,430
manual,2026-08-08_161644_548982_1_R5_TEST4,TEST4,5,125.0,0.5075424462234458,0.5075424462234458,430
manual,2026-08-08_161644_548982_1_R5_TEST4,TEST4,5,150.0,0.484239671012058,0.484239671012058,429
manual,2026-08-08_161644_548982_1_R5_TEST4,TEST4,5,175.0,0.42856284761912516,0.42856284761912516,429
manual,2026-08-08_161644_548982_1_R5_TEST4,TEST4,5,200.0,0.33577270892185057,0.33577270892185057,429
manual,2026-08-08_161644_548982_1_R5_TEST4,TEST4,5,225.0,0.2170547337123751,0.2170547337123751,429
manual,2026-08-08_161644_548982_1_R5_TEST4,TEST4,5,250.0,0.09947422028184028,0.09947422028184028,429
manual,2026-08-08_161644_548982_1_R5_TEST4,TEST4,5,275.0,0.003445590903105582,0.003445590903105582,428
manual,2026-08-08_161644_548982_1_R5_TEST4,TEST4,5,300.0,-0.09408178449833723,0.09408178449833723,428
manual,2026-08-08_161644_548982_1_R5_TEST4,TEST4,5,325.0,-0.20789877337967577,0.20789877337967577,428
manual,2026-08-08_161644_548982_1_R5_TEST4,TEST4,5,350.0,-0.31172594644133444,0.31172594644133444,428
manual,2026-08-08_161644_548982_1_R5_TEST4,TEST4,5,375.0,-0.38453890778532845,0.38453890778532845,428
manual,2026-08-08_161644_548982_1_R5_TEST4,TEST4,5,400.0,-0.4176950966522204,0.4176950966522204,427
manual,2026-08-08_161644_548982_1_R5_TEST4,TEST4,5,425.0,-0.4065748604051373,0.4065748604051373,427
manual,2026-08-08_161644_548982_1_R5_TEST4,TEST4,5,450.0,-0.36806413620352424,0.36806413620352424,427
manual,2026-08-08_161644_548982_1_R5_TEST4,TEST4,5,475.0,-0.29834419959217606,0.29834419959217606,427
manual,2026-08-08_161644_548982_1_R5_TEST4,TEST4,5,500.0,-0.21051168774186807,0.21051168774186807,427
manual,2026-08-08_161801_886702_1_R5_TEST5,TEST5,5,-500.0,0.11495967127148428,0.11495967127148428,362
manual,2026-08-08_161801_886702_1_R5_TEST5,TEST5,5,-475.0,0.091513656356451,0.091513656356451,362
manual,2026-08-08_161801_886702_1_R5_TEST5,TEST5,5,-450.0,0.0608485186881032,0.0608485186881032,362
manual,2026-08-08_161801_886702_1_R5_TEST5,TEST5,5,-425.0,0.029162069815740023,0.029162069815740023,362
manual,2026-08-08_161801_886702_1_R5_TEST5,TEST5,5,-400.0,-0.003515456569834064,0.003515456569834064,362
manual,2026-08-08_161801_886702_1_R5_TEST5,TEST5,5,-375.0,-0.07983864970845943,0.07983864970845943,363
manual,2026-08-08_161801_886702_1_R5_TEST5,TEST5,5,-350.0,-0.1703310670397173,0.1703310670397173,363
manual,2026-08-08_161801_886702_1_R5_TEST5,TEST5,5,-325.0,-0.257180001026998,0.257180001026998,363
manual,2026-08-08_161801_886702_1_R5_TEST5,TEST5,5,-300.0,-0.3230552477334302,0.3230552477334302,363
manual,2026-08-08_161801_886702_1_R5_TEST5,TEST5,5,-275.0,-0.3631380508881072,0.3631380508881072,363
manual,2026-08-08_161801_886702_1_R5_TEST5,TEST5,5,-250.0,-0.4021261245384858,0.4021261245384858,364
manual,2026-08-08_161801_886702_1_R5_TEST5,TEST5,5,-225.0,-0.4447506105657534,0.4447506105657534,364
manual,2026-08-08_161801_886702_1_R5_TEST5,TEST5,5,-200.0,-0.4649058831458613,0.4649058831458613,364
manual,2026-08-08_161801_886702_1_R5_TEST5,TEST5,5,-175.0,-0.4534204612082418,0.4534204612082418,364
manual,2026-08-08_161801_886702_1_R5_TEST5,TEST5,5,-150.0,-0.41720372123969396,0.41720372123969396,364
manual,2026-08-08_161801_886702_1_R5_TEST5,TEST5,5,-125.0,-0.3596727474215929,0.3596727474215929,364
manual,2026-08-08_161801_886702_1_R5_TEST5,TEST5,5,-100.0,-0.2691496473702693,0.2691496473702693,365
manual,2026-08-08_161801_886702_1_R5_TEST5,TEST5,5,-75.0,-0.14789277242694554,0.14789277242694554,365
manual,2026-08-08_161801_886702_1_R5_TEST5,TEST5,5,-50.0,-0.011246657017229208,0.011246657017229208,365
manual,2026-08-08_161801_886702_1_R5_TEST5,TEST5,5,-25.0,0.11418181895102779,0.11418181895102779,365
manual,2026-08-08_161801_886702_1_R5_TEST5,TEST5,5,0.0,0.21239535254685601,0.21239535254685601,366
manual,2026-08-08_161801_886702_1_R5_TEST5,TEST5,5,25.0,0.31727649359576837,0.31727649359576837,365
manual,2026-08-08_161801_886702_1_R5_TEST5,TEST5,5,50.0,0.4268683898412854,0.4268683898412854,365
manual,2026-08-08_161801_886702_1_R5_TEST5,TEST5,5,75.0,0.5175229062300897,0.5175229062300897,365
manual,2026-08-08_161801_886702_1_R5_TEST5,TEST5,5,100.0,0.5702868238305947,0.5702868238305947,365
manual,2026-08-08_161801_886702_1_R5_TEST5,TEST5,5,125.0,0.585581651142097,0.585581651142097,365
manual,2026-08-08_161801_886702_1_R5_TEST5,TEST5,5,150.0,0.5747221587239519,0.5747221587239519,364
manual,2026-08-08_161801_886702_1_R5_TEST5,TEST5,5,175.0,0.5414738986985403,0.5414738986985403,364
manual,2026-08-08_161801_886702_1_R5_TEST5,TEST5,5,200.0,0.4695392419054775,0.4695392419054775,364
manual,2026-08-08_161801_886702_1_R5_TEST5,TEST5,5,225.0,0.36562174643337664,0.36562174643337664,364
manual,2026-08-08_161801_886702_1_R5_TEST5,TEST5,5,250.0,0.2536782138600987,0.2536782138600987,364
manual,2026-08-08_161801_886702_1_R5_TEST5,TEST5,5,275.0,0.1591927806143887,0.1591927806143887,363
manual,2026-08-08_161801_886702_1_R5_TEST5,TEST5,5,300.0,0.07167916712769515,0.07167916712769515,363
manual,2026-08-08_161801_886702_1_R5_TEST5,TEST5,5,325.0,-0.03519315168371504,0.03519315168371504,363
manual,2026-08-08_161801_886702_1_R5_TEST5,TEST5,5,350.0,-0.14452139028803926,0.14452139028803926,363
manual,2026-08-08_161801_886702_1_R5_TEST5,TEST5,5,375.0,-0.23577290113589286,0.23577290113589286,363
manual,2026-08-08_161801_886702_1_R5_TEST5,TEST5,5,400.0,-0.2969288435916432,0.2969288435916432,363
manual,2026-08-08_161801_886702_1_R5_TEST5,TEST5,5,425.0,-0.32298994141977305,0.32298994141977305,362
manual,2026-08-08_161801_886702_1_R5_TEST5,TEST5,5,450.0,-0.3352171615739491,0.3352171615739491,362
manual,2026-08-08_161801_886702_1_R5_TEST5,TEST5,5,475.0,-0.32602559149189286,0.32602559149189286,362
manual,2026-08-08_161801_886702_1_R5_TEST5,TEST5,5,500.0,-0.2957489595940285,0.2957489595940285,362
manual,2026-08-08_161904_181801_1_R5_TEST6,TEST6,5,-500.0,0.34042647624014,0.34042647624014,345
manual,2026-08-08_161904_181801_1_R5_TEST6,TEST6,5,-475.0,0.32556106635304016,0.32556106635304016,345
manual,2026-08-08_161904_181801_1_R5_TEST6,TEST6,5,-450.0,0.2871950053052688,0.2871950053052688,345
manual,2026-08-08_161904_181801_1_R5_TEST6,TEST6,5,-425.0,0.2344100057963379,0.2344100057963379,345
manual,2026-08-08_161904_181801_1_R5_TEST6,TEST6,5,-400.0,0.1792903757201812,0.1792903757201812,345
manual,2026-08-08_161904_181801_1_R5_TEST6,TEST6,5,-375.0,0.0849556932474216,0.0849556932474216,346
manual,2026-08-08_161904_181801_1_R5_TEST6,TEST6,5,-350.0,-0.04294236676841662,0.04294236676841662,346
manual,2026-08-08_161904_181801_1_R5_TEST6,TEST6,5,-325.0,-0.17977214352552381,0.17977214352552381,346
manual,2026-08-08_161904_181801_1_R5_TEST6,TEST6,5,-300.0,-0.29840543494143806,0.29840543494143806,346
manual,2026-08-08_161904_181801_1_R5_TEST6,TEST6,5,-275.0,-0.3856039661011957,0.3856039661011957,346
manual,2026-08-08_161904_181801_1_R5_TEST6,TEST6,5,-250.0,-0.4591022826209758,0.4591022826209758,347
manual,2026-08-08_161904_181801_1_R5_TEST6,TEST6,5,-225.0,-0.5276162787005734,0.5276162787005734,347
manual,2026-08-08_161904_181801_1_R5_TEST6,TEST6,5,-200.0,-0.5723020165455381,0.5723020165455381,347
manual,2026-08-08_161904_181801_1_R5_TEST6,TEST6,5,-175.0,-0.5768102354377905,0.5768102354377905,347
manual,2026-08-08_161904_181801_1_R5_TEST6,TEST6,5,-150.0,-0.546366739157224,0.546366739157224,347
manual,2026-08-08_161904_181801_1_R5_TEST6,TEST6,5,-125.0,-0.48954898332364283,0.48954898332364283,347
manual,2026-08-08_161904_181801_1_R5_TEST6,TEST6,5,-100.0,-0.3927234872779869,0.3927234872779869,348
manual,2026-08-08_161904_181801_1_R5_TEST6,TEST6,5,-75.0,-0.24977220008251022,0.24977220008251022,348
manual,2026-08-08_161904_181801_1_R5_TEST6,TEST6,5,-50.0,-0.0830874303300733,0.0830874303300733,348
manual,2026-08-08_161904_181801_1_R5_TEST6,TEST6,5,-25.0,0.07425613306293115,0.07425613306293115,348
manual,2026-08-08_161904_181801_1_R5_TEST6,TEST6,5,0.0,0.2003418897910117,0.2003418897910117,349
manual,2026-08-08_161904_181801_1_R5_TEST6,TEST6,5,25.0,0.3278493769958665,0.3278493769958665,348
manual,2026-08-08_161904_181801_1_R5_TEST6,TEST6,5,50.0,0.4652870335914111,0.4652870335914111,348
manual,2026-08-08_161904_181801_1_R5_TEST6,TEST6,5,75.0,0.5841001894519935,0.5841001894519935,348
manual,2026-08-08_161904_181801_1_R5_TEST6,TEST6,5,100.0,0.6586594944248805,0.6586594944248805,348
manual,2026-08-08_161904_181801_1_R5_TEST6,TEST6,5,125.0,0.6877396314635101,0.6877396314635101,348
manual,2026-08-08_161904_181801_1_R5_TEST6,TEST6,5,150.0,0.6848100154559102,0.6848100154559102,347
manual,2026-08-08_161904_181801_1_R5_TEST6,TEST6,5,175.0,0.6378826579020844,0.6378826579020844,347
manual,2026-08-08_161904_181801_1_R5_TEST6,TEST6,5,200.0,0.5418480482912184,0.5418480482912184,347
manual,2026-08-08_161904_181801_1_R5_TEST6,TEST6,5,225.0,0.4084264766844153,0.4084264766844153,347
manual,2026-08-08_161904_181801_1_R5_TEST6,TEST6,5,250.0,0.2671932847759741,0.2671932847759741,347
manual,2026-08-08_161904_181801_1_R5_TEST6,TEST6,5,275.0,0.13904408551082728,0.13904408551082728,346
manual,2026-08-08_161904_181801_1_R5_TEST6,TEST6,5,300.0,0.01594933147326706,0.01594933147326706,346
manual,2026-08-08_161904_181801_1_R5_TEST6,TEST6,5,325.0,-0.13074413151000674,0.13074413151000674,346
manual,2026-08-08_161904_181801_1_R5_TEST6,TEST6,5,350.0,-0.2747003684721927,0.2747003684721927,346
manual,2026-08-08_161904_181801_1_R5_TEST6,TEST6,5,375.0,-0.3889082177578458,0.3889082177578458,346
manual,2026-08-08_161904_181801_1_R5_TEST6,TEST6,5,400.0,-0.46499432297088755,0.46499432297088755,346
manual,2026-08-08_161904_181801_1_R5_TEST6,TEST6,5,425.0,-0.48671231985829405,0.48671231985829405,345
manual,2026-08-08_161904_181801_1_R5_TEST6,TEST6,5,450.0,-0.4796826601451287,0.4796826601451287,345
manual,2026-08-08_161904_181801_1_R5_TEST6,TEST6,5,475.0,-0.438994934262925,0.438994934262925,345
manual,2026-08-08_161904_181801_1_R5_TEST6,TEST6,5,500.0,-0.37060448770438414,0.37060448770438414,345
manual,2026-08-08_162501_247149_1_R6_TEST2,TEST2,6,-500.0,-0.06449454056805126,0.06449454056805126,360
manual,2026-08-08_162501_247149_1_R6_TEST2,TEST2,6,-475.0,-0.11993927429098593,0.11993927429098593,360
manual,2026-08-08_162501_247149_1_R6_TEST2,TEST2,6,-450.0,-0.17019096894497068,0.17019096894497068,360
manual,2026-08-08_162501_247149_1_R6_TEST2,TEST2,6,-425.0,-0.20725998280777813,0.20725998280777813,360
manual,2026-08-08_162501_247149_1_R6_TEST2,TEST2,6,-400.0,-0.23229941079310396,0.23229941079310396,361
manual,2026-08-08_162501_247149_1_R6_TEST2,TEST2,6,-375.0,-0.26709797421354087,0.26709797421354087,361
manual,2026-08-08_162501_247149_1_R6_TEST2,TEST2,6,-350.0,-0.2923745442789701,0.2923745442789701,361
manual,2026-08-08_162501_247149_1_R6_TEST2,TEST2,6,-325.0,-0.301869500488897,0.301869500488897,361
manual,2026-08-08_162501_247149_1_R6_TEST2,TEST2,6,-300.0,-0.2929782817067278,0.2929782817067278,361
manual,2026-08-08_162501_247149_1_R6_TEST2,TEST2,6,-275.0,-0.27244012419862035,0.27244012419862035,361
manual,2026-08-08_162501_247149_1_R6_TEST2,TEST2,6,-250.0,-0.2352435508855937,0.2352435508855937,362
manual,2026-08-08_162501_247149_1_R6_TEST2,TEST2,6,-225.0,-0.17956301609500436,0.17956301609500436,362
manual,2026-08-08_162501_247149_1_R6_TEST2,TEST2,6,-200.0,-0.10653155562761422,0.10653155562761422,362
manual,2026-08-08_162501_247149_1_R6_TEST2,TEST2,6,-175.0,-0.026961751719191216,0.026961751719191216,362
manual,2026-08-08_162501_247149_1_R6_TEST2,TEST2,6,-150.0,0.049640369419404924,0.049640369419404924,362
manual,2026-08-08_162501_247149_1_R6_TEST2,TEST2,6,-125.0,0.12399716818451664,0.12399716818451664,363
manual,2026-08-08_162501_247149_1_R6_TEST2,TEST2,6,-100.0,0.20862162552431696,0.20862162552431696,363
manual,2026-08-08_162501_247149_1_R6_TEST2,TEST2,6,-75.0,0.2907891728729699,0.2907891728729699,363
manual,2026-08-08_162501_247149_1_R6_TEST2,TEST2,6,-50.0,0.3582673810750321,0.3582673810750321,363
manual,2026-08-08_162501_247149_1_R6_TEST2,TEST2,6,-25.0,0.40057701622621733,0.40057701622621733,363
manual,2026-08-08_162501_247149_1_R6_TEST2,TEST2,6,0.0,0.4195624785933926,0.4195624785933926,364
manual,2026-08-08_162501_247149_1_R6_TEST2,TEST2,6,25.0,0.4319413623221185,0.4319413623221185,363
manual,2026-08-08_162501_247149_1_R6_TEST2,TEST2,6,50.0,0.425485438479643,0.425485438479643,363
manual,2026-08-08_162501_247149_1_R6_TEST2,TEST2,6,75.0,0.39266592861326854,0.39266592861326854,363
manual,2026-08-08_162501_247149_1_R6_TEST2,TEST2,6,100.0,0.33758454894962403,0.33758454894962403,363
manual,2026-08-08_162501_247149_1_R6_TEST2,TEST2,6,125.0,0.2704695993484698,0.2704695993484698,363
manual,2026-08-08_162501_247149_1_R6_TEST2,TEST2,6,150.0,0.19257662901440228,0.19257662901440228,362
manual,2026-08-08_162501_247149_1_R6_TEST2,TEST2,6,175.0,0.10618607522401495,0.10618607522401495,362
manual,2026-08-08_162501_247149_1_R6_TEST2,TEST2,6,200.0,0.006299259494957996,0.006299259494957996,362
manual,2026-08-08_162501_247149_1_R6_TEST2,TEST2,6,225.0,-0.0934822688911744,0.0934822688911744,362
manual,2026-08-08_162501_247149_1_R6_TEST2,TEST2,6,250.0,-0.17590203249322556,0.17590203249322556,362
manual,2026-08-08_162501_247149_1_R6_TEST2,TEST2,6,275.0,-0.24094660532885775,0.24094660532885775,361
manual,2026-08-08_162501_247149_1_R6_TEST2,TEST2,6,300.0,-0.3073393941691578,0.3073393941691578,361
manual,2026-08-08_162501_247149_1_R6_TEST2,TEST2,6,325.0,-0.3674239789111553,0.3674239789111553,361
manual,2026-08-08_162501_247149_1_R6_TEST2,TEST2,6,350.0,-0.40763536540047274,0.40763536540047274,361
manual,2026-08-08_162501_247149_1_R6_TEST2,TEST2,6,375.0,-0.4221209395688993,0.4221209395688993,361
manual,2026-08-08_162501_247149_1_R6_TEST2,TEST2,6,400.0,-0.4162999406642406,0.4162999406642406,360
manual,2026-08-08_162501_247149_1_R6_TEST2,TEST2,6,425.0,-0.38891468526604084,0.38891468526604084,360
manual,2026-08-08_162501_247149_1_R6_TEST2,TEST2,6,450.0,-0.3397312594710599,0.3397312594710599,360
manual,2026-08-08_162501_247149_1_R6_TEST2,TEST2,6,475.0,-0.266241195817063,0.266241195817063,360
manual,2026-08-08_162501_247149_1_R6_TEST2,TEST2,6,500.0,-0.18028494738889406,0.18028494738889406,360
manual,2026-08-08_162908_674758_1_R6_TEST3,TEST3,6,-500.0,0.10427316762569871,0.10427316762569871,425
manual,2026-08-08_162908_674758_1_R6_TEST3,TEST3,6,-475.0,0.06176260755457658,0.06176260755457658,425
manual,2026-08-08_162908_674758_1_R6_TEST3,TEST3,6,-450.0,0.013712089873779268,0.013712089873779268,425
manual,2026-08-08_162908_674758_1_R6_TEST3,TEST3,6,-425.0,-0.031473450525393194,0.031473450525393194,425
manual,2026-08-08_162908_674758_1_R6_TEST3,TEST3,6,-400.0,-0.06265020480626611,0.06265020480626611,426
manual,2026-08-08_162908_674758_1_R6_TEST3,TEST3,6,-375.0,-0.09527483541288231,0.09527483541288231,426
manual,2026-08-08_162908_674758_1_R6_TEST3,TEST3,6,-350.0,-0.1325475832678287,0.1325475832678287,426
manual,2026-08-08_162908_674758_1_R6_TEST3,TEST3,6,-325.0,-0.1642882356588928,0.1642882356588928,426
manual,2026-08-08_162908_674758_1_R6_TEST3,TEST3,6,-300.0,-0.18433760014647943,0.18433760014647943,426
manual,2026-08-08_162908_674758_1_R6_TEST3,TEST3,6,-275.0,-0.19138081060463394,0.19138081060463394,426
manual,2026-08-08_162908_674758_1_R6_TEST3,TEST3,6,-250.0,-0.17729751661631168,0.17729751661631168,427
manual,2026-08-08_162908_674758_1_R6_TEST3,TEST3,6,-225.0,-0.15397524394146286,0.15397524394146286,427
manual,2026-08-08_162908_674758_1_R6_TEST3,TEST3,6,-200.0,-0.11855918647827224,0.11855918647827224,427
manual,2026-08-08_162908_674758_1_R6_TEST3,TEST3,6,-175.0,-0.0756332452899078,0.0756332452899078,427
manual,2026-08-08_162908_674758_1_R6_TEST3,TEST3,6,-150.0,-0.03449661439266697,0.03449661439266697,427
manual,2026-08-08_162908_674758_1_R6_TEST3,TEST3,6,-125.0,-0.0022489433206646856,0.0022489433206646856,428
manual,2026-08-08_162908_674758_1_R6_TEST3,TEST3,6,-100.0,0.05195250368824624,0.05195250368824624,428
manual,2026-08-08_162908_674758_1_R6_TEST3,TEST3,6,-75.0,0.11292652388467704,0.11292652388467704,428
manual,2026-08-08_162908_674758_1_R6_TEST3,TEST3,6,-50.0,0.16862525941774303,0.16862525941774303,428
manual,2026-08-08_162908_674758_1_R6_TEST3,TEST3,6,-25.0,0.20955604679913345,0.20955604679913345,428
manual,2026-08-08_162908_674758_1_R6_TEST3,TEST3,6,0.0,0.2344763500278142,0.2344763500278142,429
manual,2026-08-08_162908_674758_1_R6_TEST3,TEST3,6,25.0,0.24254314938197546,0.24254314938197546,428
manual,2026-08-08_162908_674758_1_R6_TEST3,TEST3,6,50.0,0.23980830123022825,0.23980830123022825,428
manual,2026-08-08_162908_674758_1_R6_TEST3,TEST3,6,75.0,0.22147191519895895,0.22147191519895895,428
manual,2026-08-08_162908_674758_1_R6_TEST3,TEST3,6,100.0,0.18995414272430614,0.18995414272430614,428
manual,2026-08-08_162908_674758_1_R6_TEST3,TEST3,6,125.0,0.1535748591390375,0.1535748591390375,427
manual,2026-08-08_162908_674758_1_R6_TEST3,TEST3,6,150.0,0.1102747074005651,0.1102747074005651,427
manual,2026-08-08_162908_674758_1_R6_TEST3,TEST3,6,175.0,0.05300363991468879,0.05300363991468879,427
manual,2026-08-08_162908_674758_1_R6_TEST3,TEST3,6,200.0,-0.012579935537092133,0.012579935537092133,427
manual,2026-08-08_162908_674758_1_R6_TEST3,TEST3,6,225.0,-0.07716265634400273,0.07716265634400273,427
manual,2026-08-08_162908_674758_1_R6_TEST3,TEST3,6,250.0,-0.12902974836865402,0.12902974836865402,426
manual,2026-08-08_162908_674758_1_R6_TEST3,TEST3,6,275.0,-0.15964195702519018,0.15964195702519018,426
manual,2026-08-08_162908_674758_1_R6_TEST3,TEST3,6,300.0,-0.18786961393354457,0.18786961393354457,426
manual,2026-08-08_162908_674758_1_R6_TEST3,TEST3,6,325.0,-0.2115223721408623,0.2115223721408623,426
manual,2026-08-08_162908_674758_1_R6_TEST3,TEST3,6,350.0,-0.22246041367999228,0.22246041367999228,426
manual,2026-08-08_162908_674758_1_R6_TEST3,TEST3,6,375.0,-0.219936079481272,0.219936079481272,426
manual,2026-08-08_162908_674758_1_R6_TEST3,TEST3,6,400.0,-0.20502488508485356,0.20502488508485356,426
manual,2026-08-08_162908_674758_1_R6_TEST3,TEST3,6,425.0,-0.17904532138730542,0.17904532138730542,425
manual,2026-08-08_162908_674758_1_R6_TEST3,TEST3,6,450.0,-0.1373826100679789,0.1373826100679789,425
manual,2026-08-08_162908_674758_1_R6_TEST3,TEST3,6,475.0,-0.08402858295967558,0.08402858295967558,425
manual,2026-08-08_162908_674758_1_R6_TEST3,TEST3,6,500.0,-0.02753014886993083,0.02753014886993083,425
manual,2026-08-08_163226_958318_1_R6_TEST4,TEST4,6,-500.0,0.03844524412254552,0.03844524412254552,472
manual,2026-08-08_163226_958318_1_R6_TEST4,TEST4,6,-475.0,0.005118959779377818,0.005118959779377818,472
manual,2026-08-08_163226_958318_1_R6_TEST4,TEST4,6,-450.0,-0.030442206070681852,0.030442206070681852,472
manual,2026-08-08_163226_958318_1_R6_TEST4,TEST4,6,-425.0,-0.06074965343581325,0.06074965343581325,472
manual,2026-08-08_163226_958318_1_R6_TEST4,TEST4,6,-400.0,-0.08863770793838949,0.08863770793838949,472
manual,2026-08-08_163226_958318_1_R6_TEST4,TEST4,6,-375.0,-0.10553664239547499,0.10553664239547499,473
manual,2026-08-08_163226_958318_1_R6_TEST4,TEST4,6,-350.0,-0.12470395156481855,0.12470395156481855,473
manual,2026-08-08_163226_958318_1_R6_TEST4,TEST4,6,-325.0,-0.1365182350221969,0.1365182350221969,473
manual,2026-08-08_163226_958318_1_R6_TEST4,TEST4,6,-300.0,-0.13768628348140585,0.13768628348140585,473
manual,2026-08-08_163226_958318_1_R6_TEST4,TEST4,6,-275.0,-0.12905642002467846,0.12905642002467846,474
manual,2026-08-08_163226_958318_1_R6_TEST4,TEST4,6,-250.0,-0.10845188852514262,0.10845188852514262,474
manual,2026-08-08_163226_958318_1_R6_TEST4,TEST4,6,-225.0,-0.09580147672479655,0.09580147672479655,474
manual,2026-08-08_163226_958318_1_R6_TEST4,TEST4,6,-200.0,-0.07658978138322298,0.07658978138322298,474
manual,2026-08-08_163226_958318_1_R6_TEST4,TEST4,6,-175.0,-0.05159036403105703,0.05159036403105703,474
manual,2026-08-08_163226_958318_1_R6_TEST4,TEST4,6,-150.0,-0.02966932600788853,0.02966932600788853,474
manual,2026-08-08_163226_958318_1_R6_TEST4,TEST4,6,-125.0,-0.010853448957706431,0.010853448957706431,475
manual,2026-08-08_163226_958318_1_R6_TEST4,TEST4,6,-100.0,0.025482526659585045,0.025482526659585045,475
manual,2026-08-08_163226_958318_1_R6_TEST4,TEST4,6,-75.0,0.06684010975420578,0.06684010975420578,475
manual,2026-08-08_163226_958318_1_R6_TEST4,TEST4,6,-50.0,0.10522671104245301,0.10522671104245301,475
manual,2026-08-08_163226_958318_1_R6_TEST4,TEST4,6,-25.0,0.13283370169773553,0.13283370169773553,475
manual,2026-08-08_163226_958318_1_R6_TEST4,TEST4,6,0.0,0.14881868018465938,0.14881868018465938,476
manual,2026-08-08_163226_958318_1_R6_TEST4,TEST4,6,25.0,0.15412941789398157,0.15412941789398157,475
manual,2026-08-08_163226_958318_1_R6_TEST4,TEST4,6,50.0,0.1515713240999399,0.1515713240999399,475
manual,2026-08-08_163226_958318_1_R6_TEST4,TEST4,6,75.0,0.13712043926244447,0.13712043926244447,475
manual,2026-08-08_163226_958318_1_R6_TEST4,TEST4,6,100.0,0.11309500592092901,0.11309500592092901,475
manual,2026-08-08_163226_958318_1_R6_TEST4,TEST4,6,125.0,0.08876497321455742,0.08876497321455742,475
manual,2026-08-08_163226_958318_1_R6_TEST4,TEST4,6,150.0,0.057352553947393844,0.057352553947393844,474
manual,2026-08-08_163226_958318_1_R6_TEST4,TEST4,6,175.0,0.019334330756595155,0.019334330756595155,474
manual,2026-08-08_163226_958318_1_R6_TEST4,TEST4,6,200.0,-0.021542349224033034,0.021542349224033034,474
manual,2026-08-08_163226_958318_1_R6_TEST4,TEST4,6,225.0,-0.06040466953766689,0.06040466953766689,474
manual,2026-08-08_163226_958318_1_R6_TEST4,TEST4,6,250.0,-0.09124818002820458,0.09124818002820458,474
manual,2026-08-08_163226_958318_1_R6_TEST4,TEST4,6,275.0,-0.09094335753600835,0.09094335753600835,473
manual,2026-08-08_163226_958318_1_R6_TEST4,TEST4,6,300.0,-0.09261617314220132,0.09261617314220132,473
manual,2026-08-08_163226_958318_1_R6_TEST4,TEST4,6,325.0,-0.09120573694575189,0.09120573694575189,473
manual,2026-08-08_163226_958318_1_R6_TEST4,TEST4,6,350.0,-0.08257285240101148,0.08257285240101148,473
manual,2026-08-08_163226_958318_1_R6_TEST4,TEST4,6,375.0,-0.0688890688783391,0.0688890688783391,473
manual,2026-08-08_163226_958318_1_R6_TEST4,TEST4,6,400.0,-0.052094442091216143,0.052094442091216143,473
manual,2026-08-08_163226_958318_1_R6_TEST4,TEST4,6,425.0,-0.03002964700829466,0.03002964700829466,472
manual,2026-08-08_163226_958318_1_R6_TEST4,TEST4,6,450.0,-0.0011271712423089207,0.0011271712423089207,472
manual,2026-08-08_163226_958318_1_R6_TEST4,TEST4,6,475.0,0.030996277906065607,0.030996277906065607,472
manual,2026-08-08_163226_958318_1_R6_TEST4,TEST4,6,500.0,0.05942655215460168,0.05942655215460168,472
manual,2026-08-08_163341_567723_1_R6_TEST5,TEST5,6,-500.0,-0.16474204774858328,0.16474204774858328,322
manual,2026-08-08_163341_567723_1_R6_TEST5,TEST5,6,-475.0,-0.15682937695595975,0.15682937695595975,322
manual,2026-08-08_163341_567723_1_R6_TEST5,TEST5,6,-450.0,-0.1315202025330145,0.1315202025330145,322
manual,2026-08-08_163341_567723_1_R6_TEST5,TEST5,6,-425.0,-0.09737172562280764,0.09737172562280764,322
manual,2026-08-08_163341_567723_1_R6_TEST5,TEST5,6,-400.0,-0.05961063306390385,0.05961063306390385,323
manual,2026-08-08_163341_567723_1_R6_TEST5,TEST5,6,-375.0,-0.04155991735812279,0.04155991735812279,323
manual,2026-08-08_163341_567723_1_R6_TEST5,TEST5,6,-350.0,-0.01252178723038293,0.01252178723038293,323
manual,2026-08-08_163341_567723_1_R6_TEST5,TEST5,6,-325.0,0.022786804824581754,0.022786804824581754,323
manual,2026-08-08_163341_567723_1_R6_TEST5,TEST5,6,-300.0,0.05374891854613921,0.05374891854613921,323
manual,2026-08-08_163341_567723_1_R6_TEST5,TEST5,6,-275.0,0.07448821772416633,0.07448821772416633,323
manual,2026-08-08_163341_567723_1_R6_TEST5,TEST5,6,-250.0,0.057499195022748334,0.057499195022748334,324
manual,2026-08-08_163341_567723_1_R6_TEST5,TEST5,6,-225.0,0.013782941027062373,0.013782941027062373,324
manual,2026-08-08_163341_567723_1_R6_TEST5,TEST5,6,-200.0,-0.03981687456971598,0.03981687456971598,324
manual,2026-08-08_163341_567723_1_R6_TEST5,TEST5,6,-175.0,-0.08934868387211406,0.08934868387211406,324
manual,2026-08-08_163341_567723_1_R6_TEST5,TEST5,6,-150.0,-0.11785263532355351,0.11785263532355351,325
manual,2026-08-08_163341_567723_1_R6_TEST5,TEST5,6,-125.0,-0.10353314274094132,0.10353314274094132,325
manual,2026-08-08_163341_567723_1_R6_TEST5,TEST5,6,-100.0,-0.04533052449954517,0.04533052449954517,325
manual,2026-08-08_163341_567723_1_R6_TEST5,TEST5,6,-75.0,0.03020020014565831,0.03020020014565831,325
manual,2026-08-08_163341_567723_1_R6_TEST5,TEST5,6,-50.0,0.10777351571211337,0.10777351571211337,325
manual,2026-08-08_163341_567723_1_R6_TEST5,TEST5,6,-25.0,0.16683192567841312,0.16683192567841312,325
manual,2026-08-08_163341_567723_1_R6_TEST5,TEST5,6,0.0,0.2028261930386893,0.2028261930386893,326
manual,2026-08-08_163341_567723_1_R6_TEST5,TEST5,6,25.0,0.23686483847246623,0.23686483847246623,325
manual,2026-08-08_163341_567723_1_R6_TEST5,TEST5,6,50.0,0.26378380097885246,0.26378380097885246,325
manual,2026-08-08_163341_567723_1_R6_TEST5,TEST5,6,75.0,0.2676309385683419,0.2676309385683419,325
manual,2026-08-08_163341_567723_1_R6_TEST5,TEST5,6,100.0,0.24427105062140542,0.24427105062140542,325
manual,2026-08-08_163341_567723_1_R6_TEST5,TEST5,6,125.0,0.20301424070833485,0.20301424070833485,325
manual,2026-08-08_163341_567723_1_R6_TEST5,TEST5,6,150.0,0.15318827904949942,0.15318827904949942,324
manual,2026-08-08_163341_567723_1_R6_TEST5,TEST5,6,175.0,0.1202741334141414,0.1202741334141414,324
manual,2026-08-08_163341_567723_1_R6_TEST5,TEST5,6,200.0,0.0734290260585432,0.0734290260585432,324
manual,2026-08-08_163341_567723_1_R6_TEST5,TEST5,6,225.0,0.01850679947891696,0.01850679947891696,324
manual,2026-08-08_163341_567723_1_R6_TEST5,TEST5,6,250.0,-0.02553698603587837,0.02553698603587837,324
manual,2026-08-08_163341_567723_1_R6_TEST5,TEST5,6,275.0,-0.042848553060231526,0.042848553060231526,324
manual,2026-08-08_163341_567723_1_R6_TEST5,TEST5,6,300.0,-0.04201183433046368,0.04201183433046368,323
manual,2026-08-08_163341_567723_1_R6_TEST5,TEST5,6,325.0,-0.031999036819492406,0.031999036819492406,323
manual,2026-08-08_163341_567723_1_R6_TEST5,TEST5,6,350.0,-0.01800533749632341,0.01800533749632341,323
manual,2026-08-08_163341_567723_1_R6_TEST5,TEST5,6,375.0,-0.0034857549343230527,0.0034857549343230527,323
manual,2026-08-08_163341_567723_1_R6_TEST5,TEST5,6,400.0,0.0006228453930632127,0.0006228453930632127,323
manual,2026-08-08_163341_567723_1_R6_TEST5,TEST5,6,425.0,-0.01904478334717688,0.01904478334717688,322
manual,2026-08-08_163341_567723_1_R6_TEST5,TEST5,6,450.0,-0.05046050881037514,0.05046050881037514,322
manual,2026-08-08_163341_567723_1_R6_TEST5,TEST5,6,475.0,-0.0818060154768869,0.0818060154768869,322
manual,2026-08-08_163341_567723_1_R6_TEST5,TEST5,6,500.0,-0.10397926179129177,0.10397926179129177,322
manual,2026-08-08_163440_118112_1_R6_TEST6,TEST6,6,-500.0,-0.07454815512149937,0.07454815512149937,391
manual,2026-08-08_163440_118112_1_R6_TEST6,TEST6,6,-475.0,-0.07441513059940455,0.07441513059940455,391
manual,2026-08-08_163440_118112_1_R6_TEST6,TEST6,6,-450.0,-0.0678808307367675,0.0678808307367675,391
manual,2026-08-08_163440_118112_1_R6_TEST6,TEST6,6,-425.0,-0.056823502943130114,0.056823502943130114,391
manual,2026-08-08_163440_118112_1_R6_TEST6,TEST6,6,-400.0,-0.03770647155820974,0.03770647155820974,392
manual,2026-08-08_163440_118112_1_R6_TEST6,TEST6,6,-375.0,0.0016211283365469076,0.0016211283365469076,392
manual,2026-08-08_163440_118112_1_R6_TEST6,TEST6,6,-350.0,0.05545745617726238,0.05545745617726238,392
manual,2026-08-08_163440_118112_1_R6_TEST6,TEST6,6,-325.0,0.11096589377329318,0.11096589377329318,392
manual,2026-08-08_163440_118112_1_R6_TEST6,TEST6,6,-300.0,0.15507142124087347,0.15507142124087347,392
manual,2026-08-08_163440_118112_1_R6_TEST6,TEST6,6,-275.0,0.18354303563926758,0.18354303563926758,392
manual,2026-08-08_163440_118112_1_R6_TEST6,TEST6,6,-250.0,0.1958974457206528,0.1958974457206528,393
manual,2026-08-08_163440_118112_1_R6_TEST6,TEST6,6,-225.0,0.19000647226423664,0.19000647226423664,393
manual,2026-08-08_163440_118112_1_R6_TEST6,TEST6,6,-200.0,0.16513743237436376,0.16513743237436376,393
manual,2026-08-08_163440_118112_1_R6_TEST6,TEST6,6,-175.0,0.12604805915054607,0.12604805915054607,393
manual,2026-08-08_163440_118112_1_R6_TEST6,TEST6,6,-150.0,0.08463653256295386,0.08463653256295386,393
manual,2026-08-08_163440_118112_1_R6_TEST6,TEST6,6,-125.0,0.06318363209304692,0.06318363209304692,394
manual,2026-08-08_163440_118112_1_R6_TEST6,TEST6,6,-100.0,0.07857093463487806,0.07857093463487806,394
manual,2026-08-08_163440_118112_1_R6_TEST6,TEST6,6,-75.0,0.1036086592133901,0.1036086592133901,394
manual,2026-08-08_163440_118112_1_R6_TEST6,TEST6,6,-50.0,0.12155121090996934,0.12155121090996934,394
manual,2026-08-08_163440_118112_1_R6_TEST6,TEST6,6,-25.0,0.1287495115193285,0.1287495115193285,394
manual,2026-08-08_163440_118112_1_R6_TEST6,TEST6,6,0.0,0.12788956136770818,0.12788956136770818,395
manual,2026-08-08_163440_118112_1_R6_TEST6,TEST6,6,25.0,0.12627780583691206,0.12627780583691206,394
manual,2026-08-08_163440_118112_1_R6_TEST6,TEST6,6,50.0,0.1162489417752262,0.1162489417752262,394
manual,2026-08-08_163440_118112_1_R6_TEST6,TEST6,6,75.0,0.09541135279291307,0.09541135279291307,394
manual,2026-08-08_163440_118112_1_R6_TEST6,TEST6,6,100.0,0.06798739431310205,0.06798739431310205,394
manual,2026-08-08_163440_118112_1_R6_TEST6,TEST6,6,125.0,0.04045204869159955,0.04045204869159955,394
manual,2026-08-08_163440_118112_1_R6_TEST6,TEST6,6,150.0,0.02956966500105437,0.02956966500105437,393
manual,2026-08-08_163440_118112_1_R6_TEST6,TEST6,6,175.0,0.026468282013871185,0.026468282013871185,393
manual,2026-08-08_163440_118112_1_R6_TEST6,TEST6,6,200.0,0.027282668146655264,0.027282668146655264,393
manual,2026-08-08_163440_118112_1_R6_TEST6,TEST6,6,225.0,0.025813033159259834,0.025813033159259834,393
manual,2026-08-08_163440_118112_1_R6_TEST6,TEST6,6,250.0,0.023992317878244497,0.023992317878244497,393
manual,2026-08-08_163440_118112_1_R6_TEST6,TEST6,6,275.0,0.03620283678279081,0.03620283678279081,392
manual,2026-08-08_163440_118112_1_R6_TEST6,TEST6,6,300.0,0.05366816806954225,0.05366816806954225,392
manual,2026-08-08_163440_118112_1_R6_TEST6,TEST6,6,325.0,0.07304196595667793,0.07304196595667793,392
manual,2026-08-08_163440_118112_1_R6_TEST6,TEST6,6,350.0,0.08749630022038743,0.08749630022038743,392
manual,2026-08-08_163440_118112_1_R6_TEST6,TEST6,6,375.0,0.09408418112430049,0.09408418112430049,392
manual,2026-08-08_163440_118112_1_R6_TEST6,TEST6,6,400.0,0.09409001476455046,0.09409001476455046,391
manual,2026-08-08_163440_118112_1_R6_TEST6,TEST6,6,425.0,0.0874708553873649,0.0874708553873649,391
manual,2026-08-08_163440_118112_1_R6_TEST6,TEST6,6,450.0,0.07032933184188542,0.07032933184188542,391
manual,2026-08-08_163440_118112_1_R6_TEST6,TEST6,6,475.0,0.04541145786992929,0.04541145786992929,391
manual,2026-08-08_163440_118112_1_R6_TEST6,TEST6,6,500.0,0.01798345393046888,0.01798345393046888,391
manual,2026-08-08_163730_874069_1_R7_TEST2,TEST2,7,-500.0,0.06158819196977929,0.06158819196977929,391
manual,2026-08-08_163730_874069_1_R7_TEST2,TEST2,7,-475.0,0.11274175643676884,0.11274175643676884,391
manual,2026-08-08_163730_874069_1_R7_TEST2,TEST2,7,-450.0,0.1559712420699704,0.1559712420699704,391
manual,2026-08-08_163730_874069_1_R7_TEST2,TEST2,7,-425.0,0.18427693774692122,0.18427693774692122,391
manual,2026-08-08_163730_874069_1_R7_TEST2,TEST2,7,-400.0,0.1957004791407864,0.1957004791407864,392
manual,2026-08-08_163730_874069_1_R7_TEST2,TEST2,7,-375.0,0.17814629241852642,0.17814629241852642,392
manual,2026-08-08_163730_874069_1_R7_TEST2,TEST2,7,-350.0,0.14779271853889384,0.14779271853889384,392
manual,2026-08-08_163730_874069_1_R7_TEST2,TEST2,7,-325.0,0.10121680133149817,0.10121680133149817,392
manual,2026-08-08_163730_874069_1_R7_TEST2,TEST2,7,-300.0,0.0491662543691287,0.0491662543691287,392
manual,2026-08-08_163730_874069_1_R7_TEST2,TEST2,7,-275.0,1.794708190513351e-05,1.794708190513351e-05,392
manual,2026-08-08_163730_874069_1_R7_TEST2,TEST2,7,-250.0,-0.059707484043709055,0.059707484043709055,393
manual,2026-08-08_163730_874069_1_R7_TEST2,TEST2,7,-225.0,-0.12528952069865845,0.12528952069865845,393
manual,2026-08-08_163730_874069_1_R7_TEST2,TEST2,7,-200.0,-0.19327174808264366,0.19327174808264366,393
manual,2026-08-08_163730_874069_1_R7_TEST2,TEST2,7,-175.0,-0.24686688773573423,0.24686688773573423,393
manual,2026-08-08_163730_874069_1_R7_TEST2,TEST2,7,-150.0,-0.27467136006308784,0.27467136006308784,393
manual,2026-08-08_163730_874069_1_R7_TEST2,TEST2,7,-125.0,-0.2695638495239506,0.2695638495239506,394
manual,2026-08-08_163730_874069_1_R7_TEST2,TEST2,7,-100.0,-0.24914569092164107,0.24914569092164107,394
manual,2026-08-08_163730_874069_1_R7_TEST2,TEST2,7,-75.0,-0.21266587697644637,0.21266587697644637,394
manual,2026-08-08_163730_874069_1_R7_TEST2,TEST2,7,-50.0,-0.15714030465652998,0.15714030465652998,394
manual,2026-08-08_163730_874069_1_R7_TEST2,TEST2,7,-25.0,-0.09603855178135438,0.09603855178135438,394
manual,2026-08-08_163730_874069_1_R7_TEST2,TEST2,7,0.0,-0.04202626229067538,0.04202626229067538,395
manual,2026-08-08_163730_874069_1_R7_TEST2,TEST2,7,25.0,0.010263957922670333,0.010263957922670333,394
manual,2026-08-08_163730_874069_1_R7_TEST2,TEST2,7,50.0,0.07488403056642148,0.07488403056642148,394
manual,2026-08-08_163730_874069_1_R7_TEST2,TEST2,7,75.0,0.14123117554358516,0.14123117554358516,394
manual,2026-08-08_163730_874069_1_R7_TEST2,TEST2,7,100.0,0.19411715887636855,0.19411715887636855,394
manual,2026-08-08_163730_874069_1_R7_TEST2,TEST2,7,125.0,0.22483034908001467,0.22483034908001467,393
manual,2026-08-08_163730_874069_1_R7_TEST2,TEST2,7,150.0,0.22800266423164742,0.22800266423164742,393
manual,2026-08-08_163730_874069_1_R7_TEST2,TEST2,7,175.0,0.21687162993224507,0.21687162993224507,393
manual,2026-08-08_163730_874069_1_R7_TEST2,TEST2,7,200.0,0.19396680627318605,0.19396680627318605,393
manual,2026-08-08_163730_874069_1_R7_TEST2,TEST2,7,225.0,0.15638552185205534,0.15638552185205534,393
manual,2026-08-08_163730_874069_1_R7_TEST2,TEST2,7,250.0,0.11401612528663657,0.11401612528663657,393
manual,2026-08-08_163730_874069_1_R7_TEST2,TEST2,7,275.0,0.08564012109776278,0.08564012109776278,392
manual,2026-08-08_163730_874069_1_R7_TEST2,TEST2,7,300.0,0.04633541335671467,0.04633541335671467,392
manual,2026-08-08_163730_874069_1_R7_TEST2,TEST2,7,325.0,-0.0031887687014309075,0.0031887687014309075,392
manual,2026-08-08_163730_874069_1_R7_TEST2,TEST2,7,350.0,-0.05522068557147184,0.05522068557147184,392
manual,2026-08-08_163730_874069_1_R7_TEST2,TEST2,7,375.0,-0.09862848977553593,0.09862848977553593,392
manual,2026-08-08_163730_874069_1_R7_TEST2,TEST2,7,400.0,-0.13121767436619883,0.13121767436619883,392
manual,2026-08-08_163730_874069_1_R7_TEST2,TEST2,7,425.0,-0.1576951306891706,0.1576951306891706,391
manual,2026-08-08_163730_874069_1_R7_TEST2,TEST2,7,450.0,-0.17000505270877606,0.17000505270877606,391
manual,2026-08-08_163730_874069_1_R7_TEST2,TEST2,7,475.0,-0.16923251493813474,0.16923251493813474,391
manual,2026-08-08_163730_874069_1_R7_TEST2,TEST2,7,500.0,-0.15559889107168265,0.15559889107168265,391
manual,2026-08-08_163837_086088_1_R7_TEST3,TEST3,7,-500.0,0.09575604712555583,0.09575604712555583,299
manual,2026-08-08_163837_086088_1_R7_TEST3,TEST3,7,-475.0,0.08687046755332752,0.08687046755332752,299
manual,2026-08-08_163837_086088_1_R7_TEST3,TEST3,7,-450.0,0.0685851877318021,0.0685851877318021,299
manual,2026-08-08_163837_086088_1_R7_TEST3,TEST3,7,-425.0,0.04644678104633722,0.04644678104633722,299
manual,2026-08-08_163837_086088_1_R7_TEST3,TEST3,7,-400.0,0.04941212431813296,0.04941212431813296,300
manual,2026-08-08_163837_086088_1_R7_TEST3,TEST3,7,-375.0,0.10999089831354947,0.10999089831354947,300
manual,2026-08-08_163837_086088_1_R7_TEST3,TEST3,7,-350.0,0.1804332143993745,0.1804332143993745,300
manual,2026-08-08_163837_086088_1_R7_TEST3,TEST3,7,-325.0,0.24260980011713357,0.24260980011713357,300
manual,2026-08-08_163837_086088_1_R7_TEST3,TEST3,7,-300.0,0.27905691660785037,0.27905691660785037,300
manual,2026-08-08_163837_086088_1_R7_TEST3,TEST3,7,-275.0,0.2921305501277109,0.2921305501277109,300
manual,2026-08-08_163837_086088_1_R7_TEST3,TEST3,7,-250.0,0.2772811808940174,0.2772811808940174,301
manual,2026-08-08_163837_086088_1_R7_TEST3,TEST3,7,-225.0,0.2201296631575203,0.2201296631575203,301
manual,2026-08-08_163837_086088_1_R7_TEST3,TEST3,7,-200.0,0.12922797287812318,0.12922797287812318,301
manual,2026-08-08_163837_086088_1_R7_TEST3,TEST3,7,-175.0,0.024777185835216615,0.024777185835216615,301
manual,2026-08-08_163837_086088_1_R7_TEST3,TEST3,7,-150.0,-0.06610337988704894,0.06610337988704894,301
manual,2026-08-08_163837_086088_1_R7_TEST3,TEST3,7,-125.0,-0.12377671634015651,0.12377671634015651,302
manual,2026-08-08_163837_086088_1_R7_TEST3,TEST3,7,-100.0,-0.11906507307335798,0.11906507307335798,302
manual,2026-08-08_163837_086088_1_R7_TEST3,TEST3,7,-75.0,-0.09382422498187962,0.09382422498187962,302
manual,2026-08-08_163837_086088_1_R7_TEST3,TEST3,7,-50.0,-0.057716351769452535,0.057716351769452535,302
manual,2026-08-08_163837_086088_1_R7_TEST3,TEST3,7,-25.0,-0.020808255404149267,0.020808255404149267,302
manual,2026-08-08_163837_086088_1_R7_TEST3,TEST3,7,0.0,0.008952319816024963,0.008952319816024963,303
manual,2026-08-08_163837_086088_1_R7_TEST3,TEST3,7,25.0,0.017564568603161926,0.017564568603161926,302
manual,2026-08-08_163837_086088_1_R7_TEST3,TEST3,7,50.0,0.027479989790912398,0.027479989790912398,302
manual,2026-08-08_163837_086088_1_R7_TEST3,TEST3,7,75.0,0.03606997626401828,0.03606997626401828,302
manual,2026-08-08_163837_086088_1_R7_TEST3,TEST3,7,100.0,0.04079154614961036,0.04079154614961036,302
manual,2026-08-08_163837_086088_1_R7_TEST3,TEST3,7,125.0,0.03244555584605289,0.03244555584605289,302
manual,2026-08-08_163837_086088_1_R7_TEST3,TEST3,7,150.0,-0.02372142495210665,0.02372142495210665,301
manual,2026-08-08_163837_086088_1_R7_TEST3,TEST3,7,175.0,-0.07439040369037314,0.07439040369037314,301
manual,2026-08-08_163837_086088_1_R7_TEST3,TEST3,7,200.0,-0.1270458752617567,0.1270458752617567,301
manual,2026-08-08_163837_086088_1_R7_TEST3,TEST3,7,225.0,-0.16704743945403616,0.16704743945403616,301
manual,2026-08-08_163837_086088_1_R7_TEST3,TEST3,7,250.0,-0.18677793890804867,0.18677793890804867,301
manual,2026-08-08_163837_086088_1_R7_TEST3,TEST3,7,275.0,-0.17743481626267013,0.17743481626267013,300
manual,2026-08-08_163837_086088_1_R7_TEST3,TEST3,7,300.0,-0.13230113234046517,0.13230113234046517,300
manual,2026-08-08_163837_086088_1_R7_TEST3,TEST3,7,325.0,-0.0625765113119001,0.0625765113119001,300
manual,2026-08-08_163837_086088_1_R7_TEST3,TEST3,7,350.0,0.018710839868186478,0.018710839868186478,300
manual,2026-08-08_163837_086088_1_R7_TEST3,TEST3,7,375.0,0.08961911944558612,0.08961911944558612,300
manual,2026-08-08_163837_086088_1_R7_TEST3,TEST3,7,400.0,0.13037719240679915,0.13037719240679915,299
manual,2026-08-08_163837_086088_1_R7_TEST3,TEST3,7,425.0,0.1159121497731474,0.1159121497731474,299
manual,2026-08-08_163837_086088_1_R7_TEST3,TEST3,7,450.0,0.08497472535271208,0.08497472535271208,299
manual,2026-08-08_163837_086088_1_R7_TEST3,TEST3,7,475.0,0.04213699934660203,0.04213699934660203,299
manual,2026-08-08_163837_086088_1_R7_TEST3,TEST3,7,500.0,-0.001921540434937042,0.001921540434937042,299
manual,2026-08-08_163931_866280_1_R7_TEST4,TEST4,7,-500.0,0.12781474499242565,0.12781474499242565,350
manual,2026-08-08_163931_866280_1_R7_TEST4,TEST4,7,-475.0,0.14902748497549195,0.14902748497549195,350
manual,2026-08-08_163931_866280_1_R7_TEST4,TEST4,7,-450.0,0.15713279963672133,0.15713279963672133,350
manual,2026-08-08_163931_866280_1_R7_TEST4,TEST4,7,-425.0,0.15105744030264245,0.15105744030264245,350
manual,2026-08-08_163931_866280_1_R7_TEST4,TEST4,7,-400.0,0.1444026482449733,0.1444026482449733,350
manual,2026-08-08_163931_866280_1_R7_TEST4,TEST4,7,-375.0,0.16656305583374134,0.16656305583374134,351
manual,2026-08-08_163931_866280_1_R7_TEST4,TEST4,7,-350.0,0.187841325750464,0.187841325750464,351
manual,2026-08-08_163931_866280_1_R7_TEST4,TEST4,7,-325.0,0.1938791299378528,0.1938791299378528,351
manual,2026-08-08_163931_866280_1_R7_TEST4,TEST4,7,-300.0,0.1818097351517689,0.1818097351517689,351
manual,2026-08-08_163931_866280_1_R7_TEST4,TEST4,7,-275.0,0.16168642854400975,0.16168642854400975,351
manual,2026-08-08_163931_866280_1_R7_TEST4,TEST4,7,-250.0,0.10346757741556412,0.10346757741556412,352
manual,2026-08-08_163931_866280_1_R7_TEST4,TEST4,7,-225.0,0.02568854310767087,0.02568854310767087,352
manual,2026-08-08_163931_866280_1_R7_TEST4,TEST4,7,-200.0,-0.06757861366816796,0.06757861366816796,352
manual,2026-08-08_163931_866280_1_R7_TEST4,TEST4,7,-175.0,-0.15403450675031502,0.15403450675031502,352
manual,2026-08-08_163931_866280_1_R7_TEST4,TEST4,7,-150.0,-0.21564984131918302,0.21564984131918302,352
manual,2026-08-08_163931_866280_1_R7_TEST4,TEST4,7,-125.0,-0.24332998856515123,0.24332998856515123,353
manual,2026-08-08_163931_866280_1_R7_TEST4,TEST4,7,-100.0,-0.2295733440220167,0.2295733440220167,353
manual,2026-08-08_163931_866280_1_R7_TEST4,TEST4,7,-75.0,-0.1854272556659124,0.1854272556659124,353
manual,2026-08-08_163931_866280_1_R7_TEST4,TEST4,7,-50.0,-0.12025056360360876,0.12025056360360876,353
manual,2026-08-08_163931_866280_1_R7_TEST4,TEST4,7,-25.0,-0.05254448038186662,0.05254448038186662,353
manual,2026-08-08_163931_866280_1_R7_TEST4,TEST4,7,0.0,0.0026391696275048413,0.0026391696275048413,354
manual,2026-08-08_163931_866280_1_R7_TEST4,TEST4,7,25.0,0.02196279701526598,0.02196279701526598,353
manual,2026-08-08_163931_866280_1_R7_TEST4,TEST4,7,50.0,0.04535110046606835,0.04535110046606835,353
manual,2026-08-08_163931_866280_1_R7_TEST4,TEST4,7,75.0,0.06745353681218495,0.06745353681218495,353
manual,2026-08-08_163931_866280_1_R7_TEST4,TEST4,7,100.0,0.08203735100263738,0.08203735100263738,353
manual,2026-08-08_163931_866280_1_R7_TEST4,TEST4,7,125.0,0.07966250402355426,0.07966250402355426,353
manual,2026-08-08_163931_866280_1_R7_TEST4,TEST4,7,150.0,0.04577387298027705,0.04577387298027705,352
manual,2026-08-08_163931_866280_1_R7_TEST4,TEST4,7,175.0,0.020351835263113495,0.020351835263113495,352
manual,2026-08-08_163931_866280_1_R7_TEST4,TEST4,7,200.0,-0.009652418430395342,0.009652418430395342,352
manual,2026-08-08_163931_866280_1_R7_TEST4,TEST4,7,225.0,-0.038529372789207456,0.038529372789207456,352
manual,2026-08-08_163931_866280_1_R7_TEST4,TEST4,7,250.0,-0.05870766783317191,0.05870766783317191,352
manual,2026-08-08_163931_866280_1_R7_TEST4,TEST4,7,275.0,-0.060970544817956676,0.060970544817956676,351
manual,2026-08-08_163931_866280_1_R7_TEST4,TEST4,7,300.0,-0.019260048261453156,0.019260048261453156,351
manual,2026-08-08_163931_866280_1_R7_TEST4,TEST4,7,325.0,0.03611197932683941,0.03611197932683941,351
manual,2026-08-08_163931_866280_1_R7_TEST4,TEST4,7,350.0,0.09191360797010642,0.09191360797010642,351
manual,2026-08-08_163931_866280_1_R7_TEST4,TEST4,7,375.0,0.13373584804677613,0.13373584804677613,351
manual,2026-08-08_163931_866280_1_R7_TEST4,TEST4,7,400.0,0.1515396697525509,0.1515396697525509,350
manual,2026-08-08_163931_866280_1_R7_TEST4,TEST4,7,425.0,0.1534988326543338,0.1534988326543338,350
manual,2026-08-08_163931_866280_1_R7_TEST4,TEST4,7,450.0,0.13562577116439323,0.13562577116439323,350
manual,2026-08-08_163931_866280_1_R7_TEST4,TEST4,7,475.0,0.1026465443922052,0.1026465443922052,350
manual,2026-08-08_163931_866280_1_R7_TEST4,TEST4,7,500.0,0.06237843532725287,0.06237843532725287,350
manual,2026-08-08_164047_397752_1_R7_TEST5,TEST5,7,-500.0,0.08771777347618272,0.08771777347618272,351
manual,2026-08-08_164047_397752_1_R7_TEST5,TEST5,7,-475.0,0.10576832295474407,0.10576832295474407,351
manual,2026-08-08_164047_397752_1_R7_TEST5,TEST5,7,-450.0,0.11511634507300657,0.11511634507300657,351
manual,2026-08-08_164047_397752_1_R7_TEST5,TEST5,7,-425.0,0.11454529607023156,0.11454529607023156,351
manual,2026-08-08_164047_397752_1_R7_TEST5,TEST5,7,-400.0,0.1055465736410656,0.1055465736410656,352
manual,2026-08-08_164047_397752_1_R7_TEST5,TEST5,7,-375.0,0.10587563623709662,0.10587563623709662,352
manual,2026-08-08_164047_397752_1_R7_TEST5,TEST5,7,-350.0,0.0976338828950118,0.0976338828950118,352
manual,2026-08-08_164047_397752_1_R7_TEST5,TEST5,7,-325.0,0.07995213619652618,0.07995213619652618,352
manual,2026-08-08_164047_397752_1_R7_TEST5,TEST5,7,-300.0,0.05658726079317304,0.05658726079317304,352
manual,2026-08-08_164047_397752_1_R7_TEST5,TEST5,7,-275.0,0.03415013471181547,0.03415013471181547,352
manual,2026-08-08_164047_397752_1_R7_TEST5,TEST5,7,-250.0,0.011852748207121597,0.011852748207121597,353
manual,2026-08-08_164047_397752_1_R7_TEST5,TEST5,7,-225.0,-0.015432603282592482,0.015432603282592482,353
manual,2026-08-08_164047_397752_1_R7_TEST5,TEST5,7,-200.0,-0.049433672642847884,0.049433672642847884,353
manual,2026-08-08_164047_397752_1_R7_TEST5,TEST5,7,-175.0,-0.07918229141634318,0.07918229141634318,353
manual,2026-08-08_164047_397752_1_R7_TEST5,TEST5,7,-150.0,-0.09706852675532104,0.09706852675532104,353
manual,2026-08-08_164047_397752_1_R7_TEST5,TEST5,7,-125.0,-0.09578517111759528,0.09578517111759528,354
manual,2026-08-08_164047_397752_1_R7_TEST5,TEST5,7,-100.0,-0.06388321587368638,0.06388321587368638,354
manual,2026-08-08_164047_397752_1_R7_TEST5,TEST5,7,-75.0,-0.024067372728201582,0.024067372728201582,354
manual,2026-08-08_164047_397752_1_R7_TEST5,TEST5,7,-50.0,0.02015220734236277,0.02015220734236277,354
manual,2026-08-08_164047_397752_1_R7_TEST5,TEST5,7,-25.0,0.05803264165760406,0.05803264165760406,354
manual,2026-08-08_164047_397752_1_R7_TEST5,TEST5,7,0.0,0.08487851536986404,0.08487851536986404,355
manual,2026-08-08_164047_397752_1_R7_TEST5,TEST5,7,25.0,0.09361715563335182,0.09361715563335182,354
manual,2026-08-08_164047_397752_1_R7_TEST5,TEST5,7,50.0,0.09862662292774102,0.09862662292774102,354
manual,2026-08-08_164047_397752_1_R7_TEST5,TEST5,7,75.0,0.09563314918023304,0.09563314918023304,354
manual,2026-08-08_164047_397752_1_R7_TEST5,TEST5,7,100.0,0.0846204623037466,0.0846204623037466,354
manual,2026-08-08_164047_397752_1_R7_TEST5,TEST5,7,125.0,0.06375620099151923,0.06375620099151923,353
manual,2026-08-08_164047_397752_1_R7_TEST5,TEST5,7,150.0,0.028341777805859048,0.028341777805859048,353
manual,2026-08-08_164047_397752_1_R7_TEST5,TEST5,7,175.0,-0.02163353019244418,0.02163353019244418,353
manual,2026-08-08_164047_397752_1_R7_TEST5,TEST5,7,200.0,-0.07881562680466893,0.07881562680466893,353
manual,2026-08-08_164047_397752_1_R7_TEST5,TEST5,7,225.0,-0.12896089887818485,0.12896089887818485,353
manual,2026-08-08_164047_397752_1_R7_TEST5,TEST5,7,250.0,-0.15931542920398023,0.15931542920398023,353
manual,2026-08-08_164047_397752_1_R7_TEST5,TEST5,7,275.0,-0.1669280536984972,0.1669280536984972,352
manual,2026-08-08_164047_397752_1_R7_TEST5,TEST5,7,300.0,-0.149224561310401,0.149224561310401,352
manual,2026-08-08_164047_397752_1_R7_TEST5,TEST5,7,325.0,-0.11755693324725267,0.11755693324725267,352
manual,2026-08-08_164047_397752_1_R7_TEST5,TEST5,7,350.0,-0.07347248910894066,0.07347248910894066,352
manual,2026-08-08_164047_397752_1_R7_TEST5,TEST5,7,375.0,-0.028083479079202864,0.028083479079202864,352
manual,2026-08-08_164047_397752_1_R7_TEST5,TEST5,7,400.0,0.013952347636921762,0.013952347636921762,351
manual,2026-08-08_164047_397752_1_R7_TEST5,TEST5,7,425.0,0.05516240462272714,0.05516240462272714,351
manual,2026-08-08_164047_397752_1_R7_TEST5,TEST5,7,450.0,0.0983382421944281,0.0983382421944281,351
manual,2026-08-08_164047_397752_1_R7_TEST5,TEST5,7,475.0,0.1380746058728917,0.1380746058728917,351
manual,2026-08-08_164047_397752_1_R7_TEST5,TEST5,7,500.0,0.1635503997583376,0.1635503997583376,351
manual,2026-08-08_164148_938417_1_R7_TEST6,TEST6,7,-500.0,0.01070628129216236,0.01070628129216236,369
manual,2026-08-08_164148_938417_1_R7_TEST6,TEST6,7,-475.0,0.007377950657453146,0.007377950657453146,369
manual,2026-08-08_164148_938417_1_R7_TEST6,TEST6,7,-450.0,0.003068488835373863,0.003068488835373863,369
manual,2026-08-08_164148_938417_1_R7_TEST6,TEST6,7,-425.0,-0.0012418868874542765,0.0012418868874542765,369
manual,2026-08-08_164148_938417_1_R7_TEST6,TEST6,7,-400.0,0.010884031460810918,0.010884031460810918,369
manual,2026-08-08_164148_938417_1_R7_TEST6,TEST6,7,-375.0,0.047028025763625705,0.047028025763625705,370
manual,2026-08-08_164148_938417_1_R7_TEST6,TEST6,7,-350.0,0.08771061548472436,0.08771061548472436,370
manual,2026-08-08_164148_938417_1_R7_TEST6,TEST6,7,-325.0,0.12460160686830427,0.12460160686830427,370
manual,2026-08-08_164148_938417_1_R7_TEST6,TEST6,7,-300.0,0.14664656943479662,0.14664656943479662,370
manual,2026-08-08_164148_938417_1_R7_TEST6,TEST6,7,-275.0,0.1524949193667788,0.1524949193667788,370
manual,2026-08-08_164148_938417_1_R7_TEST6,TEST6,7,-250.0,0.13389832957960793,0.13389832957960793,371
manual,2026-08-08_164148_938417_1_R7_TEST6,TEST6,7,-225.0,0.08638858384748517,0.08638858384748517,371
manual,2026-08-08_164148_938417_1_R7_TEST6,TEST6,7,-200.0,0.019582106478914858,0.019582106478914858,371
manual,2026-08-08_164148_938417_1_R7_TEST6,TEST6,7,-175.0,-0.04899465577748136,0.04899465577748136,371
manual,2026-08-08_164148_938417_1_R7_TEST6,TEST6,7,-150.0,-0.0990868482198967,0.0990868482198967,371
manual,2026-08-08_164148_938417_1_R7_TEST6,TEST6,7,-125.0,-0.11878625711496398,0.11878625711496398,372
manual,2026-08-08_164148_938417_1_R7_TEST6,TEST6,7,-100.0,-0.09230274146068836,0.09230274146068836,372
manual,2026-08-08_164148_938417_1_R7_TEST6,TEST6,7,-75.0,-0.049514593537009946,0.049514593537009946,372
manual,2026-08-08_164148_938417_1_R7_TEST6,TEST6,7,-50.0,0.0013997037591081665,0.0013997037591081665,372
manual,2026-08-08_164148_938417_1_R7_TEST6,TEST6,7,-25.0,0.04595047082627882,0.04595047082627882,372
manual,2026-08-08_164148_938417_1_R7_TEST6,TEST6,7,0.0,0.07737412103825342,0.07737412103825342,373
manual,2026-08-08_164148_938417_1_R7_TEST6,TEST6,7,25.0,0.11338510589032158,0.11338510589032158,372
manual,2026-08-08_164148_938417_1_R7_TEST6,TEST6,7,50.0,0.1518497134730262,0.1518497134730262,372
manual,2026-08-08_164148_938417_1_R7_TEST6,TEST6,7,75.0,0.18003331320893862,0.18003331320893862,372
manual,2026-08-08_164148_938417_1_R7_TEST6,TEST6,7,100.0,0.18904246887298448,0.18904246887298448,372
manual,2026-08-08_164148_938417_1_R7_TEST6,TEST6,7,125.0,0.17974976335118492,0.17974976335118492,371
manual,2026-08-08_164148_938417_1_R7_TEST6,TEST6,7,150.0,0.15623179545841842,0.15623179545841842,371
manual,2026-08-08_164148_938417_1_R7_TEST6,TEST6,7,175.0,0.13610919043259403,0.13610919043259403,371
manual,2026-08-08_164148_938417_1_R7_TEST6,TEST6,7,200.0,0.10250309314842898,0.10250309314842898,371
manual,2026-08-08_164148_938417_1_R7_TEST6,TEST6,7,225.0,0.0585704721121198,0.0585704721121198,371
manual,2026-08-08_164148_938417_1_R7_TEST6,TEST6,7,250.0,0.020337951697518234,0.020337951697518234,371
manual,2026-08-08_164148_938417_1_R7_TEST6,TEST6,7,275.0,0.0120716233154687,0.0120716233154687,370
manual,2026-08-08_164148_938417_1_R7_TEST6,TEST6,7,300.0,0.03081711213379154,0.03081711213379154,370
manual,2026-08-08_164148_938417_1_R7_TEST6,TEST6,7,325.0,0.053653924090915406,0.053653924090915406,370
manual,2026-08-08_164148_938417_1_R7_TEST6,TEST6,7,350.0,0.07240259933211077,0.07240259933211077,370
manual,2026-08-08_164148_938417_1_R7_TEST6,TEST6,7,375.0,0.0824580710580771,0.0824580710580771,370
manual,2026-08-08_164148_938417_1_R7_TEST6,TEST6,7,400.0,0.08351429717111764,0.08351429717111764,370
manual,2026-08-08_164148_938417_1_R7_TEST6,TEST6,7,425.0,0.06336044902825133,0.06336044902825133,369
manual,2026-08-08_164148_938417_1_R7_TEST6,TEST6,7,450.0,0.027899716298665174,0.027899716298665174,369
manual,2026-08-08_164148_938417_1_R7_TEST6,TEST6,7,475.0,-0.014765856435579122,0.014765856435579122,369
manual,2026-08-08_164148_938417_1_R7_TEST6,TEST6,7,500.0,-0.05281802516584719,0.05281802516584719,369
manual,2026-08-08_164447_078602_1_R8_TEST2,TEST2,8,-500.0,0.060497845360170076,0.060497845360170076,442
manual,2026-08-08_164447_078602_1_R8_TEST2,TEST2,8,-475.0,0.07160623090645782,0.07160623090645782,442
manual,2026-08-08_164447_078602_1_R8_TEST2,TEST2,8,-450.0,0.07830757222649794,0.07830757222649794,442
manual,2026-08-08_164447_078602_1_R8_TEST2,TEST2,8,-425.0,0.07985361956645029,0.07985361956645029,442
manual,2026-08-08_164447_078602_1_R8_TEST2,TEST2,8,-400.0,0.08128064427282015,0.08128064427282015,443
manual,2026-08-08_164447_078602_1_R8_TEST2,TEST2,8,-375.0,0.08809928311226796,0.08809928311226796,443
manual,2026-08-08_164447_078602_1_R8_TEST2,TEST2,8,-350.0,0.08813991893044534,0.08813991893044534,443
manual,2026-08-08_164447_078602_1_R8_TEST2,TEST2,8,-325.0,0.08218003181164149,0.08218003181164149,443
manual,2026-08-08_164447_078602_1_R8_TEST2,TEST2,8,-300.0,0.07106421030831223,0.07106421030831223,443
manual,2026-08-08_164447_078602_1_R8_TEST2,TEST2,8,-275.0,0.057471262842675876,0.057471262842675876,443
manual,2026-08-08_164447_078602_1_R8_TEST2,TEST2,8,-250.0,0.050528569370308175,0.050528569370308175,444
manual,2026-08-08_164447_078602_1_R8_TEST2,TEST2,8,-225.0,0.02686319583002456,0.02686319583002456,444
manual,2026-08-08_164447_078602_1_R8_TEST2,TEST2,8,-200.0,-0.0031305023044354463,0.0031305023044354463,444
manual,2026-08-08_164447_078602_1_R8_TEST2,TEST2,8,-175.0,-0.03343268440637343,0.03343268440637343,444
manual,2026-08-08_164447_078602_1_R8_TEST2,TEST2,8,-150.0,-0.05889063951816092,0.05889063951816092,444
manual,2026-08-08_164447_078602_1_R8_TEST2,TEST2,8,-125.0,-0.07699564313861304,0.07699564313861304,445
manual,2026-08-08_164447_078602_1_R8_TEST2,TEST2,8,-100.0,-0.07053670002725783,0.07053670002725783,445
manual,2026-08-08_164447_078602_1_R8_TEST2,TEST2,8,-75.0,-0.057988826586004856,0.057988826586004856,445
manual,2026-08-08_164447_078602_1_R8_TEST2,TEST2,8,-50.0,-0.04113471181202992,0.04113471181202992,445
manual,2026-08-08_164447_078602_1_R8_TEST2,TEST2,8,-25.0,-0.023271616118063356,0.023271616118063356,445
manual,2026-08-08_164447_078602_1_R8_TEST2,TEST2,8,0.0,-0.007598654220817166,0.007598654220817166,446
manual,2026-08-08_164447_078602_1_R8_TEST2,TEST2,8,25.0,0.001699991691598787,0.001699991691598787,445
manual,2026-08-08_164447_078602_1_R8_TEST2,TEST2,8,50.0,0.012957084345544516,0.012957084345544516,445
manual,2026-08-08_164447_078602_1_R8_TEST2,TEST2,8,75.0,0.02447332386021682,0.02447332386021682,445
manual,2026-08-08_164447_078602_1_R8_TEST2,TEST2,8,100.0,0.03391401559111056,0.03391401559111056,445
manual,2026-08-08_164447_078602_1_R8_TEST2,TEST2,8,125.0,0.038127168894383855,0.038127168894383855,445
manual,2026-08-08_164447_078602_1_R8_TEST2,TEST2,8,150.0,0.030970109528203435,0.030970109528203435,444
manual,2026-08-08_164447_078602_1_R8_TEST2,TEST2,8,175.0,0.018462181534511266,0.018462181534511266,444
manual,2026-08-08_164447_078602_1_R8_TEST2,TEST2,8,200.0,0.0037197416312130713,0.0037197416312130713,444
manual,2026-08-08_164447_078602_1_R8_TEST2,TEST2,8,225.0,-0.011469407545500371,0.011469407545500371,444
manual,2026-08-08_164447_078602_1_R8_TEST2,TEST2,8,250.0,-0.02405709159213434,0.02405709159213434,444
manual,2026-08-08_164447_078602_1_R8_TEST2,TEST2,8,275.0,-0.0359963011391065,0.0359963011391065,443
manual,2026-08-08_164447_078602_1_R8_TEST2,TEST2,8,300.0,-0.035653189981666396,0.035653189981666396,443
manual,2026-08-08_164447_078602_1_R8_TEST2,TEST2,8,325.0,-0.03239801056321945,0.03239801056321945,443
manual,2026-08-08_164447_078602_1_R8_TEST2,TEST2,8,350.0,-0.02671446308768223,0.02671446308768223,443
manual,2026-08-08_164447_078602_1_R8_TEST2,TEST2,8,375.0,-0.019832122876876947,0.019832122876876947,443
manual,2026-08-08_164447_078602_1_R8_TEST2,TEST2,8,400.0,-0.009902267450113734,0.009902267450113734,442
manual,2026-08-08_164447_078602_1_R8_TEST2,TEST2,8,425.0,-0.00413404438413186,0.00413404438413186,442
manual,2026-08-08_164447_078602_1_R8_TEST2,TEST2,8,450.0,5.930572557075151e-06,5.930572557075151e-06,442
manual,2026-08-08_164447_078602_1_R8_TEST2,TEST2,8,475.0,0.004286618381385274,0.004286618381385274,442
manual,2026-08-08_164447_078602_1_R8_TEST2,TEST2,8,500.0,0.008075822011848453,0.008075822011848453,442
manual,2026-08-08_164601_437352_1_R8_TEST3,TEST3,8,-500.0,0.10484982643606462,0.10484982643606462,256
manual,2026-08-08_164601_437352_1_R8_TEST3,TEST3,8,-475.0,0.05778211589039557,0.05778211589039557,256
manual,2026-08-08_164601_437352_1_R8_TEST3,TEST3,8,-450.0,0.002597086357048652,0.002597086357048652,256
manual,2026-08-08_164601_437352_1_R8_TEST3,TEST3,8,-425.0,-0.04598541015726067,0.04598541015726067,256
manual,2026-08-08_164601_437352_1_R8_TEST3,TEST3,8,-400.0,-0.0576905913431049,0.0576905913431049,257
manual,2026-08-08_164601_437352_1_R8_TEST3,TEST3,8,-375.0,-0.012571786024665233,0.012571786024665233,257
manual,2026-08-08_164601_437352_1_R8_TEST3,TEST3,8,-350.0,0.051955533111065585,0.051955533111065585,257
manual,2026-08-08_164601_437352_1_R8_TEST3,TEST3,8,-325.0,0.1193285288493669,0.1193285288493669,257
manual,2026-08-08_164601_437352_1_R8_TEST3,TEST3,8,-300.0,0.169445661332029,0.169445661332029,257
manual,2026-08-08_164601_437352_1_R8_TEST3,TEST3,8,-275.0,0.19304262505685787,0.19304262505685787,257
manual,2026-08-08_164601_437352_1_R8_TEST3,TEST3,8,-250.0,0.1898445156331299,0.1898445156331299,258
manual,2026-08-08_164601_437352_1_R8_TEST3,TEST3,8,-225.0,0.14283184337562493,0.14283184337562493,258
manual,2026-08-08_164601_437352_1_R8_TEST3,TEST3,8,-200.0,0.06812871943427258,0.06812871943427258,258
manual,2026-08-08_164601_437352_1_R8_TEST3,TEST3,8,-175.0,-0.014114224717827415,0.014114224717827415,258
manual,2026-08-08_164601_437352_1_R8_TEST3,TEST3,8,-150.0,-0.07789628091057135,0.07789628091057135,258
manual,2026-08-08_164601_437352_1_R8_TEST3,TEST3,8,-125.0,-0.10474692366971747,0.10474692366971747,259
manual,2026-08-08_164601_437352_1_R8_TEST3,TEST3,8,-100.0,-0.08240776943541214,0.08240776943541214,259
manual,2026-08-08_164601_437352_1_R8_TEST3,TEST3,8,-75.0,-0.03356574691559083,0.03356574691559083,259
manual,2026-08-08_164601_437352_1_R8_TEST3,TEST3,8,-50.0,0.022241020997401703,0.022241020997401703,259
manual,2026-08-08_164601_437352_1_R8_TEST3,TEST3,8,-25.0,0.0689452202662024,0.0689452202662024,259
manual,2026-08-08_164601_437352_1_R8_TEST3,TEST3,8,0.0,0.10047920202832425,0.10047920202832425,260
manual,2026-08-08_164601_437352_1_R8_TEST3,TEST3,8,25.0,0.09735985595978475,0.09735985595978475,259
manual,2026-08-08_164601_437352_1_R8_TEST3,TEST3,8,50.0,0.08595876636609251,0.08595876636609251,259
manual,2026-08-08_164601_437352_1_R8_TEST3,TEST3,8,75.0,0.06407616736466701,0.06407616736466701,259
manual,2026-08-08_164601_437352_1_R8_TEST3,TEST3,8,100.0,0.03745243553686251,0.03745243553686251,259
manual,2026-08-08_164601_437352_1_R8_TEST3,TEST3,8,125.0,0.008603601856060966,0.008603601856060966,259
manual,2026-08-08_164601_437352_1_R8_TEST3,TEST3,8,150.0,-0.03143195617095834,0.03143195617095834,259
manual,2026-08-08_164601_437352_1_R8_TEST3,TEST3,8,175.0,-0.05007837807462942,0.05007837807462942,258
manual,2026-08-08_164601_437352_1_R8_TEST3,TEST3,8,200.0,-0.058234684020634225,0.058234684020634225,258
manual,2026-08-08_164601_437352_1_R8_TEST3,TEST3,8,225.0,-0.059889478062893756,0.059889478062893756,258
manual,2026-08-08_164601_437352_1_R8_TEST3,TEST3,8,250.0,-0.05246356737740913,0.05246356737740913,258
manual,2026-08-08_164601_437352_1_R8_TEST3,TEST3,8,275.0,-0.014286328471068102,0.014286328471068102,258
manual,2026-08-08_164601_437352_1_R8_TEST3,TEST3,8,300.0,0.04379840854217729,0.04379840854217729,257
manual,2026-08-08_164601_437352_1_R8_TEST3,TEST3,8,325.0,0.11466625076477475,0.11466625076477475,257
manual,2026-08-08_164601_437352_1_R8_TEST3,TEST3,8,350.0,0.17830962302170672,0.17830962302170672,257
manual,2026-08-08_164601_437352_1_R8_TEST3,TEST3,8,375.0,0.21784458080011093,0.21784458080011093,257
manual,2026-08-08_164601_437352_1_R8_TEST3,TEST3,8,400.0,0.22619080420875967,0.22619080420875967,257
manual,2026-08-08_164601_437352_1_R8_TEST3,TEST3,8,425.0,0.19489109610896813,0.19489109610896813,256
manual,2026-08-08_164601_437352_1_R8_TEST3,TEST3,8,450.0,0.12267687509356433,0.12267687509356433,256
manual,2026-08-08_164601_437352_1_R8_TEST3,TEST3,8,475.0,0.027545785607435928,0.027545785607435928,256
manual,2026-08-08_164601_437352_1_R8_TEST3,TEST3,8,500.0,-0.06380130923156167,0.06380130923156167,256
manual,2026-08-08_164959_888615_1_R8_TEST4,TEST4,8,-500.0,0.0689242955949699,0.0689242955949699,293
manual,2026-08-08_164959_888615_1_R8_TEST4,TEST4,8,-475.0,0.07116861552506606,0.07116861552506606,293
manual,2026-08-08_164959_888615_1_R8_TEST4,TEST4,8,-450.0,0.06746943037328558,0.06746943037328558,293
manual,2026-08-08_164959_888615_1_R8_TEST4,TEST4,8,-425.0,0.059340772509687556,0.059340772509687556,293
manual,2026-08-08_164959_888615_1_R8_TEST4,TEST4,8,-400.0,0.055574513592093554,0.055574513592093554,294
manual,2026-08-08_164959_888615_1_R8_TEST4,TEST4,8,-375.0,0.05708039837036118,0.05708039837036118,294
manual,2026-08-08_164959_888615_1_R8_TEST4,TEST4,8,-350.0,0.05843382494672052,0.05843382494672052,294
manual,2026-08-08_164959_888615_1_R8_TEST4,TEST4,8,-325.0,0.05523037505005113,0.05523037505005113,294
manual,2026-08-08_164959_888615_1_R8_TEST4,TEST4,8,-300.0,0.04799345295185166,0.04799345295185166,294
manual,2026-08-08_164959_888615_1_R8_TEST4,TEST4,8,-275.0,0.038538504034469755,0.038538504034469755,294
manual,2026-08-08_164959_888615_1_R8_TEST4,TEST4,8,-250.0,0.024222324080337622,0.024222324080337622,295
manual,2026-08-08_164959_888615_1_R8_TEST4,TEST4,8,-225.0,0.007071425119341586,0.007071425119341586,295
manual,2026-08-08_164959_888615_1_R8_TEST4,TEST4,8,-200.0,-0.012824682132800533,0.012824682132800533,295
manual,2026-08-08_164959_888615_1_R8_TEST4,TEST4,8,-175.0,-0.03125753072753929,0.03125753072753929,295
manual,2026-08-08_164959_888615_1_R8_TEST4,TEST4,8,-150.0,-0.04413669442295422,0.04413669442295422,295
manual,2026-08-08_164959_888615_1_R8_TEST4,TEST4,8,-125.0,-0.039888892897723134,0.039888892897723134,296
manual,2026-08-08_164959_888615_1_R8_TEST4,TEST4,8,-100.0,-0.019118510522630517,0.019118510522630517,296
manual,2026-08-08_164959_888615_1_R8_TEST4,TEST4,8,-75.0,0.008960049339784733,0.008960049339784733,296
manual,2026-08-08_164959_888615_1_R8_TEST4,TEST4,8,-50.0,0.037438559775076215,0.037438559775076215,296
manual,2026-08-08_164959_888615_1_R8_TEST4,TEST4,8,-25.0,0.05994670096246822,0.05994670096246822,296
manual,2026-08-08_164959_888615_1_R8_TEST4,TEST4,8,0.0,0.0748287584378001,0.0748287584378001,297
manual,2026-08-08_164959_888615_1_R8_TEST4,TEST4,8,25.0,0.08508188621614289,0.08508188621614289,296
manual,2026-08-08_164959_888615_1_R8_TEST4,TEST4,8,50.0,0.09257288493450187,0.09257288493450187,296
manual,2026-08-08_164959_888615_1_R8_TEST4,TEST4,8,75.0,0.09348668700772039,0.09348668700772039,296
manual,2026-08-08_164959_888615_1_R8_TEST4,TEST4,8,100.0,0.08719805626115085,0.08719805626115085,296
manual,2026-08-08_164959_888615_1_R8_TEST4,TEST4,8,125.0,0.0791551388408838,0.0791551388408838,296
manual,2026-08-08_164959_888615_1_R8_TEST4,TEST4,8,150.0,0.07090939460394749,0.07090939460394749,295
manual,2026-08-08_164959_888615_1_R8_TEST4,TEST4,8,175.0,0.05256437817109363,0.05256437817109363,295
manual,2026-08-08_164959_888615_1_R8_TEST4,TEST4,8,200.0,0.028211698889813928,0.028211698889813928,295
manual,2026-08-08_164959_888615_1_R8_TEST4,TEST4,8,225.0,0.0021362849983705954,0.0021362849983705954,295
manual,2026-08-08_164959_888615_1_R8_TEST4,TEST4,8,250.0,-0.020350613789475322,0.020350613789475322,295
manual,2026-08-08_164959_888615_1_R8_TEST4,TEST4,8,275.0,-0.02834803836119667,0.02834803836119667,294
manual,2026-08-08_164959_888615_1_R8_TEST4,TEST4,8,300.0,-0.043126772605182974,0.043126772605182974,294
manual,2026-08-08_164959_888615_1_R8_TEST4,TEST4,8,325.0,-0.05594489530878322,0.05594489530878322,294
manual,2026-08-08_164959_888615_1_R8_TEST4,TEST4,8,350.0,-0.06454535909723919,0.06454535909723919,294
manual,2026-08-08_164959_888615_1_R8_TEST4,TEST4,8,375.0,-0.06757358539818266,0.06757358539818266,294
manual,2026-08-08_164959_888615_1_R8_TEST4,TEST4,8,400.0,-0.07400937381627017,0.07400937381627017,293
manual,2026-08-08_164959_888615_1_R8_TEST4,TEST4,8,425.0,-0.09357118065993701,0.09357118065993701,293
manual,2026-08-08_164959_888615_1_R8_TEST4,TEST4,8,450.0,-0.1115088011136009,0.1115088011136009,293
manual,2026-08-08_164959_888615_1_R8_TEST4,TEST4,8,475.0,-0.1223288042776629,0.1223288042776629,293
manual,2026-08-08_164959_888615_1_R8_TEST4,TEST4,8,500.0,-0.12316782904075156,0.12316782904075156,293
manual,2026-08-08_165117_429951_1_R8_TEST5,TEST5,8,-500.0,0.019147451088356315,0.019147451088356315,298
manual,2026-08-08_165117_429951_1_R8_TEST5,TEST5,8,-475.0,-0.004587192966677409,0.004587192966677409,298
manual,2026-08-08_165117_429951_1_R8_TEST5,TEST5,8,-450.0,-0.029120612452378417,0.029120612452378417,298
manual,2026-08-08_165117_429951_1_R8_TEST5,TEST5,8,-425.0,-0.0491156987642967,0.0491156987642967,298
manual,2026-08-08_165117_429951_1_R8_TEST5,TEST5,8,-400.0,-0.0589090478468606,0.0589090478468606,298
manual,2026-08-08_165117_429951_1_R8_TEST5,TEST5,8,-375.0,-0.08111529209831606,0.08111529209831606,299
manual,2026-08-08_165117_429951_1_R8_TEST5,TEST5,8,-350.0,-0.10233133037868776,0.10233133037868776,299
manual,2026-08-08_165117_429951_1_R8_TEST5,TEST5,8,-325.0,-0.11760211917662212,0.11760211917662212,299
manual,2026-08-08_165117_429951_1_R8_TEST5,TEST5,8,-300.0,-0.12305365287944937,0.12305365287944937,299
manual,2026-08-08_165117_429951_1_R8_TEST5,TEST5,8,-275.0,-0.11970720127149624,0.11970720127149624,299
manual,2026-08-08_165117_429951_1_R8_TEST5,TEST5,8,-250.0,-0.13215209426267016,0.13215209426267016,300
manual,2026-08-08_165117_429951_1_R8_TEST5,TEST5,8,-225.0,-0.14136938703973193,0.14136938703973193,300
manual,2026-08-08_165117_429951_1_R8_TEST5,TEST5,8,-200.0,-0.13758955891335284,0.13758955891335284,300
manual,2026-08-08_165117_429951_1_R8_TEST5,TEST5,8,-175.0,-0.12270275392240286,0.12270275392240286,300
manual,2026-08-08_165117_429951_1_R8_TEST5,TEST5,8,-150.0,-0.1015154864177025,0.1015154864177025,300
manual,2026-08-08_165117_429951_1_R8_TEST5,TEST5,8,-125.0,-0.06785197703421125,0.06785197703421125,300
manual,2026-08-08_165117_429951_1_R8_TEST5,TEST5,8,-100.0,-0.02307549065371854,0.02307549065371854,301
manual,2026-08-08_165117_429951_1_R8_TEST5,TEST5,8,-75.0,0.04089793008871562,0.04089793008871562,301
manual,2026-08-08_165117_429951_1_R8_TEST5,TEST5,8,-50.0,0.10468057179196824,0.10468057179196824,301
manual,2026-08-08_165117_429951_1_R8_TEST5,TEST5,8,-25.0,0.15462164363373593,0.15462164363373593,301
manual,2026-08-08_165117_429951_1_R8_TEST5,TEST5,8,0.0,0.18711621357802005,0.18711621357802005,302
manual,2026-08-08_165117_429951_1_R8_TEST5,TEST5,8,25.0,0.2085139862157308,0.2085139862157308,301
manual,2026-08-08_165117_429951_1_R8_TEST5,TEST5,8,50.0,0.22275719744146638,0.22275719744146638,301
manual,2026-08-08_165117_429951_1_R8_TEST5,TEST5,8,75.0,0.22098415743058772,0.22098415743058772,301
manual,2026-08-08_165117_429951_1_R8_TEST5,TEST5,8,100.0,0.20198918651830863,0.20198918651830863,301
manual,2026-08-08_165117_429951_1_R8_TEST5,TEST5,8,125.0,0.17337380763276725,0.17337380763276725,301
manual,2026-08-08_165117_429951_1_R8_TEST5,TEST5,8,150.0,0.13616875079483706,0.13616875079483706,300
manual,2026-08-08_165117_429951_1_R8_TEST5,TEST5,8,175.0,0.09369251832165114,0.09369251832165114,300
manual,2026-08-08_165117_429951_1_R8_TEST5,TEST5,8,200.0,0.03432774619564282,0.03432774619564282,300
manual,2026-08-08_165117_429951_1_R8_TEST5,TEST5,8,225.0,-0.027639079982866795,0.027639079982866795,300
manual,2026-08-08_165117_429951_1_R8_TEST5,TEST5,8,250.0,-0.07767810009705389,0.07767810009705389,300
manual,2026-08-08_165117_429951_1_R8_TEST5,TEST5,8,275.0,-0.10548611753044539,0.10548611753044539,299
manual,2026-08-08_165117_429951_1_R8_TEST5,TEST5,8,300.0,-0.11187690305906564,0.11187690305906564,299
manual,2026-08-08_165117_429951_1_R8_TEST5,TEST5,8,325.0,-0.11461160259590707,0.11461160259590707,299
manual,2026-08-08_165117_429951_1_R8_TEST5,TEST5,8,350.0,-0.10808132104641083,0.10808132104641083,299
manual,2026-08-08_165117_429951_1_R8_TEST5,TEST5,8,375.0,-0.09423539658403335,0.09423539658403335,299
manual,2026-08-08_165117_429951_1_R8_TEST5,TEST5,8,400.0,-0.07896921359328564,0.07896921359328564,299
manual,2026-08-08_165117_429951_1_R8_TEST5,TEST5,8,425.0,-0.06544085283584888,0.06544085283584888,298
manual,2026-08-08_165117_429951_1_R8_TEST5,TEST5,8,450.0,-0.03635285152972032,0.03635285152972032,298
manual,2026-08-08_165117_429951_1_R8_TEST5,TEST5,8,475.0,-0.0014959253350196975,0.0014959253350196975,298
manual,2026-08-08_165117_429951_1_R8_TEST5,TEST5,8,500.0,0.03177507702549708,0.03177507702549708,298
manual,2026-08-08_165208_088150_1_R8_TEST6,TEST6,8,-500.0,-0.04376464638764099,0.04376464638764099,261
manual,2026-08-08_165208_088150_1_R8_TEST6,TEST6,8,-475.0,-0.08625844955407473,0.08625844955407473,261
manual,2026-08-08_165208_088150_1_R8_TEST6,TEST6,8,-450.0,-0.12233155316038614,0.12233155316038614,261
manual,2026-08-08_165208_088150_1_R8_TEST6,TEST6,8,-425.0,-0.14161740310616114,0.14161740310616114,261
manual,2026-08-08_165208_088150_1_R8_TEST6,TEST6,8,-400.0,-0.126400190859206,0.126400190859206,262
manual,2026-08-08_165208_088150_1_R8_TEST6,TEST6,8,-375.0,-0.024938661396162954,0.024938661396162954,262
manual,2026-08-08_165208_088150_1_R8_TEST6,TEST6,8,-350.0,0.10818044073528213,0.10818044073528213,262
manual,2026-08-08_165208_088150_1_R8_TEST6,TEST6,8,-325.0,0.24862366170004835,0.24862366170004835,262
manual,2026-08-08_165208_088150_1_R8_TEST6,TEST6,8,-300.0,0.35303871034227124,0.35303871034227124,262
manual,2026-08-08_165208_088150_1_R8_TEST6,TEST6,8,-275.0,0.4091754531571273,0.4091754531571273,262
manual,2026-08-08_165208_088150_1_R8_TEST6,TEST6,8,-250.0,0.411682000649304,0.411682000649304,263
manual,2026-08-08_165208_088150_1_R8_TEST6,TEST6,8,-225.0,0.3569551182488313,0.3569551182488313,263
manual,2026-08-08_165208_088150_1_R8_TEST6,TEST6,8,-200.0,0.253467278692789,0.253467278692789,263
manual,2026-08-08_165208_088150_1_R8_TEST6,TEST6,8,-175.0,0.11933350098636367,0.11933350098636367,263
manual,2026-08-08_165208_088150_1_R8_TEST6,TEST6,8,-150.0,-0.005313810963905698,0.005313810963905698,264
manual,2026-08-08_165208_088150_1_R8_TEST6,TEST6,8,-125.0,-0.097906100884955,0.097906100884955,264
manual,2026-08-08_165208_088150_1_R8_TEST6,TEST6,8,-100.0,-0.12336456712038033,0.12336456712038033,264
manual,2026-08-08_165208_088150_1_R8_TEST6,TEST6,8,-75.0,-0.128019189241297,0.128019189241297,264
manual,2026-08-08_165208_088150_1_R8_TEST6,TEST6,8,-50.0,-0.11836868696219395,0.11836868696219395,264
manual,2026-08-08_165208_088150_1_R8_TEST6,TEST6,8,-25.0,-0.09894238348959664,0.09894238348959664,264
manual,2026-08-08_165208_088150_1_R8_TEST6,TEST6,8,0.0,-0.0788523427741043,0.0788523427741043,265
manual,2026-08-08_165208_088150_1_R8_TEST6,TEST6,8,25.0,-0.08846906206135954,0.08846906206135954,264
manual,2026-08-08_165208_088150_1_R8_TEST6,TEST6,8,50.0,-0.09476024633578703,0.09476024633578703,264
manual,2026-08-08_165208_088150_1_R8_TEST6,TEST6,8,75.0,-0.09169381116554792,0.09169381116554792,264
manual,2026-08-08_165208_088150_1_R8_TEST6,TEST6,8,100.0,-0.0788267476011556,0.0788267476011556,264
manual,2026-08-08_165208_088150_1_R8_TEST6,TEST6,8,125.0,-0.07746679091600073,0.07746679091600073,264
manual,2026-08-08_165208_088150_1_R8_TEST6,TEST6,8,150.0,-0.11988549785972015,0.11988549785972015,263
manual,2026-08-08_165208_088150_1_R8_TEST6,TEST6,8,175.0,-0.1333103804487558,0.1333103804487558,263
manual,2026-08-08_165208_088150_1_R8_TEST6,TEST6,8,200.0,-0.1322797239743058,0.1322797239743058,263
manual,2026-08-08_165208_088150_1_R8_TEST6,TEST6,8,225.0,-0.11651607618457138,0.11651607618457138,263
manual,2026-08-08_165208_088150_1_R8_TEST6,TEST6,8,250.0,-0.0910183066857052,0.0910183066857052,263
manual,2026-08-08_165208_088150_1_R8_TEST6,TEST6,8,275.0,-0.04657154292814022,0.04657154292814022,262
manual,2026-08-08_165208_088150_1_R8_TEST6,TEST6,8,300.0,0.03647053658804791,0.03647053658804791,262
manual,2026-08-08_165208_088150_1_R8_TEST6,TEST6,8,325.0,0.14269519862539842,0.14269519862539842,262
manual,2026-08-08_165208_088150_1_R8_TEST6,TEST6,8,350.0,0.24086770018948112,0.24086770018948112,262
manual,2026-08-08_165208_088150_1_R8_TEST6,TEST6,8,375.0,0.3030948872842392,0.3030948872842392,262
manual,2026-08-08_165208_088150_1_R8_TEST6,TEST6,8,400.0,0.32173002313912136,0.32173002313912136,262
manual,2026-08-08_165208_088150_1_R8_TEST6,TEST6,8,425.0,0.25937192623572886,0.25937192623572886,261
manual,2026-08-08_165208_088150_1_R8_TEST6,TEST6,8,450.0,0.16697365444611414,0.16697365444611414,261
manual,2026-08-08_165208_088150_1_R8_TEST6,TEST6,8,475.0,0.042052789805425435,0.042052789805425435,261
manual,2026-08-08_165208_088150_1_R8_TEST6,TEST6,8,500.0,-0.0784979989672932,0.0784979989672932,261
manual,2026-08-08_165304_567552_1_R9_TEST2,TEST2,9,-500.0,-0.022542643073667958,0.022542643073667958,296
manual,2026-08-08_165304_567552_1_R9_TEST2,TEST2,9,-475.0,-0.0065977133080230765,0.0065977133080230765,296
manual,2026-08-08_165304_567552_1_R9_TEST2,TEST2,9,-450.0,0.01078739277286365,0.01078739277286365,296
manual,2026-08-08_165304_567552_1_R9_TEST2,TEST2,9,-425.0,0.025489858739132364,0.025489858739132364,296
manual,2026-08-08_165304_567552_1_R9_TEST2,TEST2,9,-400.0,0.04404712029248557,0.04404712029248557,297
manual,2026-08-08_165304_567552_1_R9_TEST2,TEST2,9,-375.0,0.07241057426804533,0.07241057426804533,297
manual,2026-08-08_165304_567552_1_R9_TEST2,TEST2,9,-350.0,0.09269614288179914,0.09269614288179914,297
manual,2026-08-08_165304_567552_1_R9_TEST2,TEST2,9,-325.0,0.10603756975787508,0.10603756975787508,297
manual,2026-08-08_165304_567552_1_R9_TEST2,TEST2,9,-300.0,0.10868521593775077,0.10868521593775077,297
manual,2026-08-08_165304_567552_1_R9_TEST2,TEST2,9,-275.0,0.10172356346985317,0.10172356346985317,298
manual,2026-08-08_165304_567552_1_R9_TEST2,TEST2,9,-250.0,0.06723528425562747,0.06723528425562747,298
manual,2026-08-08_165304_567552_1_R9_TEST2,TEST2,9,-225.0,-0.015642293731915165,0.015642293731915165,298
manual,2026-08-08_165304_567552_1_R9_TEST2,TEST2,9,-200.0,-0.11502218139512105,0.11502218139512105,298
manual,2026-08-08_165304_567552_1_R9_TEST2,TEST2,9,-175.0,-0.20296655133046482,0.20296655133046482,298
manual,2026-08-08_165304_567552_1_R9_TEST2,TEST2,9,-150.0,-0.259273501637424,0.259273501637424,299
manual,2026-08-08_165304_567552_1_R9_TEST2,TEST2,9,-125.0,-0.2681931408528072,0.2681931408528072,299
manual,2026-08-08_165304_567552_1_R9_TEST2,TEST2,9,-100.0,-0.24863780370667024,0.24863780370667024,299
manual,2026-08-08_165304_567552_1_R9_TEST2,TEST2,9,-75.0,-0.20037509842099602,0.20037509842099602,299
manual,2026-08-08_165304_567552_1_R9_TEST2,TEST2,9,-50.0,-0.1295409519601805,0.1295409519601805,299
manual,2026-08-08_165304_567552_1_R9_TEST2,TEST2,9,-25.0,-0.05622370771465236,0.05622370771465236,299
manual,2026-08-08_165304_567552_1_R9_TEST2,TEST2,9,0.0,0.0034565472851857543,0.0034565472851857543,300
manual,2026-08-08_165304_567552_1_R9_TEST2,TEST2,9,25.0,0.02243163779670243,0.02243163779670243,299
manual,2026-08-08_165304_567552_1_R9_TEST2,TEST2,9,50.0,0.04538005096992954,0.04538005096992954,299
manual,2026-08-08_165304_567552_1_R9_TEST2,TEST2,9,75.0,0.06704200975853009,0.06704200975853009,299
manual,2026-08-08_165304_567552_1_R9_TEST2,TEST2,9,100.0,0.08124884127372335,0.08124884127372335,299
manual,2026-08-08_165304_567552_1_R9_TEST2,TEST2,9,125.0,0.08004352607562944,0.08004352607562944,298
manual,2026-08-08_165304_567552_1_R9_TEST2,TEST2,9,150.0,0.04175738012179486,0.04175738012179486,298
manual,2026-08-08_165304_567552_1_R9_TEST2,TEST2,9,175.0,0.004326534137664288,0.004326534137664288,298
manual,2026-08-08_165304_567552_1_R9_TEST2,TEST2,9,200.0,-0.038153302454694484,0.038153302454694484,298
manual,2026-08-08_165304_567552_1_R9_TEST2,TEST2,9,225.0,-0.0766974276192452,0.0766974276192452,298
manual,2026-08-08_165304_567552_1_R9_TEST2,TEST2,9,250.0,-0.10314874161145177,0.10314874161145177,298
manual,2026-08-08_165304_567552_1_R9_TEST2,TEST2,9,275.0,-0.09452354985144829,0.09452354985144829,297
manual,2026-08-08_165304_567552_1_R9_TEST2,TEST2,9,300.0,-0.05431452709622721,0.05431452709622721,297
manual,2026-08-08_165304_567552_1_R9_TEST2,TEST2,9,325.0,0.0019727275068991174,0.0019727275068991174,297
manual,2026-08-08_165304_567552_1_R9_TEST2,TEST2,9,350.0,0.06165954713836488,0.06165954713836488,297
manual,2026-08-08_165304_567552_1_R9_TEST2,TEST2,9,375.0,0.1089815343673977,0.1089815343673977,297
manual,2026-08-08_165304_567552_1_R9_TEST2,TEST2,9,400.0,0.1452662796729814,0.1452662796729814,296
manual,2026-08-08_165304_567552_1_R9_TEST2,TEST2,9,425.0,0.1573313182644872,0.1573313182644872,296
manual,2026-08-08_165304_567552_1_R9_TEST2,TEST2,9,450.0,0.14851265191770746,0.14851265191770746,296
manual,2026-08-08_165304_567552_1_R9_TEST2,TEST2,9,475.0,0.12475133079833178,0.12475133079833178,296
manual,2026-08-08_165304_567552_1_R9_TEST2,TEST2,9,500.0,0.09123811802127092,0.09123811802127092,296
manual,2026-08-08_165433_326903_1_R9_TEST3,TEST3,9,-500.0,-0.03417442403342814,0.03417442403342814,270
manual,2026-08-08_165433_326903_1_R9_TEST3,TEST3,9,-475.0,-0.04818980359885335,0.04818980359885335,270
manual,2026-08-08_165433_326903_1_R9_TEST3,TEST3,9,-450.0,-0.057547467846963206,0.057547467846963206,270
manual,2026-08-08_165433_326903_1_R9_TEST3,TEST3,9,-425.0,-0.0601595933820727,0.0601595933820727,270
manual,2026-08-08_165433_326903_1_R9_TEST3,TEST3,9,-400.0,-0.061937244384873635,0.061937244384873635,270
manual,2026-08-08_165433_326903_1_R9_TEST3,TEST3,9,-375.0,-0.049065663175382704,0.049065663175382704,271
manual,2026-08-08_165433_326903_1_R9_TEST3,TEST3,9,-350.0,-0.03614719346587461,0.03614719346587461,271
manual,2026-08-08_165433_326903_1_R9_TEST3,TEST3,9,-325.0,-0.017391111535065503,0.017391111535065503,271
manual,2026-08-08_165433_326903_1_R9_TEST3,TEST3,9,-300.0,0.0016883947035750563,0.0016883947035750563,271
manual,2026-08-08_165433_326903_1_R9_TEST3,TEST3,9,-275.0,0.018463292723741066,0.018463292723741066,271
manual,2026-08-08_165433_326903_1_R9_TEST3,TEST3,9,-250.0,0.008355108772321396,0.008355108772321396,272
manual,2026-08-08_165433_326903_1_R9_TEST3,TEST3,9,-225.0,-0.02279675442048739,0.02279675442048739,272
manual,2026-08-08_165433_326903_1_R9_TEST3,TEST3,9,-200.0,-0.06170028181650974,0.06170028181650974,272
manual,2026-08-08_165433_326903_1_R9_TEST3,TEST3,9,-175.0,-0.09356053086540897,0.09356053086540897,272
manual,2026-08-08_165433_326903_1_R9_TEST3,TEST3,9,-150.0,-0.1125069123570289,0.1125069123570289,272
manual,2026-08-08_165433_326903_1_R9_TEST3,TEST3,9,-125.0,-0.11526806433380644,0.11526806433380644,272
manual,2026-08-08_165433_326903_1_R9_TEST3,TEST3,9,-100.0,-0.07405679845662673,0.07405679845662673,273
manual,2026-08-08_165433_326903_1_R9_TEST3,TEST3,9,-75.0,-0.003456657488051713,0.003456657488051713,273
manual,2026-08-08_165433_326903_1_R9_TEST3,TEST3,9,-50.0,0.07217961160288414,0.07217961160288414,273
manual,2026-08-08_165433_326903_1_R9_TEST3,TEST3,9,-25.0,0.13013296340478772,0.13013296340478772,273
manual,2026-08-08_165433_326903_1_R9_TEST3,TEST3,9,0.0,0.16571609686339742,0.16571609686339742,274
manual,2026-08-08_165433_326903_1_R9_TEST3,TEST3,9,25.0,0.20177557498158452,0.20177557498158452,273
manual,2026-08-08_165433_326903_1_R9_TEST3,TEST3,9,50.0,0.23422220145917821,0.23422220145917821,273
manual,2026-08-08_165433_326903_1_R9_TEST3,TEST3,9,75.0,0.24578840839085095,0.24578840839085095,273
manual,2026-08-08_165433_326903_1_R9_TEST3,TEST3,9,100.0,0.23052890811963184,0.23052890811963184,273
manual,2026-08-08_165433_326903_1_R9_TEST3,TEST3,9,125.0,0.20032320780306123,0.20032320780306123,273
manual,2026-08-08_165433_326903_1_R9_TEST3,TEST3,9,150.0,0.1795807397093677,0.1795807397093677,272
manual,2026-08-08_165433_326903_1_R9_TEST3,TEST3,9,175.0,0.16834636940713793,0.16834636940713793,272
manual,2026-08-08_165433_326903_1_R9_TEST3,TEST3,9,200.0,0.14547329224656813,0.14547329224656813,272
manual,2026-08-08_165433_326903_1_R9_TEST3,TEST3,9,225.0,0.10693449488857625,0.10693449488857625,272
manual,2026-08-08_165433_326903_1_R9_TEST3,TEST3,9,250.0,0.06834297675026368,0.06834297675026368,272
manual,2026-08-08_165433_326903_1_R9_TEST3,TEST3,9,275.0,0.04790593029365739,0.04790593029365739,271
manual,2026-08-08_165433_326903_1_R9_TEST3,TEST3,9,300.0,0.04407443861690624,0.04407443861690624,271
manual,2026-08-08_165433_326903_1_R9_TEST3,TEST3,9,325.0,0.03495250858392737,0.03495250858392737,271
manual,2026-08-08_165433_326903_1_R9_TEST3,TEST3,9,350.0,0.021088063766768337,0.021088063766768337,271
manual,2026-08-08_165433_326903_1_R9_TEST3,TEST3,9,375.0,0.007045141626188712,0.007045141626188712,271
manual,2026-08-08_165433_326903_1_R9_TEST3,TEST3,9,400.0,-0.005029615853931838,0.005029615853931838,270
manual,2026-08-08_165433_326903_1_R9_TEST3,TEST3,9,425.0,-0.014727206435007103,0.014727206435007103,270
manual,2026-08-08_165433_326903_1_R9_TEST3,TEST3,9,450.0,-0.023062845449072448,0.023062845449072448,270
manual,2026-08-08_165433_326903_1_R9_TEST3,TEST3,9,475.0,-0.02971439542483653,0.02971439542483653,270
manual,2026-08-08_165433_326903_1_R9_TEST3,TEST3,9,500.0,-0.03274619854955356,0.03274619854955356,270
manual,2026-08-08_165519_988311_1_R9_TEST4,TEST4,9,-500.0,0.12815802022757086,0.12815802022757086,282
manual,2026-08-08_165519_988311_1_R9_TEST4,TEST4,9,-475.0,0.07293298650573216,0.07293298650573216,282
manual,2026-08-08_165519_988311_1_R9_TEST4,TEST4,9,-450.0,0.0037383881450648443,0.0037383881450648443,282
manual,2026-08-08_165519_988311_1_R9_TEST4,TEST4,9,-425.0,-0.05518276238235572,0.05518276238235572,282
manual,2026-08-08_165519_988311_1_R9_TEST4,TEST4,9,-400.0,-0.06866121157477838,0.06866121157477838,283
manual,2026-08-08_165519_988311_1_R9_TEST4,TEST4,9,-375.0,-0.006697468555133766,0.006697468555133766,283
manual,2026-08-08_165519_988311_1_R9_TEST4,TEST4,9,-350.0,0.10205186609626611,0.10205186609626611,283
manual,2026-08-08_165519_988311_1_R9_TEST4,TEST4,9,-325.0,0.21568660331393016,0.21568660331393016,283
manual,2026-08-08_165519_988311_1_R9_TEST4,TEST4,9,-300.0,0.29357915870080026,0.29357915870080026,283
manual,2026-08-08_165519_988311_1_R9_TEST4,TEST4,9,-275.0,0.32873289018184876,0.32873289018184876,283
manual,2026-08-08_165519_988311_1_R9_TEST4,TEST4,9,-250.0,0.31307347373383076,0.31307347373383076,284
manual,2026-08-08_165519_988311_1_R9_TEST4,TEST4,9,-225.0,0.2421744784369096,0.2421744784369096,284
manual,2026-08-08_165519_988311_1_R9_TEST4,TEST4,9,-200.0,0.12390438766846341,0.12390438766846341,284
manual,2026-08-08_165519_988311_1_R9_TEST4,TEST4,9,-175.0,-0.01060395185312798,0.01060395185312798,284
manual,2026-08-08_165519_988311_1_R9_TEST4,TEST4,9,-150.0,-0.11680714291805565,0.11680714291805565,285
manual,2026-08-08_165519_988311_1_R9_TEST4,TEST4,9,-125.0,-0.17002174567349757,0.17002174567349757,285
manual,2026-08-08_165519_988311_1_R9_TEST4,TEST4,9,-100.0,-0.14335979340263957,0.14335979340263957,285
manual,2026-08-08_165519_988311_1_R9_TEST4,TEST4,9,-75.0,-0.07760510718529735,0.07760510718529735,285
manual,2026-08-08_165519_988311_1_R9_TEST4,TEST4,9,-50.0,0.0037710579971883887,0.0037710579971883887,285
manual,2026-08-08_165519_988311_1_R9_TEST4,TEST4,9,-25.0,0.07217320585002078,0.07217320585002078,285
manual,2026-08-08_165519_988311_1_R9_TEST4,TEST4,9,0.0,0.1171271818606279,0.1171271818606279,286
manual,2026-08-08_165519_988311_1_R9_TEST4,TEST4,9,25.0,0.13111838186072625,0.13111838186072625,285
manual,2026-08-08_165519_988311_1_R9_TEST4,TEST4,9,50.0,0.1394775683746075,0.1394775683746075,285
manual,2026-08-08_165519_988311_1_R9_TEST4,TEST4,9,75.0,0.13155560844273992,0.13155560844273992,285
manual,2026-08-08_165519_988311_1_R9_TEST4,TEST4,9,100.0,0.10794213586057069,0.10794213586057069,285
manual,2026-08-08_165519_988311_1_R9_TEST4,TEST4,9,125.0,0.07786110263646229,0.07786110263646229,285
manual,2026-08-08_165519_988311_1_R9_TEST4,TEST4,9,150.0,0.03562390375448906,0.03562390375448906,284
manual,2026-08-08_165519_988311_1_R9_TEST4,TEST4,9,175.0,0.029805254822896084,0.029805254822896084,284
manual,2026-08-08_165519_988311_1_R9_TEST4,TEST4,9,200.0,0.024238496635350906,0.024238496635350906,284
manual,2026-08-08_165519_988311_1_R9_TEST4,TEST4,9,225.0,0.01551978921439921,0.01551978921439921,284
manual,2026-08-08_165519_988311_1_R9_TEST4,TEST4,9,250.0,0.00704835210068578,0.00704835210068578,284
manual,2026-08-08_165519_988311_1_R9_TEST4,TEST4,9,275.0,0.02900183813031561,0.02900183813031561,283
manual,2026-08-08_165519_988311_1_R9_TEST4,TEST4,9,300.0,0.06138397226361146,0.06138397226361146,283
manual,2026-08-08_165519_988311_1_R9_TEST4,TEST4,9,325.0,0.10818897358402572,0.10818897358402572,283
manual,2026-08-08_165519_988311_1_R9_TEST4,TEST4,9,350.0,0.14489252916252823,0.14489252916252823,283
manual,2026-08-08_165519_988311_1_R9_TEST4,TEST4,9,375.0,0.16125394709492644,0.16125394709492644,283
manual,2026-08-08_165519_988311_1_R9_TEST4,TEST4,9,400.0,0.15362580444744353,0.15362580444744353,282
manual,2026-08-08_165519_988311_1_R9_TEST4,TEST4,9,425.0,0.11082547815522892,0.11082547815522892,282
manual,2026-08-08_165519_988311_1_R9_TEST4,TEST4,9,450.0,0.03833160113908461,0.03833160113908461,282
manual,2026-08-08_165519_988311_1_R9_TEST4,TEST4,9,475.0,-0.05245014531607191,0.05245014531607191,282
manual,2026-08-08_165519_988311_1_R9_TEST4,TEST4,9,500.0,-0.12918817966574764,0.12918817966574764,282
manual,2026-08-08_165607_836382_1_R9_TEST5,TEST5,9,-500.0,0.005067147785171863,0.005067147785171863,327
manual,2026-08-08_165607_836382_1_R9_TEST5,TEST5,9,-475.0,0.002244605751678409,0.002244605751678409,327
manual,2026-08-08_165607_836382_1_R9_TEST5,TEST5,9,-450.0,-0.0009273552508157734,0.0009273552508157734,327
manual,2026-08-08_165607_836382_1_R9_TEST5,TEST5,9,-425.0,-0.0035905850895415004,0.0035905850895415004,327
manual,2026-08-08_165607_836382_1_R9_TEST5,TEST5,9,-400.0,0.013320977143029104,0.013320977143029104,328
manual,2026-08-08_165607_836382_1_R9_TEST5,TEST5,9,-375.0,0.06667970760470075,0.06667970760470075,328
manual,2026-08-08_165607_836382_1_R9_TEST5,TEST5,9,-350.0,0.12742733573802048,0.12742733573802048,328
manual,2026-08-08_165607_836382_1_R9_TEST5,TEST5,9,-325.0,0.18388489692319945,0.18388489692319945,328
manual,2026-08-08_165607_836382_1_R9_TEST5,TEST5,9,-300.0,0.2226032578760711,0.2226032578760711,328
manual,2026-08-08_165607_836382_1_R9_TEST5,TEST5,9,-275.0,0.23731003769061856,0.23731003769061856,328
manual,2026-08-08_165607_836382_1_R9_TEST5,TEST5,9,-250.0,0.22301860341624147,0.22301860341624147,329
manual,2026-08-08_165607_836382_1_R9_TEST5,TEST5,9,-225.0,0.17806005193184116,0.17806005193184116,329
manual,2026-08-08_165607_836382_1_R9_TEST5,TEST5,9,-200.0,0.10954108267124811,0.10954108267124811,329
manual,2026-08-08_165607_836382_1_R9_TEST5,TEST5,9,-175.0,0.031552571741119174,0.031552571741119174,329
manual,2026-08-08_165607_836382_1_R9_TEST5,TEST5,9,-150.0,-0.033425258416386515,0.033425258416386515,330
manual,2026-08-08_165607_836382_1_R9_TEST5,TEST5,9,-125.0,-0.05626276370165483,0.05626276370165483,330
manual,2026-08-08_165607_836382_1_R9_TEST5,TEST5,9,-100.0,-0.017399511976339505,0.017399511976339505,330
manual,2026-08-08_165607_836382_1_R9_TEST5,TEST5,9,-75.0,0.035119891625911705,0.035119891625911705,330
manual,2026-08-08_165607_836382_1_R9_TEST5,TEST5,9,-50.0,0.08745649620689083,0.08745649620689083,330
manual,2026-08-08_165607_836382_1_R9_TEST5,TEST5,9,-25.0,0.1280559780883916,0.1280559780883916,330
manual,2026-08-08_165607_836382_1_R9_TEST5,TEST5,9,0.0,0.1540987856496245,0.1540987856496245,331
manual,2026-08-08_165607_836382_1_R9_TEST5,TEST5,9,25.0,0.1696296043016696,0.1696296043016696,330
manual,2026-08-08_165607_836382_1_R9_TEST5,TEST5,9,50.0,0.17875858800548405,0.17875858800548405,330
manual,2026-08-08_165607_836382_1_R9_TEST5,TEST5,9,75.0,0.1742573899249885,0.1742573899249885,330
manual,2026-08-08_165607_836382_1_R9_TEST5,TEST5,9,100.0,0.1557441153549601,0.1557441153549601,330
manual,2026-08-08_165607_836382_1_R9_TEST5,TEST5,9,125.0,0.1303706134495333,0.1303706134495333,329
manual,2026-08-08_165607_836382_1_R9_TEST5,TEST5,9,150.0,0.09626742876703502,0.09626742876703502,329
manual,2026-08-08_165607_836382_1_R9_TEST5,TEST5,9,175.0,0.08937456916572366,0.08937456916572366,329
manual,2026-08-08_165607_836382_1_R9_TEST5,TEST5,9,200.0,0.08117583751398492,0.08117583751398492,329
manual,2026-08-08_165607_836382_1_R9_TEST5,TEST5,9,225.0,0.06627772722477893,0.06627772722477893,329
manual,2026-08-08_165607_836382_1_R9_TEST5,TEST5,9,250.0,0.04987820316581757,0.04987820316581757,329
manual,2026-08-08_165607_836382_1_R9_TEST5,TEST5,9,275.0,0.059065406600071355,0.059065406600071355,328
manual,2026-08-08_165607_836382_1_R9_TEST5,TEST5,9,300.0,0.08574641031759885,0.08574641031759885,328
manual,2026-08-08_165607_836382_1_R9_TEST5,TEST5,9,325.0,0.11411052860433012,0.11411052860433012,328
manual,2026-08-08_165607_836382_1_R9_TEST5,TEST5,9,350.0,0.13490791845147082,0.13490791845147082,328
manual,2026-08-08_165607_836382_1_R9_TEST5,TEST5,9,375.0,0.1437812063978208,0.1437812063978208,328
manual,2026-08-08_165607_836382_1_R9_TEST5,TEST5,9,400.0,0.13498456668209619,0.13498456668209619,328
manual,2026-08-08_165607_836382_1_R9_TEST5,TEST5,9,425.0,0.10089144870028181,0.10089144870028181,327
manual,2026-08-08_165607_836382_1_R9_TEST5,TEST5,9,450.0,0.05836013711692204,0.05836013711692204,327
manual,2026-08-08_165607_836382_1_R9_TEST5,TEST5,9,475.0,0.006510495007483451,0.006510495007483451,327
manual,2026-08-08_165607_836382_1_R9_TEST5,TEST5,9,500.0,-0.0431473795652026,0.0431473795652026,327
manual,2026-08-08_165709_643597_1_R9_TEST6,TEST6,9,-500.0,-0.03706864616592169,0.03706864616592169,355
manual,2026-08-08_165709_643597_1_R9_TEST6,TEST6,9,-475.0,-0.06982544456053383,0.06982544456053383,355
manual,2026-08-08_165709_643597_1_R9_TEST6,TEST6,9,-450.0,-0.09698292966195751,0.09698292966195751,355
manual,2026-08-08_165709_643597_1_R9_TEST6,TEST6,9,-425.0,-0.11158564129223923,0.11158564129223923,355
manual,2026-08-08_165709_643597_1_R9_TEST6,TEST6,9,-400.0,-0.1174398138659629,0.1174398138659629,356
manual,2026-08-08_165709_643597_1_R9_TEST6,TEST6,9,-375.0,-0.0753002395652717,0.0753002395652717,356
manual,2026-08-08_165709_643597_1_R9_TEST6,TEST6,9,-350.0,-0.023209681595533382,0.023209681595533382,356
manual,2026-08-08_165709_643597_1_R9_TEST6,TEST6,9,-325.0,0.03824896403682175,0.03824896403682175,356
manual,2026-08-08_165709_643597_1_R9_TEST6,TEST6,9,-300.0,0.09186788447173597,0.09186788447173597,356
manual,2026-08-08_165709_643597_1_R9_TEST6,TEST6,9,-275.0,0.13278666874278755,0.13278666874278755,356
manual,2026-08-08_165709_643597_1_R9_TEST6,TEST6,9,-250.0,0.14913403716223658,0.14913403716223658,357
manual,2026-08-08_165709_643597_1_R9_TEST6,TEST6,9,-225.0,0.1150820280077007,0.1150820280077007,357
manual,2026-08-08_165709_643597_1_R9_TEST6,TEST6,9,-200.0,0.05971629555419706,0.05971629555419706,357
manual,2026-08-08_165709_643597_1_R9_TEST6,TEST6,9,-175.0,-0.0014600592758690282,0.0014600592758690282,357
manual,2026-08-08_165709_643597_1_R9_TEST6,TEST6,9,-150.0,-0.0506181703546974,0.0506181703546974,357
manual,2026-08-08_165709_643597_1_R9_TEST6,TEST6,9,-125.0,-0.053483725263184415,0.053483725263184415,358
manual,2026-08-08_165709_643597_1_R9_TEST6,TEST6,9,-100.0,-0.0034785703888015125,0.0034785703888015125,358
manual,2026-08-08_165709_643597_1_R9_TEST6,TEST6,9,-75.0,0.0678874423675566,0.0678874423675566,358
manual,2026-08-08_165709_643597_1_R9_TEST6,TEST6,9,-50.0,0.13705041630611725,0.13705041630611725,358
manual,2026-08-08_165709_643597_1_R9_TEST6,TEST6,9,-25.0,0.18556665166867845,0.18556665166867845,358
manual,2026-08-08_165709_643597_1_R9_TEST6,TEST6,9,0.0,0.21229328196555936,0.21229328196555936,359
manual,2026-08-08_165709_643597_1_R9_TEST6,TEST6,9,25.0,0.229370026875075,0.229370026875075,358
manual,2026-08-08_165709_643597_1_R9_TEST6,TEST6,9,50.0,0.23498628221913057,0.23498628221913057,358
manual,2026-08-08_165709_643597_1_R9_TEST6,TEST6,9,75.0,0.21747794525589814,0.21747794525589814,358
manual,2026-08-08_165709_643597_1_R9_TEST6,TEST6,9,100.0,0.18015314093733123,0.18015314093733123,358
manual,2026-08-08_165709_643597_1_R9_TEST6,TEST6,9,125.0,0.13251956698609293,0.13251956698609293,358
manual,2026-08-08_165709_643597_1_R9_TEST6,TEST6,9,150.0,0.08467349864858868,0.08467349864858868,357
manual,2026-08-08_165709_643597_1_R9_TEST6,TEST6,9,175.0,0.07170856385142527,0.07170856385142527,357
manual,2026-08-08_165709_643597_1_R9_TEST6,TEST6,9,200.0,0.05408219719688831,0.05408219719688831,357
manual,2026-08-08_165709_643597_1_R9_TEST6,TEST6,9,225.0,0.03099503134427716,0.03099503134427716,357
manual,2026-08-08_165709_643597_1_R9_TEST6,TEST6,9,250.0,0.008754241535902879,0.008754241535902879,357
manual,2026-08-08_165709_643597_1_R9_TEST6,TEST6,9,275.0,0.004394067715587784,0.004394067715587784,356
manual,2026-08-08_165709_643597_1_R9_TEST6,TEST6,9,300.0,0.01349669287750494,0.01349669287750494,356
manual,2026-08-08_165709_643597_1_R9_TEST6,TEST6,9,325.0,0.02965361090423559,0.02965361090423559,356
manual,2026-08-08_165709_643597_1_R9_TEST6,TEST6,9,350.0,0.04374244792645978,0.04374244792645978,356
manual,2026-08-08_165709_643597_1_R9_TEST6,TEST6,9,375.0,0.05140484955867616,0.05140484955867616,356
manual,2026-08-08_165709_643597_1_R9_TEST6,TEST6,9,400.0,0.04308332928512062,0.04308332928512062,355
manual,2026-08-08_165709_643597_1_R9_TEST6,TEST6,9,425.0,0.0190189724989477,0.0190189724989477,355
manual,2026-08-08_165709_643597_1_R9_TEST6,TEST6,9,450.0,-0.01859830461537365,0.01859830461537365,355
manual,2026-08-08_165709_643597_1_R9_TEST6,TEST6,9,475.0,-0.05964613340763702,0.05964613340763702,355
manual,2026-08-08_165709_643597_1_R9_TEST6,TEST6,9,500.0,-0.09099057493784511,0.09099057493784511,355
